budget,seed,mode,init_name,init_sigma,layout_index,draw_id,tolerance,gap_percent,gap_bin,numeric_valid,success,visited_count,worst_distance,initial_x,initial_y,initial_offset,optimal_nominal,optimal_sampled_start,path_length,path_length_ratio_sampled_start,completion_length_ratio_sampled_start,path_plus_connector_ratio_nominal,success_with_connector,order_evaluable,order_ambiguous,actual_order,order_class,order_excess_nominal_percent,order_excess_sampled_start_percent,success_nearopt_order,available_nearopt_center_orders,target_1_distance,target_2_distance,target_3_distance,target_4_distance
10000,0,single,gaussian_matched,0.050000000000000003,832,0,0.02,0.2861577904531642,<1%,True,False,2,0.029070044377330417,0.57309986855869888,0.061252348255071795,0.07396084183236741,1.1423357122764295,1.1564906030571103,1.1390289459768905,0.98490116821177709,,1.0618505355067909,False,False,False,,-1,,,False,2,0.021480481302017317,0.0094405032388614977,0.0044499049227749252,0.029070044377330417
10000,0,single,gaussian_matched,0.050000000000000003,832,0,0.050000000000000003,0.2861577904531642,<1%,True,True,4,0.029070044377330417,0.57309986855869888,0.061252348255071795,0.07396084183236741,1.1423357122764295,1.1564906030571103,1.1390289459768905,0.98490116821177709,0.93267950885416517,1.0618505355067909,True,True,False,4>1>2>3,18,0,0,True,2,0.021480481302017317,0.0094405032388614977,0.0044499049227749252,0.029070044377330417
10000,0,single,gaussian_matched,0.050000000000000003,832,1,0.02,0.2861577904531642,<1%,True,False,2,0.029409246209583833,0.53648406599157616,-0.023154886969276672,0.081747933055003483,1.1423357122764295,1.2225740717938065,1.200579952383082,0.98200999029984837,,1.1225490647426943,False,False,False,,-1,,,False,2,0.021547451447035466,0.029409246209583833,0.01631241420884785,0.0053139979671645429
10000,0,single,gaussian_matched,0.050000000000000003,832,1,0.050000000000000003,0.2861577904531642,<1%,True,True,4,0.029409246209583833,0.53648406599157616,-0.023154886969276672,0.081747933055003483,1.1423357122764295,1.2225740717938065,1.200579952383082,0.98200999029984837,0.93925895683618099,1.1225490647426943,True,True,False,4>1>2>3,18,0,0,True,2,0.021547451447035466,0.029409246209583833,0.01631241420884785,0.0053139979671645429
10000,0,single,gaussian_matched,0.050000000000000003,832,2,0.02,0.2861577904531642,<1%,True,False,2,0.022765779834048573,0.4485964553229575,0.032199914160052606,0.054398230313808929,1.1423357122764295,1.1506351877429308,1.1501722727426862,0.99959768742936439,,1.0544802986646062,False,False,False,,-1,,,False,2,0.0064553203906156089,0.021636808427783004,0.015439337954455483,0.022765779834048573
10000,0,single,gaussian_matched,0.050000000000000003,832,2,0.050000000000000003,0.2861577904531642,<1%,True,True,4,0.022765779834048573,0.4485964553229575,0.032199914160052606,0.054398230313808929,1.1423357122764295,1.1506351877429308,1.1501722727426862,0.99959768742936439,0.96295187946508454,1.0544802986646062,True,True,False,4>1>2>3,18,0,0,True,2,0.0064553203906156089,0.021636808427783004,0.015439337954455483,0.022765779834048573
10000,0,single,gaussian_matched,0.050000000000000003,832,3,0.02,0.2861577904531642,<1%,True,False,2,0.028307484803799462,0.57143542056288765,0.059911328028011093,0.072119718068469119,1.1423357122764295,1.1570038819108563,1.1402147760868004,0.98548915341897747,,1.0612768918336166,False,False,False,,-1,,,False,2,0.020454748998108167,0.0096967311064248794,0.0047651290285073544,0.028307484803799462
10000,0,single,gaussian_matched,0.050000000000000003,832,3,0.050000000000000003,0.2861577904531642,<1%,True,True,4,0.028307484803799462,0.57143542056288765,0.059911328028011093,0.072119718068469119,1.1423357122764295,1.1570038819108563,1.1402147760868004,0.98548915341897747,0.93369878633836778,1.0612768918336166,True,True,False,4>1>2>3,18,0,0,True,2,0.020454748998108167,0.0096967311064248794,0.0047651290285073544,0.028307484803799462
10000,0,single,gaussian_matched,0.050000000000000003,832,4,0.02,0.2861577904531642,<1%,True,True,4,0.012340853432729944,0.50345246239338637,0.13810565326913835,0.088173270522077005,1.1423357122764295,1.058908584578826,1.0804966058713883,1.0203870490871021,1.0032258509798355,1.0230529115338236,True,True,False,4>1>2>3,18,0,0,True,2,0.004286842189288269,0.0041664831965371133,0.0033067792319006798,0.012340853432729944
10000,0,single,gaussian_matched,0.050000000000000003,832,4,0.050000000000000003,0.2861577904531642,<1%,True,True,4,0.012340853432729944,0.50345246239338637,0.13810565326913835,0.088173270522077005,1.1423357122764295,1.058908584578826,1.0804966058713883,1.0203870490871021,0.97479972545180282,1.0230529115338236,True,True,False,4>1>2>3,18,0,0,True,2,0.004286842189288269,0.0041664831965371133,0.0033067792319006798,0.012340853432729944
10000,0,single,gaussian_matched,0.050000000000000003,832,5,0.02,0.2861577904531642,<1%,True,True,4,0.014733373921961085,0.48556206613700781,0.051719437579377699,0.014539958728329075,1.1423357122764295,1.1373351550804018,1.1405106860976346,1.002792080243935,0.99009461719120184,1.0111306443568993,True,True,False,4>1>2>3,18,0,0,True,2,0.0026616370660068897,0.014733373921961085,0.011409525654713863,0.0057811658605784926
10000,0,single,gaussian_matched,0.050000000000000003,832,5,0.050000000000000003,0.2861577904531642,<1%,True,True,4,0.014733373921961085,0.48556206613700781,0.051719437579377699,0.014539958728329075,1.1423357122764295,1.1373351550804018,1.1405106860976346,1.002792080243935,0.96194423540028207,1.0111306443568993,True,True,False,4>1>2>3,18,0,0,True,2,0.0026616370660068897,0.014733373921961085,0.011409525654713863,0.0057811658605784926
10000,0,single,gaussian_matched,0.050000000000000003,832,6,0.02,0.2861577904531642,<1%,True,True,4,0.018047235296164744,0.52224010845717228,0.025340241981586575,0.033207319821290777,1.1423357122764295,1.1720304946102675,1.1640565256138815,0.99319644921095884,0.97726856195084832,1.048084054948508,True,True,False,4>1>2>3,18,0,0,True,2,0.0097933628956331162,0.018047235296164744,0.011826662232641458,0.0053521707163274104
10000,0,single,gaussian_matched,0.050000000000000003,832,6,0.050000000000000003,0.2861577904531642,<1%,True,True,4,0.018047235296164744,0.52224010845717228,0.025340241981586575,0.033207319821290777,1.1423357122764295,1.1720304946102675,1.1640565256138815,0.99319644921095884,0.94972990269613788,1.048084054948508,True,True,False,4>1>2>3,18,0,0,True,2,0.0097933628956331162,0.018047235296164744,0.011826662232641458,0.0053521707163274104
10000,0,single,gaussian_matched,0.050000000000000003,832,7,0.02,0.2861577904531642,<1%,True,True,4,0.015463486809488879,0.52143802322042565,0.10619841766684561,0.060148574279501703,1.1423357122764295,1.0950217888855678,1.105483408132462,1.0095538000732764,0.99081640420293959,1.0203935409575087,True,True,False,4>1>2>3,18,0,0,True,2,0.0037780234299243493,0.0005165947423166476,0.0041565558590398082,0.015463486809488879
10000,0,single,gaussian_matched,0.050000000000000003,832,7,0.050000000000000003,0.2861577904531642,<1%,True,True,4,0.015463486809488879,0.52143802322042565,0.10619841766684561,0.060148574279501703,1.1423357122764295,1.0950217888855678,1.105483408132462,1.0095538000732764,0.96321760553614433,1.0203935409575087,True,True,False,4>1>2>3,18,0,0,True,2,0.0037780234299243493,0.0005165947423166476,0.0041565558590398082,0.015463486809488879
10000,0,single,gaussian_matched,0.050000000000000003,832,8,0.02,0.2861577904531642,<1%,True,True,4,0.017659286343470842,0.47800894109499403,0.040463525701185221,0.023969793779158741,1.1423357122764295,1.1468503752125738,1.1478093999212282,1.0008362247851876,0.98962690644489582,1.0257748060465368,True,True,False,4>1>2>3,18,0,0,True,2,0.0049583544399987786,0.017659286343470842,0.012833075182784759,0.010176487766489278
10000,0,single,gaussian_matched,0.050000000000000003,832,8,0.050000000000000003,0.2861577904531642,<1%,True,True,4,0.017659286343470842,0.47800894109499403,0.040463525701185221,0.023969793779158741,1.1423357122764295,1.1468503752125738,1.1478093999212282,1.0008362247851876,0.96116021913083993,1.0257748060465368,True,True,False,4>1>2>3,18,0,0,True,2,0.0049583544399987786,0.017659286343470842,0.012833075182784759,0.010176487766489278
10000,0,single,gaussian_matched,0.050000000000000003,832,9,0.02,0.2861577904531642,<1%,True,True,4,0.0097647442487906085,0.50040460616011939,0.069928369348127642,0.019932476289217047,1.1423357122764295,1.1231693933509601,1.1290999169670308,1.0052801684689583,0.99005099468622071,1.0058622705285762,True,True,False,4>1>2>3,18,0,0,True,2,0.0009269626725982265,0.0097647442487906085,0.0088737909204812931,0.0020821814229904697
10000,0,single,gaussian_matched,0.050000000000000003,832,9,0.050000000000000003,0.2861577904531642,<1%,True,True,4,0.0097647442487906085,0.50040460616011939,0.069928369348127642,0.019932476289217047,1.1423357122764295,1.1231693933509601,1.1290999169670308,1.0052801684689583,0.96230589870334327,1.0058622705285762,True,True,False,4>1>2>3,18,0,0,True,2,0.0009269626725982265,0.0097647442487906085,0.0088737909204812931,0.0020821814229904697
10000,0,single,gaussian_matched,0.050000000000000003,832,10,0.02,0.2861577904531642,<1%,True,True,4,0.018732590151704264,0.51669092647145076,0.023431723510456217,0.031376111009814793,1.1423357122764295,1.1723248323146662,1.1649265067099672,0.99368918460074618,0.9786103439514684,1.047242596780773,True,True,False,4>1>2>3,18,0,0,True,2,0.0098553840740289271,0.018732590151704264,0.012289566329179725,0.0028501409041360635
10000,0,single,gaussian_matched,0.050000000000000003,832,10,0.050000000000000003,0.2861577904531642,<1%,True,True,4,0.018732590151704264,0.51669092647145076,0.023431723510456217,0.031376111009814793,1.1423357122764295,1.1723248323146662,1.1649265067099672,0.99368918460074618,0.95088668870863313,1.047242596780773,True,True,False,4>1>2>3,18,0,0,True,2,0.0098553840740289271,0.018732590151704264,0.012289566329179725,0.0028501409041360635
10000,0,single,gaussian_matched,0.050000000000000003,832,11,0.02,0.2861577904531642,<1%,True,True,4,0.010955722245439272,0.48301737514454057,0.071470428633543276,0.027374967629009959,1.1423357122764295,1.1174991415901581,1.1257267962297144,1.007362560142864,0.99413552673118599,1.0094245951226024,True,True,False,4>1>2>3,18,0,0,True,2,0.0016817427250555952,0.010955722245439272,0.010053399414370031,0.004235112696459699
10000,0,single,gaussian_matched,0.050000000000000003,832,11,0.050000000000000003,0.2861577904531642,<1%,True,True,4,0.010955722245439272,0.48301737514454057,0.071470428633543276,0.027374967629009959,1.1423357122764295,1.1174991415901581,1.1257267962297144,1.007362560142864,0.96600437719493293,1.0094245951226024,True,True,False,4>1>2>3,18,0,0,True,2,0.0016817427250555952,0.010955722245439272,0.010053399414370031,0.004235112696459699
10000,0,single,gaussian_matched,0.050000000000000003,832,12,0.02,0.2861577904531642,<1%,True,True,4,0.014587932458821021,0.53702428413465042,0.056613960645804207,0.037610398709766076,1.1423357122764295,1.1469410204020261,1.1425231890102938,0.99614816166381104,0.97673883094440817,1.0330882375797454,True,True,False,4>1>2>3,18,0,0,True,2,0.0062440465267084907,0.010330485957566755,0.0078146057032801447,0.014587932458821021
10000,0,single,gaussian_matched,0.050000000000000003,832,12,0.050000000000000003,0.2861577904531642,<1%,True,True,4,0.014587932458821021,0.53702428413465042,0.056613960645804207,0.037610398709766076,1.1423357122764295,1.1469410204020261,1.1425231890102938,0.99614816166381104,0.94981863295001623,1.0330882375797454,True,True,False,4>1>2>3,18,0,0,True,2,0.0062440465267084907,0.010330485957566755,0.0078146057032801447,0.014587932458821021
10000,0,single,gaussian_matched,0.050000000000000003,832,13,0.02,0.2861577904531642,<1%,True,True,4,0.0072978472163219583,0.49545087347219685,0.094295211081019126,0.044528196425164153,1.1423357122764295,1.0983601095710347,1.1108004680663004,1.01132630217254,0.99593070497130387,1.0113740226059666,True,True,False,4>1>2>3,18,0,0,True,2,0.0033701518584189666,0.0052861521041111274,0.0072978472163219583,0.0038156872185154136
10000,0,single,gaussian_matched,0.050000000000000003,832,13,0.050000000000000003,0.2861577904531642,<1%,True,True,4,0.0072978472163219583,0.49545087347219685,0.094295211081019126,0.044528196425164153,1.1423357122764295,1.0983601095710347,1.1108004680663004,1.01132630217254,0.96796790424123713,1.0113740226059666,True,True,False,4>1>2>3,18,0,0,True,2,0.0033701518584189666,0.0052861521041111274,0.0072978472163219583,0.0038156872185154136
10000,0,single,gaussian_matched,0.050000000000000003,832,14,0.02,0.2861577904531642,<1%,True,False,3,0.024025097761887309,0.51789485284185122,0.00062254768672536515,0.05252007763875851,1.1423357122764295,1.1946382845335091,1.1818109349316779,0.98926256611067831,,1.0805326309116958,False,False,False,,-1,,,False,2,0.014894463582280996,0.024025097761887309,0.014539542497691493,0.00038189635559120818
10000,0,single,gaussian_matched,0.050000000000000003,832,14,0.050000000000000003,0.2861577904531642,<1%,True,True,4,0.024025097761887309,0.51789485284185122,0.00062254768672536515,0.05252007763875851,1.1423357122764295,1.1946382845335091,1.1818109349316779,0.98926256611067831,0.94735427539596484,1.0805326309116958,True,True,False,4>1>2>3,18,0,0,True,2,0.014894463582280996,0.024025097761887309,0.014539542497691493,0.00038189635559120818
10000,0,single,gaussian_matched,0.050000000000000003,832,15,0.02,0.2861577904531642,<1%,True,False,2,0.038173856094210777,0.41553408085423282,0.015897134202881809,0.091090597498948989,1.1423357122764295,1.1646850257509951,1.1584542456044649,0.99465024447917794,,1.093850809070251,False,False,False,,-1,,,False,2,0.009863461627901797,0.027308379555005691,0.018821293006011885,0.038173856094210777
10000,0,single,gaussian_matched,0.050000000000000003,832,15,0.050000000000000003,0.2861577904531642,<1%,True,True,4,0.038173856094210777,0.41553408085423282,0.015897134202881809,0.091090597498948989,1.1423357122764295,1.1646850257509951,1.1584542456044649,0.99465024447917794,0.96163628438512827,1.093850809070251,True,True,False,4>1>2>3,18,0,0,True,2,0.009863461627901797,0.027308379555005691,0.018821293006011885,0.038173856094210777
10000,0,single,gaussian_matched,0.050000000000000003,832,16,0.02,0.2861577904531642,<1%,True,False,3,0.021045897863925522,0.51414679406295871,0.01392905162540975,0.038745904285512799,1.1423357122764295,1.1808150598102525,1.1716536199521088,0.99224142698551299,,1.0595830203238201,False,False,False,,-1,,,False,2,0.011799510726637409,0.021045897863925522,0.013356514144322918,0.00060669137935674016
10000,0,single,gaussian_matched,0.050000000000000003,832,16,0.050000000000000003,0.2861577904531642,<1%,True,True,4,0.021045897863925522,0.51414679406295871,0.01392905162540975,0.038745904285512799,1.1423357122764295,1.1808150598102525,1.1716536199521088,0.99224142698551299,0.95011588542094771,1.0595830203238201,True,True,False,4>1>2>3,18,0,0,True,2,0.011799510726637409,0.021045897863925522,0.013356514144322918,0.00060669137935674016
10000,0,single,gaussian_matched,0.050000000000000003,832,17,0.02,0.2861577904531642,<1%,True,False,3,0.023118042368400454,0.52203778654374988,0.0038048791143613092,0.051182548093922163,1.1423357122764295,1.1926663405881437,1.1798417563807737,0.98924713159839339,,1.0776379406203882,False,False,False,,-1,,,False,2,0.014440124162514802,0.023118042368400454,0.014033940313628377,0.002594163327710901
10000,0,single,gaussian_matched,0.050000000000000003,832,17,0.050000000000000003,0.2861577904531642,<1%,True,True,4,0.023118042368400454,0.52203778654374988,0.0038048791143613092,0.051182548093922163,1.1423357122764295,1.1926663405881437,1.1798417563807737,0.98924713159839339,0.94674760835506822,1.0776379406203882,True,True,False,4>1>2>3,18,0,0,True,2,0.014440124162514802,0.023118042368400454,0.014033940313628377,0.002594163327710901
10000,0,single,gaussian_matched,0.050000000000000003,832,18,0.02,0.2861577904531642,<1%,True,True,4,0.015142744355562296,0.5218522859555883,0.10277815889374281,0.057123169184648402,1.1423357122764295,1.0983737224237728,1.1079733958802094,1.0087398972321124,0.99001655033425184,1.0199248369317551,True,True,False,4>1>2>3,18,0,0,True,2,0.0033800414563644036,0.0011856168164884183,0.004434812341379918,0.015142744355562296
10000,0,single,gaussian_matched,0.050000000000000003,832,18,0.050000000000000003,0.2861577904531642,<1%,True,True,4,0.015142744355562296,0.5218522859555883,0.10277815889374281,0.057123169184648402,1.1423357122764295,1.0983737224237728,1.1079733958802094,1.0087398972321124,0.96247135960755714,1.0199248369317551,True,True,False,4>1>2>3,18,0,0,True,2,0.0033800414563644036,0.0011856168164884183,0.004434812341379918,0.015142744355562296
10000,0,single,gaussian_matched,0.050000000000000003,832,19,0.02,0.2861577904531642,<1%,True,True,4,0.014174936143608912,0.47574476535062482,0.058489941168763618,0.025698161586878498,1.1423357122764295,1.1287214293132217,1.1342690187573585,1.0049149323296824,0.99305907797960558,1.0154345766120467,True,True,False,4>1>2>3,18,0,0,True,2,0.0010173485677210279,0.014174936143608912,0.01157763067122879,0.0087840321244041352
10000,0,single,gaussian_matched,0.050000000000000003,832,19,0.050000000000000003,0.2861577904531642,<1%,True,True,4,0.014174936143608912,0.47574476535062482,0.058489941168763618,0.025698161586878498,1.1423357122764295,1.1287214293132217,1.1342690187573585,1.0049149323296824,0.96472578500330852,1.0154345766120467,True,True,False,4>1>2>3,18,0,0,True,2,0.0010173485677210279,0.014174936143608912,0.01157763067122879,0.0087840321244041352
10000,0,single,gaussian_matched,0.050000000000000003,832,20,0.02,0.2861577904531642,<1%,True,True,4,0.010499233479554407,0.49539540401150184,0.068443469628970438,0.019009573276958326,1.1423357122764295,1.123326488458021,1.129546418267056,1.0055370632429161,0.99096369387304628,1.0054452287543294,True,True,False,4>1>2>3,18,0,0,True,2,0.00074309141108514854,0.010499233479554407,0.0093516401910167593,9.2146666898625487e-06
10000,0,single,gaussian_matched,0.050000000000000003,832,20,0.050000000000000003,0.2861577904531642,<1%,True,True,4,0.010499233479554407,0.49539540401150184,0.068443469628970438,0.019009573276958326,1.1423357122764295,1.123326488458021,1.129546418267056,1.0055370632429161,0.96310698749739376,1.0054452287543294,True,True,False,4>1>2>3,18,0,0,True,2,0.00074309141108514854,0.010499233479554407,0.0093516401910167593,9.2146666898625487e-06
10000,0,single,gaussian_matched,0.050000000000000003,832,21,0.02,0.2861577904531642,<1%,True,False,3,0.028479304345879516,0.49048381533567131,-0.012220195315255256,0.062943708785184543,1.1423357122764295,1.2009460063582009,1.1882641117591086,0.98944007929419786,,1.0953065785283951,False,False,False,,-1,,,False,2,0.016666897152081365,0.028479304345879516,0.016978587991024766,0.013091864655252521
10000,0,single,gaussian_matched,0.050000000000000003,832,21,0.050000000000000003,0.2861577904531642,<1%,True,True,4,0.028479304345879516,0.49048381533567131,-0.012220195315255256,0.062943708785184543,1.1423357122764295,1.2009460063582009,1.1882641117591086,0.98944007929419786,0.9510758775394117,1.0953065785283951,True,True,False,4>1>2>3,18,0,0,True,2,0.016666897152081365,0.028479304345879516,0.016978587991024766,0.013091864655252521
10000,0,single,gaussian_matched,0.050000000000000003,832,22,0.02,0.2861577904531642,<1%,True,True,4,0.011315757672013493,0.47923515128866284,0.071264201162236168,0.029721123684557527,1.1423357122764295,1.1168974954699771,1.1253779089178384,1.0075928305706272,0.99480951310653654,1.0111730029874773,True,True,False,4>1>2>3,18,0,0,True,2,0.0017029815026085389,0.011315757672013493,0.010368365018169684,0.0056929580727032884
10000,0,single,gaussian_matched,0.050000000000000003,832,22,0.050000000000000003,0.2861577904531642,<1%,True,True,4,0.011315757672013493,0.47923515128866284,0.071264201162236168,0.029721123684557527,1.1423357122764295,1.1168974954699771,1.1253779089178384,1.0075928305706272,0.96659584230967666,1.0111730029874773,True,True,False,4>1>2>3,18,0,0,True,2,0.0017029815026085389,0.011315757672013493,0.010368365018169684,0.0056929580727032884
10000,0,single,gaussian_matched,0.050000000000000003,832,23,0.02,0.2861577904531642,<1%,True,False,3,0.022753823970969027,0.52809331798176995,0.14033963494009266,0.094606998453254224,1.1423357122764295,1.0658631199861512,1.0819764798957954,1.0151176634292904,,1.0299804739574951,False,False,False,,-1,,,False,2,0.010431061845174434,0.0070476276625803351,0.00046125051896845444,0.022753823970969027
10000,0,single,gaussian_matched,0.050000000000000003,832,23,0.050000000000000003,0.2861577904531642,<1%,True,True,4,0.022753823970969027,0.52809331798176995,0.14033963494009266,0.094606998453254224,1.1423357122764295,1.0658631199861512,1.0819764798957954,1.0151176634292904,0.96706485827280142,1.0299804739574951,True,True,False,4>1>2>3,18,0,0,True,2,0.010431061845174434,0.0070476276625803351,0.00046125051896845444,0.022753823970969027
10000,0,single,gaussian_matched,0.050000000000000003,832,24,0.02,0.2861577904531642,<1%,True,False,2,0.028861045454520458,0.45363803178856882,-0.0028969363765990255,0.070338595198281589,1.1423357122764295,1.1860755535671563,1.1766656249529728,0.99206633288589174,,1.0916267492559109,False,False,False,,-1,,,False,2,0.013998217560144998,0.028861045454520458,0.018063987827392665,0.026392022131825153
10000,0,single,gaussian_matched,0.050000000000000003,832,24,0.050000000000000003,0.2861577904531642,<1%,True,True,4,0.028861045454520458,0.45363803178856882,-0.0028969363765990255,0.070338595198281589,1.1423357122764295,1.1860755535671563,1.1766656249529728,0.99206633288589174,0.95685661792605181,1.0916267492559109,True,True,False,4>1>2>3,18,0,0,True,2,0.013998217560144998,0.028861045454520458,0.018063987827392665,0.026392022131825153
10000,0,single,gaussian_matched,0.050000000000000003,832,25,0.02,0.2861577904531642,<1%,True,True,4,0.014196380117956372,0.51685519901447485,0.11002182878477494,0.062343545491786008,1.1423357122764295,1.0898572514068101,1.1022231071887674,1.0113463077536027,0.99308658090890312,1.0194609519471491,True,True,False,4>1>2>3,18,0,0,True,2,0.0032909675175020565,0.00013731320092516427,0.0041829696018036572,0.014196380117956372
10000,0,single,gaussian_matched,0.050000000000000003,832,25,0.050000000000000003,0.2861577904531642,<1%,True,True,4,0.014196380117956372,0.51685519901447485,0.11002182878477494,0.062343545491786008,1.1423357122764295,1.0898572514068101,1.1022231071887674,1.0113463077536027,0.96535372138338482,1.0194609519471491,True,True,False,4>1>2>3,18,0,0,True,2,0.0032909675175020565,0.00013731320092516427,0.0041829696018036572,0.014196380117956372
10000,0,single,gaussian_matched,0.050000000000000003,832,26,0.02,0.2861577904531642,<1%,True,True,4,0.015938951055585016,0.51407659522640314,0.036324464645030474,0.019625768785273542,1.1423357122764295,1.1592067609782568,1.1552092980131481,0.99655155309676136,0.98107761311221808,1.0284499155307225,True,True,False,4>1>2>3,18,0,0,True,2,0.0069182084063369384,0.015938951055585016,0.011158339378850095,0.003330612488652004
10000,0,single,gaussian_matched,0.050000000000000003,832,26,0.050000000000000003,0.2861577904531642,<1%,True,True,4,0.015938951055585016,0.51407659522640314,0.036324464645030474,0.019625768785273542,1.1423357122764295,1.1592067609782568,1.1552092980131481,0.99655155309676136,0.95348809763815046,1.0284499155307225,True,True,False,4>1>2>3,18,0,0,True,2,0.0069182084063369384,0.015938951055585016,0.011158339378850095,0.003330612488652004
10000,0,single,gaussian_matched,0.050000000000000003,832,27,0.02,0.2861577904531642,<1%,True,True,4,0.014785305258753758,0.52200668824269203,0.099913426537550171,0.054549468156256636,1.1423357122764295,1.1011165604146049,1.1100391628240338,1.0081032315108123,0.98941792823280295,1.0194801917376073,True,True,False,4>1>2>3,18,0,0,True,2,0.0030080101489831008,0.0017643779807325621,0.0046847135291836813,0.014785305258753758
10000,0,single,gaussian_matched,0.050000000000000003,832,27,0.050000000000000003,0.2861577904531642,<1%,True,True,4,0.014785305258753758,0.52200668824269203,0.099913426537550171,0.054549468156256636,1.1423357122764295,1.1011165604146049,1.1100391628240338,1.0081032315108123,0.96191195489116077,1.0194801917376073,True,True,False,4>1>2>3,18,0,0,True,2,0.0030080101489831008,0.0017643779807325621,0.0046847135291836813,0.014785305258753758
10000,0,single,gaussian_matched,0.050000000000000003,832,28,0.02,0.2861577904531642,<1%,True,False,2,0.025363220779285173,0.55712755464255048,-0.0063417356148831941,0.080236828648289613,1.1423357122764295,1.212985421885,1.1884848736800318,0.97980144875369235,,1.1106382201778773,False,False,False,,-1,,,False,2,0.021896521062197277,0.025363220779285173,0.013665696895941139,0.017217719552811154
10000,0,single,gaussian_matched,0.050000000000000003,832,28,0.050000000000000003,0.2861577904531642,<1%,True,True,4,0.025363220779285173,0.55712755464255048,-0.0063417356148831941,0.080236828648289613,1.1423357122764295,1.212985421885,1.1884848736800318,0.97980144875369235,0.93359969586119729,1.1106382201778773,True,True,False,4>1>2>3,18,0,0,True,2,0.021896521062197277,0.025363220779285173,0.013665696895941139,0.017217719552811154
10000,0,single,gaussian_matched,0.050000000000000003,832,29,0.02,0.2861577904531642,<1%,True,False,0,0.039713733367984692,0.47093066506509146,-0.05217576853169828,0.10623047542302105,1.1423357122764295,1.2371349386898696,1.2149449624737532,0.98206341481260273,,1.1565561889542573,False,False,False,,-1,,,False,2,0.024877807271821217,0.039713733367984692,0.021951732721567183,0.027865111984379222
10000,0,single,gaussian_matched,0.050000000000000003,832,29,0.050000000000000003,0.2861577904531642,<1%,True,True,4,0.039713733367984692,0.47093066506509146,-0.05217576853169828,0.10623047542302105,1.1423357122764295,1.2371349386898696,1.2149449624737532,0.98206341481260273,0.94874355522288589,1.1565561889542573,True,True,False,4>1>2>3,18,0,0,True,2,0.024877807271821217,0.039713733367984692,0.021951732721567183,0.027865111984379222
10000,0,single,gaussian_matched,0.050000000000000003,832,30,0.02,0.2861577904531642,<1%,True,False,2,0.024152491035214104,0.45900487436110654,0.016611308250573074,0.052871590319252836,1.1423357122764295,1.1673689042243622,1.1629688622723777,0.99623080421616328,,1.0643460057540546,False,False,False,,-1,,,False,2,0.0098640867866468581,0.024152491035214104,0.016021703571769488,0.021116351620536548
10000,0,single,gaussian_matched,0.050000000000000003,832,30,0.050000000000000003,0.2861577904531642,<1%,True,True,4,0.024152491035214104,0.45900487436110654,0.016611308250573074,0.052871590319252836,1.1423357122764295,1.1673689042243622,1.1629688622723777,0.99623080421616328,0.95942053974214347,1.0643460057540546,True,True,False,4>1>2>3,18,0,0,True,2,0.0098640867866468581,0.024152491035214104,0.016021703571769488,0.021116351620536548
10000,0,single,gaussian_matched,0.050000000000000003,832,31,0.02,0.2861577904531642,<1%,True,False,1,0.046254148154369054,0.40185735623107249,-0.0011720293283274813,0.11068222581577321,1.1423357122764295,1.1816525833872422,1.1695489644164634,0.9897570409941614,,1.1207136190122351,False,False,False,,-1,,,False,2,0.01342991578653285,0.032003478130949684,0.021138595346334305,0.046254148154369054
10000,0,single,gaussian_matched,0.050000000000000003,832,31,0.050000000000000003,0.2861577904531642,<1%,True,True,4,0.046254148154369054,0.40185735623107249,-0.0011720293283274813,0.11068222581577321,1.1423357122764295,1.1816525833872422,1.1695489644164634,0.9897570409941614,0.95904719596084875,1.1207136190122351,True,True,False,4>1>2>3,18,0,0,True,2,0.01342991578653285,0.032003478130949684,0.021138595346334305,0.046254148154369054
10000,0,single,gaussian_matched,0.050000000000000003,833,0,0.02,9.5852951765168868,5-<10%,True,False,3,0.032936093370312905,0.48233762852395112,-0.062942357929122866,0.1143150715380437,1.7327295583199125,1.805085242455021,1.7748879191019458,0.98327097100854632,,1.090304589985639,False,False,False,,-1,,,False,1,0.012738610951093483,0.019844557531500488,0.032936093370312905,0.014385588083172108
10000,0,single,gaussian_matched,0.050000000000000003,833,0,0.050000000000000003,9.5852951765168868,5-<10%,True,True,4,0.032936093370312905,0.48233762852395112,-0.062942357929122866,0.1143150715380437,1.7327295583199125,1.805085242455021,1.7748879191019458,0.98327097100854632,0.96551651791380411,1.090304589985639,True,True,False,1>3>4>2,3,0,0,True,1,0.012738610951093483,0.019844557531500488,0.032936093370312905,0.014385588083172108
10000,0,single,gaussian_matched,0.050000000000000003,833,1,0.02,9.5852951765168868,5-<10%,True,False,3,0.021558375601213223,0.52752403655473046,0.057246096780507634,0.02846187813231273,1.7327295583199125,1.7047374529805197,1.7042715301689628,0.99972668940267473,,1.0000022219170583,False,False,False,,-1,,,False,1,0.007262050876009239,0.007126376660373134,0.010197989859591357,0.021558375601213223
10000,0,single,gaussian_matched,0.050000000000000003,833,1,0.050000000000000003,9.5852951765168868,5-<10%,True,True,4,0.021558375601213223,0.52752403655473046,0.057246096780507634,0.02846187813231273,1.7327295583199125,1.7047374529805197,1.7042715301689628,0.99972668940267473,0.97453841196494684,1.0000022219170583,True,True,False,1>3>4>2,3,0,0,True,1,0.007262050876009239,0.007126376660373134,0.010197989859591357,0.021558375601213223
10000,0,single,gaussian_matched,0.050000000000000003,833,2,0.02,9.5852951765168868,5-<10%,True,True,4,0.013286793685307902,0.51711511963229306,0.0017520591340368305,0.051193662867909565,1.7327295583199125,1.7403694276801887,1.7312126019950829,0.99473857358129347,0.99079414089566398,1.0286696249305329,True,True,False,1>3>4>2,3,0,0,True,1,0.0089017486014763437,0.013286793685307902,0.0082289746321970534,0.0056009211809706951
10000,0,single,gaussian_matched,0.050000000000000003,833,2,0.050000000000000003,9.5852951765168868,5-<10%,True,True,4,0.013286793685307902,0.51711511963229306,0.0017520591340368305,0.051193662867909565,1.7327295583199125,1.7403694276801887,1.7312126019950829,0.99473857358129347,0.97345945501396414,1.0286696249305329,True,True,False,1>3>4>2,3,0,0,True,1,0.0089017486014763437,0.013286793685307902,0.0082289746321970534,0.0056009211809706951
10000,0,single,gaussian_matched,0.050000000000000003,833,3,0.02,9.5852951765168868,5-<10%,True,False,2,0.032722459872335921,0.46673277438325544,0.07267114631749623,0.040257784037186002,1.7327295583199125,1.754691898783884,1.7123496084873611,0.97586910253254777,,1.0114719773257106,False,False,False,,-1,,,False,1,0.032722459872335921,0.0019283768754805608,0.0088107881286664698,0.022645119067935326
10000,0,single,gaussian_matched,0.050000000000000003,833,3,0.050000000000000003,9.5852951765168868,5-<10%,True,True,4,0.032722459872335921,0.46673277438325544,0.07267114631749623,0.040257784037186002,1.7327295583199125,1.754691898783884,1.7123496084873611,0.97586910253254777,0.94832547479040519,1.0114719773257106,True,True,False,1>3>4>2,3,0,0,True,1,0.032722459872335921,0.0019283768754805608,0.0088107881286664698,0.022645119067935326
10000,0,single,gaussian_matched,0.050000000000000003,833,4,0.02,9.5852951765168868,5-<10%,True,True,4,0.016943006520509278,0.48034040535855382,0.046812842575617283,0.019916265561439401,1.7327295583199125,1.7519411664386944,1.7222497092309925,0.98305225210955116,0.97481301769605089,1.0054459834353313,True,True,False,1>3>4>2,3,0,0,True,1,0.016943006520509278,0.0060563245053427547,0.0057002084565825261,0.013661529525142687
10000,0,single,gaussian_matched,0.050000000000000003,833,4,0.050000000000000003,9.5852951765168868,5-<10%,True,True,4,0.016943006520509278,0.48034040535855382,0.046812842575617283,0.019916265561439401,1.7327295583199125,1.7519411664386944,1.7222497092309925,0.98305225210955116,0.95762507427158072,1.0054459834353313,True,True,False,1>3>4>2,3,0,0,True,1,0.016943006520509278,0.0060563245053427547,0.0057002084565825261,0.013661529525142687
10000,0,single,gaussian_matched,0.050000000000000003,833,5,0.02,9.5852951765168868,5-<10%,True,False,2,0.031824244063178048,0.44599096022878698,0.029947041786666739,0.057611609160950886,1.7327295583199125,1.7901866159493252,1.7393402022754723,0.97159714343697667,,1.0370642105157954,False,False,False,,-1,,,False,1,0.031824244063178048,0.0082081781423839675,0.020858307839629206,0.006741991569866301
10000,0,single,gaussian_matched,0.050000000000000003,833,5,0.050000000000000003,9.5852951765168868,5-<10%,True,True,4,0.031824244063178048,0.44599096022878698,0.029947041786666739,0.057611609160950886,1.7327295583199125,1.7901866159493252,1.7393402022754723,0.97159714343697667,0.94680780930518527,1.0370642105157954,True,True,False,1>3>4>2,3,0,0,True,1,0.031824244063178048,0.0082081781423839675,0.020858307839629206,0.006741991569866301
10000,0,single,gaussian_matched,0.050000000000000003,833,6,0.02,9.5852951765168868,5-<10%,True,False,2,0.050592448698705807,0.41618156488551061,-0.039700656127259287,0.12276700605090395,1.7327295583199125,1.8483929679820783,1.7861883907391711,0.96634667069155922,,1.1017041797573042,False,False,False,,-1,,,False,1,0.050592448698705807,0.017933096214609326,0.043225259274152029,0.013333809091715236
10000,0,single,gaussian_matched,0.050000000000000003,833,6,0.050000000000000003,9.5852951765168868,5-<10%,True,False,3,0.050592448698705807,0.41618156488551061,-0.039700656127259287,0.12276700605090395,1.7327295583199125,1.8483929679820783,1.7861883907391711,0.96634667069155922,,1.1017041797573042,False,False,False,,-1,,,False,1,0.050592448698705807,0.017933096214609326,0.043225259274152029,0.013333809091715236
10000,0,single,gaussian_matched,0.050000000000000003,833,7,0.02,9.5852951765168868,5-<10%,True,False,2,0.028993582963677846,0.59536714525675982,0.02274243593129124,0.099186023175564866,1.7327295583199125,1.6633296362881507,1.6986870337771882,1.0212569996455665,,1.0375958835122574,False,False,False,,-1,,,False,1,0.028993582963677846,0.015849821272821037,0.014236871944281838,0.023742616207416876
10000,0,single,gaussian_matched,0.050000000000000003,833,7,0.050000000000000003,9.5852951765168868,5-<10%,True,True,4,0.028993582963677846,0.59536714525675982,0.02274243593129124,0.099186023175564866,1.7327295583199125,1.6633296362881507,1.6986870337771882,1.0212569996455665,1.0005721936935916,1.0375958835122574,True,True,False,1>3>4>2,3,0,0,True,1,0.028993582963677846,0.015849821272821037,0.014236871944281838,0.023742616207416876
10000,0,single,gaussian_matched,0.050000000000000003,833,8,0.02,9.5852951765168868,5-<10%,True,True,4,0.013630992350735749,0.49817921236674345,-0.0069109240159923938,0.056940043378623101,1.7327295583199125,1.761053579359062,1.7416198912649834,0.98896473774457705,0.98512954188867163,1.0379922971865987,True,True,False,1>3>4>2,3,0,0,True,1,0.0021614569290942147,0.013630992350735749,0.011012803365455548,0.00016651394540042314
10000,0,single,gaussian_matched,0.050000000000000003,833,8,0.050000000000000003,9.5852951765168868,5-<10%,True,True,4,0.013630992350735749,0.49817921236674345,-0.0069109240159923938,0.056940043378623101,1.7327295583199125,1.761053579359062,1.7416198912649834,0.98896473774457705,0.96783783089291364,1.0379922971865987,True,True,False,1>3>4>2,3,0,0,True,1,0.0021614569290942147,0.013630992350735749,0.011012803365455548,0.00016651394540042314
10000,0,single,gaussian_matched,0.050000000000000003,833,9,0.02,9.5852951765168868,5-<10%,True,True,4,0.011090586041063572,0.50324747734574249,0.014784704928451319,0.03536471569357446,1.7327295583199125,1.7457980711352623,1.7300824594544519,0.99099803583206458,0.98573391728627324,1.0188821254136378,True,True,False,1>3>4>2,3,0,0,True,1,0.0018557221173716284,0.011090586041063572,0.0024660878006544477,0.0060546939153077236
10000,0,single,gaussian_matched,0.050000000000000003,833,9,0.050000000000000003,9.5852951765168868,5-<10%,True,True,4,0.011090586041063572,0.50324747734574249,0.014784704928451319,0.03536471569357446,1.7327295583199125,1.7457980711352623,1.7300824594544519,0.99099803583206458,0.96843892710789292,1.0188821254136378,True,True,False,1>3>4>2,3,0,0,True,1,0.0018557221173716284,0.011090586041063572,0.0024660878006544477,0.0060546939153077236
10000,0,single,gaussian_matched,0.050000000000000003,833,10,0.02,9.5852951765168868,5-<10%,True,False,3,0.02310997904583411,0.46256075031205118,0.036001685107538366,0.039970617170930561,1.7327295583199125,1.7725954447619718,1.732185965202933,0.97720321369523488,,1.0227542860711514,False,False,False,,-1,,,False,1,0.02310997904583411,0.0073325305395379667,0.01364227198719273,0.0090136982234142252
10000,0,single,gaussian_matched,0.050000000000000003,833,10,0.050000000000000003,9.5852951765168868,5-<10%,True,True,4,0.02310997904583411,0.46256075031205118,0.036001685107538366,0.039970617170930561,1.7327295583199125,1.7725954447619718,1.732185965202933,0.97720321369523488,0.95224957052558545,1.0227542860711514,True,True,False,1>3>4>2,3,0,0,True,1,0.02310997904583411,0.0073325305395379667,0.01364227198719273,0.0090136982234142252
10000,0,single,gaussian_matched,0.050000000000000003,833,11,0.02,9.5852951765168868,5-<10%,True,False,2,0.055793649309672455,0.45332053954134022,0.11371339656710105,0.078983345908034727,1.7327295583199125,1.7548617453067132,1.694542143148837,0.96562714850944931,,1.0235443151189247,False,False,False,,-1,,,False,1,0.055793649309672455,0.002746598052236488,0.010836464345379691,0.038811426734247589
10000,0,single,gaussian_matched,0.050000000000000003,833,11,0.050000000000000003,9.5852951765168868,5-<10%,True,False,3,0.055793649309672455,0.45332053954134022,0.11371339656710105,0.078983345908034727,1.7327295583199125,1.7548617453067132,1.694542143148837,0.96562714850944931,,1.0235443151189247,False,False,False,,-1,,,False,1,0.055793649309672455,0.002746598052236488,0.010836464345379691,0.038811426734247589
10000,0,single,gaussian_matched,0.050000000000000003,833,12,0.02,9.5852951765168868,5-<10%,True,False,2,0.065652389127883501,0.3918749592244013,-0.040761316185675162,0.14116883848243911,1.7327295583199125,1.8701577074155518,1.7918300019220854,0.95811705869356301,,1.115580230696126,False,False,False,,-1,,,False,1,0.065652389127883501,0.018927181763076874,0.053640424227479486,0.013026528148685657
10000,0,single,gaussian_matched,0.050000000000000003,833,12,0.050000000000000003,9.5852951765168868,5-<10%,True,False,2,0.065652389127883501,0.3918749592244013,-0.040761316185675162,0.14116883848243911,1.7327295583199125,1.8701577074155518,1.7918300019220854,0.95811705869356301,,1.115580230696126,False,False,False,,-1,,,False,1,0.065652389127883501,0.018927181763076874,0.053640424227479486,0.013026528148685657
10000,0,single,gaussian_matched,0.050000000000000003,833,13,0.02,9.5852951765168868,5-<10%,True,True,4,0.017024908532427187,0.51505107660062055,0.047215334631317683,0.015306510642641127,1.7327295583199125,1.7203311518187436,1.7122527906389351,0.99530418247017849,0.98802624357999225,0.99701612002085915,True,True,False,1>3>4>2,3,0,0,True,1,0.0059357788475241108,0.0074920525353338067,0.0076371031365503415,0.017024908532427187
10000,0,single,gaussian_matched,0.050000000000000003,833,13,0.050000000000000003,9.5852951765168868,5-<10%,True,True,4,0.017024908532427187,0.51505107660062055,0.047215334631317683,0.015306510642641127,1.7327295583199125,1.7203311518187436,1.7122527906389351,0.99530418247017849,0.97058572006511445,0.99701612002085915,True,True,False,1>3>4>2,3,0,0,True,1,0.0059357788475241108,0.0074920525353338067,0.0076371031365503415,0.017024908532427187
10000,0,single,gaussian_matched,0.050000000000000003,833,14,0.02,9.5852951765168868,5-<10%,True,False,3,0.020011129907230373,0.51610430924439099,0.056519078273370757,0.017373749099526898,1.7327295583199125,1.715377322726513,1.7079658041310275,0.99567936540999313,,0.99573504990789008,False,False,False,,-1,,,False,1,0.010088948826705824,0.0064046095864243582,0.0088398714987755877,0.020011129907230373
10000,0,single,gaussian_matched,0.050000000000000003,833,14,0.050000000000000003,9.5852951765168868,5-<10%,True,True,4,0.020011129907230373,0.51610430924439099,0.056519078273370757,0.017373749099526898,1.7327295583199125,1.715377322726513,1.7079658041310275,0.99567936540999313,0.97026298820568357,0.99573504990789008,True,True,False,1>3>4>2,3,0,0,True,1,0.010088948826705824,0.0064046095864243582,0.0088398714987755877,0.020011129907230373
10000,0,single,gaussian_matched,0.050000000000000003,833,15,0.02,9.5852951765168868,5-<10%,True,True,4,0.019800402938120961,0.51406528613065816,0.056582816073869092,0.015529511949822316,1.7327295583199125,1.7172001964089882,1.7085301185995359,0.99495103842430066,0.98695192443564117,0.99499637567275012,True,True,False,1>3>4>2,3,0,0,True,1,0.010686130166026453,0.0062642206620329641,0.0080732087376278253,0.019800402938120961
10000,0,single,gaussian_matched,0.050000000000000003,833,15,0.050000000000000003,9.5852951765168868,5-<10%,True,True,4,0.019800402938120961,0.51406528613065816,0.056582816073869092,0.015529511949822316,1.7327295583199125,1.7172001964089882,1.7085301185995359,0.99495103842430066,0.96948144164700156,0.99499637567275012,True,True,False,1>3>4>2,3,0,0,True,1,0.010686130166026453,0.0062642206620329641,0.0080732087376278253,0.019800402938120961
10000,0,single,gaussian_matched,0.050000000000000003,833,16,0.02,9.5852951765168868,5-<10%,True,False,1,0.044154284402814242,0.54038763852178451,0.11937760866737075,0.080277107133784831,1.7327295583199125,1.6697534896474253,1.6743688926760396,1.0027641224032351,,1.0126485067359055,False,False,False,,-1,,,False,1,0.034579675526309112,0.0070328466441432879,0.023438820677317927,0.044154284402814242
10000,0,single,gaussian_matched,0.050000000000000003,833,16,0.050000000000000003,9.5852951765168868,5-<10%,True,True,4,0.044154284402814242,0.54038763852178451,0.11937760866737075,0.080277107133784831,1.7327295583199125,1.6697534896474253,1.6743688926760396,1.0027641224032351,0.97291941018127381,1.0126485067359055,True,True,False,1>3>4>2,3,0,0,True,1,0.034579675526309112,0.0070328466441432879,0.023438820677317927,0.044154284402814242
10000,0,single,gaussian_matched,0.050000000000000003,833,17,0.02,9.5852951765168868,5-<10%,True,False,1,0.04072094776226496,0.56642167934434751,0.10517108295340438,0.086346325232604701,1.7327295583199125,1.6499671615558382,1.6741933213934188,1.0146828133323189,,1.0160498723950182,False,False,False,,-1,,,False,1,0.020306114027194722,0.0077651830798002247,0.02226457665727774,0.04072094776226496
10000,0,single,gaussian_matched,0.050000000000000003,833,17,0.050000000000000003,9.5852951765168868,5-<10%,True,True,4,0.04072094776226496,0.56642167934434751,0.10517108295340438,0.086346325232604701,1.7327295583199125,1.6499671615558382,1.6741933213934188,1.0146828133323189,0.9866205982134002,1.0160498723950182,True,True,False,1>3>4>2,3,0,0,True,1,0.020306114027194722,0.0077651830798002247,0.02226457665727774,0.04072094776226496
10000,0,single,gaussian_matched,0.050000000000000003,833,18,0.02,9.5852951765168868,5-<10%,True,False,2,0.044390556110486444,0.42907218473539294,0.048594904548998799,0.070941731522684515,1.7327295583199125,1.7984929259361493,1.7328000193807482,0.96347335838354398,,1.0409828482711261,False,False,False,,-1,,,False,1,0.044390556110486444,0.0058154748460383723,0.026125763398299046,0.013055622353696653
10000,0,single,gaussian_matched,0.050000000000000003,833,18,0.050000000000000003,9.5852951765168868,5-<10%,True,True,4,0.044390556110486444,0.42907218473539294,0.048594904548998799,0.070941731522684515,1.7327295583199125,1.7984929259361493,1.7328000193807482,0.96347335838354398,0.93710382491972344,1.0409828482711261,True,True,False,1>3>4>2,3,0,0,True,1,0.044390556110486444,0.0058154748460383723,0.026125763398299046,0.013055622353696653
10000,0,single,gaussian_matched,0.050000000000000003,833,19,0.02,9.5852951765168868,5-<10%,True,False,3,0.020707424031563306,0.50258875906414024,0.062461547809788201,0.01272760178933193,1.7327295583199125,1.725267318031058,1.7090483881546319,0.9905991786276136,,0.9936784316263586,False,False,False,,-1,,,False,1,0.01667822138280365,0.0048515675067558094,0.0042105403898736815,0.020707424031563306
10000,0,single,gaussian_matched,0.050000000000000003,833,19,0.050000000000000003,9.5852951765168868,5-<10%,True,True,4,0.020707424031563306,0.50258875906414024,0.062461547809788201,0.01272760178933193,1.7327295583199125,1.725267318031058,1.7090483881546319,0.9905991786276136,0.96442912772313938,0.9936784316263586,True,True,False,1>3>4>2,3,0,0,True,1,0.01667822138280365,0.0048515675067558094,0.0042105403898736815,0.020707424031563306
10000,0,single,gaussian_matched,0.050000000000000003,833,20,0.02,9.5852951765168868,5-<10%,True,True,4,0.012309254239703851,0.51209211552232237,0.032379916220397806,0.02137022719124413,1.7327295583199125,1.7296634173213898,1.7195031618549759,0.99412587711304634,0.98784313350810193,1.0047000010400953,True,True,False,1>3>4>2,3,0,0,True,1,0.00029223986202747888,0.0092273960378686636,0.0035858106442354341,0.012309254239703851
10000,0,single,gaussian_matched,0.050000000000000003,833,20,0.050000000000000003,9.5852951765168868,5-<10%,True,True,4,0.012309254239703851,0.51209211552232237,0.032379916220397806,0.02137022719124413,1.7327295583199125,1.7296634173213898,1.7195031618549759,0.99412587711304634,0.97047310621166327,1.0047000010400953,True,True,False,1>3>4>2,3,0,0,True,1,0.00029223986202747888,0.0092273960378686636,0.0035858106442354341,0.012309254239703851
10000,0,single,gaussian_matched,0.050000000000000003,833,21,0.02,9.5852951765168868,5-<10%,True,False,3,0.024886401669065594,0.54710530967165372,-0.0068378490734112979,0.073820398851227265,1.7327295583199125,1.7198494877216568,1.7254937280779439,1.003281822273741,,1.0384275597363388,False,False,False,,-1,,,False,1,0.024886401669065594,0.015765857613768221,0.016626294033571045,0.0098302084763099325
10000,0,single,gaussian_matched,0.050000000000000003,833,21,0.050000000000000003,9.5852951765168868,5-<10%,True,True,4,0.024886401669065594,0.54710530967165372,-0.0068378490734112979,0.073820398851227265,1.7327295583199125,1.7198494877216568,1.7254937280779439,1.003281822273741,0.98333994901915411,1.0384275597363388,True,True,False,1>3>4>2,3,0,0,True,1,0.024886401669065594,0.015765857613768221,0.016626294033571045,0.0098302084763099325
10000,0,single,gaussian_matched,0.050000000000000003,833,22,0.02,9.5852951765168868,5-<10%,True,False,2,0.025913583411704799,0.49347542151616602,0.07643095715877074,0.027224357122262472,1.7327295583199125,1.7283704327858922,1.7046598628554637,0.98628154620059638,,0.99951213486367374,False,False,False,,-1,,,False,1,0.025913583411704799,0.0027358285954812902,0.0019005384511851457,0.025199743001962781
10000,0,single,gaussian_matched,0.050000000000000003,833,22,0.050000000000000003,9.5852951765168868,5-<10%,True,True,4,0.025913583411704799,0.49347542151616602,0.07643095715877074,0.027224357122262472,1.7327295583199125,1.7283704327858922,1.7046598628554637,0.98628154620059638,0.95889165394229758,0.99951213486367374,True,True,False,1>3>4>2,3,0,0,True,1,0.025913583411704799,0.0027358285954812902,0.0019005384511851457,0.025199743001962781
10000,0,single,gaussian_matched,0.050000000000000003,833,23,0.02,9.5852951765168868,5-<10%,True,False,3,0.020992914608650555,0.50734426023639079,0.062190208956717188,0.014231632121027396,1.7327295583199125,1.7210190466875215,1.7079195189390304,0.9923885050698863,,0.99389494615067819,False,False,False,,-1,,,False,1,0.015237587590477903,0.0051658470880817592,0.0059996330106819786,0.020992914608650555
10000,0,single,gaussian_matched,0.050000000000000003,833,23,0.050000000000000003,9.5852951765168868,5-<10%,True,True,4,0.020992914608650555,0.50734426023639079,0.062190208956717188,0.014231632121027396,1.7327295583199125,1.7210190466875215,1.7079195189390304,0.9923885050698863,0.96633686546107433,0.99389494615067819,True,True,False,1>3>4>2,3,0,0,True,1,0.015237587590477903,0.0051658470880817592,0.0059996330106819786,0.020992914608650555
10000,0,single,gaussian_matched,0.050000000000000003,833,24,0.02,9.5852951765168868,5-<10%,True,False,2,0.031834943509371105,0.50979456317783234,0.091797234205995573,0.042929503317827883,1.7327295583199125,1.7076660805260317,1.6937378941592922,0.99184372956424294,,1.002272621909345,False,False,False,,-1,,,False,1,0.028932837027391464,0.0033356867031589586,0.0094334874545859114,0.031834943509371105
10000,0,single,gaussian_matched,0.050000000000000003,833,24,0.050000000000000003,9.5852951765168868,5-<10%,True,True,4,0.031834943509371105,0.50979456317783234,0.091797234205995573,0.042929503317827883,1.7327295583199125,1.7076660805260317,1.6937378941592922,0.99184372956424294,0.96357561686934423,1.002272621909345,True,True,False,1>3>4>2,3,0,0,True,1,0.028932837027391464,0.0033356867031589586,0.0094334874545859114,0.031834943509371105
10000,0,single,gaussian_matched,0.050000000000000003,833,25,0.02,9.5852951765168868,5-<10%,True,True,4,0.01233117087391329,0.51641811773964741,0.009374473948094042,0.04381766718011143,1.7327295583199125,1.7370501126489288,1.7280398887718333,0.99481291655808635,0.99031726827336797,1.0225817107142625,True,True,False,1>3>4>2,3,0,0,True,1,0.0089965056784257324,0.01233117087391329,0.0053584960970088531,0.007125204108708867
10000,0,single,gaussian_matched,0.050000000000000003,833,25,0.050000000000000003,9.5852951765168868,5-<10%,True,True,4,0.01233117087391329,0.51641811773964741,0.009374473948094042,0.04381766718011143,1.7327295583199125,1.7370501126489288,1.7280398887718333,0.99481291655808635,0.97297372440724084,1.0225817107142625,True,True,False,1>3>4>2,3,0,0,True,1,0.0089965056784257324,0.01233117087391329,0.0053584960970088531,0.007125204108708867
10000,0,single,gaussian_matched,0.050000000000000003,833,26,0.02,9.5852951765168868,5-<10%,True,False,1,0.078781886043501836,0.40875698561699364,0.1248225964648752,0.11799876531321445,1.7327295583199125,1.7954542463040579,1.6973663637088037,0.94536876514833612,,1.047690979994726,False,False,False,,-1,,,False,1,0.078781886043501836,0.0017019356366792249,0.028404250016664197,0.042992628442047855
10000,0,single,gaussian_matched,0.050000000000000003,833,26,0.050000000000000003,9.5852951765168868,5-<10%,True,False,3,0.078781886043501836,0.40875698561699364,0.1248225964648752,0.11799876531321445,1.7327295583199125,1.7954542463040579,1.6973663637088037,0.94536876514833612,,1.047690979994726,False,False,False,,-1,,,False,1,0.078781886043501836,0.0017019356366792249,0.028404250016664197,0.042992628442047855
10000,0,single,gaussian_matched,0.050000000000000003,833,27,0.02,9.5852951765168868,5-<10%,True,False,1,0.053326373430013278,0.54769901657732001,0.13990474517872525,0.10177455177054316,1.7327295583199125,1.6569183051111702,1.6630955656467348,1.0037281624063839,,1.0185490914857651,False,False,False,,-1,,,False,1,0.043273621451348922,0.0096642176754930739,0.028059175468046326,0.053326373430013278
10000,0,single,gaussian_matched,0.050000000000000003,833,27,0.050000000000000003,9.5852951765168868,5-<10%,True,False,3,0.053326373430013278,0.54769901657732001,0.13990474517872525,0.10177455177054316,1.7327295583199125,1.6569183051111702,1.6630955656467348,1.0037281624063839,,1.0185490914857651,False,False,False,,-1,,,False,1,0.043273621451348922,0.0096642176754930739,0.028059175468046326,0.053326373430013278
10000,0,single,gaussian_matched,0.050000000000000003,833,28,0.02,9.5852951765168868,5-<10%,True,False,3,0.021335085603420671,0.47059072595871143,-0.022282386383949165,0.078036201733516788,1.7327295583199125,1.7926183515941529,1.7588618125886559,0.98116914346242312,,1.0601181272069162,False,False,False,,-1,,,False,1,0.018408995026846332,0.01500307579839194,0.021335085603420671,0.0083020704126870199
10000,0,single,gaussian_matched,0.050000000000000003,833,28,0.050000000000000003,9.5852951765168868,5-<10%,True,True,4,0.021335085603420671,0.47059072595871143,-0.022282386383949165,0.078036201733516788,1.7327295583199125,1.7926183515941529,1.7588618125886559,0.98116914346242312,0.96046907140977789,1.0601181272069162,True,True,False,1>3>4>2,3,0,0,True,1,0.018408995026846332,0.01500307579839194,0.021335085603420671,0.0083020704126870199
10000,0,single,gaussian_matched,0.050000000000000003,833,29,0.02,9.5852951765168868,5-<10%,True,False,3,0.028923821797121777,0.56913088528817046,0.063795234814105845,0.070493884871685869,1.7327295583199125,1.6645637045356643,1.689367555755857,1.0149011126174421,,1.0156584633633987,False,False,False,,-1,,,False,1,0.0012057212650237812,0.0099463320216127572,0.0058282691478352897,0.028923821797121777
10000,0,single,gaussian_matched,0.050000000000000003,833,29,0.050000000000000003,9.5852951765168868,5-<10%,True,True,4,0.028923821797121777,0.56913088528817046,0.063795234814105845,0.070493884871685869,1.7327295583199125,1.6645637045356643,1.689367555755857,1.0149011126174421,0.99035755718796925,1.0156584633633987,True,True,False,1>3>4>2,3,0,0,True,1,0.0012057212650237812,0.0099463320216127572,0.0058282691478352897,0.028923821797121777
10000,0,single,gaussian_matched,0.050000000000000003,833,30,0.02,9.5852951765168868,5-<10%,True,False,3,0.023405145664408631,0.47062289957844622,0.052711988120793453,0.029502015333623906,1.7327295583199125,1.7584863230050209,1.7216386696951038,0.97904581182812422,,1.0106255050711244,False,False,False,,-1,,,False,1,0.023405145664408631,0.0050005462107302135,0.0089899622612872893,0.015302455491098637
10000,0,single,gaussian_matched,0.050000000000000003,833,30,0.050000000000000003,9.5852951765168868,5-<10%,True,True,4,0.023405145664408631,0.47062289957844622,0.052711988120793453,0.029502015333623906,1.7327295583199125,1.7584863230050209,1.7216386696951038,0.97904581182812422,0.95302405119904399,1.0106255050711244,True,True,False,1>3>4>2,3,0,0,True,1,0.023405145664408631,0.0050005462107302135,0.0089899622612872893,0.015302455491098637
10000,0,single,gaussian_matched,0.050000000000000003,833,31,0.02,9.5852951765168868,5-<10%,True,False,3,0.042384992750333299,0.60719252326728401,0.095093144338512098,0.1162911377136758,1.7327295583199125,1.6165363939148685,1.6670123490301627,1.0312247564022072,,1.0291874333078057,False,False,False,,-1,,,False,1,0.0034621596388583857,0.011559752506750098,0.011072212342341559,0.042384992750333299
10000,0,single,gaussian_matched,0.050000000000000003,833,31,0.050000000000000003,9.5852951765168868,5-<10%,True,True,4,0.042384992750333299,0.60719252326728401,0.095093144338512098,0.1162911377136758,1.7327295583199125,1.6165363939148685,1.6670123490301627,1.0312247564022072,1.005317216030071,1.0291874333078057,True,True,False,1>3>4>2,3,0,0,True,1,0.0034621596388583857,0.011559752506750098,0.011072212342341559,0.042384992750333299
10000,0,single,gaussian_matched,0.050000000000000003,834,0,0.02,0.53686387147505721,<1%,True,False,2,0.19577356918024374,0.55798962941800734,0.023687568591907588,0.06367999031598065,1.0984225936139418,1.1498062286078004,1.1092206232673103,0.96470222170423303,,1.067804522960792,False,False,False,,-1,,,False,2,0.027084676023043621,0.19577356918024374,0.00020744656818526817,0.0089426283784275404
10000,0,single,gaussian_matched,0.050000000000000003,834,0,0.050000000000000003,0.53686387147505721,<1%,True,False,3,0.19577356918024374,0.55798962941800734,0.023687568591907588,0.06367999031598065,1.0984225936139418,1.1498062286078004,1.1092206232673103,0.96470222170423303,,1.067804522960792,False,False,False,,-1,,,False,2,0.027084676023043621,0.19577356918024374,0.00020744656818526817,0.0089426283784275404
10000,0,single,gaussian_matched,0.050000000000000003,834,1,0.02,0.53686387147505721,<1%,True,False,2,0.16296574668650735,0.47632467981646209,-0.0052245977728697102,0.060085580507874631,1.0984225936139418,1.1418416274945367,1.1371226885659607,0.99586725618076266,,1.0899341255671706,False,False,False,,-1,,,False,2,0.00016562684108325468,0.16296574668650735,0.0078371990037797764,0.044734534800149682
10000,0,single,gaussian_matched,0.050000000000000003,834,1,0.050000000000000003,0.53686387147505721,<1%,True,False,3,0.16296574668650735,0.47632467981646209,-0.0052245977728697102,0.060085580507874631,1.0984225936139418,1.1418416274945367,1.1371226885659607,0.99586725618076266,,1.0899341255671706,False,False,False,,-1,,,False,2,0.00016562684108325468,0.16296574668650735,0.0078371990037797764,0.044734534800149682
10000,0,single,gaussian_matched,0.050000000000000003,834,2,0.02,0.53686387147505721,<1%,True,False,2,0.17300118706323037,0.4896121430181517,0.010995689759759543,0.040363892156137039,1.0984225936139418,1.1305193954701349,1.1250045953176304,0.9951218880679078,,1.0609473022942524,False,False,False,,-1,,,False,2,0.003199707128014827,0.17300118706323037,0.0048402479031859737,0.035086380850212304
10000,0,single,gaussian_matched,0.050000000000000003,834,2,0.050000000000000003,0.53686387147505721,<1%,True,False,3,0.17300118706323037,0.4896121430181517,0.010995689759759543,0.040363892156137039,1.0984225936139418,1.1305193954701349,1.1250045953176304,0.9951218880679078,,1.0609473022942524,False,False,False,,-1,,,False,2,0.003199707128014827,0.17300118706323037,0.0048402479031859737,0.035086380850212304
10000,0,single,gaussian_matched,0.050000000000000003,834,3,0.02,0.53686387147505721,<1%,True,False,2,0.20230684366913215,0.56733900300299223,-0.079476257531808217,0.14594054470872761,1.0984225936139418,1.2442903348782997,1.1843880218058445,0.95185825092958387,,1.2111263681654907,False,False,False,,-1,,,False,2,0.044201260185636984,0.20230684366913215,0.012090008262816877,0.0036788624225325157
10000,0,single,gaussian_matched,0.050000000000000003,834,3,0.050000000000000003,0.53686387147505721,<1%,True,False,3,0.20230684366913215,0.56733900300299223,-0.079476257531808217,0.14594054470872761,1.0984225936139418,1.2442903348782997,1.1843880218058445,0.95185825092958387,,1.2111263681654907,False,False,False,,-1,,,False,2,0.044201260185636984,0.20230684366913215,0.012090008262816877,0.0036788624225325157
10000,0,single,gaussian_matched,0.050000000000000003,834,4,0.02,0.53686387147505721,<1%,True,False,2,0.17308980405850133,0.49332111451656557,0.046166588250229838,0.0077008153428131925,1.0984225936139418,1.0991685591275393,1.0974042467797325,0.99839486643503772,,1.0060836954260177,False,False,False,,-1,,,False,2,0.00026733109865090417,0.17308980405850133,0.00065064469793462104,0.025668130807358337
10000,0,single,gaussian_matched,0.050000000000000003,834,4,0.050000000000000003,0.53686387147505721,<1%,True,False,3,0.17308980405850133,0.49332111451656557,0.046166588250229838,0.0077008153428131925,1.0984225936139418,1.0991685591275393,1.0974042467797325,0.99839486643503772,,1.0060836954260177,False,False,False,,-1,,,False,2,0.00026733109865090417,0.17308980405850133,0.00065064469793462104,0.025668130807358337
10000,0,single,gaussian_matched,0.050000000000000003,834,5,0.02,0.53686387147505721,<1%,True,False,1,0.18166327965180834,0.41571566034038215,0.064918436299605642,0.085594448730529363,1.0984225936139418,1.0611820923117059,1.057590598587878,0.99661557262429468,,1.0407515777303813,False,False,False,,-1,,,False,2,0.0484441745478012,0.0044425244880439679,0.18166327965180834,0.064361741065419267
10000,0,single,gaussian_matched,0.050000000000000003,834,5,0.050000000000000003,0.53686387147505721,<1%,True,False,2,0.18166327965180834,0.41571566034038215,0.064918436299605642,0.085594448730529363,1.0984225936139418,1.0611820923117059,1.057590598587878,0.99661557262429468,,1.0407515777303813,False,False,False,,-1,,,False,2,0.0484441745478012,0.0044425244880439679,0.18166327965180834,0.064361741065419267
10000,0,single,gaussian_matched,0.050000000000000003,834,6,0.02,0.53686387147505721,<1%,True,False,2,0.13401119250642082,0.4520813296164124,0.17100282127167449,0.13014561739465419,1.0984225936139418,0.96882039129232222,0.95049561550217332,0.98108547677686131,,0.98381191280979441,False,False,False,,-1,,,False,2,0.026013997031645357,0.015045560672644072,0.13401119250642082,0.0013458058939911596
10000,0,single,gaussian_matched,0.050000000000000003,834,6,0.050000000000000003,0.53686387147505721,<1%,True,False,3,0.13401119250642082,0.4520813296164124,0.17100282127167449,0.13014561739465419,1.0984225936139418,0.96882039129232222,0.95049561550217332,0.98108547677686131,,0.98381191280979441,False,False,False,,-1,,,False,2,0.026013997031645357,0.015045560672644072,0.13401119250642082,0.0013458058939911596
10000,0,single,gaussian_matched,0.050000000000000003,834,7,0.02,0.53686387147505721,<1%,True,False,2,0.085688324708414657,0.46722571074232899,0.045490227604321032,0.033083108732498478,1.0984225936139418,1.0906662324295506,1.0414811040816718,0.95490359297333816,,0.97827941546497643,False,False,False,,-1,,,False,2,0.011945521287080568,0.085688324708414657,0.015610187178154364,0.041039541828862297
10000,0,single,gaussian_matched,0.050000000000000003,834,7,0.050000000000000003,0.53686387147505721,<1%,True,False,3,0.085688324708414657,0.46722571074232899,0.045490227604321032,0.033083108732498478,1.0984225936139418,1.0906662324295506,1.0414811040816718,0.95490359297333816,,0.97827941546497643,False,False,False,,-1,,,False,2,0.011945521287080568,0.085688324708414657,0.015610187178154364,0.041039541828862297
10000,0,single,gaussian_matched,0.050000000000000003,834,8,0.02,0.53686387147505721,<1%,True,False,1,0.1956344179991826,0.40395002808399372,0.035898128840886931,0.097079657370912786,1.0984225936139418,1.0893871065005984,1.0759087711338282,0.98762759786090526,,1.0678844693511527,False,False,False,,-1,,,False,2,0.054295350073219527,0.0038225885682360836,0.1956344179991826,0.080146749730640801
10000,0,single,gaussian_matched,0.050000000000000003,834,8,0.050000000000000003,0.53686387147505721,<1%,True,False,1,0.1956344179991826,0.40395002808399372,0.035898128840886931,0.097079657370912786,1.0984225936139418,1.0893871065005984,1.0759087711338282,0.98762759786090526,,1.0678844693511527,False,False,False,,-1,,,False,2,0.054295350073219527,0.0038225885682360836,0.1956344179991826,0.080146749730640801
10000,0,single,gaussian_matched,0.050000000000000003,834,9,0.02,0.53686387147505721,<1%,True,False,3,0.18729151363287827,0.52498744087356952,0.0096260514771063441,0.047480816344492222,1.0984225936139418,1.1456428098099374,1.1226829819478699,0.97995899972882772,,1.0653129361099385,False,False,False,,-1,,,False,2,0.01644366077765529,0.18729151363287827,0.0033726453864722479,0.013675506282486791
10000,0,single,gaussian_matched,0.050000000000000003,834,9,0.050000000000000003,0.53686387147505721,<1%,True,False,3,0.18729151363287827,0.52498744087356952,0.0096260514771063441,0.047480816344492222,1.0984225936139418,1.1456428098099374,1.1226829819478699,0.97995899972882772,,1.0653129361099385,False,False,False,,-1,,,False,2,0.01644366077765529,0.18729151363287827,0.0033726453864722479,0.013675506282486791
10000,0,single,gaussian_matched,0.050000000000000003,834,10,0.02,0.53686387147505721,<1%,True,False,2,0.18358214038933657,0.50607922908048231,-0.033713182380479628,0.08393362812651689,1.0984225936139418,1.1781633391630661,1.1576468421969832,0.98258603346064288,,1.1303304188586942,False,False,False,,-1,,,False,2,0.015840031606957031,0.18358214038933657,0.010042906199439887,0.029544487767616878
10000,0,single,gaussian_matched,0.050000000000000003,834,10,0.050000000000000003,0.53686387147505721,<1%,True,False,3,0.18358214038933657,0.50607922908048231,-0.033713182380479628,0.08393362812651689,1.0984225936139418,1.1781633391630661,1.1576468421969832,0.98258603346064288,,1.1303304188586942,False,False,False,,-1,,,False,2,0.015840031606957031,0.18358214038933657,0.010042906199439887,0.029544487767616878
10000,0,single,gaussian_matched,0.050000000000000003,834,11,0.02,0.53686387147505721,<1%,True,False,2,0.13892338054099773,0.44832233538335969,0.13521049873589919,0.099656460478238104,1.0984225936139418,0.99969756005781873,0.9935185180596332,0.99381908864734236,,0.99522259000626956,False,False,False,,-1,,,False,2,0.030106420597051681,0.0048711688396275718,0.13892338054099773,0.018244015986072361
10000,0,single,gaussian_matched,0.050000000000000003,834,11,0.050000000000000003,0.53686387147505721,<1%,True,False,3,0.13892338054099773,0.44832233538335969,0.13521049873589919,0.099656460478238104,1.0984225936139418,0.99969756005781873,0.9935185180596332,0.99381908864734236,,0.99522259000626956,False,False,False,,-1,,,False,2,0.030106420597051681,0.0048711688396275718,0.13892338054099773,0.018244015986072361
10000,0,single,gaussian_matched,0.050000000000000003,834,12,0.02,0.53686387147505721,<1%,True,False,0,0.26208989120253107,0.38529917920259732,0.12367666553060565,0.13632508696240256,1.0984225936139418,1.0018431814408852,0.90153919102653335,0.89988054790162741,,0.94486792608138026,False,False,False,,-1,,,False,2,0.057454066382465897,0.047599741104217663,0.26208989120253107,0.061222656863750897
10000,0,single,gaussian_matched,0.050000000000000003,834,12,0.050000000000000003,0.53686387147505721,<1%,True,False,1,0.26208989120253107,0.38529917920259732,0.12367666553060565,0.13632508696240256,1.0984225936139418,1.0018431814408852,0.90153919102653335,0.89988054790162741,,0.94486792608138026,False,False,False,,-1,,,False,2,0.057454066382465897,0.047599741104217663,0.26208989120253107,0.061222656863750897
10000,0,single,gaussian_matched,0.050000000000000003,834,13,0.02,0.53686387147505721,<1%,True,False,2,0.18508680060117277,0.50603500392315581,-0.05369681989976352,0.10387228566695016,1.0984225936139418,1.1970109926073171,1.1725935200204782,0.97960129628078596,,1.1620899033838179,False,False,False,,-1,,,False,2,0.018955403259671277,0.18508680060117277,0.012530411182679951,0.030851341452628675
10000,0,single,gaussian_matched,0.050000000000000003,834,13,0.050000000000000003,0.53686387147505721,<1%,True,False,3,0.18508680060117277,0.50603500392315581,-0.05369681989976352,0.10387228566695016,1.0984225936139418,1.1970109926073171,1.1725935200204782,0.97960129628078596,,1.1620899033838179,False,False,False,,-1,,,False,2,0.018955403259671277,0.18508680060117277,0.012530411182679951,0.030851341452628675
10000,0,single,gaussian_matched,0.050000000000000003,834,14,0.02,0.53686387147505721,<1%,True,False,2,0.19271426637072217,0.54426145898216027,0.0076254508387560219,0.061275436904587956,1.0984225936139418,1.1564082441228984,1.1224481562161208,0.97063313230481563,,1.0776577248161989,False,False,False,,-1,,,False,2,0.023780199783222301,0.19271426637072217,0.0026580832609726796,0.0020425425968191037
10000,0,single,gaussian_matched,0.050000000000000003,834,14,0.050000000000000003,0.53686387147505721,<1%,True,False,3,0.19271426637072217,0.54426145898216027,0.0076254508387560219,0.061275436904587956,1.0984225936139418,1.1564082441228984,1.1224481562161208,0.97063313230481563,,1.0776577248161989,False,False,False,,-1,,,False,2,0.023780199783222301,0.19271426637072217,0.0026580832609726796,0.0020425425968191037
10000,0,single,gaussian_matched,0.050000000000000003,834,15,0.02,0.53686387147505721,<1%,True,False,2,0.16933826536569313,0.48805746198224059,0.049126306221366843,0.011974454272510754,1.0984225936139418,1.0943895687334155,1.095290579072683,1.0008232994584463,,1.0080501255005683,False,False,False,,-1,,,False,2,0.0028112702491203262,0.16933826536569313,0.00088653511066040752,0.027884329799619353
10000,0,single,gaussian_matched,0.050000000000000003,834,15,0.050000000000000003,0.53686387147505721,<1%,True,False,3,0.16933826536569313,0.48805746198224059,0.049126306221366843,0.011974454272510754,1.0984225936139418,1.0943895687334155,1.095290579072683,1.0008232994584463,,1.0080501255005683,False,False,False,,-1,,,False,2,0.0028112702491203262,0.16933826536569313,0.00088653511066040752,0.027884329799619353
10000,0,single,gaussian_matched,0.050000000000000003,834,16,0.02,0.53686387147505721,<1%,True,False,3,0.18418624769770117,0.5170772115874992,0.02596823789336325,0.029481464440461552,1.0984225936139418,1.1274873924127886,1.1109079345332502,0.9852952166107517,,1.0382064294778335,False,False,False,,-1,,,False,2,0.011428214587076184,0.18418624769770117,0.001458922173700142,0.016236852252025352
10000,0,single,gaussian_matched,0.050000000000000003,834,16,0.050000000000000003,0.53686387147505721,<1%,True,False,3,0.18418624769770117,0.5170772115874992,0.02596823789336325,0.029481464440461552,1.0984225936139418,1.1274873924127886,1.1109079345332502,0.9852952166107517,,1.0382064294778335,False,False,False,,-1,,,False,2,0.011428214587076184,0.18418624769770117,0.001458922173700142,0.016236852252025352
10000,0,single,gaussian_matched,0.050000000000000003,834,17,0.02,0.53686387147505721,<1%,True,False,2,0.15390686546964547,0.46929241703060054,-0.023487026450557683,0.07964482850987574,1.0984225936139418,1.1576437700707958,1.1480553062354881,0.99171725872569483,,1.1176938110004488,False,False,False,,-1,,,False,2,0.00014942326841898995,0.15390686546964547,0.0010237945167728901,0.050405658962985204
10000,0,single,gaussian_matched,0.050000000000000003,834,17,0.050000000000000003,0.53686387147505721,<1%,True,False,2,0.15390686546964547,0.46929241703060054,-0.023487026450557683,0.07964482850987574,1.0984225936139418,1.1576437700707958,1.1480553062354881,0.99171725872569483,,1.1176938110004488,False,False,False,,-1,,,False,2,0.00014942326841898995,0.15390686546964547,0.0010237945167728901,0.050405658962985204
10000,0,single,gaussian_matched,0.050000000000000003,834,18,0.02,0.53686387147505721,<1%,True,False,3,0.18492190664639538,0.51804176746862807,0.015167595932891034,0.039227563606301058,1.0984225936139418,1.1376254499680329,1.1191177609021492,0.98373129832283213,,1.054553439853559,False,False,False,,-1,,,False,2,0.013187604228633841,0.18492190664639538,0.0029391755328783517,0.017223308156119419
10000,0,single,gaussian_matched,0.050000000000000003,834,18,0.050000000000000003,0.53686387147505721,<1%,True,False,3,0.18492190664639538,0.51804176746862807,0.015167595932891034,0.039227563606301058,1.0984225936139418,1.1376254499680329,1.1191177609021492,0.98373129832283213,,1.054553439853559,False,False,False,,-1,,,False,2,0.013187604228633841,0.18492190664639538,0.0029391755328783517,0.017223308156119419
10000,0,single,gaussian_matched,0.050000000000000003,834,19,0.02,0.53686387147505721,<1%,True,False,1,0.14891770234718277,0.4353376532318507,0.017566934434586894,0.072340326454438775,1.0984225936139418,1.110634091431751,1.0951252193479486,0.98603602014070235,,1.0628564566951284,False,False,False,,-1,,,False,2,0.032077615655850066,0.0010600324810456404,0.14891770234718277,0.066444292587519993
10000,0,single,gaussian_matched,0.050000000000000003,834,19,0.050000000000000003,0.53686387147505721,<1%,True,False,2,0.14891770234718277,0.4353376532318507,0.017566934434586894,0.072340326454438775,1.0984225936139418,1.110634091431751,1.0951252193479486,0.98603602014070235,,1.0628564566951284,False,False,False,,-1,,,False,2,0.032077615655850066,0.0010600324810456404,0.14891770234718277,0.066444292587519993
10000,0,single,gaussian_matched,0.050000000000000003,834,20,0.02,0.53686387147505721,<1%,True,False,2,0.18404332021976594,0.51216870921792168,-0.0067913295447443525,0.058080397687086179,1.0984225936139418,1.1552793373163737,1.1365446854135088,0.98378344414400765,,1.0875824022975853,False,False,False,,-1,,,False,2,0.014055256592853393,0.18404332021976594,0.0062123281519010677,0.023434245612680243
10000,0,single,gaussian_matched,0.050000000000000003,834,20,0.050000000000000003,0.53686387147505721,<1%,True,False,3,0.18404332021976594,0.51216870921792168,-0.0067913295447443525,0.058080397687086179,1.0984225936139418,1.1552793373163737,1.1365446854135088,0.98378344414400765,,1.0875824022975853,False,False,False,,-1,,,False,2,0.014055256592853393,0.18404332021976594,0.0062123281519010677,0.023434245612680243
10000,0,single,gaussian_matched,0.050000000000000003,834,21,0.02,0.53686387147505721,<1%,True,False,2,0.16529125347828053,0.47653766782046125,-0.018733403390063574,0.072627555190053192,1.0984225936139418,1.1548932797254774,1.1479393319811964,0.99397870966403579,,1.1111997279256962,False,False,False,,-1,,,False,2,0.0023692126276704047,0.16529125347828053,0.0080832818099651933,0.045794428128762929
10000,0,single,gaussian_matched,0.050000000000000003,834,21,0.050000000000000003,0.53686387147505721,<1%,True,False,3,0.16529125347828053,0.47653766782046125,-0.018733403390063574,0.072627555190053192,1.0984225936139418,1.1548932797254774,1.1479393319811964,0.99397870966403579,,1.1111997279256962,False,False,False,,-1,,,False,2,0.0023692126276704047,0.16529125347828053,0.0080832818099651933,0.045794428128762929
10000,0,single,gaussian_matched,0.050000000000000003,834,22,0.02,0.53686387147505721,<1%,True,False,3,0.18826630950527054,0.52775023900437346,0.005432235383938222,0.052501061014731301,1.0984225936139418,1.1506268076644672,1.1256201429272048,0.97826691976000391,,1.0725573297484499,False,False,False,,-1,,,False,2,0.017993536429760808,0.18826630950527054,0.0038004627714896592,0.012514222573351715
10000,0,single,gaussian_matched,0.050000000000000003,834,22,0.050000000000000003,0.53686387147505721,<1%,True,False,3,0.18826630950527054,0.52775023900437346,0.005432235383938222,0.052501061014731301,1.0984225936139418,1.1506268076644672,1.1256201429272048,0.97826691976000391,,1.0725573297484499,False,False,False,,-1,,,False,2,0.017993536429760808,0.18826630950527054,0.0038004627714896592,0.012514222573351715
10000,0,single,gaussian_matched,0.050000000000000003,834,23,0.02,0.53686387147505721,<1%,True,False,3,0.19204707199860468,0.54652607554824872,0.055493298177682032,0.046849247921287619,1.0984225936139418,1.1170321450995622,1.08589032154858,0.97212092446255749,,1.0312420520621475,False,False,False,,-1,,,False,2,0.019219592561903042,0.19204707199860468,0.00406836020415971,0.0085655032079118548
10000,0,single,gaussian_matched,0.050000000000000003,834,23,0.050000000000000003,0.53686387147505721,<1%,True,False,3,0.19204707199860468,0.54652607554824872,0.055493298177682032,0.046849247921287619,1.0984225936139418,1.1170321450995622,1.08589032154858,0.97212092446255749,,1.0312420520621475,False,False,False,,-1,,,False,2,0.019219592561903042,0.19204707199860468,0.00406836020415971,0.0085655032079118548
10000,0,single,gaussian_matched,0.050000000000000003,834,24,0.02,0.53686387147505721,<1%,True,False,3,0.16254044448138291,0.4835291275341671,0.08359895446828805,0.037418970872377368,1.0984225936139418,1.0610093572319865,1.0675597053710635,1.0061736949767963,,1.0059686341737826,False,False,False,,-1,,,False,2,0.0094216740519270353,0.16254044448138291,0.0061915715469749218,0.018846667977233732
10000,0,single,gaussian_matched,0.050000000000000003,834,24,0.050000000000000003,0.53686387147505721,<1%,True,False,3,0.16254044448138291,0.4835291275341671,0.08359895446828805,0.037418970872377368,1.0984225936139418,1.0610093572319865,1.0675597053710635,1.0061736949767963,,1.0059686341737826,False,False,False,,-1,,,False,2,0.0094216740519270353,0.16254044448138291,0.0061915715469749218,0.018846667977233732
10000,0,single,gaussian_matched,0.050000000000000003,834,25,0.02,0.53686387147505721,<1%,True,False,2,0.17034585600056726,0.49731690362538217,0.16377438342839618,0.11380601623230292,1.0984225936139418,1.0016590362826456,1.0053196316748934,1.003654532390416,,1.0188479865705775,False,False,False,,-1,,,False,2,0.0059218240887859422,0.17034585600056726,0.0066103839597340579,0.02227341311180989
10000,0,single,gaussian_matched,0.050000000000000003,834,25,0.050000000000000003,0.53686387147505721,<1%,True,False,3,0.17034585600056726,0.49731690362538217,0.16377438342839618,0.11380601623230292,1.0984225936139418,1.0016590362826456,1.0053196316748934,1.003654532390416,,1.0188479865705775,False,False,False,,-1,,,False,2,0.0059218240887859422,0.17034585600056726,0.0066103839597340579,0.02227341311180989
10000,0,single,gaussian_matched,0.050000000000000003,834,26,0.02,0.53686387147505721,<1%,True,False,1,0.19593535941631871,0.39098358465667199,-0.069184058701333845,0.16152219247778923,1.0984225936139418,1.1943637602330184,1.1585162209274236,0.9699860792003594,,1.2017582495841863,False,False,False,,-1,,,False,2,0.05540679425339301,0.0015197026534622602,0.19593535941631871,0.095954411159771297
10000,0,single,gaussian_matched,0.050000000000000003,834,26,0.050000000000000003,0.53686387147505721,<1%,True,False,1,0.19593535941631871,0.39098358465667199,-0.069184058701333845,0.16152219247778923,1.0984225936139418,1.1943637602330184,1.1585162209274236,0.9699860792003594,,1.2017582495841863,False,False,False,,-1,,,False,2,0.05540679425339301,0.0015197026534622602,0.19593535941631871,0.095954411159771297
10000,0,single,gaussian_matched,0.050000000000000003,834,27,0.02,0.53686387147505721,<1%,True,False,3,0.19248029935752625,0.54956177041639709,0.075137327133511123,0.055572064045029027,1.0984225936139418,1.103037876227482,1.0708247632161503,0.97079600464718019,,1.0254676422443196,False,False,False,,-1,,,False,2,0.018572822160051961,0.19248029935752625,0.0071100886890949275,0.016519828003966251
10000,0,single,gaussian_matched,0.050000000000000003,834,27,0.050000000000000003,0.53686387147505721,<1%,True,False,3,0.19248029935752625,0.54956177041639709,0.075137327133511123,0.055572064045029027,1.0984225936139418,1.103037876227482,1.0708247632161503,0.97079600464718019,,1.0254676422443196,False,False,False,,-1,,,False,2,0.018572822160051961,0.19248029935752625,0.0071100886890949275,0.016519828003966251
10000,0,single,gaussian_matched,0.050000000000000003,834,28,0.02,0.53686387147505721,<1%,True,False,2,0.19728860139069521,0.56414969006191107,0.025620393836596922,0.068626146123193413,1.0984225936139418,1.151627140751095,1.1073459111246038,0.96154898746341566,,1.0706007542859333,False,False,False,,-1,,,False,2,0.029256436824194341,0.19728860139069521,0.00079472364990025655,0.01314747341766964
10000,0,single,gaussian_matched,0.050000000000000003,834,28,0.050000000000000003,0.53686387147505721,<1%,True,False,3,0.19728860139069521,0.56414969006191107,0.025620393836596922,0.068626146123193413,1.0984225936139418,1.151627140751095,1.1073459111246038,0.96154898746341566,,1.0706007542859333,False,False,False,,-1,,,False,2,0.029256436824194341,0.19728860139069521,0.00079472364990025655,0.01314747341766964
10000,0,single,gaussian_matched,0.050000000000000003,834,29,0.02,0.53686387147505721,<1%,True,False,2,0.13668512345358727,0.45061350653197602,-0.03276181530408348,0.096377091725650246,1.0984225936139418,1.1628007184224896,1.1069960385381736,0.95200838888367456,,1.0955465931418822,False,False,False,,-1,,,False,2,0.0098497863763975062,0.00088145522600468606,0.13668512345358727,0.061820582406739752
10000,0,single,gaussian_matched,0.050000000000000003,834,29,0.050000000000000003,0.53686387147505721,<1%,True,False,2,0.13668512345358727,0.45061350653197602,-0.03276181530408348,0.096377091725650246,1.0984225936139418,1.1628007184224896,1.1069960385381736,0.95200838888367456,,1.0955465931418822,False,False,False,,-1,,,False,2,0.0098497863763975062,0.00088145522600468606,0.13668512345358727,0.061820582406739752
10000,0,single,gaussian_matched,0.050000000000000003,834,30,0.02,0.53686387147505721,<1%,True,False,2,0.063608177621655076,0.46232879102707519,0.042641303465496917,0.038383204662569254,1.0984225936139418,1.0919715570363615,1.0345296960543036,0.94739619304924327,,0.97677606683859342,False,False,False,,-1,,,False,2,0.014303046972048011,0.063608177621655076,0.011969584896284283,0.044690272804449524
10000,0,single,gaussian_matched,0.050000000000000003,834,30,0.050000000000000003,0.53686387147505721,<1%,True,False,3,0.063608177621655076,0.46232879102707519,0.042641303465496917,0.038383204662569254,1.0984225936139418,1.0919715570363615,1.0345296960543036,0.94739619304924327,,0.97677606683859342,False,False,False,,-1,,,False,2,0.014303046972048011,0.063608177621655076,0.011969584896284283,0.044690272804449524
10000,0,single,gaussian_matched,0.050000000000000003,834,31,0.02,0.53686387147505721,<1%,True,False,1,0.19533767575361446,0.55997519330826695,0.070173150882260671,0.063277008691012271,1.0984225936139418,1.1134173655201696,1.0740577299784495,0.9646497021147753,,1.0354254776638327,False,False,False,,-1,,,False,2,0.023182614647592071,0.19533767575361446,0.0068269918959075878,0.021149488572606262
10000,0,single,gaussian_matched,0.050000000000000003,834,31,0.050000000000000003,0.53686387147505721,<1%,True,False,3,0.19533767575361446,0.55997519330826695,0.070173150882260671,0.063277008691012271,1.0984225936139418,1.1134173655201696,1.0740577299784495,0.9646497021147753,,1.0354254776638327,False,False,False,,-1,,,False,2,0.023182614647592071,0.19533767575361446,0.0068269918959075878,0.021149488572606262
10000,0,single,gaussian_matched,0.050000000000000003,835,0,0.02,2.3669827201314551,1-<5%,True,True,4,0.01574181060659529,0.45596626126838885,0.070931485292012153,0.048755484032193881,1.4902566191677917,1.4596002429558883,1.4432173325009732,0.98877575518777827,0.98020892047780406,1.0011516119729325,True,True,False,1>4>3>2,5,0,0,True,3,0.01574181060659529,0.0096895193759596928,0.009418234008522668,0.0040668518520784189
10000,0,single,gaussian_matched,0.050000000000000003,835,0,0.050000000000000003,2.3669827201314551,1-<5%,True,True,4,0.01574181060659529,0.45596626126838885,0.070931485292012153,0.048755484032193881,1.4902566191677917,1.4596002429558883,1.4432173325009732,0.98877575518777827,0.95888308754511875,1.0011516119729325,True,True,False,1>4>3>2,5,0,0,True,3,0.01574181060659529,0.0096895193759596928,0.009418234008522668,0.0040668518520784189
10000,0,single,gaussian_matched,0.050000000000000003,835,1,0.02,2.3669827201314551,1-<5%,True,True,4,0.018254587715222131,0.4787224474327878,0.038264763244729966,0.024299177454241518,1.4902566191677917,1.4960523941510129,1.4614964114082323,0.97690189001542915,0.96396420097188773,0.99700653548661367,True,True,False,1>4>3>2,5,0,0,True,3,0.01085195175835744,0.007646741602923314,0.018254587715222131,0.0047716904560978976
10000,0,single,gaussian_matched,0.050000000000000003,835,1,0.050000000000000003,2.3669827201314551,1-<5%,True,True,4,0.018254587715222131,0.4787224474327878,0.038264763244729966,0.024299177454241518,1.4902566191677917,1.4960523941510129,1.4614964114082323,0.97690189001542915,0.94313932246152132,0.99700653548661367,True,True,False,1>4>3>2,5,0,0,True,3,0.01085195175835744,0.007646741602923314,0.018254587715222131,0.0047716904560978976
10000,0,single,gaussian_matched,0.050000000000000003,835,2,0.02,2.3669827201314551,1-<5%,True,False,3,0.043378545439536308,0.41191939911235748,0.078569873070161098,0.09259821758529313,1.4902566191677917,1.4484867935631607,1.4341628593884601,0.99011110474851838,,1.0244954173237268,False,False,False,,-1,,,False,3,0.043378545439536308,0.014450247048831515,0.012691004025113313,0.0027126909791128492
10000,0,single,gaussian_matched,0.050000000000000003,835,2,0.050000000000000003,2.3669827201314551,1-<5%,True,True,4,0.043378545439536308,0.41191939911235748,0.078569873070161098,0.09259821758529313,1.4902566191677917,1.4484867935631607,1.4341628593884601,0.99011110474851838,0.96368399978771335,1.0244954173237268,True,True,False,1>4>3>2,5,0,0,True,3,0.043378545439536308,0.014450247048831515,0.012691004025113313,0.0027126909791128492
10000,0,single,gaussian_matched,0.050000000000000003,835,3,0.02,2.3669827201314551,1-<5%,True,True,4,0.01555220681836381,0.50473821551372289,0.061007081514524567,0.011983594190470263,1.4902566191677917,1.4812814767893898,1.4520384174155758,0.98025826972656338,0.96643901573199154,0.98239591274125937,True,True,False,1>4>3>2,5,0,0,True,3,0.0074344949990091677,0.0057093047069380915,0.01555220681836381,0.012928346506199371
10000,0,single,gaussian_matched,0.050000000000000003,835,3,0.050000000000000003,2.3669827201314551,1-<5%,True,True,4,0.01555220681836381,0.50473821551372289,0.061007081514524567,0.011983594190470263,1.4902566191677917,1.4812814767893898,1.4520384174155758,0.98025826972656338,0.94574097548678371,0.98239591274125937,True,True,False,1>4>3>2,5,0,0,True,3,0.0074344949990091677,0.0057093047069380915,0.01555220681836381,0.012928346506199371
10000,0,single,gaussian_matched,0.050000000000000003,835,4,0.02,2.3669827201314551,1-<5%,True,False,1,0.069979231731176234,0.58952916287161172,0.052907669357010863,0.089576367115335051,1.4902566191677917,1.4901807981654809,1.4192301359585364,0.95238788320565548,,1.0124474427205958,False,False,False,,-1,,,False,3,0.030834568041454423,0.0045373064581903317,0.069979231731176234,0.064675886120779874
10000,0,single,gaussian_matched,0.050000000000000003,835,4,0.050000000000000003,2.3669827201314551,1-<5%,True,False,2,0.069979231731176234,0.58952916287161172,0.052907669357010863,0.089576367115335051,1.4902566191677917,1.4901807981654809,1.4192301359585364,0.95238788320565548,,1.0124474427205958,False,False,False,,-1,,,False,3,0.030834568041454423,0.0045373064581903317,0.069979231731176234,0.064675886120779874
10000,0,single,gaussian_matched,0.050000000000000003,835,5,0.02,2.3669827201314551,1-<5%,True,False,3,0.026511179598896727,0.45433869600963706,0.13669193254260587,0.09798186490403242,1.4902566191677917,1.3946808631401497,1.4094082619558665,1.0105596908977139,,1.0114970183468639,False,False,False,,-1,,,False,3,0.0085314197182684553,0.014459722129163383,0.0017810936486130024,0.026511179598896727
10000,0,single,gaussian_matched,0.050000000000000003,835,5,0.050000000000000003,2.3669827201314551,1-<5%,True,True,4,0.026511179598896727,0.45433869600963706,0.13669193254260587,0.09798186490403242,1.4902566191677917,1.3946808631401497,1.4094082619558665,1.0105596908977139,0.98456319953494886,1.0114970183468639,True,True,False,1>4>3>2,5,0,0,True,3,0.0085314197182684553,0.014459722129163383,0.0017810936486130024,0.026511179598896727
10000,0,single,gaussian_matched,0.050000000000000003,835,6,0.02,2.3669827201314551,1-<5%,True,False,2,0.035051801638726232,0.51024814578972189,0.014943679586809776,0.036523555317625529,1.4902566191677917,1.5267739957922577,1.4678439226896516,0.96140222897100969,,1.0094687442806765,False,False,False,,-1,,,False,3,0.010352820707517359,0.0057540301363079418,0.035051801638726232,0.02208444893704677
10000,0,single,gaussian_matched,0.050000000000000003,835,6,0.050000000000000003,2.3669827201314551,1-<5%,True,True,4,0.035051801638726232,0.51024814578972189,0.014943679586809776,0.036523555317625529,1.4902566191677917,1.5267739957922577,1.4678439226896516,0.96140222897100969,0.9229449993773764,1.0094687442806765,True,True,False,1>4>3>2,5,0,0,True,3,0.010352820707517359,0.0057540301363079418,0.035051801638726232,0.02208444893704677
10000,0,single,gaussian_matched,0.050000000000000003,835,7,0.02,2.3669827201314551,1-<5%,True,False,2,0.057036261946661386,0.53848468053068277,0.00062403897641797462,0.062602365470891,1.4902566191677917,1.5495806498994202,1.4583834679195875,0.94114718586234791,,1.0206200823585987,False,False,False,,-1,,,False,3,0.0074272658016345883,0.0016751906164857381,0.057036261946661386,0.044054179952255634
10000,0,single,gaussian_matched,0.050000000000000003,835,7,0.050000000000000003,2.3669827201314551,1-<5%,True,False,3,0.057036261946661386,0.53848468053068277,0.00062403897641797462,0.062602365470891,1.4902566191677917,1.5495806498994202,1.4583834679195875,0.94114718586234791,,1.0206200823585987,False,False,False,,-1,,,False,3,0.0074272658016345883,0.0016751906164857381,0.057036261946661386,0.044054179952255634
10000,0,single,gaussian_matched,0.050000000000000003,835,8,0.02,2.3669827201314551,1-<5%,True,False,2,0.045644684771190831,0.4311436181488752,-0.0082261126834743542,0.090174727722663869,1.4902566191677917,1.5357288707879773,1.4830368704021546,0.96568925583928977,,1.0556648954885042,False,False,False,,-1,,,False,3,0.045644684771190831,0.011424289984733176,0.027653040630594927,0.0052483182912022586
10000,0,single,gaussian_matched,0.050000000000000003,835,8,0.050000000000000003,2.3669827201314551,1-<5%,True,True,4,0.045644684771190831,0.4311436181488752,-0.0082261126834743542,0.090174727722663869,1.4902566191677917,1.5357288707879773,1.4830368704021546,0.96568925583928977,0.9330602487452383,1.0556648954885042,True,True,False,1>4>3>2,5,0,0,True,3,0.045644684771190831,0.011424289984733176,0.027653040630594927,0.0052483182912022586
10000,0,single,gaussian_matched,0.050000000000000003,835,9,0.02,2.3669827201314551,1-<5%,True,False,1,0.05258716023278364,0.5078367006348482,-0.026964856564356154,0.077362801285967842,1.4902566191677917,1.5663715703061563,1.4789255761181588,0.94417289240578739,,1.0443089850345433,False,False,False,,-1,,,False,3,0.027509298881313038,0.0052264845170697828,0.05258716023278364,0.033764771358324744
10000,0,single,gaussian_matched,0.050000000000000003,835,9,0.050000000000000003,2.3669827201314551,1-<5%,True,False,3,0.05258716023278364,0.5078367006348482,-0.026964856564356154,0.077362801285967842,1.4902566191677917,1.5663715703061563,1.4789255761181588,0.94417289240578739,,1.0443089850345433,False,False,False,,-1,,,False,3,0.027509298881313038,0.0052264845170697828,0.05258716023278364,0.033764771358324744
10000,0,single,gaussian_matched,0.050000000000000003,835,10,0.02,2.3669827201314551,1-<5%,True,False,2,0.053503971457877691,0.53101597097282449,-0.0020412317336424568,0.060582837963748172,1.4902566191677917,1.5494779920722237,1.4631405082001123,0.9442796320348853,,1.0224570228815744,False,False,False,,-1,,,False,3,0.010875439236494065,0.002701709673164728,0.053503971457877691,0.03985930330186465
10000,0,single,gaussian_matched,0.050000000000000003,835,10,0.050000000000000003,2.3669827201314551,1-<5%,True,False,3,0.053503971457877691,0.53101597097282449,-0.0020412317336424568,0.060582837963748172,1.4902566191677917,1.5494779920722237,1.4631405082001123,0.9442796320348853,,1.0224570228815744,False,False,False,,-1,,,False,3,0.010875439236494065,0.002701709673164728,0.053503971457877691,0.03985930330186465
10000,0,single,gaussian_matched,0.050000000000000003,835,11,0.02,2.3669827201314551,1-<5%,True,False,2,0.050309190286871745,0.5577098291243755,0.038611728779257365,0.058822760042026363,1.4902566191677917,1.5136785553253367,1.4434802362517529,0.9536240248455552,,1.00808342467401,False,False,False,,-1,,,False,3,0.013682164075756613,0.00026606073075450821,0.050309190286871745,0.04458958616436539
10000,0,single,gaussian_matched,0.050000000000000003,835,11,0.050000000000000003,2.3669827201314551,1-<5%,True,False,3,0.050309190286871745,0.5577098291243755,0.038611728779257365,0.058822760042026363,1.4902566191677917,1.5136785553253367,1.4434802362517529,0.9536240248455552,,1.00808342467401,False,False,False,,-1,,,False,3,0.013682164075756613,0.00026606073075450821,0.050309190286871745,0.04458958616436539
10000,0,single,gaussian_matched,0.050000000000000003,835,12,0.02,2.3669827201314551,1-<5%,True,False,3,0.058645907150879716,0.38522812576086374,0.12477791000569058,0.13698291477838859,1.4902566191677917,1.4042956860990761,1.4065723001471295,1.0016211785527716,,1.0357647099648448,False,False,False,,-1,,,False,3,0.058645907150879716,0.018535043351594453,0.0090361255492325265,0.0025709620185298478
10000,0,single,gaussian_matched,0.050000000000000003,835,12,0.050000000000000003,2.3669827201314551,1-<5%,True,False,3,0.058645907150879716,0.38522812576086374,0.12477791000569058,0.13698291477838859,1.4902566191677917,1.4042956860990761,1.4065723001471295,1.0016211785527716,,1.0357647099648448,False,False,False,,-1,,,False,3,0.058645907150879716,0.018535043351594453,0.0090361255492325265,0.0025709620185298478
10000,0,single,gaussian_matched,0.050000000000000003,835,13,0.02,2.3669827201314551,1-<5%,True,False,3,0.027826946907980626,0.48177741591096634,0.011355282676839981,0.042725598273972085,1.4902566191677917,1.5229854071232236,1.4733208029169376,0.96738996711721759,,1.0173055980368801,False,False,False,,-1,,,False,3,0.019923392783765578,0.0080677048991342377,0.027826946907980626,0.0098514278272530693
10000,0,single,gaussian_matched,0.050000000000000003,835,13,0.050000000000000003,2.3669827201314551,1-<5%,True,True,4,0.027826946907980626,0.48177741591096634,0.011355282676839981,0.042725598273972085,1.4902566191677917,1.5229854071232236,1.4733208029169376,0.96738996711721759,0.93150302889650194,1.0173055980368801,True,True,False,1>4>3>2,5,0,0,True,3,0.019923392783765578,0.0080677048991342377,0.027826946907980626,0.0098514278272530693
10000,0,single,gaussian_matched,0.050000000000000003,835,14,0.02,2.3669827201314551,1-<5%,True,False,2,0.030036362045002381,0.51441143273466905,0.030679996938783517,0.024102944047383609,1.4902566191677917,1.5131062307273566,1.4622888768927269,0.96641521077459214,,0.99740662233740696,False,False,False,,-1,,,False,3,0.0026138426285091912,0.0054519739482470422,0.030036362045002381,0.020309550055877836
10000,0,single,gaussian_matched,0.050000000000000003,835,14,0.050000000000000003,2.3669827201314551,1-<5%,True,True,4,0.030036362045002381,0.51441143273466905,0.030679996938783517,0.024102944047383609,1.4902566191677917,1.5131062307273566,1.4622888768927269,0.96641521077459214,0.92871780136347049,0.99740662233740696,True,True,False,1>4>3>2,5,0,0,True,3,0.0026138426285091912,0.0054519739482470422,0.030036362045002381,0.020309550055877836
10000,0,single,gaussian_matched,0.050000000000000003,835,15,0.02,2.3669827201314551,1-<5%,True,False,2,0.040827451530560353,0.42456854267753358,0.022351984936434019,0.080338767047710188,1.4902566191677917,1.5048906155560586,1.4662225902239776,0.97430509238853003,,1.0377819077464245,False,False,False,,-1,,,False,3,0.040827451530560353,0.011315466845838973,0.020426936697320586,0.011552228916174231
10000,0,single,gaussian_matched,0.050000000000000003,835,15,0.050000000000000003,2.3669827201314551,1-<5%,True,True,4,0.040827451530560353,0.42456854267753358,0.022351984936434019,0.080338767047710188,1.4902566191677917,1.5048906155560586,1.4662225902239776,0.97430509238853003,0.94399252922123922,1.0377819077464245,True,True,False,1>4>3>2,5,0,0,True,3,0.040827451530560353,0.011315466845838973,0.020426936697320586,0.011552228916174231
10000,0,single,gaussian_matched,0.050000000000000003,835,16,0.02,2.3669827201314551,1-<5%,True,True,4,0.0085512240241944083,0.47136168323265987,0.071537577601643185,0.035833230892752567,1.4902566191677917,1.4619756172984628,1.4447009468905181,0.98818402290465968,0.97830088002563842,0.99347599516789897,True,True,False,1>4>3>2,5,0,0,True,3,0.0065142499193376327,0.0081636269214130659,0.0085512240241944083,0.0063130337932654056
10000,0,single,gaussian_matched,0.050000000000000003,835,16,0.050000000000000003,2.3669827201314551,1-<5%,True,True,4,0.0085512240241944083,0.47136168323265987,0.071537577601643185,0.035833230892752567,1.4902566191677917,1.4619756172984628,1.4447009468905181,0.98818402290465968,0.95713570826502214,0.99347599516789897,True,True,False,1>4>3>2,5,0,0,True,3,0.0065142499193376327,0.0081636269214130659,0.0085512240241944083,0.0063130337932654056
10000,0,single,gaussian_matched,0.050000000000000003,835,17,0.02,2.3669827201314551,1-<5%,True,False,3,0.023549372870393246,0.50474347968667832,0.038920907474656478,0.012051841797959871,1.4902566191677917,1.5022499694377969,1.4607930607776942,0.97240345514826831,,0.98831629642292007,False,False,False,,-1,,,False,3,0.0018284064615666587,0.0061535392385602085,0.023549372870393246,0.01439727212749156
10000,0,single,gaussian_matched,0.050000000000000003,835,17,0.050000000000000003,2.3669827201314551,1-<5%,True,True,4,0.023549372870393246,0.50474347968667832,0.038920907474656478,0.012051841797959871,1.4902566191677917,1.5022499694377969,1.4607930607776942,0.97240345514826831,0.93630369378249489,0.98831629642292007,True,True,False,1>4>3>2,5,0,0,True,3,0.0018284064615666587,0.0061535392385602085,0.023549372870393246,0.01439727212749156
10000,0,single,gaussian_matched,0.050000000000000003,835,18,0.02,2.3669827201314551,1-<5%,True,False,3,0.038241190368954625,0.42409346661560632,0.042019497120702867,0.076324899191826931,1.4902566191677917,1.4852187676544397,1.4553448651014795,0.97988585708478548,,1.0277892710509422,False,False,False,,-1,,,False,3,0.038241190368954625,0.011760525870906008,0.016948885975569435,0.010319300664250358
10000,0,single,gaussian_matched,0.050000000000000003,835,18,0.050000000000000003,2.3669827201314551,1-<5%,True,True,4,0.038241190368954625,0.42409346661560632,0.042019497120702867,0.076324899191826931,1.4902566191677917,1.4852187676544397,1.4553448651014795,0.97988585708478548,0.95075597011489754,1.0277892710509422,True,True,False,1>4>3>2,5,0,0,True,3,0.038241190368954625,0.011760525870906008,0.016948885975569435,0.010319300664250358
10000,0,single,gaussian_matched,0.050000000000000003,835,19,0.02,2.3669827201314551,1-<5%,True,False,2,0.077866638760179671,0.58201487899051096,0.16395722888398045,0.14040188884322058,1.4902566191677917,1.3879144229773988,1.413206906224076,1.0182233737382878,,1.0425109173042175,False,False,False,,-1,,,False,3,0.077866638760179671,0.0017332345413414636,0.013996884644212497,0.053487100563149537
10000,0,single,gaussian_matched,0.050000000000000003,835,19,0.050000000000000003,2.3669827201314551,1-<5%,True,False,2,0.077866638760179671,0.58201487899051096,0.16395722888398045,0.14040188884322058,1.4902566191677917,1.3879144229773988,1.413206906224076,1.0182233737382878,,1.0425109173042175,False,False,False,,-1,,,False,3,0.077866638760179671,0.0017332345413414636,0.013996884644212497,0.053487100563149537
10000,0,single,gaussian_matched,0.050000000000000003,835,20,0.02,2.3669827201314551,1-<5%,True,False,2,0.033261776058547479,0.53208077421384647,0.098900467045656804,0.058484457349309169,1.4902566191677917,1.4572423435894604,1.437291544202723,0.9863092096695496,,1.0037036456092525,False,False,False,,-1,,,False,3,0.033261776058547479,0.0032852127529669523,0.010276245291467029,0.024714584579707852
10000,0,single,gaussian_matched,0.050000000000000003,835,20,0.050000000000000003,2.3669827201314551,1-<5%,True,True,4,0.033261776058547479,0.53208077421384647,0.098900467045656804,0.058484457349309169,1.4902566191677917,1.4572423435894604,1.437291544202723,0.9863092096695496,0.95202846169464028,1.0037036456092525,True,True,False,1>4>3>2,5,0,0,True,3,0.033261776058547479,0.0032852127529669523,0.010276245291467029,0.024714584579707852
10000,0,single,gaussian_matched,0.050000000000000003,835,21,0.02,2.3669827201314551,1-<5%,True,True,4,0.016588280939136398,0.45748895448834848,0.05844651114707404,0.04334204126539673,1.4902566191677917,1.4721665013716536,1.4498696497621906,0.98485439548536902,0.97532950337225111,1.0019829281895394,True,True,False,1>4>3>2,5,0,0,True,3,0.016588280939136398,0.0090899799849899331,0.01172030453044251,0.00033586237611239647
10000,0,single,gaussian_matched,0.050000000000000003,835,21,0.050000000000000003,2.3669827201314551,1-<5%,True,True,4,0.016588280939136398,0.45748895448834848,0.05844651114707404,0.04334204126539673,1.4902566191677917,1.4721665013716536,1.4498696497621906,0.98485439548536902,0.95410142208684179,1.0019829281895394,True,True,False,1>4>3>2,5,0,0,True,3,0.016588280939136398,0.0090899799849899331,0.01172030453044251,0.00033586237611239647
10000,0,single,gaussian_matched,0.050000000000000003,835,22,0.02,2.3669827201314551,1-<5%,True,False,1,0.050797241460862466,0.5126053377385833,-0.017936213195699088,0.069095756764617836,1.4902566191677917,1.5589481933680456,1.4749627098718596,0.94612682842606932,,1.0361024046306404,False,False,False,,-1,,,False,3,0.022636130753593799,0.0048095406655316031,0.050797241460862466,0.033627343491189024
10000,0,single,gaussian_matched,0.050000000000000003,835,22,0.050000000000000003,2.3669827201314551,1-<5%,True,False,3,0.050797241460862466,0.5126053377385833,-0.017936213195699088,0.069095756764617836,1.4902566191677917,1.5589481933680456,1.4749627098718596,0.94612682842606932,,1.0361024046306404,False,False,False,,-1,,,False,3,0.022636130753593799,0.0048095406655316031,0.050797241460862466,0.033627343491189024
10000,0,single,gaussian_matched,0.050000000000000003,835,23,0.02,2.3669827201314551,1-<5%,True,False,3,0.051525230651488209,0.39917664239017392,0.089170405168473119,0.10816501320104029,1.4902566191677917,1.4383301878533201,1.4271909648650789,0.99225544796159337,,1.0302628140135439,False,False,False,,-1,,,False,3,0.051525230651488209,0.01599918433535372,0.012696085380526632,0.0036529977810479519
10000,0,single,gaussian_matched,0.050000000000000003,835,23,0.050000000000000003,2.3669827201314551,1-<5%,True,False,3,0.051525230651488209,0.39917664239017392,0.089170405168473119,0.10816501320104029,1.4902566191677917,1.4383301878533201,1.4271909648650789,0.99225544796159337,,1.0302628140135439,False,False,False,,-1,,,False,3,0.051525230651488209,0.01599918433535372,0.012696085380526632,0.0036529977810479519
10000,0,single,gaussian_matched,0.050000000000000003,835,24,0.02,2.3669827201314551,1-<5%,True,False,1,0.059002210568705478,0.5021695871745756,-0.047375184331780784,0.097399351292276934,1.4902566191677917,1.5847768693544846,1.4860068226730745,0.93767573934768411,,1.0625057145188708,False,False,False,,-1,,,False,3,0.03705736529123832,0.0056472250272834026,0.059002210568705478,0.036776302711865806
10000,0,single,gaussian_matched,0.050000000000000003,835,24,0.050000000000000003,2.3669827201314551,1-<5%,True,False,3,0.059002210568705478,0.5021695871745756,-0.047375184331780784,0.097399351292276934,1.4902566191677917,1.5847768693544846,1.4860068226730745,0.93767573934768411,,1.0625057145188708,False,False,False,,-1,,,False,3,0.03705736529123832,0.0056472250272834026,0.059002210568705478,0.036776302711865806
10000,0,single,gaussian_matched,0.050000000000000003,835,25,0.02,2.3669827201314551,1-<5%,True,False,1,0.044454923442374693,0.48437588460412812,-0.030776767752618214,0.082273927768546112,1.4902566191677917,1.5647672293181945,1.4882796956232567,0.9511189062105645,,1.0538813270085332,False,False,False,,-1,,,False,3,0.036088146607395823,0.0080799148322171898,0.044454923442374693,0.021729924436767297
10000,0,single,gaussian_matched,0.050000000000000003,835,25,0.050000000000000003,2.3669827201314551,1-<5%,True,True,4,0.044454923442374693,0.48437588460412812,-0.030776767752618214,0.082273927768546112,1.4902566191677917,1.5647672293181945,1.4882796956232567,0.9511189062105645,0.91206762611116077,1.0538813270085332,True,True,False,1>4>3>2,5,0,0,True,3,0.036088146607395823,0.0080799148322171898,0.044454923442374693,0.021729924436767297
10000,0,single,gaussian_matched,0.050000000000000003,835,26,0.02,2.3669827201314551,1-<5%,True,False,1,0.089332030342102173,0.53191118701790996,-0.060811323468709086,0.11531467064419385,1.4902566191677917,1.6055484662083495,1.4614740035364595,0.91026464432298637,,1.0580652042741363,False,False,False,,-1,,,False,3,0.030363662754460174,0.0014747616680143073,0.089332030342102173,0.063577599777500202
10000,0,single,gaussian_matched,0.050000000000000003,835,26,0.050000000000000003,2.3669827201314551,1-<5%,True,False,2,0.089332030342102173,0.53191118701790996,-0.060811323468709086,0.11531467064419385,1.4902566191677917,1.6055484662083495,1.4614740035364595,0.91026464432298637,,1.0580652042741363,False,False,False,,-1,,,False,3,0.030363662754460174,0.0014747616680143073,0.089332030342102173,0.063577599777500202
10000,0,single,gaussian_matched,0.050000000000000003,835,27,0.02,2.3669827201314551,1-<5%,True,False,2,0.042665051635544543,0.53902906936074568,0.12394743398319653,0.083615137671746415,1.4902566191677917,1.4389414104038654,1.4278535712118052,0.99229444707623771,,1.014233850360353,False,False,False,,-1,,,False,3,0.042665051635544543,0.0033296249289408615,0.005493110030425916,0.03220085818979454
10000,0,single,gaussian_matched,0.050000000000000003,835,27,0.050000000000000003,2.3669827201314551,1-<5%,True,True,4,0.042665051635544543,0.53902906936074568,0.12394743398319653,0.083615137671746415,1.4902566191677917,1.4389414104038654,1.4278535712118052,0.99229444707623771,0.95924558244716152,1.014233850360353,True,True,False,1>4>3>2,5,0,0,True,3,0.042665051635544543,0.0033296249289408615,0.005493110030425916,0.03220085818979454
10000,0,single,gaussian_matched,0.050000000000000003,835,28,0.02,2.3669827201314551,1-<5%,True,False,1,0.039881652980729258,0.56491088571571757,0.07373310505752495,0.06911355409809615,1.4902566191677917,1.4782028151259907,1.4371864302931208,0.97225253232292486,,1.0107655050929312,False,False,False,,-1,,,False,3,0.030542604813913066,0.0006267400525949028,0.036538865246263735,0.039881652980729258
10000,0,single,gaussian_matched,0.050000000000000003,835,28,0.050000000000000003,2.3669827201314551,1-<5%,True,True,4,0.039881652980729258,0.56491088571571757,0.07373310505752495,0.06911355409809615,1.4902566191677917,1.4782028151259907,1.4371864302931208,0.97225253232292486,0.93205030799032995,1.0107655050929312,True,True,False,1>4>3>2,5,0,1.1554232864846803,True,3,0.030542604813913066,0.0006267400525949028,0.036538865246263735,0.039881652980729258
10000,0,single,gaussian_matched,0.050000000000000003,835,29,0.02,2.3669827201314551,1-<5%,True,False,1,0.11458718753253158,0.54378185261633427,-0.065064810632178838,0.12311279894607868,1.4902566191677917,1.6132159886926123,1.4321042748315638,0.88773250753122923,,1.0435901131216763,False,False,False,,-1,,,False,3,0.026120511776580493,0.001907141351990784,0.11458718753253158,0.075042574690542568
10000,0,single,gaussian_matched,0.050000000000000003,835,29,0.050000000000000003,2.3669827201314551,1-<5%,True,False,2,0.11458718753253158,0.54378185261633427,-0.065064810632178838,0.12311279894607868,1.4902566191677917,1.6132159886926123,1.4321042748315638,0.88773250753122923,,1.0435901131216763,False,False,False,,-1,,,False,3,0.026120511776580493,0.001907141351990784,0.11458718753253158,0.075042574690542568
10000,0,single,gaussian_matched,0.050000000000000003,835,30,0.02,2.3669827201314551,1-<5%,True,False,3,0.020744282306328563,0.44467454529405587,0.091554017016418285,0.069192790582691899,1.4902566191677917,1.4375337931099463,1.4310446445235496,0.9954859157972501,,1.0066973807128758,False,False,False,,-1,,,False,3,0.020744282306328563,0.012009455709412099,0.0069435273403051744,0.0092257112733483016
10000,0,single,gaussian_matched,0.050000000000000003,835,30,0.050000000000000003,2.3669827201314551,1-<5%,True,True,4,0.020744282306328563,0.44467454529405587,0.091554017016418285,0.069192790582691899,1.4902566191677917,1.4375337931099463,1.4310446445235496,0.9954859157972501,0.9675933143181743,1.0066973807128758,True,True,False,1>4>3>2,5,0,0,True,3,0.020744282306328563,0.012009455709412099,0.0069435273403051744,0.0092257112733483016
10000,0,single,gaussian_matched,0.050000000000000003,835,31,0.02,2.3669827201314551,1-<5%,True,False,2,0.031487904478741856,0.45286065473078546,0.0068280817384303999,0.06392129847549928,1.4902566191677917,1.5226152003423306,1.4759309259567179,0.96933941394049095,,1.0332799093971623,False,False,False,,-1,,,False,3,0.031487904478741856,0.009810366119936088,0.024855270962405838,0.00014592959240645656
10000,0,single,gaussian_matched,0.050000000000000003,835,31,0.050000000000000003,2.3669827201314551,1-<5%,True,True,4,0.031487904478741856,0.45286065473078546,0.0068280817384303999,0.06392129847549928,1.4902566191677917,1.5226152003423306,1.4759309259567179,0.96933941394049095,0.93573269771694523,1.0332799093971623,True,True,False,1>4>3>2,5,0,0,True,3,0.031487904478741856,0.009810366119936088,0.024855270962405838,0.00014592959240645656
10000,0,single,gaussian_matched,0.050000000000000003,836,0,0.02,10.656889372279107,>=10%,True,False,0,0.05173485210441596,0.58929379354080835,0.16074949492756985,0.14226324961711062,1.4027110334504043,1.282646050911018,1.3521309071640899,1.0541730559289675,,1.0653613760385652,False,False,False,,-1,,,False,1,0.021780820087887762,0.05173485210441596,0.034321640302763766,0.035631990336370101
10000,0,single,gaussian_matched,0.050000000000000003,836,0,0.050000000000000003,10.656889372279107,>=10%,True,False,3,0.05173485210441596,0.58929379354080835,0.16074949492756985,0.14226324961711062,1.4027110334504043,1.282646050911018,1.3521309071640899,1.0541730559289675,,1.0653613760385652,False,False,False,,-1,,,False,1,0.021780820087887762,0.05173485210441596,0.034321640302763766,0.035631990336370101
10000,0,single,gaussian_matched,0.050000000000000003,836,1,0.02,10.656889372279107,>=10%,True,False,3,0.021586341731155326,0.4362782908460261,0.037112374845049506,0.06501189967719874,1.4027110334504043,1.4661216467297742,1.4347672243869605,0.97861403764636401,,1.0692003472554041,False,False,False,,-1,,,False,1,0.015587023915680395,0.016744650886265609,0.021586341731155326,0.0045119520851515686
10000,0,single,gaussian_matched,0.050000000000000003,836,1,0.050000000000000003,10.656889372279107,>=10%,True,True,4,0.021586341731155326,0.4362782908460261,0.037112374845049506,0.06501189967719874,1.4027110334504043,1.4661216467297742,1.4347672243869605,0.97861403764636401,0.94578908173613574,1.0692003472554041,True,True,False,3>2>4>1,15,0,0,True,1,0.015587023915680395,0.016744650886265609,0.021586341731155326,0.0045119520851515686
10000,0,single,gaussian_matched,0.050000000000000003,836,2,0.02,10.656889372279107,>=10%,True,False,3,0.021781365603006159,0.43729721363154517,0.0053148838455063657,0.076996097460252308,1.4027110334504043,1.4786958415579206,1.4507448176555191,0.98109751639461373,,1.0891344536998595,False,False,False,,-1,,,False,1,0.019061599628438359,0.021781365603006159,0.014603569772911662,0.011473211436066309
10000,0,single,gaussian_matched,0.050000000000000003,836,2,0.050000000000000003,10.656889372279107,>=10%,True,True,4,0.021781365603006159,0.43729721363154517,0.0053148838455063657,0.076996097460252308,1.4027110334504043,1.4786958415579206,1.4507448176555191,0.98109751639461373,0.95064549044900282,1.0891344536998595,True,True,False,3>2>4>1,15,0,0,True,1,0.019061599628438359,0.021781365603006159,0.014603569772911662,0.011473211436066309
10000,0,single,gaussian_matched,0.050000000000000003,836,3,0.02,10.656889372279107,>=10%,True,True,4,0.016402222645460915,0.46419891235158212,0.060530450582362685,0.037317666945795018,1.4027110334504043,1.4313769798236533,1.4182806188121593,0.9908505158346842,0.98033424396048918,1.037703597566676,True,True,False,3>2>4>1,15,0,0,True,1,0.010668285134260087,0.0031907990344137243,0.016402222645460915,0.0016524147322574082
10000,0,single,gaussian_matched,0.050000000000000003,836,3,0.050000000000000003,10.656889372279107,>=10%,True,True,4,0.016402222645460915,0.46419891235158212,0.060530450582362685,0.037317666945795018,1.4027110334504043,1.4313769798236533,1.4182806188121593,0.9908505158346842,0.95804043320504439,1.037703597566676,True,True,False,3>2>4>1,15,0,0,True,1,0.010668285134260087,0.0031907990344137243,0.016402222645460915,0.0016524147322574082
10000,0,single,gaussian_matched,0.050000000000000003,836,4,0.02,10.656889372279107,>=10%,True,False,1,0.039766143846643419,0.39155721264043136,0.018122329643519494,0.11303107536279151,1.4027110334504043,1.5147074136477234,1.4520064085611613,0.95860520353857293,,1.1157233718154023,False,False,False,,-1,,,False,1,0.02141219924425317,0.038616827526860457,0.039766143846643419,0.0099612545183695271
10000,0,single,gaussian_matched,0.050000000000000003,836,4,0.050000000000000003,10.656889372279107,>=10%,True,True,4,0.039766143846643419,0.39155721264043136,0.018122329643519494,0.11303107536279151,1.4027110334504043,1.5147074136477234,1.4520064085611613,0.95860520353857293,0.9250573494971156,1.1157233718154023,True,True,False,3>2>4>1,15,0,0,True,1,0.02141219924425317,0.038616827526860457,0.039766143846643419,0.0099612545183695271
10000,0,single,gaussian_matched,0.050000000000000003,836,5,0.02,10.656889372279107,>=10%,True,False,3,0.02302928130300274,0.43177209769324232,0.008074332460786128,0.080080011562119316,1.4027110334504043,1.4823917305651602,1.4503322448821667,0.97837313510189994,,1.0910388668432736,False,False,False,,-1,,,False,1,0.019175845604422904,0.02302928130300274,0.017805883385401618,0.01101741983230912
10000,0,single,gaussian_matched,0.050000000000000003,836,5,0.050000000000000003,10.656889372279107,>=10%,True,True,4,0.02302928130300274,0.43177209769324232,0.008074332460786128,0.080080011562119316,1.4027110334504043,1.4823917305651602,1.4503322448821667,0.97837313510189994,0.9474431706355485,1.0910388668432736,True,True,False,3>2>4>1,15,0,0,True,1,0.019175845604422904,0.02302928130300274,0.017805883385401618,0.01101741983230912
10000,0,single,gaussian_matched,0.050000000000000003,836,6,0.02,10.656889372279107,>=10%,True,True,4,0.015112997765463574,0.50402401840214606,0.080005934959497427,0.03027455791410338,1.4027110334504043,1.3871922980358169,1.4019316265245141,1.0106252957932129,1.0011663431924942,1.0210272467278314,True,True,False,3>2>4>1,15,0,0,True,1,0.007757590617426334,0.015112997765463574,0.010368526479648438,0.0086179336856686221
10000,0,single,gaussian_matched,0.050000000000000003,836,6,0.050000000000000003,10.656889372279107,>=10%,True,True,4,0.015112997765463574,0.50402401840214606,0.080005934959497427,0.03027455791410338,1.4027110334504043,1.3871922980358169,1.4019316265245141,1.0106252957932129,0.97930876171597403,1.0210272467278314,True,True,False,3>2>4>1,15,0,0,True,1,0.007757590617426334,0.015112997765463574,0.010368526479648438,0.0086179336856686221
10000,0,single,gaussian_matched,0.050000000000000003,836,7,0.02,10.656889372279107,>=10%,True,True,4,0.018783484985109188,0.51103098914753908,0.017504589965116051,0.034316678086731556,1.4027110334504043,1.4081628647730418,1.4304392501342102,1.0158194665677105,1.0113410501495375,1.044232128564583,True,True,False,3>2>4>1,15,0,0,True,1,0.015175773605225821,0.0024800849019516987,0.018783484985109188,0.0030972212344710145
10000,0,single,gaussian_matched,0.050000000000000003,836,7,0.050000000000000003,10.656889372279107,>=10%,True,True,4,0.018783484985109188,0.51103098914753908,0.017504589965116051,0.034316678086731556,1.4027110334504043,1.4081628647730418,1.4304392501342102,1.0158194665677105,0.98849085608012499,1.044232128564583,True,True,False,3>2>4>1,15,0,0,True,1,0.015175773605225821,0.0024800849019516987,0.018783484985109188,0.0030972212344710145
10000,0,single,gaussian_matched,0.050000000000000003,836,8,0.02,10.656889372279107,>=10%,True,False,2,0.046334126688187031,0.40447423221798179,0.068642645762096222,0.097327902224157048,1.4027110334504043,1.4848684738004756,1.4247387893834347,0.95950504339071807,,1.0850892702138337,False,False,False,,-1,,,False,1,0.014846576601840774,0.032389214391655367,0.046334126688187031,0.0011926139701606494
10000,0,single,gaussian_matched,0.050000000000000003,836,8,0.050000000000000003,10.656889372279107,>=10%,True,True,4,0.046334126688187031,0.40447423221798179,0.068642645762096222,0.097327902224157048,1.4027110334504043,1.4848684738004756,1.4247387893834347,0.95950504339071807,0.92299919137268005,1.0850892702138337,True,True,False,3>2>4>1,15,0,0,True,1,0.014846576601840774,0.032389214391655367,0.046334126688187031,0.0011926139701606494
10000,0,single,gaussian_matched,0.050000000000000003,836,9,0.02,10.656889372279107,>=10%,True,True,4,0.015734180988726049,0.45852865380926705,0.052044443031780185,0.041521708806139167,1.4027110334504043,1.4398201963546624,1.4233846618477664,0.98858500905286117,0.97859347817583253,1.0443393797584328,True,True,False,3>2>4>1,15,0,0,True,1,0.012077473416983267,0.0058538778830560167,0.015734180988726049,0.00047184756546300456
10000,0,single,gaussian_matched,0.050000000000000003,836,9,0.050000000000000003,10.656889372279107,>=10%,True,True,4,0.015734180988726049,0.45852865380926705,0.052044443031780185,0.041521708806139167,1.4027110334504043,1.4398201963546624,1.4233846618477664,0.98858500905286117,0.95596464406073212,1.0443393797584328,True,True,False,3>2>4>1,15,0,0,True,1,0.012077473416983267,0.0058538778830560167,0.015734180988726049,0.00047184756546300456
10000,0,single,gaussian_matched,0.050000000000000003,836,10,0.02,10.656889372279107,>=10%,True,False,3,0.021255115035701176,0.44579925283372651,-0.0012033077883411153,0.074562052827493272,1.4027110334504043,1.4741901332942078,1.4525428625676751,0.98531582172636034,,1.0886810461872383,False,False,False,,-1,,,False,1,0.019234266039220089,0.021255115035701176,0.0093260621950705565,0.012544468263232543
10000,0,single,gaussian_matched,0.050000000000000003,836,10,0.050000000000000003,10.656889372279107,>=10%,True,True,4,0.021255115035701176,0.44579925283372651,-0.0012033077883411153,0.074562052827493272,1.4027110334504043,1.4741901332942078,1.4525428625676751,0.98531582172636034,0.95578370404676549,1.0886810461872383,True,True,False,3>2>4>1,15,0,0,True,1,0.019234266039220089,0.021255115035701176,0.0093260621950705565,0.012544468263232543
10000,0,single,gaussian_matched,0.050000000000000003,836,11,0.02,10.656889372279107,>=10%,True,True,4,0.012985505618923709,0.50215219633506047,0.034234829119618088,0.015911397234444548,1.4027110334504043,1.4078001228718815,1.4238349899673004,1.0113900168318697,1.0049599754297598,1.0264026965413116,True,True,False,3>2>4>1,15,0,0,True,1,0.012985505618923709,0.0037319638291314476,0.0094887506572978227,0.00092483577863432752
10000,0,single,gaussian_matched,0.050000000000000003,836,11,0.050000000000000003,10.656889372279107,>=10%,True,True,4,0.012985505618923709,0.50215219633506047,0.034234829119618088,0.015911397234444548,1.4027110334504043,1.4078001228718815,1.4238349899673004,1.0113900168318697,0.98242761583327021,1.0264026965413116,True,True,False,3>2>4>1,15,0,0,True,1,0.012985505618923709,0.0037319638291314476,0.0094887506572978227,0.00092483577863432752
10000,0,single,gaussian_matched,0.050000000000000003,836,12,0.02,10.656889372279107,>=10%,True,True,4,0.009922345002593487,0.48017422871595938,0.060317469772179347,0.022349751441725789,1.4027110334504043,1.4166566246695385,1.4154270871668302,0.99913208502237083,0.9894277147364946,1.0249985950933147,True,True,False,3>2>4>1,15,0,0,True,1,0.009922345002593487,0.0044027467639192646,0.0098027927702585595,0.002514002725715721
10000,0,single,gaussian_matched,0.050000000000000003,836,12,0.050000000000000003,10.656889372279107,>=10%,True,True,4,0.009922345002593487,0.48017422871595938,0.060317469772179347,0.022349751441725789,1.4027110334504043,1.4166566246695385,1.4154270871668302,0.99913208502237083,0.9672761457211797,1.0249985950933147,True,True,False,3>2>4>1,15,0,0,True,1,0.009922345002593487,0.0044027467639192646,0.0098027927702585595,0.002514002725715721
10000,0,single,gaussian_matched,0.050000000000000003,836,13,0.02,10.656889372279107,>=10%,True,True,4,0.015993288350588795,0.50564639661337552,0.092310930050887585,0.042686023432578497,1.4027110334504043,1.3814208525029275,1.3961311946113564,1.0106487042538672,1.0007334696414805,1.0257402870103018,True,True,False,3>2>4>1,15,0,0,True,1,0.0067052680471926885,0.015216708580902166,0.015993288350588795,0.011392050368505402
10000,0,single,gaussian_matched,0.050000000000000003,836,13,0.050000000000000003,10.656889372279107,>=10%,True,True,4,0.015993288350588795,0.50564639661337552,0.092310930050887585,0.042686023432578497,1.4027110334504043,1.3814208525029275,1.3961311946113564,1.0106487042538672,0.97892143968066836,1.0257402870103018,True,True,False,3>2>4>1,15,0,0,True,1,0.0067052680471926885,0.015216708580902166,0.015993288350588795,0.011392050368505402
10000,0,single,gaussian_matched,0.050000000000000003,836,14,0.02,10.656889372279107,>=10%,True,True,4,0.017101486557111367,0.50723403336511197,0.072127391645532973,0.02327987757189362,1.4027110334504043,1.3871368589748347,1.4049315995278662,1.0128283957259867,1.0040266599384566,1.0181793990645596,True,True,False,3>2>4>1,15,0,0,True,1,0.0087382549998027536,0.017101486557111367,0.0054917092699915699,0.0072583974971645549
10000,0,single,gaussian_matched,0.050000000000000003,836,14,0.050000000000000003,10.656889372279107,>=10%,True,True,4,0.017101486557111367,0.50723403336511197,0.072127391645532973,0.02327987757189362,1.4027110334504043,1.3871368589748347,1.4049315995278662,1.0128283957259867,0.98210022910337524,1.0181793990645596,True,True,False,3>2>4>1,15,0,0,True,1,0.0087382549998027536,0.017101486557111367,0.0054917092699915699,0.0072583974971645549
10000,0,single,gaussian_matched,0.050000000000000003,836,15,0.02,10.656889372279107,>=10%,True,False,1,0.029524350414794866,0.42079938437226017,-0.0029490393623318734,0.095269818333020645,1.4027110334504043,1.4971472267565586,1.4580762364197888,0.97390304063721655,,1.1073884910792151,False,False,False,,-1,,,False,1,0.02127228956459867,0.029524350414794866,0.021399958259375382,0.013670485737719793
10000,0,single,gaussian_matched,0.050000000000000003,836,15,0.050000000000000003,10.656889372279107,>=10%,True,True,4,0.029524350414794866,0.42079938437226017,-0.0029490393623318734,0.095269818333020645,1.4027110334504043,1.4971472267565586,1.4580762364197888,0.97390304063721655,0.94333036890302757,1.1073884910792151,True,True,False,3>2>4>1,15,0,0,True,1,0.02127228956459867,0.029524350414794866,0.021399958259375382,0.013670485737719793
10000,0,single,gaussian_matched,0.050000000000000003,836,16,0.02,10.656889372279107,>=10%,True,True,4,0.012417940813517315,0.4808394561028359,0.040327299150861612,0.021463633992222165,1.4027110334504043,1.4241674105371989,1.4248875736747664,1.0005056730916879,0.99253190658589996,1.03111130744387,True,True,False,3>2>4>1,15,0,0,True,1,0.012417940813517315,0.0025139617995785556,0.0018304959195612203,0.0016907214011887691
10000,0,single,gaussian_matched,0.050000000000000003,836,16,0.050000000000000003,10.656889372279107,>=10%,True,True,4,0.012417940813517315,0.4808394561028359,0.040327299150861612,0.021463633992222165,1.4027110334504043,1.4241674105371989,1.4248875736747664,1.0005056730916879,0.96988248549825939,1.03111130744387,True,True,False,3>2>4>1,15,0,0,True,1,0.012417940813517315,0.0025139617995785556,0.0018304959195612203,0.0016907214011887691
10000,0,single,gaussian_matched,0.050000000000000003,836,17,0.02,10.656889372279107,>=10%,True,False,2,0.049750548827375583,0.4151268648078304,0.091421916676752701,0.094441644725852494,1.4027110334504043,1.4681301813717949,1.412299777807331,0.96197176226409509,,1.0741638060883316,False,False,False,,-1,,,False,1,0.011375925799875276,0.028958974593284129,0.049750548827375583,0.0065167824963015949
10000,0,single,gaussian_matched,0.050000000000000003,836,17,0.050000000000000003,10.656889372279107,>=10%,True,True,4,0.049750548827375583,0.4151268648078304,0.091421916676752701,0.094441644725852494,1.4027110334504043,1.4681301813717949,1.412299777807331,0.96197176226409509,0.92467470640667948,1.0741638060883316,True,True,False,3>2>4>1,15,0,0,True,1,0.011375925799875276,0.028958974593284129,0.049750548827375583,0.0065167824963015949
10000,0,single,gaussian_matched,0.050000000000000003,836,18,0.02,10.656889372279107,>=10%,True,True,4,0.018873505057329956,0.51350352961494017,0.095382232608024864,0.047348625624725804,1.4027110334504043,1.3729903521573537,1.3933480972646461,1.0148273038301432,1.0054420432984614,1.0270801958016471,True,True,False,3>2>4>1,15,0,0,True,1,0.0072265403833077016,0.018873505057329956,0.015234612194021842,0.012777302851550631
10000,0,single,gaussian_matched,0.050000000000000003,836,18,0.050000000000000003,10.656889372279107,>=10%,True,True,4,0.018873505057329956,0.51350352961494017,0.095382232608024864,0.047348625624725804,1.4027110334504043,1.3729903521573537,1.3933480972646461,1.0148273038301432,0.9835572909764575,1.0270801958016471,True,True,False,3>2>4>1,15,0,0,True,1,0.0072265403833077016,0.018873505057329956,0.015234612194021842,0.012777302851550631
10000,0,single,gaussian_matched,0.050000000000000003,836,19,0.02,10.656889372279107,>=10%,True,False,1,0.03404236895849936,0.493275433734913,-0.04656240433378396,0.096796269154212369,1.4027110334504043,1.4585191205298957,1.4675161322656591,1.0061685936160334,,1.1152064567225641,False,False,False,,-1,,,False,1,0.02328324778873888,0.03404236895849936,0.020349317471806124,0.016521613461451569
10000,0,single,gaussian_matched,0.050000000000000003,836,19,0.050000000000000003,10.656889372279107,>=10%,True,True,4,0.03404236895849936,0.493275433734913,-0.04656240433378396,0.096796269154212369,1.4027110334504043,1.4585191205298957,1.4675161322656591,1.0061685936160334,0.98279052267751354,1.1152064567225641,True,True,False,3>2>4>1,15,0,0,True,1,0.02328324778873888,0.03404236895849936,0.020349317471806124,0.016521613461451569
10000,0,single,gaussian_matched,0.050000000000000003,836,20,0.02,10.656889372279107,>=10%,True,False,2,0.052471294207660897,0.56683192454495401,-0.0193835146549243,0.096335757869300653,1.4027110334504043,1.3840489565858283,1.4390995345065147,1.0397750221614164,,1.0946198153150151,False,False,False,,-1,,,False,1,0.022253383461441793,0.012493569614807562,0.052471294207660897,0.0029267802378533333
10000,0,single,gaussian_matched,0.050000000000000003,836,20,0.050000000000000003,10.656889372279107,>=10%,True,False,3,0.052471294207660897,0.56683192454495401,-0.0193835146549243,0.096335757869300653,1.4027110334504043,1.3840489565858283,1.4390995345065147,1.0397750221614164,,1.0946198153150151,False,False,False,,-1,,,False,1,0.022253383461441793,0.012493569614807562,0.052471294207660897,0.0029267802378533333
10000,0,single,gaussian_matched,0.050000000000000003,836,21,0.02,10.656889372279107,>=10%,True,False,2,0.06219925071894522,0.58607478947294833,-0.021379540715846759,0.11182087558062494,1.4027110334504043,1.3709961306614995,1.4367464304299604,1.0479580491133382,,1.1039816962167912,False,False,False,,-1,,,False,1,0.024097719051140172,0.010479142540160649,0.06219925071894522,0.00061427756607218055
10000,0,single,gaussian_matched,0.050000000000000003,836,21,0.050000000000000003,10.656889372279107,>=10%,True,False,3,0.06219925071894522,0.58607478947294833,-0.021379540715846759,0.11182087558062494,1.4027110334504043,1.3709961306614995,1.4367464304299604,1.0479580491133382,,1.1039816962167912,False,False,False,,-1,,,False,1,0.024097719051140172,0.010479142540160649,0.06219925071894522,0.00061427756607218055
10000,0,single,gaussian_matched,0.050000000000000003,836,22,0.02,10.656889372279107,>=10%,True,True,4,0.012198428582464865,0.47621085489610548,0.043292047538138353,0.024716796940638247,1.4027110334504043,1.427109760308465,1.4243187744067989,0.99804430886867257,0.98959630697228462,1.0330250042897884,True,True,False,3>2>4>1,15,0,0,True,1,0.012198428582464865,0.001713397646996338,0.0048853122316835432,0.0013993257113313067
10000,0,single,gaussian_matched,0.050000000000000003,836,22,0.050000000000000003,10.656889372279107,>=10%,True,True,4,0.012198428582464865,0.47621085489610548,0.043292047538138353,0.024716796940638247,1.4027110334504043,1.427109760308465,1.4243187744067989,0.99804430886867257,0.9669671895377735,1.0330250042897884,True,True,False,3>2>4>1,15,0,0,True,1,0.012198428582464865,0.001713397646996338,0.0048853122316835432,0.0013993257113313067
10000,0,single,gaussian_matched,0.050000000000000003,836,23,0.02,10.656889372279107,>=10%,True,True,4,0.015716416374930559,0.47261042422916105,0.067300859190303444,0.032396119978004081,1.4027110334504043,1.4210738952568553,1.4135444432445667,0.99470157601415399,0.98406069722087475,1.0308185568811206,True,True,False,3>2>4>1,15,0,0,True,1,0.0093493869523263683,0.00068713601594380441,0.015716416374930559,0.0035730948264512436
10000,0,single,gaussian_matched,0.050000000000000003,836,23,0.050000000000000003,10.656889372279107,>=10%,True,True,4,0.015716416374930559,0.47261042422916105,0.067300859190303444,0.032396119978004081,1.4027110334504043,1.4210738952568553,1.4135444432445667,0.99470157601415399,0.96200168789275109,1.0308185568811206,True,True,False,3>2>4>1,15,0,0,True,1,0.0093493869523263683,0.00068713601594380441,0.015716416374930559,0.0035730948264512436
10000,0,single,gaussian_matched,0.050000000000000003,836,24,0.02,10.656889372279107,>=10%,True,False,3,0.038014747964106164,0.56695941784193182,0.084366431461675634,0.075263638293271914,1.4027110334504043,1.3275003424753078,1.388395808679592,1.045872279091647,,1.0434504413731871,False,False,False,,-1,,,False,1,0.015041076542770338,0.038014747964106164,0.0049924080870831925,0.017086413213074438
10000,0,single,gaussian_matched,0.050000000000000003,836,24,0.050000000000000003,10.656889372279107,>=10%,True,True,4,0.038014747964106164,0.56695941784193182,0.084366431461675634,0.075263638293271914,1.4027110334504043,1.3275003424753078,1.388395808679592,1.045872279091647,1.0193964226139665,1.0434504413731871,True,True,False,3>2>4>1,15,0,0,True,1,0.015041076542770338,0.038014747964106164,0.0049924080870831925,0.017086413213074438
10000,0,single,gaussian_matched,0.050000000000000003,836,25,0.02,10.656889372279107,>=10%,True,True,4,0.019090805321723536,0.49752356307571127,-0.01416900418747262,0.064216772250338616,1.4027110334504043,1.4364024988146591,1.4492746354724151,1.0089613716687198,1.0078471344880362,1.0789759056787702,True,True,False,3>2>4>1,15,0,0,True,1,0.019090805321723536,0.018717629264049893,0.017905191578564624,0.010405639386035552
10000,0,single,gaussian_matched,0.050000000000000003,836,25,0.050000000000000003,10.656889372279107,>=10%,True,True,4,0.019090805321723536,0.49752356307571127,-0.01416900418747262,0.064216772250338616,1.4027110334504043,1.4364024988146591,1.4492746354724151,1.0089613716687198,0.98313862416643394,1.0789759056787702,True,True,False,3>2>4>1,15,0,0,True,1,0.019090805321723536,0.018717629264049893,0.017905191578564624,0.010405639386035552
10000,0,single,gaussian_matched,0.050000000000000003,836,26,0.02,10.656889372279107,>=10%,True,True,4,0.019274174355629795,0.48433323611165752,0.084810069435529101,0.038173137477019482,1.4027110334504043,1.4040153728718994,1.4033565516491464,0.99953075925272428,0.98842973340545681,1.0276740217693128,True,True,False,3>2>4>1,15,0,0,True,1,0.006777712563481109,0.0053147127659428153,0.019274174355629795,0.0081135931231258573
10000,0,single,gaussian_matched,0.050000000000000003,836,26,0.050000000000000003,10.656889372279107,>=10%,True,True,4,0.019274174355629795,0.48433323611165752,0.084810069435529101,0.038173137477019482,1.4027110334504043,1.4040153728718994,1.4033565516491464,0.99953075925272428,0.96667165690068879,1.0276740217693128,True,True,False,3>2>4>1,15,0,0,True,1,0.006777712563481109,0.0053147127659428153,0.019274174355629795,0.0081135931231258573
10000,0,single,gaussian_matched,0.050000000000000003,836,27,0.02,10.656889372279107,>=10%,True,True,4,0.013964784420636259,0.50168496353040781,0.026291363775880712,0.023768435659639566,1.4027110334504043,1.4119554799731961,1.4278307699789539,1.0112434777377393,1.0055059267108528,1.0348526325254128,True,True,False,3>2>4>1,15,0,0,True,1,0.013964784420636259,0.00012378963335650108,0.012038593437488709,0.0024959043096304838
10000,0,single,gaussian_matched,0.050000000000000003,836,27,0.050000000000000003,10.656889372279107,>=10%,True,True,4,0.013964784420636259,0.50168496353040781,0.026291363775880712,0.023768435659639566,1.4027110334504043,1.4119554799731961,1.4278307699789539,1.0112434777377393,0.98275953798668891,1.0348526325254128,True,True,False,3>2>4>1,15,0,0,True,1,0.013964784420636259,0.00012378963335650108,0.012038593437488709,0.0024959043096304838
10000,0,single,gaussian_matched,0.050000000000000003,836,28,0.02,10.656889372279107,>=10%,True,False,2,0.035090066140591514,0.4026641247456525,0.023154809188356593,0.10096998009925248,1.4027110334504043,1.5025163779422794,1.4476306422665954,0.96347079041437744,,1.1040054476199441,False,False,False,,-1,,,False,1,0.019945959139346121,0.033142499222608597,0.035090066140591514,0.0085330707355042393
10000,0,single,gaussian_matched,0.050000000000000003,836,28,0.050000000000000003,10.656889372279107,>=10%,True,True,4,0.035090066140591514,0.4026641247456525,0.023154809188356593,0.10096998009925248,1.4027110334504043,1.5025163779422794,1.4476306422665954,0.96347079041437744,0.93003488049652916,1.1040054476199441,True,True,False,3>2>4>1,15,0,0,True,1,0.019945959139346121,0.033142499222608597,0.035090066140591514,0.0085330707355042393
10000,0,single,gaussian_matched,0.050000000000000003,836,29,0.02,10.656889372279107,>=10%,True,False,2,0.061184065682542386,0.38273021383189731,0.081090937370128416,0.12132126414798758,1.4027110334504043,1.5021098133742772,1.4220084964723037,0.94667412715849497,,1.1002478228348938,False,False,False,,-1,,,False,1,0.015391786761314738,0.044218422345353475,0.061184065682542386,0.0028956034400243222
10000,0,single,gaussian_matched,0.050000000000000003,836,29,0.050000000000000003,10.656889372279107,>=10%,True,False,3,0.061184065682542386,0.38273021383189731,0.081090937370128416,0.12132126414798758,1.4027110334504043,1.5021098133742772,1.4220084964723037,0.94667412715849497,,1.1002478228348938,False,False,False,,-1,,,False,1,0.015391786761314738,0.044218422345353475,0.061184065682542386,0.0028956034400243222
10000,0,single,gaussian_matched,0.050000000000000003,836,30,0.02,10.656889372279107,>=10%,True,True,4,0.013441273852053494,0.46486931931240472,0.053414652130966876,0.035296240235318216,1.4027110334504043,1.4334390764878537,1.4215527181890653,0.99170780363549749,0.98184655931628162,1.0385952086231263,True,True,False,3>2>4>1,15,0,0,True,1,0.011495675237532633,0.0028476048793257074,0.013441273852053494,0.00012107239523992911
10000,0,single,gaussian_matched,0.050000000000000003,836,30,0.050000000000000003,10.656889372279107,>=10%,True,True,4,0.013441273852053494,0.46486931931240472,0.053414652130966876,0.035296240235318216,1.4027110334504043,1.4334390764878537,1.4215527181890653,0.99170780363549749,0.95935928924408964,1.0385952086231263,True,True,False,3>2>4>1,15,0,0,True,1,0.011495675237532633,0.0028476048793257074,0.013441273852053494,0.00012107239523992911
10000,0,single,gaussian_matched,0.050000000000000003,836,31,0.02,10.656889372279107,>=10%,True,False,3,0.03811536566710589,0.47144911534929512,0.11465062389421637,0.07067429648924195,1.4027110334504043,1.4077309709069636,1.3925139190307945,0.98919036933146021,,1.0431144980166511,False,False,False,,-1,,,False,1,0.0035428209054822715,0.0027879967110504785,0.03811536566710589,0.01398851551227334
10000,0,single,gaussian_matched,0.050000000000000003,836,31,0.050000000000000003,10.656889372279107,>=10%,True,True,4,0.03811536566710589,0.47144911534929512,0.11465062389421637,0.07067429648924195,1.4027110334504043,1.4077309709069636,1.3925139190307945,0.98919036933146021,0.9542181657833424,1.0431144980166511,True,True,False,3>2>4>1,15,0,0,True,1,0.0035428209054822715,0.0027879967110504785,0.03811536566710589,0.01398851551227334
10000,0,single,gaussian_matched,0.050000000000000003,837,0,0.02,5.791021354313564,5-<10%,True,True,4,0.014501511392368617,0.51762363424322055,0.022265536828565771,0.032860202850050362,1.6569693796182055,1.6864949484261871,1.681935394917238,0.99729643215759167,0.97677647561455483,1.0348987850109863,True,True,False,4>2>1>3,20,0,0,True,1,0.0060556993410732412,0.007995061472815446,0.0024844123880702913,0.014501511392368617
10000,0,single,gaussian_matched,0.050000000000000003,837,0,0.050000000000000003,5.791021354313564,5-<10%,True,True,4,0.014501511392368617,0.51762363424322055,0.022265536828565771,0.032860202850050362,1.6569693796182055,1.6864949484261871,1.681935394917238,0.99729643215759167,0.95881561738109999,1.0348987850109863,True,True,False,4>2>1>3,20,0,0,True,1,0.0060556993410732412,0.007995061472815446,0.0024844123880702913,0.014501511392368617
10000,0,single,gaussian_matched,0.050000000000000003,837,1,0.02,5.791021354313564,5-<10%,True,True,4,0.012618692736013844,0.42620037371055947,0.069368042676020231,0.076298793683525712,1.6569693796182055,1.5841773701720649,1.6486180321047506,1.0406776811397618,1.020273629063974,1.0410070620530882,True,True,False,4>2>1>3,20,0,0,True,1,0.012618692736013844,0.012389382396376556,0.0048870194069686648,0.0065588166857808664
10000,0,single,gaussian_matched,0.050000000000000003,837,1,0.050000000000000003,5.791021354313564,5-<10%,True,True,4,0.012618692736013844,0.42620037371055947,0.069368042676020231,0.076298793683525712,1.6569693796182055,1.5841773701720649,1.6486180321047506,1.0406776811397618,1.0008693495075522,1.0410070620530882,True,True,False,4>2>1>3,20,0,0,True,1,0.012618692736013844,0.012389382396376556,0.0048870194069686648,0.0065588166857808664
10000,0,single,gaussian_matched,0.050000000000000003,837,2,0.02,5.791021354313564,5-<10%,True,True,4,0.017100927952360335,0.47278369230416284,0.064236325217272516,0.030714823136173752,1.6569693796182055,1.6263002613745405,1.6584993715893623,1.0197989946749484,0.99734455696348789,1.0194601152585936,True,True,False,4>2>1>3,20,0,0,True,1,0.01411875790446436,0.017100927952360335,0.0037143761617072324,1.7997984455867226e-05
10000,0,single,gaussian_matched,0.050000000000000003,837,2,0.050000000000000003,5.791021354313564,5-<10%,True,True,4,0.017100927952360335,0.47278369230416284,0.064236325217272516,0.030714823136173752,1.6569693796182055,1.6263002613745405,1.6584993715893623,1.0197989946749484,0.97859527158140325,1.0194601152585936,True,True,False,4>2>1>3,20,0,0,True,1,0.01411875790446436,0.017100927952360335,0.0037143761617072324,1.7997984455867226e-05
10000,0,single,gaussian_matched,0.050000000000000003,837,3,0.02,5.791021354313564,5-<10%,True,False,2,0.064735063277660071,0.5053395433982355,-0.084400342288436611,0.13450636687886028,1.6569693796182055,1.7420448829112558,1.7144256290185917,0.98414549810765639,,1.1158516377191461,False,False,False,,-1,,,False,1,0.011112813822933332,0.028031102378955754,0.0025234090962676192,0.064735063277660071
10000,0,single,gaussian_matched,0.050000000000000003,837,3,0.050000000000000003,5.791021354313564,5-<10%,True,False,3,0.064735063277660071,0.5053395433982355,-0.084400342288436611,0.13450636687886028,1.6569693796182055,1.7420448829112558,1.7144256290185917,0.98414549810765639,,1.1158516377191461,False,False,False,,-1,,,False,1,0.011112813822933332,0.028031102378955754,0.0025234090962676192,0.064735063277660071
10000,0,single,gaussian_matched,0.050000000000000003,837,4,0.02,5.791021354313564,5-<10%,True,False,3,0.052740950920762114,0.49463878549715073,-0.059573884832817989,0.10970496277881517,1.6569693796182055,1.7174491165108918,1.7006622562274081,0.99022570152320588,,1.0925773531333229,False,False,False,,-1,,,False,1,0.0089787324400167692,0.019679871836226586,0.0028941945328880051,0.052740950920762114
10000,0,single,gaussian_matched,0.050000000000000003,837,4,0.050000000000000003,5.791021354313564,5-<10%,True,False,3,0.052740950920762114,0.49463878549715073,-0.059573884832817989,0.10970496277881517,1.6569693796182055,1.7174491165108918,1.7006622562274081,0.99022570152320588,,1.0925773531333229,False,False,False,,-1,,,False,1,0.0089787324400167692,0.019679871836226586,0.0028941945328880051,0.052740950920762114
10000,0,single,gaussian_matched,0.050000000000000003,837,5,0.02,5.791021354313564,5-<10%,True,False,2,0.025224455894779965,0.44553647949837949,0.10610073745237336,0.078189307505122235,1.6569693796182055,1.5820801422038306,1.6451694262925212,1.0398774261844963,,1.0400667356899107,False,False,False,,-1,,,False,1,0.021312510568169556,0.025224455894779965,0.0043998827950433453,0.010893842852658875
10000,0,single,gaussian_matched,0.050000000000000003,837,5,0.050000000000000003,5.791021354313564,5-<10%,True,True,4,0.025224455894779965,0.44553647949837949,0.10610073745237336,0.078189307505122235,1.6569693796182055,1.5820801422038306,1.6451694262925212,1.0398774261844963,0.99606750947548639,1.0400667356899107,True,True,False,4>2>1>3,20,0,0,True,1,0.021312510568169556,0.025224455894779965,0.0043998827950433453,0.010893842852658875
10000,0,single,gaussian_matched,0.050000000000000003,837,6,0.02,5.791021354313564,5-<10%,True,True,4,0.0091742414434575793,0.4652744129394899,0.039238316560065455,0.036354920260652859,1.6569693796182055,1.6334207720790359,1.6617926617808654,1.0173696148517306,0.99719707043186134,1.0248515168293579,True,True,False,4>2>1>3,20,0,0,True,1,0.008448569413141517,0.0091742414434575793,0.0038905777973885069,0.0055616658000182482
10000,0,single,gaussian_matched,0.050000000000000003,837,6,0.050000000000000003,5.791021354313564,5-<10%,True,True,4,0.0091742414434575793,0.4652744129394899,0.039238316560065455,0.036354920260652859,1.6569693796182055,1.6334207720790359,1.6617926617808654,1.0173696148517306,0.97850753000408786,1.0248515168293579,True,True,False,4>2>1>3,20,0,0,True,1,0.008448569413141517,0.0091742414434575793,0.0038905777973885069,0.0055616658000182482
10000,0,single,gaussian_matched,0.050000000000000003,837,7,0.02,5.791021354313564,5-<10%,True,False,3,0.027644886307214154,0.55061328849031221,0.0075635685705509534,0.066049645602909199,1.6569693796182055,1.7222533326073881,1.6977324162417067,0.98576230575291834,,1.0644626771866006,False,False,False,,-1,,,False,1,0.0024872103652069152,0.0049230787316257088,0.0012491518898206766,0.027644886307214154
10000,0,single,gaussian_matched,0.050000000000000003,837,7,0.050000000000000003,5.791021354313564,5-<10%,True,True,4,0.027644886307214154,0.55061328849031221,0.0075635685705509534,0.066049645602909199,1.6569693796182055,1.7222533326073881,1.6977324162417067,0.98576230575291834,0.94815732748246428,1.0644626771866006,True,True,False,4>2>1>3,20,0,0,True,1,0.0024872103652069152,0.0049230787316257088,0.0012491518898206766,0.027644886307214154
10000,0,single,gaussian_matched,0.050000000000000003,837,8,0.02,5.791021354313564,5-<10%,True,False,3,0.022738509869909627,0.50518587942641968,0.071917593492636114,0.022522749608646982,1.6569693796182055,1.6507830060255477,1.6659045130629517,1.0091602027536077,,1.018985192750298,False,False,False,,-1,,,False,1,0.017795128434853293,0.022738509869909627,0.0028738418646372423,0.010049158347545115
10000,0,single,gaussian_matched,0.050000000000000003,837,8,0.050000000000000003,5.791021354313564,5-<10%,True,True,4,0.022738509869909627,0.50518587942641968,0.071917593492636114,0.022522749608646982,1.6569693796182055,1.6507830060255477,1.6659045130629517,1.0091602027536077,0.96648346064756174,1.018985192750298,True,True,False,4>2>1>3,20,0,0,True,1,0.017795128434853293,0.022738509869909627,0.0028738418646372423,0.010049158347545115
10000,0,single,gaussian_matched,0.050000000000000003,837,9,0.02,5.791021354313564,5-<10%,True,False,3,0.022601208455239729,0.45130690027556419,0.0046874058481735578,0.066515029501173537,1.6569693796182055,1.642829252722275,1.666975529839869,1.0146979834195076,,1.0461814084581749,False,False,False,,-1,,,False,1,0.0018029978295325741,0.0020692419182308294,0.0041889559648348269,0.022601208455239729
10000,0,single,gaussian_matched,0.050000000000000003,837,9,0.050000000000000003,5.791021354313564,5-<10%,True,True,4,0.022601208455239729,0.45130690027556419,0.0046874058481735578,0.066515029501173537,1.6569693796182055,1.642829252722275,1.666975529839869,1.0146979834195076,0.97918990280787255,1.0461814084581749,True,True,False,4>2>1>3,20,0,0,True,1,0.0018029978295325741,0.0020692419182308294,0.0041889559648348269,0.022601208455239729
10000,0,single,gaussian_matched,0.050000000000000003,837,10,0.02,5.791021354313564,5-<10%,True,False,1,0.042390920985564164,0.49945810151353681,0.13691859895325953,0.086920288183871083,1.6569693796182055,1.6189753031071812,1.6505557920425975,1.0195064673777334,,1.0485867159638238,False,False,False,,-1,,,False,1,0.034609377376035796,0.042390920985564164,0.0030348286285855268,0.037762732568602922
10000,0,single,gaussian_matched,0.050000000000000003,837,10,0.050000000000000003,5.791021354313564,5-<10%,True,True,4,0.042390920985564164,0.49945810151353681,0.13691859895325953,0.086920288183871083,1.6569693796182055,1.6189753031071812,1.6505557920425975,1.0195064673777334,0.97114641385955924,1.0485867159638238,True,True,False,4>2>1>3,20,0,0,True,1,0.034609377376035796,0.042390920985564164,0.0030348286285855268,0.037762732568602922
10000,0,single,gaussian_matched,0.050000000000000003,837,11,0.02,5.791021354313564,5-<10%,True,False,2,0.027674989039375864,0.47008790190496169,0.10212806948952824,0.060100492852823421,1.6569693796182055,1.6057663561407525,1.6507873477767891,1.0280370749230534,,1.0325404088178327,False,False,False,,-1,,,False,1,0.022599380349740995,0.027674989039375864,0.0037753430962120804,0.015288674323385588
10000,0,single,gaussian_matched,0.050000000000000003,837,11,0.050000000000000003,5.791021354313564,5-<10%,True,True,4,0.027674989039375864,0.47008790190496169,0.10212806948952824,0.060100492852823421,1.6569693796182055,1.6057663561407525,1.6507873477767891,1.0280370749230534,0.98364763189354842,1.0325404088178327,True,True,False,4>2>1>3,20,0,0,True,1,0.022599380349740995,0.027674989039375864,0.0037753430962120804,0.015288674323385588
10000,0,single,gaussian_matched,0.050000000000000003,837,12,0.02,5.791021354313564,5-<10%,True,False,3,0.043115433259756225,0.43492307059759183,-0.037361150521350958,0.10893565697630944,1.6569693796182055,1.6586041104950198,1.6763230792029211,1.0106830608918562,,1.077424096147501,False,False,False,,-1,,,False,1,0.00050461662838828135,0.015806439929874159,0.0045143213693642145,0.043115433259756225
10000,0,single,gaussian_matched,0.050000000000000003,837,12,0.050000000000000003,5.791021354313564,5-<10%,True,True,4,0.043115433259756225,0.43492307059759183,-0.037361150521350958,0.10893565697630944,1.6569693796182055,1.6586041104950198,1.6763230792029211,1.0106830608918562,0.97934483497567948,1.077424096147501,True,True,False,4>2>1>3,20,0,0,True,1,0.00050461662838828135,0.015806439929874159,0.0045143213693642145,0.043115433259756225
10000,0,single,gaussian_matched,0.050000000000000003,837,13,0.02,5.791021354313564,5-<10%,True,False,1,0.02786703826944556,0.55141409499627836,0.072886591176617069,0.056277928355368073,1.6569693796182055,1.6917156464884346,1.6783232009170472,0.99208351261680017,,1.0468516501325436,False,False,False,,-1,,,False,1,0.02060533770787382,0.02786703826944556,0.0012398245091690984,0.02404271257888993
10000,0,single,gaussian_matched,0.050000000000000003,837,13,0.050000000000000003,5.791021354313564,5-<10%,True,True,4,0.02786703826944556,0.55141409499627836,0.072886591176617069,0.056277928355368073,1.6569693796182055,1.6917156464884346,1.6783232009170472,0.99208351261680017,0.94824429572471214,1.0468516501325436,True,True,False,4>2>1>3,20,0,0,True,1,0.02060533770787382,0.02786703826944556,0.0012398245091690984,0.02404271257888993
10000,0,single,gaussian_matched,0.050000000000000003,837,14,0.02,5.791021354313564,5-<10%,True,False,3,0.04706374455659669,0.46982169655262196,-0.047303099538582694,0.10187552786993234,1.6569693796182055,1.6907908629010575,1.6879914941983216,0.99834434360620283,,1.0802052494661492,False,False,False,,-1,,,False,1,0.0053413735688897226,0.016663858441651049,0.0035923317398134477,0.04706374455659669
10000,0,single,gaussian_matched,0.050000000000000003,837,14,0.050000000000000003,5.791021354313564,5-<10%,True,True,4,0.04706374455659669,0.46982169655262196,-0.047303099538582694,0.10187552786993234,1.6569693796182055,1.6907908629010575,1.6879914941983216,0.99834434360620283,0.96690587407916118,1.0802052494661492,True,True,False,4>2>1>3,20,0,0,True,1,0.0053413735688897226,0.016663858441651049,0.0035923317398134477,0.04706374455659669
10000,0,single,gaussian_matched,0.050000000000000003,837,15,0.02,5.791021354313564,5-<10%,True,True,4,0.012029986044342108,0.45293558197538808,0.026774827032143428,0.052483026812315911,1.6569693796182055,1.6305815411698483,1.661830144765619,1.0191640852093491,1.0004995441169575,1.0346076352798641,True,True,False,4>2>1>3,20,0,0,True,1,0.0057076990005575047,0.004395017884406765,0.0041834105428215657,0.012029986044342108
10000,0,single,gaussian_matched,0.050000000000000003,837,15,0.050000000000000003,5.791021354313564,5-<10%,True,True,4,0.012029986044342108,0.45293558197538808,0.026774827032143428,0.052483026812315911,1.6569693796182055,1.6305815411698483,1.661830144765619,1.0191640852093491,0.98174087339309568,1.0346076352798641,True,True,False,4>2>1>3,20,0,0,True,1,0.0057076990005575047,0.004395017884406765,0.0041834105428215657,0.012029986044342108
10000,0,single,gaussian_matched,0.050000000000000003,837,16,0.02,5.791021354313564,5-<10%,True,False,3,0.025635838438077086,0.55741568680009068,0.023383856693340005,0.063284912698421014,1.6569693796182055,1.7199738931251689,1.6944398320677134,0.9851543903314367,,1.0608070169474977,False,False,False,,-1,,,False,1,0.0066669299828756431,0.010858197371818786,0.00094685333320851806,0.025635838438077086
10000,0,single,gaussian_matched,0.050000000000000003,837,16,0.050000000000000003,5.791021354313564,5-<10%,True,True,4,0.025635838438077086,0.55741568680009068,0.023383856693340005,0.063284912698421014,1.6569693796182055,1.7199738931251689,1.6944398320677134,0.9851543903314367,0.94593803136131316,1.0608070169474977,True,True,False,4>2>1>3,20,0,0,True,1,0.0066669299828756431,0.010858197371818786,0.00094685333320851806,0.025635838438077086
10000,0,single,gaussian_matched,0.050000000000000003,837,17,0.02,5.791021354313564,5-<10%,True,False,1,0.031442436183049427,0.49050041687806401,0.10590135778149458,0.056702767845187553,1.6569693796182055,1.6225589874701076,1.655061088664354,1.0200313834167123,,1.0330690944355059,False,False,False,,-1,,,False,1,0.025268990070536883,0.031442436183049427,0.0032533141633890668,0.021522344941014009
10000,0,single,gaussian_matched,0.050000000000000003,837,17,0.050000000000000003,5.791021354313564,5-<10%,True,True,4,0.031442436183049427,0.49050041687806401,0.10590135778149458,0.056702767845187553,1.6569693796182055,1.6225589874701076,1.655061088664354,1.0200313834167123,0.97471278617647972,1.0330690944355059,True,True,False,4>2>1>3,20,0,0,True,1,0.025268990070536883,0.031442436183049427,0.0032533141633890668,0.021522344941014009
10000,0,single,gaussian_matched,0.050000000000000003,837,18,0.02,5.791021354313564,5-<10%,True,True,4,0.019242511006161738,0.4501293729796324,0.011845541899061451,0.062792054532248689,1.6569693796182055,1.6374357025816948,1.6648640683889646,1.0167508047882579,0.9993619019314548,1.0426602592495073,True,True,False,4>2>1>3,20,0,0,True,1,0.0030316983572195762,0.00011479350219203841,0.0042317933091997537,0.019242511006161738
10000,0,single,gaussian_matched,0.050000000000000003,837,18,0.050000000000000003,5.791021354313564,5-<10%,True,True,4,0.019242511006161738,0.4501293729796324,0.011845541899061451,0.062792054532248689,1.6569693796182055,1.6374357025816948,1.6648640683889646,1.0167508047882579,0.98067509965002664,1.0426602592495073,True,True,False,4>2>1>3,20,0,0,True,1,0.0030316983572195762,0.00011479350219203841,0.0042317933091997537,0.019242511006161738
10000,0,single,gaussian_matched,0.050000000000000003,837,19,0.02,5.791021354313564,5-<10%,True,True,4,0.017983680859543584,0.5089187613969951,0.012841874503292355,0.038213487086179471,1.6569693796182055,1.684361211158254,1.6815038957162174,0.99830362072986012,0.97881182036492798,1.0378691386552052,True,True,False,4>2>1>3,20,0,0,True,1,0.0036164944171750398,0.0044262770447582589,0.0027188992249966323,0.017983680859543584
10000,0,single,gaussian_matched,0.050000000000000003,837,19,0.050000000000000003,5.791021354313564,5-<10%,True,True,4,0.017983680859543584,0.5089187613969951,0.012841874503292355,0.038213487086179471,1.6569693796182055,1.684361211158254,1.6815038957162174,0.99830362072986012,0.96080724900841552,1.0378691386552052,True,True,False,4>2>1>3,20,0,0,True,1,0.0036164944171750398,0.0044262770447582589,0.0027188992249966323,0.017983680859543584
10000,0,single,gaussian_matched,0.050000000000000003,837,20,0.02,5.791021354313564,5-<10%,True,True,4,0.013621953994850165,0.51982525457157747,0.025122977208112109,0.031810485406795715,1.6569693796182055,1.6868359979422389,1.6819195439871637,0.99708539895931037,0.97626302029199885,1.0342557022923577,True,True,False,4>2>1>3,20,0,0,True,1,0.0068045483597908062,0.0090637888847432194,0.0024238029105504368,0.013621953994850165
10000,0,single,gaussian_matched,0.050000000000000003,837,20,0.050000000000000003,5.791021354313564,5-<10%,True,True,4,0.013621953994850165,0.51982525457157747,0.025122977208112109,0.031810485406795715,1.6569693796182055,1.6868359979422389,1.6819195439871637,0.99708539895931037,0.95831123189850653,1.0342557022923577,True,True,False,4>2>1>3,20,0,0,True,1,0.0068045483597908062,0.0090637888847432194,0.0024238029105504368,0.013621953994850165
10000,0,single,gaussian_matched,0.050000000000000003,837,21,0.02,5.791021354313564,5-<10%,True,False,1,0.045976837262109077,0.50435875600911018,0.14563288159705681,0.095732161766585222,1.6569693796182055,1.6206712425844134,1.6494181472377396,1.0177376533241158,,1.0532182009340678,False,False,False,,-1,,,False,1,0.037739908236538271,0.045976837262109077,0.0029170092460979635,0.043093193394907796
10000,0,single,gaussian_matched,0.050000000000000003,837,21,0.050000000000000003,5.791021354313564,5-<10%,True,True,4,0.045976837262109077,0.50435875600911018,0.14563288159705681,0.095732161766585222,1.6569693796182055,1.6206712425844134,1.6494181472377396,1.0177376533241158,0.96843822676451985,1.0532182009340678,True,True,False,4>2>1>3,20,0,0,True,1,0.037739908236538271,0.045976837262109077,0.0029170092460979635,0.043093193394907796
10000,0,single,gaussian_matched,0.050000000000000003,837,22,0.02,5.791021354313564,5-<10%,True,False,1,0.036163812328935806,0.49808332024545443,0.11806104589516297,0.068088028533839676,1.6569693796182055,1.6246109029006666,1.6545247512728496,1.0184129309478185,,1.0396165439119998,False,False,False,,-1,,,False,1,0.029143068341584966,0.036163812328935806,0.003053568425663164,0.02862867556339949
10000,0,single,gaussian_matched,0.050000000000000003,837,22,0.050000000000000003,5.791021354313564,5-<10%,True,True,4,0.036163812328935806,0.49808332024545443,0.11806104589516297,0.068088028533839676,1.6569693796182055,1.6246109029006666,1.6545247512728496,1.0184129309478185,0.97180839189350732,1.0396165439119998,True,True,False,4>2>1>3,20,0,0,True,1,0.029143068341584966,0.036163812328935806,0.003053568425663164,0.02862867556339949
10000,0,single,gaussian_matched,0.050000000000000003,837,23,0.02,5.791021354313564,5-<10%,True,True,4,0.01209219171064853,0.47243712116981629,0.02516039547462252,0.037104153977479973,1.6569693796182055,1.6473281665831043,1.6668165522937504,1.0118302995759909,0.99247787457512648,1.0283356634290026,True,True,False,4>2>1>3,20,0,0,True,1,0.0056945516085006778,0.0057480586722403167,0.0036977005612110962,0.01209219171064853
10000,0,single,gaussian_matched,0.050000000000000003,837,23,0.050000000000000003,5.791021354313564,5-<10%,True,True,4,0.01209219171064853,0.47243712116981629,0.02516039547462252,0.037104153977479973,1.6569693796182055,1.6473281665831043,1.6668165522937504,1.0118302995759909,0.97396821146592594,1.0283356634290026,True,True,False,4>2>1>3,20,0,0,True,1,0.0056945516085006778,0.0057480586722403167,0.0036977005612110962,0.01209219171064853
10000,0,single,gaussian_matched,0.050000000000000003,837,24,0.02,5.791021354313564,5-<10%,True,True,4,0.0087636069892322241,0.42950524222180914,0.04590873298051993,0.070613379327366055,1.6569693796182055,1.60036669538583,1.6535526423015809,1.0332336001924411,1.0143682849403355,1.0405539431430078,True,True,False,4>2>1>3,20,0,0,True,1,0.0087636069892322241,0.0067997582718454554,0.0047903281955100907,0.0042149491038982944
10000,0,single,gaussian_matched,0.050000000000000003,837,24,0.050000000000000003,5.791021354313564,5-<10%,True,True,4,0.0087636069892322241,0.42950524222180914,0.04590873298051993,0.070613379327366055,1.6569693796182055,1.60036669538583,1.6535526423015809,1.0332336001924411,0.99517349046489367,1.0405539431430078,True,True,False,4>2>1>3,20,0,0,True,1,0.0087636069892322241,0.0067997582718454554,0.0047903281955100907,0.0042149491038982944
10000,0,single,gaussian_matched,0.050000000000000003,837,25,0.02,5.791021354313564,5-<10%,True,False,1,0.047322548817674712,0.4759448031216173,0.16244080096628072,0.11498515651507593,1.6569693796182055,1.5884025311087537,1.638750019364287,1.0316969327796206,,1.0583992664266699,False,False,False,,-1,,,False,1,0.039800941974620037,0.047322548817674712,0.0037955739658667143,0.045114807660137105
10000,0,single,gaussian_matched,0.050000000000000003,837,25,0.050000000000000003,5.791021354313564,5-<10%,True,True,4,0.047322548817674712,0.4759448031216173,0.16244080096628072,0.11498515651507593,1.6569693796182055,1.5884025311087537,1.638750019364287,1.0316969327796206,0.98167691181929895,1.0583992664266699,True,True,False,2>4>1>3,10,5.7910213543135747,3.6469594648426362,False,1,0.039800941974620037,0.047322548817674712,0.0037955739658667143,0.045114807660137105
10000,0,single,gaussian_matched,0.050000000000000003,837,26,0.02,5.791021354313564,5-<10%,True,False,2,0.026200154994488464,0.44008829825708079,0.11264330713802513,0.086681001003227107,1.6569693796182055,1.5742403943006684,1.6430794165728018,1.0437284054718428,,1.0439302251768803,False,False,False,,-1,,,False,1,0.022295387489427106,0.026200154994488464,0.0045440523085174198,0.012363264271415614
10000,0,single,gaussian_matched,0.050000000000000003,837,26,0.050000000000000003,5.791021354313564,5-<10%,True,True,4,0.026200154994488464,0.44008829825708079,0.11264330713802513,0.086681001003227107,1.6569693796182055,1.5742403943006684,1.6430794165728018,1.0437284054718428,0.99958932883712803,1.0439302251768803,True,True,False,4>2>1>3,20,0,0,True,1,0.022295387489427106,0.026200154994488464,0.0045440523085174198,0.012363264271415614
10000,0,single,gaussian_matched,0.050000000000000003,837,27,0.02,5.791021354313564,5-<10%,True,True,4,0.0094646787020318604,0.45773802959629822,0.043070572110637459,0.042826289977970777,1.6569693796182055,1.6250355803842433,1.6592710459734006,1.0210675175377157,1.0009302197934673,1.0272352385555634,True,True,False,4>2>1>3,20,0,0,True,1,0.0089490777032301509,0.0094646787020318604,0.0040801684164202198,0.0040537194033545363
10000,0,single,gaussian_matched,0.050000000000000003,837,27,0.050000000000000003,5.791021354313564,5-<10%,True,True,4,0.0094646787020318604,0.45773802959629822,0.043070572110637459,0.042826289977970777,1.6569693796182055,1.6250355803842433,1.6592710459734006,1.0210675175377157,0.98212105935047922,1.0272352385555634,True,True,False,4>2>1>3,20,0,0,True,1,0.0089490777032301509,0.0094646787020318604,0.0040801684164202198,0.0040537194033545363
10000,0,single,gaussian_matched,0.050000000000000003,837,28,0.02,5.791021354313564,5-<10%,True,True,4,0.0094638957026396079,0.46795577724239118,0.030909929104475518,0.037299638321777413,1.6569693796182055,1.6403563571954911,1.6643083750806409,1.0146017161332557,0.99497014258432759,1.0269399267924302,True,True,False,4>2>1>3,20,0,0,True,1,0.0068064984652402129,0.0070351330871632149,0.0038156435606493074,0.0094638957026396079
10000,0,single,gaussian_matched,0.050000000000000003,837,28,0.050000000000000003,5.791021354313564,5-<10%,True,True,4,0.0094638957026396079,0.46795577724239118,0.030909929104475518,0.037299638321777413,1.6569693796182055,1.6403563571954911,1.6643083750806409,1.0146017161332557,0.97636823170334197,1.0269399267924302,True,True,False,4>2>1>3,20,0,0,True,1,0.0068064984652402129,0.0070351330871632149,0.0038156435606493074,0.0094638957026396079
10000,0,single,gaussian_matched,0.050000000000000003,837,29,0.02,5.791021354313564,5-<10%,True,False,2,0.026446416561178517,0.49285838732669701,0.088442779625989093,0.039100510699322633,1.6569693796182055,1.6322522829122355,1.6590774104505592,1.0164344248858779,,1.0248698268287684,False,False,False,,-1,,,False,1,0.021067457772133688,0.026446416561178517,0.0031964417991731386,0.014441877736656337
10000,0,single,gaussian_matched,0.050000000000000003,837,29,0.050000000000000003,5.791021354313564,5-<10%,True,True,4,0.026446416561178517,0.49285838732669701,0.088442779625989093,0.039100510699322633,1.6569693796182055,1.6322522829122355,1.6590774104505592,1.0164344248858779,0.97259531776261987,1.0248698268287684,True,True,False,4>2>1>3,20,0,0,True,1,0.021067457772133688,0.026446416561178517,0.0031964417991731386,0.014441877736656337
10000,0,single,gaussian_matched,0.050000000000000003,837,30,0.02,5.791021354313564,5-<10%,True,True,4,0.011145678022570287,0.42564649469897919,0.060805973135338219,0.075134631202599111,1.6569693796182055,1.5885512936978206,1.6501059578531678,1.0387489308022662,1.0190187662312167,1.0412024568934957,True,True,False,4>2>1>3,20,0,0,True,1,0.011145678022570287,0.010108575343135822,0.0048989904872084808,0.0025152021182158909
10000,0,single,gaussian_matched,0.050000000000000003,837,30,0.050000000000000003,5.791021354313564,5-<10%,True,True,4,0.011145678022570287,0.42564649469897919,0.060805973135338219,0.075134631202599111,1.6569693796182055,1.5885512936978206,1.6501059578531678,1.0387489308022662,0.99966593347532329,1.0412024568934957,True,True,False,4>2>1>3,20,0,0,True,1,0.011145678022570287,0.010108575343135822,0.0048989904872084808,0.0025152021182158909
10000,0,single,gaussian_matched,0.050000000000000003,837,31,0.02,5.791021354313564,5-<10%,True,False,3,0.032130828729349144,0.50833112157773142,-0.016551039071463006,0.067070473296632835,1.6569693796182055,1.7008879924725278,1.6903477764857557,0.99380310988529585,,1.0606220437141261,False,False,False,,-1,,,False,1,0.0033542645576382303,0.0051558483118410358,0.0026551173649498267,0.032130828729349144
10000,0,single,gaussian_matched,0.050000000000000003,837,31,0.050000000000000003,5.791021354313564,5-<10%,True,True,4,0.032130828729349144,0.50833112157773142,-0.016551039071463006,0.067070473296632835,1.6569693796182055,1.7008879924725278,1.6903477764857557,0.99380310988529585,0.95897428570965049,1.0606220437141261,True,True,False,4>2>1>3,20,0,0,True,1,0.0033542645576382303,0.0051558483118410358,0.0026551173649498267,0.032130828729349144
10000,0,single,gaussian_matched,0.050000000000000003,838,0,0.02,0.5973666884717117,<1%,True,False,2,0.035222164477675261,0.54011848377913163,0.13928382927409619,0.097883067537661503,1.322911702666338,1.2969825245729085,1.2691419544591569,0.97853435217030438,,1.0333456263494907,False,False,False,,-1,,,False,2,0.035222164477675261,0.021670063461770583,0.00036221908403202748,0.010149477454223343
10000,0,single,gaussian_matched,0.050000000000000003,838,0,0.050000000000000003,0.5973666884717117,<1%,True,True,4,0.035222164477675261,0.54011848377913163,0.13928382927409619,0.097883067537661503,1.322911702666338,1.2969825245729085,1.2691419544591569,0.97853435217030438,0.93914110605857559,1.0333456263494907,True,True,False,1>2>3>4,0,0,0,True,2,0.035222164477675261,0.021670063461770583,0.00036221908403202748,0.010149477454223343
10000,0,single,gaussian_matched,0.050000000000000003,838,1,0.02,0.5973666884717117,<1%,True,False,3,0.046677571517959024,0.40436869769713701,-0.021613438783236016,0.11947313754355772,1.322911702666338,1.3220328135629213,1.314572829580269,0.99435718697288045,,1.0840073182764178,False,False,False,,-1,,,False,2,0.0068327069761012754,8.21719680947757e-05,0.046677571517959024,0.010628657838869716
10000,0,single,gaussian_matched,0.050000000000000003,838,1,0.050000000000000003,0.5973666884717117,<1%,True,True,4,0.046677571517959024,0.40436869769713701,-0.021613438783236016,0.11947313754355772,1.322911702666338,1.3220328135629213,1.314572829580269,0.99435718697288045,0.95194824264258537,1.0840073182764178,True,True,False,1>2>3>4,0,0,0,True,2,0.0068327069761012754,8.21719680947757e-05,0.046677571517959024,0.010628657838869716
10000,0,single,gaussian_matched,0.050000000000000003,838,2,0.02,0.5973666884717117,<1%,True,False,3,0.048034900110332714,0.45596215747543734,0.011329020435666914,0.058606964045949755,1.322911702666338,1.3232130508457822,1.2930243938216952,0.97718533912222916,,1.0217094271245937,False,False,False,,-1,,,False,2,0.0079942370910752372,0.00068577325758999261,0.048034900110332714,0.0088320797410443002
10000,0,single,gaussian_matched,0.050000000000000003,838,2,0.050000000000000003,0.5973666884717117,<1%,True,True,4,0.048034900110332714,0.45596215747543734,0.011329020435666914,0.058606964045949755,1.322911702666338,1.3232130508457822,1.2930243938216952,0.97718533912222916,0.92947636530332045,1.0217094271245937,True,True,False,1>2>3>4,0,0,0,True,2,0.0079942370910752372,0.00068577325758999261,0.048034900110332714,0.0088320797410443002
10000,0,single,gaussian_matched,0.050000000000000003,838,3,0.02,0.5973666884717117,<1%,True,False,2,0.052998568916693752,0.48239756615698398,-0.01282069576758435,0.065240213778935047,1.322911702666338,1.3584947989373499,1.30465191265833,0.96036577665138123,,1.0355128945312357,False,False,False,,-1,,,False,2,0.024195344218717524,0.0092398590767759099,0.052998568916693752,0.010225105548341426
10000,0,single,gaussian_matched,0.050000000000000003,838,3,0.050000000000000003,0.5973666884717117,<1%,True,False,3,0.052998568916693752,0.48239756615698398,-0.01282069576758435,0.065240213778935047,1.322911702666338,1.3584947989373499,1.30465191265833,0.96036577665138123,,1.0355128945312357,False,False,False,,-1,,,False,2,0.024195344218717524,0.0092398590767759099,0.052998568916693752,0.010225105548341426
10000,0,single,gaussian_matched,0.050000000000000003,838,4,0.02,0.5973666884717117,<1%,True,False,3,0.032541996914764532,0.43854888174607676,0.027276239105935639,0.065518007019660388,1.322911702666338,1.2999866183935629,1.2951993587649453,0.996317454686931,,1.0285776163609939,False,False,False,,-1,,,False,2,0.0027554076727597135,0.0080521909425935595,0.032541996914764532,0.0053853738374214678
10000,0,single,gaussian_matched,0.050000000000000003,838,4,0.050000000000000003,0.5973666884717117,<1%,True,True,4,0.032541996914764532,0.43854888174607676,0.027276239105935639,0.065518007019660388,1.322911702666338,1.2999866183935629,1.2951993587649453,0.996317454686931,0.95344640835032024,1.0285776163609939,True,True,False,1>2>3>4,0,0,0,True,2,0.0027554076727597135,0.0080521909425935595,0.032541996914764532,0.0053853738374214678
10000,0,single,gaussian_matched,0.050000000000000003,838,5,0.02,0.5973666884717117,<1%,True,False,3,0.020284160397468717,0.47853450101203954,0.093514134468198729,0.048520588880583596,1.322911702666338,1.2771259542292412,1.2791084027208917,1.0015522732782036,,1.0035658380870238,False,False,False,,-1,,,False,2,0.0036982264843900092,0.020284160397468717,0.0088280149976744677,0.0039095849019774647
10000,0,single,gaussian_matched,0.050000000000000003,838,5,0.050000000000000003,0.5973666884717117,<1%,True,True,4,0.020284160397468717,0.47853450101203954,0.093514134468198729,0.048520588880583596,1.322911702666338,1.2771259542292412,1.2791084027208917,1.0015522732782036,0.96127426524687631,1.0035658380870238,True,True,False,1>2>3>4,0,0,0,True,2,0.0036982264843900092,0.020284160397468717,0.0088280149976744677,0.0039095849019774647
10000,0,single,gaussian_matched,0.050000000000000003,838,6,0.02,0.5973666884717117,<1%,True,False,2,0.048439386876613207,0.52203646339532495,0.022395031471719236,0.035321947942049681,1.322911702666338,1.3580549584808748,1.2871620638348635,0.94779821375910123,,0.99967670488622729,False,False,False,,-1,,,False,2,0.021586978580448529,0.0065698364761151975,0.048439386876613207,0.0074171155573122564
10000,0,single,gaussian_matched,0.050000000000000003,838,6,0.050000000000000003,0.5973666884717117,<1%,True,True,4,0.048439386876613207,0.52203646339532495,0.022395031471719236,0.035321947942049681,1.322911702666338,1.3580549584808748,1.2871620638348635,0.94779821375910123,0.90079702570106512,0.99967670488622729,True,True,False,1>2>3>4,0,0,0,True,2,0.021586978580448529,0.0065698364761151975,0.048439386876613207,0.0074171155573122564
10000,0,single,gaussian_matched,0.050000000000000003,838,7,0.02,0.5973666884717117,<1%,True,False,2,0.047018867858077677,0.53389610224154804,0.033320272956598146,0.03777775855462933,1.322911702666338,1.3587370416139994,1.282234236685462,0.94369565075103701,,0.99780808694911205,False,False,False,,-1,,,False,2,0.02233196277801712,0.005611963824668208,0.047018867858077677,0.0064542118102394307
10000,0,single,gaussian_matched,0.050000000000000003,838,7,0.050000000000000003,0.5973666884717117,<1%,True,True,4,0.047018867858077677,0.53389610224154804,0.033320272956598146,0.03777775855462933,1.322911702666338,1.3587370416139994,1.282234236685462,0.94369565075103701,0.89666743786747449,0.99780808694911205,True,True,False,1>2>3>4,0,0,0,True,2,0.02233196277801712,0.005611963824668208,0.047018867858077677,0.0064542118102394307
10000,0,single,gaussian_matched,0.050000000000000003,838,8,0.02,0.5973666884717117,<1%,True,False,3,0.03978883149558269,0.52642405975274198,0.069695805254612941,0.032956876041944833,1.322911702666338,1.3285544681680661,1.2659149549230788,0.95285137738360071,,0.98182806029090086,False,False,False,,-1,,,False,2,0.013405386249004824,0.0046259094950855421,0.03978883149558269,0.0018470866000860808
10000,0,single,gaussian_matched,0.050000000000000003,838,8,0.050000000000000003,0.5973666884717117,<1%,True,True,4,0.03978883149558269,0.52642405975274198,0.069695805254612941,0.032956876041944833,1.322911702666338,1.3285544681680661,1.2659149549230788,0.95285137738360071,0.90509732644328034,0.98182806029090086,True,True,False,1>2>3>4,0,0,0,True,2,0.013405386249004824,0.0046259094950855421,0.03978883149558269,0.0018470866000860808
10000,0,single,gaussian_matched,0.050000000000000003,838,9,0.02,0.5973666884717117,<1%,True,False,2,0.056288287942360661,0.53115856564162689,-0.011889764368576951,0.06929068585633677,1.322911702666338,1.3892870564506794,1.3040583170041562,0.93865289462620938,,1.0381259762783095,False,False,False,,-1,,,False,2,0.036849375614682961,0.015345926494362495,0.056288287942360661,0.0074708709000559613
10000,0,single,gaussian_matched,0.050000000000000003,838,9,0.050000000000000003,0.5973666884717117,<1%,True,False,3,0.056288287942360661,0.53115856564162689,-0.011889764368576951,0.06929068585633677,1.322911702666338,1.3892870564506794,1.3040583170041562,0.93865289462620938,,1.0381259762783095,False,False,False,,-1,,,False,2,0.036849375614682961,0.015345926494362495,0.056288287942360661,0.0074708709000559613
10000,0,single,gaussian_matched,0.050000000000000003,838,10,0.02,0.5973666884717117,<1%,True,False,2,0.053562390639848877,0.4727241198645834,-0.017188748894962594,0.07251414769017113,1.322911702666338,1.356064243087914,1.3068074946400139,0.96367668515782345,,1.0426407443143428,False,False,False,,-1,,,False,2,0.02334018194848942,0.0088848253898750878,0.053562390639848877,0.010588260549063939
10000,0,single,gaussian_matched,0.050000000000000003,838,10,0.050000000000000003,0.5973666884717117,<1%,True,False,3,0.053562390639848877,0.4727241198645834,-0.017188748894962594,0.07251414769017113,1.322911702666338,1.356064243087914,1.3068074946400139,0.96367668515782345,,1.0426407443143428,False,False,False,,-1,,,False,2,0.02334018194848942,0.0088848253898750878,0.053562390639848877,0.010588260549063939
10000,0,single,gaussian_matched,0.050000000000000003,838,11,0.02,0.5973666884717117,<1%,True,False,3,0.048907069994664827,0.48780480360032924,0.01476990921619066,0.037281122728024037,1.322911702666338,1.3405958021880382,1.289738697923859,0.96206380462987173,,1.0031053606807356,False,False,False,,-1,,,False,2,0.014959699713152013,0.0034751138512736624,0.048907069994664827,0.0080216252119539415
10000,0,single,gaussian_matched,0.050000000000000003,838,11,0.050000000000000003,0.5973666884717117,<1%,True,True,4,0.048907069994664827,0.48780480360032924,0.01476990921619066,0.037281122728024037,1.322911702666338,1.3405958021880382,1.289738697923859,0.96206380462987173,0.91454294106655265,1.0031053606807356,True,True,False,1>2>3>4,0,0,0,True,2,0.014959699713152013,0.0034751138512736624,0.048907069994664827,0.0080216252119539415
10000,0,single,gaussian_matched,0.050000000000000003,838,12,0.02,0.5973666884717117,<1%,True,False,3,0.045919863362271489,0.46495816302765169,0.022259580179931328,0.044692966227252086,1.322911702666338,1.3201996698534839,1.2880666165209602,0.97566045949997104,,1.0074440947661329,False,False,False,,-1,,,False,2,0.0060317947768590017,0.0021055417663132952,0.045919863362271489,0.0078145975132404184
10000,0,single,gaussian_matched,0.050000000000000003,838,12,0.050000000000000003,0.5973666884717117,<1%,True,True,4,0.045919863362271489,0.46495816302765169,0.022259580179931328,0.044692966227252086,1.322911702666338,1.3201996698534839,1.2880666165209602,0.97566045949997104,0.92770352157826119,1.0074440947661329,True,True,False,1>2>3>4,0,0,0,True,2,0.0060317947768590017,0.0021055417663132952,0.045919863362271489,0.0078145975132404184
10000,0,single,gaussian_matched,0.050000000000000003,838,13,0.02,0.5973666884717117,<1%,True,False,3,0.020718057001963011,0.49059618301075514,0.10291678814934875,0.053745867208653972,1.322911702666338,1.2797102140762584,1.276656686672532,0.99761389151220414,,1.0056623969685581,False,False,False,,-1,,,False,2,0.010196028050661785,0.020718057001963011,0.0066461581629166612,0.0051174727468389141
10000,0,single,gaussian_matched,0.050000000000000003,838,13,0.050000000000000003,0.5973666884717117,<1%,True,True,4,0.020718057001963011,0.49059618301075514,0.10291678814934875,0.053745867208653972,1.322911702666338,1.2797102140762584,1.276656686672532,0.99761389151220414,0.95736171051542707,1.0056623969685581,True,True,False,1>2>3>4,0,0,0,True,2,0.010196028050661785,0.020718057001963011,0.0066461581629166612,0.0051174727468389141
10000,0,single,gaussian_matched,0.050000000000000003,838,14,0.02,0.5973666884717117,<1%,True,False,3,0.044932190638132849,0.53323281866089878,0.045791279944454782,0.033498262054233958,1.322911702666338,1.3496686693404418,1.2758519838598008,0.94530755054370952,,0.98974878162694457,False,False,False,,-1,,,False,2,0.01894932772851201,0.0025101446743183778,0.044932190638132849,0.0052407162030397277
10000,0,single,gaussian_matched,0.050000000000000003,838,14,0.050000000000000003,0.5973666884717117,<1%,True,True,4,0.044932190638132849,0.53323281866089878,0.045791279944454782,0.033498262054233958,1.322911702666338,1.3496686693404418,1.2758519838598008,0.94530755054370952,0.89797407068736246,0.98974878162694457,True,True,False,1>2>3>4,0,0,0,True,2,0.01894932772851201,0.0025101446743183778,0.044932190638132849,0.0052407162030397277
10000,0,single,gaussian_matched,0.050000000000000003,838,15,0.02,0.5973666884717117,<1%,True,False,3,0.052535627628734143,0.45698029786412242,-0.010794028226656947,0.074475557331806469,1.322911702666338,1.3415682758633083,1.3030532182253869,0.97129101937571038,,1.0412855013533968,False,False,False,,-1,,,False,2,0.016792034549523882,0.005111392153242909,0.052535627628734143,0.010270226130663935
10000,0,single,gaussian_matched,0.050000000000000003,838,15,0.050000000000000003,0.5973666884717117,<1%,True,False,3,0.052535627628734143,0.45698029786412242,-0.010794028226656947,0.074475557331806469,1.322911702666338,1.3415682758633083,1.3030532182253869,0.97129101937571038,,1.0412855013533968,False,False,False,,-1,,,False,2,0.016792034549523882,0.005111392153242909,0.052535627628734143,0.010270226130663935
10000,0,single,gaussian_matched,0.050000000000000003,838,16,0.02,0.5973666884717117,<1%,True,False,3,0.050016889736110751,0.42593533567975694,-0.01325445968742954,0.097399698003735782,1.322911702666338,1.3260967697294568,1.3072091056706876,0.98575694889700805,,1.0617555206771732,False,False,False,,-1,,,False,2,0.0095122128745720007,0.0011865976268991883,0.050016889736110751,0.010960121773754663
10000,0,single,gaussian_matched,0.050000000000000003,838,16,0.050000000000000003,0.5973666884717117,<1%,True,False,3,0.050016889736110751,0.42593533567975694,-0.01325445968742954,0.097399698003735782,1.322911702666338,1.3260967697294568,1.3072091056706876,0.98575694889700805,,1.0617555206771732,False,False,False,,-1,,,False,2,0.0095122128745720007,0.0011865976268991883,0.050016889736110751,0.010960121773754663
10000,0,single,gaussian_matched,0.050000000000000003,838,17,0.02,0.5973666884717117,<1%,True,False,3,0.037559323877532053,0.49234847182072294,0.055556757145405755,0.009456396430527262,1.322911702666338,1.3135858028850149,1.2762414475070791,0.9715706767719956,,0.97186973351756822,False,False,False,,-1,,,False,2,7.2832364959689961e-05,0.0064894589845612138,0.037559323877532053,0.0044086238910949274
10000,0,single,gaussian_matched,0.050000000000000003,838,17,0.050000000000000003,0.5973666884717117,<1%,True,True,4,0.037559323877532053,0.49234847182072294,0.055556757145405755,0.009456396430527262,1.322911702666338,1.3135858028850149,1.2762414475070791,0.9715706767719956,0.92352054697631158,0.97186973351756822,True,True,False,1>2>3>4,0,0,0,True,2,7.2832364959689961e-05,0.0064894589845612138,0.037559323877532053,0.0044086238910949274
10000,0,single,gaussian_matched,0.050000000000000003,838,18,0.02,0.5973666884717117,<1%,True,False,3,0.04379224716135522,0.44650121501776924,0.012700363815161583,0.065217964197729045,1.322911702666338,1.316424649184234,1.2956464020940026,0.98421615160191112,,1.0286887352715226,False,False,False,,-1,,,False,2,0.0050039657429344873,0.0025957177913037617,0.04379224716135522,0.0085875574456868824
10000,0,single,gaussian_matched,0.050000000000000003,838,18,0.050000000000000003,0.5973666884717117,<1%,True,True,4,0.04379224716135522,0.44650121501776924,0.012700363815161583,0.065217964197729045,1.322911702666338,1.316424649184234,1.2956464020940026,0.98421615160191112,0.93789303221137621,1.0286887352715226,True,True,False,1>2>3>4,0,0,0,True,2,0.0050039657429344873,0.0025957177913037617,0.04379224716135522,0.0085875574456868824
10000,0,single,gaussian_matched,0.050000000000000003,838,19,0.02,0.5973666884717117,<1%,True,True,4,0.019615329665362658,0.46924027490043579,0.067904340335853769,0.03559109567100794,1.322911702666338,1.2886693595861529,1.2835785043717625,0.99604952567815741,0.97685010019753071,0.99717131338695897,True,True,False,1>2>3>4,0,0,0,True,2,0.0071472030352500646,0.014315559233086757,0.019615329665362658,0.00020334079072891449
10000,0,single,gaussian_matched,0.050000000000000003,838,19,0.050000000000000003,0.5973666884717117,<1%,True,True,4,0.019615329665362658,0.46924027490043579,0.067904340335853769,0.03559109567100794,1.322911702666338,1.2886693595861529,1.2835785043717625,0.99604952567815741,0.95356951591342853,0.99717131338695897,True,True,False,1>2>3>4,0,0,0,True,2,0.0071472030352500646,0.014315559233086757,0.019615329665362658,0.00020334079072891449
10000,0,single,gaussian_matched,0.050000000000000003,838,20,0.02,0.5973666884717117,<1%,True,False,3,0.020385371793269467,0.47193682606107118,0.089466966659670064,0.048427091476177693,1.322911702666338,1.2751733269779597,1.2803628845670745,1.0040696880018762,,1.0044434359187138,False,False,False,,-1,,,False,2,0.00045447558144832832,0.020385371793269467,0.0095745725319281178,0.0034403183691372528
10000,0,single,gaussian_matched,0.050000000000000003,838,20,0.050000000000000003,0.5973666884717117,<1%,True,True,4,0.020385371793269467,0.47193682606107118,0.089466966659670064,0.048427091476177693,1.322911702666338,1.2751733269779597,1.2803628845670745,1.0040696880018762,0.96395128540996688,1.0044434359187138,True,True,False,1>2>3>4,0,0,0,True,2,0.00045447558144832832,0.020385371793269467,0.0095745725319281178,0.0034403183691372528
10000,0,single,gaussian_matched,0.050000000000000003,838,21,0.02,0.5973666884717117,<1%,True,False,3,0.049613687744934479,0.49537434044177692,0.011595549409474742,0.038682018451842409,1.322911702666338,1.3479481527904198,1.2915117011646244,0.95813158576688218,,1.0055045374044631,False,False,False,,-1,,,False,2,0.018217924129885158,0.0053735514289274186,0.049613687744934479,0.0083416150864539292
10000,0,single,gaussian_matched,0.050000000000000003,838,21,0.050000000000000003,0.5973666884717117,<1%,True,True,4,0.049613687744934479,0.49537434044177692,0.011595549409474742,0.038682018451842409,1.322911702666338,1.3479481527904198,1.2915117011646244,0.95813158576688218,0.91089316519322894,1.0055045374044631,True,True,False,1>2>3>4,0,0,0,True,2,0.018217924129885158,0.0053735514289274186,0.049613687744934479,0.0083416150864539292
10000,0,single,gaussian_matched,0.050000000000000003,838,22,0.02,0.5973666884717117,<1%,True,False,3,0.04352032052075188,0.43669460036201735,0.13706880778014352,0.10765013196267004,1.322911702666338,1.2168146134915161,1.2645544945364806,1.039233487595929,,1.0372609326332685,False,False,False,,-1,,,False,2,0.005082554637092054,0.04352032052075188,0.0014257890759148734,0.013014952875311169
10000,0,single,gaussian_matched,0.050000000000000003,838,22,0.050000000000000003,0.5973666884717117,<1%,True,True,4,0.04352032052075188,0.43669460036201735,0.13706880778014352,0.10765013196267004,1.322911702666338,1.2168146134915161,1.2645544945364806,1.039233487595929,1.0069935302607103,1.0372609326332685,True,True,False,1>2>3>4,0,0,0,True,2,0.005082554637092054,0.04352032052075188,0.0014257890759148734,0.013014952875311169
10000,0,single,gaussian_matched,0.050000000000000003,838,23,0.02,0.5973666884717117,<1%,True,False,3,0.045231810059953782,0.48065927829731564,0.0326144031836203,0.026006201042105281,1.322911702666338,1.3224419558346274,1.282062923286911,0.96946631013212814,,0.98878037112574768,False,False,False,,-1,,,False,2,0.0060441407850808969,0.0022403432755230841,0.045231810059953782,0.0064673446153724482
10000,0,single,gaussian_matched,0.050000000000000003,838,23,0.050000000000000003,0.5973666884717117,<1%,True,True,4,0.045231810059953782,0.48065927829731564,0.0326144031836203,0.026006201042105281,1.322911702666338,1.3224419558346274,1.282062923286911,0.96946631013212814,0.92126294222963778,0.98878037112574768,True,True,False,1>2>3>4,0,0,0,True,2,0.0060441407850808969,0.0022403432755230841,0.045231810059953782,0.0064673446153724482
10000,0,single,gaussian_matched,0.050000000000000003,838,24,0.02,0.5973666884717117,<1%,True,False,2,0.035211646424793727,0.51407874138576237,0.15970568511727784,0.11060537195841121,1.322911702666338,1.2640042407850305,1.2639017761493601,0.99991893647792918,,1.0390014279391757,False,False,False,,-1,,,False,2,0.035211646424793727,0.033276874784358881,0.0098911244216855106,0.014505318128697205
10000,0,single,gaussian_matched,0.050000000000000003,838,24,0.050000000000000003,0.5973666884717117,<1%,True,True,4,0.035211646424793727,0.51407874138576237,0.15970568511727784,0.11060537195841121,1.322911702666338,1.2640042407850305,1.2639017761493601,0.99991893647792918,0.96601035947869751,1.0390014279391757,True,True,False,1>2>3>4,0,0,0,True,2,0.035211646424793727,0.033276874784358881,0.0098911244216855106,0.014505318128697205
10000,0,single,gaussian_matched,0.050000000000000003,838,25,0.02,0.5973666884717117,<1%,True,False,3,0.022644484577807926,0.41637539274645924,0.039702130946303399,0.084256281934085034,1.322911702666338,1.2768659622049792,1.2964945596721815,1.0153724807835791,,1.0437210879783991,False,False,False,,-1,,,False,2,0.013317278364072004,0.015931962053007592,0.022644484577807926,0.0026880668972192618
10000,0,single,gaussian_matched,0.050000000000000003,838,25,0.050000000000000003,0.5973666884717117,<1%,True,True,4,0.022644484577807926,0.41637539274645924,0.039702130946303399,0.084256281934085034,1.322911702666338,1.2768659622049792,1.2964945596721815,1.0153724807835791,0.97582134053631431,1.0437210879783991,True,True,False,1>2>3>4,0,0,0,True,2,0.013317278364072004,0.015931962053007592,0.022644484577807926,0.0026880668972192618
10000,0,single,gaussian_matched,0.050000000000000003,838,26,0.02,0.5973666884717117,<1%,True,False,3,0.048636900008173389,0.51113729729948809,0.019839843585980007,0.032150807549038894,1.322911702666338,1.3523875448064615,1.2878064475747442,0.95224660454784105,,0.99776670843821236,False,False,False,,-1,,,False,2,0.019310413165458479,0.0056585884150805758,0.048636900008173389,0.0076605712707234807
10000,0,single,gaussian_matched,0.050000000000000003,838,26,0.050000000000000003,0.5973666884717117,<1%,True,True,4,0.048636900008173389,0.51113729729948809,0.019839843585980007,0.032150807549038894,1.322911702666338,1.3523875448064615,1.2878064475747442,0.95224660454784105,0.90508040747080787,0.99776670843821236,True,True,False,1>2>3>4,0,0,0,True,2,0.019310413165458479,0.0056585884150805758,0.048636900008173389,0.0076605712707234807
10000,0,single,gaussian_matched,0.050000000000000003,838,27,0.02,0.5973666884717117,<1%,True,False,3,0.038292417810008091,0.44763391410842979,0.022242800220231007,0.059267774474981903,1.322911702666338,1.3094846130214388,1.2938745997783438,0.98807926944091595,,1.0228516170248232,False,False,False,,-1,,,False,2,0.0015654012629167141,0.0050434982801886245,0.038292417810008091,0.0069770656678686815
10000,0,single,gaussian_matched,0.050000000000000003,838,27,0.050000000000000003,0.5973666884717117,<1%,True,True,4,0.038292417810008091,0.44763391410842979,0.022242800220231007,0.059267774474981903,1.322911702666338,1.3094846130214388,1.2938745997783438,0.98807926944091595,0.94310902235456828,1.0228516170248232,True,True,False,1>2>3>4,0,0,0,True,2,0.0015654012629167141,0.0050434982801886245,0.038292417810008091,0.0069770656678686815
10000,0,single,gaussian_matched,0.050000000000000003,838,28,0.02,0.5973666884717117,<1%,True,False,3,0.033888466359558694,0.44694650846274531,0.02949335935186163,0.05687877701713915,1.322911702666338,1.3033244168101954,1.2929521276280118,0.99204166740958544,,1.0203484495031354,False,False,False,,-1,,,False,2,0.001469480949225633,0.0072153764944460387,0.033888466359558694,0.0056033308674199355
10000,0,single,gaussian_matched,0.050000000000000003,838,28,0.050000000000000003,0.5973666884717117,<1%,True,True,4,0.033888466359558694,0.44694650846274531,0.02949335935186163,0.05687877701713915,1.322911702666338,1.3033244168101954,1.2929521276280118,0.99204166740958544,0.94817532851673014,1.0203484495031354,True,True,False,1>2>3>4,0,0,0,True,2,0.001469480949225633,0.0072153764944460387,0.033888466359558694,0.0056033308674199355
10000,0,single,gaussian_matched,0.050000000000000003,838,29,0.02,0.5973666884717117,<1%,True,False,2,0.058515838833829013,0.41448326977354905,-0.052853135504450699,0.13376052718093065,1.322911702666338,1.3542012657149547,1.3275643732782771,0.98033018199653321,,1.1046276917150986,False,False,False,,-1,,,False,2,0.020904086848335657,0.00957904399023796,0.058515838833829013,0.013467411741849348
10000,0,single,gaussian_matched,0.050000000000000003,838,29,0.050000000000000003,0.5973666884717117,<1%,True,False,3,0.058515838833829013,0.41448326977354905,-0.052853135504450699,0.13376052718093065,1.322911702666338,1.3542012657149547,1.3275643732782771,0.98033018199653321,,1.1046276917150986,False,False,False,,-1,,,False,2,0.020904086848335657,0.00957904399023796,0.058515838833829013,0.013467411741849348
10000,0,single,gaussian_matched,0.050000000000000003,838,30,0.02,0.5973666884717117,<1%,True,False,3,0.023362054373716554,0.43645578273997754,0.075515384753449696,0.068475560649807823,1.322911702666338,1.2610576934757078,1.2859281237786222,1.0197218814266673,,1.0238050519158759,False,False,False,,-1,,,False,2,0.015008245060870607,0.023362054373716554,0.01107411671316413,0.0024973516485103969
10000,0,single,gaussian_matched,0.050000000000000003,838,30,0.050000000000000003,0.5973666884717117,<1%,True,True,4,0.023362054373716554,0.43645578273997754,0.075515384753449696,0.068475560649807823,1.322911702666338,1.2610576934757078,1.2859281237786222,1.0197218814266673,0.98139116274056459,1.0238050519158759,True,True,False,1>2>3>4,0,0,0,True,2,0.015008245060870607,0.023362054373716554,0.01107411671316413,0.0024973516485103969
10000,0,single,gaussian_matched,0.050000000000000003,838,31,0.02,0.5973666884717117,<1%,True,False,3,0.026828789257504416,0.50484317170876469,0.077075134282934277,0.027504894267011852,1.322911702666338,1.3075823075160222,1.2744495649442564,0.97466106540191177,,0.984158244716688,False,False,False,,-1,,,False,2,0.0061221826192297503,0.010326713582989986,0.026828789257504416,0.0013510555956146449
10000,0,single,gaussian_matched,0.050000000000000003,838,31,0.050000000000000003,0.5973666884717117,<1%,True,True,4,0.026828789257504416,0.50484317170876469,0.077075134282934277,0.027504894267011852,1.322911702666338,1.3075823075160222,1.2744495649442564,0.97466106540191177,0.92819350731577221,0.984158244716688,True,True,False,1>2>3>4,0,0,0,True,2,0.0061221826192297503,0.010326713582989986,0.026828789257504416,0.0013510555956146449
10000,0,single,gaussian_matched,0.050000000000000003,839,0,0.02,5.7865215405808668,5-<10%,True,False,3,0.028886882574738121,0.52665748273251534,0.0046607805616091375,0.052595305920936641,1.4296357179952848,1.4556735101787837,1.4520294703593295,0.99749666405689652,,1.0524532629823597,False,False,False,,-1,,,False,1,0.0036419932275529579,0.01452318547827398,0.028886882574738121,0.017286813203251629
10000,0,single,gaussian_matched,0.050000000000000003,839,0,0.050000000000000003,5.7865215405808668,5-<10%,True,True,4,0.028886882574738121,0.52665748273251534,0.0046607805616091375,0.052595305920936641,1.4296357179952848,1.4556735101787837,1.4520294703593295,0.99749666405689652,0.96976246412189104,1.0524532629823597,True,True,False,1>3>4>2,3,0,0,True,1,0.0036419932275529579,0.01452318547827398,0.028886882574738121,0.017286813203251629
10000,0,single,gaussian_matched,0.050000000000000003,839,1,0.02,5.7865215405808668,5-<10%,True,True,4,0.01574224466805008,0.5814682037611183,0.091315049931403131,0.091345506593906542,1.4296357179952848,1.3535370975085577,1.4027167887341809,1.0363342026725,1.0281907966178361,1.0450650305681684,True,True,False,1>3>4>2,3,0,0,True,1,0.014301705643127289,0.010553117797725243,0.01574224466805008,0.0022144958177001809
10000,0,single,gaussian_matched,0.050000000000000003,839,1,0.050000000000000003,5.7865215405808668,5-<10%,True,True,4,0.01574224466805008,0.5814682037611183,0.091315049931403131,0.091345506593906542,1.4296357179952848,1.3535370975085577,1.4027167887341809,1.0363342026725,1.0054663319243387,1.0450650305681684,True,True,False,1>3>4>2,3,0,0,True,1,0.014301705643127289,0.010553117797725243,0.01574224466805008,0.0022144958177001809
10000,0,single,gaussian_matched,0.050000000000000003,839,2,0.02,5.7865215405808668,5-<10%,True,False,3,0.021195043467972265,0.52450507312391637,0.036535314383358407,0.027960621730631872,1.4296357179952848,1.4286945501138106,1.4342980110792436,1.0039220846506249,,1.0228190401260653,False,False,False,,-1,,,False,1,0.0083045039852498934,0.012041761582659077,0.021195043467972265,0.011586879981930221
10000,0,single,gaussian_matched,0.050000000000000003,839,2,0.050000000000000003,5.7865215405808668,5-<10%,True,True,4,0.021195043467972265,0.52450507312391637,0.036535314383358407,0.027960621730631872,1.4296357179952848,1.4286945501138106,1.4342980110792436,1.0039220846506249,0.97406466590351881,1.0228190401260653,True,True,False,1>3>4>2,3,0,0,True,1,0.0083045039852498934,0.012041761582659077,0.021195043467972265,0.011586879981930221
10000,0,single,gaussian_matched,0.050000000000000003,839,3,0.02,5.7865215405808668,5-<10%,True,True,4,0.01117035555141754,0.49175433525468659,0.066964425410410117,0.018862203386600218,1.4296357179952848,1.4198639353508917,1.4170979271929296,0.99805192026567069,0.98698542914092291,1.0044237930716458,True,True,False,1>3>4>2,3,0,0,True,1,0.006673484245908746,0.0090843254393166515,0.01117035555141754,0.004495488011451795
10000,0,single,gaussian_matched,0.050000000000000003,839,3,0.050000000000000003,5.7865215405808668,5-<10%,True,True,4,0.01117035555141754,0.49175433525468659,0.066964425410410117,0.018862203386600218,1.4296357179952848,1.4198639353508917,1.4170979271929296,0.99805192026567069,0.96506443892922233,1.0044237930716458,True,True,False,1>3>4>2,3,0,0,True,1,0.006673484245908746,0.0090843254393166515,0.01117035555141754,0.004495488011451795
10000,0,single,gaussian_matched,0.050000000000000003,839,4,0.02,5.7865215405808668,5-<10%,True,False,3,0.027564492393662716,0.44275362010499608,0.10289580737816413,0.077943020529557053,1.4296357179952848,1.4203348968901093,1.3958975077867288,0.98279462881825452,,1.0309203314974444,False,False,False,,-1,,,False,1,0.027564492393662716,0.006909456868029182,0.00048917982309233481,0.0044455949995055831
10000,0,single,gaussian_matched,0.050000000000000003,839,4,0.050000000000000003,5.7865215405808668,5-<10%,True,True,4,0.027564492393662716,0.44275362010499608,0.10289580737816413,0.077943020529557053,1.4296357179952848,1.4203348968901093,1.3958975077867288,0.98279462881825452,0.94605081680601988,1.0309203314974444,True,True,False,1>3>4>2,3,0,0,True,1,0.027564492393662716,0.006909456868029182,0.00048917982309233481,0.0044455949995055831
10000,0,single,gaussian_matched,0.050000000000000003,839,5,0.02,5.7865215405808668,5-<10%,True,True,4,0.017366019515435132,0.47313212674538363,0.03915225593314111,0.02897509559201146,1.4296357179952848,1.4533347867186797,1.4324370168064302,0.98562081489879416,0.97527431605168935,1.0222269169713496,True,True,False,1>3>4>2,3,0,0,True,1,0.010646705508827424,0.010830792466103882,0.017366019515435132,0.0088432972040932874
10000,0,single,gaussian_matched,0.050000000000000003,839,5,0.050000000000000003,5.7865215405808668,5-<10%,True,True,4,0.017366019515435132,0.47313212674538363,0.03915225593314111,0.02897509559201146,1.4296357179952848,1.4533347867186797,1.4324370168064302,0.98562081489879416,0.95342556323937666,1.0222269169713496,True,True,False,1>3>4>2,3,0,0,True,1,0.010646705508827424,0.010830792466103882,0.017366019515435132,0.0088432972040932874
10000,0,single,gaussian_matched,0.050000000000000003,839,6,0.02,5.7865215405808668,5-<10%,True,True,4,0.014506624941006015,0.53011331517624216,0.069370893763447669,0.035805631904750293,1.4296357179952848,1.3974378595010435,1.4158033765249862,1.0131422781335695,1.0037163252541106,1.0153698527239261,True,True,False,1>3>4>2,3,0,0,True,1,0.0033667973301217792,0.0098117638508265995,0.014506624941006015,0.0055297888337764696
10000,0,single,gaussian_matched,0.050000000000000003,839,6,0.050000000000000003,5.7865215405808668,5-<10%,True,True,4,0.014506624941006015,0.53011331517624216,0.069370893763447669,0.035805631904750293,1.4296357179952848,1.3974378595010435,1.4158033765249862,1.0131422781335695,0.98150467661827046,1.0153698527239261,True,True,False,1>3>4>2,3,0,0,True,1,0.0033667973301217792,0.0098117638508265995,0.014506624941006015,0.0055297888337764696
10000,0,single,gaussian_matched,0.050000000000000003,839,7,0.02,5.7865215405808668,5-<10%,True,False,2,0.032278716779376972,0.42642553896959473,0.0094894262172516008,0.08398992739681424,1.4296357179952848,1.5043009172935322,1.4465040185062423,0.96157889812945452,,1.0705482009425455,False,False,False,,-1,,,False,1,0.032278716779376972,0.012891232673030295,0.032192114603232305,0.011883192177889523
10000,0,single,gaussian_matched,0.050000000000000003,839,7,0.050000000000000003,5.7865215405808668,5-<10%,True,True,4,0.032278716779376972,0.42642553896959473,0.0094894262172516008,0.08398992739681424,1.4296357179952848,1.5043009172935322,1.4465040185062423,0.96157889812945452,0.92880587614202048,1.0705482009425455,True,True,False,1>3>4>2,3,0,0,True,1,0.032278716779376972,0.012891232673030295,0.032192114603232305,0.011883192177889523
10000,0,single,gaussian_matched,0.050000000000000003,839,8,0.02,5.7865215405808668,5-<10%,True,True,4,0.0071283079676615711,0.5376573951801249,0.10993431383701632,0.070782776060748426,1.4296357179952848,1.3588529837858128,1.3926012062773538,1.0248358158639923,1.0135719478355201,1.0236061983608953,True,True,False,1>3>4>2,3,0,0,True,1,0.002515681980493819,0.0071283079676615711,0.0065651618867539037,0.0037608156424703697
10000,0,single,gaussian_matched,0.050000000000000003,839,8,0.050000000000000003,5.7865215405808668,5-<10%,True,True,4,0.0071283079676615711,0.5376573951801249,0.10993431383701632,0.070782776060748426,1.4296357179952848,1.3588529837858128,1.3926012062773538,1.0248358158639923,0.99113418497901051,1.0236061983608953,True,True,False,1>3>4>2,3,0,0,True,1,0.002515681980493819,0.0071283079676615711,0.0065651618867539037,0.0037608156424703697
10000,0,single,gaussian_matched,0.050000000000000003,839,9,0.02,5.7865215405808668,5-<10%,True,False,2,0.050718212742651522,0.38080903403557986,0.083506919725346088,0.1238111466589836,1.4296357179952848,1.4555800689143243,1.3991858443538223,0.96125652874419687,,1.0653042392844223,False,False,False,,-1,,,False,1,0.050718212742651522,0.0082625935963487971,0.026070307203798181,0.0052720728747022516
10000,0,single,gaussian_matched,0.050000000000000003,839,9,0.050000000000000003,5.7865215405808668,5-<10%,True,False,3,0.050718212742651522,0.38080903403557986,0.083506919725346088,0.1238111466589836,1.4296357179952848,1.4555800689143243,1.3991858443538223,0.96125652874419687,,1.0653042392844223,False,False,False,,-1,,,False,1,0.050718212742651522,0.0082625935963487971,0.026070307203798181,0.0052720728747022516
10000,0,single,gaussian_matched,0.050000000000000003,839,10,0.02,5.7865215405808668,5-<10%,True,False,3,0.031736089318713141,0.51172490983994723,-0.010172111754036449,0.061303805295390458,1.4296357179952848,1.4757804424430381,1.4602951753996416,0.98950706582222903,,1.0643263605841518,False,False,False,,-1,,,False,1,0.004042259519201616,0.015116698935005671,0.031736089318713141,0.019167361274007765
10000,0,single,gaussian_matched,0.050000000000000003,839,10,0.050000000000000003,5.7865215405808668,5-<10%,True,True,4,0.031736089318713141,0.51172490983994723,-0.010172111754036449,0.061303805295390458,1.4296357179952848,1.4757804424430381,1.4602951753996416,0.98950706582222903,0.96202381775439161,1.0643263605841518,True,True,False,1>3>4>2,3,0,0,True,1,0.004042259519201616,0.015116698935005671,0.031736089318713141,0.019167361274007765
10000,0,single,gaussian_matched,0.050000000000000003,839,11,0.02,5.7865215405808668,5-<10%,True,False,3,0.023314320355807001,0.53389505134464865,0.031351287847214505,0.038686547669878966,1.4296357179952848,1.428709398941574,1.4371623464218439,1.0059164918257919,,1.0323251409535577,False,False,False,,-1,,,False,1,0.011111362216648124,0.012778491997736842,0.023314320355807001,0.012981968786943096
10000,0,single,gaussian_matched,0.050000000000000003,839,11,0.050000000000000003,5.7865215405808668,5-<10%,True,True,4,0.023314320355807001,0.53389505134464865,0.031351287847214505,0.038686547669878966,1.4296357179952848,1.428709398941574,1.4371623464218439,1.0059164918257919,0.97679500947260689,1.0323251409535577,True,True,False,1>3>4>2,3,0,0,True,1,0.011111362216648124,0.012778491997736842,0.023314320355807001,0.012981968786943096
10000,0,single,gaussian_matched,0.050000000000000003,839,12,0.02,5.7865215405808668,5-<10%,True,False,2,0.093577757255384614,0.31384017060220804,0.03754052733742258,0.18657631291362931,1.4296357179952848,1.4728056608177118,1.3639712471751437,0.92610402272480241,,1.0845752806617321,False,False,False,,-1,,,False,1,0.093577757255384614,0.006602990390876297,0.088249648106646442,0.012972727447843642
10000,0,single,gaussian_matched,0.050000000000000003,839,12,0.050000000000000003,5.7865215405808668,5-<10%,True,False,2,0.093577757255384614,0.31384017060220804,0.03754052733742258,0.18657631291362931,1.4296357179952848,1.4728056608177118,1.3639712471751437,0.92610402272480241,,1.0845752806617321,False,False,False,,-1,,,False,1,0.093577757255384614,0.006602990390876297,0.088249648106646442,0.012972727447843642
10000,0,single,gaussian_matched,0.050000000000000003,839,13,0.02,5.7865215405808668,5-<10%,True,False,3,0.021819608157976959,0.53853224351248219,0.040197648766165842,0.039759525648788568,1.4296357179952848,1.4187219465018024,1.4321937042444841,1.00949569982751,,1.0296002060981855,False,False,False,,-1,,,False,1,0.011438123735595941,0.012297339997539007,0.021819608157976959,0.011614209918789309
10000,0,single,gaussian_matched,0.050000000000000003,839,13,0.050000000000000003,5.7865215405808668,5-<10%,True,True,4,0.021819608157976959,0.53853224351248219,0.040197648766165842,0.039759525648788568,1.4296357179952848,1.4187219465018024,1.4321937042444841,1.00949569982751,0.98001304705522196,1.0296002060981855,True,True,False,1>3>4>2,3,0,0,True,1,0.011438123735595941,0.012297339997539007,0.021819608157976959,0.011614209918789309
10000,0,single,gaussian_matched,0.050000000000000003,839,14,0.02,5.7865215405808668,5-<10%,True,True,4,0.011912883664699645,0.51397932323034889,0.073450459382991995,0.027301016890437055,1.4296357179952848,1.4023418811469313,1.4135402277808198,1.007985461166381,0.99757765805863108,1.0078380293209832,True,True,False,1>3>4>2,3,0,0,True,1,0.0019975276123015717,0.009035929405246404,0.011912883664699645,0.0040903442146719851
10000,0,single,gaussian_matched,0.050000000000000003,839,14,0.050000000000000003,5.7865215405808668,5-<10%,True,True,4,0.011912883664699645,0.51397932323034889,0.073450459382991995,0.027301016890437055,1.4296357179952848,1.4023418811469313,1.4135402277808198,1.007985461166381,0.97548335812438547,1.0078380293209832,True,True,False,1>3>4>2,3,0,0,True,1,0.0019975276123015717,0.009035929405246404,0.011912883664699645,0.0040903442146719851
10000,0,single,gaussian_matched,0.050000000000000003,839,15,0.02,5.7865215405808668,5-<10%,True,False,3,0.032298940664783039,0.53596594631033767,-0.0062353219126676032,0.066752982889301996,1.4296357179952848,1.4611350528812981,1.457950642863493,0.99782059159314151,,1.0664979942518642,False,False,False,,-1,,,False,1,0.0048090901254096265,0.015735279198622391,0.032298940664783039,0.019565032958759585
10000,0,single,gaussian_matched,0.050000000000000003,839,15,0.050000000000000003,5.7865215405808668,5-<10%,True,True,4,0.032298940664783039,0.53596594631033767,-0.0062353219126676032,0.066752982889301996,1.4296357179952848,1.4611350528812981,1.457950642863493,0.99782059159314151,0.97123179095272549,1.0664979942518642,True,True,False,1>3>4>2,3,0,0,True,1,0.0048090901254096265,0.015735279198622391,0.032298940664783039,0.019565032958759585
10000,0,single,gaussian_matched,0.050000000000000003,839,16,0.02,5.7865215405808668,5-<10%,True,False,3,0.026564471049923752,0.47866539060576024,0.0067942529250859252,0.048186119768105724,1.4296357179952848,1.4775935925695021,1.4506780718215726,0.9817842193663523,,1.048423855617898,False,False,False,,-1,,,False,1,0.012691399189633334,0.013096957893164512,0.026564471049923752,0.014850041854049397
10000,0,single,gaussian_matched,0.050000000000000003,839,16,0.050000000000000003,5.7865215405808668,5-<10%,True,True,4,0.026564471049923752,0.47866539060576024,0.0067942529250859252,0.048186119768105724,1.4296357179952848,1.4775935925695021,1.4506780718215726,0.9817842193663523,0.95171672574648769,1.048423855617898,True,True,False,1>3>4>2,3,0,0,True,1,0.012691399189633334,0.013096957893164512,0.026564471049923752,0.014850041854049397
10000,0,single,gaussian_matched,0.050000000000000003,839,17,0.02,5.7865215405808668,5-<10%,True,False,3,0.034068551899010376,0.42892898011559888,0.11422011423058379,0.095787853818728855,1.4296357179952848,1.420734698497075,1.3889451093948051,0.97762454233299256,,1.0385393597297008,False,False,False,,-1,,,False,1,0.034068551899010376,0.0062265319052994999,0.0028028176145375879,0.0074267736213190459
10000,0,single,gaussian_matched,0.050000000000000003,839,17,0.050000000000000003,5.7865215405808668,5-<10%,True,True,4,0.034068551899010376,0.42892898011559888,0.11422011423058379,0.095787853818728855,1.4296357179952848,1.420734698497075,1.3889451093948051,0.97762454233299256,0.93976712349674885,1.0385393597297008,True,True,False,1>3>4>2,3,0,0,True,1,0.034068551899010376,0.0062265319052994999,0.0028028176145375879,0.0074267736213190459
10000,0,single,gaussian_matched,0.050000000000000003,839,18,0.02,5.7865215405808668,5-<10%,True,False,3,0.020389014372030445,0.47647177015940478,0.02832641444597056,0.031989403092269615,1.4296357179952848,1.4605537934685764,1.4385888340869364,0.98496121164460715,,1.0286384277257239,False,False,False,,-1,,,False,1,0.010174352694428001,0.011584491625992647,0.020389014372030445,0.010934186186566349
10000,0,single,gaussian_matched,0.050000000000000003,839,18,0.050000000000000003,5.7865215405808668,5-<10%,True,True,4,0.020389014372030445,0.47647177015940478,0.02832641444597056,0.031989403092269615,1.4296357179952848,1.4605537934685764,1.4385888340869364,0.98496121164460715,0.95352898421701182,1.0286384277257239,True,True,False,1>3>4>2,3,0,0,True,1,0.010174352694428001,0.011584491625992647,0.020389014372030445,0.010934186186566349
10000,0,single,gaussian_matched,0.050000000000000003,839,19,0.02,5.7865215405808668,5-<10%,True,True,4,0.01412510161191307,0.50208065623538456,0.058135751206383958,0.0083975935875715384,1.4296357179952848,1.4216429983525898,1.4221367320534322,1.0003472979513244,0.99025892001403304,1.0006285570753499,True,True,False,1>3>4>2,3,0,0,True,1,0.0021259034109006206,0.0098594648939387981,0.01412510161191307,0.0065881591149206976
10000,0,single,gaussian_matched,0.050000000000000003,839,19,0.050000000000000003,5.7865215405808668,5-<10%,True,True,4,0.01412510161191307,0.50208065623538456,0.058135751206383958,0.0083975935875715384,1.4296357179952848,1.4216429983525898,1.4221367320534322,1.0003472979513244,0.9682657285352253,1.0006285570753499,True,True,False,1>3>4>2,3,0,0,True,1,0.0021259034109006206,0.0098594648939387981,0.01412510161191307,0.0065881591149206976
10000,0,single,gaussian_matched,0.050000000000000003,839,20,0.02,5.7865215405808668,5-<10%,True,False,3,0.0336072952674904,0.427266464316096,0.10782851888900681,0.092920960014293633,1.4296357179952848,1.4266314516744436,1.392278818550136,0.9759204571832566,,1.038865887211506,False,False,False,,-1,,,False,1,0.0336072952674904,0.0066641710512319796,0.0043056493396812744,0.0062404617109191847
10000,0,single,gaussian_matched,0.050000000000000003,839,20,0.050000000000000003,5.7865215405808668,5-<10%,True,True,4,0.0336072952674904,0.427266464316096,0.10782851888900681,0.092920960014293633,1.4296357179952848,1.4266314516744436,1.392278818550136,0.9759204571832566,0.9382781532730855,1.038865887211506,True,True,False,1>3>4>2,3,0,0,True,1,0.0336072952674904,0.0066641710512319796,0.0043056493396812744,0.0062404617109191847
10000,0,single,gaussian_matched,0.050000000000000003,839,21,0.02,5.7865215405808668,5-<10%,True,True,4,0.013009743496724967,0.47362788429766728,0.073448768060286079,0.035289278969147506,1.4296357179952848,1.4248185117183727,1.4132008357691817,0.99184620647918187,0.97959270656773956,1.0131882524378188,True,True,False,1>3>4>2,3,0,0,True,1,0.013009743496724967,0.0085750752677458391,0.0082338263581967549,0.0025408402389510924
10000,0,single,gaussian_matched,0.050000000000000003,839,21,0.050000000000000003,5.7865215405808668,5-<10%,True,True,4,0.013009743496724967,0.47362788429766728,0.073448768060286079,0.035289278969147506,1.4296357179952848,1.4248185117183727,1.4132008357691817,0.99184620647918187,0.95780091668435441,1.0131882524378188,True,True,False,1>3>4>2,3,0,0,True,1,0.013009743496724967,0.0085750752677458391,0.0082338263581967549,0.0025408402389510924
10000,0,single,gaussian_matched,0.050000000000000003,839,22,0.02,5.7865215405808668,5-<10%,True,True,4,0.012592609679282718,0.53726442254928752,0.081801652405962988,0.048989614038911757,1.4296357179952848,1.3830977344450166,1.4087068723617233,1.0185157832877101,1.0087205436834574,1.0196279150360754,True,True,False,1>3>4>2,3,0,0,True,1,0.0030114767639532278,0.0091592144944843742,0.012592609679282718,0.0030441356151875844
10000,0,single,gaussian_matched,0.050000000000000003,839,22,0.050000000000000003,5.7865215405808668,5-<10%,True,True,4,0.012592609679282718,0.53726442254928752,0.081801652405962988,0.048989614038911757,1.4296357179952848,1.3830977344450166,1.4087068723617233,1.0185157832877101,0.98641695394943008,1.0196279150360754,True,True,False,1>3>4>2,3,0,0,True,1,0.0030114767639532278,0.0091592144944843742,0.012592609679282718,0.0030441356151875844
10000,0,single,gaussian_matched,0.050000000000000003,839,23,0.02,5.7865215405808668,5-<10%,True,True,4,0.017444283355470328,0.50904306253780651,0.14305838265110579,0.093496735567089748,1.4296357179952848,1.3477196219084608,1.3742032667548885,1.0196507080671016,1.0056843071717338,1.0266251632129542,True,True,False,1>3>4>2,3,0,0,True,1,0.017444283355470328,0.0040529537118897847,0.0035483134513673025,0.012679316488053448
10000,0,single,gaussian_matched,0.050000000000000003,839,23,0.050000000000000003,5.7865215405808668,5-<10%,True,True,4,0.017444283355470328,0.50904306253780651,0.14305838265110579,0.093496735567089748,1.4296357179952848,1.3477196219084608,1.3742032667548885,1.0196507080671016,0.9832845940435555,1.0266251632129542,True,True,False,1>3>4>2,3,0,0,True,1,0.017444283355470328,0.0040529537118897847,0.0035483134513673025,0.012679316488053448
10000,0,single,gaussian_matched,0.050000000000000003,839,24,0.02,5.7865215405808668,5-<10%,True,False,2,0.045032251261502468,0.39178947999360081,0.037064068271802357,0.10898098444101113,1.4296357179952848,1.5022341654351892,1.4265328766575212,0.9496075308900076,,1.074059525633366,False,False,False,,-1,,,False,1,0.045032251261502468,0.011318698867504029,0.033903146607063089,0.0045919992254265267
10000,0,single,gaussian_matched,0.050000000000000003,839,24,0.050000000000000003,5.7865215405808668,5-<10%,True,True,4,0.045032251261502468,0.39178947999360081,0.037064068271802357,0.10898098444101113,1.4296357179952848,1.5022341654351892,1.4265328766575212,0.9496075308900076,0.91337241845660233,1.074059525633366,True,True,False,1>3>4>2,3,0,0.087288495661064225,True,1,0.045032251261502468,0.011318698867504029,0.033903146607063089,0.0045919992254265267
10000,0,single,gaussian_matched,0.050000000000000003,839,25,0.02,5.7865215405808668,5-<10%,True,False,2,0.021005202956934473,0.4482839312601597,0.033245704033709855,0.05436228655262703,1.4296357179952848,1.4722709008568367,1.4348986330862745,0.97461590271952525,,1.0417065696478447,False,False,False,,-1,,,False,1,0.021005202956934473,0.011293956032037786,0.020893857038833934,0.0088135140855470223
10000,0,single,gaussian_matched,0.050000000000000003,839,25,0.050000000000000003,5.7865215405808668,5-<10%,True,True,4,0.021005202956934473,0.4482839312601597,0.033245704033709855,0.05436228655262703,1.4296357179952848,1.4722709008568367,1.4348986330862745,0.97461590271952525,0.94163205400261241,1.0417065696478447,True,True,False,1>3>4>2,3,0,0,True,1,0.021005202956934473,0.011293956032037786,0.020893857038833934,0.0088135140855470223
10000,0,single,gaussian_matched,0.050000000000000003,839,26,0.02,5.7865215405808668,5-<10%,True,False,3,0.030074533471390271,0.49781430181970604,-0.0056297041646732326,0.055672625786686254,1.4296357179952848,1.4785348879450293,1.4577844516246128,0.98596554163882,,1.0586312711419614,False,False,False,,-1,,,False,1,0.008082256095097726,0.014371628357581713,0.030074533471390271,0.017812190013223737
10000,0,single,gaussian_matched,0.050000000000000003,839,26,0.050000000000000003,5.7865215405808668,5-<10%,True,True,4,0.030074533471390271,0.49781430181970604,-0.0056297041646732326,0.055672625786686254,1.4296357179952848,1.4785348879450293,1.4577844516246128,0.98596554163882,0.95754462923246331,1.0586312711419614,True,True,False,1>3>4>2,3,0,0,True,1,0.008082256095097726,0.014371628357581713,0.030074533471390271,0.017812190013223737
10000,0,single,gaussian_matched,0.050000000000000003,839,27,0.02,5.7865215405808668,5-<10%,True,True,4,0.01978078384685894,0.48033822899256073,0.030446574175454984,0.027729437437946036,1.4296357179952848,1.4566783506282432,1.437468686007477,0.98681269299260099,0.9773533461140872,1.0248751517624404,True,True,False,1>3>4>2,3,0,0,True,1,0.0084145356372837873,0.011475076340553014,0.01978078384685894,0.010716741249386631
10000,0,single,gaussian_matched,0.050000000000000003,839,27,0.050000000000000003,5.7865215405808668,5-<10%,True,True,4,0.01978078384685894,0.48033822899256073,0.030446574175454984,0.027729437437946036,1.4296357179952848,1.4566783506282432,1.437468686007477,0.98681269299260099,0.95542774883408521,1.0248751517624404,True,True,False,1>3>4>2,3,0,0,True,1,0.0084145356372837873,0.011475076340553014,0.01978078384685894,0.010716741249386631
10000,0,single,gaussian_matched,0.050000000000000003,839,28,0.02,5.7865215405808668,5-<10%,True,False,3,0.027687991865937508,0.48800353979861211,0.0024964475428168389,0.048994923751505486,1.4296357179952848,1.4764357635828673,1.4532046919298345,0.98426543692178114,,1.0507569143472495,False,False,False,,-1,,,False,1,0.010126942923912476,0.013558727305506019,0.027687991865937508,0.015993783314437154
10000,0,single,gaussian_matched,0.050000000000000003,839,28,0.050000000000000003,5.7865215405808668,5-<10%,True,True,4,0.027687991865937508,0.48800353979861211,0.0024964475428168389,0.048994923751505486,1.4296357179952848,1.4764357635828673,1.4532046919298345,0.98426543692178114,0.95488866297349495,1.0507569143472495,True,True,False,1>3>4>2,3,0,0,True,1,0.010126942923912476,0.013558727305506019,0.027687991865937508,0.015993783314437154
10000,0,single,gaussian_matched,0.050000000000000003,839,29,0.02,5.7865215405808668,5-<10%,True,True,4,0.014393477743329988,0.48483532657392187,0.05128939075829559,0.015219390547823472,1.4296357179952848,1.4367523971021936,1.4258242362783249,0.9923938454211666,0.98189298088325105,1.0079795913653167,True,True,False,1>3>4>2,3,0,0,True,1,0.0063683012985267101,0.010086312073191836,0.014393477743329988,0.0071267643932918052
10000,0,single,gaussian_matched,0.050000000000000003,839,29,0.050000000000000003,5.7865215405808668,5-<10%,True,True,4,0.014393477743329988,0.48483532657392187,0.05128939075829559,0.015219390547823472,1.4296357179952848,1.4367523971021936,1.4258242362783249,0.9923938454211666,0.96000791353970949,1.0079795913653167,True,True,False,1>3>4>2,3,0,0,True,1,0.0063683012985267101,0.010086312073191836,0.014393477743329988,0.0071267643932918052
10000,0,single,gaussian_matched,0.050000000000000003,839,30,0.02,5.7865215405808668,5-<10%,True,False,3,0.021051249977719531,0.50123187559934324,0.028784068696710574,0.021251664842034224,1.4296357179952848,1.4470828325016429,1.4386183377445636,0.99415064945353104,,1.021148243717434,False,False,False,,-1,,,False,1,0.00070091192294909066,0.01194219629099369,0.021051249977719531,0.011908620444715081
10000,0,single,gaussian_matched,0.050000000000000003,839,30,0.050000000000000003,5.7865215405808668,5-<10%,True,True,4,0.021051249977719531,0.50123187559934324,0.028784068696710574,0.021251664842034224,1.4296357179952848,1.4470828325016429,1.4386183377445636,0.99415064945353104,0.96377000155486259,1.021148243717434,True,True,False,1>3>4>2,3,0,0,True,1,0.00070091192294909066,0.01194219629099369,0.021051249977719531,0.011908620444715081
10000,0,single,gaussian_matched,0.050000000000000003,839,31,0.02,5.7865215405808668,5-<10%,True,True,4,0.013572507828993061,0.48992788923455671,0.056020399526831431,0.011734250113834742,1.4296357179952848,1.4300019490652898,1.4232287817208134,0.99526352579525945,0.9847291847742492,1.0037263435519319,True,True,False,1>3>4>2,3,0,0,True,1,0.0052268471193449651,0.0098156013492599805,0.013572507828993061,0.0064693116635587723
10000,0,single,gaussian_matched,0.050000000000000003,839,31,0.050000000000000003,5.7865215405808668,5-<10%,True,True,4,0.013572507828993061,0.48992788923455671,0.056020399526831431,0.011734250113834742,1.4296357179952848,1.4300019490652898,1.4232287817208134,0.99526352579525945,0.96281739800402588,1.0037263435519319,True,True,False,1>3>4>2,3,0,0,True,1,0.0052268471193449651,0.0098156013492599805,0.013572507828993061,0.0064693116635587723
