budget,seed,mode,init_name,init_sigma,layout_index,draw_id,tolerance,gap_percent,gap_bin,numeric_valid,success,visited_count,worst_distance,initial_x,initial_y,initial_offset,optimal_nominal,optimal_sampled_start,path_length,path_length_ratio_sampled_start,completion_length_ratio_sampled_start,path_plus_connector_ratio_nominal,success_with_connector,order_evaluable,order_ambiguous,actual_order,order_class,order_excess_nominal_percent,order_excess_sampled_start_percent,success_nearopt_order,available_nearopt_center_orders,target_1_distance,target_2_distance,target_3_distance,target_4_distance
10000,0,single,gaussian_matched,0.050000000000000003,40,0,0.02,8.3225168037162831,5-<10%,True,True,4,0.010165469115313052,0.49669664852578627,0.025041063116090782,0.025176589549364192,0.90077869666501442,0.9234607020171407,0.9129958889226506,0.98866783061625518,0.97259083255246115,1.0415127288705259,True,True,False,4>2>3>1,21,0,0,True,1,0.0052428401926895626,0.00095232734048810461,0.010165469115313052,0.005440116520283019
10000,0,single,gaussian_matched,0.050000000000000003,40,0,0.050000000000000003,8.3225168037162831,5-<10%,True,True,4,0.010165469115313052,0.49669664852578627,0.025041063116090782,0.025176589549364192,0.90077869666501442,0.9234607020171407,0.9129958889226506,0.98866783061625518,0.94005687304793251,1.0415127288705259,True,True,False,4>2>3>1,21,0,0,True,1,0.0052428401926895626,0.00095232734048810461,0.010165469115313052,0.005440116520283019
10000,0,single,gaussian_matched,0.050000000000000003,40,1,0.02,8.3225168037162831,5-<10%,True,False,3,0.029159165774589865,0.47661368111955554,0.079270004175880204,0.037465358068939865,0.90077869666501442,0.89257799864244769,0.87692627380352284,0.98246458588187235,,1.0151124080285734,False,False,False,,-1,,,False,1,0.0087063284125035775,0.0032035400903179315,0.029159165774589865,0.019775246726621627
10000,0,single,gaussian_matched,0.050000000000000003,40,1,0.050000000000000003,8.3225168037162831,5-<10%,True,True,4,0.029159165774589865,0.47661368111955554,0.079270004175880204,0.037465358068939865,0.90077869666501442,0.89257799864244769,0.87692627380352284,0.98246458588187235,0.93014691215127743,1.0151124080285734,True,True,False,4>2>3>1,21,0,0,True,1,0.0087063284125035775,0.0032035400903179315,0.029159165774589865,0.019775246726621627
10000,0,single,gaussian_matched,0.050000000000000003,40,2,0.02,8.3225168037162831,5-<10%,True,False,2,0.027354798714137527,0.59063680137845576,0.096050061309436358,0.10166433942499448,0.90077869666501442,0.81873127329664841,0.8442402238993868,1.0311566828271086,,1.0500965074179018,False,False,False,,-1,,,False,1,0.016220688236576217,0.0063932682656746695,0.022085047716365366,0.027354798714137527
10000,0,single,gaussian_matched,0.050000000000000003,40,2,0.050000000000000003,8.3225168037162831,5-<10%,True,True,4,0.027354798714137527,0.59063680137845576,0.096050061309436358,0.10166433942499448,0.90077869666501442,0.81873127329664841,0.8442402238993868,1.0311566828271086,0.98897862051732921,1.0500965074179018,True,True,False,4>2>3>1,21,0,0,True,1,0.016220688236576217,0.0063932682656746695,0.022085047716365366,0.027354798714137527
10000,0,single,gaussian_matched,0.050000000000000003,40,3,0.02,8.3225168037162831,5-<10%,True,True,4,0.012626802448162281,0.48865458825698133,-0.013689955460435693,0.064692571398661455,0.90077869666501442,0.96085422927681574,0.9432421303444698,0.98167037371984966,0.96535288716282686,1.1189593020736885,True,True,False,4>2>3>1,21,0,0,True,1,0.0051722572001978691,0.0083395830898438852,8.554771256733699e-05,0.012626802448162281
10000,0,single,gaussian_matched,0.050000000000000003,40,3,0.050000000000000003,8.3225168037162831,5-<10%,True,True,4,0.012626802448162281,0.48865458825698133,-0.013689955460435693,0.064692571398661455,0.90077869666501442,0.96085422927681574,0.9432421303444698,0.98167037371984966,0.93402720099163428,1.1189593020736885,True,True,False,4>2>3>1,21,0,0,True,1,0.0051722572001978691,0.0083395830898438852,8.554771256733699e-05,0.012626802448162281
10000,0,single,gaussian_matched,0.050000000000000003,40,4,0.02,8.3225168037162831,5-<10%,True,False,2,0.046247120308567674,0.42477856229875444,0.08898315871022984,0.084722791224494817,0.90077869666501442,0.92451595238605222,0.87965878128858221,0.95148037091009663,,1.0706087700381257,False,False,False,,-1,,,False,1,0.010791985101970193,0.0094754775186668729,0.037008313960937067,0.046247120308567674
10000,0,single,gaussian_matched,0.050000000000000003,40,4,0.050000000000000003,8.3225168037162831,5-<10%,True,True,4,0.046247120308567674,0.42477856229875444,0.08898315871022984,0.084722791224494817,0.90077869666501442,0.92451595238605222,0.87965878128858221,0.95148037091009663,0.89450882688884625,1.0706087700381257,True,True,False,4>2>3>1,21,0,0,True,1,0.010791985101970193,0.0094754775186668729,0.037008313960937067,0.046247120308567674
10000,0,single,gaussian_matched,0.050000000000000003,40,5,0.02,8.3225168037162831,5-<10%,True,False,3,0.028817077094457303,0.5415027598115324,0.099503997156035473,0.064599727603129389,0.90077869666501442,0.83657798946811379,0.84980285073409267,1.015808282589872,,1.0151245602528653,False,False,False,,-1,,,False,1,0.012696931823621358,0.0035255892606752292,0.028817077094457303,0.0025645026665572328
10000,0,single,gaussian_matched,0.050000000000000003,40,5,0.050000000000000003,8.3225168037162831,5-<10%,True,True,4,0.028817077094457303,0.5415027598115324,0.099503997156035473,0.064599727603129389,0.90077869666501442,0.83657798946811379,0.84980285073409267,1.015808282589872,0.96834904283863865,1.0151245602528653,True,True,False,4>2>3>1,21,0,0,True,1,0.012696931823621358,0.0035255892606752292,0.028817077094457303,0.0025645026665572328
10000,0,single,gaussian_matched,0.050000000000000003,40,6,0.02,8.3225168037162831,5-<10%,True,False,2,0.035625956115859211,0.4804978164188759,0.099714382698105702,0.053402762208387473,0.90077869666501442,0.87526230476153999,0.8618005698126795,0.98461977069545104,,1.0160135174260418,False,False,False,,-1,,,False,1,0.010994066078992868,0.005379895062544696,0.035625956115859211,0.024698963396265827
10000,0,single,gaussian_matched,0.050000000000000003,40,6,0.050000000000000003,8.3225168037162831,5-<10%,True,True,4,0.035625956115859211,0.4804978164188759,0.099714382698105702,0.053402762208387473,0.90077869666501442,0.87526230476153999,0.8618005698126795,0.98461977069545104,0.93182397481162782,1.0160135174260418,True,True,False,4>2>3>1,21,0,0,True,1,0.010994066078992868,0.005379895062544696,0.035625956115859211,0.024698963396265827
10000,0,single,gaussian_matched,0.050000000000000003,40,7,0.02,8.3225168037162831,5-<10%,True,True,4,0.01806433174145473,0.55093269952936841,0.011669571081685134,0.063744502997599053,0.90077869666501442,0.91145615530924418,0.91432264315702483,1.0031449541824731,0.99326360797465973,1.0858018176670443,True,True,False,4>2>3>1,21,0,0,True,1,0.011081228629994583,0.014617139621307566,0.0023722394159445969,0.01806433174145473
10000,0,single,gaussian_matched,0.050000000000000003,40,7,0.050000000000000003,8.3225168037162831,5-<10%,True,True,4,0.01806433174145473,0.55093269952936841,0.011669571081685134,0.063744502997599053,0.90077869666501442,0.91145615530924418,0.91432264315702483,1.0031449541824731,0.96031051173608017,1.0858018176670443,True,True,False,4>2>3>1,21,0,0,True,1,0.011081228629994583,0.014617139621307566,0.0023722394159445969,0.01806433174145473
10000,0,single,gaussian_matched,0.050000000000000003,40,8,0.02,8.3225168037162831,5-<10%,True,False,3,0.026299621679136929,0.54816640028632879,0.09390301386831304,0.065172668683000395,0.90077869666501442,0.83791002262266234,0.85265202788133743,1.0175937807886968,,1.0189236268158133,False,False,False,,-1,,,False,1,0.012803855788368073,0.0012329522399208638,0.026299621679136929,0.00743650131041296
10000,0,single,gaussian_matched,0.050000000000000003,40,8,0.050000000000000003,8.3225168037162831,5-<10%,True,True,4,0.026299621679136929,0.54816640028632879,0.09390301386831304,0.065172668683000395,0.90077869666501442,0.83791002262266234,0.85265202788133743,1.0175937807886968,0.97105387109821717,1.0189236268158133,True,True,False,4>2>3>1,21,0,0,True,1,0.012803855788368073,0.0012329522399208638,0.026299621679136929,0.00743650131041296
10000,0,single,gaussian_matched,0.050000000000000003,40,9,0.02,8.3225168037162831,5-<10%,True,False,3,0.031972835585529491,0.49371950593531777,0.093013118873010434,0.043469219004719131,0.90077869666501442,0.87088047195790841,0.86382040487751277,0.99189318476217148,,1.0072281096803499,False,False,False,,-1,,,False,1,0.01034753367448547,0.0078540129531688256,0.031972835585529491,0.016806357069939364
10000,0,single,gaussian_matched,0.050000000000000003,40,9,0.050000000000000003,8.3225168037162831,5-<10%,True,True,4,0.031972835585529491,0.49371950593531777,0.093013118873010434,0.043469219004719131,0.90077869666501442,0.87088047195790841,0.86382040487751277,0.99189318476217148,0.94046215029252134,1.0072281096803499,True,True,False,4>2>3>1,21,0,0,True,1,0.01034753367448547,0.0078540129531688256,0.031972835585529491,0.016806357069939364
10000,0,single,gaussian_matched,0.050000000000000003,40,10,0.02,8.3225168037162831,5-<10%,True,False,2,0.048004750035821664,0.41168056545256715,0.035844404186632144,0.089446651203998195,0.90077869666501442,0.96913604605829873,0.9191473173778083,0.9484192865554778,,1.119691187542468,False,False,False,,-1,,,False,1,0.0037814095093517534,0.016800559653886646,0.020785469762409269,0.048004750035821664
10000,0,single,gaussian_matched,0.050000000000000003,40,10,0.050000000000000003,8.3225168037162831,5-<10%,True,True,4,0.048004750035821664,0.41168056545256715,0.035844404186632144,0.089446651203998195,0.90077869666501442,0.96913604605829873,0.9191473173778083,0.9484192865554778,0.89111935256287111,1.119691187542468,True,True,False,4>2>3>1,21,0,0,True,1,0.0037814095093517534,0.016800559653886646,0.020785469762409269,0.048004750035821664
10000,0,single,gaussian_matched,0.050000000000000003,40,11,0.02,8.3225168037162831,5-<10%,True,False,2,0.027665315172821208,0.44974855268752906,0.051565065737889784,0.050275813148689695,0.90077869666501442,0.93116360564567024,0.90175002359581802,0.96841201495471163,,1.0568920427061912,False,False,False,,-1,,,False,1,0.0055165604699350815,0.0050357992013414276,0.022536228925728735,0.027665315172821208
10000,0,single,gaussian_matched,0.050000000000000003,40,11,0.050000000000000003,8.3225168037162831,5-<10%,True,True,4,0.027665315172821208,0.44974855268752906,0.051565065737889784,0.050275813148689695,0.90077869666501442,0.93116360564567024,0.90175002359581802,0.96841201495471163,0.9146203419899458,1.0568920427061912,True,True,False,4>2>3>1,21,0,0,True,1,0.0055165604699350815,0.0050357992013414276,0.022536228925728735,0.027665315172821208
10000,0,single,gaussian_matched,0.050000000000000003,40,12,0.02,8.3225168037162831,5-<10%,True,False,2,0.03958573723966901,0.42701944116230728,0.03834760366202003,0.07390494103021325,0.90077869666501442,0.95644993134625567,0.915073195772242,0.95673925605726828,,1.0979146603532974,False,False,False,,-1,,,False,1,0.0041253034475672206,0.012049860644964008,0.020290621538152032,0.03958573723966901
10000,0,single,gaussian_matched,0.050000000000000003,40,12,0.050000000000000003,8.3225168037162831,5-<10%,True,True,4,0.03958573723966901,0.42701944116230728,0.03834760366202003,0.07390494103021325,0.90077869666501442,0.95644993134625567,0.915073195772242,0.95673925605726828,0.90104939689371732,1.0979146603532974,True,True,False,4>2>3>1,21,0,0,True,1,0.0041253034475672206,0.012049860644964008,0.020290621538152032,0.03958573723966901
10000,0,single,gaussian_matched,0.050000000000000003,40,13,0.02,8.3225168037162831,5-<10%,True,True,4,0.019435369403127553,0.47376520196782468,-0.0098786342098289084,0.065373660312265852,0.90077869666501442,0.9652286734565898,0.94290763490064733,0.97687486999737749,0.95865005887439203,1.1193440730180559,True,True,False,4>2>3>1,21,0,0,True,1,0.0033704106144088861,0.0069938911241429228,0.0026421979981263661,0.019435369403127553
10000,0,single,gaussian_matched,0.050000000000000003,40,13,0.050000000000000003,8.3225168037162831,5-<10%,True,True,4,0.019435369403127553,0.47376520196782468,-0.0098786342098289084,0.065373660312265852,0.90077869666501442,0.9652286734565898,0.94290763490064733,0.97687486999737749,0.92751534124918766,1.1193440730180559,True,True,False,4>2>3>1,21,0,0,True,1,0.0033704106144088861,0.0069938911241429228,0.0026421979981263661,0.019435369403127553
10000,0,single,gaussian_matched,0.050000000000000003,40,14,0.02,8.3225168037162831,5-<10%,True,False,2,0.056137192789266405,0.48040662102846526,0.15516243596497239,0.10697213860444738,0.90077869666501442,0.84098407755250304,0.82457193955963626,0.98048460317984776,,1.0341542063694145,False,False,False,,-1,,,False,1,0.017913299124642883,0.0086022701599565102,0.056137192789266405,0.044119095437672194
10000,0,single,gaussian_matched,0.050000000000000003,40,14,0.050000000000000003,8.3225168037162831,5-<10%,True,False,3,0.056137192789266405,0.48040662102846526,0.15516243596497239,0.10697213860444738,0.90077869666501442,0.84098407755250304,0.82457193955963626,0.98048460317984776,,1.0341542063694145,False,False,False,,-1,,,False,1,0.017913299124642883,0.0086022701599565102,0.056137192789266405,0.044119095437672194
10000,0,single,gaussian_matched,0.050000000000000003,40,15,0.02,8.3225168037162831,5-<10%,True,False,2,0.052810627829333025,0.41387133452611419,0.094348149689019972,0.096875721401970746,0.90077869666501442,0.93010403762563254,0.87774922512033327,0.94371079966607763,,1.0819804577202961,False,False,False,,-1,,,False,1,0.011648147583828022,0.012418056703149299,0.03963740972872884,0.052810627829333025
10000,0,single,gaussian_matched,0.050000000000000003,40,15,0.050000000000000003,8.3225168037162831,5-<10%,True,False,3,0.052810627829333025,0.41387133452611419,0.094348149689019972,0.096875721401970746,0.90077869666501442,0.93010403762563254,0.87774922512033327,0.94371079966607763,,1.0819804577202961,False,False,False,,-1,,,False,1,0.011648147583828022,0.012418056703149299,0.03963740972872884,0.052810627829333025
10000,0,single,gaussian_matched,0.050000000000000003,40,16,0.02,8.3225168037162831,5-<10%,True,False,3,0.027613641542806974,0.4614574652723693,-0.038542060273532325,0.096567196400809158,0.90077869666501442,0.99607277138490802,0.96582374454502706,0.96963170994241343,,1.1794139280593166,False,False,False,,-1,,,False,1,0.0057691002686588262,0.014890991816358459,0.0016630864160396774,0.027613641542806974
10000,0,single,gaussian_matched,0.050000000000000003,40,16,0.050000000000000003,8.3225168037162831,5-<10%,True,True,4,0.027613641542806974,0.4614574652723693,-0.038542060273532325,0.096567196400809158,0.90077869666501442,0.99607277138490802,0.96582374454502706,0.96963170994241343,0.92047692376977963,1.1794139280593166,True,True,False,4>2>3>1,21,0,0,True,1,0.0057691002686588262,0.014890991816358459,0.0016630864160396774,0.027613641542806974
10000,0,single,gaussian_matched,0.050000000000000003,40,17,0.02,8.3225168037162831,5-<10%,True,True,4,0.010033043073428047,0.52147260222874414,0.031516118271655333,0.028332428950255957,0.90077869666501442,0.90542224982674369,0.90389658000704687,0.99831496318983903,0.9849268710246003,1.0349145826924284,True,True,False,4>2>3>1,21,0,0,True,1,0.0079235314009459684,0.0050249749959574959,0.010033043073428047,0.006853573126502711
10000,0,single,gaussian_matched,0.050000000000000003,40,17,0.050000000000000003,8.3225168037162831,5-<10%,True,True,4,0.010033043073428047,0.52147260222874414,0.031516118271655333,0.028332428950255957,0.90077869666501442,0.90542224982674369,0.90389658000704687,0.99831496318983903,0.95174772003671193,1.0349145826924284,True,True,False,4>2>3>1,21,0,0,True,1,0.0079235314009459684,0.0050249749959574959,0.010033043073428047,0.006853573126502711
10000,0,single,gaussian_matched,0.050000000000000003,40,18,0.02,8.3225168037162831,5-<10%,True,False,3,0.050859559028302602,0.63386790782819535,0.090373058693241831,0.13982346231783191,0.90077869666501442,0.81676869331529567,0.84392613228951285,1.0332498529834488,,1.0921101911596227,False,False,False,,-1,,,False,1,0.019947959245616743,0.015406149939222347,0.015829033032159191,0.050859559028302602
10000,0,single,gaussian_matched,0.050000000000000003,40,18,0.050000000000000003,8.3225168037162831,5-<10%,True,False,3,0.050859559028302602,0.63386790782819535,0.090373058693241831,0.13982346231783191,0.90077869666501442,0.81676869331529567,0.84392613228951285,1.0332498529834488,,1.0921101911596227,False,False,False,,-1,,,False,1,0.019947959245616743,0.015406149939222347,0.015829033032159191,0.050859559028302602
10000,0,single,gaussian_matched,0.050000000000000003,40,19,0.02,8.3225168037162831,5-<10%,True,False,2,0.031725203391683443,0.45421542447622282,0.080662286396571581,0.055103567606443006,0.90077869666501442,0.90743614426776653,0.88021633832196766,0.97000361279661917,,1.0383459437831728,False,False,False,,-1,,,False,1,0.0090758858284285017,0.0020373213476182934,0.031725203391683443,0.030199883122073248
10000,0,single,gaussian_matched,0.050000000000000003,40,19,0.050000000000000003,8.3225168037162831,5-<10%,True,True,4,0.031725203391683443,0.45421542447622282,0.080662286396571581,0.055103567606443006,0.90077869666501442,0.90743614426776653,0.88021633832196766,0.97000361279661917,0.91575732155152967,1.0383459437831728,True,True,False,4>2>3>1,21,0,0,True,1,0.0090758858284285017,0.0020373213476182934,0.031725203391683443,0.030199883122073248
10000,0,single,gaussian_matched,0.050000000000000003,40,20,0.02,8.3225168037162831,5-<10%,True,True,4,0.01725813865951456,0.54922320747657671,0.011173945780426534,0.062692795762698095,0.90077869666501442,0.91251805720860457,0.91494818565580438,1.002663101763305,0.99260118519877094,1.0853287106345411,True,True,False,4>2>3>1,21,0,0,True,1,0.010908969356987758,0.014352884396454477,0.0023576743315733622,0.01725813865951456
10000,0,single,gaussian_matched,0.050000000000000003,40,20,0.050000000000000003,8.3225168037162831,5-<10%,True,True,4,0.01725813865951456,0.54922320747657671,0.011173945780426534,0.062692795762698095,0.90077869666501442,0.91251805720860457,0.91494818565580438,1.002663101763305,0.95968661193176952,1.0853287106345411,True,True,False,4>2>3>1,21,0,0,True,1,0.010908969356987758,0.014352884396454477,0.0023576743315733622,0.01725813865951456
10000,0,single,gaussian_matched,0.050000000000000003,40,21,0.02,8.3225168037162831,5-<10%,True,False,2,0.036869095477690648,0.44470182781575407,0.089302124384319892,0.067842057958460114,0.90077869666501442,0.90880461565996717,0.87595508302935876,0.9638541309489792,,1.0477569512712426,False,False,False,,-1,,,False,1,0.010420401193939673,0.0039635898083273668,0.035513140596795147,0.036869095477690648
10000,0,single,gaussian_matched,0.050000000000000003,40,21,0.050000000000000003,8.3225168037162831,5-<10%,True,True,4,0.036869095477690648,0.44470182781575407,0.089302124384319892,0.067842057958460114,0.90077869666501442,0.90880461565996717,0.87595508302935876,0.9638541309489792,0.9085535051821122,1.0477569512712426,True,True,False,4>2>3>1,21,0,0,True,1,0.010420401193939673,0.0039635898083273668,0.035513140596795147,0.036869095477690648
10000,0,single,gaussian_matched,0.050000000000000003,40,22,0.02,8.3225168037162831,5-<10%,True,False,3,0.02271540388739517,0.46280046129014474,0.016420908080602793,0.050113482161563541,0.90077869666501442,0.94974762017186187,0.92527295599572468,0.97423034956201482,,1.0828258281068333,False,False,False,,-1,,,False,1,0.0013890097201769282,0.0041341178312432197,0.010678682930432492,0.02271540388739517
10000,0,single,gaussian_matched,0.050000000000000003,40,22,0.050000000000000003,8.3225168037162831,5-<10%,True,True,4,0.02271540388739517,0.46280046129014474,0.016420908080602793,0.050113482161563541,0.90077869666501442,0.94974762017186187,0.92527295599572468,0.97423034956201482,0.92271196525149912,1.0828258281068333,True,True,False,4>2>3>1,21,0,0,True,1,0.0013890097201769282,0.0041341178312432197,0.010678682930432492,0.02271540388739517
10000,0,single,gaussian_matched,0.050000000000000003,40,23,0.02,8.3225168037162831,5-<10%,True,False,3,0.023561023104032561,0.49783978609594859,0.068458452492539096,0.018584428765248063,0.90077869666501442,0.88710588058407969,0.88061141723739866,0.99267904374345373,,0.9982427974060355,False,False,False,,-1,,,False,1,0.008178691410767774,0.0064252669476956761,0.023561023104032561,0.0072949764951711462
10000,0,single,gaussian_matched,0.050000000000000003,40,23,0.050000000000000003,8.3225168037162831,5-<10%,True,True,4,0.023561023104032561,0.49783978609594859,0.068458452492539096,0.018584428765248063,0.90077869666501442,0.88710588058407969,0.88061141723739866,0.99267904374345373,0.94259331107724165,0.9982427974060355,True,True,False,4>2>3>1,21,0,0,True,1,0.008178691410767774,0.0064252669476956761,0.023561023104032561,0.0072949764951711462
10000,0,single,gaussian_matched,0.050000000000000003,40,24,0.02,8.3225168037162831,5-<10%,True,False,2,0.026841591549117378,0.45125104216763479,0.050985344971746643,0.048758915025409126,0.90077869666501442,0.9305618279049015,0.90190615671448093,0.96920605344951993,,1.0553813886358234,False,False,False,,-1,,,False,1,0.0054116373003443938,0.0046957925232706862,0.022218492986346743,0.026841591549117378
10000,0,single,gaussian_matched,0.050000000000000003,40,24,0.050000000000000003,8.3225168037162831,5-<10%,True,True,4,0.026841591549117378,0.45125104216763479,0.050985344971746643,0.048758915025409126,0.90077869666501442,0.9305618279049015,0.90190615671448093,0.96920605344951993,0.91556871527515005,1.0553813886358234,True,True,False,4>2>3>1,21,0,0,True,1,0.0054116373003443938,0.0046957925232706862,0.022218492986346743,0.026841591549117378
10000,0,single,gaussian_matched,0.050000000000000003,40,25,0.02,8.3225168037162831,5-<10%,True,False,3,0.022814405513411497,0.52859032475033385,0.075847971361618846,0.038542499826044241,0.90077869666501442,0.86347281282533428,0.86945234854784059,1.0069249843581536,,1.008011015064618,False,False,False,,-1,,,False,1,0.010471492202637048,0.0017023874916114261,0.022814405513411497,0.0040234166589464375
10000,0,single,gaussian_matched,0.050000000000000003,40,25,0.050000000000000003,8.3225168037162831,5-<10%,True,True,4,0.022814405513411497,0.52859032475033385,0.075847971361618846,0.038542499826044241,0.90077869666501442,0.86347281282533428,0.86945234854784059,1.0069249843581536,0.95930676056511055,1.008011015064618,True,True,False,4>2>3>1,21,0,0,True,1,0.010471492202637048,0.0017023874916114261,0.022814405513411497,0.0040234166589464375
10000,0,single,gaussian_matched,0.050000000000000003,40,26,0.02,8.3225168037162831,5-<10%,True,False,3,0.021213114785386435,0.47071300668311206,-0.01374742265718526,0.070153131597792961,0.90077869666501442,0.97012968531338661,0.9462652290753899,0.97540075662122672,,1.1283774410255321,False,False,False,,-1,,,False,1,0.0034598419635918543,0.00810022889997432,0.0021224848808289406,0.021213114785386435
10000,0,single,gaussian_matched,0.050000000000000003,40,26,0.050000000000000003,8.3225168037162831,5-<10%,True,True,4,0.021213114785386435,0.47071300668311206,-0.01374742265718526,0.070153131597792961,0.90077869666501442,0.97012968531338661,0.9462652290753899,0.97540075662122672,0.92591102257447966,1.1283774410255321,True,True,False,4>2>3>1,21,0,0,True,1,0.0034598419635918543,0.00810022889997432,0.0021224848808289406,0.021213114785386435
10000,0,single,gaussian_matched,0.050000000000000003,40,27,0.02,8.3225168037162831,5-<10%,True,False,3,0.037631237434525518,0.56849388815797919,0.13670275783977798,0.11049335243362354,0.90077869666501442,0.79072542368368226,0.81830802589459439,1.0348826550718648,,1.0311093965331917,False,False,False,,-1,,,False,1,0.01626755975556984,0.0052845120663770895,0.037631237434525518,0.0039777533224331753
10000,0,single,gaussian_matched,0.050000000000000003,40,27,0.050000000000000003,8.3225168037162831,5-<10%,True,True,4,0.037631237434525518,0.56849388815797919,0.13670275783977798,0.11049335243362354,0.90077869666501442,0.79072542368368226,0.81830802589459439,1.0348826550718648,0.98792810633626171,1.0311093965331917,True,True,False,4>2>3>1,21,0,0,True,1,0.01626755975556984,0.0052845120663770895,0.037631237434525518,0.0039777533224331753
10000,0,single,gaussian_matched,0.050000000000000003,40,28,0.02,8.3225168037162831,5-<10%,True,False,3,0.022319957525634194,0.56889901482669503,0.076861410985532647,0.073950048304398247,0.90077869666501442,0.84416695150672127,0.86194369906987489,1.0210583315674993,,1.0389829942018682,False,False,False,,-1,,,False,1,0.01365100166587401,0.0058948695275674607,0.018852514823612811,0.022319957525634194
10000,0,single,gaussian_matched,0.050000000000000003,40,28,0.050000000000000003,8.3225168037162831,5-<10%,True,True,4,0.022319957525634194,0.56889901482669503,0.076861410985532647,0.073950048304398247,0.90077869666501442,0.84416695150672127,0.86194369906987489,1.0210583315674993,0.97729619142166291,1.0389829942018682,True,True,False,4>2>3>1,21,0,0,True,1,0.01365100166587401,0.0058948695275674607,0.018852514823612811,0.022319957525634194
10000,0,single,gaussian_matched,0.050000000000000003,40,29,0.02,8.3225168037162831,5-<10%,True,False,3,0.024964941115930474,0.57242434139632414,0.098665865655193946,0.08725624164872503,0.90077869666501442,0.82270160812033155,0.84500806030468278,1.0271136606081468,,1.0349537632328158,False,False,False,,-1,,,False,1,0.014810901883503797,0.0024884169071806581,0.024964941115930474,0.017584867485393944
10000,0,single,gaussian_matched,0.050000000000000003,40,29,0.050000000000000003,8.3225168037162831,5-<10%,True,True,4,0.024964941115930474,0.57242434139632414,0.098665865655193946,0.08725624164872503,0.90077869666501442,0.82270160812033155,0.84500806030468278,1.0271136606081468,0.98283990557475487,1.0349537632328158,True,True,False,4>2>3>1,21,0,0,True,1,0.014810901883503797,0.0024884169071806581,0.024964941115930474,0.017584867485393944
10000,0,single,gaussian_matched,0.050000000000000003,40,30,0.02,8.3225168037162831,5-<10%,True,False,3,0.034307131962695386,0.44474721263536959,-0.017036100377496102,0.086871797871246992,0.90077869666501442,0.98740464709441822,0.95283837705680463,0.96499280194869463,,1.1542348623223531,False,False,False,,-1,,,False,1,0.0031061651859504427,0.012521567916937719,0.0046063209943221694,0.034307131962695386
10000,0,single,gaussian_matched,0.050000000000000003,40,30,0.050000000000000003,8.3225168037162831,5-<10%,True,True,4,0.034307131962695386,0.44474721263536959,-0.017036100377496102,0.086871797871246992,0.90077869666501442,0.98740464709441822,0.95283837705680463,0.96499280194869463,0.91286055782468545,1.1542348623223531,True,True,False,4>2>3>1,21,0,0,True,1,0.0031061651859504427,0.012521567916937719,0.0046063209943221694,0.034307131962695386
10000,0,single,gaussian_matched,0.050000000000000003,40,31,0.02,8.3225168037162831,5-<10%,True,False,2,0.031688830218591361,0.44274446279007651,0.056076573487800027,0.057577089945129799,0.90077869666501442,0.93278805248151697,0.89971657852307851,0.96454556437503924,,1.0627401291931429,False,False,False,,-1,,,False,1,0.0062276375166072408,0.0065408106627077101,0.024561540052486869,0.031688830218591361
10000,0,single,gaussian_matched,0.050000000000000003,40,31,0.050000000000000003,8.3225168037162831,5-<10%,True,True,4,0.031688830218591361,0.44274446279007651,0.056076573487800027,0.057577089945129799,0.90077869666501442,0.93278805248151697,0.89971657852307851,0.96454556437503924,0.90998736314950013,1.0627401291931429,True,True,False,4>2>3>1,21,0,0,True,1,0.0062276375166072408,0.0065408106627077101,0.024561540052486869,0.031688830218591361
10000,0,single,gaussian_matched,0.050000000000000003,41,0,0.02,8.5637952366729628,5-<10%,True,False,2,0.032262565037492835,0.48210787388675674,0.13964360495996253,0.091411728389031235,1.5080661662551915,1.458670323304696,1.4706037430947196,1.0081810259654751,,1.0357738317029719,False,False,False,,-1,,,False,1,0.023052327815218807,0.010318181160756616,0.032262565037492835,0.0081935984855357677
10000,0,single,gaussian_matched,0.050000000000000003,41,0,0.050000000000000003,8.5637952366729628,5-<10%,True,True,4,0.032262565037492835,0.48210787388675674,0.13964360495996253,0.091411728389031235,1.5080661662551915,1.458670323304696,1.4706037430947196,1.0081810259654751,0.97759894813039816,1.0357738317029719,True,True,False,3>4>1>2,16,0,0,True,1,0.023052327815218807,0.010318181160756616,0.032262565037492835,0.0081935984855357677
10000,0,single,gaussian_matched,0.050000000000000003,41,1,0.02,8.5637952366729628,5-<10%,True,True,4,0.011674335642767868,0.48684958154756092,0.069192069113462706,0.023265189067148785,1.5080661662551915,1.5030393332192928,1.5021624360792933,0.99941658403701161,0.98634359128256788,1.0115123986465144,True,True,False,3>4>1>2,16,0,0,True,1,0.0081308925175369202,0.00065904241698858828,0.011674335642767868,0.00016170166180910504
10000,0,single,gaussian_matched,0.050000000000000003,41,1,0.050000000000000003,8.5637952366729628,5-<10%,True,True,4,0.011674335642767868,0.48684958154756092,0.069192069113462706,0.023265189067148785,1.5080661662551915,1.5030393332192928,1.5021624360792933,0.99941658403701161,0.96637947894272347,1.0115123986465144,True,True,False,3>4>1>2,16,0,0,True,1,0.0081308925175369202,0.00065904241698858828,0.011674335642767868,0.00016170166180910504
10000,0,single,gaussian_matched,0.050000000000000003,41,2,0.02,8.5637952366729628,5-<10%,True,True,4,0.010172030070158471,0.53344401827266918,0.092112058744164879,0.053776647811988279,1.5080661662551915,1.4543986055340388,1.4780841926010644,1.0162854852699261,1.0059984832619036,1.0157782693427488,True,True,False,3>4>1>2,16,0,0,True,1,0.0078491902209809217,0.005060050238713561,0.0030324967397100991,0.010172030070158471
10000,0,single,gaussian_matched,0.050000000000000003,41,2,0.050000000000000003,8.5637952366729628,5-<10%,True,True,4,0.010172030070158471,0.53344401827266918,0.092112058744164879,0.053776647811988279,1.5080661662551915,1.4543986055340388,1.4780841926010644,1.0162854852699261,0.98536937116032031,1.0157782693427488,True,True,False,3>4>1>2,16,0,0,True,1,0.0078491902209809217,0.005060050238713561,0.0030324967397100991,0.010172030070158471
10000,0,single,gaussian_matched,0.050000000000000003,41,3,0.02,8.5637952366729628,5-<10%,True,True,4,0.0046965101102875023,0.50839445019130003,0.062810776735581234,0.015316095931507036,1.5080661662551915,1.492930800025178,1.4992496737730949,1.0042325295638688,0.99189189062782845,1.0043098927585852,True,True,False,3>4>1>2,16,0,0,True,1,0.0046965101102875023,0.0024190084764645131,0.0032801382500060022,0.0014319081808256012
10000,0,single,gaussian_matched,0.050000000000000003,41,3,0.050000000000000003,8.5637952366729628,5-<10%,True,True,4,0.0046965101102875023,0.50839445019130003,0.062810776735581234,0.015316095931507036,1.5080661662551915,1.492930800025178,1.4992496737730949,1.0042325295638688,0.97176442043830613,1.0043098927585852,True,True,False,3>4>1>2,16,0,0,True,1,0.0046965101102875023,0.0024190084764645131,0.0032801382500060022,0.0014319081808256012
10000,0,single,gaussian_matched,0.050000000000000003,41,4,0.02,8.5637952366729628,5-<10%,True,False,2,0.037460099149525118,0.46365044246519382,0.13846397671725935,0.095640815082306721,1.5080661662551915,1.4737353694535127,1.4765833615231876,1.0019324989606044,,1.042543233039714,False,False,False,,-1,,,False,1,0.024912089884252277,0.011129357667241853,0.037460099149525118,0.0041897989099742034
10000,0,single,gaussian_matched,0.050000000000000003,41,4,0.050000000000000003,8.5637952366729628,5-<10%,True,True,4,0.037460099149525118,0.46365044246519382,0.13846397671725935,0.095640815082306721,1.5080661662551915,1.4737353694535127,1.4765833615231876,1.0019324989606044,0.97093924769649831,1.042543233039714,True,True,False,3>4>1>2,16,0,0,True,1,0.024912089884252277,0.011129357667241853,0.037460099149525118,0.0041897989099742034
10000,0,single,gaussian_matched,0.050000000000000003,41,5,0.02,8.5637952366729628,5-<10%,True,True,4,0.009113430581022014,0.53512146356192092,0.087875977872711869,0.051653721090987217,1.5080661662551915,1.4564197151122507,1.4796749505134339,1.0159673994796141,1.0056168875413465,1.0154253877381221,True,True,False,3>4>1>2,16,0,0,True,1,0.0068243939901283463,0.0050272079056839008,0.0013454352492688613,0.009113430581022014
10000,0,single,gaussian_matched,0.050000000000000003,41,5,0.050000000000000003,8.5637952366729628,5-<10%,True,True,4,0.009113430581022014,0.53512146356192092,0.087875977872711869,0.051653721090987217,1.5080661662551915,1.4564197151122507,1.4796749505134339,1.0159673994796141,0.98500678937239095,1.0154253877381221,True,True,False,3>4>1>2,16,0,0,True,1,0.0068243939901283463,0.0050272079056839008,0.0013454352492688613,0.009113430581022014
10000,0,single,gaussian_matched,0.050000000000000003,41,6,0.02,8.5637952366729628,5-<10%,True,False,2,0.025259631914497937,0.45690679932537281,-0.0313570094595058,0.09206512332353553,1.5080661662551915,1.5977776841406479,1.562048956546608,0.97763848628712302,,1.0968444998521623,False,False,False,,-1,,,False,1,0.014333778049275566,0.0083952325418433192,0.025259631914497937,0.025234368106013448
10000,0,single,gaussian_matched,0.050000000000000003,41,6,0.050000000000000003,8.5637952366729628,5-<10%,True,True,4,0.025259631914497937,0.45690679932537281,-0.0313570094595058,0.09206512332353553,1.5080661662551915,1.5977776841406479,1.562048956546608,0.97763848628712302,0.94206402706578163,1.0968444998521623,True,True,False,3>4>1>2,16,0,0,True,1,0.014333778049275566,0.0083952325418433192,0.025259631914497937,0.025234368106013448
10000,0,single,gaussian_matched,0.050000000000000003,41,7,0.02,8.5637952366729628,5-<10%,True,True,4,0.0029848331881375378,0.49998931412402164,0.047534262103069144,0.0024657610517457764,1.5080661662551915,1.5099103238027949,1.5091668325871024,0.99950759246825993,0.98639991833905993,1.002364901131966,True,True,False,3>4>1>2,16,0,0,True,1,0.0020665377566564348,0.0029848331881375378,0.0020310365469989817,0.0029179543280016709
10000,0,single,gaussian_matched,0.050000000000000003,41,7,0.050000000000000003,8.5637952366729628,5-<10%,True,True,4,0.0029848331881375378,0.49998931412402164,0.047534262103069144,0.0024657610517457764,1.5080661662551915,1.5099103238027949,1.5091668325871024,0.99950759246825993,0.96644843629748145,1.002364901131966,True,True,False,3>4>1>2,16,0,0,True,1,0.0020665377566564348,0.0029848331881375378,0.0020310365469989817,0.0029179543280016709
10000,0,single,gaussian_matched,0.050000000000000003,41,8,0.02,8.5637952366729628,5-<10%,True,True,4,0.019595344096965773,0.5381491369204543,-0.023395751844778559,0.082718154214391687,1.5080661662551915,1.5423110674718656,1.5358115813911803,0.99578587859624246,0.98578969996846022,1.0732484899019266,True,True,False,3>4>1>2,16,0,0,True,1,0.017185250352021085,0.013777293702660363,0.0041174606512808755,0.019595344096965773
10000,0,single,gaussian_matched,0.050000000000000003,41,8,0.050000000000000003,8.5637952366729628,5-<10%,True,True,4,0.019595344096965773,0.5381491369204543,-0.023395751844778559,0.082718154214391687,1.5080661662551915,1.5423110674718656,1.5358115813911803,0.99578587859624246,0.96406061055671399,1.0732484899019266,True,True,False,3>4>1>2,16,0,0,True,1,0.017185250352021085,0.013777293702660363,0.0041174606512808755,0.019595344096965773
10000,0,single,gaussian_matched,0.050000000000000003,41,9,0.02,8.5637952366729628,5-<10%,True,True,4,0.019527228811611647,0.46324275799528658,0.070912983918045486,0.042290042990631938,1.5080661662551915,1.5185818147724468,1.5081293439712335,0.99311695247530707,0.9792649111052335,1.0280844578668884,True,True,False,3>4>1>2,16,0,0,True,1,0.0094958868724584044,0.0026919884860205183,0.019527228811611647,0.0040192405071025079
10000,0,single,gaussian_matched,0.050000000000000003,41,9,0.050000000000000003,8.5637952366729628,5-<10%,True,True,4,0.019527228811611647,0.46324275799528658,0.070912983918045486,0.042290042990631938,1.5080661662551915,1.5185818147724468,1.5081293439712335,0.99311695247530707,0.95943146553364844,1.0280844578668884,True,True,False,3>4>1>2,16,0,0,True,1,0.0094958868724584044,0.0026919884860205183,0.019527228811611647,0.0040192405071025079
10000,0,single,gaussian_matched,0.050000000000000003,41,10,0.02,8.5637952366729628,5-<10%,True,False,3,0.021774319573022009,0.46509269817842364,0.082198583541407716,0.047489667323909947,1.5080661662551915,1.5094690531299007,1.5021591229245992,0.99515728382099367,,1.0275734745091292,False,False,False,,-1,,,False,1,0.012110819978299032,0.0038584059326605574,0.021774319573022009,0.0020606284129827991
10000,0,single,gaussian_matched,0.050000000000000003,41,10,0.050000000000000003,8.5637952366729628,5-<10%,True,True,4,0.021774319573022009,0.46509269817842364,0.082198583541407716,0.047489667323909947,1.5080661662551915,1.5094690531299007,1.5021591229245992,0.99515728382099367,0.96187206530320424,1.0275734745091292,True,True,False,3>4>1>2,16,0,0,True,1,0.012110819978299032,0.0038584059326605574,0.021774319573022009,0.0020606284129827991
10000,0,single,gaussian_matched,0.050000000000000003,41,11,0.02,8.5637952366729628,5-<10%,True,True,4,0.018322174221636008,0.5637855962057936,0.012118170620403976,0.074186489878369205,1.5080661662551915,1.4985264405045746,1.5105548865790486,1.00802684940976,0.99911832773776721,1.0508433992605413,True,True,False,3>4>1>2,16,0,0,True,1,0.011605732832106476,0.012130992114277676,0.018322174221636008,0.010558592340656724
10000,0,single,gaussian_matched,0.050000000000000003,41,11,0.050000000000000003,8.5637952366729628,5-<10%,True,True,4,0.018322174221636008,0.5637855962057936,0.012118170620403976,0.074186489878369205,1.5080661662551915,1.4985264405045746,1.5105548865790486,1.00802684940976,0.97749639617507578,1.0508433992605413,True,True,False,3>4>1>2,16,0,0,True,1,0.011605732832106476,0.012130992114277676,0.018322174221636008,0.010558592340656724
10000,0,single,gaussian_matched,0.050000000000000003,41,12,0.02,8.5637952366729628,5-<10%,True,True,4,0.019592299204799119,0.47237434232507247,-0.013310285783692782,0.069075098610028307,1.5080661662551915,1.5740110993908685,1.5481083564288292,0.98354348138201597,0.96834000456820102,1.0723557700751449,True,True,False,3>4>1>2,16,0,0,True,1,0.010681337499089087,0.0076228905219025136,0.01764056204576964,0.019592299204799119
10000,0,single,gaussian_matched,0.050000000000000003,41,12,0.050000000000000003,8.5637952366729628,5-<10%,True,True,4,0.019592299204799119,0.47237434232507247,-0.013310285783692782,0.069075098610028307,1.5080661662551915,1.5740110993908685,1.5481083564288292,0.98354348138201597,0.94870976309546051,1.0723557700751449,True,True,False,3>4>1>2,16,0,0,True,1,0.010681337499089087,0.0076228905219025136,0.01764056204576964,0.019592299204799119
10000,0,single,gaussian_matched,0.050000000000000003,41,13,0.02,8.5637952366729628,5-<10%,True,False,3,0.023156606271940473,0.550262591084696,0.1467020116272621,0.10898443519744686,1.5080661662551915,1.4033604629288789,1.4478803744742041,1.031723789234029,,1.032358423329419,False,False,False,,-1,,,False,1,0.016656295265727351,0.010685974818095082,0.013294231531930404,0.023156606271940473
10000,0,single,gaussian_matched,0.050000000000000003,41,13,0.050000000000000003,8.5637952366729628,5-<10%,True,True,4,0.023156606271940473,0.550262591084696,0.1467020116272621,0.10898443519744686,1.5080661662551915,1.4033604629288789,1.4478803744742041,1.031723789234029,1.0031520720582632,1.032358423329419,True,True,False,3>4>1>2,16,0,0,True,1,0.016656295265727351,0.010685974818095082,0.013294231531930404,0.023156606271940473
10000,0,single,gaussian_matched,0.050000000000000003,41,14,0.02,8.5637952366729628,5-<10%,True,True,4,0.017166904267381679,0.46622305111608286,0.064702953769399357,0.036838283421623291,1.5080661662551915,1.5207750600717804,1.5102788323204588,0.99309810633610329,0.97908110016423988,1.0258947189193039,True,True,False,3>4>1>2,16,0,0,True,1,0.0079487966627079139,0.001725610628569033,0.017166904267381679,0.0044745965334853444
10000,0,single,gaussian_matched,0.050000000000000003,41,14,0.050000000000000003,8.5637952366729628,5-<10%,True,True,4,0.017166904267381679,0.46622305111608286,0.064702953769399357,0.036838283421623291,1.5080661662551915,1.5207750600717804,1.5102788323204588,0.99309810633610329,0.95932091071288816,1.0258947189193039,True,True,False,3>4>1>2,16,0,0,True,1,0.0079487966627079139,0.001725610628569033,0.017166904267381679,0.0044745965334853444
10000,0,single,gaussian_matched,0.050000000000000003,41,15,0.02,8.5637952366729628,5-<10%,True,True,4,0.0046804049551022265,0.53157935891385144,0.067835605971908186,0.036267957618192612,1.5080661662551915,1.4738256194517492,1.4904428702297161,1.0112749097034617,1.0002107261845397,1.0123632914854228,True,True,False,3>4>1>2,16,0,0,True,1,0.0032593361320698861,0.0046804049551022265,0.0028425409895538488,0.0039068285862646577
10000,0,single,gaussian_matched,0.050000000000000003,41,15,0.050000000000000003,8.5637952366729628,5-<10%,True,True,4,0.0046804049551022265,0.53157935891385144,0.067835605971908186,0.036267957618192612,1.5080661662551915,1.4738256194517492,1.4904428702297161,1.0112749097034617,0.97975853604469076,1.0123632914854228,True,True,False,3>4>1>2,16,0,0,True,1,0.0032593361320698861,0.0046804049551022265,0.0028425409895538488,0.0039068285862646577
10000,0,single,gaussian_matched,0.050000000000000003,41,16,0.02,8.5637952366729628,5-<10%,True,False,3,0.034574440889044801,0.62792863366089735,0.0679257120366904,0.12917842878114916,1.5080661662551915,1.4168108784511779,1.4662761784682625,1.0349131283288555,,1.0579473520125593,False,False,False,,-1,,,False,1,0.0070004307106179293,0.014884257597902508,0.034574440889044801,0.0039674978159121212
10000,0,single,gaussian_matched,0.050000000000000003,41,16,0.050000000000000003,8.5637952366729628,5-<10%,True,True,4,0.034574440889044801,0.62792863366089735,0.0679257120366904,0.12917842878114916,1.5080661662551915,1.4168108784511779,1.4662761784682625,1.0349131283288555,1.0079840680778407,1.0579473520125593,True,True,False,3>4>1>2,16,0,0,True,1,0.0070004307106179293,0.014884257597902508,0.034574440889044801,0.0039674978159121212
10000,0,single,gaussian_matched,0.050000000000000003,41,17,0.02,8.5637952366729628,5-<10%,True,True,4,0.0089627326855362451,0.56227523780031696,0.081956640211595821,0.069995943430311791,1.5080661662551915,1.4433201194418481,1.4753422694928628,1.0221864502681486,1.0131042149608303,1.024715126896943,True,True,False,3>4>1>2,16,0,0,True,1,0.0026218756562618835,0.0076072440981023821,0.0089627326855362451,0.0076284220087622307
10000,0,single,gaussian_matched,0.050000000000000003,41,17,0.050000000000000003,8.5637952366729628,5-<10%,True,True,4,0.0089627326855362451,0.56227523780031696,0.081956640211595821,0.069995943430311791,1.5080661662551915,1.4433201194418481,1.4753422694928628,1.0221864502681486,0.9921610719411208,1.024715126896943,True,True,False,3>4>1>2,16,0,0,True,1,0.0026218756562618835,0.0076072440981023821,0.0089627326855362451,0.0076284220087622307
10000,0,single,gaussian_matched,0.050000000000000003,41,18,0.02,8.5637952366729628,5-<10%,True,True,4,0.013257142749868139,0.47928671597858491,0.011450200032127697,0.04376216645133988,1.5080661662551915,1.5506777880683313,1.533271563957908,0.98877508645293344,0.97405245645733651,1.0457324523931968,True,True,False,3>4>1>2,16,0,0,True,1,0.0051307482795265834,0.0054094154593825232,0.012020185189946736,0.013257142749868139
10000,0,single,gaussian_matched,0.050000000000000003,41,18,0.050000000000000003,8.5637952366729628,5-<10%,True,True,4,0.013257142749868139,0.47928671597858491,0.011450200032127697,0.04376216645133988,1.5080661662551915,1.5506777880683313,1.533271563957908,0.98877508645293344,0.95442659189249635,1.0457324523931968,True,True,False,3>4>1>2,16,0,0,True,1,0.0051307482795265834,0.0054094154593825232,0.012020185189946736,0.013257142749868139
10000,0,single,gaussian_matched,0.050000000000000003,41,19,0.02,8.5637952366729628,5-<10%,True,True,4,0.015105096344910687,0.49928045253217418,-0.002950211480767885,0.052955100268213054,1.5080661662551915,1.5489664569258055,1.5352194207160339,0.99112502653088108,0.97761517209495985,1.0531199204130277,True,True,False,3>4>1>2,16,0,0,True,1,0.0096576260896487198,0.0085928373589631395,0.006655630182070999,0.015105096344910687
10000,0,single,gaussian_matched,0.050000000000000003,41,19,0.050000000000000003,8.5637952366729628,5-<10%,True,True,4,0.015105096344910687,0.49928045253217418,-0.002950211480767885,0.052955100268213054,1.5080661662551915,1.5489664569258055,1.5352194207160339,0.99112502653088108,0.95749496418136726,1.0531199204130277,True,True,False,3>4>1>2,16,0,0,True,1,0.0096576260896487198,0.0085928373589631395,0.006655630182070999,0.015105096344910687
10000,0,single,gaussian_matched,0.050000000000000003,41,20,0.02,8.5637952366729628,5-<10%,True,True,4,0.0178674762434094,0.50139449350927567,-0.014551664855073226,0.064566725545818937,1.5080661662551915,1.5567859282869283,1.5407488276740202,0.98969858326600169,0.97646202811217353,1.0644861539504833,True,True,False,3>4>1>2,16,0,0,True,1,0.012513722714081042,0.01003633093522237,0.0074361066525505193,0.0178674762434094
10000,0,single,gaussian_matched,0.050000000000000003,41,20,0.050000000000000003,8.5637952366729628,5-<10%,True,True,4,0.0178674762434094,0.50139449350927567,-0.014551664855073226,0.064566725545818937,1.5080661662551915,1.5567859282869283,1.5407488276740202,0.98969858326600169,0.95613402530029779,1.0644861539504833,True,True,False,3>4>1>2,16,0,0,True,1,0.012513722714081042,0.01003633093522237,0.0074361066525505193,0.0178674762434094
10000,0,single,gaussian_matched,0.050000000000000003,41,21,0.02,8.5637952366729628,5-<10%,True,True,4,0.008580477022837903,0.51983551518726079,0.01985981545010897,0.036081551899073624,1.5080661662551915,1.5183203704820578,1.5178286641904748,0.99967615115943753,0.98742792718597661,1.0303992297288893,True,True,False,3>4>1>2,16,0,0,True,1,0.0058888994294092065,0.0076616600831415724,0.0039370254558933129,0.008580477022837903
10000,0,single,gaussian_matched,0.050000000000000003,41,21,0.050000000000000003,8.5637952366729628,5-<10%,True,True,4,0.008580477022837903,0.51983551518726079,0.01985981545010897,0.036081551899073624,1.5080661662551915,1.5183203704820578,1.5178286641904748,0.99967615115943753,0.96707090197691348,1.0303992297288893,True,True,False,3>4>1>2,16,0,0,True,1,0.0058888994294092065,0.0076616600831415724,0.0039370254558933129,0.008580477022837903
10000,0,single,gaussian_matched,0.050000000000000003,41,22,0.02,8.5637952366729628,5-<10%,True,False,3,0.031337259545441018,0.60667681735586454,0.0031392799907695446,0.11651553733712931,1.5080661662551915,1.4833776486515253,1.5051562989150886,1.0146817975067652,,1.0753320196017198,False,False,False,,-1,,,False,1,0.017524510833114449,0.016758366291020808,0.031337259545441018,0.01296306535870911
10000,0,single,gaussian_matched,0.050000000000000003,41,22,0.050000000000000003,8.5637952366729628,5-<10%,True,True,4,0.031337259545441018,0.60667681735586454,0.0031392799907695446,0.11651553733712931,1.5080661662551915,1.4833776486515253,1.5051562989150886,1.0146817975067652,0.98661179609924898,1.0753320196017198,True,True,False,3>4>1>2,16,0,0,True,1,0.017524510833114449,0.016758366291020808,0.031337259545441018,0.01296306535870911
10000,0,single,gaussian_matched,0.050000000000000003,41,23,0.02,8.5637952366729628,5-<10%,True,False,3,0.022268519941379371,0.50867831804409191,-0.032873427419526854,0.083326575450656776,1.5080661662551915,1.567059011406053,1.5485502889905938,0.98818887975453318,,1.0820989827611502,False,False,False,,-1,,,False,1,0.017245039528005296,0.012598227769262258,0.0073090728184821091,0.022268519941379371
10000,0,single,gaussian_matched,0.050000000000000003,41,23,0.050000000000000003,8.5637952366729628,5-<10%,True,True,4,0.022268519941379371,0.50867831804409191,-0.032873427419526854,0.083326575450656776,1.5080661662551915,1.567059011406053,1.5485502889905938,0.98818887975453318,0.95500701524778009,1.0820989827611502,True,True,False,3>4>1>2,16,0,0,True,1,0.017245039528005296,0.012598227769262258,0.0073090728184821091,0.022268519941379371
10000,0,single,gaussian_matched,0.050000000000000003,41,24,0.02,8.5637952366729628,5-<10%,True,True,4,0.019038230056833645,0.45987867772802465,0.06270429785841429,0.042084672802898383,1.5080661662551915,1.526707233989574,1.5131029494364991,0.99108913336480087,0.97676836620651564,1.0312462788693266,True,True,False,3>4>1>2,16,0,0,True,1,0.0076489049570949569,0.0020130849686908134,0.019038230056833645,0.0059492442297707782
10000,0,single,gaussian_matched,0.050000000000000003,41,24,0.050000000000000003,8.5637952366729628,5-<10%,True,True,4,0.019038230056833645,0.45987867772802465,0.06270429785841429,0.042084672802898383,1.5080661662551915,1.526707233989574,1.5131029494364991,0.99108913336480087,0.95707368888484123,1.0312462788693266,True,True,False,3>4>1>2,16,0,0,True,1,0.0076489049570949569,0.0020130849686908134,0.019038230056833645,0.0059492442297707782
10000,0,single,gaussian_matched,0.050000000000000003,41,25,0.02,8.5637952366729628,5-<10%,True,False,3,0.028105260264209498,0.4545469919576921,0.09394109795161433,0.063220218516606461,1.5080661662551915,1.5093526992035076,1.499693445485335,0.99360039987786164,,1.0363694239510368,False,False,False,,-1,,,False,1,0.015132493948371989,0.0061096766094568666,0.028105260264209498,0.0028180836798719121
10000,0,single,gaussian_matched,0.050000000000000003,41,25,0.050000000000000003,8.5637952366729628,5-<10%,True,True,4,0.028105260264209498,0.4545469919576921,0.09394109795161433,0.063220218516606461,1.5080661662551915,1.5093526992035076,1.499693445485335,0.99360039987786164,0.96046409189837911,1.0363694239510368,True,True,False,3>4>1>2,16,0,0,True,1,0.015132493948371989,0.0061096766094568666,0.028105260264209498,0.0028180836798719121
10000,0,single,gaussian_matched,0.050000000000000003,41,26,0.02,8.5637952366729628,5-<10%,True,False,2,0.030971754864140996,0.49590757544388997,0.14942111801413338,0.099505309636861536,1.5080661662551915,1.4418094673810802,1.4622168946640022,1.0141540388966861,,1.035579365976302,False,False,False,,-1,,,False,1,0.023396659275869171,0.011136767383543088,0.030971754864140996,0.012254507362934725
10000,0,single,gaussian_matched,0.050000000000000003,41,26,0.050000000000000003,8.5637952366729628,5-<10%,True,True,4,0.030971754864140996,0.49590757544388997,0.14942111801413338,0.099505309636861536,1.5080661662551915,1.4418094673810802,1.4622168946640022,1.0141540388966861,0.98433387073549261,1.035579365976302,True,True,False,3>4>1>2,16,0,0,True,1,0.023396659275869171,0.011136767383543088,0.030971754864140996,0.012254507362934725
10000,0,single,gaussian_matched,0.050000000000000003,41,27,0.02,8.5637952366729628,5-<10%,True,True,4,0.016676344740521685,0.4930080225155925,-0.00788883782190615,0.058309564339938377,1.5080661662551915,1.556740870719862,1.5395227301087322,0.98893962319935247,0.97504518424204856,1.0595239984836904,True,True,False,3>4>1>2,16,0,0,True,1,0.010419985891591812,0.0086486803085224079,0.0095513071459499867,0.016676344740521685
10000,0,single,gaussian_matched,0.050000000000000003,41,27,0.050000000000000003,8.5637952366729628,5-<10%,True,True,4,0.016676344740521685,0.4930080225155925,-0.00788883782190615,0.058309564339938377,1.5080661662551915,1.556740870719862,1.5395227301087322,0.98893962319935247,0.95501479124390387,1.0595239984836904,True,True,False,3>4>1>2,16,0,0,True,1,0.010419985891591812,0.0086486803085224079,0.0095513071459499867,0.016676344740521685
10000,0,single,gaussian_matched,0.050000000000000003,41,28,0.02,8.5637952366729628,5-<10%,True,False,3,0.023125115992218528,0.45193260166374338,0.06957559509486258,0.051900661904588204,1.5080661662551915,1.5277032928933625,1.5120987076250771,0.98978559165194224,,1.0370893562404935,False,False,False,,-1,,,False,1,0.0094598229174051637,0.0034649337865386392,0.023125115992218528,0.0063863922131328528
10000,0,single,gaussian_matched,0.050000000000000003,41,28,0.050000000000000003,8.5637952366729628,5-<10%,True,True,4,0.023125115992218528,0.45193260166374338,0.06957559509486258,0.051900661904588204,1.5080661662551915,1.5277032928933625,1.5120987076250771,0.98978559165194224,0.95575149996414754,1.0370893562404935,True,True,False,3>4>1>2,16,0,0,True,1,0.0094598229174051637,0.0034649337865386392,0.023125115992218528,0.0063863922131328528
10000,0,single,gaussian_matched,0.050000000000000003,41,29,0.02,8.5637952366729628,5-<10%,True,False,2,0.038517426533669491,0.41452155795287449,-0.011393815210232139,0.10524145856492073,1.5080661662551915,1.611245429878958,1.5640546628347218,0.97071162085605955,,1.1069117249310187,False,False,False,,-1,,,False,1,0.0086900453223304839,0.0027804123087708057,0.038517426533669491,0.026799081363912947
10000,0,single,gaussian_matched,0.050000000000000003,41,29,0.050000000000000003,8.5637952366729628,5-<10%,True,True,4,0.038517426533669491,0.41452155795287449,-0.011393815210232139,0.10524145856492073,1.5080661662551915,1.611245429878958,1.5640546628347218,0.97071162085605955,0.93367607635559946,1.1069117249310187,True,True,False,3>4>1>2,16,0,0,True,1,0.0086900453223304839,0.0027804123087708057,0.038517426533669491,0.026799081363912947
10000,0,single,gaussian_matched,0.050000000000000003,41,30,0.02,8.5637952366729628,5-<10%,True,False,3,0.021871269809433474,0.56711339128093607,0.037872083737444565,0.068200393269390924,1.5080661662551915,1.4754939899426982,1.496336077341619,1.0141254979965932,,1.0374455084394902,False,False,False,,-1,,,False,1,0.0066070646679411062,0.010222954248886909,0.021871269809433474,0.003890333964048177
10000,0,single,gaussian_matched,0.050000000000000003,41,30,0.050000000000000003,8.5637952366729628,5-<10%,True,True,4,0.021871269809433474,0.56711339128093607,0.037872083737444565,0.068200393269390924,1.5080661662551915,1.4754939899426982,1.496336077341619,1.0141254979965932,0.98381105967736204,1.0374455084394902,True,True,False,3>4>1>2,16,0,0,True,1,0.0066070646679411062,0.010222954248886909,0.021871269809433474,0.003890333964048177
10000,0,single,gaussian_matched,0.050000000000000003,41,31,0.02,8.5637952366729628,5-<10%,True,False,3,0.02247727802604749,0.58461223143450247,-0.0060641176659157262,0.10150081279469368,1.5080661662551915,1.502531876038232,1.5151694931000583,1.0084108811688897,,1.0720155004267782,False,False,False,,-1,,,False,1,0.017361650496277879,0.015631065878997173,0.02247727802604749,0.015335053484788135
10000,0,single,gaussian_matched,0.050000000000000003,41,31,0.050000000000000003,8.5637952366729628,5-<10%,True,True,4,0.02247727802604749,0.58461223143450247,-0.0060641176659157262,0.10150081279469368,1.5080661662551915,1.502531876038232,1.5151694931000583,1.0084108811688897,0.97911676087869282,1.0720155004267782,True,True,False,3>4>1>2,16,0,0,True,1,0.017361650496277879,0.015631065878997173,0.02247727802604749,0.015335053484788135
10000,0,single,gaussian_matched,0.050000000000000003,42,0,0.02,1.7714413367475432,1-<5%,True,False,1,0.039210019633335015,0.4986271739601672,0.023721736794352372,0.026314098282877511,1.452814595784381,1.4673021170553997,1.4636202041730599,0.99749069203980389,,1.025550202193223,False,False,False,,-1,,,False,2,0.0033568602378161914,0.039210019633335015,0.02966078162160584,0.024169307250652573
10000,0,single,gaussian_matched,0.050000000000000003,42,0,0.050000000000000003,1.7714413367475432,1-<5%,True,True,4,0.039210019633335015,0.4986271739601672,0.023721736794352372,0.026314098282877511,1.452814595784381,1.4673021170553997,1.4636202041730599,0.99749069203980389,0.9712339500453453,1.025550202193223,True,True,False,1>3>2>4,2,1.7714413367475368,1.7539508732988818,True,2,0.0033568602378161914,0.039210019633335015,0.02966078162160584,0.024169307250652573
10000,0,single,gaussian_matched,0.050000000000000003,42,1,0.02,1.7714413367475432,1-<5%,True,False,0,0.043314471849533125,0.55196778226600096,-0.0014689577317261587,0.07314167077416743,1.452814595784381,1.4383677666661203,1.4503243493667322,1.0083126047299606,,1.0486307231229142,False,False,False,,-1,,,False,2,0.023189907602987489,0.043314471849533125,0.032517861193505464,0.027463624204089637
10000,0,single,gaussian_matched,0.050000000000000003,42,1,0.050000000000000003,1.7714413367475432,1-<5%,True,True,4,0.043314471849533125,0.55196778226600096,-0.0014689577317261587,0.07314167077416743,1.452814595784381,1.4383677666661203,1.4503243493667322,1.0083126047299606,0.9859791037358242,1.0486307231229142,True,True,False,1>2>3>4,0,0,0,True,2,0.023189907602987489,0.043314471849533125,0.032517861193505464,0.027463624204089637
10000,0,single,gaussian_matched,0.050000000000000003,42,2,0.02,1.7714413367475432,1-<5%,True,False,2,0.038504946661141189,0.42506602624856826,0.089772600067302422,0.08483489929441683,1.452814595784381,1.5045699018626995,1.4607524381977002,0.9708770834703313,,1.0638572478394241,False,False,False,,-1,,,False,2,0.031412669837630192,0.038504946661141189,0.011646628718631131,0.017625333434639904
10000,0,single,gaussian_matched,0.050000000000000003,42,2,0.050000000000000003,1.7714413367475432,1-<5%,True,True,4,0.038504946661141189,0.42506602624856826,0.089772600067302422,0.08483489929441683,1.452814595784381,1.5045699018626995,1.4607524381977002,0.9708770834703313,0.93846328431699977,1.0638572478394241,True,True,False,1>3>2>4,2,1.7714413367475368,1.7105059900616615,True,2,0.031412669837630192,0.038504946661141189,0.011646628718631131,0.017625333434639904
10000,0,single,gaussian_matched,0.050000000000000003,42,3,0.02,1.7714413367475432,1-<5%,True,False,1,0.048754380410955374,0.41321907284794318,0.031381679234454202,0.088755682553284143,1.452814595784381,1.5384306051034118,1.4923430836115086,0.97004250868448805,,1.0883004416066941,False,False,False,,-1,,,False,2,0.034384712001931952,0.048754380410955374,0.016918060970573266,0.020367467373628208
10000,0,single,gaussian_matched,0.050000000000000003,42,3,0.050000000000000003,1.7714413367475432,1-<5%,True,True,4,0.048754380410955374,0.41321907284794318,0.031381679234454202,0.088755682553284143,1.452814595784381,1.5384306051034118,1.4923430836115086,0.97004250868448805,0.93905923305484629,1.0883004416066941,True,True,False,1>3>2>4,2,1.7714413367475368,1.6728579248653341,True,2,0.034384712001931952,0.048754380410955374,0.016918060970573266,0.020367467373628208
10000,0,single,gaussian_matched,0.050000000000000003,42,4,0.02,1.7714413367475432,1-<5%,True,False,2,0.038131831340765851,0.42738102667502842,0.088729679353691263,0.082301296159979609,1.452814595784381,1.5027615931737393,1.4605510978828327,0.971911382695268,,1.0619747340918058,False,False,False,,-1,,,False,2,0.030140718568944465,0.038131831340765851,0.012256329280721089,0.017835187552543569
10000,0,single,gaussian_matched,0.050000000000000003,42,4,0.050000000000000003,1.7714413367475432,1-<5%,True,True,4,0.038131831340765851,0.42738102667502842,0.088729679353691263,0.082301296159979609,1.452814595784381,1.5027615931737393,1.4605510978828327,0.971911382695268,0.93967669832960121,1.0619747340918058,True,True,False,1>3>2>4,2,1.7714413367475368,1.7125642825136289,True,2,0.030140718568944465,0.038131831340765851,0.012256329280721089,0.017835187552543569
10000,0,single,gaussian_matched,0.050000000000000003,42,5,0.02,1.7714413367475432,1-<5%,True,False,1,0.031778733441291167,0.50218705271771158,0.056763109598199184,0.0071079428126078429,1.452814595784381,1.4476581107746835,1.4469768178794276,0.99952938273879366,,1.0008742787354559,False,False,False,,-1,,,False,2,0.0084505615309461487,0.031778733441291167,0.025442263849501306,0.023086379632009438
10000,0,single,gaussian_matched,0.050000000000000003,42,5,0.050000000000000003,1.7714413367475432,1-<5%,True,True,4,0.031778733441291167,0.50218705271771158,0.056763109598199184,0.0071079428126078429,1.452814595784381,1.4476581107746835,1.4469768178794276,0.99952938273879366,0.97236097729629001,1.0008742787354559,True,True,False,1>3>2>4,2,1.7714413367475368,1.7777511212405228,True,2,0.0084505615309461487,0.031778733441291167,0.025442263849501306,0.023086379632009438
10000,0,single,gaussian_matched,0.050000000000000003,42,6,0.02,1.7714413367475432,1-<5%,True,False,2,0.03208579339914483,0.48324748272018742,0.1345284646646685,0.086172548841127655,1.452814595784381,1.4351012834969663,1.4164631367804945,0.98701266110566388,,1.034292806516266,False,False,False,,-1,,,False,2,0.03208579339914483,0.021246384905944514,0.0045069775143893173,0.016590019978951272
10000,0,single,gaussian_matched,0.050000000000000003,42,6,0.050000000000000003,1.7714413367475432,1-<5%,True,True,4,0.03208579339914483,0.48324748272018742,0.1345284646646685,0.086172548841127655,1.452814595784381,1.4351012834969663,1.4164631367804945,0.98701266110566388,0.95532502502847749,1.034292806516266,True,True,False,1>3>2>4,2,1.7714413367475368,1.7933060608317897,True,2,0.03208579339914483,0.021246384905944514,0.0045069775143893173,0.016590019978951272
10000,0,single,gaussian_matched,0.050000000000000003,42,7,0.02,1.7714413367475432,1-<5%,True,False,1,0.031413020843126999,0.48306428990566874,0.068739647009419397,0.025258516315034715,1.452814595784381,1.4592877076187016,1.4495701551947811,0.99334089338710463,,1.0151527082597551,False,False,False,,-1,,,False,2,0.0019677864859781484,0.031413020843126999,0.022399525079182747,0.021693020602486582
10000,0,single,gaussian_matched,0.050000000000000003,42,7,0.050000000000000003,1.7714413367475432,1-<5%,True,True,4,0.031413020843126999,0.48306428990566874,0.068739647009419397,0.025258516315034715,1.452814595784381,1.4592877076187016,1.4495701551947811,0.99334089338710463,0.96480243822918244,1.0151527082597551,True,True,False,1>3>2>4,2,1.7714413367475368,1.763583573113392,True,2,0.0019677864859781484,0.031413020843126999,0.022399525079182747,0.021693020602486582
10000,0,single,gaussian_matched,0.050000000000000003,42,8,0.02,1.7714413367475432,1-<5%,True,False,0,0.032546353932442679,0.5520642547785225,0.043515642513436342,0.052466499003234982,1.452814595784381,1.4116450285968065,1.4303058727577886,1.0132192185591666,,1.02062050867576,False,False,False,,-1,,,False,2,0.026921437183628837,0.032546353932442679,0.028284213556185146,0.026071765018365597
10000,0,single,gaussian_matched,0.050000000000000003,42,8,0.050000000000000003,1.7714413367475432,1-<5%,True,True,4,0.032546353932442679,0.5520642547785225,0.043515642513436342,0.052466499003234982,1.452814595784381,1.4116450285968065,1.4303058727577886,1.0132192185591666,0.98938627928437861,1.02062050867576,True,True,False,1>2>3>4,0,0,0,True,2,0.026921437183628837,0.032546353932442679,0.028284213556185146,0.026071765018365597
10000,0,single,gaussian_matched,0.050000000000000003,42,9,0.02,1.7714413367475432,1-<5%,True,False,2,0.042600757658964025,0.40478145358442391,0.098786160626032002,0.10698906976941248,1.452814595784381,1.5207337343915983,1.4619288453539192,0.96133123918553354,,1.0799161294743642,False,False,False,,-1,,,False,2,0.042600757658964025,0.042161593032496343,0.0058067005459127271,0.015594154233067046
10000,0,single,gaussian_matched,0.050000000000000003,42,9,0.050000000000000003,1.7714413367475432,1-<5%,True,True,4,0.042600757658964025,0.40478145358442391,0.098786160626032002,0.10698906976941248,1.452814595784381,1.5207337343915983,1.4619288453539192,0.96133123918553354,0.92729350734945948,1.0799161294743642,True,True,False,1>3>2>4,2,1.7714413367475368,1.6923250740092488,True,2,0.042600757658964025,0.042161593032496343,0.0058067005459127271,0.015594154233067046
10000,0,single,gaussian_matched,0.050000000000000003,42,10,0.02,1.7714413367475432,1-<5%,True,False,0,0.061908531251796191,0.45208750030344602,-0.076200083483185951,0.13498914289058728,1.452814595784381,1.5630448940076724,1.529711646125993,0.97867415836264793,,1.1458453087180069,False,False,False,,-1,,,False,2,0.023479511878373618,0.061908531251796191,0.036662614989301075,0.024781624712227026
10000,0,single,gaussian_matched,0.050000000000000003,42,10,0.050000000000000003,1.7714413367475432,1-<5%,True,False,3,0.061908531251796191,0.45208750030344602,-0.076200083483185951,0.13498914289058728,1.452814595784381,1.5630448940076724,1.529711646125993,0.97867415836264793,,1.1458453087180069,False,False,False,,-1,,,False,2,0.023479511878373618,0.061908531251796191,0.036662614989301075,0.024781624712227026
10000,0,single,gaussian_matched,0.050000000000000003,42,11,0.02,1.7714413367475432,1-<5%,True,False,1,0.028253053068061581,0.49423496519317323,0.077395952611524516,0.027995961241165143,1.452814595784381,1.4454840402978721,1.4407851380202741,0.99674925343580423,,1.0109900489184154,False,False,False,,-1,,,False,2,0.0028647983923152666,0.028253053068061581,0.021425705812339529,0.021724801384700395
10000,0,single,gaussian_matched,0.050000000000000003,42,11,0.050000000000000003,1.7714413367475432,1-<5%,True,True,4,0.028253053068061581,0.49423496519317323,0.077395952611524516,0.027995961241165143,1.452814595784381,1.4454840402978721,1.4407851380202741,0.99674925343580423,0.96841447060966146,1.0109900489184154,True,True,False,1>3>2>4,2,1.7714413367475368,1.7804249357691093,True,2,0.0028647983923152666,0.028253053068061581,0.021425705812339529,0.021724801384700395
10000,0,single,gaussian_matched,0.050000000000000003,42,12,0.02,1.7714413367475432,1-<5%,True,False,1,0.031238645446419314,0.50539514663804619,0.057956735681541027,0.0096133890981239915,1.452814595784381,1.4442674149694581,1.4450226939475337,1.0005229495384631,,1.0012537644284152,False,False,False,,-1,,,False,2,0.0087099430422066214,0.031238645446419314,0.025388552060073007,0.023174736532432991
10000,0,single,gaussian_matched,0.050000000000000003,42,12,0.050000000000000003,1.7714413367475432,1-<5%,True,True,4,0.031238645446419314,0.50539514663804619,0.057956735681541027,0.0096133890981239915,1.452814595784381,1.4442674149694581,1.4450226939475337,1.0005229495384631,0.97347245093818358,1.0012537644284152,True,True,False,1>3>2>4,2,1.7714413367475368,1.7819247342480971,True,2,0.0087099430422066214,0.031238645446419314,0.025388552060073007,0.023174736532432991
10000,0,single,gaussian_matched,0.050000000000000003,42,13,0.02,1.7714413367475432,1-<5%,True,False,1,0.044220939279774968,0.47539977462017835,0.0079550772145128984,0.048712899942167209,1.452814595784381,1.495354242088818,1.4807677658169638,0.99024547103201532,,1.0527707184366204,False,False,False,,-1,,,False,2,0.0080768208787489436,0.044220939279774968,0.030584449890163623,0.023740068501984287
10000,0,single,gaussian_matched,0.050000000000000003,42,13,0.050000000000000003,1.7714413367475432,1-<5%,True,True,4,0.044220939279774968,0.47539977462017835,0.0079550772145128984,0.048712899942167209,1.452814595784381,1.495354242088818,1.4807677658169638,0.99024547103201532,0.96328248075359624,1.0527707184366204,True,True,False,1>3>2>4,2,1.7714413367475368,1.7210476000707908,True,2,0.0080768208787489436,0.044220939279774968,0.030584449890163623,0.023740068501984287
10000,0,single,gaussian_matched,0.050000000000000003,42,14,0.02,1.7714413367475432,1-<5%,True,False,1,0.032143241084391691,0.52535287856506729,0.048500813480300178,0.025397165427580661,1.452814595784381,1.4315811102005718,1.4404064736586881,1.0061647666312667,,1.0089406062821629,False,False,False,,-1,,,False,2,0.017490358620898719,0.032143241084391691,0.027356639003791986,0.024479440024075851
10000,0,single,gaussian_matched,0.050000000000000003,42,14,0.050000000000000003,1.7714413367475432,1-<5%,True,True,4,0.032143241084391691,0.52535287856506729,0.048500813480300178,0.025397165427580661,1.452814595784381,1.4315811102005718,1.4404064736586881,1.0061647666312667,0.98051131667865299,1.0089406062821629,True,True,False,1>2>3>4,0,0,0,True,2,0.017490358620898719,0.032143241084391691,0.027356639003791986,0.024479440024075851
10000,0,single,gaussian_matched,0.050000000000000003,42,15,0.02,1.7714413367475432,1-<5%,True,False,1,0.039017828266681091,0.52244103317374935,0.01924983843739041,0.038067997137121765,1.452814595784381,1.4497659495560109,1.4549160854871168,1.0035523912895616,,1.0276494240603151,False,False,False,,-1,,,False,2,0.013099065217833911,0.039017828266681091,0.030642730076882306,0.025343970554004044
10000,0,single,gaussian_matched,0.050000000000000003,42,15,0.050000000000000003,1.7714413367475432,1-<5%,True,True,4,0.039017828266681091,0.52244103317374935,0.01924983843739041,0.038067997137121765,1.452814595784381,1.4497659495560109,1.4549160854871168,1.0035523912895616,0.97871092488557487,1.0276494240603151,True,True,False,1>2>3>4,0,0,0,True,2,0.013099065217833911,0.039017828266681091,0.030642730076882306,0.025343970554004044
10000,0,single,gaussian_matched,0.050000000000000003,42,16,0.02,1.7714413367475432,1-<5%,True,False,0,0.047242952519463054,0.43121344288786717,0.021413411995661848,0.074490156752892403,1.452814595784381,1.5269159963160801,1.491342506442412,0.97670239229957989,,1.0777924917183974,False,False,False,,-1,,,False,2,0.026863570320920807,0.047242952519463054,0.023266652933217027,0.021603979620728478
10000,0,single,gaussian_matched,0.050000000000000003,42,16,0.050000000000000003,1.7714413367475432,1-<5%,True,True,4,0.047242952519463054,0.43121344288786717,0.021413411995661848,0.074490156752892403,1.452814595784381,1.5269159963160801,1.491342506442412,0.97670239229957989,0.94705885099693954,1.0777924917183974,True,True,False,1>3>2>4,2,1.7714413367475368,1.6854730946638696,True,2,0.026863570320920807,0.047242952519463054,0.023266652933217027,0.021603979620728478
10000,0,single,gaussian_matched,0.050000000000000003,42,17,0.02,1.7714413367475432,1-<5%,True,False,2,0.039228370428168957,0.41950138325477443,0.09427993713275197,0.091873500697291263,1.452814595784381,1.5082730974940368,1.460180552659391,0.96811416651629567,,1.0683084117273212,False,False,False,,-1,,,False,2,0.034991697357884162,0.039228370428168957,0.0095696420642807783,0.016944083020541692
10000,0,single,gaussian_matched,0.050000000000000003,42,17,0.050000000000000003,1.7714413367475432,1-<5%,True,True,4,0.039228370428168957,0.41950138325477443,0.09427993713275197,0.091873500697291263,1.452814595784381,1.5082730974940368,1.460180552659391,0.96811416651629567,0.93517540385130049,1.0683084117273212,True,True,False,1>3>2>4,2,1.7714413367475368,1.7063062610336077,True,2,0.034991697357884162,0.039228370428168957,0.0095696420642807783,0.016944083020541692
10000,0,single,gaussian_matched,0.050000000000000003,42,18,0.02,1.7714413367475432,1-<5%,True,False,0,0.054020386373424163,0.43783376430718735,-0.023397357015380538,0.096186344545665964,1.452814595784381,1.5438723767449387,1.5099358635170157,0.97801857605647824,,1.1055245540092671,False,False,False,,-1,,,False,2,0.026647724530905761,0.054020386373424163,0.028094719046091045,0.023237302944890605
10000,0,single,gaussian_matched,0.050000000000000003,42,18,0.050000000000000003,1.7714413367475432,1-<5%,True,False,3,0.054020386373424163,0.43783376430718735,-0.023397357015380538,0.096186344545665964,1.452814595784381,1.5438723767449387,1.5099358635170157,0.97801857605647824,,1.1055245540092671,False,False,False,,-1,,,False,2,0.026647724530905761,0.054020386373424163,0.028094719046091045,0.023237302944890605
10000,0,single,gaussian_matched,0.050000000000000003,42,19,0.02,1.7714413367475432,1-<5%,True,False,0,0.035123088353891052,0.57116684685960617,0.034595685159250267,0.072814922973601912,1.452814595784381,1.4011183528884805,1.4252575283571174,1.0172285056568366,,1.031151845306113,False,False,False,,-1,,,False,2,0.035123088353891052,0.034784169106499521,0.029120065551953473,0.027572071749168564
10000,0,single,gaussian_matched,0.050000000000000003,42,19,0.050000000000000003,1.7714413367475432,1-<5%,True,True,4,0.035123088353891052,0.57116684685960617,0.034595685159250267,0.072814922973601912,1.452814595784381,1.4011183528884805,1.4252575283571174,1.0172285056568366,0.99508833904453786,1.031151845306113,True,True,False,1>2>3>4,0,0,0,True,2,0.035123088353891052,0.034784169106499521,0.029120065551953473,0.027572071749168564
10000,0,single,gaussian_matched,0.050000000000000003,42,20,0.02,1.7714413367475432,1-<5%,True,False,1,0.049992375928583889,0.45250535840761141,-0.010474496021990666,0.07689542020889939,1.452814595784381,1.5245497026629964,1.4984226133076812,0.98286242205834429,,1.0843214530523486,False,False,False,,-1,,,False,2,0.01941643313063195,0.049992375928583889,0.031472700369674145,0.023414857945104939
10000,0,single,gaussian_matched,0.050000000000000003,42,20,0.050000000000000003,1.7714413367475432,1-<5%,True,True,4,0.049992375928583889,0.45250535840761141,-0.010474496021990666,0.07689542020889939,1.452814595784381,1.5245497026629964,1.4984226133076812,0.98286242205834429,0.95522273632602239,1.0843214530523486,True,True,False,1>3>2>4,2,1.7714413367475368,1.6880891617421456,True,2,0.01941643313063195,0.049992375928583889,0.031472700369674145,0.023414857945104939
10000,0,single,gaussian_matched,0.050000000000000003,42,21,0.02,1.7714413367475432,1-<5%,True,False,3,0.026412143297215442,0.50698696100275331,0.13306342565986401,0.083356765210783876,1.452814595784381,1.4129338747683184,1.4073607857725936,0.99605566184288796,,1.0260893270958173,False,False,False,,-1,,,False,2,0.026412143297215442,0.015949101225315808,0.0069296424813267586,0.017940912292083475
10000,0,single,gaussian_matched,0.050000000000000003,42,21,0.050000000000000003,1.7714413367475432,1-<5%,True,True,4,0.026412143297215442,0.50698696100275331,0.13306342565986401,0.083356765210783876,1.452814595784381,1.4129338747683184,1.4073607857725936,0.99605566184288796,0.96556800189603254,1.0260893270958173,True,True,False,1>2>3>4,0,0,0,True,2,0.026412143297215442,0.015949101225315808,0.0069296424813267586,0.017940912292083475
10000,0,single,gaussian_matched,0.050000000000000003,42,22,0.02,1.7714413367475432,1-<5%,True,False,0,0.028459450120987211,0.58222015107108271,0.059947549627839894,0.082819725825131793,1.452814595784381,1.3774484156805402,1.4090475673689242,1.0229403521240192,,1.0268807165917757,False,False,False,,-1,,,False,2,0.026534054728505556,0.028459450120987211,0.025714070160977622,0.027349283632481777
10000,0,single,gaussian_matched,0.050000000000000003,42,22,0.050000000000000003,1.7714413367475432,1-<5%,True,True,4,0.028459450120987211,0.58222015107108271,0.059947549627839894,0.082819725825131793,1.452814595784381,1.3774484156805402,1.4090475673689242,1.0229403521240192,1.000713999659643,1.0268807165917757,True,True,False,1>2>3>4,0,0,0,True,2,0.026534054728505556,0.028459450120987211,0.025714070160977622,0.027349283632481777
10000,0,single,gaussian_matched,0.050000000000000003,42,23,0.02,1.7714413367475432,1-<5%,True,False,1,0.027017567945686449,0.55523266567075125,0.06493985957365199,0.057217538929749713,1.452814595784381,1.3975018860175621,1.4193217201682282,1.0156134559595091,,1.0163301383276564,False,False,False,,-1,,,False,2,0.01752559920278909,0.027017567945686449,0.025416628530926588,0.025384596618226899
10000,0,single,gaussian_matched,0.050000000000000003,42,23,0.050000000000000003,1.7714413367475432,1-<5%,True,True,4,0.027017567945686449,0.55523266567075125,0.06493985957365199,0.057217538929749713,1.452814595784381,1.3975018860175621,1.4193217201682282,1.0156134559595091,0.99118404249601166,1.0163301383276564,True,True,False,1>2>3>4,0,0,0,True,2,0.01752559920278909,0.027017567945686449,0.025416628530926588,0.025384596618226899
10000,0,single,gaussian_matched,0.050000000000000003,42,24,0.02,1.7714413367475432,1-<5%,True,False,2,0.045491470746463918,0.44152433065048952,0.14252659050307917,0.10945580777646191,1.452814595784381,1.4730827342663169,1.4279179901837624,0.96933998136564326,,1.0582037118991012,False,False,False,,-1,,,False,2,0.045491470746463918,0.030925775148385296,0.0037015410492285193,0.013375598149398675
10000,0,single,gaussian_matched,0.050000000000000003,42,24,0.050000000000000003,1.7714413367475432,1-<5%,True,True,4,0.045491470746463918,0.44152433065048952,0.14252659050307917,0.10945580777646191,1.452814595784381,1.4730827342663169,1.4279179901837624,0.96933998136564326,0.93506760713128867,1.0582037118991012,True,True,False,1>3>2>4,2,1.7714413367475368,1.7470680836432662,True,2,0.045491470746463918,0.030925775148385296,0.0037015410492285193,0.013375598149398675
10000,0,single,gaussian_matched,0.050000000000000003,42,25,0.02,1.7714413367475432,1-<5%,True,False,0,0.047663613571609253,0.42265563982904436,0.027512746953478176,0.080547045878994306,1.452814595784381,1.5317036178113448,1.4912922504603778,0.97361671874307454,,1.0819269718932918,False,False,False,,-1,,,False,2,0.030373804264809623,0.047663613571609253,0.02017174587529906,0.020991435699343339
10000,0,single,gaussian_matched,0.050000000000000003,42,25,0.050000000000000003,1.7714413367475432,1-<5%,True,True,4,0.047663613571609253,0.42265563982904436,0.027512746953478176,0.080547045878994306,1.452814595784381,1.5317036178113448,1.4912922504603778,0.97361671874307454,0.94330693395270371,1.0819269718932918,True,True,False,1>3>2>4,2,1.7714413367475368,1.680204838374677,True,2,0.030373804264809623,0.047663613571609253,0.02017174587529906,0.020991435699343339
10000,0,single,gaussian_matched,0.050000000000000003,42,26,0.02,1.7714413367475432,1-<5%,True,False,0,0.030802606674471385,0.58027216395293169,0.050696474664412405,0.080275185347929989,1.452814595784381,1.3843120367670194,1.4139822482122564,1.0214331817229083,,1.0285258957998218,False,False,False,,-1,,,False,2,0.030567941637932392,0.030802606674471385,0.027033589830746722,0.027595143623338394
10000,0,single,gaussian_matched,0.050000000000000003,42,26,0.050000000000000003,1.7714413367475432,1-<5%,True,True,4,0.030802606674471385,0.58027216395293169,0.050696474664412405,0.080275185347929989,1.452814595784381,1.3843120367670194,1.4139822482122564,1.0214331817229083,0.99940991421499636,1.0285258957998218,True,True,False,1>2>3>4,0,0,0,True,2,0.030567941637932392,0.030802606674471385,0.027033589830746722,0.027595143623338394
10000,0,single,gaussian_matched,0.050000000000000003,42,27,0.02,1.7714413367475432,1-<5%,True,False,2,0.028525772866581381,0.46999837084374285,0.12061183251111529,0.076721109498021314,1.452814595784381,1.4519617272554939,1.4291968097637802,0.9843212688982208,,1.0365520305423073,False,False,False,,-1,,,False,2,0.028525772866581381,0.02550171097021995,0.0081233265138767954,0.017382642669287147
10000,0,single,gaussian_matched,0.050000000000000003,42,27,0.050000000000000003,1.7714413367475432,1-<5%,True,True,4,0.028525772866581381,0.46999837084374285,0.12061183251111529,0.076721109498021314,1.452814595784381,1.4519617272554939,1.4291968097637802,0.9843212688982208,0.95281045769150996,1.0365520305423073,True,True,False,1>3>2>4,2,1.7714413367475368,1.7724818645648455,True,2,0.028525772866581381,0.02550171097021995,0.0081233265138767954,0.017382642669287147
10000,0,single,gaussian_matched,0.050000000000000003,42,28,0.02,1.7714413367475432,1-<5%,True,False,0,0.030287749929309153,0.56857681008760408,0.052126348354238482,0.068609767811259131,1.452814595784381,1.3931323020234256,1.4188055692935526,1.018428448778941,,1.0238163502905542,False,False,False,,-1,,,False,2,0.02695315838905555,0.030287749929309153,0.027109084138889128,0.026749785132436695
10000,0,single,gaussian_matched,0.050000000000000003,42,28,0.050000000000000003,1.7714413367475432,1-<5%,True,True,4,0.030287749929309153,0.56857681008760408,0.052126348354238482,0.068609767811259131,1.452814595784381,1.3931323020234256,1.4188055692935526,1.018428448778941,0.99544446662467057,1.0238163502905542,True,True,False,1>2>3>4,0,0,0,True,2,0.02695315838905555,0.030287749929309153,0.027109084138889128,0.026749785132436695
10000,0,single,gaussian_matched,0.050000000000000003,42,29,0.02,1.7714413367475432,1-<5%,True,False,1,0.039145961919169761,0.52421878499408125,0.018444896663865146,0.039777809054090507,1.452814595784381,1.4487497356480361,1.454459433994181,1.0039411212341591,,1.0285119982853188,False,False,False,,-1,,,False,2,0.013767816699778094,0.039145961919169761,0.030745383413091257,0.025451545462634381
10000,0,single,gaussian_matched,0.050000000000000003,42,29,0.050000000000000003,1.7714413367475432,1-<5%,True,True,4,0.039145961919169761,0.52421878499408125,0.018444896663865146,0.039777809054090507,1.452814595784381,1.4487497356480361,1.454459433994181,1.0039411212341591,0.97922686569877915,1.0285119982853188,True,True,False,1>2>3>4,0,0,0,True,2,0.013767816699778094,0.039145961919169761,0.030745383413091257,0.025451545462634381
10000,0,single,gaussian_matched,0.050000000000000003,42,30,0.02,1.7714413367475432,1-<5%,True,False,2,0.037528111123803769,0.44514741335674513,0.067199753829952608,0.057485979101575303,1.452814595784381,1.4943917612973701,1.465036970490682,0.98035669657252167,,1.04798158967438,False,False,False,,-1,,,False,2,0.017889653946416218,0.037528111123803769,0.019521271676715239,0.020104476254265119
10000,0,single,gaussian_matched,0.050000000000000003,42,30,0.050000000000000003,1.7714413367475432,1-<5%,True,True,4,0.037528111123803769,0.44514741335674513,0.067199753829952608,0.057485979101575303,1.452814595784381,1.4943917612973701,1.465036970490682,0.98035669657252167,0.94996961476815656,1.04798158967438,True,True,False,1>3>2>4,2,1.7714413367475368,1.7221560612515452,True,2,0.017889653946416218,0.037528111123803769,0.019521271676715239,0.020104476254265119
10000,0,single,gaussian_matched,0.050000000000000003,42,31,0.02,1.7714413367475432,1-<5%,True,False,1,0.03402568202426632,0.5293938502258575,0.03978936678948973,0.031116803525743423,1.452814595784381,1.4326990480083248,1.4424819373917466,1.0068282933509458,,1.0143061235710449,False,False,False,,-1,,,False,2,0.018189516007909644,0.03402568202426632,0.028527191291767454,0.025001397501849609
10000,0,single,gaussian_matched,0.050000000000000003,42,31,0.050000000000000003,1.7714413367475432,1-<5%,True,True,4,0.03402568202426632,0.5293938502258575,0.03978936678948973,0.031116803525743423,1.452814595784381,1.4326990480083248,1.4424819373917466,1.0068282933509458,0.98171071293882284,1.0143061235710449,True,True,False,1>2>3>4,0,0,0,True,2,0.018189516007909644,0.03402568202426632,0.028527191291767454,0.025001397501849609
10000,0,single,gaussian_matched,0.050000000000000003,43,0,0.02,0.78551936169401493,<1%,True,False,3,0.026561445333234592,0.5835135151489822,0.091672278877307445,0.093333199020323762,1.5033155164919325,1.4176075441966118,1.4298095932236459,1.0086074944204315,,1.0131890315336498,False,False,False,,-1,,,False,3,0.013941302421676079,0.026561445333234592,0.0065144143877428678,0.014834143917877678
10000,0,single,gaussian_matched,0.050000000000000003,43,0,0.050000000000000003,0.78551936169401493,<1%,True,True,4,0.026561445333234592,0.5835135151489822,0.091672278877307445,0.093333199020323762,1.5033155164919325,1.4176075441966118,1.4298095932236459,1.0086074944204315,0.96841105607877498,1.0131890315336498,True,True,False,3>4>2>1,17,0,0,True,3,0.013941302421676079,0.026561445333234592,0.0065144143877428678,0.014834143917877678
10000,0,single,gaussian_matched,0.050000000000000003,43,1,0.02,0.78551936169401493,<1%,True,False,2,0.033642521057210856,0.50476509238733569,0.010366759898262051,0.039918665138276528,1.5033155164919325,1.5302778250758147,1.4794866377938818,0.9668091725243313,,1.0107028672715175,False,False,False,,-1,,,False,3,0.012880375253227886,0.029287361883792103,0.011055547427438302,0.033642521057210856
10000,0,single,gaussian_matched,0.050000000000000003,43,1,0.050000000000000003,0.78551936169401493,<1%,True,True,4,0.033642521057210856,0.50476509238733569,0.010366759898262051,0.039918665138276528,1.5033155164919325,1.5302778250758147,1.4794866377938818,0.9668091725243313,0.9225008238297735,1.0107028672715175,True,True,False,3>4>2>1,17,0,0,True,3,0.012880375253227886,0.029287361883792103,0.011055547427438302,0.033642521057210856
10000,0,single,gaussian_matched,0.050000000000000003,43,2,0.02,0.78551936169401493,<1%,True,False,2,0.034006165752342457,0.52135828565771736,0.00037924237645466791,0.054022180198241607,1.5033155164919325,1.5278643001282037,1.4827535320248613,0.97047462389195349,,1.0222576001937713,False,False,False,,-1,,,False,3,0.014417987386367811,0.031797268073721928,0.0082321277960889627,0.034006165752342457
10000,0,single,gaussian_matched,0.050000000000000003,43,2,0.050000000000000003,0.78551936169401493,<1%,True,True,4,0.034006165752342457,0.52135828565771736,0.00037924237645466791,0.054022180198241607,1.5033155164919325,1.5278643001282037,1.4827535320248613,0.97047462389195349,0.92653197836280055,1.0222576001937713,True,True,False,3>4>2>1,17,0,0,True,3,0.014417987386367811,0.031797268073721928,0.0082321277960889627,0.034006165752342457
10000,0,single,gaussian_matched,0.050000000000000003,43,3,0.02,0.78551936169401493,<1%,True,False,2,0.025420684383590367,0.52659480756289179,0.053573443982759962,0.026833808734601384,1.5033155164919325,1.4830940024037802,1.4556815704140678,0.98151672655591438,,0.98616382448323181,False,False,False,,-1,,,False,3,0.011952875320609386,0.025420684383590367,0.0012287525068952214,0.023401383526250659
10000,0,single,gaussian_matched,0.050000000000000003,43,3,0.050000000000000003,0.78551936169401493,<1%,True,True,4,0.025420684383590367,0.52659480756289179,0.053573443982759962,0.026833808734601384,1.5033155164919325,1.4830940024037802,1.4556815704140678,0.98151672655591438,0.93862791220798758,0.98616382448323181,True,True,False,3>4>2>1,17,0,0,True,3,0.011952875320609386,0.025420684383590367,0.0012287525068952214,0.023401383526250659
10000,0,single,gaussian_matched,0.050000000000000003,43,4,0.02,0.78551936169401493,<1%,True,False,3,0.020418606812059044,0.50027193777961998,0.082887590053503157,0.032888714320922677,1.5033155164919325,1.4792229590112445,1.4447635819808837,0.97670440630978683,,0.98292891950585826,False,False,False,,-1,,,False,3,0.0088128226452054391,0.019643415663688425,0.013238790051954099,0.020418606812059044
10000,0,single,gaussian_matched,0.050000000000000003,43,4,0.050000000000000003,0.78551936169401493,<1%,True,True,4,0.020418606812059044,0.50027193777961998,0.082887590053503157,0.032888714320922677,1.5033155164919325,1.4792229590112445,1.4447635819808837,0.97670440630978683,0.93372101528772378,0.98292891950585826,True,True,False,3>4>2>1,17,0,0,True,3,0.0088128226452054391,0.019643415663688425,0.013238790051954099,0.020418606812059044
10000,0,single,gaussian_matched,0.050000000000000003,43,5,0.02,0.78551936169401493,<1%,True,False,2,0.028325107299287992,0.53598326201214053,0.036587563425157295,0.038401674441468484,1.5033155164919325,1.4902868344297231,1.4632088337069116,0.98183034292645199,,0.99886583466687617,False,False,False,,-1,,,False,3,0.01343567425213817,0.028325107299287992,0.0059538622621159772,0.025926135454540686
10000,0,single,gaussian_matched,0.050000000000000003,43,5,0.050000000000000003,0.78551936169401493,<1%,True,True,4,0.028325107299287992,0.53598326201214053,0.036587563425157295,0.038401674441468484,1.5033155164919325,1.4902868344297231,1.4632088337069116,0.98183034292645199,0.93893790068006278,0.99886583466687617,True,True,False,3>4>2>1,17,0,0,True,3,0.01343567425213817,0.028325107299287992,0.0059538622621159772,0.025926135454540686
10000,0,single,gaussian_matched,0.050000000000000003,43,6,0.02,0.78551936169401493,<1%,True,True,4,0.019510541146133813,0.5367753917039686,0.11070303619838098,0.070973854613387552,1.5033155164919325,1.4338317510870702,1.4256637986351972,0.99430340941628581,0.97500203687095188,0.99555790972015579,True,True,False,3>4>2>1,17,0,0,True,3,0.0096620942486189756,0.019510541146133813,0.011669589517210225,0.012261198161101616
10000,0,single,gaussian_matched,0.050000000000000003,43,6,0.050000000000000003,0.78551936169401493,<1%,True,True,4,0.019510541146133813,0.5367753917039686,0.11070303619838098,0.070973854613387552,1.5033155164919325,1.4338317510870702,1.4256637986351972,0.99430340941628581,0.95291348812673704,0.99555790972015579,True,True,False,3>4>2>1,17,0,0,True,3,0.0096620942486189756,0.019510541146133813,0.011669589517210225,0.012261198161101616
10000,0,single,gaussian_matched,0.050000000000000003,43,7,0.02,0.78551936169401493,<1%,True,False,3,0.024385434512687491,0.5813206487030449,0.10907107269730587,0.10051089261913075,1.5033155164919325,1.4054102245807516,1.4208419925411149,1.0109802587817138,,1.0119983918681317,False,False,False,,-1,,,False,3,0.012874868438373566,0.024385434512687491,0.00099118116082105704,0.011907692690777946
10000,0,single,gaussian_matched,0.050000000000000003,43,7,0.050000000000000003,0.78551936169401493,<1%,True,True,4,0.024385434512687491,0.5813206487030449,0.10907107269730587,0.10051089261913075,1.5033155164919325,1.4054102245807516,1.4208419925411149,1.0109802587817138,0.97104560463084411,1.0119983918681317,True,True,False,3>4>2>1,17,0,0,True,3,0.012874868438373566,0.024385434512687491,0.00099118116082105704,0.011907692690777946
10000,0,single,gaussian_matched,0.050000000000000003,43,8,0.02,0.78551936169401493,<1%,True,False,2,0.025930992430337918,0.46261889882373208,0.094825211432615047,0.058366482720213844,1.5033155164919325,1.460305784758468,1.4452608064417989,0.98969737812881597,,1.0002073900433144,False,False,False,,-1,,,False,3,0.0059614421587715601,0.015371991549272133,0.025930992430337918,0.023546097086960725
10000,0,single,gaussian_matched,0.050000000000000003,43,8,0.050000000000000003,0.78551936169401493,<1%,True,True,4,0.025930992430337918,0.46261889882373208,0.094825211432615047,0.058366482720213844,1.5033155164919325,1.460305784758468,1.4452608064417989,0.98969737812881597,0.94500330343285976,1.0002073900433144,True,True,False,3>4>2>1,17,0,2.6019429159132024,True,3,0.0059614421587715601,0.015371991549272133,0.025930992430337918,0.023546097086960725
10000,0,single,gaussian_matched,0.050000000000000003,43,9,0.02,0.78551936169401493,<1%,True,False,2,0.034291034986305181,0.50034848466006343,0.0095386486576688329,0.040462852025108957,1.5033155164919325,1.5337165518579687,1.4803656072190527,0.96521459941585308,,1.0116495456609778,False,False,False,,-1,,,False,3,0.012664644316399349,0.029092573268563595,0.012698852600942341,0.034291034986305181
10000,0,single,gaussian_matched,0.050000000000000003,43,9,0.050000000000000003,0.78551936169401493,<1%,True,True,4,0.034291034986305181,0.50034848466006343,0.0095386486576688329,0.040462852025108957,1.5033155164919325,1.5337165518579687,1.4803656072190527,0.96521459941585308,0.92075641927068452,1.0116495456609778,True,True,False,3>4>2>1,17,0,0,True,3,0.012664644316399349,0.029092573268563595,0.012698852600942341,0.034291034986305181
10000,0,single,gaussian_matched,0.050000000000000003,43,10,0.02,0.78551936169401493,<1%,True,False,2,0.030035483762427664,0.49931212986781226,0.031950980404991135,0.018062122623317838,1.5033155164919325,1.5172720758605991,1.4696312258551885,0.96860098411922024,,0.9896081908009029,False,False,False,,-1,,,False,3,0.011414249406926492,0.026043330428435908,0.0078324718373030729,0.030035483762427664
10000,0,single,gaussian_matched,0.050000000000000003,43,10,0.050000000000000003,0.78551936169401493,<1%,True,True,4,0.030035483762427664,0.49931212986781226,0.031950980404991135,0.018062122623317838,1.5033155164919325,1.5172720758605991,1.4696312258551885,0.96860098411922024,0.92452491971058359,0.9896081908009029,True,True,False,3>4>2>1,17,0,0,True,3,0.011414249406926492,0.026043330428435908,0.0078324718373030729,0.030035483762427664
10000,0,single,gaussian_matched,0.050000000000000003,43,11,0.02,0.78551936169401493,<1%,True,False,2,0.032226095443500691,0.4696378743655707,0.039992610675362993,0.031968836609043629,1.5033155164919325,1.5146130728482308,1.4697642845025172,0.97038927687229359,,0.99894739636289764,False,False,False,,-1,,,False,3,0.0092871788379277898,0.023105329987021951,0.017872353695837312,0.032226095443500691
10000,0,single,gaussian_matched,0.050000000000000003,43,11,0.050000000000000003,0.78551936169401493,<1%,True,True,4,0.032226095443500691,0.4696378743655707,0.039992610675362993,0.031968836609043629,1.5033155164919325,1.5146130728482308,1.4697642845025172,0.97038927687229359,0.92516259654494049,0.99894739636289764,True,True,False,3>4>2>1,17,0,1.1041467948382566,True,3,0.0092871788379277898,0.023105329987021951,0.017872353695837312,0.032226095443500691
10000,0,single,gaussian_matched,0.050000000000000003,43,12,0.02,0.78551936169401493,<1%,True,False,3,0.021012477411981461,0.48817590122783727,0.087869568267183229,0.039672578848830978,1.5033155164919325,1.4755297335676651,1.4442450952172381,0.97879769032184505,,0.98709662594906933,False,False,False,,-1,,,False,3,0.0078291431536326502,0.018075650612665039,0.017527150814272082,0.021012477411981461
10000,0,single,gaussian_matched,0.050000000000000003,43,12,0.050000000000000003,0.78551936169401493,<1%,True,True,4,0.021012477411981461,0.48817590122783727,0.087869568267183229,0.039672578848830978,1.5033155164919325,1.4755297335676651,1.4442450952172381,0.97879769032184505,0.93538763887320631,0.98709662594906933,True,True,False,3>4>2>1,17,0,0.59479321505759852,True,3,0.0078291431536326502,0.018075650612665039,0.017527150814272082,0.021012477411981461
10000,0,single,gaussian_matched,0.050000000000000003,43,13,0.02,0.78551936169401493,<1%,True,False,2,0.033067998415543982,0.47018710755400733,0.035106919023025492,0.033325852081875516,1.5033155164919325,1.5194383625132777,1.4719741862808395,0.9687620258883497,,1.0013200967122415,False,False,False,,-1,,,False,3,0.0095792422465740459,0.023801785680981978,0.018127850491348182,0.033067998415543982
10000,0,single,gaussian_matched,0.050000000000000003,43,13,0.050000000000000003,0.78551936169401493,<1%,True,True,4,0.033067998415543982,0.47018710755400733,0.035106919023025492,0.033325852081875516,1.5033155164919325,1.5194383625132777,1.4719741862808395,0.9687620258883497,0.9234929109086516,1.0013200967122415,True,True,False,3>4>2>1,17,0,0.99111393757709276,True,3,0.0095792422465740459,0.023801785680981978,0.018127850491348182,0.033067998415543982
10000,0,single,gaussian_matched,0.050000000000000003,43,14,0.02,0.78551936169401493,<1%,True,False,2,0.035560505228789785,0.47373301364898768,0.019691738804837051,0.040106673617223455,1.5033155164919325,1.5352094563129783,1.4787159090014272,0.96320140741757265,,1.0103152438437573,False,False,False,,-1,,,False,3,0.010604766193467308,0.026111843039770124,0.019257655668534355,0.035560505228789785
10000,0,single,gaussian_matched,0.050000000000000003,43,14,0.050000000000000003,0.78551936169401493,<1%,True,True,4,0.035560505228789785,0.47373301364898768,0.019691738804837051,0.040106673617223455,1.5033155164919325,1.5352094563129783,1.4787159090014272,0.96320140741757265,0.91790910254019997,1.0103152438437573,True,True,False,3>4>2>1,17,0,0.53436075264838845,True,3,0.010604766193467308,0.026111843039770124,0.019257655668534355,0.035560505228789785
10000,0,single,gaussian_matched,0.050000000000000003,43,15,0.02,0.78551936169401493,<1%,True,False,2,0.024469258583468243,0.52474947141592176,0.060031556409399001,0.026705214085689006,1.5033155164919325,1.4793916482890777,1.4526720760270295,0.98193881093424484,,0.98407637909899637,False,False,False,,-1,,,False,3,0.011502613935081082,0.024469258583468243,0.00097479844887877337,0.022331663640478498
10000,0,single,gaussian_matched,0.050000000000000003,43,15,0.050000000000000003,0.78551936169401493,<1%,True,True,4,0.024469258583468243,0.52474947141592176,0.060031556409399001,0.026705214085689006,1.5033155164919325,1.4793916482890777,1.4526720760270295,0.98193881093424484,0.93911754813266146,0.98407637909899637,True,True,False,3>4>2>1,17,0,0,True,3,0.011502613935081082,0.024469258583468243,0.00097479844887877337,0.022331663640478498
10000,0,single,gaussian_matched,0.050000000000000003,43,16,0.02,0.78551936169401493,<1%,True,False,3,0.022673699947199751,0.48627606597352663,0.079924550788249199,0.032921499131137684,1.5033155164919325,1.4822811751438458,1.4483480522787824,0.97710749928280616,,0.98533510441410344,False,False,False,,-1,,,False,3,0.0081334554368183935,0.018941572862353293,0.01594827882804447,0.022673699947199751
10000,0,single,gaussian_matched,0.050000000000000003,43,16,0.050000000000000003,0.78551936169401493,<1%,True,True,4,0.022673699947199751,0.48627606597352663,0.079924550788249199,0.032921499131137684,1.5033155164919325,1.4822811751438458,1.4483480522787824,0.97710749928280616,0.93345349148623313,0.98533510441410344,True,True,False,3>4>2>1,17,0,0.60283326653631786,True,3,0.0081334554368183935,0.018941572862353293,0.01594827882804447,0.022673699947199751
10000,0,single,gaussian_matched,0.050000000000000003,43,17,0.02,0.78551936169401493,<1%,True,False,3,0.024861627541994964,0.5514937398341373,0.077086760749832617,0.058183312470368093,1.5033155164919325,1.4490716075349737,1.4408907321004616,0.99435440223107496,,0.99717858834384909,False,False,False,,-1,,,False,3,0.012375730561383642,0.024861627541994964,0.0015105802830238891,0.017766399268283117
10000,0,single,gaussian_matched,0.050000000000000003,43,17,0.050000000000000003,0.78551936169401493,<1%,True,True,4,0.024861627541994964,0.5514937398341373,0.077086760749832617,0.058183312470368093,1.5033155164919325,1.4490716075349737,1.4408907321004616,0.99435440223107496,0.95267524615905264,0.99717858834384909,True,True,False,3>4>2>1,17,0,0,True,3,0.012375730561383642,0.024861627541994964,0.0015105802830238891,0.017766399268283117
10000,0,single,gaussian_matched,0.050000000000000003,43,18,0.02,0.78551936169401493,<1%,True,False,2,0.023477159092462875,0.51684996423183016,0.062723652753204157,0.021114275597284304,1.5033155164919325,1.4825872000078748,1.4523259284991277,0.97958887577837828,,0.98012705112946874,False,False,False,,-1,,,False,3,0.010869837668492817,0.023477159092462875,0.003678718576894096,0.0225013665085789
10000,0,single,gaussian_matched,0.050000000000000003,43,18,0.050000000000000003,0.78551936169401493,<1%,True,True,4,0.023477159092462875,0.51684996423183016,0.062723652753204157,0.021114275597284304,1.5033155164919325,1.4825872000078748,1.4523259284991277,0.97958887577837828,0.93659864074440946,0.98012705112946874,True,True,False,3>4>2>1,17,0,0,True,3,0.010869837668492817,0.023477159092462875,0.003678718576894096,0.0225013665085789
10000,0,single,gaussian_matched,0.050000000000000003,43,19,0.02,0.78551936169401493,<1%,True,False,3,0.023646530987938424,0.5569867780177894,0.09221265514905401,0.070918270731749805,1.5033155164919325,1.4339711918552744,1.4324696661792835,0.99895288992936582,,1.0000481737987177,False,False,False,,-1,,,False,3,0.011975936621439956,0.023646530987938424,0.0011061188270468469,0.014964538032601359
10000,0,single,gaussian_matched,0.050000000000000003,43,19,0.050000000000000003,0.78551936169401493,<1%,True,True,4,0.023646530987938424,0.5569867780177894,0.09221265514905401,0.070918270731749805,1.5033155164919325,1.4339711918552744,1.4324696661792835,0.99895288992936582,0.95775603870842696,1.0000481737987177,True,True,False,3>4>2>1,17,0,0,True,3,0.011975936621439956,0.023646530987938424,0.0011061188270468469,0.014964538032601359
10000,0,single,gaussian_matched,0.050000000000000003,43,20,0.02,0.78551936169401493,<1%,True,False,2,0.037288376936140698,0.51939933725975596,-0.015309660275441186,0.068129920089570764,1.5033155164919325,1.5415940305344198,1.4906667959830506,0.96696456165329447,,1.0369058916588298,False,False,False,,-1,,,False,3,0.015144927593862855,0.033774378190729475,0.012783438747876271,0.037288376936140698
10000,0,single,gaussian_matched,0.050000000000000003,43,20,0.050000000000000003,0.78551936169401493,<1%,True,True,4,0.037288376936140698,0.51939933725975596,-0.015309660275441186,0.068129920089570764,1.5033155164919325,1.5415940305344198,1.4906667959830506,0.96696456165329447,0.92271581982976658,1.0369058916588298,True,True,False,3>4>2>1,17,0,0,True,3,0.015144927593862855,0.033774378190729475,0.012783438747876271,0.037288376936140698
10000,0,single,gaussian_matched,0.050000000000000003,43,21,0.02,0.78551936169401493,<1%,True,False,1,0.044279783424034033,0.58316633463577006,-0.053049729824654279,0.13242313254746366,1.5033155164919325,1.5387500243097052,1.5063817201668674,0.97896454678702061,,1.090127012417573,False,False,False,,-1,,,False,3,0.021635812501945281,0.044279783424034033,0.00011273858635273636,0.040156705373435943
10000,0,single,gaussian_matched,0.050000000000000003,43,21,0.050000000000000003,0.78551936169401493,<1%,True,True,4,0.044279783424034033,0.58316633463577006,-0.053049729824654279,0.13242313254746366,1.5033155164919325,1.5387500243097052,1.5063817201668674,0.97896454678702061,0.93715827210612013,1.090127012417573,True,True,False,3>4>2>1,17,0,0,True,3,0.021635812501945281,0.044279783424034033,0.00011273858635273636,0.040156705373435943
10000,0,single,gaussian_matched,0.050000000000000003,43,22,0.02,0.78551936169401493,<1%,True,False,2,0.028365355136230251,0.5640193042564442,0.057910971399201525,0.064506238349156267,1.5033155164919325,1.4562470152772491,1.4495161774215741,0.9953779559476772,,1.0071221903594683,False,False,False,,-1,,,False,3,0.014236999289654016,0.028365355136230251,0.010051704027433661,0.020833974767415348
10000,0,single,gaussian_matched,0.050000000000000003,43,22,0.050000000000000003,0.78551936169401493,<1%,True,True,4,0.028365355136230251,0.5640193042564442,0.057910971399201525,0.064506238349156267,1.5033155164919325,1.4562470152772491,1.4495161774215741,0.9953779559476772,0.95380866942374753,1.0071221903594683,True,True,False,3>4>2>1,17,0,0,True,3,0.014236999289654016,0.028365355136230251,0.010051704027433661,0.020833974767415348
10000,0,single,gaussian_matched,0.050000000000000003,43,23,0.02,0.78551936169401493,<1%,True,False,2,0.034018123572189536,0.53816702584957854,-0.0064624120686786676,0.068152225486888304,1.5033155164919325,1.5234112223092395,1.4847903213766096,0.97464840722776935,,1.0330117196470989,False,False,False,,-1,,,False,3,0.015852274493458673,0.034018123572189536,0.0043422036541586181,0.033981048385883721
10000,0,single,gaussian_matched,0.050000000000000003,43,23,0.050000000000000003,0.78551936169401493,<1%,True,True,4,0.034018123572189536,0.53816702584957854,-0.0064624120686786676,0.068152225486888304,1.5033155164919325,1.5234112223092395,1.4847903213766096,0.97464840722776935,0.93119622898155319,1.0330117196470989,True,True,False,3>4>2>1,17,0,0,True,3,0.015852274493458673,0.034018123572189536,0.0043422036541586181,0.033981048385883721
10000,0,single,gaussian_matched,0.050000000000000003,43,24,0.02,0.78551936169401493,<1%,True,False,2,0.037507197349742311,0.5382093031272458,-0.024541585147119918,0.083763946669883488,1.5033155164919325,1.538207504245527,1.4938892326594135,0.97118836602747494,,1.0494491422604586,False,False,False,,-1,,,False,3,0.016836360560300061,0.036442755672169543,0.0087088682512808189,0.037507197349742311
10000,0,single,gaussian_matched,0.050000000000000003,43,24,0.050000000000000003,0.78551936169401493,<1%,True,True,4,0.037507197349742311,0.5382093031272458,-0.024541585147119918,0.083763946669883488,1.5033155164919325,1.538207504245527,1.4938892326594135,0.97118836602747494,0.9275003623436987,1.0494491422604586,True,True,False,3>4>2>1,17,0,0,True,3,0.016836360560300061,0.036442755672169543,0.0087088682512808189,0.037507197349742311
10000,0,single,gaussian_matched,0.050000000000000003,43,25,0.02,0.78551936169401493,<1%,True,False,2,0.02639569998129454,0.49868685410397962,0.051518947572877491,0.0020078729724227057,1.5033155164919325,1.5030754321091728,1.4602188342168061,0.9714873937948485,,0.9726678738748159,False,False,False,,-1,,,False,3,0.01035135222800059,0.023471312385696309,0.006873098698590813,0.02639569998129454
10000,0,single,gaussian_matched,0.050000000000000003,43,25,0.050000000000000003,0.78551936169401493,<1%,True,True,4,0.02639569998129454,0.49868685410397962,0.051518947572877491,0.0020078729724227057,1.5033155164919325,1.5030754321091728,1.4602188342168061,0.9714873937948485,0.92777999177568171,0.9726678738748159,True,True,False,3>4>2>1,17,0,0,True,3,0.01035135222800059,0.023471312385696309,0.006873098698590813,0.02639569998129454
10000,0,single,gaussian_matched,0.050000000000000003,43,26,0.02,0.78551936169401493,<1%,True,False,2,0.033749961734498103,0.57376470437471927,0.021516978505998957,0.079072840627597632,1.5033155164919325,1.4801253472422782,1.4677683670153925,0.99165139611323538,,1.0289531310450564,False,False,False,,-1,,,False,3,0.016848086012372546,0.033749961734498103,0.01458482744372851,0.026982577361065938
10000,0,single,gaussian_matched,0.050000000000000003,43,26,0.050000000000000003,0.78551936169401493,<1%,True,True,4,0.033749961734498103,0.57376470437471927,0.021516978505998957,0.079072840627597632,1.5033155164919325,1.4801253472422782,1.4677683670153925,0.99165139611323538,0.94999122884816078,1.0289531310450564,True,True,False,3>4>2>1,17,0,0,True,3,0.016848086012372546,0.033749961734498103,0.01458482744372851,0.026982577361065938
10000,0,single,gaussian_matched,0.050000000000000003,43,27,0.02,0.78551936169401493,<1%,True,False,2,0.032513818163472021,0.52541872362252584,0.0061847402093330173,0.050654599999624836,1.5033155164919325,1.5207853642044884,1.4795013140715358,0.97285346696208641,,1.0178541346010062,False,False,False,,-1,,,False,3,0.014360725587814708,0.031348910794284091,0.0054193650028402868,0.032513818163472021
10000,0,single,gaussian_matched,0.050000000000000003,43,27,0.050000000000000003,0.78551936169401493,<1%,True,True,4,0.032513818163472021,0.52541872362252584,0.0061847402093330173,0.050654599999624836,1.5033155164919325,1.5207853642044884,1.4795013140715358,0.97285346696208641,0.92913573650904702,1.0178541346010062,True,True,False,3>4>2>1,17,0,0,True,3,0.014360725587814708,0.031348910794284091,0.0054193650028402868,0.032513818163472021
10000,0,single,gaussian_matched,0.050000000000000003,43,28,0.02,0.78551936169401493,<1%,True,False,3,0.020850539250788565,0.55368502210808246,0.11383557399976957,0.083409004949258084,1.5033155164919325,1.4199739464145351,1.4217624192377571,1.0012595110126759,,1.0012345430315346,False,False,False,,-1,,,False,3,0.010633647650844832,0.020850539250788565,0.0080741470206026605,0.011217895646180217
10000,0,single,gaussian_matched,0.050000000000000003,43,28,0.050000000000000003,0.78551936169401493,<1%,True,True,4,0.020850539250788565,0.55368502210808246,0.11383557399976957,0.083409004949258084,1.5033155164919325,1.4199739464145351,1.4217624192377571,1.0012595110126759,0.96044055652613713,1.0012345430315346,True,True,False,3>4>2>1,17,0,0,True,3,0.010633647650844832,0.020850539250788565,0.0080741470206026605,0.011217895646180217
10000,0,single,gaussian_matched,0.050000000000000003,43,29,0.02,0.78551936169401493,<1%,True,False,1,0.03847484536832789,0.48229329695958117,-0.00082987487726098041,0.053825677075161671,1.5033155164919325,1.5532411888295403,1.487313152118332,0.95755454002550044,,1.0251599296931517,False,False,False,,-1,,,False,3,0.012193911572594104,0.029448920380799576,0.021167407969949235,0.03847484536832789
10000,0,single,gaussian_matched,0.050000000000000003,43,29,0.050000000000000003,0.78551936169401493,<1%,True,True,4,0.03847484536832789,0.48229329695958117,-0.00082987487726098041,0.053825677075161671,1.5033155164919325,1.5532411888295403,1.487313152118332,0.95755454002550044,0.91235055222848427,1.0251599296931517,True,True,False,3>4>2>1,17,0,0,True,3,0.012193911572594104,0.029448920380799576,0.021167407969949235,0.03847484536832789
10000,0,single,gaussian_matched,0.050000000000000003,43,30,0.02,0.78551936169401493,<1%,True,False,2,0.026383311311421215,0.51223752839743986,0.044302344059142788,0.013498903085011478,1.5033155164919325,1.4994732279636374,1.4620059956056446,0.97501307015072536,,0.98150047844502131,False,False,False,,-1,,,False,3,0.011542250367363381,0.025406696104626928,0.0015742017742722155,0.026383311311421215
10000,0,single,gaussian_matched,0.050000000000000003,43,30,0.050000000000000003,0.78551936169401493,<1%,True,True,4,0.026383311311421215,0.51223752839743986,0.044302344059142788,0.013498903085011478,1.5033155164919325,1.4994732279636374,1.4620059956056446,0.97501307015072536,0.93153724653563086,0.98150047844502131,True,True,False,3>4>2>1,17,0,0,True,3,0.011542250367363381,0.025406696104626928,0.0015742017742722155,0.026383311311421215
10000,0,single,gaussian_matched,0.050000000000000003,43,31,0.02,0.78551936169401493,<1%,True,False,2,0.053916163438710647,0.38758469975195797,0.11913544949508562,0.13197314161125728,1.5033155164919325,1.4176789912111887,1.4493036857753969,1.0223073733618566,,1.0518595797352299,False,False,False,,-1,,,False,3,3.3688878680492861e-05,0.0077948765269332159,0.053916163438710647,0.033555853849909494
10000,0,single,gaussian_matched,0.050000000000000003,43,31,0.050000000000000003,0.78551936169401493,<1%,True,False,3,0.053916163438710647,0.38758469975195797,0.11913544949508562,0.13197314161125728,1.5033155164919325,1.4176789912111887,1.4493036857753969,1.0223073733618566,,1.0518595797352299,False,False,False,,-1,,,False,3,3.3688878680492861e-05,0.0077948765269332159,0.053916163438710647,0.033555853849909494
10000,0,single,gaussian_matched,0.050000000000000003,44,0,0.02,0.091620868101494862,<1%,True,False,2,0.077054548076514323,0.50636923789637689,0.076394009378440264,0.027151628357242885,1.7173356718905621,1.6951574939615504,1.5755664038298223,0.92945133973820571,,0.93325845285836406,False,False,False,,-1,,,False,5,0.077054548076514323,0.0094623970257886967,0.0056575378191809824,0.055004059258585897
10000,0,single,gaussian_matched,0.050000000000000003,44,0,0.050000000000000003,0.091620868101494862,<1%,True,False,2,0.077054548076514323,0.50636923789637689,0.076394009378440264,0.027151628357242885,1.7173356718905621,1.6951574939615504,1.5755664038298223,0.92945133973820571,,0.93325845285836406,False,False,False,,-1,,,False,5,0.077054548076514323,0.0094623970257886967,0.0056575378191809824,0.055004059258585897
10000,0,single,gaussian_matched,0.050000000000000003,44,1,0.02,0.091620868101494862,<1%,True,False,2,0.061045665320142203,0.53646772047210423,0.020279072530703282,0.047044958986768456,1.7173356718905621,1.7129940703361637,1.6023284311216626,0.93539636760518163,,0.96042574384580659,False,False,False,,-1,,,False,5,0.061045665320142203,0.0085545967281035595,0.0058726562904141818,0.05710623343678585
10000,0,single,gaussian_matched,0.050000000000000003,44,1,0.050000000000000003,0.091620868101494862,<1%,True,False,2,0.061045665320142203,0.53646772047210423,0.020279072530703282,0.047044958986768456,1.7173356718905621,1.7129940703361637,1.6023284311216626,0.93539636760518163,,0.96042574384580659,False,False,False,,-1,,,False,5,0.061045665320142203,0.0085545967281035595,0.0058726562904141818,0.05710623343678585
10000,0,single,gaussian_matched,0.050000000000000003,44,2,0.02,0.091620868101494862,<1%,True,False,1,0.073237574102554298,0.46646436043548001,0.14703182818517799,0.10266360018019677,1.7173356718905621,1.6773507638327707,1.5164019925608387,0.90404584733120363,,0.94277759394507654,False,False,False,,-1,,,False,5,0.037810486183395088,0.014042867140940503,0.04919184145663745,0.073237574102554298
10000,0,single,gaussian_matched,0.050000000000000003,44,2,0.050000000000000003,0.091620868101494862,<1%,True,False,3,0.073237574102554298,0.46646436043548001,0.14703182818517799,0.10266360018019677,1.7173356718905621,1.6773507638327707,1.5164019925608387,0.90404584733120363,,0.94277759394507654,False,False,False,,-1,,,False,5,0.037810486183395088,0.014042867140940503,0.04919184145663745,0.073237574102554298
10000,0,single,gaussian_matched,0.050000000000000003,44,3,0.02,0.091620868101494862,<1%,True,False,2,0.07525354119169983,0.50581162557418735,0.067728703112746952,0.01865695328488743,1.7173356718905621,1.7012123918232469,1.5824835021426216,0.93020924944393357,,0.93233983410177623,False,False,False,,-1,,,False,5,0.07525354119169983,0.0092643585109355962,0.0021512031910441119,0.052415062489787792
10000,0,single,gaussian_matched,0.050000000000000003,44,3,0.050000000000000003,0.091620868101494862,<1%,True,False,2,0.07525354119169983,0.50581162557418735,0.067728703112746952,0.01865695328488743,1.7173356718905621,1.7012123918232469,1.5824835021426216,0.93020924944393357,,0.93233983410177623,False,False,False,,-1,,,False,5,0.07525354119169983,0.0092643585109355962,0.0021512031910441119,0.052415062489787792
10000,0,single,gaussian_matched,0.050000000000000003,44,4,0.02,0.091620868101494862,<1%,True,False,1,0.084062590471959533,0.45111700767898416,0.062718166983818185,0.050510382196977843,1.7173356718905621,1.7253596786027774,1.6024929762805069,0.92878777460374529,,0.96253946478485719,False,False,False,,-1,,,False,5,0.084062590471959533,0.013597396967006889,0.028256755168995732,0.028849318699782973
10000,0,single,gaussian_matched,0.050000000000000003,44,4,0.050000000000000003,0.091620868101494862,<1%,True,False,3,0.084062590471959533,0.45111700767898416,0.062718166983818185,0.050510382196977843,1.7173356718905621,1.7253596786027774,1.6024929762805069,0.92878777460374529,,0.96253946478485719,False,False,False,,-1,,,False,5,0.084062590471959533,0.013597396967006889,0.028256755168995732,0.028849318699782973
10000,0,single,gaussian_matched,0.050000000000000003,44,5,0.02,0.091620868101494862,<1%,True,False,2,0.06153680986186353,0.54997155597113423,0.014011159219115901,0.061582083976819323,1.7173356718905621,1.7090587799586316,1.6021527678203558,0.93744743399588426,,0.96878838483895258,False,False,False,,-1,,,False,5,0.057076725087031155,0.0081703972819067803,0.0059716795976818724,0.06153680986186353
10000,0,single,gaussian_matched,0.050000000000000003,44,5,0.050000000000000003,0.091620868101494862,<1%,True,False,2,0.06153680986186353,0.54997155597113423,0.014011159219115901,0.061582083976819323,1.7173356718905621,1.7090587799586316,1.6021527678203558,0.93744743399588426,,0.96878838483895258,False,False,False,,-1,,,False,5,0.057076725087031155,0.0081703972819067803,0.0059716795976818724,0.06153680986186353
10000,0,single,gaussian_matched,0.050000000000000003,44,6,0.02,0.091620868101494862,<1%,True,False,1,0.073752712369669987,0.47078761384683437,0.097373489023004689,0.055656185343359713,1.7173356718905621,1.7107309065158389,1.5729691738181604,0.91947200335659385,,0.94834422053821099,False,False,False,,-1,,,False,5,0.073752712369669987,0.010322494981214229,0.026174845541169615,0.045974417557955102
10000,0,single,gaussian_matched,0.050000000000000003,44,6,0.050000000000000003,0.091620868101494862,<1%,True,False,3,0.073752712369669987,0.47078761384683437,0.097373489023004689,0.055656185343359713,1.7173356718905621,1.7107309065158389,1.5729691738181604,0.91947200335659385,,0.94834422053821099,False,False,False,,-1,,,False,5,0.073752712369669987,0.010322494981214229,0.026174845541169615,0.045974417557955102
10000,0,single,gaussian_matched,0.050000000000000003,44,7,0.02,0.091620868101494862,<1%,True,False,1,0.10884410214416118,0.38837175537655944,-0.00014499130002511296,0.12237395617610097,1.7173356718905621,1.7411993388713125,1.633572778228388,0.93818826010312484,,1.0224831191396735,False,False,False,,-1,,,False,5,0.10884410214416118,0.029396918138632128,0.077115069818480694,0.00045351178003691725
10000,0,single,gaussian_matched,0.050000000000000003,44,7,0.050000000000000003,0.091620868101494862,<1%,True,False,2,0.10884410214416118,0.38837175537655944,-0.00014499130002511296,0.12237395617610097,1.7173356718905621,1.7411993388713125,1.633572778228388,0.93818826010312484,,1.0224831191396735,False,False,False,,-1,,,False,5,0.10884410214416118,0.029396918138632128,0.077115069818480694,0.00045351178003691725
10000,0,single,gaussian_matched,0.050000000000000003,44,8,0.02,0.091620868101494862,<1%,True,False,1,0.066685437239935183,0.48597253877861513,0.12276605079557423,0.074105788010799437,1.7173356718905621,1.6840034340264867,1.5374453327448554,0.91297042611652646,,0.9384019368686074,False,False,False,,-1,,,False,5,0.052350747132826517,0.011862584920213878,0.032198605149014334,0.066685437239935183
10000,0,single,gaussian_matched,0.050000000000000003,44,8,0.050000000000000003,0.091620868101494862,<1%,True,False,2,0.066685437239935183,0.48597253877861513,0.12276605079557423,0.074105788010799437,1.7173356718905621,1.6840034340264867,1.5374453327448554,0.91297042611652646,,0.9384019368686074,False,False,False,,-1,,,False,5,0.052350747132826517,0.011862584920213878,0.032198605149014334,0.066685437239935183
10000,0,single,gaussian_matched,0.050000000000000003,44,9,0.02,0.091620868101494862,<1%,True,False,2,0.071307545557929466,0.50772477577812225,0.049103598192795465,0.0077766121815494808,1.7173356718905621,1.7122665530637422,1.5941091232898574,0.93099355380009796,,0.93277380869165782,False,False,False,,-1,,,False,5,0.071307545557929466,0.0092541358235403333,0.00081052924415431064,0.049582897613292834
10000,0,single,gaussian_matched,0.050000000000000003,44,9,0.050000000000000003,0.091620868101494862,<1%,True,False,3,0.071307545557929466,0.50772477577812225,0.049103598192795465,0.0077766121815494808,1.7173356718905621,1.7122665530637422,1.5941091232898574,0.93099355380009796,,0.93277380869165782,False,False,False,,-1,,,False,5,0.071307545557929466,0.0092541358235403333,0.00081052924415431064,0.049582897613292834
10000,0,single,gaussian_matched,0.050000000000000003,44,10,0.02,0.091620868101494862,<1%,True,False,1,0.067430752422080936,0.48872105640147073,-0.0048864069753693368,0.056033313656829863,1.7173356718905621,1.7637915515059759,1.6223649887450109,0.91981673648441564,,0.97732687317566957,False,False,False,,-1,,,False,5,0.067430752422080936,0.015499831290521796,0.029469203731000426,0.038953417052301119
10000,0,single,gaussian_matched,0.050000000000000003,44,10,0.050000000000000003,0.091620868101494862,<1%,True,False,3,0.067430752422080936,0.48872105640147073,-0.0048864069753693368,0.056033313656829863,1.7173356718905621,1.7637915515059759,1.6223649887450109,0.91981673648441564,,0.97732687317566957,False,False,False,,-1,,,False,5,0.067430752422080936,0.015499831290521796,0.029469203731000426,0.038953417052301119
10000,0,single,gaussian_matched,0.050000000000000003,44,11,0.02,0.091620868101494862,<1%,True,False,2,0.082578018088844615,0.56692794389538959,0.074343096202501791,0.071217525980538474,1.7173356718905621,1.652487608171064,1.5501270330823571,0.9380566761393162,,0.94410462998069977,False,False,False,,-1,,,False,5,0.066319015827555047,0.010302227612838418,0.015431468224275869,0.082578018088844615
10000,0,single,gaussian_matched,0.050000000000000003,44,11,0.050000000000000003,0.091620868101494862,<1%,True,False,2,0.082578018088844615,0.56692794389538959,0.074343096202501791,0.071217525980538474,1.7173356718905621,1.652487608171064,1.5501270330823571,0.9380566761393162,,0.94410462998069977,False,False,False,,-1,,,False,5,0.066319015827555047,0.010302227612838418,0.015431468224275869,0.082578018088844615
10000,0,single,gaussian_matched,0.050000000000000003,44,12,0.02,0.091620868101494862,<1%,True,False,0,0.061696349097916894,0.49532598399801286,-0.0437309418896491,0.093847407492735818,1.7173356718905621,1.7883802262498125,1.6335888362531426,0.9134460403192538,,1.0058815361613009,False,False,False,,-1,,,False,5,0.061696349097916894,0.020268417218507057,0.045379882004273668,0.041630908368167109
10000,0,single,gaussian_matched,0.050000000000000003,44,12,0.050000000000000003,0.091620868101494862,<1%,True,False,3,0.061696349097916894,0.49532598399801286,-0.0437309418896491,0.093847407492735818,1.7173356718905621,1.7883802262498125,1.6335888362531426,0.9134460403192538,,1.0058815361613009,False,False,False,,-1,,,False,5,0.061696349097916894,0.020268417218507057,0.045379882004273668,0.041630908368167109
10000,0,single,gaussian_matched,0.050000000000000003,44,13,0.02,0.091620868101494862,<1%,True,False,1,0.059163664729231395,0.44642677781500462,0.14418840003369227,0.10835840916232446,1.7173356718905621,1.6639040387269328,1.5346495039914487,0.92231851613607607,,0.95671914352366316,False,False,False,,-1,,,False,5,0.045412031894491403,0.013135111198837167,0.054146752957348825,0.059163664729231395
10000,0,single,gaussian_matched,0.050000000000000003,44,13,0.050000000000000003,0.091620868101494862,<1%,True,False,2,0.059163664729231395,0.44642677781500462,0.14418840003369227,0.10835840916232446,1.7173356718905621,1.6639040387269328,1.5346495039914487,0.92231851613607607,,0.95671914352366316,False,False,False,,-1,,,False,5,0.045412031894491403,0.013135111198837167,0.054146752957348825,0.059163664729231395
10000,0,single,gaussian_matched,0.050000000000000003,44,14,0.02,0.091620868101494862,<1%,True,False,1,0.092367073383800069,0.60618263433444253,0.049337780741587463,0.10618469931467596,1.7173356718905621,1.6467983781657587,1.5580584622014584,0.94611367296636473,,0.96908437223808441,False,False,False,,-1,,,False,5,0.050753011972207177,0.0092324613666638199,0.023904867342846657,0.092367073383800069
10000,0,single,gaussian_matched,0.050000000000000003,44,14,0.050000000000000003,0.091620868101494862,<1%,True,False,2,0.092367073383800069,0.60618263433444253,0.049337780741587463,0.10618469931467596,1.7173356718905621,1.6467983781657587,1.5580584622014584,0.94611367296636473,,0.96908437223808441,False,False,False,,-1,,,False,5,0.050753011972207177,0.0092324613666638199,0.023904867342846657,0.092367073383800069
10000,0,single,gaussian_matched,0.050000000000000003,44,15,0.02,0.091620868101494862,<1%,True,False,2,0.073898575265121683,0.4903314073322726,0.047024062048677637,0.010116219198126981,1.7173356718905621,1.7265119630926549,1.6000694847436587,0.92676420375187951,,0.9376068582848347,False,False,False,,-1,,,False,5,0.073898575265121683,0.010554642769374846,0.0088486128247780311,0.0425288882235609
10000,0,single,gaussian_matched,0.050000000000000003,44,15,0.050000000000000003,0.091620868101494862,<1%,True,False,3,0.073898575265121683,0.4903314073322726,0.047024062048677637,0.010116219198126981,1.7173356718905621,1.7265119630926549,1.6000694847436587,0.92676420375187951,,0.9376068582848347,False,False,False,,-1,,,False,5,0.073898575265121683,0.010554642769374846,0.0088486128247780311,0.0425288882235609
10000,0,single,gaussian_matched,0.050000000000000003,44,16,0.02,0.091620868101494862,<1%,True,False,1,0.056198013948848304,0.51758444343730303,-0.046144562330744307,0.097739395930044951,1.7173356718905621,1.7763172359017403,1.6313333063940645,0.918379483924742,,1.0068344416444961,False,False,False,,-1,,,False,5,0.056198013948848304,0.017739119132824461,0.04164821640633707,0.049039079052161469
10000,0,single,gaussian_matched,0.050000000000000003,44,16,0.050000000000000003,0.091620868101494862,<1%,True,False,3,0.056198013948848304,0.51758444343730303,-0.046144562330744307,0.097739395930044951,1.7173356718905621,1.7763172359017403,1.6313333063940645,0.918379483924742,,1.0068344416444961,False,False,False,,-1,,,False,5,0.056198013948848304,0.017739119132824461,0.04164821640633707,0.049039079052161469
10000,0,single,gaussian_matched,0.050000000000000003,44,17,0.02,0.091620868101494862,<1%,True,False,0,0.080176742350703184,0.43991993219727871,-0.013631139590073588,0.08751306458301536,1.7173356718905621,1.7795534873396059,1.6331962173549166,0.917756183769733,,1.0019644441692963,False,False,False,,-1,,,False,5,0.080176742350703184,0.023078047858264856,0.05092960535834623,0.021312172561866034
10000,0,single,gaussian_matched,0.050000000000000003,44,17,0.050000000000000003,0.091620868101494862,<1%,True,False,2,0.080176742350703184,0.43991993219727871,-0.013631139590073588,0.08751306458301536,1.7173356718905621,1.7795534873396059,1.6331962173549166,0.917756183769733,,1.0019644441692963,False,False,False,,-1,,,False,5,0.080176742350703184,0.023078047858264856,0.05092960535834623,0.021312172561866034
10000,0,single,gaussian_matched,0.050000000000000003,44,18,0.02,0.091620868101494862,<1%,True,False,2,0.062401334232040938,0.53012631739186478,0.020668080642046446,0.042047074723657825,1.7173356718905621,1.7169110507058174,1.6037066625190703,0.93406508267262356,,0.95831802959695611,False,False,False,,-1,,,False,5,0.062401334232040938,0.0088504468907173763,0.0070710667591113198,0.054806229550738307
10000,0,single,gaussian_matched,0.050000000000000003,44,18,0.050000000000000003,0.091620868101494862,<1%,True,False,2,0.062401334232040938,0.53012631739186478,0.020668080642046446,0.042047074723657825,1.7173356718905621,1.7169110507058174,1.6037066625190703,0.93406508267262356,,0.95831802959695611,False,False,False,,-1,,,False,5,0.062401334232040938,0.0088504468907173763,0.0070710667591113198,0.054806229550738307
10000,0,single,gaussian_matched,0.050000000000000003,44,19,0.02,0.091620868101494862,<1%,True,False,2,0.074911210146459961,0.47490137105608277,0.032910304346575631,0.030364434333461768,1.7173356718905621,1.7474216646118952,1.6103675418720795,0.92156780156994589,,0.95539387148425658,False,False,False,,-1,,,False,5,0.074911210146459961,0.013372710535012568,0.019852289806034134,0.035326980747188069
10000,0,single,gaussian_matched,0.050000000000000003,44,19,0.050000000000000003,0.091620868101494862,<1%,True,False,3,0.074911210146459961,0.47490137105608277,0.032910304346575631,0.030364434333461768,1.7173356718905621,1.7474216646118952,1.6103675418720795,0.92156780156994589,,0.95539387148425658,False,False,False,,-1,,,False,5,0.074911210146459961,0.013372710535012568,0.019852289806034134,0.035326980747188069
10000,0,single,gaussian_matched,0.050000000000000003,44,20,0.02,0.091620868101494862,<1%,True,False,2,0.06931264077489295,0.55700083130176992,0.048069575510914488,0.057033510393459864,1.7173356718905621,1.6785713687810062,1.5785866592702367,0.94043463902081248,,0.95241728011338189,False,False,False,,-1,,,False,5,0.062412486985327677,0.0088894912297388193,0.012000166846384004,0.06931264077489295
10000,0,single,gaussian_matched,0.050000000000000003,44,20,0.050000000000000003,0.091620868101494862,<1%,True,False,2,0.06931264077489295,0.55700083130176992,0.048069575510914488,0.057033510393459864,1.7173356718905621,1.6785713687810062,1.5785866592702367,0.94043463902081248,,0.95241728011338189,False,False,False,,-1,,,False,5,0.062412486985327677,0.0088894912297388193,0.012000166846384004,0.06931264077489295
10000,0,single,gaussian_matched,0.050000000000000003,44,21,0.02,0.091620868101494862,<1%,True,False,2,0.075714407530918931,0.47595517392383346,0.040773243204659242,0.025754353068820523,1.7173356718905621,1.7414300793092288,1.606663717473344,0.92261167218993811,,0.95055270630061828,False,False,False,,-1,,,False,5,0.075714407530918931,0.012540572170964458,0.017224255575225923,0.036341394713630959
10000,0,single,gaussian_matched,0.050000000000000003,44,21,0.050000000000000003,0.091620868101494862,<1%,True,False,3,0.075714407530918931,0.47595517392383346,0.040773243204659242,0.025754353068820523,1.7173356718905621,1.7414300793092288,1.606663717473344,0.92261167218993811,,0.95055270630061828,False,False,False,,-1,,,False,5,0.075714407530918931,0.012540572170964458,0.017224255575225923,0.036341394713630959
10000,0,single,gaussian_matched,0.050000000000000003,44,22,0.02,0.091620868101494862,<1%,True,False,2,0.069069276592801931,0.49953287869866242,0.026078053538525214,0.023926506740764089,1.7173356718905621,1.734127638825254,1.6080917350501482,0.92732028430128366,,0.95031988708082538,False,False,False,,-1,,,False,5,0.069069276592801931,0.011009818500735093,0.012875780490749411,0.044007308903559444
10000,0,single,gaussian_matched,0.050000000000000003,44,22,0.050000000000000003,0.091620868101494862,<1%,True,False,3,0.069069276592801931,0.49953287869866242,0.026078053538525214,0.023926506740764089,1.7173356718905621,1.734127638825254,1.6080917350501482,0.92732028430128366,,0.95031988708082538,False,False,False,,-1,,,False,5,0.069069276592801931,0.011009818500735093,0.012875780490749411,0.044007308903559444
10000,0,single,gaussian_matched,0.050000000000000003,44,23,0.02,0.091620868101494862,<1%,True,False,1,0.064583137572268412,0.45437014973480372,0.14523311977908265,0.10560033303963268,1.7173356718905621,1.6692136295526707,1.5278027441608431,0.91528293150246798,,0.95112627306128938,False,False,False,,-1,,,False,5,0.042526293876229374,0.013456815497263911,0.052077142819737056,0.064583137572268412
10000,0,single,gaussian_matched,0.050000000000000003,44,23,0.050000000000000003,0.091620868101494862,<1%,True,False,2,0.064583137572268412,0.45437014973480372,0.14523311977908265,0.10560033303963268,1.7173356718905621,1.6692136295526707,1.5278027441608431,0.91528293150246798,,0.95112627306128938,False,False,False,,-1,,,False,5,0.042526293876229374,0.013456815497263911,0.052077142819737056,0.064583137572268412
10000,0,single,gaussian_matched,0.050000000000000003,44,24,0.02,0.091620868101494862,<1%,True,False,1,0.1006573981342338,0.40022121803850486,0.01091297541333823,0.10716156410186392,1.7173356718905621,1.7375605189046706,1.6305305450312693,0.93840216055273218,,1.0118534993337449,False,False,False,,-1,,,False,5,0.1006573981342338,0.025428001219447521,0.065964333329639094,0.0048237067030375991
10000,0,single,gaussian_matched,0.050000000000000003,44,24,0.050000000000000003,0.091620868101494862,<1%,True,False,2,0.1006573981342338,0.40022121803850486,0.01091297541333823,0.10716156410186392,1.7173356718905621,1.7375605189046706,1.6305305450312693,0.93840216055273218,,1.0118534993337449,False,False,False,,-1,,,False,5,0.1006573981342338,0.025428001219447521,0.065964333329639094,0.0048237067030375991
10000,0,single,gaussian_matched,0.050000000000000003,44,25,0.02,0.091620868101494862,<1%,True,False,2,0.07504899501797381,0.49214882317582809,0.05578981485387341,0.0097551490796679938,1.7173356718905621,1.7193564379929314,1.5947307749016448,0.92751609826943926,,0.93428789155412084,False,False,False,,-1,,,False,5,0.07504899501797381,0.0099899910595993447,0.0063454749543106273,0.04446875172200615
10000,0,single,gaussian_matched,0.050000000000000003,44,25,0.050000000000000003,0.091620868101494862,<1%,True,False,3,0.07504899501797381,0.49214882317582809,0.05578981485387341,0.0097551490796679938,1.7173356718905621,1.7193564379929314,1.5947307749016448,0.92751609826943926,,0.93428789155412084,False,False,False,,-1,,,False,5,0.07504899501797381,0.0099899910595993447,0.0063454749543106273,0.04446875172200615
10000,0,single,gaussian_matched,0.050000000000000003,44,26,0.02,0.091620868101494862,<1%,True,False,0,0.055147437588686149,0.51209818576901645,-0.067494303442225054,0.11811552582228675,1.7173356718905621,1.7966469141574954,1.6373065290328945,0.9113123542143946,,1.0221775996318128,False,False,False,,-1,,,False,5,0.055147437588686149,0.023095728740512373,0.053001355103887218,0.047996569530591081
10000,0,single,gaussian_matched,0.050000000000000003,44,26,0.050000000000000003,0.091620868101494862,<1%,True,False,2,0.055147437588686149,0.51209818576901645,-0.067494303442225054,0.11811552582228675,1.7173356718905621,1.7966469141574954,1.6373065290328945,0.9113123542143946,,1.0221775996318128,False,False,False,,-1,,,False,5,0.055147437588686149,0.023095728740512373,0.053001355103887218,0.047996569530591081
10000,0,single,gaussian_matched,0.050000000000000003,44,27,0.02,0.091620868101494862,<1%,True,False,2,0.07220755638442676,0.56693196642505184,0.042220259819081125,0.067382582963306403,1.7173356718905621,1.6765099063477202,1.5795123334939301,0.94214315555993366,,0.95898253522226107,False,False,False,,-1,,,False,5,0.05910380472573757,0.0087187232255597578,0.01137967511762511,0.07220755638442676
10000,0,single,gaussian_matched,0.050000000000000003,44,27,0.050000000000000003,0.091620868101494862,<1%,True,False,2,0.07220755638442676,0.56693196642505184,0.042220259819081125,0.067382582963306403,1.7173356718905621,1.6765099063477202,1.5795123334939301,0.94214315555993366,,0.95898253522226107,False,False,False,,-1,,,False,5,0.05910380472573757,0.0087187232255597578,0.01137967511762511,0.07220755638442676
10000,0,single,gaussian_matched,0.050000000000000003,44,28,0.02,0.091620868101494862,<1%,True,False,1,0.069923125513781617,0.48209414804707829,0.0039976645653794149,0.049364302887808506,1.7173356718905621,1.7620609306534405,1.6203079296860656,0.91955272459573378,,0.9722457058938182,False,False,False,,-1,,,False,5,0.069923125513781617,0.015388222237977178,0.027809185559861942,0.03674559580769108
10000,0,single,gaussian_matched,0.050000000000000003,44,28,0.050000000000000003,0.091620868101494862,<1%,True,False,3,0.069923125513781617,0.48209414804707829,0.0039976645653794149,0.049364302887808506,1.7173356718905621,1.7620609306534405,1.6203079296860656,0.91955272459573378,,0.9722457058938182,False,False,False,,-1,,,False,5,0.069923125513781617,0.015388222237977178,0.027809185559861942,0.03674559580769108
10000,0,single,gaussian_matched,0.050000000000000003,44,29,0.02,0.091620868101494862,<1%,True,False,2,0.071989959920040036,0.50099557441558151,0.091026964180953879,0.041039041878706585,1.7173356718905621,1.6901237331486212,1.5649514599825862,0.92593898854207268,,0.93516400325703775,False,False,False,,-1,,,False,5,0.071989959920040036,0.010026823473773445,0.013636237588737572,0.057692497396339852
10000,0,single,gaussian_matched,0.050000000000000003,44,29,0.050000000000000003,0.091620868101494862,<1%,True,False,2,0.071989959920040036,0.50099557441558151,0.091026964180953879,0.041039041878706585,1.7173356718905621,1.6901237331486212,1.5649514599825862,0.92593898854207268,,0.93516400325703775,False,False,False,,-1,,,False,5,0.071989959920040036,0.010026823473773445,0.013636237588737572,0.057692497396339852
10000,0,single,gaussian_matched,0.050000000000000003,44,30,0.02,0.091620868101494862,<1%,True,False,1,0.075417149026911351,0.50083879332237524,0.12345314808408758,0.073457937200145776,1.7173356718905621,1.6712094760590541,1.5267801959822216,0.91357799118192118,,0.9318144142552599,False,False,False,,-1,,,False,5,0.048162489794054845,0.012211248526831083,0.027839202978431343,0.075417149026911351
10000,0,single,gaussian_matched,0.050000000000000003,44,30,0.050000000000000003,0.091620868101494862,<1%,True,False,3,0.075417149026911351,0.50083879332237524,0.12345314808408758,0.073457937200145776,1.7173356718905621,1.6712094760590541,1.5267801959822216,0.91357799118192118,,0.9318144142552599,False,False,False,,-1,,,False,5,0.048162489794054845,0.012211248526831083,0.027839202978431343,0.075417149026911351
10000,0,single,gaussian_matched,0.050000000000000003,44,31,0.02,0.091620868101494862,<1%,True,False,2,0.066705179469502079,0.55434227300010286,0.040791213857075674,0.055117006241665767,1.7173356718905621,1.6857866886644945,1.5848312537205516,0.94011375482866022,,0.9549375155975468,False,False,False,,-1,,,False,5,0.061345336296405872,0.0085071415628368858,0.0078942133004533347,0.066705179469502079
10000,0,single,gaussian_matched,0.050000000000000003,44,31,0.050000000000000003,0.091620868101494862,<1%,True,False,2,0.066705179469502079,0.55434227300010286,0.040791213857075674,0.055117006241665767,1.7173356718905621,1.6857866886644945,1.5848312537205516,0.94011375482866022,,0.9549375155975468,False,False,False,,-1,,,False,5,0.061345336296405872,0.0085071415628368858,0.0078942133004533347,0.066705179469502079
10000,0,single,gaussian_matched,0.050000000000000003,45,0,0.02,15.652808162483577,>=10%,True,True,4,0.019141094013493322,0.46887447566394952,0.043066316849872208,0.031888465425925355,0.75872173985932789,0.75647229191497578,0.78317109397335893,1.0352938268112852,1.0057772725933956,1.0742535986255011,True,True,False,4>2>1>3,20,0,0,True,1,0.0069110123263247548,0.019141094013493322,0.004784104858094964,0.0030051757963155726
10000,0,single,gaussian_matched,0.050000000000000003,45,0,0.050000000000000003,15.652808162483577,>=10%,True,True,4,0.019141094013493322,0.46887447566394952,0.043066316849872208,0.031888465425925355,0.75872173985932789,0.75647229191497578,0.78317109397335893,1.0352938268112852,0.96566592200017909,1.0742535986255011,True,True,False,4>2>1>3,20,0,0,True,1,0.0069110123263247548,0.019141094013493322,0.004784104858094964,0.0030051757963155726
10000,0,single,gaussian_matched,0.050000000000000003,45,1,0.02,15.652808162483577,>=10%,True,False,3,0.025361444150913324,0.47701431037356612,0.032113538999677435,0.029125030724770237,0.75872173985932789,0.76892480347505199,0.78830971896746038,1.0252104177219943,,1.0773841142917409,False,False,False,,-1,,,False,1,0.0063716231216537468,0.025361444150913324,0.0045570693944298711,0.0082672091324834211
10000,0,single,gaussian_matched,0.050000000000000003,45,1,0.050000000000000003,15.652808162483577,>=10%,True,True,4,0.025361444150913324,0.47701431037356612,0.032113538999677435,0.029125030724770237,0.75872173985932789,0.76892480347505199,0.78830971896746038,1.0252104177219943,0.95856389211579396,1.0773841142917409,True,True,False,4>2>1>3,20,0,0,True,1,0.0063716231216537468,0.025361444150913324,0.0045570693944298711,0.0082672091324834211
10000,0,single,gaussian_matched,0.050000000000000003,45,2,0.02,15.652808162483577,>=10%,True,False,1,0.090232648766172277,0.48721306649978524,0.21232771888067331,0.16283056833820184,0.75872173985932789,0.63002778831665585,0.7048689591310402,1.1187902695758059,,1.1436334058783124,False,False,False,,-1,,,False,1,0.038217513987329969,0.090232648766172277,0.0095594102391442139,0.046218142393566176
10000,0,single,gaussian_matched,0.050000000000000003,45,2,0.050000000000000003,15.652808162483577,>=10%,True,False,3,0.090232648766172277,0.48721306649978524,0.21232771888067331,0.16283056833820184,0.75872173985932789,0.63002778831665585,0.7048689591310402,1.1187902695758059,,1.1436334058783124,False,False,False,,-1,,,False,1,0.038217513987329969,0.090232648766172277,0.0095594102391442139,0.046218142393566176
10000,0,single,gaussian_matched,0.050000000000000003,45,3,0.02,15.652808162483577,>=10%,True,True,4,0.0074583181895998361,0.46450939998763308,0.077828354789189091,0.045099889351425268,0.75872173985932789,0.72156824906922656,0.76533114196294194,1.060649693151225,1.0180032891802551,1.0681531696516651,True,True,False,4>2>1>3,20,0,0,True,1,0.0066348459556916442,6.9438863558927513e-05,0.0024893687741959171,0.0074583181895998361
10000,0,single,gaussian_matched,0.050000000000000003,45,3,0.050000000000000003,15.652808162483577,>=10%,True,True,4,0.0074583181895998361,0.46450939998763308,0.077828354789189091,0.045099889351425268,0.75872173985932789,0.72156824906922656,0.76533114196294194,1.060649693151225,0.97632109772615672,1.0681531696516651,True,True,False,4>2>1>3,20,0,0,True,1,0.0066348459556916442,6.9438863558927513e-05,0.0024893687741959171,0.0074583181895998361
10000,0,single,gaussian_matched,0.050000000000000003,45,4,0.02,15.652808162483577,>=10%,True,False,3,0.028391713869784035,0.53329552153536508,0.066327882405130462,0.037083574506076522,0.75872173985932789,0.75949984266035664,0.7636108218724299,1.0054127453110109,,1.0553202238899344,False,False,False,,-1,,,False,1,0.00092732519044147737,0.0033516729501529593,0.0057602278155512807,0.028391713869784035
10000,0,single,gaussian_matched,0.050000000000000003,45,4,0.050000000000000003,15.652808162483577,>=10%,True,True,4,0.028391713869784035,0.53329552153536508,0.066327882405130462,0.037083574506076522,0.75872173985932789,0.75949984266035664,0.7636108218724299,1.0054127453110109,0.91664300702501267,1.0553202238899344,True,True,False,4>2>1>3,20,0,0,True,1,0.00092732519044147737,0.0033516729501529593,0.0057602278155512807,0.028391713869784035
10000,0,single,gaussian_matched,0.050000000000000003,45,5,0.02,15.652808162483577,>=10%,True,False,3,0.025075098472374772,0.53133265263464624,0.040929931510436779,0.032619032228574346,0.75872173985932789,0.7802954453343105,0.77772695900018896,0.99670831561368256,,1.0680410862867944,False,False,False,,-1,,,False,1,0.0028190306544740337,0.015555307208741527,0.0035257218152035634,0.025075098472374772
10000,0,single,gaussian_matched,0.050000000000000003,45,5,0.050000000000000003,15.652808162483577,>=10%,True,True,4,0.025075098472374772,0.53133265263464624,0.040929931510436779,0.032619032228574346,0.75872173985932789,0.7802954453343105,0.77772695900018896,0.99670831561368256,0.91768514724251615,1.0680410862867944,True,True,False,4>2>1>3,20,0,0,True,1,0.0028190306544740337,0.015555307208741527,0.0035257218152035634,0.025075098472374772
10000,0,single,gaussian_matched,0.050000000000000003,45,6,0.02,15.652808162483577,>=10%,True,True,4,0.015522746374025608,0.42145121588681134,0.084211526761034591,0.085675784495861523,0.75872173985932789,0.71201660005788248,0.7679876582440307,1.0786092040292292,1.0408004469252852,1.1251337583896925,True,True,False,4>2>1>3,20,0,0,True,1,0.012356882679832098,0.01427610718042502,0.0070752616816861964,0.015522746374025608
10000,0,single,gaussian_matched,0.050000000000000003,45,6,0.050000000000000003,15.652808162483577,>=10%,True,True,4,0.015522746374025608,0.42145121588681134,0.084211526761034591,0.085675784495861523,0.75872173985932789,0.71201660005788248,0.7679876582440307,1.0786092040292292,0.99760876098263152,1.1251337583896925,True,True,False,4>2>1>3,20,0,0,True,1,0.012356882679832098,0.01427610718042502,0.0070752616816861964,0.015522746374025608
10000,0,single,gaussian_matched,0.050000000000000003,45,7,0.02,15.652808162483577,>=10%,True,False,2,0.050563826007688599,0.5223135964591139,-0.03760486664503189,0.090401931654329165,0.75872173985932789,0.84863487549349259,0.82527754801601017,0.97247658780945123,,1.2068712830610502,False,False,False,,-1,,,False,1,0.0022203015975113898,0.050563826007688599,0.0060190789657486865,0.049047822949252008
10000,0,single,gaussian_matched,0.050000000000000003,45,7,0.050000000000000003,15.652808162483577,>=10%,True,False,3,0.050563826007688599,0.5223135964591139,-0.03760486664503189,0.090401931654329165,0.75872173985932789,0.84863487549349259,0.82527754801601017,0.97247658780945123,,1.2068712830610502,False,False,False,,-1,,,False,1,0.0022203015975113898,0.050563826007688599,0.0060190789657486865,0.049047822949252008
10000,0,single,gaussian_matched,0.050000000000000003,45,8,0.02,15.652808162483577,>=10%,True,False,3,0.03280412546293536,0.52232484766711784,0.10472625673327098,0.059104669861153133,0.75872173985932789,0.72180585209378267,0.74513960497130882,1.0323269100823174,,1.0599989859017014,False,False,False,,-1,,,False,1,0.0058589372023309027,0.0145867174443421,0.0074072400411414616,0.03280412546293536
10000,0,single,gaussian_matched,0.050000000000000003,45,8,0.050000000000000003,15.652808162483577,>=10%,True,True,4,0.03280412546293536,0.52232484766711784,0.10472625673327098,0.059104669861153133,0.75872173985932789,0.72180585209378267,0.74513960497130882,1.0323269100823174,0.92883620064692685,1.0599989859017014,True,True,False,4>2>1>3,20,0,0,True,1,0.0058589372023309027,0.0145867174443421,0.0074072400411414616,0.03280412546293536
10000,0,single,gaussian_matched,0.050000000000000003,45,9,0.02,15.652808162483577,>=10%,True,True,4,0.011614506316238013,0.49128238038078609,0.092547049005006987,0.043430959819692784,0.75872173985932789,0.71614858118365765,0.75457249883593547,1.0536535555076718,1.0010032452991018,1.0517735511356028,True,True,False,4>2>1>3,20,0,0,True,1,0.005670608868943194,0.0058667208938400555,0.0021509568603137294,0.011614506316238013
10000,0,single,gaussian_matched,0.050000000000000003,45,9,0.050000000000000003,15.652808162483577,>=10%,True,True,4,0.011614506316238013,0.49128238038078609,0.092547049005006987,0.043430959819692784,0.75872173985932789,0.71614858118365765,0.75457249883593547,1.0536535555076718,0.95898522127424579,1.0517735511356028,True,True,False,4>2>1>3,20,0,0,True,1,0.005670608868943194,0.0058667208938400555,0.0021509568603137294,0.011614506316238013
10000,0,single,gaussian_matched,0.050000000000000003,45,10,0.02,15.652808162483577,>=10%,True,False,2,0.035164560884834856,0.53255367137519993,0.0010609783515389201,0.058777286088361157,0.75872173985932789,0.81651207378317625,0.80068322928461855,0.98061407172435633,,1.1327743363888974,False,False,False,,-1,,,False,1,0.0015299618800936456,0.033066103968859409,0.0010521085692656081,0.035164560884834856
10000,0,single,gaussian_matched,0.050000000000000003,45,10,0.050000000000000003,15.652808162483577,>=10%,True,True,4,0.035164560884834856,0.53255367137519993,0.0010609783515389201,0.058777286088361157,0.75872173985932789,0.81651207378317625,0.80068322928461855,0.98061407172435633,0.91479806926574037,1.1327743363888974,True,True,False,4>2>1>3,20,0,0,True,1,0.0015299618800936456,0.033066103968859409,0.0010521085692656081,0.035164560884834856
10000,0,single,gaussian_matched,0.050000000000000003,45,11,0.02,15.652808162483577,>=10%,True,True,4,0.018781881451067097,0.50769543605113654,0.084413253542907546,0.035263178464590657,0.75872173985932789,0.73080337421034958,0.75685591919455619,1.0356491854082599,0.98409236588432236,1.0440179265273342,True,True,False,4>2>1>3,20,0,0,True,1,0.0032941437785030466,0.0019713040752673068,0.0036271769988288649,0.018781881451067097
10000,0,single,gaussian_matched,0.050000000000000003,45,11,0.050000000000000003,15.652808162483577,>=10%,True,True,4,0.018781881451067097,0.50769543605113654,0.084413253542907546,0.035263178464590657,0.75872173985932789,0.73080337421034958,0.75685591919455619,1.0356491854082599,0.94272358515534205,1.0440179265273342,True,True,False,4>2>1>3,20,0,0,True,1,0.0032941437785030466,0.0019713040752673068,0.0036271769988288649,0.018781881451067097
10000,0,single,gaussian_matched,0.050000000000000003,45,12,0.02,15.652808162483577,>=10%,True,False,3,0.024796134837085891,0.48827538661085274,0.032434162163013765,0.021119309127911087,0.75872173985932789,0.77151404535961154,0.78697635315169434,1.0200415117327846,,1.0650751386528501,False,False,False,,-1,,,False,1,0.0044341005003592096,0.024796134837085891,0.0030851968593584253,0.0079113353830931547
10000,0,single,gaussian_matched,0.050000000000000003,45,12,0.050000000000000003,15.652808162483577,>=10%,True,True,4,0.024796134837085891,0.48827538661085274,0.032434162163013765,0.021119309127911087,0.75872173985932789,0.77151404535961154,0.78697635315169434,1.0200415117327846,0.951314553836895,1.0650751386528501,True,True,False,4>2>1>3,20,0,0,True,1,0.0044341005003592096,0.024796134837085891,0.0030851968593584253,0.0079113353830931547
10000,0,single,gaussian_matched,0.050000000000000003,45,13,0.02,15.652808162483577,>=10%,True,True,4,0.013051386833896299,0.43919053101158756,0.040295607071286925,0.061578947382750472,0.75872173985932789,0.75564813440589707,0.78818388163586428,1.0430567426141366,1.0209961977229405,1.1199927251012558,True,True,False,4>2>1>3,20,0,0,True,1,0.011936718802752041,0.013051386833896299,0.0086601493821302656,0.0060471085948989658
10000,0,single,gaussian_matched,0.050000000000000003,45,13,0.050000000000000003,15.652808162483577,>=10%,True,True,4,0.013051386833896299,0.43919053101158756,0.040295607071286925,0.061578947382750472,0.75872173985932789,0.75564813440589707,0.78818388163586428,1.0430567426141366,0.97969434592435223,1.1199927251012558,True,True,False,4>2>1>3,20,0,0,True,1,0.011936718802752041,0.013051386833896299,0.0086601493821302656,0.0060471085948989658
10000,0,single,gaussian_matched,0.050000000000000003,45,14,0.02,15.652808162483577,>=10%,True,False,2,0.05490398678179724,0.56050783054902042,-0.021790299340891814,0.093888469138674435,0.75872173985932789,0.84935463461201088,0.81108256232734055,0.95493982051189585,,1.1927574813314334,False,False,False,,-1,,,False,1,0.0053978540355946753,0.03943791365001547,0.0037320477011360876,0.05490398678179724
10000,0,single,gaussian_matched,0.050000000000000003,45,14,0.050000000000000003,15.652808162483577,>=10%,True,False,3,0.05490398678179724,0.56050783054902042,-0.021790299340891814,0.093888469138674435,0.75872173985932789,0.84935463461201088,0.81108256232734055,0.95493982051189585,,1.1927574813314334,False,False,False,,-1,,,False,1,0.0053978540355946753,0.03943791365001547,0.0037320477011360876,0.05490398678179724
10000,0,single,gaussian_matched,0.050000000000000003,45,15,0.02,15.652808162483577,>=10%,True,False,3,0.056511899101497121,0.57843475394631216,0.079701200530687591,0.083869970427934745,0.75872173985932789,0.77798638254604346,0.7523037209595308,0.9669882890463154,,1.1020821566843435,False,False,False,,-1,,,False,1,0.0015212241078631644,0.01146140556185176,0.013351046344081177,0.056511899101497121
10000,0,single,gaussian_matched,0.050000000000000003,45,15,0.050000000000000003,15.652808162483577,>=10%,True,False,3,0.056511899101497121,0.57843475394631216,0.079701200530687591,0.083869970427934745,0.75872173985932789,0.77798638254604346,0.7523037209595308,0.9669882890463154,,1.1020821566843435,False,False,False,,-1,,,False,1,0.0015212241078631644,0.01146140556185176,0.013351046344081177,0.056511899101497121
10000,0,single,gaussian_matched,0.050000000000000003,45,16,0.02,15.652808162483577,>=10%,True,True,4,0.019949334896878352,0.414888180447127,0.090425457167597839,0.094224409867136358,0.75872173985932789,0.7065200689489135,0.76589318166303744,1.0840359889598792,1.0444488562739462,1.1336403668750092,True,True,False,4>2>1>3,20,0,0,True,1,0.013455711988595425,0.019949334896878352,0.0073129004533820444,0.018267968332495478
10000,0,single,gaussian_matched,0.050000000000000003,45,16,0.050000000000000003,15.652808162483577,>=10%,True,True,4,0.019949334896878352,0.414888180447127,0.090425457167597839,0.094224409867136358,0.75872173985932789,0.7065200689489135,0.76589318166303744,1.0840359889598792,1.0008506119162608,1.1336403668750092,True,True,False,4>2>1>3,20,0,0,True,1,0.013455711988595425,0.019949334896878352,0.0073129004533820444,0.018267968332495478
10000,0,single,gaussian_matched,0.050000000000000003,45,17,0.02,15.652808162483577,>=10%,True,False,3,0.035482749093801232,0.53353644095235375,0.092586563028554128,0.054206164062177681,0.75872173985932789,0.73827239697665759,0.75001112278827498,1.0159002637233754,,1.0599634155725655,False,False,False,,-1,,,False,1,0.0030554052935308266,0.0097748749204358519,0.0079641398352674232,0.035482749093801232
10000,0,single,gaussian_matched,0.050000000000000003,45,17,0.050000000000000003,15.652808162483577,>=10%,True,True,4,0.035482749093801232,0.53353644095235375,0.092586563028554128,0.054206164062177681,0.75872173985932789,0.73827239697665759,0.75001112278827498,1.0159002637233754,0.91655537738369008,1.0599634155725655,True,True,False,4>2>1>3,20,0,0,True,1,0.0030554052935308266,0.0097748749204358519,0.0079641398352674232,0.035482749093801232
10000,0,single,gaussian_matched,0.050000000000000003,45,18,0.02,15.652808162483577,>=10%,True,True,4,0.013053749367592361,0.4636660062541248,0.09941445373104929,0.061334715610845622,0.75872173985932789,0.70038349885755735,0.75454876043846364,1.0773365758463169,1.0252611627066768,1.0753395259249847,True,True,False,4>2>1>3,20,0,0,True,1,0.0089449902030731485,0.013053749367592361,0.00066682543330787852,0.0029481968483838676
10000,0,single,gaussian_matched,0.050000000000000003,45,18,0.050000000000000003,15.652808162483577,>=10%,True,True,4,0.013053749367592361,0.4636660062541248,0.09941445373104929,0.061334715610845622,0.75872173985932789,0.70038349885755735,0.75454876043846364,1.0773365758463169,0.98242328646195398,1.0753395259249847,True,True,False,4>2>1>3,20,0,0,True,1,0.0089449902030731485,0.013053749367592361,0.00066682543330787852,0.0029481968483838676
10000,0,single,gaussian_matched,0.050000000000000003,45,19,0.02,15.652808162483577,>=10%,True,True,4,0.01995942749499648,0.43471048582891153,0.020935204352920685,0.071466656607842252,0.75872173985932789,0.77488932820994127,0.79917195507129146,1.0313368967378156,1.0179063563305384,1.147507137255031,True,True,False,4>2>1>3,20,0,0,True,1,0.014027401803349942,0.01995942749499648,0.01237715125818952,0.015781203315095221
10000,0,single,gaussian_matched,0.050000000000000003,45,19,0.050000000000000003,15.652808162483577,>=10%,True,True,4,0.01995942749499648,0.43471048582891153,0.020935204352920685,0.071466656607842252,0.75872173985932789,0.77488932820994127,0.79917195507129146,1.0313368967378156,0.97673677093682942,1.147507137255031,True,True,False,4>2>1>3,20,0,0,True,1,0.014027401803349942,0.01995942749499648,0.01237715125818952,0.015781203315095221
10000,0,single,gaussian_matched,0.050000000000000003,45,20,0.02,15.652808162483577,>=10%,True,False,3,0.074964162520947772,0.6123581349809134,0.07999298324801217,0.11629243114022811,0.75872173985932789,0.8033743015731426,0.75000706066628708,0.9335711376349064,,1.1417881501156577,False,False,False,,-1,,,False,1,0.0035641853989429417,0.017852323180118056,0.018030197835619873,0.074964162520947772
10000,0,single,gaussian_matched,0.050000000000000003,45,20,0.050000000000000003,15.652808162483577,>=10%,True,False,3,0.074964162520947772,0.6123581349809134,0.07999298324801217,0.11629243114022811,0.75872173985932789,0.8033743015731426,0.75000706066628708,0.9335711376349064,,1.1417881501156577,False,False,False,,-1,,,False,1,0.0035641853989429417,0.017852323180118056,0.018030197835619873,0.074964162520947772
10000,0,single,gaussian_matched,0.050000000000000003,45,21,0.02,15.652808162483577,>=10%,True,False,2,0.035904187841417259,0.52504049841071931,-0.0032204739148240305,0.058817050286253746,0.75872173985932789,0.81744915666742834,0.80405409889638235,0.98361358909995711,,1.137269573088308,False,False,False,,-1,,,False,1,5.5431384322123224e-05,0.035904187841417259,0.00026384288086060584,0.034058014566567756
10000,0,single,gaussian_matched,0.050000000000000003,45,21,0.050000000000000003,15.652808162483577,>=10%,True,True,4,0.035904187841417259,0.52504049841071931,-0.0032204739148240305,0.058817050286253746,0.75872173985932789,0.81744915666742834,0.80405409889638235,0.98361358909995711,0.92048331741273448,1.137269573088308,True,True,False,4>2>1>3,20,0,0,True,1,5.5431384322123224e-05,0.035904187841417259,0.00026384288086060584,0.034058014566567756
10000,0,single,gaussian_matched,0.050000000000000003,45,22,0.02,15.652808162483577,>=10%,True,False,3,0.032688134319921319,0.47979602533297078,0.015457744071112736,0.040017096808772946,0.75872173985932789,0.78577661161766299,0.7974145371835849,1.0148107304211602,,1.1037401329077816,False,False,False,,-1,,,False,1,0.0070742785266815281,0.032688134319921319,0.005634808748453163,0.017111033135896826
10000,0,single,gaussian_matched,0.050000000000000003,45,22,0.050000000000000003,15.652808162483577,>=10%,True,True,4,0.032688134319921319,0.47979602533297078,0.015457744071112736,0.040017096808772946,0.75872173985932789,0.78577661161766299,0.7974145371835849,1.0148107304211602,0.95388269250824609,1.1037401329077816,True,True,False,4>2>1>3,20,0,0,True,1,0.0070742785266815281,0.032688134319921319,0.005634808748453163,0.017111033135896826
10000,0,single,gaussian_matched,0.050000000000000003,45,23,0.02,15.652808162483577,>=10%,True,True,4,0.0061615551105494559,0.47734635192149538,0.087814160131867464,0.044080590714545224,0.75872173985932789,0.71541027942399538,0.75863698624940057,1.0604222612795118,1.0115926867667357,1.057986788559367,True,True,False,4>2>1>3,20,0,0,True,1,0.0061615551105494559,0.0040038658498890252,3.2699747244035447e-05,0.0023464275045096007
10000,0,single,gaussian_matched,0.050000000000000003,45,23,0.050000000000000003,15.652808162483577,>=10%,True,True,4,0.0061615551105494559,0.47734635192149538,0.087814160131867464,0.044080590714545224,0.75872173985932789,0.71541027942399538,0.75863698624940057,1.0604222612795118,0.96965587361635408,1.057986788559367,True,True,False,4>2>1>3,20,0,0,True,1,0.0061615551105494559,0.0040038658498890252,3.2699747244035447e-05,0.0023464275045096007
10000,0,single,gaussian_matched,0.050000000000000003,45,24,0.02,15.652808162483577,>=10%,True,False,3,0.037309296383136313,0.55039966973754617,0.026598990339295511,0.055567382184102503,0.75872173985932789,0.80224385874895154,0.78369255004322014,0.97687572363014286,,1.1061498414200273,False,False,False,,-1,,,False,1,0.0055991713103651026,0.019103117889904875,0.0052801607898135417,0.037309296383136313
10000,0,single,gaussian_matched,0.050000000000000003,45,24,0.050000000000000003,15.652808162483577,>=10%,True,True,4,0.037309296383136313,0.55039966973754617,0.026598990339295511,0.055567382184102503,0.75872173985932789,0.80224385874895154,0.78369255004322014,0.97687572363014286,0.89994175705101731,1.1061498414200273,True,True,False,4>2>1>3,20,0,0,True,1,0.0055991713103651026,0.019103117889904875,0.0052801607898135417,0.037309296383136313
10000,0,single,gaussian_matched,0.050000000000000003,45,25,0.02,15.652808162483577,>=10%,True,False,3,0.031124143522668665,0.54167352126405566,0.039104633253569838,0.043074254388032245,0.75872173985932789,0.78702838163184163,0.77760756301327016,0.98802988705561279,,1.0816637698472464,False,False,False,,-1,,,False,1,0.0041853581528538452,0.014723416224482188,0.0048978069837016074,0.031124143522668665
10000,0,single,gaussian_matched,0.050000000000000003,45,25,0.050000000000000003,15.652808162483577,>=10%,True,True,4,0.031124143522668665,0.54167352126405566,0.039104633253569838,0.043074254388032245,0.75872173985932789,0.78702838163184163,0.77760756301327016,0.98802988705561279,0.90810884970202299,1.0816637698472464,True,True,False,4>2>1>3,20,0,0,True,1,0.0041853581528538452,0.014723416224482188,0.0048978069837016074,0.031124143522668665
10000,0,single,gaussian_matched,0.050000000000000003,45,26,0.02,15.652808162483577,>=10%,True,False,2,0.029587588833534684,0.42811180714020469,-0.0077288401061737858,0.092198325649934146,0.75872173985932789,0.80357390131764106,0.81583582092822871,1.0152592307819872,,1.1967946862133125,False,False,False,,-1,,,False,1,0.016613353064001701,0.028681156937317018,0.019106745443587671,0.029587588833534684
10000,0,single,gaussian_matched,0.050000000000000003,45,26,0.050000000000000003,15.652808162483577,>=10%,True,True,4,0.029587588833534684,0.42811180714020469,-0.0077288401061737858,0.092198325649934146,0.75872173985932789,0.80357390131764106,0.81583582092822871,1.0152592307819872,0.97258393164675516,1.1967946862133125,True,True,False,4>2>1>3,20,0,0,True,1,0.016613353064001701,0.028681156937317018,0.019106745443587671,0.029587588833534684
10000,0,single,gaussian_matched,0.050000000000000003,45,27,0.02,15.652808162483577,>=10%,True,False,3,0.025598404450626069,0.46980016662405927,0.029659362930214275,0.036411144617264163,0.75872173985932789,0.76979937897106221,0.79042645562962421,1.0267953926984623,,1.0897771301507579,False,False,False,,-1,,,False,1,0.0077701336716784666,0.025598404450626069,0.0056291667534782699,0.010083057356184231
10000,0,single,gaussian_matched,0.050000000000000003,45,27,0.050000000000000003,15.652808162483577,>=10%,True,True,4,0.025598404450626069,0.46980016662405927,0.029659362930214275,0.036411144617264163,0.75872173985932789,0.76979937897106221,0.79042645562962421,1.0267953926984623,0.9623619959355173,1.0897771301507579,True,True,False,4>2>1>3,20,0,0,True,1,0.0077701336716784666,0.025598404450626069,0.0056291667534782699,0.010083057356184231
10000,0,single,gaussian_matched,0.050000000000000003,45,28,0.02,15.652808162483577,>=10%,True,False,2,0.045050807569141343,0.54075629341248277,0.1109619621964938,0.073331004954051496,0.75872173985932789,0.72922230892993289,0.74041072955239562,1.0153429488997405,,1.0725166971719042,False,False,False,,-1,,,False,1,0.0061338661921581644,0.020880001794484498,0.010573662209996428,0.045050807569141343
10000,0,single,gaussian_matched,0.050000000000000003,45,28,0.050000000000000003,15.652808162483577,>=10%,True,True,4,0.045050807569141343,0.54075629341248277,0.1109619621964938,0.073331004954051496,0.75872173985932789,0.72922230892993289,0.74041072955239562,1.0153429488997405,0.90764920197765553,1.0725166971719042,True,True,False,4>2>1>3,20,0,0,True,1,0.0061338661921581644,0.020880001794484498,0.010573662209996428,0.045050807569141343
10000,0,single,gaussian_matched,0.050000000000000003,45,29,0.02,15.652808162483577,>=10%,True,False,3,0.04811165087608181,0.57057704400961073,0.032665839859087289,0.072674563974786513,0.75872173985932789,0.80840682272845132,0.77791059582999522,0.96227613864572747,,1.1210765622222529,False,False,False,,-1,,,False,1,0.0075411631206043616,0.013161957337696333,0.0086275791797429911,0.04811165087608181
10000,0,single,gaussian_matched,0.050000000000000003,45,29,0.050000000000000003,15.652808162483577,>=10%,True,True,4,0.04811165087608181,0.57057704400961073,0.032665839859087289,0.072674563974786513,0.75872173985932789,0.80840682272845132,0.77791059582999522,0.96227613864572747,0.88072081267657309,1.1210765622222529,True,True,False,4>2>1>3,20,0,0,True,1,0.0075411631206043616,0.013161957337696333,0.0086275791797429911,0.04811165087608181
10000,0,single,gaussian_matched,0.050000000000000003,45,30,0.02,15.652808162483577,>=10%,True,False,1,0.029464702870542182,0.40870563295099915,-0.0090661345219697834,0.1087357793104235,0.75872173985932789,0.80606774460505159,0.81912766699050255,1.0162020158638774,,1.2229298273079117,False,False,False,,-1,,,False,1,0.019531304642875894,0.023825617553053315,0.022639760939485581,0.029464702870542182
10000,0,single,gaussian_matched,0.050000000000000003,45,30,0.050000000000000003,15.652808162483577,>=10%,True,True,4,0.029464702870542182,0.40870563295099915,-0.0090661345219697834,0.1087357793104235,0.75872173985932789,0.80606774460505159,0.81912766699050255,1.0162020158638774,0.97793252772072981,1.2229298273079117,True,True,False,4>2>1>3,20,0,0,True,1,0.019531304642875894,0.023825617553053315,0.022639760939485581,0.029464702870542182
10000,0,single,gaussian_matched,0.050000000000000003,45,31,0.02,15.652808162483577,>=10%,True,True,4,0.019383720211342884,0.49508417140920358,0.11295115440129178,0.063142800153219117,0.75872173985932789,0.6997507377214367,0.74408617901371543,1.0633589061108331,1.0017911692264021,1.0639328448880354,True,True,False,4>2>1>3,20,0,0,True,1,0.009033740760532703,0.018053882299548248,0.004446648425005765,0.019383720211342884
10000,0,single,gaussian_matched,0.050000000000000003,45,31,0.050000000000000003,15.652808162483577,>=10%,True,True,4,0.019383720211342884,0.49508417140920358,0.11295115440129178,0.063142800153219117,0.75872173985932789,0.6997507377214367,0.74408617901371543,1.0633589061108331,0.95842428810025204,1.0639328448880354,True,True,False,4>2>1>3,20,0,0,True,1,0.009033740760532703,0.018053882299548248,0.004446648425005765,0.019383720211342884
10000,0,single,gaussian_matched,0.050000000000000003,46,0,0.02,1.0860664983842927,1-<5%,True,False,0,0.43890987100676598,0.48410121654725508,0.16065270405975496,0.11178905237550314,1.6582222415486689,1.5772471218001662,1.4124556074199393,0.89551953393825512,,0.91920408592029235,False,False,False,,-1,,,False,3,0.023796164602158689,0.073054532610365625,0.43890987100676598,0.058207758604233897
10000,0,single,gaussian_matched,0.050000000000000003,46,0,0.050000000000000003,1.0860664983842927,1-<5%,True,False,1,0.43890987100676598,0.48410121654725508,0.16065270405975496,0.11178905237550314,1.6582222415486689,1.5772471218001662,1.4124556074199393,0.89551953393825512,,0.91920408592029235,False,False,False,,-1,,,False,3,0.023796164602158689,0.073054532610365625,0.43890987100676598,0.058207758604233897
10000,0,single,gaussian_matched,0.050000000000000003,46,1,0.02,1.0860664983842927,1-<5%,True,False,0,0.33533218119258246,0.40429180265991721,0.0095913519383384327,0.10388896898256068,1.6582222415486689,1.6570768768241206,1.4398130700841887,0.86888731007077347,,0.930937965001021,False,False,False,,-1,,,False,3,0.14835305701123558,0.33533218119258246,0.06205589048031019,0.039076209362545626
10000,0,single,gaussian_matched,0.050000000000000003,46,1,0.050000000000000003,1.0860664983842927,1-<5%,True,False,1,0.33533218119258246,0.40429180265991721,0.0095913519383384327,0.10388896898256068,1.6582222415486689,1.6570768768241206,1.4398130700841887,0.86888731007077347,,0.930937965001021,False,False,False,,-1,,,False,3,0.14835305701123558,0.33533218119258246,0.06205589048031019,0.039076209362545626
10000,0,single,gaussian_matched,0.050000000000000003,46,2,0.02,1.0860664983842927,1-<5%,True,False,2,0.079674376345699502,0.52614006362728649,0.08026229518184276,0.039988866401932048,1.6582222415486689,1.655129240929786,1.5179365691989828,0.91711059877491274,,0.93951546214089887,False,False,False,,-1,,,False,3,0.0098816163039080959,0.0053259405640891776,0.079674376345699502,0.049771763317974844
10000,0,single,gaussian_matched,0.050000000000000003,46,2,0.050000000000000003,1.0860664983842927,1-<5%,True,False,3,0.079674376345699502,0.52614006362728649,0.08026229518184276,0.039988866401932048,1.6582222415486689,1.655129240929786,1.5179365691989828,0.91711059877491274,,0.93951546214089887,False,False,False,,-1,,,False,3,0.0098816163039080959,0.0053259405640891776,0.079674376345699502,0.049771763317974844
10000,0,single,gaussian_matched,0.050000000000000003,46,3,0.02,1.0860664983842927,1-<5%,True,False,2,0.11744259702078894,0.47621129170944493,0.040332583216075968,0.025678037101912986,1.6582222415486689,1.652404782989223,1.5083498348581155,0.9128210293179434,,0.92510390557018984,False,False,False,,-1,,,False,3,0.0059011728866312212,0.022692103133229922,0.11744259702078894,0.0059931448757127243
10000,0,single,gaussian_matched,0.050000000000000003,46,3,0.050000000000000003,1.0860664983842927,1-<5%,True,False,3,0.11744259702078894,0.47621129170944493,0.040332583216075968,0.025678037101912986,1.6582222415486689,1.652404782989223,1.5083498348581155,0.9128210293179434,,0.92510390557018984,False,False,False,,-1,,,False,3,0.0059011728866312212,0.022692103133229922,0.11744259702078894,0.0059931448757127243
10000,0,single,gaussian_matched,0.050000000000000003,46,4,0.02,1.0860664983842927,1-<5%,True,False,3,0.11495284657391208,0.48325893993534796,0.059938502849863469,0.019468870819465404,1.6582222415486689,1.640105414797058,1.4989064425739409,0.9139085994417081,,0.91566454444329803,False,False,False,,-1,,,False,3,0.0022787269679470216,0.013910864079631439,0.11495284657391208,0.010859192996116152
10000,0,single,gaussian_matched,0.050000000000000003,46,4,0.050000000000000003,1.0860664983842927,1-<5%,True,False,3,0.11495284657391208,0.48325893993534796,0.059938502849863469,0.019468870819465404,1.6582222415486689,1.640105414797058,1.4989064425739409,0.9139085994417081,,0.91566454444329803,False,False,False,,-1,,,False,3,0.0022787269679470216,0.013910864079631439,0.11495284657391208,0.010859192996116152
10000,0,single,gaussian_matched,0.050000000000000003,46,5,0.02,1.0860664983842927,1-<5%,True,False,0,0.4593934094240576,0.42274869632588102,0.087149860845592036,0.085719753150588343,1.6582222415486689,1.5863734297393572,1.4532863246643015,0.91610606772648606,,0.92810603986203988,False,False,False,,-1,,,False,3,0.051392203401595012,0.033290632649626381,0.4593934094240576,0.022768949450200388
10000,0,single,gaussian_matched,0.050000000000000003,46,5,0.050000000000000003,1.0860664983842927,1-<5%,True,False,2,0.4593934094240576,0.42274869632588102,0.087149860845592036,0.085719753150588343,1.6582222415486689,1.5863734297393572,1.4532863246643015,0.91610606772648606,,0.92810603986203988,False,False,False,,-1,,,False,3,0.051392203401595012,0.033290632649626381,0.4593934094240576,0.022768949450200388
10000,0,single,gaussian_matched,0.050000000000000003,46,6,0.02,1.0860664983842927,1-<5%,True,False,1,0.07591205407993773,0.52295771422811155,0.027621784566851486,0.032059962079703741,1.6582222415486689,1.690085907779296,1.5482882232049926,0.91610030950401822,,0.95303762408153236,False,False,False,,-1,,,False,3,0.0078413221432164035,0.020754063756493302,0.07591205407993773,0.043918605167460649
10000,0,single,gaussian_matched,0.050000000000000003,46,6,0.050000000000000003,1.0860664983842927,1-<5%,True,False,3,0.07591205407993773,0.52295771422811155,0.027621784566851486,0.032059962079703741,1.6582222415486689,1.690085907779296,1.5482882232049926,0.91610030950401822,,0.95303762408153236,False,False,False,,-1,,,False,3,0.0078413221432164035,0.020754063756493302,0.07591205407993773,0.043918605167460649
10000,0,single,gaussian_matched,0.050000000000000003,46,7,0.02,1.0860664983842927,1-<5%,True,False,2,0.089407634296465782,0.50654603505153395,0.044850095721956917,0.0083289908733842153,1.6582222415486689,1.6663489786767658,1.5289637733155041,0.91755316136097842,,0.927072816701071,False,False,False,,-1,,,False,3,0.0039820481128978553,0.018299615312258401,0.089407634296465782,0.029119390770467449
10000,0,single,gaussian_matched,0.050000000000000003,46,7,0.050000000000000003,1.0860664983842927,1-<5%,True,False,3,0.089407634296465782,0.50654603505153395,0.044850095721956917,0.0083289908733842153,1.6582222415486689,1.6663489786767658,1.5289637733155041,0.91755316136097842,,0.927072816701071,False,False,False,,-1,,,False,3,0.0039820481128978553,0.018299615312258401,0.089407634296465782,0.029119390770467449
10000,0,single,gaussian_matched,0.050000000000000003,46,8,0.02,1.0860664983842927,1-<5%,True,False,1,0.12656644414646839,0.49152344757816396,0.10070662181401548,0.051410246417905099,1.6582222415486689,1.6155214471255506,1.4650229072278433,0.90684212817757093,,0.91449331437594339,False,False,False,,-1,,,False,3,0.024825870536788568,0.0040444473251500749,0.12656644414646839,0.032501764550941732
10000,0,single,gaussian_matched,0.050000000000000003,46,8,0.050000000000000003,1.0860664983842927,1-<5%,True,False,3,0.12656644414646839,0.49152344757816396,0.10070662181401548,0.051410246417905099,1.6582222415486689,1.6155214471255506,1.4650229072278433,0.90684212817757093,,0.91449331437594339,False,False,False,,-1,,,False,3,0.024825870536788568,0.0040444473251500749,0.12656644414646839,0.032501764550941732
10000,0,single,gaussian_matched,0.050000000000000003,46,9,0.02,1.0860664983842927,1-<5%,True,False,2,0.17408075680129617,0.4566844773013165,0.064133005610350097,0.045562883515448759,1.6582222415486689,1.6219666317806742,1.4307849688051251,0.8821297188058298,,0.890319653981823,False,False,False,,-1,,,False,3,0.042486148207547682,0.013299059137660742,0.17408075680129617,0.0085481508179788678
10000,0,single,gaussian_matched,0.050000000000000003,46,9,0.050000000000000003,1.0860664983842927,1-<5%,True,False,3,0.17408075680129617,0.4566844773013165,0.064133005610350097,0.045562883515448759,1.6582222415486689,1.6219666317806742,1.4307849688051251,0.8821297188058298,,0.890319653981823,False,False,False,,-1,,,False,3,0.042486148207547682,0.013299059137660742,0.17408075680129617,0.0085481508179788678
10000,0,single,gaussian_matched,0.050000000000000003,46,10,0.02,1.0860664983842927,1-<5%,True,False,0,0.098701243487290299,0.59246225366910066,0.06453082640555742,0.093597079386044751,1.6582222415486689,1.7181368132674746,1.5352325001169547,0.89354496583849996,,0.98227459425570196,False,False,False,,-1,,,False,3,0.041514574576087246,0.021943362044889277,0.035143534256437986,0.098701243487290299
10000,0,single,gaussian_matched,0.050000000000000003,46,10,0.050000000000000003,1.0860664983842927,1-<5%,True,False,3,0.098701243487290299,0.59246225366910066,0.06453082640555742,0.093597079386044751,1.6582222415486689,1.7181368132674746,1.5352325001169547,0.89354496583849996,,0.98227459425570196,False,False,False,,-1,,,False,3,0.041514574576087246,0.021943362044889277,0.035143534256437986,0.098701243487290299
10000,0,single,gaussian_matched,0.050000000000000003,46,11,0.02,1.0860664983842927,1-<5%,True,False,1,0.0650376450074866,0.54667172488597049,0.0086547523803968754,0.062351258243583306,1.6582222415486689,1.7199138656133812,1.5697261616322198,0.91267719448985352,,0.98423322217144527,False,False,False,,-1,,,False,3,0.0098061460581695611,0.020836210217864866,0.058589002548862124,0.0650376450074866
10000,0,single,gaussian_matched,0.050000000000000003,46,11,0.050000000000000003,1.0860664983842927,1-<5%,True,False,2,0.0650376450074866,0.54667172488597049,0.0086547523803968754,0.062351258243583306,1.6582222415486689,1.7199138656133812,1.5697261616322198,0.91267719448985352,,0.98423322217144527,False,False,False,,-1,,,False,3,0.0098061460581695611,0.020836210217864866,0.058589002548862124,0.0650376450074866
10000,0,single,gaussian_matched,0.050000000000000003,46,12,0.02,1.0860664983842927,1-<5%,True,False,1,0.37806437705702933,0.44678044875097389,0.075450807541561429,0.058992069294654489,1.6582222415486689,1.6072446752569722,1.4263998723726816,0.8874814733137153,,0.89577374157041767,False,False,False,,-1,,,False,3,0.18490006942682846,0.37806437705702933,0.069005523022534404,0.010757349168976032
10000,0,single,gaussian_matched,0.050000000000000003,46,12,0.050000000000000003,1.0860664983842927,1-<5%,True,False,1,0.37806437705702933,0.44678044875097389,0.075450807541561429,0.058992069294654489,1.6582222415486689,1.6072446752569722,1.4263998723726816,0.8874814733137153,,0.89577374157041767,False,False,False,,-1,,,False,3,0.18490006942682846,0.37806437705702933,0.069005523022534404,0.010757349168976032
10000,0,single,gaussian_matched,0.050000000000000003,46,13,0.02,1.0860664983842927,1-<5%,True,False,2,0.075625963572335045,0.52391640287334262,0.035974552591533024,0.027725574861627387,1.6582222415486689,1.6843709726720149,1.5438127456296464,0.91655150241671957,,0.94772478689199213,False,False,False,,-1,,,False,3,0.0048856298205543066,0.017897186373424225,0.075625963572335045,0.043446502933827874
10000,0,single,gaussian_matched,0.050000000000000003,46,13,0.050000000000000003,1.0860664983842927,1-<5%,True,False,3,0.075625963572335045,0.52391640287334262,0.035974552591533024,0.027725574861627387,1.6582222415486689,1.6843709726720149,1.5438127456296464,0.91655150241671957,,0.94772478689199213,False,False,False,,-1,,,False,3,0.0048856298205543066,0.017897186373424225,0.075625963572335045,0.043446502933827874
10000,0,single,gaussian_matched,0.050000000000000003,46,14,0.02,1.0860664983842927,1-<5%,True,False,0,0.43677249361817594,0.47640668585234958,0.12684794731860863,0.080388130215557116,1.6582222415486689,1.5872128946670041,1.2500196825420478,0.78755640578657271,,0.80230971423655051,False,False,False,,-1,,,False,3,0.10787178752079225,0.076631135023393304,0.43677249361817594,0.034628722594551055
10000,0,single,gaussian_matched,0.050000000000000003,46,14,0.050000000000000003,1.0860664983842927,1-<5%,True,False,1,0.43677249361817594,0.47640668585234958,0.12684794731860863,0.080388130215557116,1.6582222415486689,1.5872128946670041,1.2500196825420478,0.78755640578657271,,0.80230971423655051,False,False,False,,-1,,,False,3,0.10787178752079225,0.076631135023393304,0.43677249361817594,0.034628722594551055
10000,0,single,gaussian_matched,0.050000000000000003,46,15,0.02,1.0860664983842927,1-<5%,True,False,0,0.43517783292147955,0.47805780002185194,0.14095747711179701,0.093566675597800936,1.6582222415486689,1.5806063136302968,1.402928444424631,0.88758878939463448,,0.90246957405709705,False,False,False,,-1,,,False,3,0.043131228634657126,0.079649556822686818,0.43517783292147955,0.043155006851911565
10000,0,single,gaussian_matched,0.050000000000000003,46,15,0.050000000000000003,1.0860664983842927,1-<5%,True,False,2,0.43517783292147955,0.47805780002185194,0.14095747711179701,0.093566675597800936,1.6582222415486689,1.5806063136302968,1.402928444424631,0.88758878939463448,,0.90246957405709705,False,False,False,,-1,,,False,3,0.043131228634657126,0.079649556822686818,0.43517783292147955,0.043155006851911565
10000,0,single,gaussian_matched,0.050000000000000003,46,16,0.02,1.0860664983842927,1-<5%,True,False,2,0.061028300185080847,0.54703818465633502,0.045940975585061369,0.047212990743698287,1.6582222415486689,1.6934341725055466,1.548763461924946,0.91456962843347445,,0.9624623362777408,False,False,False,,-1,,,False,3,0.0022818367344328541,0.010276377552861118,0.060502031420708431,0.061028300185080847
10000,0,single,gaussian_matched,0.050000000000000003,46,16,0.050000000000000003,1.0860664983842927,1-<5%,True,False,2,0.061028300185080847,0.54703818465633502,0.045940975585061369,0.047212990743698287,1.6582222415486689,1.6934341725055466,1.548763461924946,0.91456962843347445,,0.9624623362777408,False,False,False,,-1,,,False,3,0.0022818367344328541,0.010276377552861118,0.060502031420708431,0.061028300185080847
10000,0,single,gaussian_matched,0.050000000000000003,46,17,0.02,1.0860664983842927,1-<5%,True,False,2,0.086853960369555602,0.51082867790059971,0.052201862431502523,0.01105026982666934,1.6582222415486689,1.6635460272466549,1.5268207590648033,0.91781094965665222,,0.92742154239542918,False,False,False,,-1,,,False,3,0.0010668350722128001,0.015258482103133865,0.086853960369555602,0.032418867498926175
10000,0,single,gaussian_matched,0.050000000000000003,46,17,0.050000000000000003,1.0860664983842927,1-<5%,True,False,3,0.086853960369555602,0.51082867790059971,0.052201862431502523,0.01105026982666934,1.6582222415486689,1.6635460272466549,1.5268207590648033,0.91781094965665222,,0.92742154239542918,False,False,False,,-1,,,False,3,0.0010668350722128001,0.015258482103133865,0.086853960369555602,0.032418867498926175
10000,0,single,gaussian_matched,0.050000000000000003,46,18,0.02,1.0860664983842927,1-<5%,True,False,2,0.10126213460797123,0.59670321546318739,0.0056250883715994043,0.10639851814263207,1.6582222415486689,1.7573050717979353,1.5904458901009844,0.90504825577824466,,1.0232913090460523,False,False,False,,-1,,,False,3,0.0044322039826566106,0.0076789863920060947,0.024102418759043769,0.10126213460797123
10000,0,single,gaussian_matched,0.050000000000000003,46,18,0.050000000000000003,1.0860664983842927,1-<5%,True,False,3,0.10126213460797123,0.59670321546318739,0.0056250883715994043,0.10639851814263207,1.6582222415486689,1.7573050717979353,1.5904458901009844,0.90504825577824466,,1.0232913090460523,False,False,False,,-1,,,False,3,0.0044322039826566106,0.0076789863920060947,0.024102418759043769,0.10126213460797123
10000,0,single,gaussian_matched,0.050000000000000003,46,19,0.02,1.0860664983842927,1-<5%,True,False,3,0.14501578389934675,0.4581276599226094,0.042433821258073108,0.042550439766369484,1.6582222415486689,1.641742721288479,1.4771654323293917,0.89975451888714753,,0.91647297570707287,False,False,False,,-1,,,False,3,0.0038184369504388064,0.014060395387066164,0.14501578389934675,0.0084673817947167954
10000,0,single,gaussian_matched,0.050000000000000003,46,19,0.050000000000000003,1.0860664983842927,1-<5%,True,False,3,0.14501578389934675,0.4581276599226094,0.042433821258073108,0.042550439766369484,1.6582222415486689,1.641742721288479,1.4771654323293917,0.89975451888714753,,0.91647297570707287,False,False,False,,-1,,,False,3,0.0038184369504388064,0.014060395387066164,0.14501578389934675,0.0084673817947167954
10000,0,single,gaussian_matched,0.050000000000000003,46,20,0.02,1.0860664983842927,1-<5%,True,False,2,0.067854901767843478,0.54931198739152265,0.079842309283392809,0.057638836940619831,1.6582222415486689,1.6738004087421749,1.5299092270974728,0.91403324978703204,,0.95737955037644928,False,False,False,,-1,,,False,3,0.014449518628785331,0.0011460752676699505,0.063558764503324233,0.067854901767843478
10000,0,single,gaussian_matched,0.050000000000000003,46,20,0.050000000000000003,1.0860664983842927,1-<5%,True,False,2,0.067854901767843478,0.54931198739152265,0.079842309283392809,0.057638836940619831,1.6582222415486689,1.6738004087421749,1.5299092270974728,0.91403324978703204,,0.95737955037644928,False,False,False,,-1,,,False,3,0.014449518628785331,0.0011460752676699505,0.063558764503324233,0.067854901767843478
10000,0,single,gaussian_matched,0.050000000000000003,46,21,0.02,1.0860664983842927,1-<5%,True,False,2,0.10516636170647387,0.48546154622408044,0.019815450227642112,0.033503338388203949,1.6582222415486689,1.6747517706734694,1.5319791432568497,0.91474997673284653,,0.94407278012565887,False,False,False,,-1,,,False,3,0.015520669836066328,0.031987176299786771,0.10516636170647387,0.018859793471944747
10000,0,single,gaussian_matched,0.050000000000000003,46,21,0.050000000000000003,1.0860664983842927,1-<5%,True,False,3,0.10516636170647387,0.48546154622408044,0.019815450227642112,0.033503338388203949,1.6582222415486689,1.6747517706734694,1.5319791432568497,0.91474997673284653,,0.94407278012565887,False,False,False,,-1,,,False,3,0.015520669836066328,0.031987176299786771,0.10516636170647387,0.018859793471944747
10000,0,single,gaussian_matched,0.050000000000000003,46,22,0.02,1.0860664983842927,1-<5%,True,False,2,0.091806264136975707,0.50535593621554908,0.055589999949225449,0.0077417150669196518,1.6582222415486689,1.6573849070033126,1.5211736943823988,0.91781558282246289,,0.92202080706709943,False,False,False,,-1,,,False,3,0.00029544792367856918,0.014902563732369116,0.091806264136975707,0.028197808296851888
10000,0,single,gaussian_matched,0.050000000000000003,46,22,0.050000000000000003,1.0860664983842927,1-<5%,True,False,3,0.091806264136975707,0.50535593621554908,0.055589999949225449,0.0077417150669196518,1.6582222415486689,1.6573849070033126,1.5211736943823988,0.91781558282246289,,0.92202080706709943,False,False,False,,-1,,,False,3,0.00029544792367856918,0.014902563732369116,0.091806264136975707,0.028197808296851888
10000,0,single,gaussian_matched,0.050000000000000003,46,23,0.02,1.0860664983842927,1-<5%,True,False,3,0.15837479276291005,0.45140054299070376,0.040950061695562659,0.049434892585223204,1.6582222415486689,1.6401468443012726,1.4615679493003504,0.89112017889044592,,0.9112185351430323,False,False,False,,-1,,,False,3,0.011598315880253453,0.007203554395000587,0.15837479276291005,0.01314421052245527
10000,0,single,gaussian_matched,0.050000000000000003,46,23,0.050000000000000003,1.0860664983842927,1-<5%,True,False,3,0.15837479276291005,0.45140054299070376,0.040950061695562659,0.049434892585223204,1.6582222415486689,1.6401468443012726,1.4615679493003504,0.89112017889044592,,0.9112185351430323,False,False,False,,-1,,,False,3,0.011598315880253453,0.007203554395000587,0.15837479276291005,0.01314421052245527
10000,0,single,gaussian_matched,0.050000000000000003,46,24,0.02,1.0860664983842927,1-<5%,True,False,3,0.12152505522646501,0.47696535323453393,0.055806370164978872,0.02375518650952994,1.6582222415486689,1.6398152348219606,1.4949142660498711,0.91163579548776308,,0.9158419266774912,False,False,False,,-1,,,False,3,0.0017333911445159811,0.014841868674421894,0.12152505522646501,0.0052521162936155453
10000,0,single,gaussian_matched,0.050000000000000003,46,24,0.050000000000000003,1.0860664983842927,1-<5%,True,False,3,0.12152505522646501,0.47696535323453393,0.055806370164978872,0.02375518650952994,1.6582222415486689,1.6398152348219606,1.4949142660498711,0.91163579548776308,,0.9158419266774912,False,False,False,,-1,,,False,3,0.0017333911445159811,0.014841868674421894,0.12152505522646501,0.0052521162936155453
10000,0,single,gaussian_matched,0.050000000000000003,46,25,0.02,1.0860664983842927,1-<5%,True,False,1,0.083485503049065046,0.51248115700274199,0.025464304614903375,0.027527797372062797,1.6582222415486689,1.6852280796563415,1.54434937034745,0.91640377287232244,,0.9479291305678571,False,False,False,,-1,,,False,3,0.010240570090669789,0.023954908571833796,0.083485503049065046,0.036597152279263953
10000,0,single,gaussian_matched,0.050000000000000003,46,25,0.050000000000000003,1.0860664983842927,1-<5%,True,False,3,0.083485503049065046,0.51248115700274199,0.025464304614903375,0.027527797372062797,1.6582222415486689,1.6852280796563415,1.54434937034745,0.91640377287232244,,0.9479291305678571,False,False,False,,-1,,,False,3,0.010240570090669789,0.023954908571833796,0.083485503049065046,0.036597152279263953
10000,0,single,gaussian_matched,0.050000000000000003,46,26,0.02,1.0860664983842927,1-<5%,True,False,0,0.45013472929272696,0.45056715252766699,0.15518498850016682,0.11622172006558483,1.6582222415486689,1.5497556092089302,1.4235068171186196,0.91853632189480894,,0.92854172293950221,False,False,False,,-1,,,False,3,0.033635153040993564,0.049674934550643576,0.45013472929272696,0.03057611992198753
10000,0,single,gaussian_matched,0.050000000000000003,46,26,0.050000000000000003,1.0860664983842927,1-<5%,True,False,3,0.45013472929272696,0.45056715252766699,0.15518498850016682,0.11622172006558483,1.6582222415486689,1.5497556092089302,1.4235068171186196,0.91853632189480894,,0.92854172293950221,False,False,False,,-1,,,False,3,0.033635153040993564,0.049674934550643576,0.45013472929272696,0.03057611992198753
10000,0,single,gaussian_matched,0.050000000000000003,46,27,0.02,1.0860664983842927,1-<5%,True,False,2,0.092406628247914041,0.5796945988780795,-0.010868527101265922,0.10028063961610703,1.6582222415486689,1.7565982610605344,1.5932482702401289,0.90700776925408999,,1.0212918795942534,False,False,False,,-1,,,False,3,0.0083035903486221845,0.018356617507381112,0.035158521944184215,0.092406628247914041
10000,0,single,gaussian_matched,0.050000000000000003,46,27,0.050000000000000003,1.0860664983842927,1-<5%,True,False,3,0.092406628247914041,0.5796945988780795,-0.010868527101265922,0.10028063961610703,1.6582222415486689,1.7565982610605344,1.5932482702401289,0.90700776925408999,,1.0212918795942534,False,False,False,,-1,,,False,3,0.0083035903486221845,0.018356617507381112,0.035158521944184215,0.092406628247914041
10000,0,single,gaussian_matched,0.050000000000000003,46,28,0.02,1.0860664983842927,1-<5%,True,False,1,0.09814684729178455,0.49400746287636649,0.026452010597706122,0.024298524771447973,1.6582222415486689,1.6736833717607937,1.5332197959020111,0.91607517991231024,,0.9392699492553187,False,False,False,,-1,,,False,3,0.012079500973973959,0.027520322213432175,0.09814684729178455,0.022878763587053347
10000,0,single,gaussian_matched,0.050000000000000003,46,28,0.050000000000000003,1.0860664983842927,1-<5%,True,False,3,0.09814684729178455,0.49400746287636649,0.026452010597706122,0.024298524771447973,1.6582222415486689,1.6736833717607937,1.5332197959020111,0.91607517991231024,,0.9392699492553187,False,False,False,,-1,,,False,3,0.012079500973973959,0.027520322213432175,0.09814684729178455,0.022878763587053347
10000,0,single,gaussian_matched,0.050000000000000003,46,29,0.02,1.0860664983842927,1-<5%,True,False,1,0.43850488600429272,0.46023648571144693,0.10654877625791577,0.069129596880379549,1.6582222415486689,1.5893242687931812,1.3909306845140836,0.87517111002794701,,0.88049734517543576,False,False,False,,-1,,,False,3,0.062071838648135307,0.073663380117990715,0.43850488600429272,0.012953034012759702
10000,0,single,gaussian_matched,0.050000000000000003,46,29,0.050000000000000003,1.0860664983842927,1-<5%,True,False,1,0.43850488600429272,0.46023648571144693,0.10654877625791577,0.069129596880379549,1.6582222415486689,1.5893242687931812,1.3909306845140836,0.87517111002794701,,0.88049734517543576,False,False,False,,-1,,,False,3,0.062071838648135307,0.073663380117990715,0.43850488600429272,0.012953034012759702
10000,0,single,gaussian_matched,0.050000000000000003,46,30,0.02,1.0860664983842927,1-<5%,True,False,1,0.062220735124322732,0.54289650139987788,0.0092929722798954922,0.059136891515830306,1.6582222415486689,1.7169586712019016,1.5677967164178963,0.91312431843243536,,0.9811312182221601,False,False,False,,-1,,,False,3,0.010426636739329592,0.021658090273215948,0.061369461747493824,0.062220735124322732
10000,0,single,gaussian_matched,0.050000000000000003,46,30,0.050000000000000003,1.0860664983842927,1-<5%,True,False,2,0.062220735124322732,0.54289650139987788,0.0092929722798954922,0.059136891515830306,1.6582222415486689,1.7169586712019016,1.5677967164178963,0.91312431843243536,,0.9811312182221601,False,False,False,,-1,,,False,3,0.010426636739329592,0.021658090273215948,0.061369461747493824,0.062220735124322732
10000,0,single,gaussian_matched,0.050000000000000003,46,31,0.02,1.0860664983842927,1-<5%,True,False,2,0.078079264476834845,0.52654807386788616,0.07353103470495026,0.035475481961212495,1.6582222415486689,1.6597751363164881,1.522453430943266,0.91726487379611077,,0.93951755914784785,False,False,False,,-1,,,False,3,0.007640641862488258,0.0070233078180610793,0.078079264476834845,0.048224288589400074
10000,0,single,gaussian_matched,0.050000000000000003,46,31,0.050000000000000003,1.0860664983842927,1-<5%,True,False,3,0.078079264476834845,0.52654807386788616,0.07353103470495026,0.035475481961212495,1.6582222415486689,1.6597751363164881,1.522453430943266,0.91726487379611077,,0.93951755914784785,False,False,False,,-1,,,False,3,0.007640641862488258,0.0070233078180610793,0.078079264476834845,0.048224288589400074
10000,0,single,gaussian_matched,0.050000000000000003,47,0,0.02,7.534490595084737,5-<10%,True,False,2,0.053087428302807577,0.48416580209074178,-0.057389418401137454,0.10855049059292232,1.1606309234429106,1.2478320487356076,1.2009534492452674,0.96243196387058583,,1.1282690417670937,False,False,False,,-1,,,False,1,0.027621006435174573,0.0042476316318338196,0.0062738732880342294,0.053087428302807577
10000,0,single,gaussian_matched,0.050000000000000003,47,0,0.050000000000000003,7.534490595084737,5-<10%,True,False,3,0.053087428302807577,0.48416580209074178,-0.057389418401137454,0.10855049059292232,1.1606309234429106,1.2478320487356076,1.2009534492452674,0.96243196387058583,,1.1282690417670937,False,False,False,,-1,,,False,1,0.027621006435174573,0.0042476316318338196,0.0062738732880342294,0.053087428302807577
10000,0,single,gaussian_matched,0.050000000000000003,47,1,0.02,7.534490595084737,5-<10%,True,True,4,0.011357973633536625,0.48323745198241752,0.040931461547970401,0.019058368390229469,1.1606309234429106,1.1595876400749119,1.1493925376170477,0.9912079931645309,0.98361888189410995,1.0067376996480235,True,True,False,4>2>3>1,21,0,0,True,1,0.011357973633536625,0.0040758045613375907,0.0043465036025759421,0.0079005183208144363
10000,0,single,gaussian_matched,0.050000000000000003,47,1,0.050000000000000003,7.534490595084737,5-<10%,True,True,4,0.011357973633536625,0.48323745198241752,0.040931461547970401,0.019058368390229469,1.1606309234429106,1.1595876400749119,1.1493925376170477,0.9912079931645309,0.95760940683293039,1.0067376996480235,True,True,False,4>2>3>1,21,0,0,True,1,0.011357973633536625,0.0040758045613375907,0.0043465036025759421,0.0079005183208144363
10000,0,single,gaussian_matched,0.050000000000000003,47,2,0.02,7.534490595084737,5-<10%,True,False,3,0.020145777081072916,0.44075902770886943,0.077702793863001246,0.065398299563631163,1.1606309234429106,1.10705655097175,1.1220964501997339,1.0135854841514484,,1.023145881931842,False,False,False,,-1,,,False,1,0.0034647364486420839,0.020145777081072916,0.0020645268942145949,0.010969185340897478
10000,0,single,gaussian_matched,0.050000000000000003,47,2,0.050000000000000003,7.534490595084737,5-<10%,True,True,4,0.020145777081072916,0.44075902770886943,0.077702793863001246,0.065398299563631163,1.1606309234429106,1.10705655097175,1.1220964501997339,1.0135854841514484,0.9715376521021597,1.023145881931842,True,True,False,4>2>3>1,21,0,0,True,1,0.0034647364486420839,0.020145777081072916,0.0020645268942145949,0.010969185340897478
10000,0,single,gaussian_matched,0.050000000000000003,47,3,0.02,7.534490595084737,5-<10%,True,False,2,0.030237453548324265,0.53825121732875525,0.10739878147171589,0.068976631851442705,1.1606309234429106,1.139464451961391,1.1344269182054538,0.99557903386343827,,1.036852909697688,False,False,False,,-1,,,False,1,0.012412601906606263,0.018687411655753019,0.025841062415490869,0.030237453548324265
10000,0,single,gaussian_matched,0.050000000000000003,47,3,0.050000000000000003,7.534490595084737,5-<10%,True,True,4,0.030237453548324265,0.53825121732875525,0.10739878147171589,0.068976631851442705,1.1606309234429106,1.139464451961391,1.1344269182054538,0.99557903386343827,0.95329547382120061,1.036852909697688,True,True,False,4>2>3>1,21,0,0,True,1,0.012412601906606263,0.018687411655753019,0.025841062415490869,0.030237453548324265
10000,0,single,gaussian_matched,0.050000000000000003,47,4,0.02,7.534490595084737,5-<10%,True,False,3,0.036235187473532458,0.36257679409149857,0.075368178045709902,0.13974506066236911,1.1606309234429106,1.0833957445099467,1.1111540727398967,1.025621596143989,,1.0777751205280508,False,False,False,,-1,,,False,1,0.0061469577653116055,0.036235187473532458,0.015270641771380527,0.012193955501230385
10000,0,single,gaussian_matched,0.050000000000000003,47,4,0.050000000000000003,7.534490595084737,5-<10%,True,True,4,0.036235187473532458,0.36257679409149857,0.075368178045709902,0.13974506066236911,1.1606309234429106,1.0833957445099467,1.1111540727398967,1.025621596143989,0.98254917857485524,1.0777751205280508,True,True,False,4>2>3>1,21,0,0,True,1,0.0061469577653116055,0.036235187473532458,0.015270641771380527,0.012193955501230385
10000,0,single,gaussian_matched,0.050000000000000003,47,5,0.02,7.534490595084737,5-<10%,True,False,3,0.021256533764852301,0.38748587301730819,0.017319505063399708,0.11716417336361169,1.1606309234429106,1.1455410226541429,1.146271180628462,1.0006373913809103,,1.0885763324694147,False,False,False,,-1,,,False,1,0.01581945956991631,0.021256533764852301,0.017886412606828276,0.014089614629666165
10000,0,single,gaussian_matched,0.050000000000000003,47,5,0.050000000000000003,7.534490595084737,5-<10%,True,True,4,0.021256533764852301,0.38748587301730819,0.017319505063399708,0.11716417336361169,1.1606309234429106,1.1455410226541429,1.146271180628462,1.0006373913809103,0.9698673755228584,1.0885763324694147,True,True,False,4>2>3>1,21,0,0,True,1,0.01581945956991631,0.021256533764852301,0.017886412606828276,0.014089614629666165
10000,0,single,gaussian_matched,0.050000000000000003,47,6,0.02,7.534490595084737,5-<10%,True,False,2,0.033644235482868448,0.49681904811985828,-0.011465423562567176,0.061547678661258751,1.1606309234429106,1.2120072202756813,1.1789307791639807,0.97270936958265219,,1.068796662892169,False,False,False,,-1,,,False,1,0.020192721266870595,0.0093273273335453873,0.0019795978672081608,0.033644235482868448
10000,0,single,gaussian_matched,0.050000000000000003,47,6,0.050000000000000003,7.534490595084737,5-<10%,True,True,4,0.033644235482868448,0.49681904811985828,-0.011465423562567176,0.061547678661258751,1.1606309234429106,1.2120072202756813,1.1789307791639807,0.97270936958265219,0.94805760506967163,1.068796662892169,True,True,False,4>2>3>1,21,0,0,True,1,0.020192721266870595,0.0093273273335453873,0.0019795978672081608,0.033644235482868448
10000,0,single,gaussian_matched,0.050000000000000003,47,7,0.02,7.534490595084737,5-<10%,True,True,4,0.017334915623471482,0.51191051177304969,0.033766413130608373,0.020134289988525535,1.1606309234429106,1.1807357820271562,1.1598695052014443,0.98232773399152218,0.97684433730017739,1.0166916729132041,True,True,False,4>2>3>1,21,0,0,True,1,0.013928915845903476,0.00096091171366190079,0.010854880669509884,0.017334915623471482
10000,0,single,gaussian_matched,0.050000000000000003,47,7,0.050000000000000003,7.534490595084737,5-<10%,True,True,4,0.017334915623471482,0.51191051177304969,0.033766413130608373,0.020134289988525535,1.1606309234429106,1.1807357820271562,1.1598695052014443,0.98232773399152218,0.9509353037070688,1.0166916729132041,True,True,False,4>2>3>1,21,0,0,True,1,0.013928915845903476,0.00096091171366190079,0.010854880669509884,0.017334915623471482
10000,0,single,gaussian_matched,0.050000000000000003,47,8,0.02,7.534490595084737,5-<10%,True,True,4,0.016897408908408056,0.41847032232080461,0.045244572334459637,0.081668246183909679,1.1606309234429106,1.1279753160198118,1.134857382674592,1.006101256434462,0.9966977168919946,1.0481588972744103,True,True,False,4>2>3>1,21,0,0,True,1,0.0097100415222514062,0.016897408908408056,0.010127299427603853,0.003109292392851223
10000,0,single,gaussian_matched,0.050000000000000003,47,8,0.050000000000000003,7.534490595084737,5-<10%,True,True,4,0.016897408908408056,0.41847032232080461,0.045244572334459637,0.081668246183909679,1.1606309234429106,1.1279753160198118,1.134857382674592,1.006101256434462,0.96998414024443924,1.0481588972744103,True,True,False,4>2>3>1,21,0,0,True,1,0.0097100415222514062,0.016897408908408056,0.010127299427603853,0.003109292392851223
10000,0,single,gaussian_matched,0.050000000000000003,47,9,0.02,7.534490595084737,5-<10%,True,False,1,0.05438485920331234,0.60181313957259408,0.06486570843471734,0.10289268524484405,1.1606309234429106,1.2145293162732833,1.1727636308316858,0.96561162840453019,,1.0991059175749052,False,False,False,,-1,,,False,1,0.020514507002311107,0.003193375225076317,0.035720025462453377,0.05438485920331234
10000,0,single,gaussian_matched,0.050000000000000003,47,9,0.050000000000000003,7.534490595084737,5-<10%,True,False,3,0.05438485920331234,0.60181313957259408,0.06486570843471734,0.10289268524484405,1.1606309234429106,1.2145293162732833,1.1727636308316858,0.96561162840453019,,1.0991059175749052,False,False,False,,-1,,,False,1,0.020514507002311107,0.003193375225076317,0.035720025462453377,0.05438485920331234
10000,0,single,gaussian_matched,0.050000000000000003,47,10,0.02,7.534490595084737,5-<10%,True,True,4,0.01812186329211438,0.47264103822450054,0.017707284407879963,0.042324133419915325,1.1606309234429106,1.1749793667369808,1.1588143445154588,0.98624229269113584,0.98187501764018814,1.0349013227842503,True,True,False,4>2>3>1,21,0,0,True,1,0.014871189790353271,0.0005203900471717663,0.00086048200799904585,0.01812186329211438
10000,0,single,gaussian_matched,0.050000000000000003,47,10,0.050000000000000003,7.534490595084737,5-<10%,True,True,4,0.01812186329211438,0.47264103822450054,0.017707284407879963,0.042324133419915325,1.1606309234429106,1.1749793667369808,1.1588143445154588,0.98624229269113584,0.95633082562659921,1.0349013227842503,True,True,False,4>2>3>1,21,0,0,True,1,0.014871189790353271,0.0005203900471717663,0.00086048200799904585,0.01812186329211438
10000,0,single,gaussian_matched,0.050000000000000003,47,11,0.02,7.534490595084737,5-<10%,True,True,4,0.017670829731833974,0.51162971005299718,0.032570454291248829,0.020953262741879367,1.1606309234429106,1.1815829893554493,1.1603746621692008,0.98205092035235075,0.97671817424015561,1.0178325435331101,True,True,False,4>2>3>1,21,0,0,True,1,0.014074876221838164,0.001272563601313545,0.010648732518137661,0.017670829731833974
10000,0,single,gaussian_matched,0.050000000000000003,47,11,0.050000000000000003,7.534490595084737,5-<10%,True,True,4,0.017670829731833974,0.51162971005299718,0.032570454291248829,0.020953262741879367,1.1606309234429106,1.1815829893554493,1.1603746621692008,0.98205092035235075,0.9508427345497894,1.0178325435331101,True,True,False,4>2>3>1,21,0,0,True,1,0.014074876221838164,0.001272563601313545,0.010648732518137661,0.017670829731833974
10000,0,single,gaussian_matched,0.050000000000000003,47,12,0.02,7.534490595084737,5-<10%,True,False,1,0.061005760337376272,0.61629134946222641,0.096083721547011156,0.12508951735204724,1.1606309234429106,1.1925916932290805,1.1649476083703925,0.97682015981191472,,1.1114964280769435,False,False,False,,-1,,,False,1,0.021985115937247016,0.012116283995549168,0.042482707691773661,0.061005760337376272
10000,0,single,gaussian_matched,0.050000000000000003,47,12,0.050000000000000003,7.534490595084737,5-<10%,True,False,3,0.061005760337376272,0.61629134946222641,0.096083721547011156,0.12508951735204724,1.1606309234429106,1.1925916932290805,1.1649476083703925,0.97682015981191472,,1.1114964280769435,False,False,False,,-1,,,False,1,0.021985115937247016,0.012116283995549168,0.042482707691773661,0.061005760337376272
10000,0,single,gaussian_matched,0.050000000000000003,47,13,0.02,7.534490595084737,5-<10%,True,False,3,0.037297821996306865,0.54698245558635195,0.014803392282293271,0.058703937923768504,1.1606309234429106,1.2162602011300641,1.1785149111697362,0.96896610616276224,,1.0659881828957329,False,False,False,,-1,,,False,1,0.018709635921366426,0.0087850510774249348,0.017267631844069958,0.037297821996306865
10000,0,single,gaussian_matched,0.050000000000000003,47,13,0.050000000000000003,7.534490595084737,5-<10%,True,True,4,0.037297821996306865,0.54698245558635195,0.014803392282293271,0.058703937923768504,1.1606309234429106,1.2162602011300641,1.1785149111697362,0.96896610616276224,0.94190241115320961,1.0659881828957329,True,True,False,4>2>3>1,21,0,0,True,1,0.018709635921366426,0.0087850510774249348,0.017267631844069958,0.037297821996306865
10000,0,single,gaussian_matched,0.050000000000000003,47,14,0.02,7.534490595084737,5-<10%,True,False,1,0.062580517837637295,0.60267682078119,0.013309329214065843,0.10903547518332928,1.1606309234429106,1.2523083517033391,1.1963099961773289,0.95528389198247898,,1.1246861039067135,False,False,False,,-1,,,False,1,0.024092915842825205,0.012012677088299763,0.030257737795663986,0.062580517837637295
10000,0,single,gaussian_matched,0.050000000000000003,47,14,0.050000000000000003,7.534490595084737,5-<10%,True,False,3,0.062580517837637295,0.60267682078119,0.013309329214065843,0.10903547518332928,1.1606309234429106,1.2523083517033391,1.1963099961773289,0.95528389198247898,,1.1246861039067135,False,False,False,,-1,,,False,1,0.024092915842825205,0.012012677088299763,0.030257737795663986,0.062580517837637295
10000,0,single,gaussian_matched,0.050000000000000003,47,15,0.02,7.534490595084737,5-<10%,True,True,4,0.017507169515750751,0.4418102291640561,0.068400757624871175,0.061029806743171995,1.1606309234429106,1.1158648670282103,1.1269546239139645,1.0099382615345607,0.9966938488046444,1.0235677911571441,True,True,False,4>2>3>1,21,0,0,True,1,0.0052225522962238702,0.017507169515750751,0.0028106662340352047,0.0066460399943396413
10000,0,single,gaussian_matched,0.050000000000000003,47,15,0.050000000000000003,7.534490595084737,5-<10%,True,True,4,0.017507169515750751,0.4418102291640561,0.068400757624871175,0.061029806743171995,1.1606309234429106,1.1158648670282103,1.1269546239139645,1.0099382615345607,0.96980688496645517,1.0235677911571441,True,True,False,4>2>3>1,21,0,0,True,1,0.0052225522962238702,0.017507169515750751,0.0028106662340352047,0.0066460399943396413
10000,0,single,gaussian_matched,0.050000000000000003,47,16,0.02,7.534490595084737,5-<10%,True,True,4,0.019546354978777651,0.44367670256284225,0.011107088414213116,0.068446858261094617,1.1606309234429106,1.1689516241391251,1.1570484173271804,0.98981719468441576,0.98617616956445553,1.0558871479599647,True,True,False,4>2>3>1,21,0,0,True,1,0.015797505705614386,0.0055571630325078813,0.0084290981444093572,0.019546354978777651
10000,0,single,gaussian_matched,0.050000000000000003,47,16,0.050000000000000003,7.534490595084737,5-<10%,True,True,4,0.019546354978777651,0.44367670256284225,0.011107088414213116,0.068446858261094617,1.1606309234429106,1.1689516241391251,1.1570484173271804,0.98981719468441576,0.96043382144209022,1.0558871479599647,True,True,False,4>2>3>1,21,0,0,True,1,0.015797505705614386,0.0055571630325078813,0.0084290981444093572,0.019546354978777651
10000,0,single,gaussian_matched,0.050000000000000003,47,17,0.02,7.534490595084737,5-<10%,True,False,2,0.046365816689759726,0.52124603184874108,-0.030163576987766116,0.082931254330265769,1.1606309234429106,1.2401693090325494,1.1942194458894431,0.96294871772068635,,1.1003934794630084,False,False,False,,-1,,,False,1,0.023724973388614051,0.016124335892449854,0.0059484022064933461,0.046365816689759726
10000,0,single,gaussian_matched,0.050000000000000003,47,17,0.050000000000000003,7.534490595084737,5-<10%,True,True,4,0.046365816689759726,0.52124603184874108,-0.030163576987766116,0.082931254330265769,1.1606309234429106,1.2401693090325494,1.1942194458894431,0.96294871772068635,0.94160209474706857,1.1003934794630084,True,True,False,4>2>3>1,21,0,0,True,1,0.023724973388614051,0.016124335892449854,0.0059484022064933461,0.046365816689759726
10000,0,single,gaussian_matched,0.050000000000000003,47,18,0.02,7.534490595084737,5-<10%,True,True,4,0.012629023576884389,0.50220612569899326,0.071023283038922178,0.021138718512114005,1.1606309234429106,1.1444811171388045,1.1397491111696365,0.99586536999317388,0.9845877479680254,1.0002213505031192,True,True,False,4>2>3>1,21,0,0,True,1,0.0088082575602655318,0.010572083675798595,0.012629023576884389,0.0070325860817576965
10000,0,single,gaussian_matched,0.050000000000000003,47,18,0.050000000000000003,7.534490595084737,5-<10%,True,True,4,0.012629023576884389,0.50220612569899326,0.071023283038922178,0.021138718512114005,1.1606309234429106,1.1444811171388045,1.1397491111696365,0.99586536999317388,0.95773264476002462,1.0002213505031192,True,True,False,4>2>3>1,21,0,0,True,1,0.0088082575602655318,0.010572083675798595,0.012629023576884389,0.0070325860817576965
10000,0,single,gaussian_matched,0.050000000000000003,47,19,0.02,7.534490595084737,5-<10%,True,False,3,0.02029765453477983,0.46095885382595159,0.011487323557783966,0.054840107050645306,1.1606309234429106,1.1754994263258627,1.1598066054069027,0.98665008202682891,,1.0465400222616887,False,False,False,,-1,,,False,1,0.015782488729993684,0.00094951131647402493,0.0043732539907998386,0.02029765453477983
10000,0,single,gaussian_matched,0.050000000000000003,47,19,0.050000000000000003,7.534490595084737,5-<10%,True,True,4,0.02029765453477983,0.46095885382595159,0.011487323557783966,0.054840107050645306,1.1606309234429106,1.1754994263258627,1.1598066054069027,0.98665008202682891,0.95752902575598575,1.0465400222616887,True,True,False,4>2>3>1,21,0,0,True,1,0.015782488729993684,0.00094951131647402493,0.0043732539907998386,0.02029765453477983
10000,0,single,gaussian_matched,0.050000000000000003,47,20,0.02,7.534490595084737,5-<10%,True,False,2,0.03948623870701904,0.4594120747508153,-0.031394684707983941,0.090953143842010878,1.1606309234429106,1.2142493514012227,1.1825937002782179,0.97392985955769729,,1.0972883958169604,False,False,False,,-1,,,False,1,0.023236385709836046,0.0020754731041755254,0.0093228322774373835,0.03948623870701904
10000,0,single,gaussian_matched,0.050000000000000003,47,20,0.050000000000000003,7.534490595084737,5-<10%,True,True,4,0.03948623870701904,0.4594120747508153,-0.031394684707983941,0.090953143842010878,1.1606309234429106,1.2142493514012227,1.1825937002782179,0.97392985955769729,0.95179679359669078,1.0972883958169604,True,True,False,4>2>3>1,21,0,0,True,1,0.023236385709836046,0.0020754731041755254,0.0093228322774373835,0.03948623870701904
10000,0,single,gaussian_matched,0.050000000000000003,47,21,0.02,7.534490595084737,5-<10%,True,True,4,0.010579652520864508,0.46738676455764022,0.057174954645442595,0.033393159481890158,1.1606309234429106,1.1376402903051896,1.1378474788463246,1.000182121311016,0.98955810945422129,1.0091413339684516,True,True,False,4>2>3>1,21,0,0,True,1,0.0080505921990906611,0.010579652520864508,0.0021166675075437419,0.0005386730598661841
10000,0,single,gaussian_matched,0.050000000000000003,47,21,0.050000000000000003,7.534490595084737,5-<10%,True,True,4,0.010579652520864508,0.46738676455764022,0.057174954645442595,0.033393159481890158,1.1606309234429106,1.1376402903051896,1.1378474788463246,1.000182121311016,0.96311503616946814,1.0091413339684516,True,True,False,4>2>3>1,21,0,0,True,1,0.0080505921990906611,0.010579652520864508,0.0021166675075437419,0.0005386730598661841
10000,0,single,gaussian_matched,0.050000000000000003,47,22,0.02,7.534490595084737,5-<10%,True,True,4,0.016014965899234599,0.44741705966910661,0.01934342953355684,0.060866993737215984,1.1606309234429106,1.1628072751289233,1.1532815156478717,0.99180796363697032,0.98687993730723333,1.046110770324318,True,True,False,4>2>3>1,21,0,0,True,1,0.014310661638906756,0.005495792831910682,0.0067214019400827704,0.016014965899234599
10000,0,single,gaussian_matched,0.050000000000000003,47,22,0.050000000000000003,7.534490595084737,5-<10%,True,True,4,0.016014965899234599,0.44741705966910661,0.01934342953355684,0.060866993737215984,1.1606309234429106,1.1628072751289233,1.1532815156478717,0.99180796363697032,0.9610446373029895,1.046110770324318,True,True,False,4>2>3>1,21,0,0,True,1,0.014310661638906756,0.005495792831910682,0.0067214019400827704,0.016014965899234599
10000,0,single,gaussian_matched,0.050000000000000003,47,23,0.02,7.534490595084737,5-<10%,True,True,4,0.013002061621291609,0.47377618982464637,0.028877941038572167,0.033672386236841226,1.1606309234429106,1.1655712916238588,1.1533451752922863,0.9895106233145643,0.98348944200196098,1.0227347363862609,True,True,False,4>2>3>1,21,0,0,True,1,0.013002061621291609,0.0021102415560831128,0.00063327096399115655,0.012999391839339512
10000,0,single,gaussian_matched,0.050000000000000003,47,23,0.050000000000000003,7.534490595084737,5-<10%,True,True,4,0.013002061621291609,0.47377618982464637,0.028877941038572167,0.033672386236841226,1.1606309234429106,1.1655712916238588,1.1533451752922863,0.9895106233145643,0.95771668736676629,1.0227347363862609,True,True,False,4>2>3>1,21,0,0,True,1,0.013002061621291609,0.0021102415560831128,0.00063327096399115655,0.012999391839339512
10000,0,single,gaussian_matched,0.050000000000000003,47,24,0.02,7.534490595084737,5-<10%,True,False,3,0.0264352460380918,0.44883331606464405,0.10438786505848771,0.074673083574745197,1.1606309234429106,1.0874380768276692,1.1108860619506575,1.0215625934226913,,1.0214781646593947,False,False,False,,-1,,,False,1,0.0023765862620566975,0.0264352460380918,0.0026306868453720334,0.0051398787946156897
10000,0,single,gaussian_matched,0.050000000000000003,47,24,0.050000000000000003,7.534490595084737,5-<10%,True,True,4,0.0264352460380918,0.44883331606464405,0.10438786505848771,0.074673083574745197,1.1606309234429106,1.0874380768276692,1.1108860619506575,1.0215625934226913,0.97430838705680356,1.0214781646593947,True,True,False,4>2>3>1,21,0,0,True,1,0.0023765862620566975,0.0264352460380918,0.0026306868453720334,0.0051398787946156897
10000,0,single,gaussian_matched,0.050000000000000003,47,25,0.02,7.534490595084737,5-<10%,True,True,4,0.019156398806169275,0.49309556515330599,0.019000115268828444,0.03175947219174409,1.1606309234429106,1.1835168640755676,1.1625530459106759,0.98228684457211657,0.97818479920046408,1.0290200734610755,True,True,False,4>2>3>1,21,0,0,True,1,0.015213035906102517,0.0030914975671656941,0.0044238514725341615,0.019156398806169275
10000,0,single,gaussian_matched,0.050000000000000003,47,25,0.050000000000000003,7.534490595084737,5-<10%,True,True,4,0.019156398806169275,0.49309556515330599,0.019000115268828444,0.03175947219174409,1.1606309234429106,1.1835168640755676,1.1625530459106759,0.98228684457211657,0.95269855511895785,1.0290200734610755,True,True,False,4>2>3>1,21,0,0,True,1,0.015213035906102517,0.0030914975671656941,0.0044238514725341615,0.019156398806169275
10000,0,single,gaussian_matched,0.050000000000000003,47,26,0.02,7.534490595084737,5-<10%,True,True,4,0.01772810112405028,0.4742324082030917,0.01876377702586773,0.040492843969049695,1.1606309234429106,1.1747587926914247,1.158594210153056,0.98624008380364203,0.98174422431077712,1.0331338153261662,True,True,False,4>2>3>1,21,0,0,True,1,0.014723907870612051,0.00052671329491541863,0.0003523237252229857,0.01772810112405028
10000,0,single,gaussian_matched,0.050000000000000003,47,26,0.050000000000000003,7.534490595084737,5-<10%,True,True,4,0.01772810112405028,0.4742324082030917,0.01876377702586773,0.040492843969049695,1.1606309234429106,1.1747587926914247,1.158594210153056,0.98624008380364203,0.95618919426552962,1.0331338153261662,True,True,False,4>2>3>1,21,0,0,True,1,0.014723907870612051,0.00052671329491541863,0.0003523237252229857,0.01772810112405028
10000,0,single,gaussian_matched,0.050000000000000003,47,27,0.02,7.534490595084737,5-<10%,True,True,4,0.013469634310188381,0.46131230885258517,0.026425736527665208,0.045304341343637457,1.1606309234429106,1.1621426899043135,1.1520975565084053,0.99135636829868523,0.98547448548277738,1.0316818841083901,True,True,False,4>2>3>1,21,0,0,True,1,0.013165148730408905,0.0036402556358481417,0.0026940130237979015,0.013469634310188381
10000,0,single,gaussian_matched,0.050000000000000003,47,27,0.050000000000000003,7.534490595084737,5-<10%,True,True,4,0.013469634310188381,0.46131230885258517,0.026425736527665208,0.045304341343637457,1.1606309234429106,1.1621426899043135,1.1520975565084053,0.99135636829868523,0.9596589647957654,1.0316818841083901,True,True,False,4>2>3>1,21,0,0,True,1,0.013165148730408905,0.0036402556358481417,0.0026940130237979015,0.013469634310188381
10000,0,single,gaussian_matched,0.050000000000000003,47,28,0.02,7.534490595084737,5-<10%,True,False,2,0.060373223430570402,0.52975379251671728,-0.058467982403610022,0.11247484774756406,1.1606309234429106,1.2690213960267356,1.2110970881436431,0.95435513690750085,,1.1403900319706683,False,False,False,,-1,,,False,1,0.028266402349489596,0.01823395293544133,0.0048326470289648598,0.060373223430570402
10000,0,single,gaussian_matched,0.050000000000000003,47,28,0.050000000000000003,7.534490595084737,5-<10%,True,False,3,0.060373223430570402,0.52975379251671728,-0.058467982403610022,0.11247484774756406,1.1606309234429106,1.2690213960267356,1.2110970881436431,0.95435513690750085,,1.1403900319706683,False,False,False,,-1,,,False,1,0.028266402349489596,0.01823395293544133,0.0048326470289648598,0.060373223430570402
10000,0,single,gaussian_matched,0.050000000000000003,47,29,0.02,7.534490595084737,5-<10%,True,False,2,0.028432459461664089,0.50052541838183373,0.1305990714298208,0.080600783990140715,1.1606309234429106,1.0967803623323746,1.1130699923710898,1.0148522262051394,,1.0284671485577088,False,False,False,,-1,,,False,1,0.0093028064157139045,0.028432459461664089,0.018430751488012643,0.023726063618798223
10000,0,single,gaussian_matched,0.050000000000000003,47,29,0.050000000000000003,7.534490595084737,5-<10%,True,True,4,0.028432459461664089,0.50052541838183373,0.1305990714298208,0.080600783990140715,1.1606309234429106,1.0967803623323746,1.1130699923710898,1.0148522262051394,0.96555610655322976,1.0284671485577088,True,True,False,4>2>3>1,21,0,0,True,1,0.0093028064157139045,0.028432459461664089,0.018430751488012643,0.023726063618798223
10000,0,single,gaussian_matched,0.050000000000000003,47,30,0.02,7.534490595084737,5-<10%,True,False,2,0.031923174472303521,0.54433514699357743,0.10561461752367357,0.071123771984102593,1.1606309234429106,1.1449876884813792,1.1370920922201799,0.99310420859487902,,1.0409992012105067,False,False,False,,-1,,,False,1,0.01306330755351026,0.017832439831739703,0.027073422918034457,0.031923174472303521
10000,0,single,gaussian_matched,0.050000000000000003,47,30,0.050000000000000003,7.534490595084737,5-<10%,True,True,4,0.031923174472303521,0.54433514699357743,0.10561461752367357,0.071123771984102593,1.1606309234429106,1.1449876884813792,1.1370920922201799,0.99310420859487902,0.9515845263262892,1.0409992012105067,True,True,False,4>2>3>1,21,0,0,True,1,0.01306330755351026,0.017832439831739703,0.027073422918034457,0.031923174472303521
10000,0,single,gaussian_matched,0.050000000000000003,47,31,0.02,7.534490595084737,5-<10%,True,True,4,0.018703485177142987,0.47411802515711793,0.016644229488959966,0.042219474749844395,1.1606309234429106,1.176595149797703,1.1596591330538666,0.98560590977555174,0.98142216190653797,1.0355390189315674,True,True,False,4>2>3>1,21,0,0,True,1,0.015081011501072787,0.001031959095158963,0.00060726303601652844,0.018703485177142987
10000,0,single,gaussian_matched,0.050000000000000003,47,31,0.050000000000000003,7.534490595084737,5-<10%,True,True,4,0.018703485177142987,0.47411802515711793,0.016644229488959966,0.042219474749844395,1.1606309234429106,1.176595149797703,1.1596591330538666,0.98560590977555174,0.95591034600515168,1.0355390189315674,True,True,False,4>2>3>1,21,0,0,True,1,0.015081011501072787,0.001031959095158963,0.00060726303601652844,0.018703485177142987
