budget,seed,mode,init_name,init_sigma,layout_index,draw_id,tolerance,gap_percent,gap_bin,numeric_valid,success,visited_count,worst_distance,initial_x,initial_y,initial_offset,optimal_nominal,optimal_sampled_start,path_length,path_length_ratio_sampled_start,completion_length_ratio_sampled_start,path_plus_connector_ratio_nominal,success_with_connector,order_evaluable,order_ambiguous,actual_order,order_class,order_excess_nominal_percent,order_excess_sampled_start_percent,success_nearopt_order,available_nearopt_center_orders,target_1_distance,target_2_distance,target_3_distance,target_4_distance
10000,0,single,gaussian_matched,0.050000000000000003,984,0,0.02,15.73886827177944,>=10%,True,False,3,0.020450732780500573,0.4531776581624602,0.059781142001838004,0.047833068415182707,1.3525457298725876,1.3135379599537469,1.3312535706711579,1.0134869423324735,,1.0196229292862824,False,False,False,,-1,,,False,1,0.012872891538988379,0.0006857897806552218,0.0070101209003420525,0.020450732780500573
10000,0,single,gaussian_matched,0.050000000000000003,984,0,0.050000000000000003,15.73886827177944,>=10%,True,True,4,0.020450732780500573,0.4531776581624602,0.059781142001838004,0.047833068415182707,1.3525457298725876,1.3135379599537469,1.3312535706711579,1.0134869423324735,0.98520423659364131,1.0196229292862824,True,True,False,4>3>2>1,23,0,0,True,1,0.012872891538988379,0.0006857897806552218,0.0070101209003420525,0.020450732780500573
10000,0,single,gaussian_matched,0.050000000000000003,984,1,0.02,15.73886827177944,>=10%,True,True,4,0.0074127632950980842,0.49887258843601218,0.031769130509369733,0.01826569624238307,1.3525457298725876,1.3648802229374808,1.3580242279331922,0.99497685226214705,0.98567731703427219,1.0175551878051654,True,True,False,4>3>2>1,23,0,0,True,1,0.0074127632950980842,0.0020415907121148465,0.0064177812266782283,0.0027373679255694758
10000,0,single,gaussian_matched,0.050000000000000003,984,1,0.050000000000000003,15.73886827177944,>=10%,True,True,4,0.0074127632950980842,0.49887258843601218,0.031769130509369733,0.01826569624238307,1.3525457298725876,1.3648802229374808,1.3580242279331922,0.99497685226214705,0.96367611995463875,1.0175551878051654,True,True,False,4>3>2>1,23,0,0,True,1,0.0074127632950980842,0.0020415907121148465,0.0064177812266782283,0.0027373679255694758
10000,0,single,gaussian_matched,0.050000000000000003,984,2,0.02,15.73886827177944,>=10%,True,False,3,0.027386132731764302,0.4475996723703749,0.032425264516570781,0.055269029872113351,1.3525457298725876,1.3313808048214621,1.3476319782876791,1.0122062548951922,,1.0372300005648964,False,False,False,,-1,,,False,1,0.012492066482372938,0.0027017293312538984,0.0016772886805841794,0.027386132731764302
10000,0,single,gaussian_matched,0.050000000000000003,984,2,0.050000000000000003,15.73886827177944,>=10%,True,True,4,0.027386132731764302,0.4475996723703749,0.032425264516570781,0.055269029872113351,1.3525457298725876,1.3313808048214621,1.3476319782876791,1.0122062548951922,0.98384442886540868,1.0372300005648964,True,True,False,4>3>2>1,23,0,0,True,1,0.012492066482372938,0.0027017293312538984,0.0016772886805841794,0.027386132731764302
10000,0,single,gaussian_matched,0.050000000000000003,984,3,0.02,15.73886827177944,>=10%,True,False,2,0.046261718280589545,0.59431066266903732,0.078207706415619471,0.098438690535290696,1.3525457298725876,1.4080678685898818,1.3547278492103452,0.96211828948774014,,1.074393647217035,False,False,False,,-1,,,False,1,0.004390051881121587,0.00070852176928222184,0.020178858255094221,0.046261718280589545
10000,0,single,gaussian_matched,0.050000000000000003,984,3,0.050000000000000003,15.73886827177944,>=10%,True,True,4,0.046261718280589545,0.59431066266903732,0.078207706415619471,0.098438690535290696,1.3525457298725876,1.4080678685898818,1.3547278492103452,0.96211828948774014,0.92725882231650925,1.074393647217035,True,True,False,4>3>2>1,23,0,0,True,1,0.004390051881121587,0.00070852176928222184,0.020178858255094221,0.046261718280589545
10000,0,single,gaussian_matched,0.050000000000000003,984,4,0.02,15.73886827177944,>=10%,True,False,2,0.026515728732514406,0.54983345778741155,-0.017787869101665452,0.084134230325083853,1.3525457298725876,1.4358914612373121,1.3970385403278196,0.97294160320724177,,1.0950999570213664,False,False,False,,-1,,,False,1,0.0036965283577362089,0.010663026754829726,0.026515728732514406,0.022877058643661064
10000,0,single,gaussian_matched,0.050000000000000003,984,4,0.050000000000000003,15.73886827177944,>=10%,True,True,4,0.026515728732514406,0.54983345778741155,-0.017787869101665452,0.084134230325083853,1.3525457298725876,1.4358914612373121,1.3970385403278196,0.97294160320724177,0.93819931948856916,1.0950999570213664,True,True,False,4>3>2>1,23,0,0,True,1,0.0036965283577362089,0.010663026754829726,0.026515728732514406,0.022877058643661064
10000,0,single,gaussian_matched,0.050000000000000003,984,5,0.02,15.73886827177944,>=10%,True,True,4,0.010065053041291879,0.48316542713078325,0.06040443146087468,0.019790276342512434,1.3525457298725876,1.3333135893746648,1.3373954811762574,1.0030614641852611,0.99561003391940661,1.0034305883665902,True,True,False,4>3>2>1,23,0,0,True,1,0.010065053041291879,0.0012604075813323599,0.0025840703528429571,0.008846818470832133
10000,0,single,gaussian_matched,0.050000000000000003,984,5,0.050000000000000003,15.73886827177944,>=10%,True,True,4,0.010065053041291879,0.48316542713078325,0.06040443146087468,0.019790276342512434,1.3525457298725876,1.3333135893746648,1.3373954811762574,1.0030614641852611,0.97310950243859418,1.0034305883665902,True,True,False,4>3>2>1,23,0,0,True,1,0.010065053041291879,0.0012604075813323599,0.0025840703528429571,0.008846818470832133
10000,0,single,gaussian_matched,0.050000000000000003,984,6,0.02,15.73886827177944,>=10%,True,False,3,0.025108817956430933,0.45246573785801569,0.035759808162123756,0.049621458472745433,1.3525457298725876,1.3316946496538646,1.3463945864049796,1.0110385190440885,,1.0321396268126419,False,False,False,,-1,,,False,1,0.01210387996409701,0.0022202937765001761,0.0016972124469369144,0.025108817956430933
10000,0,single,gaussian_matched,0.050000000000000003,984,6,0.050000000000000003,15.73886827177944,>=10%,True,True,4,0.025108817956430933,0.45246573785801569,0.035759808162123756,0.049621458472745433,1.3525457298725876,1.3316946496538646,1.3463945864049796,1.0110385190440885,0.98243090569625668,1.0321396268126419,True,True,False,4>3>2>1,23,0,0,True,1,0.01210387996409701,0.0022202937765001761,0.0016972124469369144,0.025108817956430933
10000,0,single,gaussian_matched,0.050000000000000003,984,7,0.02,15.73886827177944,>=10%,True,True,4,0.019986711823447089,0.46717827769649478,-0.053378871957413865,0.1084640798705073,1.3525457298725876,1.413176980771969,1.4068634648278828,0.99553239542535055,0.98710014302320581,1.1203521708956463,True,True,False,4>3>2>1,23,0,0,True,1,0.010388611551209553,0.01346396915891609,0.019986711823447089,0.016765734756813082
10000,0,single,gaussian_matched,0.050000000000000003,984,7,0.050000000000000003,15.73886827177944,>=10%,True,True,4,0.019986711823447089,0.46717827769649478,-0.053378871957413865,0.1084640798705073,1.3525457298725876,1.413176980771969,1.4068634648278828,0.99553239542535055,0.96512411113088781,1.1203521708956463,True,True,False,4>3>2>1,23,0,0,True,1,0.010388611551209553,0.01346396915891609,0.019986711823447089,0.016765734756813082
10000,0,single,gaussian_matched,0.050000000000000003,984,8,0.02,15.73886827177944,>=10%,True,False,3,0.042795932660230351,0.5564610181685079,0.13796294063835357,0.104524281860107,1.3525457298725876,1.3447052144324811,1.314019876634446,0.97718062109918602,,1.0487957095751452,False,False,False,,-1,,,False,1,0.010281579574228903,0.012107967475754388,0.0099882681067807871,0.042795932660230351
10000,0,single,gaussian_matched,0.050000000000000003,984,8,0.050000000000000003,15.73886827177944,>=10%,True,True,4,0.042795932660230351,0.5564610181685079,0.13796294063835357,0.104524281860107,1.3525457298725876,1.3447052144324811,1.314019876634446,0.97718062109918602,0.94579354072718369,1.0487957095751452,True,True,False,4>3>2>1,23,0,0,True,1,0.010281579574228903,0.012107967475754388,0.0099882681067807871,0.042795932660230351
10000,0,single,gaussian_matched,0.050000000000000003,984,9,0.02,15.73886827177944,>=10%,True,False,1,0.029680577726130523,0.38823162171831815,0.097105725697498119,0.12128940504926662,1.3525457298725876,1.2441312689505348,1.293167808780403,1.0394142813171412,,1.045774041194832,False,False,False,,-1,,,False,1,0.020522343589559917,0.0036545133656082159,0.024332921911194901,0.029680577726130523
10000,0,single,gaussian_matched,0.050000000000000003,984,9,0.050000000000000003,15.73886827177944,>=10%,True,True,4,0.029680577726130523,0.38823162171831815,0.097105725697498119,0.12128940504926662,1.3525457298725876,1.2441312689505348,1.293167808780403,1.0394142813171412,1.0157188964709893,1.045774041194832,True,True,False,4>3>2>1,23,0,0,True,1,0.020522343589559917,0.0036545133656082159,0.024332921911194901,0.029680577726130523
10000,0,single,gaussian_matched,0.050000000000000003,984,10,0.02,15.73886827177944,>=10%,True,True,4,0.011324949175732207,0.51571858965488948,0.022901861581707952,0.031327035711597645,1.3525457298725876,1.3829010175353986,1.3667419287214688,0.98831507923630824,0.97768997058869422,1.0336574457743231,True,True,False,4>3>2>1,23,0,0,True,1,0.0055079126913605229,0.0032562331906622714,0.011324949175732207,0.0055576062940907419
10000,0,single,gaussian_matched,0.050000000000000003,984,10,0.050000000000000003,15.73886827177944,>=10%,True,True,4,0.011324949175732207,0.51571858965488948,0.022901861581707952,0.031327035711597645,1.3525457298725876,1.3829010175353986,1.3667419287214688,0.98831507923630824,0.95597104848865933,1.0336574457743231,True,True,False,4>3>2>1,23,0,0,True,1,0.0055079126913605229,0.0032562331906622714,0.011324949175732207,0.0055576062940907419
10000,0,single,gaussian_matched,0.050000000000000003,984,11,0.02,15.73886827177944,>=10%,True,False,2,0.059154724438265513,0.62019410069426206,0.066532733081322737,0.12132581384371864,1.3525457298725876,1.4361234260971039,1.3668036323823556,0.95173131190879889,,1.1002433510076282,False,False,False,,-1,,,False,1,0.0042968103956547172,0.0032154549836847014,0.027139698812527729,0.059154724438265513
10000,0,single,gaussian_matched,0.050000000000000003,984,11,0.050000000000000003,15.73886827177944,>=10%,True,False,3,0.059154724438265513,0.62019410069426206,0.066532733081322737,0.12132581384371864,1.3525457298725876,1.4361234260971039,1.3668036323823556,0.95173131190879889,,1.1002433510076282,False,False,False,,-1,,,False,1,0.0042968103956547172,0.0032154549836847014,0.027139698812527729,0.059154724438265513
10000,0,single,gaussian_matched,0.050000000000000003,984,12,0.02,15.73886827177944,>=10%,True,False,3,0.026246649454414208,0.44280866831679333,0.053767215043278714,0.05731527134089888,1.3525457298725876,1.3115736831240428,1.3329427242850151,1.0162926730201489,,1.0278824330448915,False,False,False,,-1,,,False,1,0.013645313168050293,0.00021184252529078915,0.0071538847911686307,0.026246649454414208
10000,0,single,gaussian_matched,0.050000000000000003,984,12,0.050000000000000003,15.73886827177944,>=10%,True,True,4,0.026246649454414208,0.44280866831679333,0.053767215043278714,0.05731527134089888,1.3525457298725876,1.3115736831240428,1.3329427242850151,1.0162926730201489,0.98852263836917564,1.0278824330448915,True,True,False,4>3>2>1,23,0,0,True,1,0.013645313168050293,0.00021184252529078915,0.0071538847911686307,0.026246649454414208
10000,0,single,gaussian_matched,0.050000000000000003,984,13,0.02,15.73886827177944,>=10%,True,True,4,0.018880768270648714,0.53952128861825066,0.0085464946438347719,0.057274124701829264,1.3525457298725876,1.4098056594236059,1.3798866684155113,0.9787779323993302,0.96628420376791002,1.0625598538932388,True,True,False,4>3>2>1,23,0,0,True,1,0.0030952136626796779,0.0060931973041557326,0.018880768270648714,0.017422198307504164
10000,0,single,gaussian_matched,0.050000000000000003,984,13,0.050000000000000003,15.73886827177944,>=10%,True,True,4,0.018880768270648714,0.53952128861825066,0.0085464946438347719,0.057274124701829264,1.3525457298725876,1.4098056594236059,1.3798866684155113,0.9787779323993302,0.94496692990110609,1.0625598538932388,True,True,False,4>3>2>1,23,0,0,True,1,0.0030952136626796779,0.0060931973041557326,0.018880768270648714,0.017422198307504164
10000,0,single,gaussian_matched,0.050000000000000003,984,14,0.02,15.73886827177944,>=10%,True,False,3,0.026308543410616534,0.50620677178089102,-0.052028791935896088,0.10221740751867286,1.3525457298725876,1.43411728956764,1.4109439207657133,0.98384137129473348,,1.118750586293987,False,False,False,,-1,,,False,1,0.0075812556317163653,0.014014908391590695,0.026308543410616534,0.0019658631383491286
10000,0,single,gaussian_matched,0.050000000000000003,984,14,0.050000000000000003,15.73886827177944,>=10%,True,True,4,0.026308543410616534,0.50620677178089102,-0.052028791935896088,0.10221740751867286,1.3525457298725876,1.43411728956764,1.4109439207657133,0.98384137129473348,0.95110057591393737,1.118750586293987,True,True,False,4>3>2>1,23,0,0,True,1,0.0075812556317163653,0.014014908391590695,0.026308543410616534,0.0019658631383491286
10000,0,single,gaussian_matched,0.050000000000000003,984,15,0.02,15.73886827177944,>=10%,True,True,4,0.01422794891460042,0.46548169478664309,0.10953249815979879,0.0688159264411147,1.3525457298725876,1.2865469795716136,1.3036591871753125,1.0133008804772887,1.0087590109284095,1.0147347208332225,True,True,False,4>3>2>1,23,0,0,True,1,0.01422794891460042,0.0067802625397635546,0.0090917955327107728,0.0015865008869813432
10000,0,single,gaussian_matched,0.050000000000000003,984,15,0.050000000000000003,15.73886827177944,>=10%,True,True,4,0.01422794891460042,0.46548169478664309,0.10953249815979879,0.0688159264411147,1.3525457298725876,1.2865469795716136,1.3036591871753125,1.0133008804772887,0.98535150626993784,1.0147347208332225,True,True,False,4>3>2>1,23,0,0,True,1,0.01422794891460042,0.0067802625397635546,0.0090917955327107728,0.0015865008869813432
10000,0,single,gaussian_matched,0.050000000000000003,984,16,0.02,15.73886827177944,>=10%,True,True,4,0.010491715926414838,0.52602318602387022,0.043538876125738632,0.026813286492921834,1.3525457298725876,1.3757556045177279,1.3569205135940721,0.98630927552698688,0.97560682583966518,1.0230587916737901,True,True,False,4>3>2>1,23,0,0,True,1,0.0052761716942161634,0.00047530032597285353,0.0092362561510878054,0.010491715926414838
10000,0,single,gaussian_matched,0.050000000000000003,984,16,0.050000000000000003,15.73886827177944,>=10%,True,True,4,0.010491715926414838,0.52602318602387022,0.043538876125738632,0.026813286492921834,1.3525457298725876,1.3757556045177279,1.3569205135940721,0.98630927552698688,0.95380019469876209,1.0230587916737901,True,True,False,4>3>2>1,23,0,0,True,1,0.0052761716942161634,0.00047530032597285353,0.0092362561510878054,0.010491715926414838
10000,0,single,gaussian_matched,0.050000000000000003,984,17,0.02,15.73886827177944,>=10%,True,True,4,0.0079939495722243879,0.50877065877564298,0.065415762196583349,0.0177361263938993,1.3525457298725876,1.348240861866127,1.3403488181807268,0.99414641410995608,0.98521522080082047,1.0040953992014454,True,True,False,4>3>2>1,23,0,0,True,1,0.0079939495722243879,0.0023268867138416241,0.0021757632235575482,0.0034273765773503002
10000,0,single,gaussian_matched,0.050000000000000003,984,17,0.050000000000000003,15.73886827177944,>=10%,True,True,4,0.0079939495722243879,0.50877065877564298,0.065415762196583349,0.0177361263938993,1.3525457298725876,1.348240861866127,1.3403488181807268,0.99414641410995608,0.96294922582346187,1.0040953992014454,True,True,False,4>3>2>1,23,0,0,True,1,0.0079939495722243879,0.0023268867138416241,0.0021757632235575482,0.0034273765773503002
10000,0,single,gaussian_matched,0.050000000000000003,984,18,0.02,15.73886827177944,>=10%,True,True,4,0.012455399942027934,0.47830243452393628,0.015557748441993584,0.040706916365318903,1.3525457298725876,1.3635948693600743,1.364024948247792,1.0003154007816994,0.99202779515764261,1.0385836379413502,True,True,False,4>3>2>1,23,0,0,True,1,0.0090301189984172275,0.0043144871498329244,0.0067712926592111431,0.012455399942027934
10000,0,single,gaussian_matched,0.050000000000000003,984,18,0.050000000000000003,15.73886827177944,>=10%,True,True,4,0.012455399942027934,0.47830243452393628,0.015557748441993584,0.040706916365318903,1.3525457298725876,1.3635948693600743,1.364024948247792,1.0003154007816994,0.96992369496728115,1.0385836379413502,True,True,False,4>3>2>1,23,0,0,True,1,0.0090301189984172275,0.0043144871498329244,0.0067712926592111431,0.012455399942027934
10000,0,single,gaussian_matched,0.050000000000000003,984,19,0.02,15.73886827177944,>=10%,True,True,4,0.011925400980258998,0.47953241818057962,0.051108678302620315,0.020497587007093511,1.3525457298725876,1.3375477507456779,1.3422439928350718,1.0035110836878727,0.99602464410214753,1.0075382663553551,True,True,False,4>3>2>1,23,0,0,True,1,0.010002293899546979,7.2048079530116378e-05,0.0010811989429626294,0.011925400980258998
10000,0,single,gaussian_matched,0.050000000000000003,984,19,0.050000000000000003,15.73886827177944,>=10%,True,True,4,0.011925400980258998,0.47953241818057962,0.051108678302620315,0.020497587007093511,1.3525457298725876,1.3375477507456779,1.3422439928350718,1.0035110836878727,0.97359087915026321,1.0075382663553551,True,True,False,4>3>2>1,23,0,0,True,1,0.010002293899546979,7.2048079530116378e-05,0.0010811989429626294,0.011925400980258998
10000,0,single,gaussian_matched,0.050000000000000003,984,20,0.02,15.73886827177944,>=10%,True,False,3,0.035699231647482871,0.42933451240903237,0.012472595093278957,0.080011981949594219,1.3525457298725876,1.3373056319735372,1.3576157844988814,1.0151873678235928,,1.0629051090079615,False,False,False,,-1,,,False,1,0.013881316602272381,0.0054302866944308829,2.2242323864203492e-06,0.035699231647482871
10000,0,single,gaussian_matched,0.050000000000000003,984,20,0.050000000000000003,15.73886827177944,>=10%,True,True,4,0.035699231647482871,0.42933451240903237,0.012472595093278957,0.080011981949594219,1.3525457298725876,1.3373056319735372,1.3576157844988814,1.0151873678235928,0.98772105280878231,1.0629051090079615,True,True,False,4>3>2>1,23,0,0,True,1,0.013881316602272381,0.0054302866944308829,2.2242323864203492e-06,0.035699231647482871
10000,0,single,gaussian_matched,0.050000000000000003,984,21,0.02,15.73886827177944,>=10%,True,False,2,0.05771356203188862,0.61730407977876811,0.069125907544851026,0.11885304990683992,1.3525457298725876,1.4322891367509405,1.3648470999832703,0.95291311297615622,,1.0969685661052493,False,False,False,,-1,,,False,1,0.0043929748131948838,0.0025855412742164349,0.026213471713254839,0.05771356203188862
10000,0,single,gaussian_matched,0.050000000000000003,984,21,0.050000000000000003,15.73886827177944,>=10%,True,False,3,0.05771356203188862,0.61730407977876811,0.069125907544851026,0.11885304990683992,1.3525457298725876,1.4322891367509405,1.3648470999832703,0.95291311297615622,,1.0969685661052493,False,False,False,,-1,,,False,1,0.0043929748131948838,0.0025855412742164349,0.026213471713254839,0.05771356203188862
10000,0,single,gaussian_matched,0.050000000000000003,984,22,0.02,15.73886827177944,>=10%,True,True,4,0.013041811143626509,0.4947520750262327,-0.00074100375374198946,0.051011667081830893,1.3525457298725876,1.3866262742366373,1.3771227388826559,0.9931462892846068,0.98339312847662497,1.0558862258202684,True,True,False,4>3>2>1,23,0,0,True,1,0.0072278049840831995,0.0063782061704590314,0.013041811143626509,0.0042931618407592628
10000,0,single,gaussian_matched,0.050000000000000003,984,22,0.050000000000000003,15.73886827177944,>=10%,True,True,4,0.013041811143626509,0.4947520750262327,-0.00074100375374198946,0.051011667081830893,1.3525457298725876,1.3866262742366373,1.3771227388826559,0.9931462892846068,0.96160717011211172,1.0558862258202684,True,True,False,4>3>2>1,23,0,0,True,1,0.0072278049840831995,0.0063782061704590314,0.013041811143626509,0.0042931618407592628
10000,0,single,gaussian_matched,0.050000000000000003,984,23,0.02,15.73886827177944,>=10%,True,False,2,0.027760745251825106,0.56043787187021266,0.013974673971582016,0.070360219383214351,1.3525457298725876,1.4210910781684176,1.3810418100821882,0.97181794418282663,,1.0730890626538205,False,False,False,,-1,,,False,1,0.0013146939403531211,0.0063536251047813146,0.021941493711358655,0.027760745251825106
10000,0,single,gaussian_matched,0.050000000000000003,984,23,0.050000000000000003,15.73886827177944,>=10%,True,True,4,0.027760745251825106,0.56043787187021266,0.013974673971582016,0.070360219383214351,1.3525457298725876,1.4210910781684176,1.3810418100821882,0.97181794418282663,0.93705510265859915,1.0730890626538205,True,True,False,4>3>2>1,23,0,0,True,1,0.0013146939403531211,0.0063536251047813146,0.021941493711358655,0.027760745251825106
10000,0,single,gaussian_matched,0.050000000000000003,984,24,0.02,15.73886827177944,>=10%,True,False,3,0.038884771358710678,0.55723120681825666,0.12533279096262956,0.094606767348289142,1.3525457298725876,1.3516376487007893,1.3206825693326518,0.9770980932664225,,1.0463892683423457,False,False,False,,-1,,,False,1,0.0091883736929326051,0.010305477765007584,0.010471737507895412,0.038884771358710678
10000,0,single,gaussian_matched,0.050000000000000003,984,24,0.050000000000000003,15.73886827177944,>=10%,True,True,4,0.038884771358710678,0.55723120681825666,0.12533279096262956,0.094606767348289142,1.3525457298725876,1.3516376487007893,1.3206825693326518,0.9770980932664225,0.94525172011884384,1.0463892683423457,True,True,False,4>3>2>1,23,0,0,True,1,0.0091883736929326051,0.010305477765007584,0.010471737507895412,0.038884771358710678
10000,0,single,gaussian_matched,0.050000000000000003,984,25,0.02,15.73886827177944,>=10%,True,True,4,0.017825976141101433,0.54071803572291732,0.050230658968944616,0.040718689034554216,1.3525457298725876,1.3822093446951103,1.3564945175100096,0.98139585202213142,0.97001304517361908,1.0330247441439069,True,True,False,4>3>2>1,23,0,0,True,1,0.0043282468557542843,0.00018682761236283501,0.011264716095225858,0.017825976141101433
10000,0,single,gaussian_matched,0.050000000000000003,984,25,0.050000000000000003,15.73886827177944,>=10%,True,True,4,0.017825976141101433,0.54071803572291732,0.050230658968944616,0.040718689034554216,1.3525457298725876,1.3822093446951103,1.3564945175100096,0.98139585202213142,0.94829691390611648,1.0330247441439069,True,True,False,4>3>2>1,23,0,0,True,1,0.0043282468557542843,0.00018682761236283501,0.011264716095225858,0.017825976141101433
10000,0,single,gaussian_matched,0.050000000000000003,984,26,0.02,15.73886827177944,>=10%,True,True,4,0.0092652751501501249,0.50311202273175892,0.022233412033985246,0.027940438306465771,1.3525457298725876,1.3747609191670722,1.3646225279563609,0.99262534229089527,0.98280667640892239,1.0295866051005971,True,True,False,4>3>2>1,23,0,0,True,1,0.0067266570217888568,0.0032656380005390362,0.0092652751501501249,0.0005717716018765937
10000,0,single,gaussian_matched,0.050000000000000003,984,26,0.050000000000000003,15.73886827177944,>=10%,True,True,4,0.0092652751501501249,0.50311202273175892,0.022233412033985246,0.027940438306465771,1.3525457298725876,1.3747609191670722,1.3646225279563609,0.99262534229089527,0.96094449626030076,1.0295866051005971,True,True,False,4>3>2>1,23,0,0,True,1,0.0067266570217888568,0.0032656380005390362,0.0092652751501501249,0.0005717716018765937
10000,0,single,gaussian_matched,0.050000000000000003,984,27,0.02,15.73886827177944,>=10%,True,False,3,0.035187274722943529,0.57444036007638799,0.064239217732942389,0.075789989642092187,1.3525457298725876,1.3997829635666164,1.3570115266551621,0.96944423669618496,,1.0593368376773677,False,False,False,,-1,,,False,1,0.0033201917605355257,0.00031231227006659417,0.016986547438056408,0.035187274722943529
10000,0,single,gaussian_matched,0.050000000000000003,984,27,0.050000000000000003,15.73886827177944,>=10%,True,True,4,0.035187274722943529,0.57444036007638799,0.064239217732942389,0.075789989642092187,1.3525457298725876,1.3997829635666164,1.3570115266551621,0.96944423669618496,0.93509729604719094,1.0593368376773677,True,True,False,4>3>2>1,23,0,0,True,1,0.0033201917605355257,0.00031231227006659417,0.016986547438056408,0.035187274722943529
10000,0,single,gaussian_matched,0.050000000000000003,984,28,0.02,15.73886827177944,>=10%,True,False,3,0.024603947166973811,0.45346201848071688,0.033308726338905359,0.049440695184419577,1.3525457298725876,1.334240908788664,1.3481560208448222,1.0104292350538042,,1.0333082905528805,False,False,False,,-1,,,False,1,0.011933815724567566,0.002503219540799885,0.0010011402417173516,0.024603947166973811
10000,0,single,gaussian_matched,0.050000000000000003,984,28,0.050000000000000003,15.73886827177944,>=10%,True,True,4,0.024603947166973811,0.45346201848071688,0.033308726338905359,0.049440695184419577,1.3525457298725876,1.334240908788664,1.3481560208448222,1.0104292350538042,0.98172857432988692,1.0333082905528805,True,True,False,4>3>2>1,23,0,0,True,1,0.011933815724567566,0.002503219540799885,0.0010011402417173516,0.024603947166973811
10000,0,single,gaussian_matched,0.050000000000000003,984,29,0.02,15.73886827177944,>=10%,True,True,4,0.010163768626830778,0.48738923543642931,0.070333954442005547,0.023926994924715624,1.3525457298725876,1.3292927599999955,1.3324153317549245,1.0023490474400305,0.99494052426675739,1.0028070006974257,True,True,False,4>3>2>1,23,0,0,True,1,0.010163768626830778,0.0025347144296445309,0.0030341167847599752,0.0044604005257271777
10000,0,single,gaussian_matched,0.050000000000000003,984,29,0.050000000000000003,15.73886827177944,>=10%,True,True,4,0.010163768626830778,0.48738923543642931,0.070333954442005547,0.023926994924715624,1.3525457298725876,1.3292927599999955,1.3324153317549245,1.0023490474400305,0.97236369037035542,1.0028070006974257,True,True,False,4>3>2>1,23,0,0,True,1,0.010163768626830778,0.0025347144296445309,0.0030341167847599752,0.0044604005257271777
10000,0,single,gaussian_matched,0.050000000000000003,984,30,0.02,15.73886827177944,>=10%,True,True,4,0.013853384727623132,0.53220778082470277,0.056926738040325213,0.032944208072609359,1.3525457298725876,1.3713930549712492,1.3507477536505939,0.98494574458736184,0.97429462700370317,1.0230278586244546,True,True,False,4>3>2>1,23,0,0,True,1,0.0054664596921150579,0.0013672133413090879,0.0084388579949961125,0.013853384727623132
10000,0,single,gaussian_matched,0.050000000000000003,984,30,0.050000000000000003,15.73886827177944,>=10%,True,True,4,0.013853384727623132,0.53220778082470277,0.056926738040325213,0.032944208072609359,1.3525457298725876,1.3713930549712492,1.3507477536505939,0.98494574458736184,0.95240188951329396,1.0230278586244546,True,True,False,4>3>2>1,23,0,0,True,1,0.0054664596921150579,0.0013672133413090879,0.0084388579949961125,0.013853384727623132
10000,0,single,gaussian_matched,0.050000000000000003,984,31,0.02,15.73886827177944,>=10%,True,False,3,0.04589868069711231,0.4066626254240262,0.035579228791725051,0.094444820583116429,1.3525457298725876,1.3056696282198534,1.3382417086799345,1.024946647877909,,1.0592518224119587,False,False,False,,-1,,,False,1,0.01668061768608825,0.0030667233444903897,0.008248200584396773,0.04589868069711231
10000,0,single,gaussian_matched,0.050000000000000003,984,31,0.050000000000000003,15.73886827177944,>=10%,True,True,4,0.04589868069711231,0.4066626254240262,0.035579228791725051,0.094444820583116429,1.3525457298725876,1.3056696282198534,1.3382417086799345,1.024946647877909,0.99919175406421834,1.0592518224119587,True,True,False,4>3>2>1,23,0,0,True,1,0.01668061768608825,0.0030667233444903897,0.008248200584396773,0.04589868069711231
10000,0,single,gaussian_matched,0.050000000000000003,985,0,0.02,5.4512375302429925,5-<10%,True,True,4,0.017789886895605237,0.44930288421033882,0.083145115711283968,0.060570588943023466,1.1323128646161189,1.0980509329581256,1.0953507725062379,0.99754095154346478,0.98056182423163629,1.0208498000604687,True,True,False,2>1>3>4,6,0,0,True,1,0.014555022724802951,0.017789886895605237,0.010920690500704988,0.0039092963714661188
10000,0,single,gaussian_matched,0.050000000000000003,985,0,0.050000000000000003,5.4512375302429925,5-<10%,True,True,4,0.017789886895605237,0.44930288421033882,0.083145115711283968,0.060570588943023466,1.1323128646161189,1.0980509329581256,1.0953507725062379,0.99754095154346478,0.95307607640271474,1.0208498000604687,True,True,False,2>1>3>4,6,0,0,True,1,0.014555022724802951,0.017789886895605237,0.010920690500704988,0.0039092963714661188
10000,0,single,gaussian_matched,0.050000000000000003,985,1,0.02,5.4512375302429925,5-<10%,True,False,3,0.020202063157301393,0.4655363185005898,-0.018320140551302197,0.076520500177680986,1.1323128646161189,1.1991344570345737,1.1751007603488013,0.97995746303112075,,1.1053669879047181,False,False,False,,-1,,,False,1,0.017304886822488399,0.020202063157301393,0.0047191293164054607,0.0088718224696723476
10000,0,single,gaussian_matched,0.050000000000000003,985,1,0.050000000000000003,5.4512375302429925,5-<10%,True,True,4,0.020202063157301393,0.4655363185005898,-0.018320140551302197,0.076520500177680986,1.1323128646161189,1.1991344570345737,1.1751007603488013,0.97995746303112075,0.94453185370969417,1.1053669879047181,True,True,False,2>1>3>4,6,0,0,True,1,0.017304886822488399,0.020202063157301393,0.0047191293164054607,0.0088718224696723476
10000,0,single,gaussian_matched,0.050000000000000003,985,2,0.02,5.4512375302429925,5-<10%,True,False,2,0.028192690077033584,0.48654081536310995,0.15205298240441556,0.10293668378535345,1.1323128646161189,1.0295085695871269,1.0463984202019017,1.0164057406744542,,1.0150331590349873,False,False,False,,-1,,,False,1,0.025533895294350035,0.002209152168290613,0.028192690077033584,0.010486669646901195
10000,0,single,gaussian_matched,0.050000000000000003,985,2,0.050000000000000003,5.4512375302429925,5-<10%,True,True,4,0.028192690077033584,0.48654081536310995,0.15205298240441556,0.10293668378535345,1.1323128646161189,1.0295085695871269,1.0463984202019017,1.0164057406744542,0.9680903482093377,1.0150331590349873,True,True,False,2>1>3>4,6,0,0,True,1,0.025533895294350035,0.002209152168290613,0.028192690077033584,0.010486669646901195
10000,0,single,gaussian_matched,0.050000000000000003,985,3,0.02,5.4512375302429925,5-<10%,True,False,3,0.020434141511540507,0.51775421805198196,0.0074425212878513614,0.046112376353559428,1.1323128646161189,1.1764843841246444,1.1617284259928224,0.98745758266668282,,1.0667023577055876,False,False,False,,-1,,,False,1,0.004876767526887333,0.020434141511540507,0.0030339701529851749,0.0099114904962261038
10000,0,single,gaussian_matched,0.050000000000000003,985,3,0.050000000000000003,5.4512375302429925,5-<10%,True,True,4,0.020434141511540507,0.51775421805198196,0.0074425212878513614,0.046112376353559428,1.1323128646161189,1.1764843841246444,1.1617284259928224,0.98745758266668282,0.95312285865218282,1.0667023577055876,True,True,False,2>1>3>4,6,0,0,True,1,0.004876767526887333,0.020434141511540507,0.0030339701529851749,0.0099114904962261038
10000,0,single,gaussian_matched,0.050000000000000003,985,4,0.02,5.4512375302429925,5-<10%,True,True,4,0.013961868786578563,0.4643595783734526,0.091956949802124932,0.055051115251337997,1.1323128646161189,1.088860283362842,1.090916269671929,1.0018882002957599,0.98550627682238634,1.0120589642084277,True,True,False,2>1>3>4,6,0,0,True,1,0.011935495244675619,0.011659896094578813,0.013961868786578563,0.0049446120034132013
10000,0,single,gaussian_matched,0.050000000000000003,985,4,0.050000000000000003,5.4512375302429925,5-<10%,True,True,4,0.013961868786578563,0.4643595783734526,0.091956949802124932,0.055051115251337997,1.1323128646161189,1.088860283362842,1.090916269671929,1.0018882002957599,0.95769106561603567,1.0120589642084277,True,True,False,2>1>3>4,6,0,0,True,1,0.011935495244675619,0.011659896094578813,0.013961868786578563,0.0049446120034132013
10000,0,single,gaussian_matched,0.050000000000000003,985,5,0.02,5.4512375302429925,5-<10%,True,True,4,0.011256484679678972,0.47629841355882541,0.070831496452003984,0.031554974952585933,1.1323128646161189,1.110132158156528,1.1093576098127602,0.99930229176942864,0.98481257554366242,1.0075948268521551,True,True,False,2>1>3>4,6,0,0,True,1,0.0051645661717916701,0.00755399796911205,0.011256484679678972,0.0047191527776281736
10000,0,single,gaussian_matched,0.050000000000000003,985,5,0.050000000000000003,5.4512375302429925,5-<10%,True,True,4,0.011256484679678972,0.47629841355882541,0.070831496452003984,0.031554974952585933,1.1323128646161189,1.110132158156528,1.1093576098127602,0.99930229176942864,0.95769752834983302,1.0075948268521551,True,True,False,2>1>3>4,6,0,0,True,1,0.0051645661717916701,0.00755399796911205,0.011256484679678972,0.0047191527776281736
10000,0,single,gaussian_matched,0.050000000000000003,985,6,0.02,5.4512375302429925,5-<10%,True,True,4,0.017770293801929765,0.52065380014173779,0.019562167838802311,0.036783706813861061,1.1323128646161189,1.1648197436281884,1.1533325343535199,0.99013820864772772,0.98087740680908619,1.0510489444724791,True,True,False,2>1>3>4,6,0,0,True,1,0.0020107777039661177,0.017770293801929765,0.0053572104563922029,0.0092737265388673114
10000,0,single,gaussian_matched,0.050000000000000003,985,6,0.050000000000000003,5.4512375302429925,5-<10%,True,True,4,0.017770293801929765,0.52065380014173779,0.019562167838802311,0.036783706813861061,1.1323128646161189,1.1648197436281884,1.1533325343535199,0.99013820864772772,0.95507942163391102,1.0510489444724791,True,True,False,2>1>3>4,6,0,0,True,1,0.0020107777039661177,0.017770293801929765,0.0053572104563922029,0.0092737265388673114
10000,0,single,gaussian_matched,0.050000000000000003,985,7,0.02,5.4512375302429925,5-<10%,True,True,4,0.011856955738083172,0.48164330596051719,0.071540806577144705,0.028301494025106597,1.1323128646161189,1.1096143261704701,1.1096449242244062,1.0000275753955357,0.98583637509337574,1.00497526241151,True,True,False,2>1>3>4,6,0,0,True,1,0.00421715958695965,0.0051418602386027754,0.011856955738083172,0.0050419517999142878
10000,0,single,gaussian_matched,0.050000000000000003,985,7,0.050000000000000003,5.4512375302429925,5-<10%,True,True,4,0.011856955738083172,0.48164330596051719,0.071540806577144705,0.028301494025106597,1.1323128646161189,1.1096143261704701,1.1096449242244062,1.0000275753955357,0.95870081314432198,1.00497526241151,True,True,False,2>1>3>4,6,0,0,True,1,0.00421715958695965,0.0051418602386027754,0.011856955738083172,0.0050419517999142878
10000,0,single,gaussian_matched,0.050000000000000003,985,8,0.02,5.4512375302429925,5-<10%,True,True,4,0.01193799111373247,0.4952373551415068,0.018456227036695465,0.031901291491233295,1.1323128646161189,1.163385816916787,1.1511416253400026,0.98947538177039673,0.97892224311982956,1.0448021512431689,True,True,False,2>1>3>4,6,0,0,True,1,0.0055323707191060204,0.01193799111373247,0.0034969266155946421,0.0078279549226496197
10000,0,single,gaussian_matched,0.050000000000000003,985,8,0.050000000000000003,5.4512375302429925,5-<10%,True,True,4,0.01193799111373247,0.4952373551415068,0.018456227036695465,0.031901291491233295,1.1323128646161189,1.163385816916787,1.1511416253400026,0.98947538177039673,0.95308334655200044,1.0448021512431689,True,True,False,2>1>3>4,6,0,0,True,1,0.0055323707191060204,0.01193799111373247,0.0034969266155946421,0.0078279549226496197
10000,0,single,gaussian_matched,0.050000000000000003,985,9,0.02,5.4512375302429925,5-<10%,True,False,2,0.025244985740223873,0.4719420208276775,0.14634353161031896,0.10034603269877196,1.1323128646161189,1.0345350130403679,1.0480111886655659,1.0130263117780742,,1.0141695438156646,False,False,False,,-1,,,False,1,0.024939230659486018,0.0053391091417749796,0.025244985740223873,0.0096934464410761544
10000,0,single,gaussian_matched,0.050000000000000003,985,9,0.050000000000000003,5.4512375302429925,5-<10%,True,True,4,0.025244985740223873,0.4719420208276775,0.14634353161031896,0.10034603269877196,1.1323128646161189,1.0345350130403679,1.0480111886655659,1.0130263117780742,0.96418447384012262,1.0141695438156646,True,True,False,2>1>3>4,6,0,0,True,1,0.024939230659486018,0.0053391091417749796,0.025244985740223873,0.0096934464410761544
10000,0,single,gaussian_matched,0.050000000000000003,985,10,0.02,5.4512375302429925,5-<10%,True,True,4,0.016370059699789861,0.49298296871169905,0.090308984487918798,0.040915192270699063,1.1323128646161189,1.0915617110149129,1.0971065213912301,1.0050797039877495,0.99066509756657195,1.0050417594149175,True,True,False,2>1>3>4,6,0,0,True,1,0.0075695809273321861,0.0012618820941403108,0.016370059699789861,0.0060782154704114152
10000,0,single,gaussian_matched,0.050000000000000003,985,10,0.050000000000000003,5.4512375302429925,5-<10%,True,True,4,0.016370059699789861,0.49298296871169905,0.090308984487918798,0.040915192270699063,1.1323128646161189,1.0915617110149129,1.0971065213912301,1.0050797039877495,0.96289891918129178,1.0050417594149175,True,True,False,2>1>3>4,6,0,0,True,1,0.0075695809273321861,0.0012618820941403108,0.016370059699789861,0.0060782154704114152
10000,0,single,gaussian_matched,0.050000000000000003,985,11,0.02,5.4512375302429925,5-<10%,True,True,4,0.015755460763347325,0.44337686817003519,0.026652324803672411,0.061247799922175036,1.1323128646161189,1.1547705971738325,1.1386196628194734,0.98601372913902841,0.97184838157241082,1.0596607176660773,True,True,False,2>1>3>4,6,0,0,True,1,0.015755460763347325,0.0021396303491857589,0.00081022334207933578,0.0037813369844146598
10000,0,single,gaussian_matched,0.050000000000000003,985,11,0.050000000000000003,5.4512375302429925,5-<10%,True,True,4,0.015755460763347325,0.44337686817003519,0.026652324803672411,0.061247799922175036,1.1323128646161189,1.1547705971738325,1.1386196628194734,0.98601372913902841,0.94584057010319544,1.0596607176660773,True,True,False,2>1>3>4,6,0,0,True,1,0.015755460763347325,0.0021396303491857589,0.00081022334207933578,0.0037813369844146598
10000,0,single,gaussian_matched,0.050000000000000003,985,12,0.02,5.4512375302429925,5-<10%,True,False,3,0.02494787400794516,0.51157924321446668,-0.011560606979924136,0.062640140526314739,1.1323128646161189,1.194692109181237,1.1747801217594585,0.98333295476821647,,1.0928254027258519,False,False,False,,-1,,,False,1,0.00945984452399703,0.02494787400794516,0.00059878554818265314,0.010966407783175048
10000,0,single,gaussian_matched,0.050000000000000003,985,12,0.050000000000000003,5.4512375302429925,5-<10%,True,True,4,0.02494787400794516,0.51157924321446668,-0.011560606979924136,0.062640140526314739,1.1323128646161189,1.194692109181237,1.1747801217594585,0.98333295476821647,0.95002493757054085,1.0928254027258519,True,True,False,2>1>3>4,6,0,0,True,1,0.00945984452399703,0.02494787400794516,0.00059878554818265314,0.010966407783175048
10000,0,single,gaussian_matched,0.050000000000000003,985,13,0.02,5.4512375302429925,5-<10%,True,True,4,0.019424512529942949,0.45172908652602795,0.11307090041407464,0.079423041786712098,1.1323128646161189,1.0680466054643638,1.0715769730539422,1.0033054433875042,0.98487789737138343,1.0165035219580154,True,True,False,2>1>3>4,6,0,0,True,1,0.019424512529942949,0.016542703662298094,0.016536721188871634,0.0064162706944924939
10000,0,single,gaussian_matched,0.050000000000000003,985,13,0.050000000000000003,5.4512375302429925,5-<10%,True,True,4,0.019424512529942949,0.45172908652602795,0.11307090041407464,0.079423041786712098,1.1323128646161189,1.0680466054643638,1.0715769730539422,1.0033054433875042,0.9562503231789472,1.0165035219580154,True,True,False,2>1>3>4,6,0,0,True,1,0.019424512529942949,0.016542703662298094,0.016536721188871634,0.0064162706944924939
10000,0,single,gaussian_matched,0.050000000000000003,985,14,0.02,5.4512375302429925,5-<10%,True,True,4,0.016655611231845724,0.43858616439769804,0.06744416424407175,0.063843230412947649,1.1323128646161189,1.1143643182991108,1.1060939100593916,0.99257836229686314,0.97570070697933142,1.0332278092318381,True,True,False,2>1>3>4,6,0,0,True,1,0.016655611231845724,0.013025418464863825,0.0071741440172053642,0.0025880922530263353
10000,0,single,gaussian_matched,0.050000000000000003,985,14,0.050000000000000003,5.4512375302429925,5-<10%,True,True,4,0.016655611231845724,0.43858616439769804,0.06744416424407175,0.063843230412947649,1.1323128646161189,1.1143643182991108,1.1060939100593916,0.99257836229686314,0.94872234451815218,1.0332278092318381,True,True,False,2>1>3>4,6,0,0,True,1,0.016655611231845724,0.013025418464863825,0.0071741440172053642,0.0025880922530263353
10000,0,single,gaussian_matched,0.050000000000000003,985,15,0.02,5.4512375302429925,5-<10%,True,True,4,0.016271066195421575,0.50242928041783441,0.085379522930295521,0.035462826256853527,1.1323128646161189,1.0973241923017203,1.1024304811681431,1.0046534004282837,0.99104637941333651,1.004928357685638,True,True,False,2>1>3>4,6,0,0,True,1,0.0055419341019302716,0.005208714053963886,0.016271066195421575,0.0064077583370017602
10000,0,single,gaussian_matched,0.050000000000000003,985,15,0.050000000000000003,5.4512375302429925,5-<10%,True,True,4,0.016271066195421575,0.50242928041783441,0.085379522930295521,0.035462826256853527,1.1323128646161189,1.0973241923017203,1.1024304811681431,1.0046534004282837,0.96346758349549622,1.004928357685638,True,True,False,2>1>3>4,6,0,0,True,1,0.0055419341019302716,0.005208714053963886,0.016271066195421575,0.0064077583370017602
10000,0,single,gaussian_matched,0.050000000000000003,985,16,0.02,5.4512375302429925,5-<10%,True,True,4,0.016018930466020289,0.53086091560135362,0.063364801033703178,0.033630551860240783,1.1323128646161189,1.1230353306698331,1.1230718969969025,1.0000325602641973,0.9890371421181684,1.0215396159517212,True,True,False,2>1>3>4,6,0,0,True,1,0.0025366126000394341,0.016018930466020289,0.014255118563660272,0.0079509514496453205
10000,0,single,gaussian_matched,0.050000000000000003,985,16,0.050000000000000003,5.4512375302429925,5-<10%,True,True,4,0.016018930466020289,0.53086091560135362,0.063364801033703178,0.033630551860240783,1.1323128646161189,1.1230353306698331,1.1230718969969025,1.0000325602641973,0.96224677165715744,1.0215396159517212,True,True,False,2>1>3>4,6,0,0,True,1,0.0025366126000394341,0.016018930466020289,0.014255118563660272,0.0079509514496453205
10000,0,single,gaussian_matched,0.050000000000000003,985,17,0.02,5.4512375302429925,5-<10%,True,False,3,0.023486211540163154,0.41958106659846373,0.061022201383886629,0.081170769201650908,1.1323128646161189,1.1226043426049492,1.1080364366999134,0.98702311638022733,,1.0502461316685066,False,False,False,,-1,,,False,1,0.023486211540163154,0.012720408455150196,0.0041857017521036511,0.0017608051253149236
10000,0,single,gaussian_matched,0.050000000000000003,985,17,0.050000000000000003,5.4512375302429925,5-<10%,True,True,4,0.023486211540163154,0.41958106659846373,0.061022201383886629,0.081170769201650908,1.1323128646161189,1.1226043426049492,1.1080364366999134,0.98702311638022733,0.94227753366966471,1.0502461316685066,True,True,False,2>1>3>4,6,0,0,True,1,0.023486211540163154,0.012720408455150196,0.0041857017521036511,0.0017608051253149236
10000,0,single,gaussian_matched,0.050000000000000003,985,18,0.02,5.4512375302429925,5-<10%,True,False,3,0.032793697213462161,0.55720705305341345,0.0050567147776263283,0.072749885262010497,1.1323128646161189,1.1852702551804359,1.1679644908810578,0.98539930937797504,,1.0957345932510447,False,False,False,,-1,,,False,1,0.0011235405653284229,0.032793697213462161,0.0047855545007337453,0.012262064538345396
10000,0,single,gaussian_matched,0.050000000000000003,985,18,0.050000000000000003,5.4512375302429925,5-<10%,True,True,4,0.032793697213462161,0.55720705305341345,0.0050567147776263283,0.072749885262010497,1.1323128646161189,1.1852702551804359,1.1679644908810578,0.98539930937797504,0.95333369354318753,1.0957345932510447,True,True,False,2>1>3>4,6,0,0,True,1,0.0011235405653284229,0.032793697213462161,0.0047855545007337453,0.012262064538345396
10000,0,single,gaussian_matched,0.050000000000000003,985,19,0.02,5.4512375302429925,5-<10%,True,True,4,0.014504923366216491,0.44341232225274002,0.053764762191251557,0.056712773756750948,1.1323128646161189,1.1276988228962395,1.1176130129913195,0.99105629118329941,0.97531440423710636,1.037103634026268,True,True,False,2>1>3>4,6,0,0,True,1,0.014504923366216491,0.0075478612093319818,0.0053174593005834167,0.0025219600044500369
10000,0,single,gaussian_matched,0.050000000000000003,985,19,0.050000000000000003,5.4512375302429925,5-<10%,True,True,4,0.014504923366216491,0.44341232225274002,0.053764762191251557,0.056712773756750948,1.1323128646161189,1.1276988228962395,1.1176130129913195,0.99105629118329941,0.94869991521355324,1.037103634026268,True,True,False,2>1>3>4,6,0,0,True,1,0.014504923366216491,0.0075478612093319818,0.0053174593005834167,0.0025219600044500369
10000,0,single,gaussian_matched,0.050000000000000003,985,20,0.02,5.4512375302429925,5-<10%,True,True,4,0.010935248677709463,0.47601307116190028,0.069183599205968282,0.030714544332926166,1.1323128646161189,1.1117714146206974,1.11057827916117,0.99892681585095944,0.9845050164817829,1.0079306339781116,True,True,False,2>1>3>4,6,0,0,True,1,0.0049439272636323727,0.007772418161029299,0.010935248677709463,0.0046872868052060491
10000,0,single,gaussian_matched,0.050000000000000003,985,20,0.050000000000000003,5.4512375302429925,5-<10%,True,True,4,0.010935248677709463,0.47601307116190028,0.069183599205968282,0.030714544332926166,1.1323128646161189,1.1117714146206974,1.11057827916117,0.99892681585095944,0.95744002020098906,1.0079306339781116,True,True,False,2>1>3>4,6,0,0,True,1,0.0049439272636323727,0.007772418161029299,0.010935248677709463,0.0046872868052060491
10000,0,single,gaussian_matched,0.050000000000000003,985,21,0.02,5.4512375302429925,5-<10%,True,True,4,0.018903655455226844,0.43118012311429083,0.04657669793680877,0.068904966813576052,1.1323128646161189,1.1357601435088509,1.1214428469469673,0.9873940843551251,0.97118867426197919,1.0512534573773475,True,True,False,2>1>3>4,6,0,0,True,1,0.018903655455226844,0.0062424442921974015,0.0029802945211349781,0.0016799944639027083
10000,0,single,gaussian_matched,0.050000000000000003,985,21,0.050000000000000003,5.4512375302429925,5-<10%,True,True,4,0.018903655455226844,0.43118012311429083,0.04657669793680877,0.068904966813576052,1.1323128646161189,1.1357601435088509,1.1214428469469673,0.9873940843551251,0.94477258459536118,1.0512534573773475,True,True,False,2>1>3>4,6,0,0,True,1,0.018903655455226844,0.0062424442921974015,0.0029802945211349781,0.0016799944639027083
10000,0,single,gaussian_matched,0.050000000000000003,985,22,0.02,5.4512375302429925,5-<10%,True,True,4,0.018960382268987695,0.50973061751986037,0.095751317582616194,0.046774651018080496,1.1323128646161189,1.0878588985928845,1.0957904497910431,1.0072909742324283,0.99365014588948086,1.0090542433221232,True,True,False,2>1>3>4,6,0,0,True,1,0.0076800624283432008,0.0092912345856038733,0.018960382268987695,0.0070715155307261935
10000,0,single,gaussian_matched,0.050000000000000003,985,22,0.050000000000000003,5.4512375302429925,5-<10%,True,True,4,0.018960382268987695,0.50973061751986037,0.095751317582616194,0.046774651018080496,1.1323128646161189,1.0878588985928845,1.0957904497910431,1.0072909742324283,0.96569025418684551,1.0090542433221232,True,True,False,2>1>3>4,6,0,0,True,1,0.0076800624283432008,0.0092912345856038733,0.018960382268987695,0.0070715155307261935
10000,0,single,gaussian_matched,0.050000000000000003,985,23,0.02,5.4512375302429925,5-<10%,True,True,4,0.0079981684743751121,0.46398820751727432,0.058571355145912066,0.03701779743388646,1.1323128646161189,1.1222472030875896,1.1169186474131865,0.99525188776613305,0.98062834972685986,1.0190968246556882,True,True,False,2>1>3>4,6,0,0,True,1,0.0075469790300973115,0.0070675349071451692,0.0079981684743751121,0.0039260555528827703
10000,0,single,gaussian_matched,0.050000000000000003,985,23,0.050000000000000003,5.4512375302429925,5-<10%,True,True,4,0.0079981684743751121,0.46398820751727432,0.058571355145912066,0.03701779743388646,1.1323128646161189,1.1222472030875896,1.1169186474131865,0.99525188776613305,0.95386849603988133,1.0190968246556882,True,True,False,2>1>3>4,6,0,0,True,1,0.0075469790300973115,0.0070675349071451692,0.0079981684743751121,0.0039260555528827703
10000,0,single,gaussian_matched,0.050000000000000003,985,24,0.02,5.4512375302429925,5-<10%,True,False,1,0.038938913403467959,0.54644584723806822,0.16601987713257049,0.124971311169879,1.1323128646161189,1.0264390281164002,1.0480748113502254,1.0210784884841417,,1.0359735009438358,False,False,False,,-1,,,False,1,0.026800837921752991,0.033226889823291639,0.038938913403467959,0.013438853147891131
10000,0,single,gaussian_matched,0.050000000000000003,985,24,0.050000000000000003,5.4512375302429925,5-<10%,True,True,4,0.038938913403467959,0.54644584723806822,0.16601987713257049,0.124971311169879,1.1323128646161189,1.0264390281164002,1.0480748113502254,1.0210784884841417,0.97578925072448097,1.0359735009438358,True,True,False,2>1>3>4,6,0,0,True,1,0.026800837921752991,0.033226889823291639,0.038938913403467959,0.013438853147891131
10000,0,single,gaussian_matched,0.050000000000000003,985,25,0.02,5.4512375302429925,5-<10%,True,True,4,0.013405178525865875,0.50053156917957375,0.07119273391437031,0.021199399438615568,1.1323128646161189,1.1112555489409017,1.1128132542837035,1.00140175258903,0.98836254111115673,1.0015011655871069,True,True,False,2>1>3>4,6,0,0,True,1,0.0020938161070313986,0.0031958754311879876,0.013405178525865875,0.0061470408125903781
10000,0,single,gaussian_matched,0.050000000000000003,985,25,0.050000000000000003,5.4512375302429925,5-<10%,True,True,4,0.013405178525865875,0.50053156917957375,0.07119273391437031,0.021199399438615568,1.1323128646161189,1.1112555489409017,1.1128132542837035,1.00140175258903,0.96125628033916422,1.0015011655871069,True,True,False,2>1>3>4,6,0,0,True,1,0.0020938161070313986,0.0031958754311879876,0.013405178525865875,0.0061470408125903781
10000,0,single,gaussian_matched,0.050000000000000003,985,26,0.02,5.4512375302429925,5-<10%,True,False,2,0.024628243866518521,0.42093503744581601,0.084759722717509089,0.086368435363231133,1.1323128646161189,1.098881064404488,1.0889989571910825,0.99100711848305367,,1.0380235262564037,False,False,False,,-1,,,False,1,0.024628243866518521,0.021220771324457755,0.0082675415212888695,0.0037948975928304711
10000,0,single,gaussian_matched,0.050000000000000003,985,26,0.050000000000000003,5.4512375302429925,5-<10%,True,True,4,0.024628243866518521,0.42093503744581601,0.084759722717509089,0.086368435363231133,1.1323128646161189,1.098881064404488,1.0889989571910825,0.99100711848305367,0.94421284696421381,1.0380235262564037,True,True,False,2>1>3>4,6,0,0,True,1,0.024628243866518521,0.021220771324457755,0.0082675415212888695,0.0037948975928304711
10000,0,single,gaussian_matched,0.050000000000000003,985,27,0.02,5.4512375302429925,5-<10%,True,False,3,0.034433101298087312,0.49391282301714229,-0.0495592524072552,0.099745167619851055,1.1323128646161189,1.2311808162047102,1.2007533898066538,0.97528598074501094,,1.1485328817379505,False,False,False,,-1,,,False,1,0.018980482894329319,0.034433101298087312,0.0078294562881416532,0.013156981599760424
10000,0,single,gaussian_matched,0.050000000000000003,985,27,0.050000000000000003,5.4512375302429925,5-<10%,True,True,4,0.034433101298087312,0.49391282301714229,-0.0495592524072552,0.099745167619851055,1.1323128646161189,1.2311808162047102,1.2007533898066538,0.97528598074501094,0.94368936168874051,1.1485328817379505,True,True,False,2>1>3>4,6,0,0,True,1,0.018980482894329319,0.034433101298087312,0.0078294562881416532,0.013156981599760424
10000,0,single,gaussian_matched,0.050000000000000003,985,28,0.02,5.4512375302429925,5-<10%,True,True,4,0.012574252127335161,0.48853082136796577,0.072183982422388548,0.024973408550102938,1.1323128646161189,1.1093329026267233,1.1102229444990681,1.0008023217108564,0.9870013525867839,1.0025465474456388,True,True,False,2>1>3>4,6,0,0,True,1,0.003426931985215485,0.0020440441674381333,0.012574252127335161,0.0054509882324151994
10000,0,single,gaussian_matched,0.050000000000000003,985,28,0.050000000000000003,5.4512375302429925,5-<10%,True,True,4,0.012574252127335161,0.48853082136796577,0.072183982422388548,0.024973408550102938,1.1323128646161189,1.1093329026267233,1.1102229444990681,1.0008023217108564,0.95984990815711058,1.0025465474456388,True,True,False,2>1>3>4,6,0,0,True,1,0.003426931985215485,0.0020440441674381333,0.012574252127335161,0.0054509882324151994
10000,0,single,gaussian_matched,0.050000000000000003,985,29,0.02,5.4512375302429925,5-<10%,True,False,3,0.021803362972703865,0.54281192930560229,0.071711828371250813,0.048002758067537538,1.1323128646161189,1.1170795707533072,1.1188083673679625,1.0015476038233244,,1.0304670748672249,False,False,False,,-1,,,False,1,0.0014190064041825368,0.021803362972703865,0.016800591692595509,0.0084722253843281751
10000,0,single,gaussian_matched,0.050000000000000003,985,29,0.050000000000000003,5.4512375302429925,5-<10%,True,True,4,0.021803362972703865,0.54281192930560229,0.071711828371250813,0.048002758067537538,1.1323128646161189,1.1170795707533072,1.1188083673679625,1.0015476038233244,0.96378222600682584,1.0304670748672249,True,True,False,2>1>3>4,6,0,0,True,1,0.0014190064041825368,0.021803362972703865,0.016800591692595509,0.0084722253843281751
10000,0,single,gaussian_matched,0.050000000000000003,985,30,0.02,5.4512375302429925,5-<10%,True,True,4,0.017260619487721528,0.46943860961588901,0.10707720625420464,0.064744158470050786,1.1323128646161189,1.0737569276105752,1.0797773286548664,1.0056068565328733,0.98880936178281753,1.0107820222575474,True,True,False,2>1>3>4,6,0,0,True,1,0.014426641747523877,0.0086373631486110439,0.017260619487721528,0.0061512119565619071
10000,0,single,gaussian_matched,0.050000000000000003,985,30,0.050000000000000003,5.4512375302429925,5-<10%,True,True,4,0.017260619487721528,0.46943860961588901,0.10707720625420464,0.064744158470050786,1.1323128646161189,1.0737569276105752,1.0797773286548664,1.0056068565328733,0.96039786786540782,1.0107820222575474,True,True,False,2>1>3>4,6,0,0,True,1,0.014426641747523877,0.0086373631486110439,0.017260619487721528,0.0061512119565619071
10000,0,single,gaussian_matched,0.050000000000000003,985,31,0.02,5.4512375302429925,5-<10%,True,False,3,0.038310062063947464,0.50032102792929722,-0.058439810030169292,0.10844028521868888,1.1323128646161189,1.2404492457100544,1.2077970311573245,0.97367710556022047,,1.1624325374261728,False,False,False,,-1,,,False,1,0.019766617261378773,0.038310062063947464,0.0088551869252302632,0.014282683037546656
10000,0,single,gaussian_matched,0.050000000000000003,985,31,0.050000000000000003,5.4512375302429925,5-<10%,True,True,4,0.038310062063947464,0.50032102792929722,-0.058439810030169292,0.10844028521868888,1.1323128646161189,1.2404492457100544,1.2077970311573245,0.97367710556022047,0.94305281541341779,1.1624325374261728,True,True,False,2>1>3>4,6,0,0,True,1,0.019766617261378773,0.038310062063947464,0.0088551869252302632,0.014282683037546656
10000,0,single,gaussian_matched,0.050000000000000003,986,0,0.02,0.011409473750861664,<1%,True,False,2,0.027877668513161463,0.54495205565332761,0.080002361400562161,0.05404469443960068,0.93536105138472148,0.90580359773446462,0.88994491090700489,0.9824921353071191,,1.0092248377769315,False,False,False,,-1,,,False,3,0.011060191831439432,0.027756022633261684,0.0057853970014584699,0.027877668513161463
10000,0,single,gaussian_matched,0.050000000000000003,986,0,0.050000000000000003,0.011409473750861664,<1%,True,True,4,0.027877668513161463,0.54495205565332761,0.080002361400562161,0.05404469443960068,0.93536105138472148,0.90580359773446462,0.88994491090700489,0.9824921353071191,0.92124674379746385,1.0092248377769315,True,True,False,2>4>1>3,10,0.011409473750867427,0.011781778511421592,True,3,0.011060191831439432,0.027756022633261684,0.0057853970014584699,0.027877668513161463
10000,0,single,gaussian_matched,0.050000000000000003,986,1,0.02,0.011409473750861664,<1%,True,False,3,0.051659909207563991,0.48476784596594219,0.061315995144963858,0.018975517453764183,0.93536105138472148,0.92645820054288486,0.90491099830715083,0.97674239137490737,,0.9877325064938085,False,False,False,,-1,,,False,3,0.0014879359219588458,0.0064365371573695913,0.0059131215961995649,0.051659909207563991
10000,0,single,gaussian_matched,0.050000000000000003,986,1,0.050000000000000003,0.011409473750861664,<1%,True,False,3,0.051659909207563991,0.48476784596594219,0.061315995144963858,0.018975517453764183,0.93536105138472148,0.92645820054288486,0.90491099830715083,0.97674239137490737,,0.9877325064938085,False,False,False,,-1,,,False,3,0.0014879359219588458,0.0064365371573695913,0.0059131215961995649,0.051659909207563991
10000,0,single,gaussian_matched,0.050000000000000003,986,2,0.02,0.011409473750861664,<1%,True,False,3,0.02482377454767434,0.49602692712076135,0.11908974448721008,0.069203887906762268,0.93536105138472148,0.86759767434830848,0.85460576611617634,0.98502542293939299,,0.9876503331577875,False,False,False,,-1,,,False,3,0.014337941106560467,0.0048999697763415168,0.0024959987474943357,0.02482377454767434
10000,0,single,gaussian_matched,0.050000000000000003,986,2,0.050000000000000003,0.011409473750861664,<1%,True,True,4,0.02482377454767434,0.49602692712076135,0.11908974448721008,0.069203887906762268,0.93536105138472148,0.86759767434830848,0.85460576611617634,0.98502542293939299,0.92650317756068301,0.9876503331577875,True,True,False,2>4>1>3,10,0.011409473750867427,0.012300606235915446,True,3,0.014337941106560467,0.0048999697763415168,0.0024959987474943357,0.02482377454767434
10000,0,single,gaussian_matched,0.050000000000000003,986,3,0.02,0.011409473750861664,<1%,True,True,4,0.019855514556813756,0.49391782905365483,0.13478101434794884,0.084998901153412992,0.93536105138472148,0.85272193921023043,0.84081890684360283,0.98604113273120209,0.96023309421389569,0.98979726237950827,True,True,False,2>4>1>3,10,0.011409473750867427,0.012515190324813297,True,3,0.019855514556813756,0.0083741191448164515,0.0045583767390018938,0.018223339942000805
10000,0,single,gaussian_matched,0.050000000000000003,986,3,0.050000000000000003,0.011409473750861664,<1%,True,True,4,0.019855514556813756,0.49391782905365483,0.13478101434794884,0.084998901153412992,0.93536105138472148,0.85272193921023043,0.84081890684360283,0.98604113273120209,0.92462029177644967,0.98979726237950827,True,True,False,2>4>1>3,10,0.011409473750867427,0.012515190324813297,True,3,0.019855514556813756,0.0083741191448164515,0.0045583767390018938,0.018223339942000805
10000,0,single,gaussian_matched,0.050000000000000003,986,4,0.02,0.011409473750861664,<1%,True,False,2,0.032680103330264117,0.58437378966265907,0.021054078728556826,0.089200912216698888,0.93536105138472148,0.97164432145625745,0.94803986122884187,0.97570668638083713,,1.1089202099125199,False,False,False,,-1,,,False,3,0.022792254409067528,0.032680103330264117,0.016362860926836094,0.010136408177668229
10000,0,single,gaussian_matched,0.050000000000000003,986,4,0.050000000000000003,0.011409473750861664,<1%,True,True,4,0.032680103330264117,0.58437378966265907,0.021054078728556826,0.089200912216698888,0.93536105138472148,0.97164432145625745,0.94803986122884187,0.97570668638083713,0.92024661842541189,1.1089202099125199,True,True,False,2>4>1>3,10,0.011409473750867427,0.010983419681132034,True,3,0.022792254409067528,0.032680103330264117,0.016362860926836094,0.010136408177668229
10000,0,single,gaussian_matched,0.050000000000000003,986,5,0.02,0.011409473750861664,<1%,True,False,2,0.031686556381635235,0.53777674416726284,0.045639024072878467,0.03802762825783066,0.93536105138472148,0.93919984199847517,0.92019153546005827,0.97976116936096358,,1.0244377423021067,False,False,False,,-1,,,False,3,0.009005522104525366,0.020168961772565362,0.0095879037665665915,0.031686556381635235
10000,0,single,gaussian_matched,0.050000000000000003,986,5,0.050000000000000003,0.011409473750861664,<1%,True,True,4,0.031686556381635235,0.53777674416726284,0.045639024072878467,0.03802762825783066,0.93536105138472148,0.93919984199847517,0.92019153546005827,0.97976116936096358,0.92490899220282063,1.0244377423021067,True,True,False,2>4>1>3,10,0.011409473750867427,0.011362839819728521,True,3,0.009005522104525366,0.020168961772565362,0.0095879037665665915,0.031686556381635235
10000,0,single,gaussian_matched,0.050000000000000003,986,6,0.02,0.011409473750861664,<1%,True,False,3,0.044366710575126381,0.49794066032071754,0.049063232130609861,0.0022623912030833478,0.93536105138472148,0.93652408279082333,0.9151981994403906,0.9772286866485248,,0.98086251216602682,False,False,False,,-1,,,False,3,0.002414432255807434,0.00049202786759277163,0.006826147106472843,0.044366710575126381
10000,0,single,gaussian_matched,0.050000000000000003,986,6,0.050000000000000003,0.011409473750861664,<1%,True,True,4,0.044366710575126381,0.49794066032071754,0.049063232130609861,0.0022623912030833478,0.93536105138472148,0.93652408279082333,0.9151981994403906,0.9772286866485248,0.92768127167825687,0.98086251216602682,True,True,False,2>1>4>3,7,0,0,True,3,0.002414432255807434,0.00049202786759277163,0.006826147106472843,0.044366710575126381
10000,0,single,gaussian_matched,0.050000000000000003,986,7,0.02,0.011409473750861664,<1%,True,False,3,0.049235493729378355,0.48850217792205219,0.054485817529631178,0.012341899021029556,0.93536105138472148,0.9325033955649713,0.91060734807099819,0.97651906942311228,,0.98673046704871969,False,False,False,,-1,,,False,3,0.000469967548565905,0.0044080531573342241,0.0063589025280441904,0.049235493729378355
10000,0,single,gaussian_matched,0.050000000000000003,986,7,0.050000000000000003,0.011409473750861664,<1%,True,True,4,0.049235493729378355,0.48850217792205219,0.054485817529631178,0.012341899021029556,0.93536105138472148,0.9325033955649713,0.91060734807099819,0.97651906942311228,0.92795233186804094,0.98673046704871969,True,True,False,2>1>4>3,7,0,0,True,3,0.000469967548565905,0.0044080531573342241,0.0063589025280441904,0.049235493729378355
10000,0,single,gaussian_matched,0.050000000000000003,986,8,0.02,0.011409473750861664,<1%,True,True,4,0.017950098911277537,0.5287891142180543,0.11126995324193703,0.067696530691973622,0.93536105138472148,0.87311266415480004,0.86062165181111461,0.98569369927101314,0.95571112937460723,0.99247042746626346,True,True,False,2>4>1>3,10,0.011409473750867427,0.012222909827652728,True,3,0.016227055086312992,0.016116070098997421,0.0008622578403349884,0.017950098911277537
10000,0,single,gaussian_matched,0.050000000000000003,986,8,0.050000000000000003,0.011409473750861664,<1%,True,True,4,0.017950098911277537,0.5287891142180543,0.11126995324193703,0.067696530691973622,0.93536105138472148,0.87311266415480004,0.86062165181111461,0.98569369927101314,0.9213468600857494,0.99247042746626346,True,True,False,2>4>1>3,10,0.011409473750867427,0.012222909827652728,True,3,0.016227055086312992,0.016116070098997421,0.0008622578403349884,0.017950098911277537
10000,0,single,gaussian_matched,0.050000000000000003,986,9,0.02,0.011409473750861664,<1%,True,False,3,0.048224800691113588,0.49181080176079783,0.065743975437312932,0.017746428665274167,0.93536105138472148,0.92085462298160392,0.90097853691786667,0.97841560918771175,,0.98221426284860558,False,False,False,,-1,,,False,3,0.0017517702926354165,0.0025117759441880831,0.0050510835610998468,0.048224800691113588
10000,0,single,gaussian_matched,0.050000000000000003,986,9,0.050000000000000003,0.011409473750861664,<1%,True,True,4,0.048224800691113588,0.49181080176079783,0.065743975437312932,0.017746428665274167,0.93536105138472148,0.92085462298160392,0.90097853691786667,0.97841560918771175,0.92827053262965797,0.98221426284860558,True,True,False,2>4>1>3,10,0.011409473750867427,0.01158920973736155,True,3,0.0017517702926354165,0.0025117759441880831,0.0050510835610998468,0.048224800691113588
10000,0,single,gaussian_matched,0.050000000000000003,986,10,0.02,0.011409473750861664,<1%,True,False,2,0.056173548946095928,0.5936167137668803,0.13668904467990528,0.12758949629191507,0.93536105138472148,0.86867917921732474,0.83832188920576556,0.96505350797182576,,1.0326615418374883,False,False,False,,-1,,,False,3,0.044708298481557482,0.056173548946095928,0.0002959211579545657,0.019775969615473555
10000,0,single,gaussian_matched,0.050000000000000003,986,10,0.050000000000000003,0.011409473750861664,<1%,True,False,3,0.056173548946095928,0.5936167137668803,0.13668904467990528,0.12758949629191507,0.93536105138472148,0.86867917921732474,0.83832188920576556,0.96505350797182576,,1.0326615418374883,False,False,False,,-1,,,False,3,0.044708298481557482,0.056173548946095928,0.0002959211579545657,0.019775969615473555
10000,0,single,gaussian_matched,0.050000000000000003,986,11,0.02,0.011409473750861664,<1%,True,False,3,0.020960909934495609,0.53107556800308919,0.01397211118095653,0.047578353265660414,0.93536105138472148,0.9704134268090836,0.94668265259114182,0.97554570705397869,,1.0629702876604541,False,False,False,,-1,,,False,3,0.014545675219974066,0.0077020378683588893,0.013010050663864296,0.020960909934495609
10000,0,single,gaussian_matched,0.050000000000000003,986,11,0.050000000000000003,0.011409473750861664,<1%,True,True,4,0.020960909934495609,0.53107556800308919,0.01397211118095653,0.047578353265660414,0.93536105138472148,0.9704134268090836,0.94668265259114182,0.97554570705397869,0.92587132199711508,1.0629702876604541,True,True,False,2>1>4>3,7,0,0,True,3,0.014545675219974066,0.0077020378683588893,0.013010050663864296,0.020960909934495609
10000,0,single,gaussian_matched,0.050000000000000003,986,12,0.02,0.011409473750861664,<1%,True,False,3,0.031858878392111691,0.52422679128084348,0.15201715725470594,0.10485436466879647,0.93536105138472148,0.83221250130626356,0.82292481053880273,0.98883976057451362,,0.99189417159726934,False,False,False,,-1,,,False,3,0.031858878392111691,0.0093275963660088158,0.0047751849254790025,0.001147193136346315
10000,0,single,gaussian_matched,0.050000000000000003,986,12,0.050000000000000003,0.011409473750861664,<1%,True,True,4,0.031858878392111691,0.52422679128084348,0.15201715725470594,0.10485436466879647,0.93536105138472148,0.83221250130626356,0.82292481053880273,0.98883976057451362,0.91428401851121721,0.99189417159726934,True,True,False,2>4>1>3,10,0.011409473750867427,0.012823620585611373,True,3,0.031858878392111691,0.0093275963660088158,0.0047751849254790025,0.001147193136346315
10000,0,single,gaussian_matched,0.050000000000000003,986,13,0.02,0.011409473750861664,<1%,True,False,3,0.022655911340201701,0.51484147181830364,0.1346218626341103,0.085913496735959563,0.93536105138472148,0.84976982168097148,0.83948475386059451,0.98789664264608557,,0.98934871109565847,False,False,False,,-1,,,False,3,0.022655911340201701,0.0050362450694093038,0.0030120703309500694,0.011072525784234339
10000,0,single,gaussian_matched,0.050000000000000003,986,13,0.050000000000000003,0.011409473750861664,<1%,True,True,4,0.022655911340201701,0.51484147181830364,0.1346218626341103,0.085913496735959563,0.93536105138472148,0.84976982168097148,0.83948475386059451,0.98789664264608557,0.92101600234618586,0.98934871109565847,True,True,False,2>4>1>3,10,0.011409473750867427,0.012558668348838786,True,3,0.022655911340201701,0.0050362450694093038,0.0030120703309500694,0.011072525784234339
10000,0,single,gaussian_matched,0.050000000000000003,986,14,0.02,0.011409473750861664,<1%,True,False,2,0.023560192247349961,0.53950207716499698,0.099000779953795595,0.062940372865353061,0.93536105138472148,0.8862626164404489,0.87216549245883801,0.98409373957548829,,0.99972717908218156,False,False,False,,-1,,,False,3,0.014427055042615697,0.023560192247349961,0.0030570357683325292,0.020538777651097764
10000,0,single,gaussian_matched,0.050000000000000003,986,14,0.050000000000000003,0.011409473750861664,<1%,True,True,4,0.023560192247349961,0.53950207716499698,0.099000779953795595,0.062940372865353061,0.93536105138472148,0.8862626164404489,0.87216549245883801,0.98409373957548829,0.92018837006901455,0.99972717908218156,True,True,False,2>4>1>3,10,0.011409473750867427,0.012041551979491416,True,3,0.014427055042615697,0.023560192247349961,0.0030570357683325292,0.020538777651097764
10000,0,single,gaussian_matched,0.050000000000000003,986,15,0.02,0.011409473750861664,<1%,True,True,4,0.018910098372560198,0.50889344612129717,-0.014168661898422752,0.064782023384165055,0.93536105138472148,0.99866751841621815,0.96790011968759737,0.96919154957856779,0.95944130043820075,1.104046551374964,True,True,False,2>1>4>3,7,0,0,True,3,0.018910098372560198,0.0096685523252363903,0.015166062047920679,0.01653498010382759
10000,0,single,gaussian_matched,0.050000000000000003,986,15,0.050000000000000003,0.011409473750861664,<1%,True,True,4,0.018910098372560198,0.50889344612129717,-0.014168661898422752,0.064782023384165055,0.93536105138472148,0.99866751841621815,0.96790011968759737,0.96919154957856779,0.92543513005139721,1.104046551374964,True,True,False,2>1>4>3,7,0,0,True,3,0.018910098372560198,0.0096685523252363903,0.015166062047920679,0.01653498010382759
10000,0,single,gaussian_matched,0.050000000000000003,986,16,0.02,0.011409473750861664,<1%,True,False,2,0.055332520378816384,0.43668087640322251,0.026835262649683566,0.067423411880244755,0.93536105138472148,0.97304694938422553,0.93607043556447223,0.96199925004322429,,1.0728411728916132,False,False,False,,-1,,,False,3,0.0014285511532042972,0.034194949431206399,0.01238494835513722,0.055332520378816384
10000,0,single,gaussian_matched,0.050000000000000003,986,16,0.050000000000000003,0.011409473750861664,<1%,True,False,3,0.055332520378816384,0.43668087640322251,0.026835262649683566,0.067423411880244755,0.93536105138472148,0.97304694938422553,0.93607043556447223,0.96199925004322429,,1.0728411728916132,False,False,False,,-1,,,False,3,0.0014285511532042972,0.034194949431206399,0.01238494835513722,0.055332520378816384
10000,0,single,gaussian_matched,0.050000000000000003,986,17,0.02,0.011409473750861664,<1%,True,False,3,0.03789899073881068,0.50110634507315244,0.17509741368852239,0.12510230577802392,0.93536105138472148,0.81188969453950954,0.80327322230463083,0.98938713929634758,,0.99253173596257271,False,False,False,,-1,,,False,3,0.03789899073881068,0.0095488372811679111,0.0089129911551454714,0.0036064443817787053
10000,0,single,gaussian_matched,0.050000000000000003,986,17,0.050000000000000003,0.011409473750861664,<1%,True,True,4,0.03789899073881068,0.50110634507315244,0.17509741368852239,0.12510230577802392,0.93536105138472148,0.81188969453950954,0.80327322230463083,0.98938713929634758,0.91410408472017535,0.99253173596257271,True,True,False,2>4>1>3,10,0.011409473750867427,0.013144614884419425,True,3,0.03789899073881068,0.0095488372811679111,0.0089129911551454714,0.0036064443817787053
10000,0,single,gaussian_matched,0.050000000000000003,986,18,0.02,0.011409473750861664,<1%,True,False,2,0.027687612224893521,0.56403081189290027,-0.021159201946425149,0.095726573600626155,0.93536105138472148,1.0086725761774475,0.9788827732265466,0.97046633005152683,,1.1488711714436965,False,False,False,,-1,,,False,3,0.027687612224893521,0.011729666540667196,0.020410758227671046,0.0013340874715843558
10000,0,single,gaussian_matched,0.050000000000000003,986,18,0.050000000000000003,0.011409473750861664,<1%,True,True,4,0.027687612224893521,0.56403081189290027,-0.021159201946425149,0.095726573600626155,0.93536105138472148,1.0086725761774475,0.9788827732265466,0.97046633005152683,0.9258634332183131,1.1488711714436965,True,True,False,2>1>4>3,7,0,0,True,3,0.027687612224893521,0.011729666540667196,0.020410758227671046,0.0013340874715843558
10000,0,single,gaussian_matched,0.050000000000000003,986,19,0.02,0.011409473750861664,<1%,True,False,2,0.032508517019315814,0.55328205717464929,0.085196576025449028,0.063857470829009569,0.93536105138472148,0.90204383598367199,0.8858055487507277,0.98199833912147239,,1.0152903182935007,False,False,False,,-1,,,False,3,0.01429618192527894,0.032508517019315814,0.0055806331124112736,0.02299208906826114
10000,0,single,gaussian_matched,0.050000000000000003,986,19,0.050000000000000003,0.011409473750861664,<1%,True,True,4,0.032508517019315814,0.55328205717464929,0.085196576025449028,0.063857470829009569,0.93536105138472148,0.90204383598367199,0.8858055487507277,0.98199833912147239,0.91824296447738574,1.0152903182935007,True,True,False,2>4>1>3,10,0.011409473750867427,0.011830885526431523,True,3,0.01429618192527894,0.032508517019315814,0.0055806331124112736,0.02299208906826114
10000,0,single,gaussian_matched,0.050000000000000003,986,20,0.02,0.011409473750861664,<1%,True,False,1,0.06373899630846859,0.40364446877265436,0.13639106428911096,0.12941330838483839,0.93536105138472148,0.89835601368685281,0.85733505816750977,0.95433775152125599,,1.054938480805409,False,False,False,,-1,,,False,3,0.014410379406167835,0.06373899630846859,0.020564835200185632,0.046455557924936455
10000,0,single,gaussian_matched,0.050000000000000003,986,20,0.050000000000000003,0.011409473750861664,<1%,True,False,3,0.06373899630846859,0.40364446877265436,0.13639106428911096,0.12941330838483839,0.93536105138472148,0.89835601368685281,0.85733505816750977,0.95433775152125599,,1.054938480805409,False,False,False,,-1,,,False,3,0.014410379406167835,0.06373899630846859,0.020564835200185632,0.046455557924936455
10000,0,single,gaussian_matched,0.050000000000000003,986,21,0.02,0.011409473750861664,<1%,True,False,3,0.024381828346672088,0.5242127989438542,0.10089399863251131,0.056360080992681062,0.93536105138472148,0.88332280306795163,0.87003719036077931,0.98495950442915225,,0.99041677006115336,False,False,False,,-1,,,False,3,0.011895040007025922,0.014206508164513196,0.0018811578372257573,0.024381828346672088
10000,0,single,gaussian_matched,0.050000000000000003,986,21,0.050000000000000003,0.011409473750861664,<1%,True,True,4,0.024381828346672088,0.5242127989438542,0.10089399863251131,0.056360080992681062,0.93536105138472148,0.88332280306795163,0.87003719036077931,0.98495950442915225,0.92380193585033055,0.99041677006115336,True,True,False,2>4>1>3,10,0.011409473750867427,0.012081627833326891,True,3,0.011895040007025922,0.014206508164513196,0.0018811578372257573,0.024381828346672088
10000,0,single,gaussian_matched,0.050000000000000003,986,22,0.02,0.011409473750861664,<1%,True,False,1,0.050603951152562957,0.60085811380720033,0.053614469554585889,0.1009228592089384,0.93536105138472148,0.94607764924145221,0.92195795489441856,0.97450558697124667,,1.0935678929425916,False,False,False,,-1,,,False,3,0.024581601808089978,0.050603951152562957,0.012515604284240072,0.021508642865662436
10000,0,single,gaussian_matched,0.050000000000000003,986,22,0.050000000000000003,0.011409473750861664,<1%,True,False,3,0.050603951152562957,0.60085811380720033,0.053614469554585889,0.1009228592089384,0.93536105138472148,0.94607764924145221,0.92195795489441856,0.97450558697124667,,1.0935678929425916,False,False,False,,-1,,,False,3,0.024581601808089978,0.050603951152562957,0.012515604284240072,0.021508642865662436
10000,0,single,gaussian_matched,0.050000000000000003,986,23,0.02,0.011409473750861664,<1%,True,False,2,0.060341988562465435,0.4480855296791002,0.063246565882361785,0.053577828776232961,0.93536105138472148,0.9349785753526384,0.90585728750853645,0.96885352390762691,,1.0257377243412138,False,False,False,,-1,,,False,3,0.0048655741674977614,0.026890640854517686,0.01051815250952704,0.060341988562465435
10000,0,single,gaussian_matched,0.050000000000000003,986,23,0.050000000000000003,0.011409473750861664,<1%,True,False,3,0.060341988562465435,0.4480855296791002,0.063246565882361785,0.053577828776232961,0.93536105138472148,0.9349785753526384,0.90585728750853645,0.96885352390762691,,1.0257377243412138,False,False,False,,-1,,,False,3,0.0048655741674977614,0.026890640854517686,0.01051815250952704,0.060341988562465435
10000,0,single,gaussian_matched,0.050000000000000003,986,24,0.02,0.011409473750861664,<1%,True,False,2,0.031803748560206214,0.4578654698250979,0.13087299048746304,0.091190784750680931,0.93536105138472148,0.86944490083427195,0.84905910819127817,0.97655309425193859,,1.0052266892554487,False,False,False,,-1,,,False,3,0.015559169659364207,0.030274643945636805,0.0092144397138304579,0.031803748560206214
10000,0,single,gaussian_matched,0.050000000000000003,986,24,0.050000000000000003,0.011409473750861664,<1%,True,True,4,0.031803748560206214,0.4578654698250979,0.13087299048746304,0.091190784750680931,0.93536105138472148,0.86944490083427195,0.84905910819127817,0.97655309425193859,0.92547593575770781,1.0052266892554487,True,True,False,2>4>1>3,10,0.011409473750867427,0.012274472313444917,True,3,0.015559169659364207,0.030274643945636805,0.0092144397138304579,0.031803748560206214
10000,0,single,gaussian_matched,0.050000000000000003,986,25,0.02,0.011409473750861664,<1%,True,False,3,0.037311414422572062,0.53087485959387803,0.055234523523970402,0.031315446531459235,0.93536105138472148,0.92918225140853106,0.91116727211624615,0.98061200667040693,,1.0076138163465764,False,False,False,,-1,,,False,3,0.0061545505771903319,0.018898079976363003,0.0079217186549050012,0.037311414422572062
10000,0,single,gaussian_matched,0.050000000000000003,986,25,0.050000000000000003,0.011409473750861664,<1%,True,True,4,0.037311414422572062,0.53087485959387803,0.055234523523970402,0.031315446531459235,0.93536105138472148,0.92918225140853106,0.91116727211624615,0.98061200667040693,0.92545660080097369,1.0076138163465764,True,True,False,2>4>1>3,10,0.011409473750867427,0.011485343534256565,True,3,0.0061545505771903319,0.018898079976363003,0.0079217186549050012,0.037311414422572062
10000,0,single,gaussian_matched,0.050000000000000003,986,26,0.02,0.011409473750861664,<1%,True,False,2,0.057906930598552946,0.42100592564433537,0.020446279092586742,0.08434148565671315,0.93536105138472148,0.98492267439755588,0.94265387187728134,0.95708414110160578,,1.0979667755179845,False,False,False,,-1,,,False,3,0.00086127312542511351,0.043168904427959627,0.014353303232940812,0.057906930598552946
10000,0,single,gaussian_matched,0.050000000000000003,986,26,0.050000000000000003,0.011409473750861664,<1%,True,False,3,0.057906930598552946,0.42100592564433537,0.020446279092586742,0.08434148565671315,0.93536105138472148,0.98492267439755588,0.94265387187728134,0.95708414110160578,,1.0979667755179845,False,False,False,,-1,,,False,3,0.00086127312542511351,0.043168904427959627,0.014353303232940812,0.057906930598552946
10000,0,single,gaussian_matched,0.050000000000000003,986,27,0.02,0.011409473750861664,<1%,True,False,3,0.040981318850554463,0.49614422639508055,0.081457962079543117,0.031693380512188438,0.93536105138472148,0.90465776433136857,0.8874077638936263,0.98093201526823603,,0.9826164378398744,False,False,False,,-1,,,False,3,0.0026535087902476587,0.00062790823069983493,0.0030587562975879783,0.040981318850554463
10000,0,single,gaussian_matched,0.050000000000000003,986,27,0.050000000000000003,0.011409473750861664,<1%,True,True,4,0.040981318850554463,0.49614422639508055,0.081457962079543117,0.031693380512188438,0.93536105138472148,0.90465776433136857,0.8874077638936263,0.98093201526823603,0.92829862967390953,0.9826164378398744,True,True,False,2>4>1>3,10,0.011409473750867427,0.011796701232369422,True,3,0.0026535087902476587,0.00062790823069983493,0.0030587562975879783,0.040981318850554463
10000,0,single,gaussian_matched,0.050000000000000003,986,28,0.02,0.011409473750861664,<1%,True,False,3,0.044268307334442029,0.49765128478554105,0.048569222107366479,0.0027501979086385379,0.93536105138472148,0.93704882037838877,0.91561788099965291,0.97712932462784396,,0.98183271320601451,False,False,False,,-1,,,False,3,0.002518085298855402,0.00029604700735014905,0.0068814337577157107,0.044268307334442029
10000,0,single,gaussian_matched,0.050000000000000003,986,28,0.050000000000000003,0.011409473750861664,<1%,True,True,4,0.044268307334442029,0.49765128478554105,0.048569222107366479,0.0027501979086385379,0.93536105138472148,0.93704882037838877,0.91561788099965291,0.97712932462784396,0.92767104529488009,0.98183271320601451,True,True,False,2>1>4>3,7,0,0,True,3,0.002518085298855402,0.00029604700735014905,0.0068814337577157107,0.044268307334442029
10000,0,single,gaussian_matched,0.050000000000000003,986,29,0.02,0.011409473750861664,<1%,True,False,2,0.072086392918656247,0.62001995865340298,0.091203380629650083,0.12689566206327302,0.93536105138472148,0.92123315657209548,0.88671999219268827,0.96253590729644323,,1.0836624560701889,False,False,False,,-1,,,False,3,0.038279199242472535,0.072086392918656247,0.0074375849950586862,0.0029248021260893462
10000,0,single,gaussian_matched,0.050000000000000003,986,29,0.050000000000000003,0.011409473750861664,<1%,True,False,3,0.072086392918656247,0.62001995865340298,0.091203380629650083,0.12689566206327302,0.93536105138472148,0.92123315657209548,0.88671999219268827,0.96253590729644323,,1.0836624560701889,False,False,False,,-1,,,False,3,0.038279199242472535,0.072086392918656247,0.0074375849950586862,0.0029248021260893462
10000,0,single,gaussian_matched,0.050000000000000003,986,30,0.02,0.011409473750861664,<1%,True,False,3,0.045809693668461444,0.50113447831692548,0.055494753091877874,0.0056106463613629668,0.93536105138472148,0.92977667415065368,0.90971528009503599,0.97842342724510301,,0.97858033013170453,False,False,False,,-1,,,False,3,0.001017006151412828,0.0025777771597392065,0.0060991833673364037,0.045809693668461444
10000,0,single,gaussian_matched,0.050000000000000003,986,30,0.050000000000000003,0.011409473750861664,<1%,True,True,4,0.045809693668461444,0.50113447831692548,0.055494753091877874,0.0056106463613629668,0.93536105138472148,0.92977667415065368,0.90971528009503599,0.97842342724510301,0.92776956291907897,0.97858033013170453,True,True,False,2>4>1>3,10,0.011409473750867427,0.011478000750120287,True,3,0.001017006151412828,0.0025777771597392065,0.0060991833673364037,0.045809693668461444
10000,0,single,gaussian_matched,0.050000000000000003,986,31,0.02,0.011409473750861664,<1%,True,False,3,0.033279969731512871,0.48427798702464597,0.0099274258230269002,0.043046403951621931,0.93536105138472148,0.97716126528124336,0.94801681375046642,0.97017436879020302,,1.0595515135411129,False,False,False,,-1,,,False,3,0.010986542256262952,0.0144929866501829,0.011142319502110939,0.033279969731512871
10000,0,single,gaussian_matched,0.050000000000000003,986,31,0.050000000000000003,0.011409473750861664,<1%,True,True,4,0.033279969731512871,0.48427798702464597,0.0099274258230269002,0.043046403951621931,0.93536105138472148,0.97716126528124336,0.94801681375046642,0.97017436879020302,0.92576952186612038,1.0595515135411129,True,True,False,2>1>4>3,7,0,0,True,3,0.010986542256262952,0.0144929866501829,0.011142319502110939,0.033279969731512871
10000,0,single,gaussian_matched,0.050000000000000003,987,0,0.02,9.2781982657849298,5-<10%,True,False,3,0.051268560966887998,0.44023787799894787,0.079972458523439233,0.066857007830203735,1.0916891909342805,1.0859325846283272,1.0705425005994251,0.98582777214096629,,1.0418711826359928,False,False,False,,-1,,,False,1,0.051268560966887998,0.0063107074444749556,0.015910060435612328,0.016179804416033613
10000,0,single,gaussian_matched,0.050000000000000003,987,0,0.050000000000000003,9.2781982657849298,5-<10%,True,False,3,0.051268560966887998,0.44023787799894787,0.079972458523439233,0.066857007830203735,1.0916891909342805,1.0859325846283272,1.0705425005994251,0.98582777214096629,,1.0418711826359928,False,False,False,,-1,,,False,1,0.051268560966887998,0.0063107074444749556,0.015910060435612328,0.016179804416033613
10000,0,single,gaussian_matched,0.050000000000000003,987,1,0.02,9.2781982657849298,5-<10%,True,True,4,0.013330526834209284,0.55348704156084971,0.0069340315044187362,0.068669798728367204,1.0916891909342805,1.1197803010811977,1.1102573814654424,0.99149572500377037,0.97715216738396937,1.0799110131198328,True,True,False,4>1>3>2,19,0,0,True,1,0.013330526834209284,0.0066877320355686705,0.0045803627141159653,0.0085505133726631617
10000,0,single,gaussian_matched,0.050000000000000003,987,1,0.050000000000000003,9.2781982657849298,5-<10%,True,True,4,0.013330526834209284,0.55348704156084971,0.0069340315044187362,0.068669798728367204,1.0916891909342805,1.1197803010811977,1.1102573814654424,0.99149572500377037,0.9500113984078673,1.0799110131198328,True,True,False,4>1>3>2,19,0,0,True,1,0.013330526834209284,0.0066877320355686705,0.0045803627141159653,0.0085505133726631617
10000,0,single,gaussian_matched,0.050000000000000003,987,2,0.02,9.2781982657849298,5-<10%,True,False,3,0.039576575286036371,0.46442865551917956,0.058239420145034505,0.036513129042846974,1.0916891909342805,1.0961301648991473,1.0863862942195941,0.99111066277384152,,1.0285889359236491,False,False,False,,-1,,,False,1,0.039576575286036371,0.0064079848073428456,0.008579269663417672,0.0089885086536754637
10000,0,single,gaussian_matched,0.050000000000000003,987,2,0.050000000000000003,9.2781982657849298,5-<10%,True,True,4,0.039576575286036371,0.46442865551917956,0.058239420145034505,0.036513129042846974,1.0916891909342805,1.0961301648991473,1.0863862942195941,0.99111066277384152,0.94036912362489777,1.0285889359236491,True,True,False,4>1>3>2,19,0,0,True,1,0.039576575286036371,0.0064079848073428456,0.008579269663417672,0.0089885086536754637
10000,0,single,gaussian_matched,0.050000000000000003,987,3,0.02,9.2781982657849298,5-<10%,True,False,3,0.035870667730845698,0.47779856350843175,0.075037308929072871,0.033462973877092426,1.0916891909342805,1.0755848985250305,1.076359003406067,1.0007197059777411,,1.016609843258923,False,False,False,,-1,,,False,1,0.035870667730845698,0.0075261720178362744,0.0038272415936509924,0.01207721446142343
10000,0,single,gaussian_matched,0.050000000000000003,987,3,0.050000000000000003,9.2781982657849298,5-<10%,True,True,4,0.035870667730845698,0.47779856350843175,0.075037308929072871,0.033462973877092426,1.0916891909342805,1.0755848985250305,1.076359003406067,1.0007197059777411,0.95202917653021413,1.016609843258923,True,True,False,4>1>3>2,19,0,0,True,1,0.035870667730845698,0.0075261720178362744,0.0038272415936509924,0.01207721446142343
10000,0,single,gaussian_matched,0.050000000000000003,987,4,0.02,9.2781982657849298,5-<10%,True,False,2,0.027901002265455124,0.48873415510326446,-0.073107812840667169,0.12362221824433518,1.0916891909342805,1.212806591034421,1.1652063093698652,0.96075195994444851,,1.1805819259886652,False,False,False,,-1,,,False,1,0.027901002265455124,0.00099004444742046703,0.01963288500192216,0.022048178302480223
10000,0,single,gaussian_matched,0.050000000000000003,987,4,0.050000000000000003,9.2781982657849298,5-<10%,True,True,4,0.027901002265455124,0.48873415510326446,-0.073107812840667169,0.12362221824433518,1.0916891909342805,1.212806591034421,1.1652063093698652,0.96075195994444851,0.9122730319035397,1.1805819259886652,True,True,False,4>1>3>2,19,0,0,True,1,0.027901002265455124,0.00099004444742046703,0.01963288500192216,0.022048178302480223
10000,0,single,gaussian_matched,0.050000000000000003,987,5,0.02,9.2781982657849298,5-<10%,True,False,2,0.029114543207645033,0.5225011704455409,0.10631655655693589,0.060645339588873949,1.0916891909342805,1.0311881977853727,1.0524158431675543,1.0205856170850007,,1.0195769931585175,False,False,False,,-1,,,False,1,0.029114543207645033,0.010282925382941831,0.0056988319052830869,0.020156968113833537
10000,0,single,gaussian_matched,0.050000000000000003,987,5,0.050000000000000003,9.2781982657849298,5-<10%,True,True,4,0.029114543207645033,0.5225011704455409,0.10631655655693589,0.060645339588873949,1.0916891909342805,1.0311881977853727,1.0524158431675543,1.0205856170850007,0.97633138141305664,1.0195769931585175,True,True,False,4>1>3>2,19,0,0,True,1,0.029114543207645033,0.010282925382941831,0.0056988319052830869,0.020156968113833537
10000,0,single,gaussian_matched,0.050000000000000003,987,6,0.02,9.2781982657849298,5-<10%,True,False,3,0.023495514646825845,0.56817163193580578,0.097182612022930992,0.08290699776314063,1.0916891909342805,1.0284234340189644,1.0497922604877992,1.0207782376032875,,1.0375656987879145,False,False,False,,-1,,,False,1,0.023495514646825845,0.012163090489262892,0.011165316818923441,0.0067539306170502781
10000,0,single,gaussian_matched,0.050000000000000003,987,6,0.050000000000000003,9.2781982657849298,5-<10%,True,True,4,0.023495514646825845,0.56817163193580578,0.097182612022930992,0.08290699776314063,1.0916891909342805,1.0284234340189644,1.0497922604877992,1.0207782376032875,0.97966241709324653,1.0375656987879145,True,True,False,4>1>3>2,19,0,0,True,1,0.023495514646825845,0.012163090489262892,0.011165316818923441,0.0067539306170502781
10000,0,single,gaussian_matched,0.050000000000000003,987,7,0.02,9.2781982657849298,5-<10%,True,True,4,0.014025503639907176,0.56698265828473804,-0.0077407662319074894,0.088434566748176999,1.0916891909342805,1.1317241235084556,1.1176974640129462,0.98760593752121728,0.97389709584972017,1.1048309727504961,True,True,False,4>1>3>2,19,0,0,True,1,0.0096617260855523645,0.0066216051035470173,0.0037915542952739359,0.014025503639907176
10000,0,single,gaussian_matched,0.050000000000000003,987,7,0.050000000000000003,9.2781982657849298,5-<10%,True,True,4,0.014025503639907176,0.56698265828473804,-0.0077407662319074894,0.088434566748176999,1.0916891909342805,1.1317241235084556,1.1176974640129462,0.98760593752121728,0.94710628638489025,1.1048309727504961,True,True,False,4>1>3>2,19,0,0,True,1,0.0096617260855523645,0.0066216051035470173,0.0037915542952739359,0.014025503639907176
10000,0,single,gaussian_matched,0.050000000000000003,987,8,0.02,9.2781982657849298,5-<10%,True,False,3,0.023530005778242814,0.5174068886372869,0.046196917245764815,0.017817497312093776,1.0916891909342805,1.0902080178463107,1.09064431836399,1.0004001993294283,,1.015363919402233,False,False,False,,-1,,,False,1,0.023530005778242814,0.0072159400176116184,0.0029749650267877179,0.0040105001595750357
10000,0,single,gaussian_matched,0.050000000000000003,987,8,0.050000000000000003,9.2781982657849298,5-<10%,True,True,4,0.023530005778242814,0.5174068886372869,0.046196917245764815,0.017817497312093776,1.0916891909342805,1.0902080178463107,1.09064431836399,1.0004001993294283,0.95602919383039964,1.015363919402233,True,True,False,4>1>3>2,19,0,0,True,1,0.023530005778242814,0.0072159400176116184,0.0029749650267877179,0.0040105001595750357
10000,0,single,gaussian_matched,0.050000000000000003,987,9,0.02,9.2781982657849298,5-<10%,True,True,4,0.018041101315763506,0.55496813267211165,-0.027955165112177993,0.095386075383809554,1.0916891909342805,1.1537458400503982,1.1320524327016055,0.98119741229329582,0.96600004794651628,1.1243479538667582,True,True,False,4>1>3>2,19,0,0,True,1,0.0097633881445393696,0.0047279125714749142,0.00060573286574081204,0.018041101315763506
10000,0,single,gaussian_matched,0.050000000000000003,987,9,0.050000000000000003,9.2781982657849298,5-<10%,True,True,4,0.018041101315763506,0.55496813267211165,-0.027955165112177993,0.095386075383809554,1.0916891909342805,1.1537458400503982,1.1320524327016055,0.98119741229329582,0.93984684150925502,1.1243479538667582,True,True,False,4>1>3>2,19,0,0,True,1,0.0097633881445393696,0.0047279125714749142,0.00060573286574081204,0.018041101315763506
10000,0,single,gaussian_matched,0.050000000000000003,987,10,0.02,9.2781982657849298,5-<10%,True,False,3,0.021783116143402028,0.52793823818658714,0.048253772784960618,0.027992757321439774,1.0916891909342805,1.0853947639425336,1.087917986804215,1.0023247052091131,,1.0221872245255494,False,False,False,,-1,,,False,1,0.021783116143402028,0.0076927170653210012,0.0047153774001452483,0.0042627759157656308
10000,0,single,gaussian_matched,0.050000000000000003,987,10,0.050000000000000003,9.2781982657849298,5-<10%,True,True,4,0.021783116143402028,0.52793823818658714,0.048253772784960618,0.027992757321439774,1.0916891909342805,1.0853947639425336,1.087917986804215,1.0023247052091131,0.95881296879728328,1.0221872245255494,True,True,False,4>1>3>2,19,0,0,True,1,0.021783116143402028,0.0076927170653210012,0.0047153774001452483,0.0042627759157656308
10000,0,single,gaussian_matched,0.050000000000000003,987,11,0.02,9.2781982657849298,5-<10%,True,False,3,0.036283647161921055,0.48052201194466715,0.092267162086225554,0.046539284583101963,1.0916891909342805,1.0585568330630446,1.0658581857563036,1.0068974593193374,,1.0189690248626557,False,False,False,,-1,,,False,1,0.036283647161921055,0.0083132493660908052,0.0025230668780081619,0.016069324123226633
10000,0,single,gaussian_matched,0.050000000000000003,987,11,0.050000000000000003,9.2781982657849298,5-<10%,True,True,4,0.036283647161921055,0.48052201194466715,0.092267162086225554,0.046539284583101963,1.0916891909342805,1.0585568330630446,1.0658581857563036,1.0068974593193374,0.95854355078142583,1.0189690248626557,True,True,False,4>1>3>2,19,0,0,True,1,0.036283647161921055,0.0083132493660908052,0.0025230668780081619,0.016069324123226633
10000,0,single,gaussian_matched,0.050000000000000003,987,12,0.02,9.2781982657849298,5-<10%,True,False,3,0.027249864608351337,0.48991947142719405,-0.061567470968522289,0.11202195157476601,1.0916891909342805,1.201376695881903,1.1583421011371522,0.96417893330854054,,1.1636682521558408,False,False,False,,-1,,,False,1,0.027249864608351337,0.0015876123239470913,0.017170369786768599,0.01971014982102888
10000,0,single,gaussian_matched,0.050000000000000003,987,12,0.050000000000000003,9.2781982657849298,5-<10%,True,True,4,0.027249864608351337,0.48991947142719405,-0.061567470968522289,0.11202195157476601,1.0916891909342805,1.201376695881903,1.1583421011371522,0.96417893330854054,0.91612739770198603,1.1636682521558408,True,True,False,4>1>3>2,19,0,0,True,1,0.027249864608351337,0.0015876123239470913,0.017170369786768599,0.01971014982102888
10000,0,single,gaussian_matched,0.050000000000000003,987,13,0.02,9.2781982657849298,5-<10%,True,False,3,0.032867621455832441,0.48297659233660717,0.054374743244750147,0.017576540812445113,1.0916891909342805,1.0930987748928058,1.0887602721625642,0.99603100577011705,,1.013417392205004,False,False,False,,-1,,,False,1,0.032867621455832441,0.0067986930586597487,0.0035905663268137773,0.007060200560577796
10000,0,single,gaussian_matched,0.050000000000000003,987,13,0.050000000000000003,9.2781982657849298,5-<10%,True,True,4,0.032867621455832441,0.48297659233660717,0.054374743244750147,0.017576540812445113,1.0916891909342805,1.0930987748928058,1.0887602721625642,0.99603100577011705,0.94805334693723742,1.013417392205004,True,True,False,4>1>3>2,19,0,0,True,1,0.032867621455832441,0.0067986930586597487,0.0035905663268137773,0.007060200560577796
10000,0,single,gaussian_matched,0.050000000000000003,987,14,0.02,9.2781982657849298,5-<10%,True,True,4,0.017228134094839739,0.53022200594622648,0.0024201419349150766,0.05636676801899658,1.0916891909342805,1.1292343015633146,1.1161863934745588,0.98844534914437843,0.97202700153742183,1.0740723378327768,True,True,False,4>1>3>2,19,0,0,True,1,0.017228134094839739,0.0054366952429667657,0.0010578793962311556,0.0079700967164304318
10000,0,single,gaussian_matched,0.050000000000000003,987,14,0.050000000000000003,9.2781982657849298,5-<10%,True,True,4,0.017228134094839739,0.53022200594622648,0.0024201419349150766,0.05636676801899658,1.0916891909342805,1.1292343015633146,1.1161863934745588,0.98844534914437843,0.94519019571010454,1.0740723378327768,True,True,False,4>1>3>2,19,0,0,True,1,0.017228134094839739,0.0054366952429667657,0.0010578793962311556,0.0079700967164304318
10000,0,single,gaussian_matched,0.050000000000000003,987,15,0.02,9.2781982657849298,5-<10%,True,True,4,0.017733418225306361,0.55710464317124297,0.048521727778710042,0.05712377403914437,1.0916891909342805,1.0783204634080388,1.0831903766893165,1.0045162022297958,0.99164849797176058,1.0445410288917183,True,True,False,4>1>3>2,19,0,0,True,1,0.017733418225306361,0.0091306501343562333,0.008745588517633825,0.0026252223387896612
10000,0,single,gaussian_matched,0.050000000000000003,987,15,0.050000000000000003,9.2781982657849298,5-<10%,True,True,4,0.017733418225306361,0.55710464317124297,0.048521727778710042,0.05712377403914437,1.0916891909342805,1.0783204634080388,1.0831903766893165,1.0045162022297958,0.96309692332949792,1.0445410288917183,True,True,False,4>1>3>2,19,0,0,True,1,0.017733418225306361,0.0091306501343562333,0.008745588517633825,0.0026252223387896612
10000,0,single,gaussian_matched,0.050000000000000003,987,16,0.02,9.2781982657849298,5-<10%,True,False,3,0.031429020235467148,0.56561661899220694,0.14633630284778176,0.11655995853786144,1.0916891909342805,0.9810305493708571,1.0183637662899907,1.0380551012841299,,1.0396033360526094,False,False,False,,-1,,,False,1,0.031429020235467148,0.014351657704200162,0.011480261927979917,0.00794726998056371
10000,0,single,gaussian_matched,0.050000000000000003,987,16,0.050000000000000003,9.2781982657849298,5-<10%,True,True,4,0.031429020235467148,0.56561661899220694,0.14633630284778176,0.11655995853786144,1.0916891909342805,0.9810305493708571,1.0183637662899907,1.0380551012841299,0.99624479671934951,1.0396033360526094,True,True,False,4>1>3>2,19,0,0,True,1,0.031429020235467148,0.014351657704200162,0.011480261927979917,0.00794726998056371
10000,0,single,gaussian_matched,0.050000000000000003,987,17,0.02,9.2781982657849298,5-<10%,True,False,3,0.037485129251302929,0.46969930422161343,0.056384145967468519,0.030965940715377564,1.0916891909342805,1.0959065310580955,1.0876848125402749,0.99249779220689327,,1.0246971047668778,False,False,False,,-1,,,False,1,0.037485129251302929,0.0065056994303228644,0.0070758874353962359,0.0082145203747890586
10000,0,single,gaussian_matched,0.050000000000000003,987,17,0.050000000000000003,9.2781982657849298,5-<10%,True,True,4,0.037485129251302929,0.46969930422161343,0.056384145967468519,0.030965940715377564,1.0916891909342805,1.0959065310580955,1.0876848125402749,0.99249779220689327,0.94262523276921806,1.0246971047668778,True,True,False,4>1>3>2,19,0,0,True,1,0.037485129251302929,0.0065056994303228644,0.0070758874353962359,0.0082145203747890586
10000,0,single,gaussian_matched,0.050000000000000003,987,18,0.02,9.2781982657849298,5-<10%,True,False,2,0.04692476659822141,0.44063233188745182,-0.018774500606673405,0.090854014500290473,1.0916891909342805,1.1764894775276371,1.1317989734123157,0.96201368140645227,,1.1199643617120045,False,False,False,,-1,,,False,1,0.04692476659822141,0.0024807432625438878,0.026229898717754781,0.0043589264242252738
10000,0,single,gaussian_matched,0.050000000000000003,987,18,0.050000000000000003,9.2781982657849298,5-<10%,True,True,4,0.04692476659822141,0.44063233188745182,-0.018774500606673405,0.090854014500290473,1.0916891909342805,1.1764894775276371,1.1317989734123157,0.96201368140645227,0.90611078123839683,1.1199643617120045,True,True,False,4>1>3>2,19,0,0,True,1,0.04692476659822141,0.0024807432625438878,0.026229898717754781,0.0043589264242252738
10000,0,single,gaussian_matched,0.050000000000000003,987,19,0.02,9.2781982657849298,5-<10%,True,False,3,0.023655623066629203,0.54855351306568956,0.086700788252150135,0.060863712418396304,1.0916891909342805,1.0430121063687083,1.0602078383029629,1.016486608189163,,1.0269145834098925,False,False,False,,-1,,,False,1,0.023655623066629203,0.010610003849004294,0.0086862923352554328,0.013966766189252532
10000,0,single,gaussian_matched,0.050000000000000003,987,19,0.050000000000000003,9.2781982657849298,5-<10%,True,True,4,0.023655623066629203,0.54855351306568956,0.086700788252150135,0.060863712418396304,1.0916891909342805,1.0430121063687083,1.0602078383029629,1.016486608189163,0.97422590785495533,1.0269145834098925,True,True,False,4>1>3>2,19,0,0,True,1,0.023655623066629203,0.010610003849004294,0.0086862923352554328,0.013966766189252532
10000,0,single,gaussian_matched,0.050000000000000003,987,20,0.02,9.2781982657849298,5-<10%,True,False,2,0.038881633213878414,0.48287582321016215,0.13048197996066813,0.082283573871818463,1.0916891909342805,1.0223434573142787,1.04284851044806,1.0200569123684213,,1.0306340794278426,False,False,False,,-1,,,False,1,0.038881633213878414,0.0099471660114682989,0.0005699515520517322,0.025425054283950917
10000,0,single,gaussian_matched,0.050000000000000003,987,20,0.050000000000000003,9.2781982657849298,5-<10%,True,True,4,0.038881633213878414,0.48287582321016215,0.13048197996066813,0.082283573871818463,1.0916891909342805,1.0223434573142787,1.04284851044806,1.0200569123684213,0.97193596393867276,1.0306340794278426,True,True,False,4>1>3>2,19,0,0,True,1,0.038881633213878414,0.0099471660114682989,0.0005699515520517322,0.025425054283950917
10000,0,single,gaussian_matched,0.050000000000000003,987,21,0.02,9.2781982657849298,5-<10%,True,False,3,0.043340632688142373,0.45258907943915705,0.035625871979785909,0.049542011916837457,1.0916891909342805,1.1215373704378977,1.0993602620069098,0.98022615294367865,,1.0524078496559108,False,False,False,,-1,,,False,1,0.043340632688142373,0.0050139308743933292,0.014843501605358893,0.0051802823914568778
10000,0,single,gaussian_matched,0.050000000000000003,987,21,0.050000000000000003,9.2781982657849298,5-<10%,True,True,4,0.043340632688142373,0.45258907943915705,0.035625871979785909,0.049542011916837457,1.0916891909342805,1.1215373704378977,1.0993602620069098,0.98022615294367865,0.92719417331264087,1.0524078496559108,True,True,False,4>1>3>2,19,0,0,True,1,0.043340632688142373,0.0050139308743933292,0.014843501605358893,0.0051802823914568778
10000,0,single,gaussian_matched,0.050000000000000003,987,22,0.02,9.2781982657849298,5-<10%,True,False,3,0.044883054373100501,0.45277366052960993,0.067975820708015333,0.05053174516973697,1.0916891909342805,1.0916638918969743,1.0795733165464354,0.98892463564996247,,1.0351893845802531,False,False,False,,-1,,,False,1,0.044883054373100501,0.0063675050000613423,0.011891375703466274,0.012121644512170911
10000,0,single,gaussian_matched,0.050000000000000003,987,22,0.050000000000000003,9.2781982657849298,5-<10%,True,True,4,0.044883054373100501,0.45277366052960993,0.067975820708015333,0.05053174516973697,1.0916891909342805,1.0916638918969743,1.0795733165464354,0.98892463564996247,0.9359816506071108,1.0351893845802531,True,True,False,4>1>3>2,19,0,0,True,1,0.044883054373100501,0.0063675050000613423,0.011891375703466274,0.012121644512170911
10000,0,single,gaussian_matched,0.050000000000000003,987,23,0.02,9.2781982657849298,5-<10%,True,False,3,0.040741088132671063,0.46239371359552434,0.064888140898290453,0.040446131045413967,1.0916891909342805,1.0907451131340218,1.0822439893866047,0.99220613171211836,,1.028397212095878,False,False,False,,-1,,,False,1,0.040741088132671063,0.0066143588217273761,0.0087688902354110705,0.010614340512141114
10000,0,single,gaussian_matched,0.050000000000000003,987,23,0.050000000000000003,9.2781982657849298,5-<10%,True,True,4,0.040741088132671063,0.46239371359552434,0.064888140898290453,0.040446131045413967,1.0916891909342805,1.0907451131340218,1.0822439893866047,0.99220613171211836,0.94111172085239836,1.028397212095878,True,True,False,4>1>3>2,19,0,0,True,1,0.040741088132671063,0.0066143588217273761,0.0087688902354110705,0.010614340512141114
10000,0,single,gaussian_matched,0.050000000000000003,987,24,0.02,9.2781982657849298,5-<10%,True,False,3,0.025751585665541872,0.55919299043737669,-0.055750840020177425,0.12119014102596187,1.0916891909342805,1.1803598498160413,1.1489258313455744,0.97336912258124852,,1.1634410076777952,False,False,False,,-1,,,False,1,0.0069610363284995673,0.0032082601341765528,0.0046924814607479824,0.025751585665541872
10000,0,single,gaussian_matched,0.050000000000000003,987,24,0.050000000000000003,9.2781982657849298,5-<10%,True,True,4,0.025751585665541872,0.55919299043737669,-0.055750840020177425,0.12119014102596187,1.0916891909342805,1.1803598498160413,1.1489258313455744,0.97336912258124852,0.93227022552551886,1.1634410076777952,True,True,False,4>1>3>2,19,0,0,True,1,0.0069610363284995673,0.0032082601341765528,0.0046924814607479824,0.025751585665541872
10000,0,single,gaussian_matched,0.050000000000000003,987,25,0.02,9.2781982657849298,5-<10%,True,False,2,0.077322858013311319,0.38584937551846887,-0.011085564408873608,0.12946741384871399,1.0916891909342805,1.1915915469177187,1.1169753451764624,0.93738105818703932,,1.1417560688298616,False,False,False,,-1,,,False,1,0.077322858013311319,0.0018245109369656963,0.0552504680265411,0.010824608565574453
10000,0,single,gaussian_matched,0.050000000000000003,987,25,0.050000000000000003,9.2781982657849298,5-<10%,True,False,2,0.077322858013311319,0.38584937551846887,-0.011085564408873608,0.12946741384871399,1.0916891909342805,1.1915915469177187,1.1169753451764624,0.93738105818703932,,1.1417560688298616,False,False,False,,-1,,,False,1,0.077322858013311319,0.0018245109369656963,0.0552504680265411,0.010824608565574453
10000,0,single,gaussian_matched,0.050000000000000003,987,26,0.02,9.2781982657849298,5-<10%,True,False,3,0.020387572051347291,0.53904233218979958,-0.043256605809059046,0.10109944722818659,1.0916891909342805,1.171851524258757,1.1433995308682212,0.97572047925735916,,1.139975542884464,False,False,False,,-1,,,False,1,0.012443973616055596,0.0032850480058562244,0.0050090297170791685,0.020387572051347291
10000,0,single,gaussian_matched,0.050000000000000003,987,26,0.050000000000000003,9.2781982657849298,5-<10%,True,True,4,0.020387572051347291,0.53904233218979958,-0.043256605809059046,0.10109944722818659,1.0916891909342805,1.171851524258757,1.1433995308682212,0.97572047925735916,0.93305415841310568,1.139975542884464,True,True,False,4>1>3>2,19,0,0,True,1,0.012443973616055596,0.0032850480058562244,0.0050090297170791685,0.020387572051347291
10000,0,single,gaussian_matched,0.050000000000000003,987,27,0.02,9.2781982657849298,5-<10%,True,False,3,0.0490594078976117,0.44276298673247161,0.060707100414166201,0.058229869371880433,1.0916891909342805,1.1023646479213984,1.0826725284101175,0.98213647403478321,,1.0450798700366357,False,False,False,,-1,,,False,1,0.0490594078976117,0.0056293860543884877,0.016506978271776745,0.011692982185505315
10000,0,single,gaussian_matched,0.050000000000000003,987,27,0.050000000000000003,9.2781982657849298,5-<10%,True,True,4,0.0490594078976117,0.44276298673247161,0.060707100414166201,0.058229869371880433,1.0916891909342805,1.1023646479213984,1.0826725284101175,0.98213647403478321,0.92691268410503791,1.0450798700366357,True,True,False,4>1>3>2,19,0,0,True,1,0.0490594078976117,0.0056293860543884877,0.016506978271776745,0.011692982185505315
10000,0,single,gaussian_matched,0.050000000000000003,987,28,0.02,9.2781982657849298,5-<10%,True,False,3,0.03042206256218636,0.48548129535848361,0.025131549438392881,0.028796399389553671,1.0916891909342805,1.1198668450806353,1.1064636583950134,0.98803144610941951,,1.0399114209539788,False,False,False,,-1,,,False,1,0.03042206256218636,0.0056001788933530928,0.0053666884299680513,0.00015893162551200657
10000,0,single,gaussian_matched,0.050000000000000003,987,28,0.050000000000000003,9.2781982657849298,5-<10%,True,True,4,0.03042206256218636,0.48548129535848361,0.025131549438392881,0.028796399389553671,1.0916891909342805,1.1198668450806353,1.1064636583950134,0.98803144610941951,0.94035424669532275,1.0399114209539788,True,True,False,4>1>3>2,19,0,0,True,1,0.03042206256218636,0.0056001788933530928,0.0053666884299680513,0.00015893162551200657
10000,0,single,gaussian_matched,0.050000000000000003,987,29,0.02,9.2781982657849298,5-<10%,True,False,3,0.02203161235502734,0.52919111495789017,0.052685108167410774,0.029314347994718482,1.0916891909342805,1.0807900799511878,1.084958765872954,1.0038570727092115,,1.0206871361564589,False,False,False,,-1,,,False,1,0.02203161235502734,0.0079675841304304319,0.0050504973019080655,0.0054236211427878874
10000,0,single,gaussian_matched,0.050000000000000003,987,29,0.050000000000000003,9.2781982657849298,5-<10%,True,True,4,0.02203161235502734,0.52919111495789017,0.052685108167410774,0.029314347994718482,1.0916891909342805,1.0807900799511878,1.084958765872954,1.0038570727092115,0.96042579035462461,1.0206871361564589,True,True,False,4>1>3>2,19,0,0,True,1,0.02203161235502734,0.0079675841304304319,0.0050504973019080655,0.0054236211427878874
10000,0,single,gaussian_matched,0.050000000000000003,987,30,0.02,9.2781982657849298,5-<10%,True,False,2,0.036992106088214238,0.50796082802376041,0.15465991641838983,0.1049622450575836,1.0916891909342805,0.99044555244173105,1.0250332402301305,1.0349213419184236,,1.035089011296934,False,False,False,,-1,,,False,1,0.036992106088214238,0.011875036038825259,0.0047369704191855813,0.031237588165175047
10000,0,single,gaussian_matched,0.050000000000000003,987,30,0.050000000000000003,9.2781982657849298,5-<10%,True,True,4,0.036992106088214238,0.50796082802376041,0.15465991641838983,0.1049622450575836,1.0916891909342805,0.99044555244173105,1.0250332402301305,1.0349213419184236,0.98917792856539766,1.035089011296934,True,True,False,4>1>3>2,19,0,0,True,1,0.036992106088214238,0.011875036038825259,0.0047369704191855813,0.031237588165175047
10000,0,single,gaussian_matched,0.050000000000000003,987,31,0.02,9.2781982657849298,5-<10%,True,False,3,0.035294830455390148,0.48667069821947034,0.10107032775923469,0.05278113927713278,1.0916891909342805,1.0481088495562139,1.0602028278863984,1.0115388571857831,,1.0195062627770697,False,False,False,,-1,,,False,1,0.035294830455390148,0.0088329398488389312,0.00083288925044676084,0.018135760983703456
10000,0,single,gaussian_matched,0.050000000000000003,987,31,0.050000000000000003,9.2781982657849298,5-<10%,True,True,4,0.035294830455390148,0.48667069821947034,0.10107032775923469,0.05278113927713278,1.0916891909342805,1.0481088495562139,1.0602028278863984,1.0115388571857831,0.9639253405068855,1.0195062627770697,True,True,False,4>1>3>2,19,0,0,True,1,0.035294830455390148,0.0088329398488389312,0.00083288925044676084,0.018135760983703456
10000,0,single,gaussian_matched,0.050000000000000003,988,0,0.02,7.6981808866455923,5-<10%,True,False,3,0.05774994678384212,0.45720777613724045,-0.019853670901606085,0.081918921877368586,1.5235974209141658,1.5947612095825785,1.559445402920923,0.97785511307307305,,1.0772952896004937,False,False,False,,-1,,,False,1,0.0071089755894905441,0.010479229557200662,0.05774994678384212,0.0038973005046842308
10000,0,single,gaussian_matched,0.050000000000000003,988,0,0.050000000000000003,7.6981808866455923,5-<10%,True,False,3,0.05774994678384212,0.45720777613724045,-0.019853670901606085,0.081918921877368586,1.5235974209141658,1.5947612095825785,1.559445402920923,0.97785511307307305,,1.0772952896004937,False,False,False,,-1,,,False,1,0.0071089755894905441,0.010479229557200662,0.05774994678384212,0.0038973005046842308
10000,0,single,gaussian_matched,0.050000000000000003,988,1,0.02,7.6981808866455923,5-<10%,True,False,3,0.043905626236821517,0.43490516521189426,0.075395223142600401,0.069873134140048768,1.5235974209141658,1.5062548969691258,1.5045756996297626,0.99888518381401303,,1.0333758853602772,False,False,False,,-1,,,False,1,0.003113969020162791,0.0026928496645138682,0.043905626236821517,0.0095815081605816078
10000,0,single,gaussian_matched,0.050000000000000003,988,1,0.050000000000000003,7.6981808866455923,5-<10%,True,True,4,0.043905626236821517,0.43490516521189426,0.075395223142600401,0.069873134140048768,1.5235974209141658,1.5062548969691258,1.5045756996297626,0.99888518381401303,0.97201176951451318,1.0333758853602772,True,True,False,3>1>2>4,12,0,0,True,1,0.003113969020162791,0.0026928496645138682,0.043905626236821517,0.0095815081605816078
10000,0,single,gaussian_matched,0.050000000000000003,988,2,0.02,7.6981808866455923,5-<10%,True,False,3,0.033091601153288977,0.57310253376261133,0.027393894996596876,0.076518079078990331,1.5235974209141658,1.5631773410963641,1.5430667690329154,0.98713481091701105,,1.0630005182997402,False,False,False,,-1,,,False,1,0.033091601153288977,0.011515907212263863,0.019507600413688205,0.010221672769095993
10000,0,single,gaussian_matched,0.050000000000000003,988,2,0.050000000000000003,7.6981808866455923,5-<10%,True,True,4,0.033091601153288977,0.57310253376261133,0.027393894996596876,0.076518079078990331,1.5235974209141658,1.5631773410963641,1.5430667690329154,0.98713481091701105,0.94711631677669195,1.0630005182997402,True,True,False,3>1>2>4,12,0,0,True,1,0.033091601153288977,0.011515907212263863,0.019507600413688205,0.010221672769095993
10000,0,single,gaussian_matched,0.050000000000000003,988,3,0.02,7.6981808866455923,5-<10%,True,False,3,0.039094796822828272,0.45311199939586783,0.022664491832876096,0.054274437882008475,1.5235974209141658,1.5532215949380137,1.5346589934292532,0.98804896766227268,,1.0428827257779776,False,False,False,,-1,,,False,1,0.0056284460687530879,0.0064176653225976061,0.039094796822828272,0.0050811823128232275
10000,0,single,gaussian_matched,0.050000000000000003,988,3,0.050000000000000003,7.6981808866455923,5-<10%,True,True,4,0.039094796822828272,0.45311199939586783,0.022664491832876096,0.054274437882008475,1.5235974209141658,1.5532215949380137,1.5346589934292532,0.98804896766227268,0.95912789071347571,1.0428827257779776,True,True,False,3>1>2>4,12,0,0,True,1,0.0056284460687530879,0.0064176653225976061,0.039094796822828272,0.0050811823128232275
10000,0,single,gaussian_matched,0.050000000000000003,988,4,0.02,7.6981808866455923,5-<10%,True,False,3,0.029329944472574993,0.55993320649957923,0.010082630453142623,0.072009621807516688,1.5235974209141658,1.5747623979672492,1.5505944725060263,0.98465297019257036,,1.0649821744512884,False,False,False,,-1,,,False,1,0.029329944472574993,0.012227699084080293,0.0048593861009612023,0.0081793201365525075
10000,0,single,gaussian_matched,0.050000000000000003,988,4,0.050000000000000003,7.6981808866455923,5-<10%,True,True,4,0.029329944472574993,0.55993320649957923,0.010082630453142623,0.072009621807516688,1.5235974209141658,1.5747623979672492,1.5505944725060263,0.98465297019257036,0.94561643822445485,1.0649821744512884,True,True,False,3>1>2>4,12,0,0,True,1,0.029329944472574993,0.012227699084080293,0.0048593861009612023,0.0081793201365525075
10000,0,single,gaussian_matched,0.050000000000000003,988,5,0.02,7.6981808866455923,5-<10%,True,False,3,0.054739340439622801,0.42300928997319764,0.048373622708927005,0.077007886177482388,1.5235974209141658,1.5356752672752554,1.519030819615786,0.9891614796342969,,1.047546211279117,False,False,False,,-1,,,False,1,0.014162953697113853,0.0061174128992312641,0.054739340439622801,0.011061229975976956
10000,0,single,gaussian_matched,0.050000000000000003,988,5,0.050000000000000003,7.6981808866455923,5-<10%,True,False,3,0.054739340439622801,0.42300928997319764,0.048373622708927005,0.077007886177482388,1.5235974209141658,1.5356752672752554,1.519030819615786,0.9891614796342969,,1.047546211279117,False,False,False,,-1,,,False,1,0.014162953697113853,0.0061174128992312641,0.054739340439622801,0.011061229975976956
10000,0,single,gaussian_matched,0.050000000000000003,988,6,0.02,7.6981808866455923,5-<10%,True,False,2,0.025172563165315302,0.52816020480510117,-0.021930408073359969,0.077246234473049444,1.5235974209141658,1.5983832170909524,1.5651912416675249,0.97923403157107924,,1.0779996432096242,False,False,False,,-1,,,False,1,0.024927631621063769,0.012721112331177023,0.025172563165315302,0.0039311484365315867
10000,0,single,gaussian_matched,0.050000000000000003,988,6,0.050000000000000003,7.6981808866455923,5-<10%,True,True,4,0.025172563165315302,0.52816020480510117,-0.021930408073359969,0.077246234473049444,1.5235974209141658,1.5983832170909524,1.5651912416675249,0.97923403157107924,0.94300341386518882,1.0779996432096242,True,True,False,3>1>2>4,12,0,0,True,1,0.024927631621063769,0.012721112331177023,0.025172563165315302,0.0039311484365315867
10000,0,single,gaussian_matched,0.050000000000000003,988,7,0.02,7.6981808866455923,5-<10%,True,False,3,0.025034365655891969,0.4807676184762103,0.12989073234547741,0.082173071098586278,1.5235974209141658,1.4434415679257266,1.4788514179427834,1.0245315437797333,,1.0245649327134903,False,False,False,,-1,,,False,1,0.025034365655891969,0.0042406980511843695,0.0078232984571750541,0.0081179117912368818
10000,0,single,gaussian_matched,0.050000000000000003,988,7,0.050000000000000003,7.6981808866455923,5-<10%,True,True,4,0.025034365655891969,0.4807676184762103,0.12989073234547741,0.082173071098586278,1.5235974209141658,1.4434415679257266,1.4788514179427834,1.0245315437797333,0.99259876930433344,1.0245649327134903,True,True,False,3>1>2>4,12,0,0,True,1,0.025034365655891969,0.0042406980511843695,0.0078232984571750541,0.0081179117912368818
10000,0,single,gaussian_matched,0.050000000000000003,988,8,0.02,7.6981808866455923,5-<10%,True,False,3,0.026211494801864171,0.55375437667039662,0.015757304572460405,0.063734568339058523,1.5235974209141658,1.5674746979110972,1.5468116998424593,0.9868176512857435,,1.0570681244755469,False,False,False,,-1,,,False,1,0.026211494801864171,0.011281468361102057,0.0058574116530366316,0.0079192108130449867
10000,0,single,gaussian_matched,0.050000000000000003,988,8,0.050000000000000003,7.6981808866455923,5-<10%,True,True,4,0.026211494801864171,0.55375437667039662,0.015757304572460405,0.063734568339058523,1.5235974209141658,1.5674746979110972,1.5468116998424593,0.9868176512857435,0.94824437205933143,1.0570681244755469,True,True,False,3>1>2>4,12,0,0,True,1,0.026211494801864171,0.011281468361102057,0.0058574116530366316,0.0079192108130449867
10000,0,single,gaussian_matched,0.050000000000000003,988,9,0.02,7.6981808866455923,5-<10%,True,False,3,0.062584197088775342,0.46330247953970599,-0.034989147844637733,0.092573555939541322,1.5235974209141658,1.609185094797571,1.5686887208971707,0.97483423502285516,,1.0903551384590469,False,False,False,,-1,,,False,1,0.012729706257214793,0.011886109720198667,0.062584197088775342,0.0029272844786752314
10000,0,single,gaussian_matched,0.050000000000000003,988,9,0.050000000000000003,7.6981808866455923,5-<10%,True,False,3,0.062584197088775342,0.46330247953970599,-0.034989147844637733,0.092573555939541322,1.5235974209141658,1.609185094797571,1.5686887208971707,0.97483423502285516,,1.0903551384590469,False,False,False,,-1,,,False,1,0.012729706257214793,0.011886109720198667,0.062584197088775342,0.0029272844786752314
10000,0,single,gaussian_matched,0.050000000000000003,988,10,0.02,7.6981808866455923,5-<10%,True,False,3,0.059560309033939066,0.45843740254471549,-0.024499655705520262,0.08530913320079557,1.5235974209141658,1.5992353180808687,1.562243606035012,0.97686912512021817,,1.0813570019351095,False,False,False,,-1,,,False,1,0.0086705205074926201,0.010921021710380929,0.059560309033939066,0.0036934400822807557
10000,0,single,gaussian_matched,0.050000000000000003,988,10,0.050000000000000003,7.6981808866455923,5-<10%,True,False,3,0.059560309033939066,0.45843740254471549,-0.024499655705520262,0.08530913320079557,1.5235974209141658,1.5992353180808687,1.562243606035012,0.97686912512021817,,1.0813570019351095,False,False,False,,-1,,,False,1,0.0086705205074926201,0.010921021710380929,0.059560309033939066,0.0036934400822807557
10000,0,single,gaussian_matched,0.050000000000000003,988,11,0.02,7.6981808866455923,5-<10%,True,False,3,0.033009847991633659,0.47640363055959462,0.0069254165567445708,0.049114238155325916,1.5235974209141658,1.5664643360792994,1.5448526253517871,0.98620350924707034,,1.0461863754998517,False,False,False,,-1,,,False,1,0.0044043338447442969,0.0077050117480651006,0.033009847991633659,0.001453865496942015
10000,0,single,gaussian_matched,0.050000000000000003,988,11,0.050000000000000003,7.6981808866455923,5-<10%,True,True,4,0.033009847991633659,0.47640363055959462,0.0069254165567445708,0.049114238155325916,1.5235974209141658,1.5664643360792994,1.5448526253517871,0.98620350924707034,0.95480873287913792,1.0461863754998517,True,True,False,3>1>2>4,12,0,0,True,1,0.0044043338447442969,0.0077050117480651006,0.033009847991633659,0.001453865496942015
10000,0,single,gaussian_matched,0.050000000000000003,988,12,0.02,7.6981808866455923,5-<10%,True,False,2,0.044933076603480886,0.55873421161763281,0.078285808430324622,0.065190448479067062,1.5235974209141658,1.5108352112231493,1.5149487207251506,1.0027226725134841,,1.0371106878456953,False,False,False,,-1,,,False,1,0.030575647534459301,0.0058414212272606438,0.044933076603480886,0.011478304331421935
10000,0,single,gaussian_matched,0.050000000000000003,988,12,0.050000000000000003,7.6981808866455923,5-<10%,True,True,4,0.044933076603480886,0.55873421161763281,0.078285808430324622,0.065190448479067062,1.5235974209141658,1.5108352112231493,1.5149487207251506,1.0027226725134841,0.96383782551777897,1.0371106878456953,True,True,False,3>1>2>4,12,0,0,True,1,0.030575647534459301,0.0058414212272606438,0.044933076603480886,0.011478304331421935
10000,0,single,gaussian_matched,0.050000000000000003,988,13,0.02,7.6981808866455923,5-<10%,True,False,3,0.022885650020494971,0.48859983133066365,0.013923551540586145,0.037834824951809447,1.5235974209141658,1.5592178239568311,1.5416707109239312,0.98874620802604052,,1.0366948080865284,False,False,False,,-1,,,False,1,0.0050756196912329814,0.0072642069402307566,0.022885650020494971,0.0024935109737726038
10000,0,single,gaussian_matched,0.050000000000000003,988,13,0.050000000000000003,7.6981808866455923,5-<10%,True,True,4,0.022885650020494971,0.48859983133066365,0.013923551540586145,0.037834824951809447,1.5235974209141658,1.5592178239568311,1.5416707109239312,0.98874620802604052,0.95604302071039293,1.0366948080865284,True,True,False,3>1>2>4,12,0,0,True,1,0.0050756196912329814,0.0072642069402307566,0.022885650020494971,0.0024935109737726038
10000,0,single,gaussian_matched,0.050000000000000003,988,14,0.02,7.6981808866455923,5-<10%,True,False,2,0.062254967816501819,0.49575283138927279,-0.064611913218013003,0.11469057979058825,1.5235974209141658,1.6378754243988856,1.5881201069255149,0.96962203795711066,,1.1176250782141706,False,False,False,,-1,,,False,1,0.029119342250248939,0.015193275909431047,0.062254967816501819,0.00079756812571191702
10000,0,single,gaussian_matched,0.050000000000000003,988,14,0.050000000000000003,7.6981808866455923,5-<10%,True,False,3,0.062254967816501819,0.49575283138927279,-0.064611913218013003,0.11469057979058825,1.5235974209141658,1.6378754243988856,1.5881201069255149,0.96962203795711066,,1.1176250782141706,False,False,False,,-1,,,False,1,0.029119342250248939,0.015193275909431047,0.062254967816501819,0.00079756812571191702
10000,0,single,gaussian_matched,0.050000000000000003,988,15,0.02,7.6981808866455923,5-<10%,True,False,2,0.061942272027149893,0.57121601898588859,0.12194967154405076,0.10123475981843011,1.5235974209141658,1.4798899605406692,1.4956941966226478,1.0106793319120866,,1.0481305195980923,False,False,False,,-1,,,False,1,0.045114208387049409,0.0019438965380385769,0.061942272027149893,0.015075715795341737
10000,0,single,gaussian_matched,0.050000000000000003,988,15,0.050000000000000003,7.6981808866455923,5-<10%,True,False,3,0.061942272027149893,0.57121601898588859,0.12194967154405076,0.10123475981843011,1.5235974209141658,1.4798899605406692,1.4956941966226478,1.0106793319120866,,1.0481305195980923,False,False,False,,-1,,,False,1,0.045114208387049409,0.0019438965380385769,0.061942272027149893,0.015075715795341737
10000,0,single,gaussian_matched,0.050000000000000003,988,16,0.02,7.6981808866455923,5-<10%,True,False,3,0.061705043400903173,0.4245865779350334,0.015537149285001738,0.082914849737263874,1.5235974209141658,1.5664782531707826,1.5376996054063494,0.98162844092716839,,1.0636762919769427,False,False,False,,-1,,,False,1,0.010879368878843065,0.0088002253516444792,0.061705043400903173,0.010319394072543087
10000,0,single,gaussian_matched,0.050000000000000003,988,16,0.050000000000000003,7.6981808866455923,5-<10%,True,False,3,0.061705043400903173,0.4245865779350334,0.015537149285001738,0.082914849737263874,1.5235974209141658,1.5664782531707826,1.5376996054063494,0.98162844092716839,,1.0636762919769427,False,False,False,,-1,,,False,1,0.010879368878843065,0.0088002253516444792,0.061705043400903173,0.010319394072543087
10000,0,single,gaussian_matched,0.050000000000000003,988,17,0.02,7.6981808866455923,5-<10%,True,False,2,0.070298067634512795,0.59246798729939487,0.099396898274525733,0.10483502389156447,1.5235974209141658,1.5107562447170853,1.5102622151821419,0.99967299189616399,,1.0600551148902839,False,False,False,,-1,,,False,1,0.04689377455175741,0.0050834749057286537,0.070298067634512795,0.015948563258416308
10000,0,single,gaussian_matched,0.050000000000000003,988,17,0.050000000000000003,7.6981808866455923,5-<10%,True,False,3,0.070298067634512795,0.59246798729939487,0.099396898274525733,0.10483502389156447,1.5235974209141658,1.5107562447170853,1.5102622151821419,0.99967299189616399,,1.0600551148902839,False,False,False,,-1,,,False,1,0.04689377455175741,0.0050834749057286537,0.070298067634512795,0.015948563258416308
10000,0,single,gaussian_matched,0.050000000000000003,988,18,0.02,7.6981808866455923,5-<10%,True,True,4,0.016955155194974925,0.53046611416282796,0.017527106598151099,0.044527215476271462,1.5235974209141658,1.5599764753881487,1.5432941706253183,0.98930605363220014,0.97224323140535907,1.0421528445151143,True,True,False,3>1>2>4,12,0,0,True,1,0.016955155194974925,0.0094102957453993542,0.0019667278686776751,0.0060322487351262867
10000,0,single,gaussian_matched,0.050000000000000003,988,18,0.050000000000000003,7.6981808866455923,5-<10%,True,True,4,0.016955155194974925,0.53046611416282796,0.017527106598151099,0.044527215476271462,1.5235974209141658,1.5599764753881487,1.5432941706253183,0.98930605363220014,0.95264503305470061,1.0421528445151143,True,True,False,3>1>2>4,12,0,0,True,1,0.016955155194974925,0.0094102957453993542,0.0019667278686776751,0.0060322487351262867
10000,0,single,gaussian_matched,0.050000000000000003,988,19,0.02,7.6981808866455923,5-<10%,True,False,3,0.023402128645994551,0.50083960945916228,0.10938354957807001,0.059389484797689671,1.5235974209141658,1.4645299043517024,1.4914026368501829,1.0183490500389449,,1.0178490068048225,False,False,False,,-1,,,False,1,0.023402128645994551,0.00091795007674926998,0.0076055630211335446,0.0080074902413426463
10000,0,single,gaussian_matched,0.050000000000000003,988,19,0.050000000000000003,7.6981808866455923,5-<10%,True,True,4,0.023402128645994551,0.50083960945916228,0.10938354957807001,0.059389484797689671,1.5235974209141658,1.4645299043517024,1.4914026368501829,1.0183490500389449,0.98433880466151524,1.0178490068048225,True,True,False,3>1>2>4,12,0,0,True,1,0.023402128645994551,0.00091795007674926998,0.0076055630211335446,0.0080074902413426463
10000,0,single,gaussian_matched,0.050000000000000003,988,20,0.02,7.6981808866455923,5-<10%,True,False,2,0.036842457685551125,0.54012649089090348,0.087370142980309984,0.054833045306517232,1.5235974209141658,1.4952560394881262,1.5076348942507929,1.0082787525585948,,1.0255123289850556,False,False,False,,-1,,,False,1,0.026388930472156451,0.003868146921635235,0.036842457685551125,0.010259691162914178
10000,0,single,gaussian_matched,0.050000000000000003,988,20,0.050000000000000003,7.6981808866455923,5-<10%,True,True,4,0.036842457685551125,0.54012649089090348,0.087370142980309984,0.054833045306517232,1.5235974209141658,1.4952560394881262,1.5076348942507929,1.0082787525585948,0.97081069571750755,1.0255123289850556,True,True,False,3>1>2>4,12,0,0,True,1,0.026388930472156451,0.003868146921635235,0.036842457685551125,0.010259691162914178
10000,0,single,gaussian_matched,0.050000000000000003,988,21,0.02,7.6981808866455923,5-<10%,True,False,3,0.097812285890232123,0.42305255206005943,-0.059204251992433801,0.13359071224339231,1.5235974209141658,1.63931865499673,1.5822973926841988,0.96521648665515558,,1.1262083286397597,False,False,False,,-1,,,False,1,0.0081643282012507767,0.015833638512605656,0.097812285890232123,0.011023051078463374
10000,0,single,gaussian_matched,0.050000000000000003,988,21,0.050000000000000003,7.6981808866455923,5-<10%,True,False,3,0.097812285890232123,0.42305255206005943,-0.059204251992433801,0.13359071224339231,1.5235974209141658,1.63931865499673,1.5822973926841988,0.96521648665515558,,1.1262083286397597,False,False,False,,-1,,,False,1,0.0081643282012507767,0.015833638512605656,0.097812285890232123,0.011023051078463374
10000,0,single,gaussian_matched,0.050000000000000003,988,22,0.02,7.6981808866455923,5-<10%,True,True,4,0.012659660875290506,0.50624881358805573,0.016976939308959431,0.03360907925936709,1.5235974209141658,1.5570169287983793,1.5413286599465466,0.9899241501093119,0.97489687230789668,1.0336967742180498,True,True,False,3>1>2>4,12,0,0,True,1,0.0085091046696481164,0.0078136753742447298,0.012659660875290506,0.0040365796668398214
10000,0,single,gaussian_matched,0.050000000000000003,988,22,0.050000000000000003,7.6981808866455923,5-<10%,True,True,4,0.012659660875290506,0.50624881358805573,0.016976939308959431,0.03360907925936709,1.5235974209141658,1.5570169287983793,1.5413286599465466,0.9899241501093119,0.95546648942170953,1.0336967742180498,True,True,False,3>1>2>4,12,0,0,True,1,0.0085091046696481164,0.0078136753742447298,0.012659660875290506,0.0040365796668398214
10000,0,single,gaussian_matched,0.050000000000000003,988,23,0.02,7.6981808866455923,5-<10%,True,False,2,0.047023010580903558,0.55387409317630276,0.086404778116498604,0.065020964198329506,1.5235974209141658,1.5014232910810288,1.5101401475685581,1.0058057288303108,,1.0338433828680171,False,False,False,,-1,,,False,1,0.030533465326889515,0.0047850827486597683,0.047023010580903558,0.01145044992300902
10000,0,single,gaussian_matched,0.050000000000000003,988,23,0.050000000000000003,7.6981808866455923,5-<10%,True,True,4,0.047023010580903558,0.55387409317630276,0.086404778116498604,0.065020964198329506,1.5235974209141658,1.5014232910810288,1.5101401475685581,1.0058057288303108,0.96730529576953472,1.0338433828680171,True,True,False,3>1>2>4,12,0,0,True,1,0.030533465326889515,0.0047850827486597683,0.047023010580903558,0.01145044992300902
10000,0,single,gaussian_matched,0.050000000000000003,988,24,0.02,7.6981808866455923,5-<10%,True,False,3,0.026272133243620491,0.54441175979592016,-0.0065457979235946304,0.071901541506330088,1.5235974209141658,1.5865065664935853,1.5580124612312294,0.98203971804205503,,1.0697799696717805,False,False,False,,-1,,,False,1,0.026272133243620491,0.012535349637811121,0.010266069045709319,0.006030361019383864
10000,0,single,gaussian_matched,0.050000000000000003,988,24,0.050000000000000003,7.6981808866455923,5-<10%,True,True,4,0.026272133243620491,0.54441175979592016,-0.0065457979235946304,0.071901541506330088,1.5235974209141658,1.5865065664935853,1.5580124612312294,0.98203971804205503,0.94430752610336877,1.0697799696717805,True,True,False,3>1>2>4,12,0,0,True,1,0.026272133243620491,0.012535349637811121,0.010266069045709319,0.006030361019383864
10000,0,single,gaussian_matched,0.050000000000000003,988,25,0.02,7.6981808866455923,5-<10%,True,False,3,0.027000839101740535,0.46292252800985578,0.036512658083186059,0.039454370114867826,1.5235974209141658,1.5381170703758618,1.5273556144182372,0.99300348707852593,,1.0283621926801447,False,False,False,,-1,,,False,1,0.0072508324972039954,0.0048025339205163466,0.027000839101740535,0.0040188297046863594
10000,0,single,gaussian_matched,0.050000000000000003,988,25,0.050000000000000003,7.6981808866455923,5-<10%,True,True,4,0.027000839101740535,0.46292252800985578,0.036512658083186059,0.039454370114867826,1.5235974209141658,1.5381170703758618,1.5273556144182372,0.99300348707852593,0.96292093580661742,1.0283621926801447,True,True,False,3>1>2>4,12,0,0,True,1,0.0072508324972039954,0.0048025339205163466,0.027000839101740535,0.0040188297046863594
10000,0,single,gaussian_matched,0.050000000000000003,988,26,0.02,7.6981808866455923,5-<10%,True,False,3,0.04834404297323134,0.59772935962762264,-0.019562936932246019,0.11995845083971715,1.5235974209141658,1.6160525288900169,1.5711036017223781,0.9721859739308647,,1.1099139637211053,False,False,False,,-1,,,False,1,0.04834404297323134,0.01744391791062324,0.0021270817045586543,0.010092124223113071
10000,0,single,gaussian_matched,0.050000000000000003,988,26,0.050000000000000003,7.6981808866455923,5-<10%,True,True,4,0.04834404297323134,0.59772935962762264,-0.019562936932246019,0.11995845083971715,1.5235974209141658,1.6160525288900169,1.5711036017223781,0.9721859739308647,0.93055146593514015,1.1099139637211053,True,True,False,3>1>2>4,12,0,0,True,1,0.04834404297323134,0.01744391791062324,0.0021270817045586543,0.010092124223113071
10000,0,single,gaussian_matched,0.050000000000000003,988,27,0.02,7.6981808866455923,5-<10%,True,True,4,0.017885714178561187,0.46728636966296783,0.073153136485944931,0.040078040607853901,1.5235974209141658,1.5012182161647132,1.5075110549546076,1.0041918214967915,0.99367907399585431,1.0157467283148198,True,True,False,3>1>2>4,12,0,0,True,1,0.0044545556648862101,0.0010909049619064117,0.017885714178561187,0.005298966157948541
10000,0,single,gaussian_matched,0.050000000000000003,988,27,0.050000000000000003,7.6981808866455923,5-<10%,True,True,4,0.017885714178561187,0.46728636966296783,0.073153136485944931,0.040078040607853901,1.5235974209141658,1.5012182161647132,1.5075110549546076,1.0041918214967915,0.97356163039746657,1.0157467283148198,True,True,False,3>1>2>4,12,0,0,True,1,0.0044545556648862101,0.0010909049619064117,0.017885714178561187,0.005298966157948541
10000,0,single,gaussian_matched,0.050000000000000003,988,28,0.02,7.6981808866455923,5-<10%,True,True,4,0.010133249262583717,0.51504191861348825,0.048598236943749658,0.015107092878534656,1.5235974209141658,1.5266708614416806,1.5248271267643103,0.99879231684842062,0.98346647363572715,1.0107225166598648,True,True,False,3>1>2>4,12,0,0,True,1,0.010133249262583717,0.0055567098365595551,0.0089833900436994459,0.0062426987183840186
10000,0,single,gaussian_matched,0.050000000000000003,988,28,0.050000000000000003,7.6981808866455923,5-<10%,True,True,4,0.010133249262583717,0.51504191861348825,0.048598236943749658,0.015107092878534656,1.5235974209141658,1.5266708614416806,1.5248271267643103,0.99879231684842062,0.96341301895059817,1.0107225166598648,True,True,False,3>1>2>4,12,0,0,True,1,0.010133249262583717,0.0055567098365595551,0.0089833900436994459,0.0062426987183840186
10000,0,single,gaussian_matched,0.050000000000000003,988,29,0.02,7.6981808866455923,5-<10%,True,False,2,0.041839181731107844,0.54692201987832989,0.082779310214061902,0.057237742159977699,1.5235974209141658,1.5019894578447657,1.5109321123237405,1.0059538729997524,,1.0292547315699765,False,False,False,,-1,,,False,1,0.027454674248474264,0.0047263641706766423,0.041839181731107844,0.010632494982676039
10000,0,single,gaussian_matched,0.050000000000000003,988,29,0.050000000000000003,7.6981808866455923,5-<10%,True,True,4,0.041839181731107844,0.54692201987832989,0.082779310214061902,0.057237742159977699,1.5235974209141658,1.5019894578447657,1.5109321123237405,1.0059538729997524,0.9679481445852357,1.0292547315699765,True,True,False,3>1>2>4,12,0,0,True,1,0.027454674248474264,0.0047263641706766423,0.041839181731107844,0.010632494982676039
10000,0,single,gaussian_matched,0.050000000000000003,988,30,0.02,7.6981808866455923,5-<10%,True,False,2,0.031618354206571775,0.52543350290328916,0.1174149750594744,0.072053049430271673,1.5235974209141658,1.462028155597074,1.4904521686887651,1.0194414950101169,,1.0255367964468762,False,False,False,,-1,,,False,1,0.031618354206571775,8.9651397018740799e-05,0.026688397580359218,0.010511144173185773
10000,0,single,gaussian_matched,0.050000000000000003,988,30,0.050000000000000003,7.6981808866455923,5-<10%,True,True,4,0.031618354206571775,0.52543350290328916,0.1174149750594744,0.072053049430271673,1.5235974209141658,1.462028155597074,1.4904521686887651,1.0194414950101169,0.98328819422378644,1.0255367964468762,True,True,False,3>1>2>4,12,0,0,True,1,0.031618354206571775,8.9651397018740799e-05,0.026688397580359218,0.010511144173185773
10000,0,single,gaussian_matched,0.050000000000000003,988,31,0.02,7.6981808866455923,5-<10%,True,False,3,0.043016702478259485,0.43602026513976561,0.059987475313415035,0.064754583898917667,1.5235974209141658,1.5206079161208923,1.5130563335462959,0.99503383975938997,,1.0355825599248647,False,False,False,,-1,,,False,1,0.0072998826653656824,0.0039475541901706811,0.043016702478259485,0.0089432030712892786
10000,0,single,gaussian_matched,0.050000000000000003,988,31,0.050000000000000003,7.6981808866455923,5-<10%,True,True,4,0.043016702478259485,0.43602026513976561,0.059987475313415035,0.064754583898917667,1.5235974209141658,1.5206079161208923,1.5130563335462959,0.99503383975938997,0.96802414052851937,1.0355825599248647,True,True,False,3>1>2>4,12,0,0,True,1,0.0072998826653656824,0.0039475541901706811,0.043016702478259485,0.0089432030712892786
10000,0,single,gaussian_matched,0.050000000000000003,989,0,0.02,1.7388093395141031,1-<5%,True,True,4,0.01661246651034308,0.52523521639554738,-0.0072503174447128491,0.062565285854461625,1.5239285406227592,1.5838938182840421,1.573551840635881,0.99347053601145729,0.98113752436487689,1.0736180095568899,True,True,False,1>4>3>2,5,0,0,True,2,0.01661246651034308,0.0055498721813081438,0.00038162575336391413,0.0097759584195876558
10000,0,single,gaussian_matched,0.050000000000000003,989,0,0.050000000000000003,1.7388093395141031,1-<5%,True,True,4,0.01661246651034308,0.52523521639554738,-0.0072503174447128491,0.062565285854461625,1.5239285406227592,1.5838938182840421,1.573551840635881,0.99347053601145729,0.96192207386244,1.0736180095568899,True,True,False,1>4>3>2,5,0,0,True,2,0.01661246651034308,0.0055498721813081438,0.00038162575336391413,0.0097759584195876558
10000,0,single,gaussian_matched,0.050000000000000003,989,1,0.02,1.7388093395141031,1-<5%,True,True,4,0.019143028216543217,0.42949235230082361,0.15027138503690907,0.12257927655721927,1.5239285406227592,1.4028279296814257,1.4645758992940991,1.0440167808939305,1.0433150160332567,1.0414892388607155,True,True,False,1>4>3>2,5,0,0,True,2,0.013350714256253537,0.019143028216543217,0.016473830488255403,0.0091363888839875833
10000,0,single,gaussian_matched,0.050000000000000003,989,1,0.050000000000000003,1.7388093395141031,1-<5%,True,True,4,0.019143028216543217,0.42949235230082361,0.15027138503690907,0.12257927655721927,1.5239285406227592,1.4028279296814257,1.4645758992940991,1.0440167808939305,1.0208765981049397,1.0414892388607155,True,True,False,1>4>3>2,5,0,0,True,2,0.013350714256253537,0.019143028216543217,0.016473830488255403,0.0091363888839875833
10000,0,single,gaussian_matched,0.050000000000000003,989,2,0.02,1.7388093395141031,1-<5%,True,False,1,0.060364785478067381,0.56831226550178493,0.12691755391979087,0.10287310493511068,1.5239285406227592,1.5299634454403397,1.5167604759379758,0.991370401991164,,1.0628015275645517,False,False,False,,-1,,,False,2,0.060364785478067381,0.016778702846513196,0.025325853143591311,0.02014581427235447
10000,0,single,gaussian_matched,0.050000000000000003,989,2,0.050000000000000003,1.7388093395141031,1-<5%,True,False,3,0.060364785478067381,0.56831226550178493,0.12691755391979087,0.10287310493511068,1.5239285406227592,1.5299634454403397,1.5167604759379758,0.991370401991164,,1.0628015275645517,False,False,False,,-1,,,False,2,0.060364785478067381,0.016778702846513196,0.025325853143591311,0.02014581427235447
10000,0,single,gaussian_matched,0.050000000000000003,989,3,0.02,1.7388093395141031,1-<5%,True,False,3,0.021260656872331349,0.53162493029671609,0.010847351303905531,0.050329574965341593,1.5239285406227592,1.5741968089048497,1.5657630754870751,0.9946425165074233,,1.060477973456678,False,False,False,,-1,,,False,2,0.021260656872331349,0.0070604927869478331,0.0039943266461735117,0.0070416958789401678
10000,0,single,gaussian_matched,0.050000000000000003,989,3,0.050000000000000003,1.7388093395141031,1-<5%,True,True,4,0.021260656872331349,0.53162493029671609,0.010847351303905531,0.050329574965341593,1.5239285406227592,1.5741968089048497,1.5657630754870751,0.9946425165074233,0.96354036334467397,1.060477973456678,True,True,False,1>4>3>2,5,0,0,True,2,0.021260656872331349,0.0070604927869478331,0.0039943266461735117,0.0070416958789401678
10000,0,single,gaussian_matched,0.050000000000000003,989,4,0.02,1.7388093395141031,1-<5%,True,False,3,0.023908381454866245,0.51896050722852394,0.089688150067809169,0.043984657440610461,1.5239285406227592,1.5100011369610573,1.5237405837200493,1.0090989645124659,,1.0287393400480596,False,False,False,,-1,,,False,2,0.023908381454866245,0.013351325327383002,0.015919954576042099,0.0048831604232040067
10000,0,single,gaussian_matched,0.050000000000000003,989,4,0.050000000000000003,1.7388093395141031,1-<5%,True,True,4,0.023908381454866245,0.51896050722852394,0.089688150067809169,0.043984657440610461,1.5239285406227592,1.5100011369610573,1.5237405837200493,1.0090989645124659,0.98210365602348182,1.0287393400480596,True,True,False,1>4>3>2,5,0,0,True,2,0.023908381454866245,0.013351325327383002,0.015919954576042099,0.0048831604232040067
10000,0,single,gaussian_matched,0.050000000000000003,989,5,0.02,1.7388093395141031,1-<5%,True,False,3,0.036805484732051218,0.42539705072426759,0.041696739499300861,0.075063600870062017,1.5239285406227592,1.4873288928405615,1.5280190378123701,1.0273578662847711,,1.0519408200251479,False,False,False,,-1,,,False,2,0.036805484732051218,0.0096314527225861406,0.00055964983401962263,0.012244000008932398
10000,0,single,gaussian_matched,0.050000000000000003,989,5,0.050000000000000003,1.7388093395141031,1-<5%,True,True,4,0.036805484732051218,0.42539705072426759,0.041696739499300861,0.075063600870062017,1.5239285406227592,1.4873288928405615,1.5280190378123701,1.0273578662847711,0.99984455798711014,1.0519408200251479,True,True,False,1>4>3>2,5,0,0,True,2,0.036805484732051218,0.0096314527225861406,0.00055964983401962263,0.012244000008932398
10000,0,single,gaussian_matched,0.050000000000000003,989,6,0.02,1.7388093395141031,1-<5%,True,True,4,0.010058262165638073,0.50435963923164728,-0.019769461336287569,0.069905537616027566,1.5239285406227592,1.5813466136392689,1.5774844443254268,0.99755767060773992,0.98568119750871053,1.0810152431873494,True,True,False,1>4>3>2,5,0,0,True,2,0.0020428236399424172,0.0036094539687846526,0.0040298018380033685,0.010058262165638073
10000,0,single,gaussian_matched,0.050000000000000003,989,6,0.050000000000000003,1.7388093395141031,1-<5%,True,True,4,0.010058262165638073,0.50435963923164728,-0.019769461336287569,0.069905537616027566,1.5239285406227592,1.5813466136392689,1.5774844443254268,0.99755767060773992,0.96660818380400471,1.0810152431873494,True,True,False,1>4>3>2,5,0,0,True,2,0.0020428236399424172,0.0036094539687846526,0.0040298018380033685,0.010058262165638073
10000,0,single,gaussian_matched,0.050000000000000003,989,7,0.02,1.7388093395141031,1-<5%,True,True,4,0.011630365668688252,0.51539175594297626,-0.019658681639006817,0.071338895973323352,1.5239285406227592,1.5877012792503322,1.5785020391482187,0.9942059377148974,0.98175490032562951,1.0826235555948893,True,True,False,1>4>3>2,5,0,0,True,2,0.0096356657223006532,0.0041487034891954429,0.0035353649078617875,0.011630365668688252
10000,0,single,gaussian_matched,0.050000000000000003,989,7,0.050000000000000003,1.7388093395141031,1-<5%,True,True,4,0.011630365668688252,0.51539175594297626,-0.019658681639006817,0.071338895973323352,1.5239285406227592,1.5877012792503322,1.5785020391482187,0.9942059377148974,0.96271288144564782,1.0826235555948893,True,True,False,1>4>3>2,5,0,0,True,2,0.0096356657223006532,0.0041487034891954429,0.0035353649078617875,0.011630365668688252
10000,0,single,gaussian_matched,0.050000000000000003,989,8,0.02,1.7388093395141031,1-<5%,True,True,4,0.017818477487356717,0.45381551574390805,0.056137345789744122,0.04659048829261285,1.5239285406227592,1.4901863421362793,1.5260386360970455,1.0240589334011541,1.0170754259520938,1.0319572620819855,True,True,False,1>4>3>2,5,0,0,True,2,0.017818477487356717,0.010513052162038216,0.0054762083285145912,0.01094344298620018
10000,0,single,gaussian_matched,0.050000000000000003,989,8,0.050000000000000003,1.7388093395141031,1-<5%,True,True,4,0.017818477487356717,0.45381551574390805,0.056137345789744122,0.04659048829261285,1.5239285406227592,1.4901863421362793,1.5260386360970455,1.0240589334011541,0.99660740116242985,1.0319572620819855,True,True,False,1>4>3>2,5,0,0,True,2,0.017818477487356717,0.010513052162038216,0.0054762083285145912,0.01094344298620018
10000,0,single,gaussian_matched,0.050000000000000003,989,9,0.02,1.7388093395141031,1-<5%,True,False,1,0.33901466259654706,0.59343444413861923,0.1013891825141138,0.10663415696183684,1.5239285406227592,1.5643940998116088,1.4660771615472774,0.93715334372830272,,1.032011197760244,False,False,False,,-1,,,False,2,0.065637716871716989,0.011379908702394874,0.05664916282845673,0.33901466259654706
10000,0,single,gaussian_matched,0.050000000000000003,989,9,0.050000000000000003,1.7388093395141031,1-<5%,True,False,1,0.33901466259654706,0.59343444413861923,0.1013891825141138,0.10663415696183684,1.5239285406227592,1.5643940998116088,1.4660771615472774,0.93715334372830272,,1.032011197760244,False,False,False,,-1,,,False,2,0.065637716871716989,0.011379908702394874,0.05664916282845673,0.33901466259654706
10000,0,single,gaussian_matched,0.050000000000000003,989,10,0.02,1.7388093395141031,1-<5%,True,False,3,0.038789746854341278,0.42238621392230963,0.040322816908343752,0.078214753479781046,1.5239285406227592,1.4871117423028386,1.5281740616880297,1.0276121277353407,,1.0541103288946565,False,False,False,,-1,,,False,2,0.038789746854341278,0.0095709412774935016,4.4456636136901337e-05,0.012013206949483584
10000,0,single,gaussian_matched,0.050000000000000003,989,10,0.050000000000000003,1.7388093395141031,1-<5%,True,True,4,0.038789746854341278,0.42238621392230963,0.040322816908343752,0.078214753479781046,1.5239285406227592,1.4871117423028386,1.5281740616880297,1.0276121277353407,1.000102081721381,1.0541103288946565,True,True,False,1>4>3>2,5,0,0,True,2,0.038789746854341278,0.0095709412774935016,4.4456636136901337e-05,0.012013206949483584
10000,0,single,gaussian_matched,0.050000000000000003,989,11,0.02,1.7388093395141031,1-<5%,True,True,4,0.010665146244828982,0.48764120303842479,0.059721722876873204,0.015724241095587427,1.5239285406227592,1.5084475773573207,1.532224174173725,1.0157622957358976,1.0084334428368442,1.01576181166391,True,True,False,1>4>3>2,5,0,0,True,2,0.001621971170202882,0.010665146244828982,0.0088696226890161815,0.0041056179860925607
10000,0,single,gaussian_matched,0.050000000000000003,989,11,0.050000000000000003,1.7388093395141031,1-<5%,True,True,4,0.010665146244828982,0.48764120303842479,0.059721722876873204,0.015724241095587427,1.5239285406227592,1.5084475773573207,1.532224174173725,1.0157622957358976,0.98796117043546261,1.01576181166391,True,True,False,1>4>3>2,5,0,0,True,2,0.001621971170202882,0.010665146244828982,0.0088696226890161815,0.0041056179860925607
10000,0,single,gaussian_matched,0.050000000000000003,989,12,0.02,1.7388093395141031,1-<5%,True,True,4,0.011671158868370668,0.50945131671772392,-0.022736895459821896,0.073348369776238292,1.5239285406227592,1.5867073597667511,1.5794352520558506,0.99541685638114796,0.9831415091711494,1.0845545429293375,True,True,False,1>4>3>2,5,0,0,True,2,0.0054668607772653836,0.0035922403320719294,0.0044987957340246812,0.011671158868370668
10000,0,single,gaussian_matched,0.050000000000000003,989,12,0.050000000000000003,1.7388093395141031,1-<5%,True,True,4,0.011671158868370668,0.50945131671772392,-0.022736895459821896,0.073348369776238292,1.5239285406227592,1.5867073597667511,1.5794352520558506,0.99541685638114796,0.96412704799119209,1.0845545429293375,True,True,False,1>4>3>2,5,0,0,True,2,0.0054668607772653836,0.0035922403320719294,0.0044987957340246812,0.011671158868370668
10000,0,single,gaussian_matched,0.050000000000000003,989,13,0.02,1.7388093395141031,1-<5%,True,True,4,0.014207097582898585,0.47707002258023029,0.0087263392287791203,0.047215452321554288,1.5239285406227592,1.5424049398213344,1.5581456660230373,1.0102053136600602,1.0005216199632816,1.0534359555262049,True,True,False,1>4>3>2,5,0,0,True,2,0.014207097582898585,0.0061451710330647008,0.00067649626357124822,0.00066798320287606635
10000,0,single,gaussian_matched,0.050000000000000003,989,13,0.050000000000000003,1.7388093395141031,1-<5%,True,True,4,0.014207097582898585,0.47707002258023029,0.0087263392287791203,0.047215452321554288,1.5239285406227592,1.5424049398213344,1.5581456660230373,1.0102053136600602,0.98093002406495611,1.0534359555262049,True,True,False,1>4>3>2,5,0,0,True,2,0.014207097582898585,0.0061451710330647008,0.00067649626357124822,0.00066798320287606635
10000,0,single,gaussian_matched,0.050000000000000003,989,14,0.02,1.7388093395141031,1-<5%,True,False,3,0.020024073377929458,0.44610629471751406,0.05919963260028533,0.054673254055851522,1.5239285406227592,1.483255921264643,1.5224270216233606,1.0264088616112315,,1.0348912259591412,False,False,False,,-1,,,False,2,0.020024073377929458,0.010847583737562606,0.0052939925167421169,0.012160742991406714
10000,0,single,gaussian_matched,0.050000000000000003,989,14,0.050000000000000003,1.7388093395141031,1-<5%,True,True,4,0.020024073377929458,0.44610629471751406,0.05919963260028533,0.054673254055851522,1.5239285406227592,1.483255921264643,1.5224270216233606,1.0264088616112315,0.99916330854789259,1.0348912259591412,True,True,False,1>4>3>2,5,0,0,True,2,0.020024073377929458,0.010847583737562606,0.0052939925167421169,0.012160742991406714
10000,0,single,gaussian_matched,0.050000000000000003,989,15,0.02,1.7388093395141031,1-<5%,True,True,4,0.016944164905358772,0.43273384191436026,0.12655970398153082,0.10191233633541084,1.5239285406227592,1.4220271041381882,1.4793956079529238,1.0403427639654614,1.0379064272149234,1.037652292831347,True,True,False,1>4>3>2,5,0,0,True,2,0.003554301530311155,0.016944164905358772,0.013782615176386882,0.0098544732994910404
10000,0,single,gaussian_matched,0.050000000000000003,989,15,0.050000000000000003,1.7388093395141031,1-<5%,True,True,4,0.016944164905358772,0.43273384191436026,0.12655970398153082,0.10191233633541084,1.5239285406227592,1.4220271041381882,1.4793956079529238,1.0403427639654614,1.0159910411971194,1.037652292831347,True,True,False,1>4>3>2,5,0,0,True,2,0.003554301530311155,0.016944164905358772,0.013782615176386882,0.0098544732994910404
10000,0,single,gaussian_matched,0.050000000000000003,989,16,0.02,1.7388093395141031,1-<5%,True,False,3,0.035465372563826363,0.44710010772688119,-0.021848249885619397,0.08922202426606328,1.5239285406227592,1.5536969040154645,1.5691460538488053,1.0099434772595692,,1.0882190561488994,False,False,False,,-1,,,False,2,0.035465372563826363,0.0045130717987259001,0.0092284735355415443,0.0056637747135989966
10000,0,single,gaussian_matched,0.050000000000000003,989,16,0.050000000000000003,1.7388093395141031,1-<5%,True,True,4,0.035465372563826363,0.44710010772688119,-0.021848249885619397,0.08922202426606328,1.5239285406227592,1.5536969040154645,1.5691460538488053,1.0099434772595692,0.98066028802369209,1.0882190561488994,True,True,False,1>4>3>2,5,0,0,True,2,0.035465372563826363,0.0045130717987259001,0.0092284735355415443,0.0056637747135989966
10000,0,single,gaussian_matched,0.050000000000000003,989,17,0.02,1.7388093395141031,1-<5%,True,True,4,0.010264014825852059,0.49699441832121405,0.055295474176682041,0.0060889710119001296,1.5239285406227592,1.5179846536741515,1.5369453407693114,1.0124906974845018,1.0047353095020175,1.0125371831087597,True,True,False,1>4>3>2,5,0,0,True,2,0.0023362774590751996,0.010264014825852059,0.0089402667251791464,0.0026212619276014602
10000,0,single,gaussian_matched,0.050000000000000003,989,17,0.050000000000000003,1.7388093395141031,1-<5%,True,True,4,0.010264014825852059,0.49699441832121405,0.055295474176682041,0.0060889710119001296,1.5239285406227592,1.5179846536741515,1.5369453407693114,1.0124906974845018,0.98436268377329827,1.0125371831087597,True,True,False,1>4>3>2,5,0,0,True,2,0.0023362774590751996,0.010264014825852059,0.0089402667251791464,0.0026212619276014602
10000,0,single,gaussian_matched,0.050000000000000003,989,18,0.02,1.7388093395141031,1-<5%,True,False,3,0.03209745031952578,0.54010188623958155,0.083783152722105653,0.052435319087590714,1.5239285406227592,1.5301436251070586,1.5317723031618757,1.0010643955430676,,1.0395550578782875,False,False,False,,-1,,,False,2,0.03209745031952578,0.012937693676679502,0.016901235557720065,0.0094317758972923375
10000,0,single,gaussian_matched,0.050000000000000003,989,18,0.050000000000000003,1.7388093395141031,1-<5%,True,True,4,0.03209745031952578,0.54010188623958155,0.083783152722105653,0.052435319087590714,1.5239285406227592,1.5301436251070586,1.5317723031618757,1.0010643955430676,0.97328479789542377,1.0395550578782875,True,True,False,1>4>3>2,5,0,0,True,2,0.03209745031952578,0.012937693676679502,0.016901235557720065,0.0094317758972923375
10000,0,single,gaussian_matched,0.050000000000000003,989,19,0.02,1.7388093395141031,1-<5%,True,False,3,0.020338283928777578,0.52232782406740053,0.074657246938012539,0.033264268429456234,1.5239285406227592,1.5223693506447835,1.5325259578943053,1.0066715789077205,,1.027469585735231,False,False,False,,-1,,,False,2,0.020338283928777578,0.012043062725410969,0.014020652706977563,0.004418307775838062
10000,0,single,gaussian_matched,0.050000000000000003,989,19,0.050000000000000003,1.7388093395141031,1-<5%,True,True,4,0.020338283928777578,0.52232782406740053,0.074657246938012539,0.033264268429456234,1.5239285406227592,1.5223693506447835,1.5325259578943053,1.0066715789077205,0.97888330763377063,1.027469585735231,True,True,False,1>4>3>2,5,0,0,True,2,0.020338283928777578,0.012043062725410969,0.014020652706977563,0.004418307775838062
10000,0,single,gaussian_matched,0.050000000000000003,989,20,0.02,1.7388093395141031,1-<5%,True,False,3,0.029733899991906045,0.51324404218098896,0.10857727844153177,0.060055825719979548,1.5239285406227592,1.49371977129984,1.5120042887463778,1.012240928852824,,1.0315838784828644,False,False,False,,-1,,,False,2,0.029733899991906045,0.015016051532835599,0.018080418437985808,0.0052161623643916322
10000,0,single,gaussian_matched,0.050000000000000003,989,20,0.050000000000000003,1.7388093395141031,1-<5%,True,True,4,0.029733899991906045,0.51324404218098896,0.10857727844153177,0.060055825719979548,1.5239285406227592,1.49371977129984,1.5120042887463778,1.012240928852824,0.9862664600930946,1.0315838784828644,True,True,False,1>4>3>2,5,0,0,True,2,0.029733899991906045,0.015016051532835599,0.018080418437985808,0.0052161623643916322
10000,0,single,gaussian_matched,0.050000000000000003,989,21,0.02,1.7388093395141031,1-<5%,True,True,4,0.017722792548542185,0.4679379567144939,0.029205468090726501,0.038215012455414178,1.5239285406227592,1.5203422286969202,1.544770645527362,1.0160677092100372,1.0075019618411696,1.0387532064567038,True,True,False,1>4>3>2,5,0,0,True,2,0.017722792548542185,0.0080380268672112006,0.0021856198599740865,0.0068117946880908746
10000,0,single,gaussian_matched,0.050000000000000003,989,21,0.050000000000000003,1.7388093395141031,1-<5%,True,True,4,0.017722792548542185,0.4679379567144939,0.029205468090726501,0.038215012455414178,1.5239285406227592,1.5203422286969202,1.544770645527362,1.0160677092100372,0.98754758702113243,1.0387532064567038,True,True,False,1>4>3>2,5,0,0,True,2,0.017722792548542185,0.0080380268672112006,0.0021856198599740865,0.0068117946880908746
10000,0,single,gaussian_matched,0.050000000000000003,989,22,0.02,1.7388093395141031,1-<5%,True,False,3,0.037406703203841526,0.55285094933050738,0.075479777854079694,0.058672326736112217,1.5239285406227592,1.5453003837499677,1.5381696540102239,0.99538553810331698,,1.0478457081024157,False,False,False,,-1,,,False,2,0.037406703203841526,0.012437575390548582,0.016505010998210737,0.012464488887319708
10000,0,single,gaussian_matched,0.050000000000000003,989,22,0.050000000000000003,1.7388093395141031,1-<5%,True,True,4,0.037406703203841526,0.55285094933050738,0.075479777854079694,0.058672326736112217,1.5239285406227592,1.5453003837499677,1.5381696540102239,0.99538553810331698,0.96668984465903962,1.0478457081024157,True,True,False,1>4>3>2,5,0,0,True,2,0.037406703203841526,0.012437575390548582,0.016505010998210737,0.012464488887319708
10000,0,single,gaussian_matched,0.050000000000000003,989,23,0.02,1.7388093395141031,1-<5%,True,True,4,0.018342344862102282,0.45319378571566327,0.055542296166484137,0.047133202123643934,1.5239285406227592,1.4903111991702649,1.5262368641176285,1.0241061497540684,1.017101265343709,1.0324434671971618,True,True,False,1>4>3>2,5,0,0,True,2,0.018342344862102282,0.010466218497870489,0.0053272733624668981,0.011115010130037772
10000,0,single,gaussian_matched,0.050000000000000003,989,23,0.050000000000000003,1.7388093395141031,1-<5%,True,True,4,0.018342344862102282,0.45319378571566327,0.055542296166484137,0.047133202123643934,1.5239285406227592,1.4903111991702649,1.5262368641176285,1.0241061497540684,0.99664281312967273,1.0324434671971618,True,True,False,1>4>3>2,5,0,0,True,2,0.018342344862102282,0.010466218497870489,0.0053272733624668981,0.011115010130037772
10000,0,single,gaussian_matched,0.050000000000000003,989,24,0.02,1.7388093395141031,1-<5%,True,True,4,0.012284523789967066,0.46276820432675303,0.076843472121055731,0.045899658000559306,1.5239285406227592,1.4792539103122926,1.5162247096391179,1.0249928690869712,1.0190374856802806,1.0250640538573477,True,True,False,1>4>3>2,5,0,0,True,2,0.0051168963407507385,0.012284523789967066,0.009446006562813079,0.0074353283394372775
10000,0,single,gaussian_matched,0.050000000000000003,989,24,0.050000000000000003,1.7388093395141031,1-<5%,True,True,4,0.012284523789967066,0.46276820432675303,0.076843472121055731,0.045899658000559306,1.5239285406227592,1.4792539103122926,1.5162247096391179,1.0249928690869712,0.99818746780962397,1.0250640538573477,True,True,False,1>4>3>2,5,0,0,True,2,0.0051168963407507385,0.012284523789967066,0.009446006562813079,0.0074353283394372775
10000,0,single,gaussian_matched,0.050000000000000003,989,25,0.02,1.7388093395141031,1-<5%,True,False,3,0.037424554784055201,0.54710099690068437,0.089936916642920472,0.061753228417483215,1.5239285406227592,1.5319748119092176,1.5301582391377002,0.99881422804252673,,1.044610311520672,False,False,False,,-1,,,False,2,0.037424554784055201,0.01351607567977104,0.018410277611165857,0.011719267087041433
10000,0,single,gaussian_matched,0.050000000000000003,989,25,0.050000000000000003,1.7388093395141031,1-<5%,True,True,4,0.037424554784055201,0.54710099690068437,0.089936916642920472,0.061753228417483215,1.5239285406227592,1.5319748119092176,1.5301582391377002,0.99881422804252673,0.97116495881123011,1.044610311520672,True,True,False,1>4>3>2,5,0,0,True,2,0.037424554784055201,0.01351607567977104,0.018410277611165857,0.011719267087041433
10000,0,single,gaussian_matched,0.050000000000000003,989,26,0.02,1.7388093395141031,1-<5%,True,True,4,0.010044168025876184,0.479149697125475,0.037414026620030572,0.024354503811014595,1.5239285406227592,1.5202997724215479,1.5426941096004447,1.0147302114919263,1.006340454542511,1.0282953377663491,True,True,False,1>4>3>2,5,0,0,True,2,0.010044168025876184,0.0086940774825112806,0.0045343046064028527,0.0075898408339122878
10000,0,single,gaussian_matched,0.050000000000000003,989,26,0.050000000000000003,1.7388093395141031,1-<5%,True,True,4,0.010044168025876184,0.479149697125475,0.037414026620030572,0.024354503811014595,1.5239285406227592,1.5202997724215479,1.5426941096004447,1.0147302114919263,0.98627242374188595,1.0282953377663491,True,True,False,1>4>3>2,5,0,0,True,2,0.010044168025876184,0.0086940774825112806,0.0045343046064028527,0.0075898408339122878
10000,0,single,gaussian_matched,0.050000000000000003,989,27,0.02,1.7388093395141031,1-<5%,True,True,4,0.013066310837075419,0.48715460067217831,-0.037038067428561625,0.08798084715203669,1.5239285406227592,1.5864057568054442,1.5839729096230877,0.99846644077536917,0.9866882770978519,1.0971339614729403,True,True,False,1>4>3>2,5,0,0,True,2,0.01034461814220386,0.0018180514138373704,0.0090542417134236598,0.013066310837075419
10000,0,single,gaussian_matched,0.050000000000000003,989,27,0.050000000000000003,1.7388093395141031,1-<5%,True,True,4,0.013066310837075419,0.48715460067217831,-0.037038067428561625,0.08798084715203669,1.5239285406227592,1.5864057568054442,1.5839729096230877,0.99846644077536917,0.96776661541557041,1.0971339614729403,True,True,False,1>4>3>2,5,0,0,True,2,0.01034461814220386,0.0018180514138373704,0.0090542417134236598,0.013066310837075419
10000,0,single,gaussian_matched,0.050000000000000003,989,28,0.02,1.7388093395141031,1-<5%,True,True,4,0.018186334281965852,0.44601813687387398,0.14090550111479405,0.105725359680162,1.5239285406227592,1.4213266199944619,1.4746025009573835,1.0374832077394915,1.0359857724803019,1.03700916316702,True,True,False,1>4>3>2,5,0,0,True,2,0.016633005428943002,0.018186334281965852,0.016786752295826761,0.0061571090214401153
10000,0,single,gaussian_matched,0.050000000000000003,989,28,0.050000000000000003,1.7388093395141031,1-<5%,True,True,4,0.018186334281965852,0.44601813687387398,0.14090550111479405,0.105725359680162,1.5239285406227592,1.4213266199944619,1.4746025009573835,1.0374832077394915,1.0137547478647517,1.03700916316702,True,True,False,1>4>3>2,5,0,0,True,2,0.016633005428943002,0.018186334281965852,0.016786752295826761,0.0061571090214401153
10000,0,single,gaussian_matched,0.050000000000000003,989,29,0.02,1.7388093395141031,1-<5%,True,False,3,0.023217752717853903,0.53414495594549305,0.022162491645302436,0.044054567162980028,1.5239285406227592,1.5675277287715952,1.5607478210137804,0.9956747765073809,,1.0530693174897503,False,False,False,,-1,,,False,2,0.023217752717853903,0.0079426547985836597,0.0066485286488359996,0.0061611968409539079
10000,0,single,gaussian_matched,0.050000000000000003,989,29,0.050000000000000003,1.7388093395141031,1-<5%,True,True,4,0.023217752717853903,0.53414495594549305,0.022162491645302436,0.044054567162980028,1.5239285406227592,1.5675277287715952,1.5607478210137804,0.9956747765073809,0.96497258623944271,1.0530693174897503,True,True,False,1>4>3>2,5,0,0,True,2,0.023217752717853903,0.0079426547985836597,0.0066485286488359996,0.0061611968409539079
10000,0,single,gaussian_matched,0.050000000000000003,989,30,0.02,1.7388093395141031,1-<5%,True,False,2,0.037849274235508171,0.51993223226849805,0.12074274919786004,0.07349714584442503,1.5239285406227592,1.4919489364378733,1.5073474352236071,1.010321062879336,,1.0373482344664364,False,False,False,,-1,,,False,2,0.037849274235508171,0.016099966727647474,0.020240778555555183,0.0076060260237281246
10000,0,single,gaussian_matched,0.050000000000000003,989,30,0.050000000000000003,1.7388093395141031,1-<5%,True,True,4,0.037849274235508171,0.51993223226849805,0.12074274919786004,0.07349714584442503,1.5239285406227592,1.4919489364378733,1.5073474352236071,1.010321062879336,0.98489680651062372,1.0373482344664364,True,True,False,1>4>3>2,5,0,0,True,2,0.037849274235508171,0.016099966727647474,0.020240778555555183,0.0076060260237281246
10000,0,single,gaussian_matched,0.050000000000000003,989,31,0.02,1.7388093395141031,1-<5%,True,True,4,0.0090499337851209279,0.49218807882812093,0.041739695972919592,0.011369201159951971,1.5239285406227592,1.5250555623845297,1.5432720779254039,1.0119448208905855,1.0035163980396644,1.0201536605187838,True,True,False,1>4>3>2,5,0,0,True,2,0.0017436048037479421,0.0090499337851209279,0.0063452158676376271,0.0046693966218447451
10000,0,single,gaussian_matched,0.050000000000000003,989,31,0.050000000000000003,1.7388093395141031,1-<5%,True,True,4,0.0090499337851209279,0.49218807882812093,0.041739695972919592,0.011369201159951971,1.5239285406227592,1.5250555623845297,1.5432720779254039,1.0119448208905855,0.98339666446941054,1.0201536605187838,True,True,False,1>4>3>2,5,0,0,True,2,0.0017436048037479421,0.0090499337851209279,0.0063452158676376271,0.0046693966218447451
10000,0,single,gaussian_matched,0.050000000000000003,990,0,0.02,17.744021637028062,>=10%,True,False,3,0.043414479277066466,0.43629449716124102,0.096157603093263447,0.078669660068252295,1.1055870659899552,1.1147152810072183,1.0716069804038901,0.96132797196035835,,1.0404215785955959,False,False,False,,-1,,,False,1,0.0031544997682089659,0.010732609125912054,0.019317730352091923,0.043414479277066466
10000,0,single,gaussian_matched,0.050000000000000003,990,0,0.050000000000000003,17.744021637028062,>=10%,True,True,4,0.043414479277066466,0.43629449716124102,0.096157603093263447,0.078669660068252295,1.1055870659899552,1.1147152810072183,1.0716069804038901,0.96132797196035835,0.91216756669887877,1.0404215785955959,True,True,False,4>3>2>1,23,0,0,True,1,0.0031544997682089659,0.010732609125912054,0.019317730352091923,0.043414479277066466
10000,0,single,gaussian_matched,0.050000000000000003,990,1,0.02,17.744021637028062,>=10%,True,False,2,0.068708281374382993,0.39325713421089525,0.10642044807895719,0.12073651625875716,1.1055870659899552,1.1444642598728134,1.0773520943688104,0.94135931731807743,,1.0836673541895911,False,False,False,,-1,,,False,1,0.0004248775180219058,0.013018161979391733,0.03228952213176043,0.068708281374382993
10000,0,single,gaussian_matched,0.050000000000000003,990,1,0.050000000000000003,17.744021637028062,>=10%,True,False,3,0.068708281374382993,0.39325713421089525,0.10642044807895719,0.12073651625875716,1.1055870659899552,1.1444642598728134,1.0773520943688104,0.94135931731807743,,1.0836673541895911,False,False,False,,-1,,,False,1,0.0004248775180219058,0.013018161979391733,0.03228952213176043,0.068708281374382993
10000,0,single,gaussian_matched,0.050000000000000003,990,2,0.02,17.744021637028062,>=10%,True,False,3,0.033153993383234479,0.54184562250269508,0.13536143901853875,0.095066457775357188,1.1055870659899552,1.01169626619693,1.0191367214760223,1.0073544358397819,,1.0077932471593356,False,False,False,,-1,,,False,1,0.018102722670866347,0.033153993383234479,0.0099929116949979222,0.0044276277057962833
10000,0,single,gaussian_matched,0.050000000000000003,990,2,0.050000000000000003,17.744021637028062,>=10%,True,True,4,0.033153993383234479,0.54184562250269508,0.13536143901853875,0.095066457775357188,1.1055870659899552,1.01169626619693,1.0191367214760223,1.0073544358397819,0.96005802214099711,1.0077932471593356,True,True,False,4>3>2>1,23,0,0,True,1,0.018102722670866347,0.033153993383234479,0.0099929116949979222,0.0044276277057962833
10000,0,single,gaussian_matched,0.050000000000000003,990,3,0.02,17.744021637028062,>=10%,True,False,3,0.034690255687285586,0.4547114882442666,0.097888571556626849,0.065911793958163295,1.1055870659899552,1.0993705829477007,1.0654965355985506,0.96918778083153279,,1.0233552511250104,False,False,False,,-1,,,False,1,0.0052652036174833782,0.012132142319481523,0.014160170507680156,0.034690255687285586
10000,0,single,gaussian_matched,0.050000000000000003,990,3,0.050000000000000003,17.744021637028062,>=10%,True,True,4,0.034690255687285586,0.4547114882442666,0.097888571556626849,0.065911793958163295,1.1055870659899552,1.0993705829477007,1.0654965355985506,0.96918778083153279,0.92028498888318377,1.0233552511250104,True,True,False,4>3>2>1,23,0,0,True,1,0.0052652036174833782,0.012132142319481523,0.014160170507680156,0.034690255687285586
10000,0,single,gaussian_matched,0.050000000000000003,990,4,0.02,17.744021637028062,>=10%,True,False,2,0.0351715731307378,0.52397815827381766,-0.031157865430955611,0.084625948712633944,1.1055870659899552,1.1675859253254295,1.1478328883753521,0.98308215564985357,,1.1147551151789465,False,False,False,,-1,,,False,1,0.013198083481198721,0.0017734234203278946,0.0351715731307378,0.03119158356506441
10000,0,single,gaussian_matched,0.050000000000000003,990,4,0.050000000000000003,17.744021637028062,>=10%,True,True,4,0.0351715731307378,0.52397815827381766,-0.031157865430955611,0.084625948712633944,1.1055870659899552,1.1675859253254295,1.1478328883753521,0.98308215564985357,0.95138588333786234,1.1147551151789465,True,True,False,4>3>2>1,23,0,0,True,1,0.013198083481198721,0.0017734234203278946,0.0351715731307378,0.03119158356506441
10000,0,single,gaussian_matched,0.050000000000000003,990,5,0.02,17.744021637028062,>=10%,True,False,2,0.028400295071968683,0.56552905012116372,0.086620470325539739,0.075067404754964873,1.1055870659899552,1.0427323666363679,1.0524047693155587,1.0092760165394998,,1.0197950109528211,False,False,False,,-1,,,False,1,0.016647304953074721,0.026363755662181791,0.0006955987564217183,0.028400295071968683
10000,0,single,gaussian_matched,0.050000000000000003,990,5,0.050000000000000003,17.744021637028062,>=10%,True,True,4,0.028400295071968683,0.56552905012116372,0.086620470325539739,0.075067404754964873,1.1055870659899552,1.0427323666363679,1.0524047693155587,1.0092760165394998,0.9690625822571648,1.0197950109528211,True,True,False,4>3>2>1,23,0,0,True,1,0.016647304953074721,0.026363755662181791,0.0006955987564217183,0.028400295071968683
10000,0,single,gaussian_matched,0.050000000000000003,990,6,0.02,17.744021637028062,>=10%,True,False,3,0.024272738474118524,0.48726228268524391,0.11193566615612612,0.063231923777422289,1.1055870659899552,1.0657980955215502,1.0474996820334492,0.98283125709738983,,1.0046532199762215,False,False,False,,-1,,,False,1,0.010081668054194045,0.019181322144272674,0.0058897446279924867,0.024272738474118524
10000,0,single,gaussian_matched,0.050000000000000003,990,6,0.050000000000000003,17.744021637028062,>=10%,True,True,4,0.024272738474118524,0.48726228268524391,0.11193566615612612,0.063231923777422289,1.1055870659899552,1.0657980955215502,1.0474996820334492,0.98283125709738983,0.93372529408118199,1.0046532199762215,True,True,False,4>3>2>1,23,0,0,True,1,0.010081668054194045,0.019181322144272674,0.0058897446279924867,0.024272738474118524
10000,0,single,gaussian_matched,0.050000000000000003,990,7,0.02,17.744021637028062,>=10%,True,False,2,0.058282046142654954,0.5818100326751241,0.020393064081666957,0.087002598241530421,1.1055870659899552,1.1018731511704885,1.1022231833894245,1.0003176701588239,,1.0756509534290803,False,False,False,,-1,,,False,1,0.017442605554672981,0.018199258576450838,0.022086481945665155,0.058282046142654954
10000,0,single,gaussian_matched,0.050000000000000003,990,7,0.050000000000000003,17.744021637028062,>=10%,True,False,3,0.058282046142654954,0.5818100326751241,0.020393064081666957,0.087002598241530421,1.1055870659899552,1.1018731511704885,1.1022231833894245,1.0003176701588239,,1.0756509534290803,False,False,False,,-1,,,False,1,0.017442605554672981,0.018199258576450838,0.022086481945665155,0.058282046142654954
10000,0,single,gaussian_matched,0.050000000000000003,990,8,0.02,17.744021637028062,>=10%,True,False,2,0.037499802725403882,0.54500391010611882,0.012505802380700232,0.05857616221599643,1.1055870659899552,1.119360830707492,1.1119892829650317,0.99341450268739429,,1.0587727382039247,False,False,False,,-1,,,False,1,0.013085389636060978,0.01095986048486519,0.021946784535087142,0.037499802725403882
10000,0,single,gaussian_matched,0.050000000000000003,990,8,0.050000000000000003,17.744021637028062,>=10%,True,True,4,0.037499802725403882,0.54500391010611882,0.012505802380700232,0.05857616221599643,1.1055870659899552,1.119360830707492,1.1119892829650317,0.99341450268739429,0.95876603444326747,1.0587727382039247,True,True,False,4>3>2>1,23,0,0,True,1,0.013085389636060978,0.01095986048486519,0.021946784535087142,0.037499802725403882
10000,0,single,gaussian_matched,0.050000000000000003,990,9,0.02,17.744021637028062,>=10%,True,True,4,0.010681904365026779,0.50400832161832843,0.062572721496978956,0.013196210366486119,1.1055870659899552,1.0928921448907534,1.0803804646623079,0.98855177037648467,0.97401810926815158,0.98913663941029661,True,True,False,4>3>2>1,23,0,0,True,1,0.0078982244187349154,0.010681904365026779,0.0033824271965181953,0.0035314053882842572
10000,0,single,gaussian_matched,0.050000000000000003,990,9,0.050000000000000003,17.744021637028062,>=10%,True,True,4,0.010681904365026779,0.50400832161832843,0.062572721496978956,0.013196210366486119,1.1055870659899552,1.0928921448907534,1.0803804646623079,0.98855177037648467,0.94574379594622782,0.98913663941029661,True,True,False,4>3>2>1,23,0,0,True,1,0.0078982244187349154,0.010681904365026779,0.0033824271965181953,0.0035314053882842572
10000,0,single,gaussian_matched,0.050000000000000003,990,10,0.02,17.744021637028062,>=10%,True,False,3,0.034897366747903509,0.46694557994412622,-0.028951277487277424,0.085591465124177132,1.1055870659899552,1.1901546357397643,1.1543514677820805,0.96991721337502534,,1.1215244561458384,False,False,False,,-1,,,False,1,0.0091138067680646816,0.008993468852220389,0.034897366747903509,0.00077611112642057985
10000,0,single,gaussian_matched,0.050000000000000003,990,10,0.050000000000000003,17.744021637028062,>=10%,True,True,4,0.034897366747903509,0.46694557994412622,-0.028951277487277424,0.085591465124177132,1.1055870659899552,1.1901546357397643,1.1543514677820805,0.96991721337502534,0.93530195858003784,1.1215244561458384,True,True,False,4>3>2>1,23,0,0,True,1,0.0091138067680646816,0.008993468852220389,0.034897366747903509,0.00077611112642057985
10000,0,single,gaussian_matched,0.050000000000000003,990,11,0.02,17.744021637028062,>=10%,True,False,3,0.027451453872740623,0.54400602513854857,0.055946838488519494,0.044406025903058532,1.1055870659899552,1.0793226637718387,1.0788531464194979,0.99956498888784562,,1.0159843642135751,False,False,False,,-1,,,False,1,0.01273276138391698,0.017111049231720681,0.0077253305330445199,0.027451453872740623
10000,0,single,gaussian_matched,0.050000000000000003,990,11,0.050000000000000003,17.744021637028062,>=10%,True,True,4,0.027451453872740623,0.54400602513854857,0.055946838488519494,0.044406025903058532,1.1055870659899552,1.0793226637718387,1.0788531464194979,0.99956498888784562,0.96037030802927115,1.0159843642135751,True,True,False,4>3>2>1,23,0,0,True,1,0.01273276138391698,0.017111049231720681,0.0077253305330445199,0.027451453872740623
10000,0,single,gaussian_matched,0.050000000000000003,990,12,0.02,17.744021637028062,>=10%,True,True,4,0.019218267731000428,0.48261657213160603,0.016750039756850403,0.037519906991178499,1.1055870659899552,1.1429592273461828,1.1181255623792192,0.97827248394098498,0.96571584388986209,1.0452776673319886,True,True,False,4>3>2>1,23,0,0,True,1,0.005857085986230276,0.00054562196423602158,0.019218267731000428,0.00064510985025141435
10000,0,single,gaussian_matched,0.050000000000000003,990,12,0.050000000000000003,17.744021637028062,>=10%,True,True,4,0.019218267731000428,0.48261657213160603,0.016750039756850403,0.037519906991178499,1.1055870659899552,1.1429592273461828,1.1181255623792192,0.97827248394098498,0.93941902002656741,1.0452776673319886,True,True,False,4>3>2>1,23,0,0,True,1,0.005857085986230276,0.00054562196423602158,0.019218267731000428,0.00064510985025141435
10000,0,single,gaussian_matched,0.050000000000000003,990,13,0.02,17.744021637028062,>=10%,True,True,4,0.016290183883545171,0.51419131960823727,0.081985866819906494,0.034992702502720976,1.1055870659899552,1.071117560527266,1.0640867293224743,0.99343598549413126,0.9788175376616105,0.99411386550643766,True,True,False,4>3>2>1,23,0,0,True,1,0.010255877388936968,0.016290183883545171,0.0025795711556466636,0.0017413284548673344
10000,0,single,gaussian_matched,0.050000000000000003,990,13,0.050000000000000003,17.744021637028062,>=10%,True,True,4,0.016290183883545171,0.51419131960823727,0.081985866819906494,0.034992702502720976,1.1055870659899552,1.071117560527266,1.0640867293224743,0.99343598549413126,0.94916849154313043,0.99411386550643766,True,True,False,4>3>2>1,23,0,0,True,1,0.010255877388936968,0.016290183883545171,0.0025795711556466636,0.0017413284548673344
10000,0,single,gaussian_matched,0.050000000000000003,990,14,0.02,17.744021637028062,>=10%,True,False,2,0.050135242280947401,0.56715573929138108,0.015946507597696273,0.075296305782991124,1.1055870659899552,1.1095374969902363,1.1070088396822766,0.99772098075565807,,1.0693912599335795,False,False,False,,-1,,,False,1,0.015713376715550811,0.015221115151748177,0.022355528857965053,0.050135242280947401
10000,0,single,gaussian_matched,0.050000000000000003,990,14,0.050000000000000003,17.744021637028062,>=10%,True,False,3,0.050135242280947401,0.56715573929138108,0.015946507597696273,0.075296305782991124,1.1055870659899552,1.1095374969902363,1.1070088396822766,0.99772098075565807,,1.0693912599335795,False,False,False,,-1,,,False,1,0.015713376715550811,0.015221115151748177,0.022355528857965053,0.050135242280947401
10000,0,single,gaussian_matched,0.050000000000000003,990,15,0.02,17.744021637028062,>=10%,True,True,4,0.019506616956830154,0.51930897222219397,0.031358649420999349,0.026839082690857118,1.1055870659899552,1.1121149592955246,1.1010905131041335,0.99008695450120143,0.97922135488950202,1.0202087474540322,True,True,False,4>3>2>1,23,0,0,True,1,0.009459810655202518,0.0087156086257846321,0.014345201952545086,0.019506616956830154
10000,0,single,gaussian_matched,0.050000000000000003,990,15,0.050000000000000003,17.744021637028062,>=10%,True,True,4,0.019506616956830154,0.51930897222219397,0.031358649420999349,0.026839082690857118,1.1055870659899552,1.1121149592955246,1.1010905131041335,0.99008695450120143,0.9516258890801198,1.0202087474540322,True,True,False,4>3>2>1,23,0,0,True,1,0.009459810655202518,0.0087156086257846321,0.014345201952545086,0.019506616956830154
10000,0,single,gaussian_matched,0.050000000000000003,990,16,0.02,17.744021637028062,>=10%,True,True,4,0.016024360810744945,0.52948052290162828,0.065935912102138408,0.033512005685731656,1.1055870659899552,1.0767681655931796,1.0734786149826112,0.99694497783675085,0.98506976048539396,1.0012695107618059,True,True,False,4>3>2>1,23,0,0,True,1,0.011203982563486065,0.016024360810744945,0.0035618540999976332,0.015967713881120713
10000,0,single,gaussian_matched,0.050000000000000003,990,16,0.050000000000000003,17.744021637028062,>=10%,True,True,4,0.016024360810744945,0.52948052290162828,0.065935912102138408,0.033512005685731656,1.1055870659899552,1.0767681655931796,1.0734786149826112,0.99694497783675085,0.95551530161874698,1.0012695107618059,True,True,False,4>3>2>1,23,0,0,True,1,0.011203982563486065,0.016024360810744945,0.0035618540999976332,0.015967713881120713
10000,0,single,gaussian_matched,0.050000000000000003,990,17,0.02,17.744021637028062,>=10%,True,True,4,0.009101991677255972,0.48651834345182388,0.069741612469365638,0.023905780183327899,1.1055870659899552,1.097483304540033,1.0785216174877652,0.9827225735700692,0.96608676376909164,0.99714209001166931,True,True,False,4>3>2>1,23,0,0,True,1,0.0062261915829130146,0.009101991677255972,0.0035288994781069037,0.0082498819109270913
10000,0,single,gaussian_matched,0.050000000000000003,990,17,0.050000000000000003,17.744021637028062,>=10%,True,True,4,0.009101991677255972,0.48651834345182388,0.069741612469365638,0.023905780183327899,1.1055870659899552,1.097483304540033,1.0785216174877652,0.9827225735700692,0.93818441268770025,0.99714209001166931,True,True,False,4>3>2>1,23,0,0,True,1,0.0062261915829130146,0.009101991677255972,0.0035288994781069037,0.0082498819109270913
10000,0,single,gaussian_matched,0.050000000000000003,990,18,0.02,17.744021637028062,>=10%,True,True,4,0.012070223226195012,0.47324058211779008,0.044984200014041929,0.027225442051395113,1.1055870659899552,1.1251596720893922,1.0993474839020227,0.97705908874298986,0.9614956382981783,1.0189816438786499,True,True,False,4>3>2>1,23,0,0,True,1,0.0036534492696597811,0.0019381286616094293,0.012070223226195012,0.0098505542997345628
10000,0,single,gaussian_matched,0.050000000000000003,990,18,0.050000000000000003,17.744021637028062,>=10%,True,True,4,0.012070223226195012,0.47324058211779008,0.044984200014041929,0.027225442051395113,1.1055870659899552,1.1251596720893922,1.0993474839020227,0.97705908874298986,0.93471253552891276,1.0189816438786499,True,True,False,4>3>2>1,23,0,0,True,1,0.0036534492696597811,0.0019381286616094293,0.012070223226195012,0.0098505542997345628
10000,0,single,gaussian_matched,0.050000000000000003,990,19,0.02,17.744021637028062,>=10%,True,True,4,0.014499398027761031,0.46947346926429284,0.05743663910072315,0.031419304255067108,1.1055870659899552,1.1178057829974073,1.0911156296983318,0.97612272748535467,0.95925113996079425,1.0153292929021998,True,True,False,4>3>2>1,23,0,0,True,1,0.0035042758846287139,0.0038770214746930978,0.010139477677990259,0.014499398027761031
10000,0,single,gaussian_matched,0.050000000000000003,990,19,0.050000000000000003,17.744021637028062,>=10%,True,True,4,0.014499398027761031,0.46947346926429284,0.05743663910072315,0.031419304255067108,1.1055870659899552,1.1178057829974073,1.0911156296983318,0.97612272748535467,0.93224115565078824,1.0153292929021998,True,True,False,4>3>2>1,23,0,0,True,1,0.0035042758846287139,0.0038770214746930978,0.010139477677990259,0.014499398027761031
10000,0,single,gaussian_matched,0.050000000000000003,990,20,0.02,17.744021637028062,>=10%,True,False,2,0.044682606790297973,0.40787226720193154,0.037904440421526679,0.092918360467825187,1.1055870659899552,1.1743442969855389,1.119993191929785,0.95371791288528462,,1.0970746580791042,False,False,False,,-1,,,False,1,0.0045266105796644479,0.0026484489212858235,0.029566925191565934,0.044682606790297973
10000,0,single,gaussian_matched,0.050000000000000003,990,20,0.050000000000000003,17.744021637028062,>=10%,True,True,4,0.044682606790297973,0.40787226720193154,0.037904440421526679,0.092918360467825187,1.1055870659899552,1.1743442969855389,1.119993191929785,0.95371791288528462,0.91069705144074242,1.0970746580791042,True,True,False,4>3>2>1,23,0,0,True,1,0.0045266105796644479,0.0026484489212858235,0.029566925191565934,0.044682606790297973
10000,0,single,gaussian_matched,0.050000000000000003,990,21,0.02,17.744021637028062,>=10%,True,False,3,0.03454226682773967,0.49083683054000155,-0.031456711934643167,0.081970480014186123,1.1055870659899552,1.1810343798836789,1.15235516141424,0.97571686399826607,,1.1164436337930537,False,False,False,,-1,,,False,1,0.010542928840080732,0.004460096105033208,0.03454226682773967,0.012741006916698987
10000,0,single,gaussian_matched,0.050000000000000003,990,21,0.050000000000000003,17.744021637028062,>=10%,True,True,4,0.03454226682773967,0.49083683054000155,-0.031456711934643167,0.081970480014186123,1.1055870659899552,1.1810343798836789,1.15235516141424,0.97571686399826607,0.94230295748816895,1.1164436337930537,True,True,False,4>3>2>1,23,0,0,True,1,0.010542928840080732,0.004460096105033208,0.03454226682773967,0.012741006916698987
10000,0,single,gaussian_matched,0.050000000000000003,990,22,0.02,17.744021637028062,>=10%,True,False,3,0.028129536015612466,0.4648965303669001,0.094028934599743805,0.056309862921787371,1.1055870659899552,1.0943534595103483,1.0657303127776747,0.9738446966252744,,1.014881785628321,False,False,False,,-1,,,False,1,0.005994587855953656,0.012039928604513861,0.010759997316265191,0.028129536015612466
10000,0,single,gaussian_matched,0.050000000000000003,990,22,0.050000000000000003,17.744021637028062,>=10%,True,True,4,0.028129536015612466,0.4648965303669001,0.094028934599743805,0.056309862921787371,1.1055870659899552,1.0943534595103483,1.0657303127776747,0.9738446966252744,0.92570151525780253,1.014881785628321,True,True,False,4>3>2>1,23,0,0,True,1,0.005994587855953656,0.012039928604513861,0.010759997316265191,0.028129536015612466
10000,0,single,gaussian_matched,0.050000000000000003,990,23,0.02,17.744021637028062,>=10%,True,False,2,0.032486364168378024,0.5361428676479526,0.011121663896313146,0.053083254421791626,1.1055870659899552,1.1237484983112651,1.1141072527854265,0.99142045970221349,,1.0557201174944124,False,False,False,,-1,,,False,1,0.012063758926301562,0.0091793958010452543,0.021888084427129119,0.032486364168378024
10000,0,single,gaussian_matched,0.050000000000000003,990,23,0.050000000000000003,17.744021637028062,>=10%,True,True,4,0.032486364168378024,0.5361428676479526,0.011121663896313146,0.053083254421791626,1.1055870659899552,1.1237484983112651,1.1141072527854265,0.99142045970221349,0.95624829103459963,1.0557201174944124,True,True,False,4>3>2>1,23,0,0,True,1,0.012063758926301562,0.0091793958010452543,0.021888084427129119,0.032486364168378024
10000,0,single,gaussian_matched,0.050000000000000003,990,24,0.02,17.744021637028062,>=10%,True,False,3,0.02408739999629958,0.53473943203599772,0.051116112014058489,0.03475735669195272,1.1055870659899552,1.0875777323492581,1.08385963233316,0.99658130181824633,,1.0117855241219653,False,False,False,,-1,,,False,1,0.011447040946521729,0.014596095766594165,0.0087138802627173186,0.02408739999629958
10000,0,single,gaussian_matched,0.050000000000000003,990,24,0.050000000000000003,17.744021637028062,>=10%,True,True,4,0.02408739999629958,0.53473943203599772,0.051116112014058489,0.03475735669195272,1.1055870659899552,1.0875777323492581,1.08385963233316,0.99658130181824633,0.9571304699121892,1.0117855241219653,True,True,False,4>3>2>1,23,0,0,True,1,0.011447040946521729,0.014596095766594165,0.0087138802627173186,0.02408739999629958
10000,0,single,gaussian_matched,0.050000000000000003,990,25,0.02,17.744021637028062,>=10%,True,False,3,0.046881015090231959,0.57030236381518118,0.04165343030261074,0.070796098647563005,1.1055870659899552,1.0839061433009347,1.0865954567330376,1.0024811312757329,,1.0468569965986887,False,False,False,,-1,,,False,1,0.015903320300569859,0.019620901458295224,0.014276731784620475,0.046881015090231959
10000,0,single,gaussian_matched,0.050000000000000003,990,25,0.050000000000000003,17.744021637028062,>=10%,True,True,4,0.046881015090231959,0.57030236381518118,0.04165343030261074,0.070796098647563005,1.1055870659899552,1.0839061433009347,1.0865954567330376,1.0024811312757329,0.96714078178807261,1.0468569965986887,True,True,False,4>3>2>1,23,0,0,True,1,0.015903320300569859,0.019620901458295224,0.014276731784620475,0.046881015090231959
10000,0,single,gaussian_matched,0.050000000000000003,990,26,0.02,17.744021637028062,>=10%,True,False,2,0.021775986396433467,0.44786324653070814,0.032545068228433158,0.054981048602839241,1.1055870659899552,1.1507650512070171,1.1138550890587469,0.96792571853867471,,1.0572085850289836,False,False,False,,-1,,,False,1,0.0020530493986692395,0.0037655547186372729,0.020322561688549873,0.021775986396433467
10000,0,single,gaussian_matched,0.050000000000000003,990,26,0.050000000000000003,17.744021637028062,>=10%,True,True,4,0.021775986396433467,0.44786324653070814,0.032545068228433158,0.054981048602839241,1.1055870659899552,1.1507650512070171,1.1138550890587469,0.96792571853867471,0.92616235074143582,1.0572085850289836,True,True,False,4>3>2>1,23,0,0,True,1,0.0020530493986692395,0.0037655547186372729,0.020322561688549873,0.021775986396433467
10000,0,single,gaussian_matched,0.050000000000000003,990,27,0.02,17.744021637028062,>=10%,True,True,4,0.015133257143154609,0.46502933590494927,0.047927736588869688,0.035032008547812098,1.1055870659899552,1.1279615529957252,1.0989688097346169,0.97429633733161625,0.95799518464345779,1.0257001489674917,True,True,False,4>3>2>1,23,0,0,True,1,0.0026661261347046706,0.0012176473416261747,0.013088572489950464,0.015133257143154609
10000,0,single,gaussian_matched,0.050000000000000003,990,27,0.050000000000000003,17.744021637028062,>=10%,True,True,4,0.015133257143154609,0.46502933590494927,0.047927736588869688,0.035032008547812098,1.1055870659899552,1.1279615529957252,1.0989688097346169,0.97429633733161625,0.93132366326266014,1.0257001489674917,True,True,False,4>3>2>1,23,0,0,True,1,0.0026661261347046706,0.0012176473416261747,0.013088572489950464,0.015133257143154609
10000,0,single,gaussian_matched,0.050000000000000003,990,28,0.02,17.744021637028062,>=10%,True,True,4,0.017477599134727021,0.4847217432483491,0.092344483913489581,0.045016446408719824,1.1055870659899552,1.0815359734319041,1.0623727214989591,0.98228144749347857,0.96386907324459026,1.0016299954776606,True,True,False,4>3>2>1,23,0,0,True,1,0.0079498477050485537,0.013970817954421332,0.0045788484793537502,0.017477599134727021
10000,0,single,gaussian_matched,0.050000000000000003,990,28,0.050000000000000003,17.744021637028062,>=10%,True,True,4,0.017477599134727021,0.4847217432483491,0.092344483913489581,0.045016446408719824,1.1055870659899552,1.0815359734319041,1.0623727214989591,0.98228144749347857,0.93515696781694868,1.0016299954776606,True,True,False,4>3>2>1,23,0,0,True,1,0.0079498477050485537,0.013970817954421332,0.0045788484793537502,0.017477599134727021
10000,0,single,gaussian_matched,0.050000000000000003,990,29,0.02,17.744021637028062,>=10%,True,False,1,0.056411132965368128,0.45100532118138059,0.14542209512917378,0.10726534757963899,1.1055870659899552,1.0749283879321543,1.0327205692887245,0.9607342971706001,,1.031113651684779,False,False,False,,-1,,,False,1,0.0097134215889319118,0.024634339751328487,0.020499541972170316,0.056411132965368128
10000,0,single,gaussian_matched,0.050000000000000003,990,29,0.050000000000000003,17.744021637028062,>=10%,True,False,3,0.056411132965368128,0.45100532118138059,0.14542209512917378,0.10726534757963899,1.1055870659899552,1.0749283879321543,1.0327205692887245,0.9607342971706001,,1.031113651684779,False,False,False,,-1,,,False,1,0.0097134215889319118,0.024634339751328487,0.020499541972170316,0.056411132965368128
10000,0,single,gaussian_matched,0.050000000000000003,990,30,0.02,17.744021637028062,>=10%,True,False,3,0.046599925491166587,0.45459529487798078,-0.063028305148701766,0.12180716322123901,1.1055870659899552,1.2258666397124633,1.18117738045209,0.96354476269061728,,1.1785453934436378,False,False,False,,-1,,,False,1,0.012342446396469592,0.01507748602392037,0.046599925491166587,0.0023627241469135105
10000,0,single,gaussian_matched,0.050000000000000003,990,30,0.050000000000000003,17.744021637028062,>=10%,True,True,4,0.046599925491166587,0.45459529487798078,-0.063028305148701766,0.12180716322123901,1.1055870659899552,1.2258666397124633,1.18117738045209,0.96354476269061728,0.93193273076488126,1.1785453934436378,True,True,False,4>3>2>1,23,0,0,True,1,0.012342446396469592,0.01507748602392037,0.046599925491166587,0.0023627241469135105
10000,0,single,gaussian_matched,0.050000000000000003,990,31,0.02,17.744021637028062,>=10%,True,True,4,0.014153122674716969,0.52325365072286401,0.061920382073142273,0.026130973589031183,1.1055870659899552,1.0833047472647044,1.0775079636947997,0.99464898166047799,0.98222770841275731,0.99823792375467069,True,True,False,4>3>2>1,23,0,0,True,1,0.010267909390660945,0.014153122674716969,0.004514655610949137,0.014104566323793937
10000,0,single,gaussian_matched,0.050000000000000003,990,31,0.050000000000000003,17.744021637028062,>=10%,True,True,4,0.014153122674716969,0.52325365072286401,0.061920382073142273,0.026130973589031183,1.1055870659899552,1.0833047472647044,1.0775079636947997,0.99464898166047799,0.95318008122585063,0.99823792375467069,True,True,False,4>3>2>1,23,0,0,True,1,0.010267909390660945,0.014153122674716969,0.004514655610949137,0.014104566323793937
10000,0,single,gaussian_matched,0.050000000000000003,991,0,0.02,9.4785990620371763,5-<10%,True,True,4,0.017192310034929402,0.48873509569257279,-0.0053694936281041133,0.056503795391886324,1.4870204805162266,1.5127848493540492,1.5084535007414106,0.99713683765772243,0.99232488398056429,1.0524113935471919,True,True,False,2>4>3>1,11,0,0,True,1,0.012742783048259439,0.0050128629341321855,0.01501037098407519,0.017192310034929402
10000,0,single,gaussian_matched,0.050000000000000003,991,0,0.050000000000000003,9.4785990620371763,5-<10%,True,True,4,0.017192310034929402,0.48873509569257279,-0.0053694936281041133,0.056503795391886324,1.4870204805162266,1.5127848493540492,1.5084535007414106,0.99713683765772243,0.97247520984625591,1.0524113935471919,True,True,False,2>4>3>1,11,0,0,True,1,0.012742783048259439,0.0050128629341321855,0.01501037098407519,0.017192310034929402
10000,0,single,gaussian_matched,0.050000000000000003,991,1,0.02,9.4785990620371763,5-<10%,True,False,2,0.056587875152258493,0.53885880255181162,0.1311424683801159,0.08996725354582516,1.4870204805162266,1.4893180744653309,1.4501040188261585,0.97366979135518084,,1.0356758985843559,False,False,False,,-1,,,False,1,0.021191177258039769,0.056587875152258493,0.0039343753820476344,0.0081431705525315031
10000,0,single,gaussian_matched,0.050000000000000003,991,1,0.050000000000000003,9.4785990620371763,5-<10%,True,False,3,0.056587875152258493,0.53885880255181162,0.1311424683801159,0.08996725354582516,1.4870204805162266,1.4893180744653309,1.4501040188261585,0.97366979135518084,,1.0356758985843559,False,False,False,,-1,,,False,1,0.021191177258039769,0.056587875152258493,0.0039343753820476344,0.0081431705525315031
10000,0,single,gaussian_matched,0.050000000000000003,991,2,0.02,9.4785990620371763,5-<10%,True,True,4,0.012277911405736865,0.4771463382286622,0.061775949199002748,0.025709197496153007,1.4870204805162266,1.4614794952894425,1.467538701785156,1.0041459401348038,0.99837299306132343,1.0041878500307679,True,True,False,2>4>3>1,11,0,0,True,1,0.012277911405736865,0.0048538243210568587,0.0049282846499524111,0.0022136968823334986
10000,0,single,gaussian_matched,0.050000000000000003,991,2,0.050000000000000003,9.4785990620371763,5-<10%,True,True,4,0.012277911405736865,0.4771463382286622,0.061775949199002748,0.025709197496153007,1.4870204805162266,1.4614794952894425,1.467538701785156,1.0041459401348038,0.97741381348129008,1.0041878500307679,True,True,False,2>4>3>1,11,0,0,True,1,0.012277911405736865,0.0048538243210568587,0.0049282846499524111,0.0022136968823334986
10000,0,single,gaussian_matched,0.050000000000000003,991,3,0.02,9.4785990620371763,5-<10%,True,True,4,0.018478657413116023,0.45927702549244698,0.047745648399374042,0.040785325227121312,1.4870204805162266,1.455528679134185,1.468754133316875,1.0090863576735274,1.0023512216529873,1.0151436905697171,True,True,False,2>4>3>1,11,0,0,True,1,0.010547377992890922,0.018478657413116023,0.011317753173580537,0.0034316625955273321
10000,0,single,gaussian_matched,0.050000000000000003,991,3,0.050000000000000003,9.4785990620371763,5-<10%,True,True,4,0.018478657413116023,0.45927702549244698,0.047745648399374042,0.040785325227121312,1.4870204805162266,1.455528679134185,1.468754133316875,1.0090863576735274,0.98157806930317093,1.0151436905697171,True,True,False,2>4>3>1,11,0,0,True,1,0.010547377992890922,0.018478657413116023,0.011317753173580537,0.0034316625955273321
10000,0,single,gaussian_matched,0.050000000000000003,991,4,0.02,9.4785990620371763,5-<10%,True,True,4,0.012866704043474559,0.48687085613500675,0.051465245124505322,0.013210653348815743,1.4870204805162266,1.475333036052858,1.4763866122050771,1.0007141276759028,0.9954934928432424,1.0017328510746346,True,True,False,2>4>3>1,11,0,0,True,1,0.012866704043474559,0.0058229418263299939,0.004776718433468022,0.0054199850231435153
10000,0,single,gaussian_matched,0.050000000000000003,991,4,0.050000000000000003,9.4785990620371763,5-<10%,True,True,4,0.012866704043474559,0.48687085613500675,0.051465245124505322,0.013210653348815743,1.4870204805162266,1.475333036052858,1.4763866122050771,1.0007141276759028,0.97476513449005031,1.0017328510746346,True,True,False,2>4>3>1,11,0,0,True,1,0.012866704043474559,0.0058229418263299939,0.004776718433468022,0.0054199850231435153
10000,0,single,gaussian_matched,0.050000000000000003,991,5,0.02,9.4785990620371763,5-<10%,True,True,4,0.016093056447589557,0.50268330187528021,0.0078746372559400646,0.042210736729800337,1.4870204805162266,1.5143874858214521,1.5055142667600157,0.99414072082309679,0.98981184274684775,1.0408229232676847,True,True,False,2>4>3>1,11,0,0,True,1,0.013583100439219438,0.0099934687904845217,0.0099739801938478114,0.016093056447589557
10000,0,single,gaussian_matched,0.050000000000000003,991,5,0.050000000000000003,9.4785990620371763,5-<10%,True,True,4,0.016093056447589557,0.50268330187528021,0.0078746372559400646,0.042210736729800337,1.4870204805162266,1.5143874858214521,1.5055142667600157,0.99414072082309679,0.96988086448343347,1.0408229232676847,True,True,False,2>4>3>1,11,0,0,True,1,0.013583100439219438,0.0099934687904845217,0.0099739801938478114,0.016093056447589557
10000,0,single,gaussian_matched,0.050000000000000003,991,6,0.02,9.4785990620371763,5-<10%,True,False,1,0.06267617482751324,0.5843769060191879,0.01789463606953879,0.090278550400846744,1.4870204805162266,1.5756386734946524,1.52083423763966,0.96521763728136978,,1.0834503015595325,False,False,False,,-1,,,False,1,0.020544953700372463,0.06267617482751324,0.0052592026003701175,0.023469339418355144
10000,0,single,gaussian_matched,0.050000000000000003,991,6,0.050000000000000003,9.4785990620371763,5-<10%,True,False,3,0.06267617482751324,0.5843769060191879,0.01789463606953879,0.090278550400846744,1.4870204805162266,1.5756386734946524,1.52083423763966,0.96521763728136978,,1.0834503015595325,False,False,False,,-1,,,False,1,0.020544953700372463,0.06267617482751324,0.0052592026003701175,0.023469339418355144
10000,0,single,gaussian_matched,0.050000000000000003,991,7,0.02,9.4785990620371763,5-<10%,True,False,2,0.02898959307621916,0.42730411316904515,-0.011179063786303664,0.095013524342104097,1.4870204805162266,1.476363623308693,1.490745056194998,1.009741118420457,,1.0663999597279239,False,False,False,,-1,,,False,1,0.01039484711609809,0.026729635867848461,0.02898959307621916,0.011585858927507258
10000,0,single,gaussian_matched,0.050000000000000003,991,7,0.050000000000000003,9.4785990620371763,5-<10%,True,True,4,0.02898959307621916,0.42730411316904515,-0.011179063786303664,0.095013524342104097,1.4870204805162266,1.476363623308693,1.490745056194998,1.009741118420457,0.98251766601836121,1.0663999597279239,True,True,False,2>4>3>1,11,0,0,True,1,0.01039484711609809,0.026729635867848461,0.02898959307621916,0.011585858927507258
10000,0,single,gaussian_matched,0.050000000000000003,991,8,0.02,9.4785990620371763,5-<10%,True,False,3,0.022096261176391328,0.45718671634030822,-0.0092898909868444624,0.073131856471425172,1.4870204805162266,1.4936821671756646,1.5000196263593997,1.0042428431717292,,1.0579218668761694,False,False,False,,-1,,,False,1,0.01123334102685904,0.011489598894548848,0.022096261176391328,0.014531743632845817
10000,0,single,gaussian_matched,0.050000000000000003,991,8,0.050000000000000003,9.4785990620371763,5-<10%,True,True,4,0.022096261176391328,0.45718671634030822,-0.0092898909868444624,0.073131856471425172,1.4870204805162266,1.4936821671756646,1.5000196263593997,1.0042428431717292,0.97824482842573723,1.0579218668761694,True,True,False,2>4>3>1,11,0,0,True,1,0.01123334102685904,0.011489598894548848,0.022096261176391328,0.014531743632845817
10000,0,single,gaussian_matched,0.050000000000000003,991,9,0.02,9.4785990620371763,5-<10%,True,True,4,0.012607099952694288,0.48774206768054479,0.030636429520313934,0.022917346409872901,1.4870204805162266,1.488438648108416,1.4879929032005368,0.9997005285313938,0.99454130304239419,1.0160655279514978,True,True,False,2>4>3>1,11,0,0,True,1,0.012607099952694288,0.0038543820960732097,0.0084946496576918627,0.0098923171639906868
10000,0,single,gaussian_matched,0.050000000000000003,991,9,0.050000000000000003,9.4785990620371763,5-<10%,True,True,4,0.012607099952694288,0.48774206768054479,0.030636429520313934,0.022917346409872901,1.4870204805162266,1.488438648108416,1.4879929032005368,0.9997005285313938,0.97418856631171813,1.0160655279514978,True,True,False,2>4>3>1,11,0,0,True,1,0.012607099952694288,0.0038543820960732097,0.0084946496576918627,0.0098923171639906868
10000,0,single,gaussian_matched,0.050000000000000003,991,10,0.02,9.4785990620371763,5-<10%,True,False,2,0.066081994716209708,0.55501760412336421,0.13386324534306865,0.10029945504810556,1.4870204805162266,1.5043254398148478,1.4522898868666063,0.96540937780414993,,1.0440941212697505,False,False,False,,-1,,,False,1,0.022945224455478228,0.066081994716209708,0.0054823394022808095,0.0072051455793821148
10000,0,single,gaussian_matched,0.050000000000000003,991,10,0.050000000000000003,9.4785990620371763,5-<10%,True,False,3,0.066081994716209708,0.55501760412336421,0.13386324534306865,0.10029945504810556,1.4870204805162266,1.5043254398148478,1.4522898868666063,0.96540937780414993,,1.0440941212697505,False,False,False,,-1,,,False,1,0.022945224455478228,0.066081994716209708,0.0054823394022808095,0.0072051455793821148
10000,0,single,gaussian_matched,0.050000000000000003,991,11,0.02,9.4785990620371763,5-<10%,True,True,4,0.01439687309257833,0.5023232295264094,0.058477673424861501,0.0087902413010669568,1.4870204805162266,1.4844056866227384,1.4777033430314743,0.99548483029156742,0.99125323681084831,0.99964566985418901,True,True,False,2>4>3>1,11,0,0,True,1,0.01439687309257833,0.0041441055153684141,0.00050639040327234521,0.0054823982776422159
10000,0,single,gaussian_matched,0.050000000000000003,991,11,0.050000000000000003,9.4785990620371763,5-<10%,True,True,4,0.01439687309257833,0.5023232295264094,0.058477673424861501,0.0087902413010669568,1.4870204805162266,1.4844056866227384,1.4777033430314743,0.99548483029156742,0.97040384610585484,0.99964566985418901,True,True,False,2>4>3>1,11,0,0,True,1,0.01439687309257833,0.0041441055153684141,0.00050639040327234521,0.0054823982776422159
10000,0,single,gaussian_matched,0.050000000000000003,991,12,0.02,9.4785990620371763,5-<10%,True,True,4,0.017685034987459831,0.45835304898148793,0.018156515196694763,0.052425910135701748,1.4870204805162266,1.4745823641434508,1.4847518935778754,1.0068965489359638,1.0004849398353646,1.0337300823052136,True,True,False,2>4>3>1,11,0,0,True,1,0.010573458285809495,0.017685034987459831,0.01681468832375415,0.0093548668702065681
10000,0,single,gaussian_matched,0.050000000000000003,991,12,0.050000000000000003,9.4785990620371763,5-<10%,True,True,4,0.017685034987459831,0.45835304898148793,0.018156515196694763,0.052425910135701748,1.4870204805162266,1.4745823641434508,1.4847518935778754,1.0068965489359638,0.98012441731225786,1.0337300823052136,True,True,False,2>4>3>1,11,0,0,True,1,0.010573458285809495,0.017685034987459831,0.01681468832375415,0.0093548668702065681
10000,0,single,gaussian_matched,0.050000000000000003,991,13,0.02,9.4785990620371763,5-<10%,True,False,2,0.025702404725996279,0.40287124376155481,0.15566093570571229,0.14352082992595178,1.4870204805162266,1.3520077757786821,1.3918748050676615,1.0294872781083069,,1.0325315993365425,False,False,False,,-1,,,False,1,0.011235920026903547,0.023603281719448019,0.015757180820130938,0.025702404725996279
10000,0,single,gaussian_matched,0.050000000000000003,991,13,0.050000000000000003,9.4785990620371763,5-<10%,True,True,4,0.025702404725996279,0.40287124376155481,0.15566093570571229,0.14352082992595178,1.4870204805162266,1.3520077757786821,1.3918748050676615,1.0294872781083069,0.99599883740338646,1.0325315993365425,True,True,False,2>4>3>1,11,0,0,True,1,0.011235920026903547,0.023603281719448019,0.015757180820130938,0.025702404725996279
10000,0,single,gaussian_matched,0.050000000000000003,991,14,0.02,9.4785990620371763,5-<10%,True,False,3,0.022646111371013748,0.44239481481371967,0.051788233307818732,0.057632934496768796,1.4870204805162266,1.4400207814336028,1.4604375723098726,1.0141781223851116,,1.0208806984821324,False,False,False,,-1,,,False,1,0.0092895653925661442,0.022646111371013748,0.014415925709645198,0.00093499320311401352
10000,0,single,gaussian_matched,0.050000000000000003,991,14,0.050000000000000003,9.4785990620371763,5-<10%,True,True,4,0.022646111371013748,0.44239481481371967,0.051788233307818732,0.057632934496768796,1.4870204805162266,1.4400207814336028,1.4604375723098726,1.0141781223851116,0.98560474086397543,1.0208806984821324,True,True,False,2>4>3>1,11,0,0,True,1,0.0092895653925661442,0.022646111371013748,0.014415925709645198,0.00093499320311401352
10000,0,single,gaussian_matched,0.050000000000000003,991,15,0.02,9.4785990620371763,5-<10%,True,False,2,0.032326787141095908,0.41703730003224893,-0.016688294663645548,0.10644312204686736,1.4870204805162266,1.474967729473015,1.4904359006409853,1.0104871251478138,,1.0738782979865134,False,False,False,,-1,,,False,1,0.010600586378223521,0.030486144038805531,0.032326787141095908,0.011396347669634701
10000,0,single,gaussian_matched,0.050000000000000003,991,15,0.050000000000000003,9.4785990620371763,5-<10%,True,True,4,0.032326787141095908,0.41703730003224893,-0.016688294663645548,0.10644312204686736,1.4870204805162266,1.474967729473015,1.4904359006409853,1.0104871251478138,0.98304965894766161,1.0738782979865134,True,True,False,2>4>3>1,11,0,0,True,1,0.010600586378223521,0.030486144038805531,0.032326787141095908,0.011396347669634701
10000,0,single,gaussian_matched,0.050000000000000003,991,16,0.02,9.4785990620371763,5-<10%,True,False,2,0.028418615674310255,0.51284335103015832,-0.048116800339408808,0.098953818392860826,1.4870204805162266,1.5600014437676366,1.5409736407036045,0.98780270163207218,,1.1028277556252328,False,False,False,,-1,,,False,1,0.014784100253486893,0.028418615674310255,0.018508526719913442,0.027879791997083365
10000,0,single,gaussian_matched,0.050000000000000003,991,16,0.050000000000000003,9.4785990620371763,5-<10%,True,True,4,0.028418615674310255,0.51284335103015832,-0.048116800339408808,0.098953818392860826,1.4870204805162266,1.5600014437676366,1.5409736407036045,0.98780270163207218,0.96522326264919522,1.1028277556252328,True,True,False,2>4>3>1,11,0,0,True,1,0.014784100253486893,0.028418615674310255,0.018508526719913442,0.027879791997083365
10000,0,single,gaussian_matched,0.050000000000000003,991,17,0.02,9.4785990620371763,5-<10%,True,False,3,0.020353678379458701,0.52554412347093216,0.067131591469600654,0.030757010098179584,1.4870204805162266,1.5002623086138036,1.4800562667808963,0.98653166068567233,,1.0160003151769568,False,False,False,,-1,,,False,1,0.016806075479984979,0.020353678379458701,0.0050729811758086652,0.0059688287921163983
10000,0,single,gaussian_matched,0.050000000000000003,991,17,0.050000000000000003,9.4785990620371763,5-<10%,True,True,4,0.020353678379458701,0.52554412347093216,0.067131591469600654,0.030757010098179584,1.4870204805162266,1.5002623086138036,1.4800562667808963,0.98653166068567233,0.9629221220335068,1.0160003151769568,True,True,False,2>4>3>1,11,0,0,True,1,0.016806075479984979,0.020353678379458701,0.0050729811758086652,0.0059688287921163983
10000,0,single,gaussian_matched,0.050000000000000003,991,18,0.02,9.4785990620371763,5-<10%,True,False,3,0.045171495424372876,0.50778189329088996,0.13366812668555766,0.084029240662172627,1.4870204805162266,1.4586866216359407,1.4404652955224797,0.98750840252923866,,1.0252007663374054,False,False,False,,-1,,,False,1,0.018336733160413728,0.045171495424372876,4.9689731724785186e-05,0.011786025487069085
10000,0,single,gaussian_matched,0.050000000000000003,991,18,0.050000000000000003,9.4785990620371763,5-<10%,True,True,4,0.045171495424372876,0.50778189329088996,0.13366812668555766,0.084029240662172627,1.4870204805162266,1.4586866216359407,1.4404652955224797,0.98750840252923866,0.96249337760279496,1.0252007663374054,True,True,False,2>4>3>1,11,0,0,True,1,0.018336733160413728,0.045171495424372876,4.9689731724785186e-05,0.011786025487069085
10000,0,single,gaussian_matched,0.050000000000000003,991,19,0.02,9.4785990620371763,5-<10%,True,False,3,0.039258079443586648,0.54460262759889311,0.088165662004668577,0.058702743930587636,1.4870204805162266,1.5085583859905833,1.4738305297666185,0.97697944173293561,,1.0306067023133263,False,False,False,,-1,,,False,1,0.019525937350923232,0.039258079443586648,0.0085769026130856716,0.0031072822685955393
10000,0,single,gaussian_matched,0.050000000000000003,991,19,0.050000000000000003,9.4785990620371763,5-<10%,True,True,4,0.039258079443586648,0.54460262759889311,0.088165662004668577,0.058702743930587636,1.4870204805162266,1.5085583859905833,1.4738305297666185,0.97697944173293561,0.95473314028855782,1.0306067023133263,True,True,False,2>4>3>1,11,0,0,True,1,0.019525937350923232,0.039258079443586648,0.0085769026130856716,0.0031072822685955393
10000,0,single,gaussian_matched,0.050000000000000003,991,20,0.02,9.4785990620371763,5-<10%,True,True,4,0.012053332141022652,0.48047090700463846,0.031224381597319984,0.027090760779729606,1.4870204805162266,1.482394964682149,1.4852043588436865,1.001895172493479,0.99636227235725394,1.0169968332234505,True,True,False,2>4>3>1,11,0,0,True,1,0.012053332141022652,0.0083019186246831717,0.0098189061615837018,0.0090140138850359347
10000,0,single,gaussian_matched,0.050000000000000003,991,20,0.050000000000000003,9.4785990620371763,5-<10%,True,True,4,0.012053332141022652,0.48047090700463846,0.031224381597319984,0.027090760779729606,1.4870204805162266,1.482394964682149,1.4852043588436865,1.001895172493479,0.97596548848529652,1.0169968332234505,True,True,False,2>4>3>1,11,0,0,True,1,0.012053332141022652,0.0083019186246831717,0.0098189061615837018,0.0090140138850359347
10000,0,single,gaussian_matched,0.050000000000000003,991,21,0.02,9.4785990620371763,5-<10%,True,True,4,0.013824354309321251,0.49168726417880443,0.070390817922298274,0.022020150598333982,1.4870204805162266,1.4691323318050953,1.4679128416343101,0.99916992489758438,0.99437218554200368,1.0019586224632269,True,True,False,2>4>3>1,11,0,0,True,1,0.013824354309321251,0.0050890733172071507,0.00029167604612983112,0.0017659787898142453
10000,0,single,gaussian_matched,0.050000000000000003,991,21,0.050000000000000003,9.4785990620371763,5-<10%,True,True,4,0.013824354309321251,0.49168726417880443,0.070390817922298274,0.022020150598333982,1.4870204805162266,1.4691323318050953,1.4679128416343101,0.99916992489758438,0.97324603826964373,1.0019586224632269,True,True,False,2>4>3>1,11,0,0,True,1,0.013824354309321251,0.0050890733172071507,0.00029167604612983112,0.0017659787898142453
10000,0,single,gaussian_matched,0.050000000000000003,991,22,0.02,9.4785990620371763,5-<10%,True,True,4,0.013719348239492633,0.50054624946605641,0.036906396387012319,0.013104993096267203,1.4870204805162266,1.4949029580387407,1.4887819332353565,0.99590540324342203,0.9914301257027599,1.0099974721331586,True,True,False,2>4>3>1,11,0,0,True,1,0.013719348239492633,0.0027704301061084813,0.0049110464374824189,0.0099274529728964195
10000,0,single,gaussian_matched,0.050000000000000003,991,22,0.050000000000000003,9.4785990620371763,5-<10%,True,True,4,0.013719348239492633,0.50054624946605641,0.036906396387012319,0.013104993096267203,1.4870204805162266,1.4949029580387407,1.4887819332353565,0.99590540324342203,0.9710155280852123,1.0099974721331586,True,True,False,2>4>3>1,11,0,0,True,1,0.013719348239492633,0.0027704301061084813,0.0049110464374824189,0.0099274529728964195
10000,0,single,gaussian_matched,0.050000000000000003,991,23,0.02,9.4785990620371763,5-<10%,True,False,2,0.051913723247123865,0.56383414683737754,-0.011188461872738663,0.088424126621683224,1.4870204805162266,1.574368226559411,1.5333400311026011,0.9739398987068788,,1.0906131952945803,False,False,False,,-1,,,False,1,0.017985598085708203,0.051913723247123865,0.00332822813168469,0.026779599091477854
10000,0,single,gaussian_matched,0.050000000000000003,991,23,0.050000000000000003,9.4785990620371763,5-<10%,True,False,3,0.051913723247123865,0.56383414683737754,-0.011188461872738663,0.088424126621683224,1.4870204805162266,1.574368226559411,1.5333400311026011,0.9739398987068788,,1.0906131952945803,False,False,False,,-1,,,False,1,0.017985598085708203,0.051913723247123865,0.00332822813168469,0.026779599091477854
10000,0,single,gaussian_matched,0.050000000000000003,991,24,0.02,9.4785990620371763,5-<10%,True,False,3,0.024393573654138238,0.45391769309915642,-0.017918114563498594,0.082075875232397344,1.4870204805162266,1.4980978821853066,1.5039412401350614,1.0039005181298508,,1.0665738207027686,False,False,False,,-1,,,False,1,0.011459549094874136,0.01110046656103348,0.024393573654138238,0.015785698337083022
10000,0,single,gaussian_matched,0.050000000000000003,991,24,0.050000000000000003,9.4785990620371763,5-<10%,True,True,4,0.024393573654138238,0.45391769309915642,-0.017918114563498594,0.082075875232397344,1.4870204805162266,1.4980978821853066,1.5039412401350614,1.0039005181298508,0.97804198841233003,1.0665738207027686,True,True,False,2>4>3>1,11,0,0,True,1,0.011459549094874136,0.01110046656103348,0.024393573654138238,0.015785698337083022
10000,0,single,gaussian_matched,0.050000000000000003,991,25,0.02,9.4785990620371763,5-<10%,True,False,3,0.036928770073713424,0.5524490936018186,0.05190345469077088,0.052483621820641785,1.4870204805162266,1.5311663369356698,1.495228720921749,0.97652925410713831,,1.0408144090961642,False,False,False,,-1,,,False,1,0.018735931489296784,0.036928770073713424,0.0063974018476534019,0.012280693169309445
10000,0,single,gaussian_matched,0.050000000000000003,991,25,0.050000000000000003,9.4785990620371763,5-<10%,True,True,4,0.036928770073713424,0.5524490936018186,0.05190345469077088,0.052483621820641785,1.4870204805162266,1.5311663369356698,1.495228720921749,0.97652925410713831,0.95479011892236021,1.0408144090961642,True,True,False,2>4>3>1,11,0,0,True,1,0.018735931489296784,0.036928770073713424,0.0063974018476534019,0.012280693169309445
10000,0,single,gaussian_matched,0.050000000000000003,991,26,0.02,9.4785990620371763,5-<10%,True,True,4,0.016065640550669863,0.51527752999339038,0.071838638924520359,0.026651999414200024,1.4870204805162266,1.4889867738932341,1.4745813852778149,0.99032537503489459,0.98716883662066557,1.0095579747300147,True,True,False,2>4>3>1,11,0,0,True,1,0.016035334322939371,0.016065640550669863,0.0043065683291102809,0.0038372200886756555
10000,0,single,gaussian_matched,0.050000000000000003,991,26,0.050000000000000003,9.4785990620371763,5-<10%,True,True,4,0.016065640550669863,0.51527752999339038,0.071838638924520359,0.026651999414200024,1.4870204805162266,1.4889867738932341,1.4745813852778149,0.99032537503489459,0.96598461713344341,1.0095579747300147,True,True,False,2>4>3>1,11,0,0,True,1,0.016035334322939371,0.016065640550669863,0.0043065683291102809,0.0038372200886756555
10000,0,single,gaussian_matched,0.050000000000000003,991,27,0.02,9.4785990620371763,5-<10%,True,False,3,0.027175279353094009,0.49163264747222268,0.11237777157963136,0.062936467771593022,1.4870204805162266,1.4503620942603661,1.4461401882321798,0.9970890675887808,,1.0148324624822178,False,False,False,,-1,,,False,1,0.015645687723630546,0.027175279353094009,8.6232691027235169e-06,0.008001455654057377
10000,0,single,gaussian_matched,0.050000000000000003,991,27,0.050000000000000003,9.4785990620371763,5-<10%,True,True,4,0.027175279353094009,0.49163264747222268,0.11237777157963136,0.062936467771593022,1.4870204805162266,1.4503620942603661,1.4461401882321798,0.9970890675887808,0.97078979291419043,1.0148324624822178,True,True,False,2>4>3>1,11,0,0,True,1,0.015645687723630546,0.027175279353094009,8.6232691027235169e-06,0.008001455654057377
10000,0,single,gaussian_matched,0.050000000000000003,991,28,0.02,9.4785990620371763,5-<10%,True,True,4,0.012511715573615691,0.48067447706371697,0.05896338897948801,0.021303008678550752,1.4870204805162266,1.4659783634398589,1.4702578680514029,1.0029192140336249,0.99735093694582699,1.0030533514993358,True,True,False,2>4>3>1,11,0,0,True,1,0.012511715573615691,0.00481425392972353,0.0046677350896925061,0.0031762522188194709
10000,0,single,gaussian_matched,0.050000000000000003,991,28,0.050000000000000003,9.4785990620371763,5-<10%,True,True,4,0.012511715573615691,0.48067447706371697,0.05896338897948801,0.021303008678550752,1.4870204805162266,1.4659783634398589,1.4702578680514029,1.0029192140336249,0.97645773024215488,1.0030533514993358,True,True,False,2>4>3>1,11,0,0,True,1,0.012511715573615691,0.00481425392972353,0.0046677350896925061,0.0031762522188194709
10000,0,single,gaussian_matched,0.050000000000000003,991,29,0.02,9.4785990620371763,5-<10%,True,False,3,0.025078861140150167,0.53571662193987879,0.040203788052582193,0.037035696987028098,1.4870204805162266,1.5224244191363052,1.4974303863164771,0.98358274308684057,,1.0319064891230063,False,False,False,,-1,,,False,1,0.016808349837896069,0.025078861140150167,0.0015921661895147605,0.012981122485210861
10000,0,single,gaussian_matched,0.050000000000000003,991,29,0.050000000000000003,9.4785990620371763,5-<10%,True,True,4,0.025078861140150167,0.53571662193987879,0.040203788052582193,0.037035696987028098,1.4870204805162266,1.5224244191363052,1.4974303863164771,0.98358274308684057,0.96079193934916585,1.0319064891230063,True,True,False,2>4>3>1,11,0,0,True,1,0.016808349837896069,0.025078861140150167,0.0015921661895147605,0.012981122485210861
10000,0,single,gaussian_matched,0.050000000000000003,991,30,0.02,9.4785990620371763,5-<10%,True,True,4,0.012803474178813017,0.47869387019074555,0.074766403498862377,0.032669954235004114,1.4870204805162266,1.4557451343658994,1.4612022976793595,1.0037487079191489,0.9981379414286875,1.004607718244579,True,True,False,2>4>3>1,11,0,0,True,1,0.012803474178813017,0.0022160433571615339,0.0023524893840806975,0.0004948109635656944
10000,0,single,gaussian_matched,0.050000000000000003,991,30,0.050000000000000003,9.4785990620371763,5-<10%,True,True,4,0.012803474178813017,0.47869387019074555,0.074766403498862377,0.032669954235004114,1.4870204805162266,1.4557451343658994,1.4612022976793595,1.0037487079191489,0.97690114147283158,1.004607718244579,True,True,False,2>4>3>1,11,0,0,True,1,0.012803474178813017,0.0022160433571615339,0.0023524893840806975,0.0004948109635656944
10000,0,single,gaussian_matched,0.050000000000000003,991,31,0.02,9.4785990620371763,5-<10%,True,False,2,0.056642870953484963,0.45931405545508769,0.17779302677277492,0.13411339894007179,1.4870204805162266,1.4021243386712066,1.403001193150192,1.0006253756922987,,1.0336875733928337,False,False,False,,-1,,,False,1,0.017020753122129594,0.056642870953484963,0.010458497440333028,0.027245190950492965
10000,0,single,gaussian_matched,0.050000000000000003,991,31,0.050000000000000003,9.4785990620371763,5-<10%,True,False,3,0.056642870953484963,0.45931405545508769,0.17779302677277492,0.13411339894007179,1.4870204805162266,1.4021243386712066,1.403001193150192,1.0006253756922987,,1.0336875733928337,False,False,False,,-1,,,False,1,0.017020753122129594,0.056642870953484963,0.010458497440333028,0.027245190950492965
