budget,seed,mode,init_name,init_sigma,layout_index,draw_id,tolerance,gap_percent,gap_bin,numeric_valid,success,visited_count,worst_distance,initial_x,initial_y,initial_offset,optimal_nominal,optimal_sampled_start,path_length,path_length_ratio_sampled_start,completion_length_ratio_sampled_start,path_plus_connector_ratio_nominal,success_with_connector,order_evaluable,order_ambiguous,actual_order,order_class,order_excess_nominal_percent,order_excess_sampled_start_percent,success_nearopt_order,available_nearopt_center_orders,target_1_distance,target_2_distance,target_3_distance,target_4_distance
10000,0,single,gaussian_matched,0.050000000000000003,592,0,0.02,10.513121362987095,>=10%,True,False,2,0.04184212555648037,0.5262385320511026,0.12929243410504285,0.08352095946826342,1.4495317261550704,1.3809984094621661,1.3883042616143957,1.0052902683320792,,1.0153797909527118,False,False,False,,-1,,,False,1,0.020540594428710729,0.0029958564734089061,0.00075640755223165945,0.04184212555648037
10000,0,single,gaussian_matched,0.050000000000000003,592,0,0.050000000000000003,10.513121362987095,>=10%,True,True,4,0.04184212555648037,0.5262385320511026,0.12929243410504285,0.08352095946826342,1.4495317261550704,1.3809984094621661,1.3883042616143957,1.0052902683320792,0.96269060178462351,1.0153797909527118,True,True,False,1>4>3>2,5,0,0,True,1,0.020540594428710729,0.0029958564734089061,0.00075640755223165945,0.04184212555648037
10000,0,single,gaussian_matched,0.050000000000000003,592,1,0.02,10.513121362987095,>=10%,True,False,3,0.021206244958549971,0.45884678652900679,0.074943303890081484,0.048122296162403669,1.4495317261550704,1.4188824977596051,1.411762686967184,0.99498209978369379,,1.0071424838709668,False,False,False,,-1,,,False,1,0.021206244958549971,0.0032967952767307142,0.00097871063197427503,0.0095931947523456469
10000,0,single,gaussian_matched,0.050000000000000003,592,1,0.050000000000000003,10.513121362987095,>=10%,True,True,4,0.021206244958549971,0.45884678652900679,0.074943303890081484,0.048122296162403669,1.4495317261550704,1.4188824977596051,1.411762686967184,0.99498209978369379,0.95763254486763749,1.0071424838709668,True,True,False,1>4>3>2,5,0,0,True,1,0.021206244958549971,0.0032967952767307142,0.00097871063197427503,0.0095931947523456469
10000,0,single,gaussian_matched,0.050000000000000003,592,2,0.02,10.513121362987095,>=10%,True,False,3,0.028044784933097557,0.44615118723161357,0.06490501461354066,0.055873554542328868,1.4495317261550704,1.4281763330212243,1.4162871363232634,0.99167525996400607,,1.0156112241644726,False,False,False,,-1,,,False,1,0.028044784933097557,0.0042806546213217606,0.00059714213349976576,0.0053009682558717184
10000,0,single,gaussian_matched,0.050000000000000003,592,2,0.050000000000000003,10.513121362987095,>=10%,True,True,4,0.028044784933097557,0.44615118723161357,0.06490501461354066,0.055873554542328868,1.4495317261550704,1.4281763330212243,1.4162871363232634,0.99167525996400607,0.95544181476718471,1.0156112241644726,True,True,False,1>4>3>2,5,0,0,True,1,0.028044784933097557,0.0042806546213217606,0.00059714213349976576,0.0053009682558717184
10000,0,single,gaussian_matched,0.050000000000000003,592,3,0.02,10.513121362987095,>=10%,True,True,4,0.01389616229726102,0.50205336890381369,0.020531203546185386,0.029540248615939336,1.4495317261550704,1.4788176178338706,1.4524719946431959,0.98218467046040137,0.96676319480726347,1.0224075930992007,True,True,False,1>4>3>2,5,0,0,True,1,0.01389616229726102,0.0097583736105016344,0.011158654816394855,0.013247163298286726
10000,0,single,gaussian_matched,0.050000000000000003,592,3,0.050000000000000003,10.513121362987095,>=10%,True,True,4,0.01389616229726102,0.50205336890381369,0.020531203546185386,0.029540248615939336,1.4495317261550704,1.4788176178338706,1.4524719946431959,0.98218467046040137,0.94535010047481305,1.0224075930992007,True,True,False,1>4>3>2,5,0,0,True,1,0.01389616229726102,0.0097583736105016344,0.011158654816394855,0.013247163298286726
10000,0,single,gaussian_matched,0.050000000000000003,592,4,0.02,10.513121362987095,>=10%,True,False,3,0.022578925664613985,0.45580675004063265,0.079482707786048004,0.053125073179889536,1.4495317261550704,1.4141252239586741,1.4085116672330413,0.99603036801089062,,1.0083509826238639,False,False,False,,-1,,,False,1,0.022578925664613985,0.0027649116883453691,0.0019872578306384388,0.011175593552695137
10000,0,single,gaussian_matched,0.050000000000000003,592,4,0.050000000000000003,10.513121362987095,>=10%,True,True,4,0.022578925664613985,0.45580675004063265,0.079482707786048004,0.053125073179889536,1.4495317261550704,1.4141252239586741,1.4085116672330413,0.99603036801089062,0.95866389268106145,1.0083509826238639,True,True,False,1>4>3>2,5,0,0,True,1,0.022578925664613985,0.0027649116883453691,0.0019872578306384388,0.011175593552695137
10000,0,single,gaussian_matched,0.050000000000000003,592,5,0.02,10.513121362987095,>=10%,True,False,3,0.049778642382591186,0.59865501502503071,0.019366437654935571,0.10330163179513663,1.4495317261550704,1.510916018275718,1.4688614030941629,0.97216614644833244,,1.0846006379311979,False,False,False,,-1,,,False,1,0.009282796155523871,0.010538215603301994,0.015557003149556891,0.049778642382591186
10000,0,single,gaussian_matched,0.050000000000000003,592,5,0.050000000000000003,10.513121362987095,>=10%,True,True,4,0.049778642382591186,0.59865501502503071,0.019366437654935571,0.10330163179513663,1.4495317261550704,1.510916018275718,1.4688614030941629,0.97216614644833244,0.93172585775408223,1.0846006379311979,True,True,False,1>4>3>2,5,0,0,True,1,0.009282796155523871,0.010538215603301994,0.015557003149556891,0.049778642382591186
10000,0,single,gaussian_matched,0.050000000000000003,592,6,0.02,10.513121362987095,>=10%,True,True,4,0.019157952622647238,0.4786631752708867,0.095435069079978799,0.050195673038852126,1.4495317261550704,1.4009364253457501,1.4018559281331258,1.0006563486898763,0.98288665651728191,1.001738406253164,True,True,False,1>4>3>2,5,0,0,True,1,0.0095289165221069359,0.0011322394268083529,0.0031239708146234917,0.019157952622647238
10000,0,single,gaussian_matched,0.050000000000000003,592,6,0.050000000000000003,10.513121362987095,>=10%,True,True,4,0.019157952622647238,0.4786631752708867,0.095435069079978799,0.050195673038852126,1.4495317261550704,1.4009364253457501,1.4018559281331258,1.0006563486898763,0.96145207836276025,1.001738406253164,True,True,False,1>4>3>2,5,0,0,True,1,0.0095289165221069359,0.0011322394268083529,0.0031239708146234917,0.019157952622647238
10000,0,single,gaussian_matched,0.050000000000000003,592,7,0.02,10.513121362987095,>=10%,True,False,2,0.025114495091268417,0.5316656916301653,0.00094457530855375504,0.058387932983407415,1.4495317261550704,1.5046466630896129,1.4695592023741599,0.97668059779336824,,1.054097063063598,False,False,False,,-1,,,False,1,0.021583779044599117,0.012220761036464134,0.015982425179795718,0.025114495091268417
10000,0,single,gaussian_matched,0.050000000000000003,592,7,0.050000000000000003,10.513121362987095,>=10%,True,True,4,0.025114495091268417,0.5316656916301653,0.00094457530855375504,0.058387932983407415,1.4495317261550704,1.5046466630896129,1.4695592023741599,0.97668059779336824,0.93976410025101698,1.054097063063598,True,True,False,1>4>3>2,5,0,0,True,1,0.021583779044599117,0.012220761036464134,0.015982425179795718,0.025114495091268417
10000,0,single,gaussian_matched,0.050000000000000003,592,8,0.02,10.513121362987095,>=10%,True,False,3,0.02552431904670394,0.50906277212287177,-0.0038631195262238682,0.054620229619138191,1.4495317261550704,1.5041142619206616,1.469129694449234,0.97674075144613393,,1.0512014994733285,False,False,False,,-1,,,False,1,0.02552431904670394,0.012551460060758166,0.016121768495995236,0.017884968503532547
10000,0,single,gaussian_matched,0.050000000000000003,592,8,0.050000000000000003,10.513121362987095,>=10%,True,True,4,0.02552431904670394,0.50906277212287177,-0.0038631195262238682,0.054620229619138191,1.4495317261550704,1.5041142619206616,1.469129694449234,0.97674075144613393,0.9410415144651727,1.0512014994733285,True,True,False,1>4>3>2,5,0,0,True,1,0.02552431904670394,0.012551460060758166,0.016121768495995236,0.017884968503532547
10000,0,single,gaussian_matched,0.050000000000000003,592,9,0.02,10.513121362987095,>=10%,True,False,2,0.043535652693957358,0.49944985596444458,-0.037230596892678991,0.087232331693661125,1.4495317261550704,1.5352182589957524,1.4890127852132411,0.96990299358950038,,1.087416776373666,False,False,False,,-1,,,False,1,0.043535652693957358,0.016157165508934018,0.022445395678583027,0.018036518507339873
10000,0,single,gaussian_matched,0.050000000000000003,592,9,0.050000000000000003,10.513121362987095,>=10%,True,True,4,0.043535652693957358,0.49944985596444458,-0.037230596892678991,0.087232331693661125,1.4495317261550704,1.5352182589957524,1.4890127852132411,0.96990299358950038,0.93677656022385991,1.087416776373666,True,True,False,1>4>3>2,5,0,0,True,1,0.043535652693957358,0.016157165508934018,0.022445395678583027,0.018036518507339873
10000,0,single,gaussian_matched,0.050000000000000003,592,10,0.02,10.513121362987095,>=10%,True,False,2,0.066441009932185754,0.58928169155334964,0.13523606341934141,0.12343584144750444,1.4495317261550704,1.4059691865752115,1.3955801820276501,0.99261078788442869,,1.047935685757216,False,False,False,,-1,,,False,1,0.051443751769617248,0.0048144618571793899,0.0041618239337619925,0.066441009932185754
10000,0,single,gaussian_matched,0.050000000000000003,592,10,0.050000000000000003,10.513121362987095,>=10%,True,False,2,0.066441009932185754,0.58928169155334964,0.13523606341934141,0.12343584144750444,1.4495317261550704,1.4059691865752115,1.3955801820276501,0.99261078788442869,,1.047935685757216,False,False,False,,-1,,,False,1,0.051443751769617248,0.0048144618571793899,0.0041618239337619925,0.066441009932185754
10000,0,single,gaussian_matched,0.050000000000000003,592,11,0.02,10.513121362987095,>=10%,True,False,3,0.026458198009302211,0.53403993988661125,0.063983602241278179,0.036800253248128433,1.4495317261550704,1.4449924260750577,1.4300477648294914,0.98965761966921884,,1.011946128263423,False,False,False,,-1,,,False,1,0.011251281740421308,0.004914212314111834,0.0048803096373089393,0.026458198009302211
10000,0,single,gaussian_matched,0.050000000000000003,592,11,0.050000000000000003,10.513121362987095,>=10%,True,True,4,0.026458198009302211,0.53403993988661125,0.063983602241278179,0.036800253248128433,1.4495317261550704,1.4449924260750577,1.4300477648294914,0.98965761966921884,0.94919255938574498,1.011946128263423,True,True,False,1>4>3>2,5,0,0,True,1,0.011251281740421308,0.004914212314111834,0.0048803096373089393,0.026458198009302211
10000,0,single,gaussian_matched,0.050000000000000003,592,12,0.02,10.513121362987095,>=10%,True,False,3,0.02398974703680461,0.49765156352888351,0.099375958187078658,0.049431775213429362,1.4495317261550704,1.4008449334202664,1.4022282668571386,1.0009874993326311,,1.0014682782564153,False,False,False,,-1,,,False,1,0.0010617271203438596,0.00072448475688802845,0.0017270573259183187,0.02398974703680461
10000,0,single,gaussian_matched,0.050000000000000003,592,12,0.050000000000000003,10.513121362987095,>=10%,True,True,4,0.02398974703680461,0.49765156352888351,0.099375958187078658,0.049431775213429362,1.4495317261550704,1.4008449334202664,1.4022282668571386,1.0009874993326311,0.96067730372083071,1.0014682782564153,True,True,False,1>4>3>2,5,0,0,True,1,0.0010617271203438596,0.00072448475688802845,0.0017270573259183187,0.02398974703680461
10000,0,single,gaussian_matched,0.050000000000000003,592,13,0.02,10.513121362987095,>=10%,True,False,2,0.049593165402800461,0.48040890985953549,-0.043335446435568012,0.095369368112715278,1.4495317261550704,1.5386951039203596,1.4899831766612748,0.96834205351341263,,1.0936997901930636,False,False,False,,-1,,,False,1,0.049593165402800461,0.016669369342808781,0.023196793104405585,0.012760340936519928
10000,0,single,gaussian_matched,0.050000000000000003,592,13,0.050000000000000003,10.513121362987095,>=10%,True,True,4,0.049593165402800461,0.48040890985953549,-0.043335446435568012,0.095369368112715278,1.4495317261550704,1.5386951039203596,1.4899831766612748,0.96834205351341263,0.93645321578084495,1.0936997901930636,True,True,False,1>4>3>2,5,0,0,True,1,0.049593165402800461,0.016669369342808781,0.023196793104405585,0.012760340936519928
10000,0,single,gaussian_matched,0.050000000000000003,592,14,0.02,10.513121362987095,>=10%,True,False,2,0.056131044169444554,0.44680806993254579,-0.03910241169856199,0.10377196728789995,1.4495317261550704,1.5321560283958116,1.4820612994819844,0.96730442070819833,,1.0940314297061702,False,False,False,,-1,,,False,1,0.056131044169444554,0.015958745477403669,0.021635842150406179,0.0021125662554254757
10000,0,single,gaussian_matched,0.050000000000000003,592,14,0.050000000000000003,10.513121362987095,>=10%,True,False,3,0.056131044169444554,0.44680806993254579,-0.03910241169856199,0.10377196728789995,1.4495317261550704,1.5321560283958116,1.4820612994819844,0.96730442070819833,,1.0940314297061702,False,False,False,,-1,,,False,1,0.056131044169444554,0.015958745477403669,0.021635842150406179,0.0021125662554254757
10000,0,single,gaussian_matched,0.050000000000000003,592,15,0.02,10.513121362987095,>=10%,True,False,3,0.02957178296203718,0.44160113039879823,0.090694370296353577,0.071179068162732451,1.4495317261550704,1.4022718883637166,1.3996047116305093,0.99809796034895937,,1.0146613235534645,False,False,False,,-1,,,False,1,0.02957178296203718,0.0013851014814171328,0.0047237284356662036,0.015141660562524813
10000,0,single,gaussian_matched,0.050000000000000003,592,15,0.050000000000000003,10.513121362987095,>=10%,True,True,4,0.02957178296203718,0.44160113039879823,0.090694370296353577,0.071179068162732451,1.4495317261550704,1.4022718883637166,1.3996047116305093,0.99809796034895937,0.96110798761962479,1.0146613235534645,True,True,False,1>4>3>2,5,0,0,True,1,0.02957178296203718,0.0013851014814171328,0.0047237284356662036,0.015141660562524813
10000,0,single,gaussian_matched,0.050000000000000003,592,16,0.02,10.513121362987095,>=10%,True,False,2,0.056228222537641946,0.44111852338082058,-0.035186774503954341,0.10355585371789727,1.4495317261550704,1.528129180938457,1.4787186542076736,0.96766600144338633,,1.0915763203904512,False,False,False,,-1,,,False,1,0.056228222537641946,0.015487792065933722,0.020718436506242912,5.8274412674653765e-05
10000,0,single,gaussian_matched,0.050000000000000003,592,16,0.050000000000000003,10.513121362987095,>=10%,True,False,3,0.056228222537641946,0.44111852338082058,-0.035186774503954341,0.10355585371789727,1.4495317261550704,1.528129180938457,1.4787186542076736,0.96766600144338633,,1.0915763203904512,False,False,False,,-1,,,False,1,0.056228222537641946,0.015487792065933722,0.020718436506242912,5.8274412674653765e-05
10000,0,single,gaussian_matched,0.050000000000000003,592,17,0.02,10.513121362987095,>=10%,True,False,3,0.026743458591959538,0.5382624995741907,0.052939031911308755,0.03837521051721586,1.4495317261550704,1.4568077876646959,1.4376869231131884,0.98687481992242865,,1.018302743566508,False,False,False,,-1,,,False,1,0.005459940703654605,0.0062376808049977939,0.0067882436204512496,0.026743458591959538
10000,0,single,gaussian_matched,0.050000000000000003,592,17,0.050000000000000003,10.513121362987095,>=10%,True,True,4,0.026743458591959538,0.5382624995741907,0.052939031911308755,0.03837521051721586,1.4495317261550704,1.4568077876646959,1.4376869231131884,0.98687481992242865,0.94677253896813818,1.018302743566508,True,True,False,1>4>3>2,5,0,0,True,1,0.005459940703654605,0.0062376808049977939,0.0067882436204512496,0.026743458591959538
10000,0,single,gaussian_matched,0.050000000000000003,592,18,0.02,10.513121362987095,>=10%,True,False,3,0.034049078192149203,0.43503023104448013,0.052767360285197067,0.065028679527434033,1.4495317261550704,1.4401473091987564,1.4223929137486158,0.98767181986402586,,1.0261393844903852,False,False,False,,-1,,,False,1,0.034049078192149203,0.0054917785249805314,0.0027293646060783387,0.00043794707437678246
10000,0,single,gaussian_matched,0.050000000000000003,592,18,0.050000000000000003,10.513121362987095,>=10%,True,True,4,0.034049078192149203,0.43503023104448013,0.052767360285197067,0.065028679527434033,1.4495317261550704,1.4401473091987564,1.4223929137486158,0.98767181986402586,0.95259202187771297,1.0261393844903852,True,True,False,1>4>3>2,5,0,0,True,1,0.034049078192149203,0.0054917785249805314,0.0027293646060783387,0.00043794707437678246
10000,0,single,gaussian_matched,0.050000000000000003,592,19,0.02,10.513121362987095,>=10%,True,False,3,0.023364011229805762,0.50185242988222867,0.094570694934092675,0.044609173309718794,1.4495317261550704,1.4065185732982215,1.4058360864903965,0.99951476871988643,,1.0006302267336142,False,False,False,,-1,,,False,1,0.0029002549009548473,0.001285806856407528,0.0010110387528916138,0.023364011229805762
10000,0,single,gaussian_matched,0.050000000000000003,592,19,0.050000000000000003,10.513121362987095,>=10%,True,True,4,0.023364011229805762,0.50185242988222867,0.094570694934092675,0.044609173309718794,1.4495317261550704,1.4065185732982215,1.4058360864903965,0.99951476871988643,0.95918113557437368,1.0006302267336142,True,True,False,1>4>3>2,5,0,0,True,1,0.0029002549009548473,0.001285806856407528,0.0010110387528916138,0.023364011229805762
10000,0,single,gaussian_matched,0.050000000000000003,592,20,0.02,10.513121362987095,>=10%,True,False,1,0.051349404933169765,0.50808038384476562,-0.054612333494275286,0.10492393874705724,1.4495317261550704,1.5537946349268092,1.5014174555605218,0.96629079661563211,,1.1081795350340149,False,False,False,,-1,,,False,1,0.051349404933169765,0.018158505537599106,0.02618229568683348,0.022461301390875283
10000,0,single,gaussian_matched,0.050000000000000003,592,20,0.050000000000000003,10.513121362987095,>=10%,True,False,3,0.051349404933169765,0.50808038384476562,-0.054612333494275286,0.10492393874705724,1.4495317261550704,1.5537946349268092,1.5014174555605218,0.96629079661563211,,1.1081795350340149,False,False,False,,-1,,,False,1,0.051349404933169765,0.018158505537599106,0.02618229568683348,0.022461301390875283
10000,0,single,gaussian_matched,0.050000000000000003,592,21,0.02,10.513121362987095,>=10%,True,False,3,0.020866344012996592,0.49492698205390573,0.091997431102033081,0.042302715400449289,1.4495317261550704,1.4074132568049489,1.406379847633803,0.99926573864062362,,0.99941418107275892,False,False,False,,-1,,,False,1,0.0010577276505314972,0.0015757417456461723,0.0013887256092036033,0.020866344012996592
10000,0,single,gaussian_matched,0.050000000000000003,592,21,0.050000000000000003,10.513121362987095,>=10%,True,True,4,0.020866344012996592,0.49492698205390573,0.091997431102033081,0.042302715400449289,1.4495317261550704,1.4074132568049489,1.406379847633803,0.99926573864062362,0.95936711697453381,0.99941418107275892,True,True,False,1>4>3>2,5,0,0,True,1,0.0010577276505314972,0.0015757417456461723,0.0013887256092036033,0.020866344012996592
10000,0,single,gaussian_matched,0.050000000000000003,592,22,0.02,10.513121362987095,>=10%,True,False,3,0.023123134557539251,0.53073766188977456,0.043757466196290951,0.031365157208924514,1.4495317261550704,1.4632410482649769,1.442242440247363,0.98564924894465422,,1.0166094131413592,False,False,False,,-1,,,False,1,0.00045435146677621526,0.0072938421904694892,0.0079767248641184063,0.023123134557539251
10000,0,single,gaussian_matched,0.050000000000000003,592,22,0.050000000000000003,10.513121362987095,>=10%,True,True,4,0.023123134557539251,0.53073766188977456,0.043757466196290951,0.031365157208924514,1.4495317261550704,1.4632410482649769,1.442242440247363,0.98564924894465422,0.94632376296371457,1.0166094131413592,True,True,False,1>4>3>2,5,0,0,True,1,0.00045435146677621526,0.0072938421904694892,0.0079767248641184063,0.023123134557539251
10000,0,single,gaussian_matched,0.050000000000000003,592,23,0.02,10.513121362987095,>=10%,True,False,2,0.042971012985443133,0.50549086052283099,-0.037488993598474601,0.087661129071870361,1.4495317261550704,1.5364818426819686,1.4900959256094906,0.96981030573618088,,1.0884598289313834,False,False,False,,-1,,,False,1,0.042971012985443133,0.016243005767134683,0.022663559575655794,0.019965141172250168
10000,0,single,gaussian_matched,0.050000000000000003,592,23,0.050000000000000003,10.513121362987095,>=10%,True,True,4,0.042971012985443133,0.50549086052283099,-0.037488993598474601,0.087661129071870361,1.4495317261550704,1.5364818426819686,1.4900959256094906,0.96981030573618088,0.93645156288906894,1.0884598289313834,True,True,False,1>4>3>2,5,0,0,True,1,0.042971012985443133,0.016243005767134683,0.022663559575655794,0.019965141172250168
10000,0,single,gaussian_matched,0.050000000000000003,592,24,0.02,10.513121362987095,>=10%,True,True,4,0.012158368986491782,0.50187896410521216,0.036083442425240711,0.014042830228991089,1.4495317261550704,1.4635389880183252,1.4425478481918872,0.98565727322723351,0.9692315825988832,1.0048698156366207,True,True,False,1>4>3>2,5,0,0,True,1,0.0062396852600633892,0.0080034953880683199,0.0081375552593609801,0.012158368986491782
10000,0,single,gaussian_matched,0.050000000000000003,592,24,0.050000000000000003,10.513121362987095,>=10%,True,True,4,0.012158368986491782,0.50187896410521216,0.036083442425240711,0.014042830228991089,1.4495317261550704,1.4635389880183252,1.4425478481918872,0.98565727322723351,0.94798524276254748,1.0048698156366207,True,True,False,1>4>3>2,5,0,0,True,1,0.0062396852600633892,0.0080034953880683199,0.0081375552593609801,0.012158368986491782
10000,0,single,gaussian_matched,0.050000000000000003,592,25,0.02,10.513121362987095,>=10%,True,False,3,0.054136622211596999,0.39587452624035635,0.062998962725580976,0.10493372821743865,1.4495317261550704,1.4327078590602742,1.4109259663702758,0.98479669630326072,,1.0457582040019098,False,False,False,,-1,,,False,1,0.054136622211596999,0.0044812158456103814,0.00056146559381280842,0.0039065480698748352
10000,0,single,gaussian_matched,0.050000000000000003,592,25,0.050000000000000003,10.513121362987095,>=10%,True,False,3,0.054136622211596999,0.39587452624035635,0.062998962725580976,0.10493372821743865,1.4495317261550704,1.4327078590602742,1.4109259663702758,0.98479669630326072,,1.0457582040019098,False,False,False,,-1,,,False,1,0.054136622211596999,0.0044812158456103814,0.00056146559381280842,0.0039065480698748352
10000,0,single,gaussian_matched,0.050000000000000003,592,26,0.02,10.513121362987095,>=10%,True,False,1,0.064024889124300891,0.63207110979534065,-0.03864266771505033,0.15906068207515567,1.4495317261550704,1.5777215658692678,1.5096945917272808,0.95688277601472316,,1.1512374953177904,False,False,False,,-1,,,False,1,0.033848936887556288,0.017784867998974614,0.028115071691775431,0.064024889124300891
10000,0,single,gaussian_matched,0.050000000000000003,592,26,0.050000000000000003,10.513121362987095,>=10%,True,False,3,0.064024889124300891,0.63207110979534065,-0.03864266771505033,0.15906068207515567,1.4495317261550704,1.5777215658692678,1.5096945917272808,0.95688277601472316,,1.1512374953177904,False,False,False,,-1,,,False,1,0.033848936887556288,0.017784867998974614,0.028115071691775431,0.064024889124300891
10000,0,single,gaussian_matched,0.050000000000000003,592,27,0.02,10.513121362987095,>=10%,True,False,3,0.043956128333939054,0.41532354816371903,0.064873281878267519,0.085972763183536291,1.4495317261550704,1.4287976860079674,1.4122147157521696,0.988393759019774,,1.0335665317996843,False,False,False,,-1,,,False,1,0.043956128333939054,0.0039493367542846958,0.00028101246554687652,0.0048460864751055897
10000,0,single,gaussian_matched,0.050000000000000003,592,27,0.050000000000000003,10.513121362987095,>=10%,True,True,4,0.043956128333939054,0.41532354816371903,0.064873281878267519,0.085972763183536291,1.4495317261550704,1.4287976860079674,1.4122147157521696,0.988393759019774,0.9539523319666493,1.0335665317996843,True,True,False,1>4>3>2,5,0,0,True,1,0.043956128333939054,0.0039493367542846958,0.00028101246554687652,0.0048460864751055897
10000,0,single,gaussian_matched,0.050000000000000003,592,28,0.02,10.513121362987095,>=10%,True,False,3,0.041927043092785082,0.41842997602868293,0.08807480048122987,0.090018660523064356,1.4495317261550704,1.4054359764779076,1.3981331771804881,0.99480389045133122,,1.0266431640312719,False,False,False,,-1,,,False,1,0.041927043092785082,0.0013862166400985252,0.0048990570855425653,0.013997388633324699
10000,0,single,gaussian_matched,0.050000000000000003,592,28,0.050000000000000003,10.513121362987095,>=10%,True,True,4,0.041927043092785082,0.41842997602868293,0.08807480048122987,0.090018660523064356,1.4495317261550704,1.4054359764779076,1.3981331771804881,0.99480389045133122,0.95928792544408026,1.0266431640312719,True,True,False,1>4>3>2,5,0,0,True,1,0.041927043092785082,0.0013862166400985252,0.0048990570855425653,0.013997388633324699
10000,0,single,gaussian_matched,0.050000000000000003,592,29,0.02,10.513121362987095,>=10%,True,False,3,0.032665010837051027,0.44446064235926813,0.026710194572199177,0.06022487263589639,1.4495317261550704,1.4663046414901486,1.4400959251277996,0.98212600872918598,,1.0350382614551978,False,False,False,,-1,,,False,1,0.032665010837051027,0.0084958217762405863,0.0082216866502924889,0.0063224014166422164
10000,0,single,gaussian_matched,0.050000000000000003,592,29,0.050000000000000003,10.513121362987095,>=10%,True,True,4,0.032665010837051027,0.44446064235926813,0.026710194572199177,0.06022487263589639,1.4495317261550704,1.4663046414901486,1.4400959251277996,0.98212600872918598,0.94777811759978403,1.0350382614551978,True,True,False,1>4>3>2,5,0,0,True,1,0.032665010837051027,0.0084958217762405863,0.0082216866502924889,0.0063224014166422164
10000,0,single,gaussian_matched,0.050000000000000003,592,30,0.02,10.513121362987095,>=10%,True,False,2,0.039805517523940945,0.42183077920911383,0.10871057402361707,0.097761743955582805,1.4495317261550704,1.3846268523938958,1.3857808449860545,1.0008334321916144,,1.0234633448670916,False,False,False,,-1,,,False,1,0.039805517523940945,0.00082946458874031033,0.0090231704350791381,0.022201704945934625
10000,0,single,gaussian_matched,0.050000000000000003,592,30,0.050000000000000003,10.513121362987095,>=10%,True,True,4,0.039805517523940945,0.42183077920911383,0.10871057402361707,0.097761743955582805,1.4495317261550704,1.3846268523938958,1.3857808449860545,1.0008334321916144,0.96442791224052671,1.0234633448670916,True,True,False,1>4>3>2,5,0,0,True,1,0.039805517523940945,0.00082946458874031033,0.0090231704350791381,0.022201704945934625
10000,0,single,gaussian_matched,0.050000000000000003,592,31,0.02,10.513121362987095,>=10%,True,False,3,0.020865701710063175,0.48647364791090991,0.012972084436503793,0.039421171111668367,1.4495317261550704,1.4836213455432934,1.4549344625046836,0.98066428261848393,,1.0309230261418136,False,False,False,,-1,,,False,1,0.020865701710063175,0.010461292402546318,0.01212146529692726,0.0087949152516337021
10000,0,single,gaussian_matched,0.050000000000000003,592,31,0.050000000000000003,10.513121362987095,>=10%,True,True,4,0.020865701710063175,0.48647364791090991,0.012972084436503793,0.039421171111668367,1.4495317261550704,1.4836213455432934,1.4549344625046836,0.98066428261848393,0.94496430014481536,1.0309230261418136,True,True,False,1>4>3>2,5,0,0,True,1,0.020865701710063175,0.010461292402546318,0.01212146529692726,0.0087949152516337021
10000,0,single,gaussian_matched,0.050000000000000003,593,0,0.02,19.324446536749782,>=10%,True,False,2,0.038064230953049207,0.57766614604507571,0.022837952433146971,0.082278837312634745,0.95641237818269331,1.0379965386912342,1.0200430381265388,0.98270369900526633,,1.1525591895137608,False,False,False,,-1,,,False,1,0.038064230953049207,0.012108194847835938,0.032558543753121214,0.010211776554744353
10000,0,single,gaussian_matched,0.050000000000000003,593,0,0.050000000000000003,19.324446536749782,>=10%,True,True,4,0.038064230953049207,0.57766614604507571,0.022837952433146971,0.082278837312634745,0.95641237818269331,1.0379965386912342,1.0200430381265388,0.98270369900526633,0.9442221461913286,1.1525591895137608,True,True,False,1>3>2>4,2,0,0,True,1,0.038064230953049207,0.012108194847835938,0.032558543753121214,0.010211776554744353
10000,0,single,gaussian_matched,0.050000000000000003,593,1,0.02,19.324446536749782,>=10%,True,True,4,0.018137160189082509,0.46194672715511198,0.12929082949779946,0.087949344606179966,0.95641237818269331,0.89055720710670916,0.91488016436191333,1.0273120660425914,0.99229813229166364,1.0485325491851103,True,True,False,1>3>2>4,2,0,0,True,1,0.018137160189082509,0.0024748128884712161,0.0098944340139556167,0.0016460324639096212
10000,0,single,gaussian_matched,0.050000000000000003,593,1,0.050000000000000003,19.324446536749782,>=10%,True,True,4,0.018137160189082509,0.46194672715511198,0.12929082949779946,0.087949344606179966,0.95641237818269331,0.89055720710670916,0.91488016436191333,1.0273120660425914,0.95860396337351561,1.0485325491851103,True,True,False,1>3>2>4,2,0,0,True,1,0.018137160189082509,0.0024748128884712161,0.0098944340139556167,0.0016460324639096212
10000,0,single,gaussian_matched,0.050000000000000003,593,2,0.02,19.324446536749782,>=10%,True,False,3,0.023145648058387938,0.50165308171751677,-0.00069965053244737396,0.050726593058050724,0.95641237818269331,0.98371334488612461,0.99459054037089678,1.0110572816169647,,1.0929565083789323,False,False,False,,-1,,,False,1,0.014262573643268606,0.0036445780886375716,0.023145648058387938,0.0137224772919691
10000,0,single,gaussian_matched,0.050000000000000003,593,2,0.050000000000000003,19.324446536749782,>=10%,True,True,4,0.023145648058387938,0.50165308171751677,-0.00069965053244737396,0.050726593058050724,0.95641237818269331,0.98371334488612461,0.99459054037089678,1.0110572816169647,0.97375090873369907,1.0929565083789323,True,True,False,1>3>2>4,2,0,0,True,1,0.014262573643268606,0.0036445780886375716,0.023145648058387938,0.0137224772919691
10000,0,single,gaussian_matched,0.050000000000000003,593,3,0.02,19.324446536749782,>=10%,True,True,4,0.011005584839596331,0.51480070173378456,0.097124508049976382,0.049394129517228484,0.95641237818269331,0.95098095490323786,0.95779921674078605,1.0071697143905916,0.98154288367593978,1.0530952643793794,True,True,False,1>3>2>4,2,0,0,True,1,0.011005584839596331,0.0092403215099382784,0.0069061627820252176,0.0012532217871593532
10000,0,single,gaussian_matched,0.050000000000000003,593,3,0.050000000000000003,19.324446536749782,>=10%,True,True,4,0.011005584839596331,0.51480070173378456,0.097124508049976382,0.049394129517228484,0.95641237818269331,0.95098095490323786,0.95779921674078605,1.0071697143905916,0.94998729222697331,1.0530952643793794,True,True,False,1>3>2>4,2,0,0,True,1,0.011005584839596331,0.0092403215099382784,0.0069061627820252176,0.0012532217871593532
10000,0,single,gaussian_matched,0.050000000000000003,593,4,0.02,19.324446536749782,>=10%,True,True,4,0.0087885705642744838,0.47487538545577612,0.048054880627060682,0.025199796534313722,0.95641237818269331,0.93527406419332659,0.95812600797820346,1.024433419742679,1.0071475492067048,1.0281399811877832,True,True,False,1>3>2>4,2,0,0,True,1,0.0061426513204608903,0.0051256557675487969,0.0087885705642744838,0.0040267365148312362
10000,0,single,gaussian_matched,0.050000000000000003,593,4,0.050000000000000003,19.324446536749782,>=10%,True,True,4,0.0087885705642744838,0.47487538545577612,0.048054880627060682,0.025199796534313722,0.95641237818269331,0.93527406419332659,0.95812600797820346,1.024433419742679,0.97493847540226675,1.0281399811877832,True,True,False,1>3>2>4,2,0,0,True,1,0.0061426513204608903,0.0051256557675487969,0.0087885705642744838,0.0040267365148312362
10000,0,single,gaussian_matched,0.050000000000000003,593,5,0.02,19.324446536749782,>=10%,True,False,2,0.038120464838826924,0.57106634040770687,0.0074320094316348423,0.082839957508273124,0.95641237818269331,1.039131171479486,1.0233411006227482,0.98480454509486393,,1.1565942509369316,False,False,False,,-1,,,False,1,0.038120464838826924,0.0098923668381623794,0.034140937141065641,0.013233770447109289
10000,0,single,gaussian_matched,0.050000000000000003,593,5,0.050000000000000003,19.324446536749782,>=10%,True,True,4,0.038120464838826924,0.57106634040770687,0.0074320094316348423,0.082839957508273124,0.95641237818269331,1.039131171479486,1.0233411006227482,0.98480454509486393,0.94918387508742763,1.1565942509369316,True,True,False,1>3>2>4,2,0,0,True,1,0.038120464838826924,0.0098923668381623794,0.034140937141065641,0.013233770447109289
10000,0,single,gaussian_matched,0.050000000000000003,593,6,0.02,19.324446536749782,>=10%,True,False,2,0.039565907119159333,0.56274965089161877,-0.015072649563393298,0.090398940304741535,0.95641237818269331,1.0430109357575821,1.029199868912559,0.98675846400882505,,1.1706235037909929,False,False,False,,-1,,,False,1,0.039565907119159333,0.006938593134191217,0.037029222377891337,0.017668991155389113
10000,0,single,gaussian_matched,0.050000000000000003,593,6,0.050000000000000003,19.324446536749782,>=10%,True,True,4,0.039565907119159333,0.56274965089161877,-0.015072649563393298,0.090398940304741535,0.95641237818269331,1.0430109357575821,1.029199868912559,0.98675846400882505,0.95542224877663651,1.1706235037909929,True,True,False,1>3>2>4,2,0,0,True,1,0.039565907119159333,0.006938593134191217,0.037029222377891337,0.017668991155389113
10000,0,single,gaussian_matched,0.050000000000000003,593,7,0.02,19.324446536749782,>=10%,True,True,4,0.0060385534045527605,0.47997074061372846,0.086467776786514475,0.0416061290594738,0.95641237818269331,0.92258676598653544,0.94325310840881393,1.0224004323324318,0.99736138267801633,1.0297432989519093,True,True,False,1>3>2>4,2,0,0,True,1,0.0037102055949041635,0.0060385534045527605,0.0022717404108240696,0.00026025788218374631
10000,0,single,gaussian_matched,0.050000000000000003,593,7,0.050000000000000003,19.324446536749782,>=10%,True,True,4,0.0060385534045527605,0.47997074061372846,0.086467776786514475,0.0416061290594738,0.95641237818269331,0.92258676598653544,0.94325310840881393,1.0224004323324318,0.96481122050510348,1.0297432989519093,True,True,False,1>3>2>4,2,0,0,True,1,0.0037102055949041635,0.0060385534045527605,0.0022717404108240696,0.00026025788218374631
10000,0,single,gaussian_matched,0.050000000000000003,593,8,0.02,19.324446536749782,>=10%,True,False,2,0.045396605142381134,0.59982496498907811,0.042400518446319146,0.10011381400663651,0.95641237818269331,1.0501168792250097,1.0226421671270789,0.97383651987557107,,1.1739245609379254,False,False,False,,-1,,,False,1,0.045396605142381134,0.016624015347617292,0.034008901068916887,0.0065213369774957961
10000,0,single,gaussian_matched,0.050000000000000003,593,8,0.050000000000000003,19.324446536749782,>=10%,True,True,4,0.045396605142381134,0.59982496498907811,0.042400518446319146,0.10011381400663651,0.95641237818269331,1.0501168792250097,1.0226421671270789,0.97383651987557107,0.9323956638866383,1.1739245609379254,True,True,False,1>3>2>4,2,0,0,True,1,0.045396605142381134,0.016624015347617292,0.034008901068916887,0.0065213369774957961
10000,0,single,gaussian_matched,0.050000000000000003,593,9,0.02,19.324446536749782,>=10%,True,False,3,0.024945124797206078,0.54762668391946268,0.11797209811933619,0.082997030934299512,0.95641237818269331,0.9759106572720162,0.96770903167276923,0.99159592577647104,,1.0985910330892472,False,False,False,,-1,,,False,1,0.024945124797206078,0.011670474308841841,0.0096718683930279246,0.0029175716934659716
10000,0,single,gaussian_matched,0.050000000000000003,593,9,0.050000000000000003,19.324446536749782,>=10%,True,True,4,0.024945124797206078,0.54762668391946268,0.11797209811933619,0.082997030934299512,0.95641237818269331,0.9759106572720162,0.96770903167276923,0.99159592577647104,0.93249346948362477,1.0985910330892472,True,True,False,1>3>2>4,2,0,0,True,1,0.024945124797206078,0.011670474308841841,0.0096718683930279246,0.0029175716934659716
10000,0,single,gaussian_matched,0.050000000000000003,593,10,0.02,19.324446536749782,>=10%,True,True,4,0.0052152470378765241,0.47080245127681325,0.08399960265234438,0.044815955104852638,0.95641237818269331,0.91522969675215904,0.93936689243985683,1.0263728283439146,1.001392900146935,1.0290360831744814,True,True,False,1>3>2>4,2,0,0,True,1,0.002025384353659752,0.0052152470378765241,0.0010408734628755232,3.9697594313688882e-05
10000,0,single,gaussian_matched,0.050000000000000003,593,10,0.050000000000000003,19.324446536749782,>=10%,True,True,4,0.0052152470378765241,0.47080245127681325,0.08399960265234438,0.044815955104852638,0.95641237818269331,0.91522969675215904,0.93936689243985683,1.0263728283439146,0.96857194813573089,1.0290360831744814,True,True,False,1>3>2>4,2,0,0,True,1,0.002025384353659752,0.0052152470378765241,0.0010408734628755232,3.9697594313688882e-05
10000,0,single,gaussian_matched,0.050000000000000003,593,11,0.02,19.324446536749782,>=10%,True,False,2,0.023447790629343112,0.55568681792262553,0.057418103134716583,0.056178732136502867,0.95641237818269331,1.003614340867748,0.99532694801250543,0.99174245273530359,,1.0994270924713507,False,False,False,,-1,,,False,1,0.023447790629343112,0.013517661445474958,0.022144269396807612,0.0032931436209289212
10000,0,single,gaussian_matched,0.050000000000000003,593,11,0.050000000000000003,19.324446536749782,>=10%,True,True,4,0.023447790629343112,0.55568681792262553,0.057418103134716583,0.056178732136502867,0.95641237818269331,1.003614340867748,0.99532694801250543,0.99174245273530359,0.94516152479705706,1.0994270924713507,True,True,False,1>3>2>4,2,0,0,True,1,0.023447790629343112,0.013517661445474958,0.022144269396807612,0.0032931436209289212
10000,0,single,gaussian_matched,0.050000000000000003,593,12,0.02,19.324446536749782,>=10%,True,False,3,0.020556815421936245,0.55046345283743037,0.087081212235053967,0.062622490952505827,0.95641237818269331,0.98793848979299792,0.98090661665143764,0.99288227636213089,,1.0910869949077648,False,False,False,,-1,,,False,1,0.020556815421936245,0.015387779791832808,0.015960158523556114,0.0015134681182270198
10000,0,single,gaussian_matched,0.050000000000000003,593,12,0.050000000000000003,19.324446536749782,>=10%,True,True,4,0.020556815421936245,0.55046345283743037,0.087081212235053967,0.062622490952505827,0.95641237818269331,0.98793848979299792,0.98090661665143764,0.99288227636213089,0.94005411705576081,1.0910869949077648,True,True,False,1>3>2>4,2,0,0,True,1,0.020556815421936245,0.015387779791832808,0.015960158523556114,0.0015134681182270198
10000,0,single,gaussian_matched,0.050000000000000003,593,13,0.02,19.324446536749782,>=10%,True,False,3,0.020172042051010215,0.54705119333275432,0.095560054249798923,0.065494529063738177,0.95641237818269331,0.9819393238591716,0.97583096686571147,0.99377929282895672,,1.0887829556410615,False,False,False,,-1,,,False,1,0.020172042051010215,0.013992962074962577,0.013719463085872331,0.0018352977762258406
10000,0,single,gaussian_matched,0.050000000000000003,593,13,0.050000000000000003,19.324446536749782,>=10%,True,True,4,0.020172042051010215,0.54705119333275432,0.095560054249798923,0.065494529063738177,0.95641237818269331,0.9819393238591716,0.97583096686571147,0.99377929282895672,0.93905843894501773,1.0887829556410615,True,True,False,1>3>2>4,2,0,0,True,1,0.020172042051010215,0.013992962074962577,0.013719463085872331,0.0018352977762258406
10000,0,single,gaussian_matched,0.050000000000000003,593,14,0.02,19.324446536749782,>=10%,True,False,2,0.027308745444851949,0.55223574649752605,0.024198542029903732,0.05826052218729634,0.95641237818269331,1.0146616200643979,1.0073796002630124,0.99282320365983368,,1.1142056990888827,False,False,False,,-1,,,False,1,0.027207716289894691,0.0099206647777599737,0.027308745444851949,0.0096439737459879365
10000,0,single,gaussian_matched,0.050000000000000003,593,14,0.050000000000000003,19.324446536749782,>=10%,True,True,4,0.027308745444851949,0.55223574649752605,0.024198542029903732,0.05826052218729634,0.95641237818269331,1.0146616200643979,1.0073796002630124,0.99282320365983368,0.9528504421604066,1.1142056990888827,True,True,False,1>3>2>4,2,0,0,True,1,0.027207716289894691,0.0099206647777599737,0.027308745444851949,0.0096439737459879365
10000,0,single,gaussian_matched,0.050000000000000003,593,15,0.02,19.324446536749782,>=10%,True,False,3,0.022372429664852572,0.48421879095931208,-0.011627528773229576,0.063616026765911202,0.95641237818269331,0.97574323967985732,0.99198927314964158,1.0166499062551688,,1.1037135486696008,False,False,False,,-1,,,False,1,0.011276512832960302,0.0015235956926920465,0.022372429664852572,0.015495982129091762
10000,0,single,gaussian_matched,0.050000000000000003,593,15,0.050000000000000003,19.324446536749782,>=10%,True,True,4,0.022372429664852572,0.48421879095931208,-0.011627528773229576,0.063616026765911202,0.95641237818269331,0.97574323967985732,0.99198927314964158,1.0166499062551688,0.98079268831689004,1.1037135486696008,True,True,False,1>3>2>4,2,0,0,True,1,0.011276512832960302,0.0015235956926920465,0.022372429664852572,0.015495982129091762
10000,0,single,gaussian_matched,0.050000000000000003,593,16,0.02,19.324446536749782,>=10%,True,False,2,0.043913860701499809,0.59360430283196775,0.031181432260051149,0.095477243364279055,0.95641237818269331,1.0488810106563218,1.0241186596274705,0.97639164902665498,,1.170620465116863,False,False,False,,-1,,,False,1,0.043913860701499809,0.014625489874892648,0.034468642967649565,0.0087071994735634754
10000,0,single,gaussian_matched,0.050000000000000003,593,16,0.050000000000000003,19.324446536749782,>=10%,True,True,4,0.043913860701499809,0.59360430283196775,0.031181432260051149,0.095477243364279055,0.95641237818269331,1.0488810106563218,1.0241186596274705,0.97639164902665498,0.93694475217494089,1.170620465116863,True,True,False,1>3>2>4,2,0,0,True,1,0.043913860701499809,0.014625489874892648,0.034468642967649565,0.0087071994735634754
10000,0,single,gaussian_matched,0.050000000000000003,593,17,0.02,19.324446536749782,>=10%,True,True,4,0.011708804842647792,0.52505033405677304,0.090308205457630297,0.047458093762502297,0.95641237818269331,0.96295341821505431,0.96609814666064853,1.0032657119089139,0.97936370173052933,1.0597481416426648,True,True,False,1>3>2>4,2,0,0,True,1,0.011708804842647792,0.011468610441331314,0.010224363427193956,0.0011491368003229312
10000,0,single,gaussian_matched,0.050000000000000003,593,17,0.050000000000000003,19.324446536749782,>=10%,True,True,4,0.011708804842647792,0.52505033405677304,0.090308205457630297,0.047458093762502297,0.95641237818269331,0.96295341821505431,0.96609814666064853,1.0032657119089139,0.94819872446886777,1.0597481416426648,True,True,False,1>3>2>4,2,0,0,True,1,0.011708804842647792,0.011468610441331314,0.010224363427193956,0.0011491368003229312
10000,0,single,gaussian_matched,0.050000000000000003,593,18,0.02,19.324446536749782,>=10%,True,True,4,0.01906251452582184,0.54787890868780598,0.078528632237495982,0.055733946159208549,0.95641237818269331,0.9884682570847666,0.982897102457851,0.99436385074888867,0.97346261600207606,1.0859657113499432,True,True,False,1>3>2>4,2,0,0,True,1,0.01906251452582184,0.014652984313726643,0.016946255814312888,0.0010638933048251541
10000,0,single,gaussian_matched,0.050000000000000003,593,18,0.050000000000000003,19.324446536749782,>=10%,True,True,4,0.01906251452582184,0.54787890868780598,0.078528632237495982,0.055733946159208549,0.95641237818269331,0.9884682570847666,0.982897102457851,0.99436385074888867,0.94309958605071242,1.0859657113499432,True,True,False,1>3>2>4,2,0,0,True,1,0.01906251452582184,0.014652984313726643,0.016946255814312888,0.0010638933048251541
10000,0,single,gaussian_matched,0.050000000000000003,593,19,0.02,19.324446536749782,>=10%,True,True,4,0.0157004830369557,0.49074148667780843,0.027048120287203339,0.024748916163902734,0.95641237818269331,0.95959656047203257,0.9760508014059055,1.0171470403413898,1.0047310756362604,1.0464102518951675,True,True,False,1>3>2>4,2,0,0,True,1,0.0039864658841958717,0.0050197901634632149,0.0157004830369557,0.0082483659722040591
10000,0,single,gaussian_matched,0.050000000000000003,593,19,0.050000000000000003,19.324446536749782,>=10%,True,True,4,0.0157004830369557,0.49074148667780843,0.027048120287203339,0.024748916163902734,0.95641237818269331,0.95959656047203257,0.9760508014059055,1.0171470403413898,0.9732747147834343,1.0464102518951675,True,True,False,1>3>2>4,2,0,0,True,1,0.0039864658841958717,0.0050197901634632149,0.0157004830369557,0.0082483659722040591
10000,0,single,gaussian_matched,0.050000000000000003,593,20,0.02,19.324446536749782,>=10%,True,True,4,0.006972500266287057,0.47948720388863902,0.061736056485626106,0.023632812488996575,0.95641237818269331,0.93279947467223634,0.9541070098773351,1.0228425677582909,1.0029006713723407,1.0222994230001115,True,True,False,1>3>2>4,2,0,0,True,1,0.0055078843652126338,0.0063538049328070324,0.006972500266287057,0.0015694309225289412
10000,0,single,gaussian_matched,0.050000000000000003,593,20,0.050000000000000003,19.324446536749782,>=10%,True,True,4,0.006972500266287057,0.47948720388863902,0.061736056485626106,0.023632812488996575,0.95641237818269331,0.93279947467223634,0.9541070098773351,1.0228425677582909,0.97065215015877226,1.0222994230001115,True,True,False,1>3>2>4,2,0,0,True,1,0.0055078843652126338,0.0063538049328070324,0.006972500266287057,0.0015694309225289412
10000,0,single,gaussian_matched,0.050000000000000003,593,21,0.02,19.324446536749782,>=10%,True,False,3,0.026383905466054097,0.3859912543700037,0.025468161230832689,0.11661820266802958,0.95641237818269331,0.87609773520824985,0.9270132926196275,1.0581162984050803,,1.0911940488167786,False,False,False,,-1,,,False,1,0.026383905466054097,0.0037971974055444361,0.0019506185605947513,0.0062233565649576564
10000,0,single,gaussian_matched,0.050000000000000003,593,21,0.050000000000000003,19.324446536749782,>=10%,True,True,4,0.026383905466054097,0.3859912543700037,0.025468161230832689,0.11661820266802958,0.95641237818269331,0.87609773520824985,0.9270132926196275,1.0581162984050803,1.0072096994915007,1.0911940488167786,True,True,False,1>3>2>4,2,0,0,True,1,0.026383905466054097,0.0037971974055444361,0.0019506185605947513,0.0062233565649576564
10000,0,single,gaussian_matched,0.050000000000000003,593,22,0.02,19.324446536749782,>=10%,True,False,3,0.020271326173663565,0.52246944319172939,0.032445924592035866,0.028513530836689543,0.95641237818269331,0.98448177735308717,0.98923062182664268,1.004823699719789,,1.0641269141635088,False,False,False,,-1,,,False,1,0.014064615488762275,0.0081004901656915422,0.020271326173663565,0.007688646793076015
10000,0,single,gaussian_matched,0.050000000000000003,593,22,0.050000000000000003,19.324446536749782,>=10%,True,True,4,0.020271326173663565,0.52246944319172939,0.032445924592035866,0.028513530836689543,0.95641237818269331,0.98448177735308717,0.98923062182664268,1.004823699719789,0.96161061826602501,1.0641269141635088,True,True,False,1>3>2>4,2,0,0,True,1,0.014064615488762275,0.0081004901656915422,0.020271326173663565,0.007688646793076015
10000,0,single,gaussian_matched,0.050000000000000003,593,23,0.02,19.324446536749782,>=10%,True,False,2,0.03047760825948859,0.53371249839818946,-0.0093208888946223895,0.06823122750981446,0.95641237818269331,1.0152844861662822,1.0134795030576016,0.99822218980662625,,1.1310087105133517,False,False,False,,-1,,,False,1,0.0274122047176922,0.0052914751165293534,0.03047760825948859,0.015959608396549533
10000,0,single,gaussian_matched,0.050000000000000003,593,23,0.050000000000000003,19.324446536749782,>=10%,True,True,4,0.03047760825948859,0.53371249839818946,-0.0093208888946223895,0.06823122750981446,0.95641237818269331,1.0152844861662822,1.0134795030576016,0.99822218980662625,0.96431529999505916,1.1310087105133517,True,True,False,1>3>2>4,2,0,0,True,1,0.0274122047176922,0.0052914751165293534,0.03047760825948859,0.015959608396549533
10000,0,single,gaussian_matched,0.050000000000000003,593,24,0.02,19.324446536749782,>=10%,True,True,4,0.0142399818319979,0.50666421900262981,0.049412301806747515,0.0066900825167829229,0.95641237818269331,0.96260358640377208,0.97372879683296798,1.011557416351168,0.99511655146091182,1.025100575562053,True,True,False,1>3>2>4,2,0,0,True,1,0.004868306165115883,0.0080965216919262617,0.0142399818319979,0.0042597993527287697
10000,0,single,gaussian_matched,0.050000000000000003,593,24,0.050000000000000003,19.324446536749782,>=10%,True,True,4,0.0142399818319979,0.50666421900262981,0.049412301806747515,0.0066900825167829229,0.95641237818269331,0.96260358640377208,0.97372879683296798,1.011557416351168,0.96385281590749927,1.025100575562053,True,True,False,1>3>2>4,2,0,0,True,1,0.004868306165115883,0.0080965216919262617,0.0142399818319979,0.0042597993527287697
10000,0,single,gaussian_matched,0.050000000000000003,593,25,0.02,19.324446536749782,>=10%,True,False,2,0.042287811155165299,0.59562683913515857,0.052302884987009933,0.095654564147482732,0.95641237818269331,1.0424834850431124,1.0168981817476022,0.97545735384532051,,1.1632563225593946,False,False,False,,-1,,,False,1,0.042287811155165299,0.017320817939419888,0.031483041166413123,0.0045829081644589726
10000,0,single,gaussian_matched,0.050000000000000003,593,25,0.050000000000000003,19.324446536749782,>=10%,True,True,4,0.042287811155165299,0.59562683913515857,0.052302884987009933,0.095654564147482732,0.95641237818269331,1.0424834850431124,1.0168981817476022,0.97545735384532051,0.9318327997987973,1.1632563225593946,True,True,False,1>3>2>4,2,0,0,True,1,0.042287811155165299,0.017320817939419888,0.031483041166413123,0.0045829081644589726
10000,0,single,gaussian_matched,0.050000000000000003,593,26,0.02,19.324446536749782,>=10%,True,True,4,0.008490026315174341,0.49597571034709359,0.069718105735415509,0.020124577039120982,0.95641237818269331,0.94407386328453724,0.95918871779975623,1.0160102457053866,0.99509736804810744,1.0239446050454706,True,True,False,1>3>2>4,2,0,0,True,1,0.00088538437087921484,0.0084546795160865655,0.008490026315174341,0.00031559118874602369
10000,0,single,gaussian_matched,0.050000000000000003,593,26,0.050000000000000003,19.324446536749782,>=10%,True,True,4,0.008490026315174341,0.49597571034709359,0.069718105735415509,0.020124577039120982,0.95641237818269331,0.94407386328453724,0.95918871779975623,1.0160102457053866,0.96326541725152925,1.0239446050454706,True,True,False,1>3>2>4,2,0,0,True,1,0.00088538437087921484,0.0084546795160865655,0.008490026315174341,0.00031559118874602369
10000,0,single,gaussian_matched,0.050000000000000003,593,27,0.02,19.324446536749782,>=10%,True,True,4,0.0077698624481358607,0.4583447285030593,0.060872677737827174,0.043050862531132675,0.95641237818269331,0.9145802410583902,0.94350039573238642,1.0316212327532122,1.0109294261700847,1.031512432051636,True,True,False,1>3>2>4,2,0,0,True,1,0.0077698624481358607,0.0042403579135634802,0.0033202666372989481,0.001454574390642108
10000,0,single,gaussian_matched,0.050000000000000003,593,27,0.050000000000000003,19.324446536749782,>=10%,True,True,4,0.0077698624481358607,0.4583447285030593,0.060872677737827174,0.043050862531132675,0.95641237818269331,0.9145802410583902,0.94350039573238642,1.0316212327532122,0.97801981074763711,1.031512432051636,True,True,False,1>3>2>4,2,0,0,True,1,0.0077698624481358607,0.0042403579135634802,0.0033202666372989481,0.001454574390642108
10000,0,single,gaussian_matched,0.050000000000000003,593,28,0.02,19.324446536749782,>=10%,True,True,4,0.019056716018970618,0.46561758320458591,-0.010584537899383552,0.069660870057553947,0.95641237818269331,0.96030674437011032,0.98305116737228615,1.023684539482324,1.0182607049923253,1.1006884283849698,True,True,False,1>3>2>4,2,0,0,True,1,0.0052526492669123558,0.00029632612581129082,0.019056716018970618,0.014924699274175272
10000,0,single,gaussian_matched,0.050000000000000003,593,28,0.050000000000000003,19.324446536749782,>=10%,True,True,4,0.019056716018970618,0.46561758320458591,-0.010584537899383552,0.069660870057553947,0.95641237818269331,0.96030674437011032,0.98305116737228615,1.023684539482324,0.98661838387327794,1.1006884283849698,True,True,False,1>3>2>4,2,0,0,True,1,0.0052526492669123558,0.00029632612581129082,0.019056716018970618,0.014924699274175272
10000,0,single,gaussian_matched,0.050000000000000003,593,29,0.02,19.324446536749782,>=10%,True,True,4,0.0061261730511076211,0.46657663472427646,0.063207935537284807,0.035938432179374667,0.95641237818269331,0.92068688183972336,0.94667688971539821,1.0282289325375653,1.0074201754613277,1.0273971189727473,True,True,False,1>3>2>4,2,0,0,True,1,0.0061261730511076211,0.0051559696073127815,0.0043458052375938425,0.0011637629480096986
10000,0,single,gaussian_matched,0.050000000000000003,593,29,0.050000000000000003,19.324446536749782,>=10%,True,True,4,0.0061261730511076211,0.46657663472427646,0.063207935537284807,0.035938432179374667,0.95641237818269331,0.92068688183972336,0.94667688971539821,1.0282289325375653,0.97474186343129321,1.0273971189727473,True,True,False,1>3>2>4,2,0,0,True,1,0.0061261730511076211,0.0051559696073127815,0.0043458052375938425,0.0011637629480096986
10000,0,single,gaussian_matched,0.050000000000000003,593,30,0.02,19.324446536749782,>=10%,True,True,4,0.0089217364745922678,0.48940367824532216,0.060995037063957848,0.015269999173754581,0.95641237818269331,0.94196912820908929,0.95962069825041718,1.0187390111976258,0.9993463056754418,1.0193204517873238,True,True,False,1>3>2>4,2,0,0,True,1,0.0036026123761469481,0.0072722835806294612,0.0089217364745922678,0.0018421308121226063
10000,0,single,gaussian_matched,0.050000000000000003,593,30,0.050000000000000003,19.324446536749782,>=10%,True,True,4,0.0089217364745922678,0.48940367824532216,0.060995037063957848,0.015269999173754581,0.95641237818269331,0.94196912820908929,0.95962069825041718,1.0187390111976258,0.96741715789452265,1.0193204517873238,True,True,False,1>3>2>4,2,0,0,True,1,0.0036026123761469481,0.0072722835806294612,0.0089217364745922678,0.0018421308121226063
10000,0,single,gaussian_matched,0.050000000000000003,593,31,0.02,19.324446536749782,>=10%,True,True,4,0.010715243797013897,0.51439390361128301,0.096436904245050206,0.048616566487513981,0.95641237818269331,0.95083432578585469,0.95785403418690795,1.0073826829876504,0.98187407901212842,1.0523395803250117,True,True,False,1>3>2>4,2,0,0,True,1,0.010715243797013897,0.0092687682282924025,0.0069577831934971293,0.0012164044465790501
10000,0,single,gaussian_matched,0.050000000000000003,593,31,0.050000000000000003,19.324446536749782,>=10%,True,True,4,0.010715243797013897,0.51439390361128301,0.096436904245050206,0.048616566487513981,0.95641237818269331,0.95083432578585469,0.95785403418690795,1.0073826829876504,0.95031324959576258,1.0523395803250117,True,True,False,1>3>2>4,2,0,0,True,1,0.010715243797013897,0.0092687682282924025,0.0069577831934971293,0.0012164044465790501
10000,0,single,gaussian_matched,0.050000000000000003,594,0,0.02,10.88595328499528,>=10%,True,False,1,0.044212468372897475,0.50395015512342778,0.026087160188577884,0.024236906431017086,1.3995400469012784,1.4228878729912737,1.4207126120139906,0.99847123514187364,,1.0324459965574193,False,False,False,,-1,,,False,1,0.027057371299775489,0.044212468372897475,0.017748948577256837,0.03632432377250009
10000,0,single,gaussian_matched,0.050000000000000003,594,0,0.050000000000000003,10.88595328499528,>=10%,True,True,4,0.044212468372897475,0.50395015512342778,0.026087160188577884,0.024236906431017086,1.3995400469012784,1.4228878729912737,1.4207126120139906,0.99847123514187364,0.98660368040066804,1.0324459965574193,True,True,False,3>1>2>4,12,0,0,True,1,0.027057371299775489,0.044212468372897475,0.017748948577256837,0.03632432377250009
10000,0,single,gaussian_matched,0.050000000000000003,594,1,0.02,10.88595328499528,>=10%,True,False,1,0.0554441650138476,0.40826588123840746,0.078343405768009508,0.096013005345609304,1.3995400469012784,1.3431605324381548,1.3959673513855715,1.0393153444224272,,1.0660504928276791,False,False,False,,-1,,,False,1,0.044424987221547724,0.0554441650138476,0.0097768717147569649,0.039864051833628712
10000,0,single,gaussian_matched,0.050000000000000003,594,1,0.050000000000000003,10.88595328499528,>=10%,True,False,3,0.0554441650138476,0.40826588123840746,0.078343405768009508,0.096013005345609304,1.3995400469012784,1.3431605324381548,1.3959673513855715,1.0393153444224272,,1.0660504928276791,False,False,False,,-1,,,False,1,0.044424987221547724,0.0554441650138476,0.0097768717147569649,0.039864051833628712
10000,0,single,gaussian_matched,0.050000000000000003,594,2,0.02,10.88595328499528,>=10%,True,False,0,0.055789990366825644,0.44944122133739278,0.0055114769490322985,0.067345517914045264,1.3995400469012784,1.4236313485118486,1.4306571631424942,1.004935136219071,,1.0703535667830779,False,False,False,,-1,,,False,1,0.04604060496727936,0.055789990366825644,0.032217849816120733,0.047105221614314359
10000,0,single,gaussian_matched,0.050000000000000003,594,2,0.050000000000000003,10.88595328499528,>=10%,True,False,3,0.055789990366825644,0.44944122133739278,0.0055114769490322985,0.067345517914045264,1.3995400469012784,1.4236313485118486,1.4306571631424942,1.004935136219071,,1.0703535667830779,False,False,False,,-1,,,False,1,0.04604060496727936,0.055789990366825644,0.032217849816120733,0.047105221614314359
10000,0,single,gaussian_matched,0.050000000000000003,594,3,0.02,10.88595328499528,>=10%,True,False,1,0.038479386476182764,0.49624318138794171,0.069207616722235132,0.019571566780209351,1.3995400469012784,1.3806198257080311,1.4012286250353498,1.0149272080145233,,1.0151908085526762,False,False,False,,-1,,,False,1,0.022106440098334023,0.038479386476182764,0.0045595855646654374,0.031377814348351359
10000,0,single,gaussian_matched,0.050000000000000003,594,3,0.050000000000000003,10.88595328499528,>=10%,True,True,4,0.038479386476182764,0.49624318138794171,0.069207616722235132,0.019571566780209351,1.3995400469012784,1.3806198257080311,1.4012286250353498,1.0149272080145233,0.99722772617026989,1.0151908085526762,True,True,False,3>1>2>4,12,0,0,True,1,0.022106440098334023,0.038479386476182764,0.0045595855646654374,0.031377814348351359
10000,0,single,gaussian_matched,0.050000000000000003,594,4,0.02,10.88595328499528,>=10%,True,False,1,0.025099285833363322,0.54624490829707417,0.059616490793672781,0.047234187180363256,1.3995400469012784,1.4136611724046657,1.4122365874449536,0.99899227269764446,,1.042821731222862,False,False,False,,-1,,,False,1,0.0074089477966785668,0.02022537874336169,0.020482260237396709,0.025099285833363322
10000,0,single,gaussian_matched,0.050000000000000003,594,4,0.050000000000000003,10.88595328499528,>=10%,True,True,4,0.025099285833363322,0.54624490829707417,0.059616490793672781,0.047234187180363256,1.3995400469012784,1.4136611724046657,1.4122365874449536,0.99899227269764446,0.97545955671242746,1.042821731222862,True,True,False,3>1>2>4,12,0,0,True,1,0.0074089477966785668,0.02022537874336169,0.020482260237396709,0.025099285833363322
10000,0,single,gaussian_matched,0.050000000000000003,594,5,0.02,10.88595328499528,>=10%,True,False,0,0.049736019168356287,0.4880313138361343,0.012440127179319187,0.039420724178975047,1.3995400469012784,1.4292628279581081,1.4261814400813848,0.99784407191144442,,1.0472027345736548,False,False,False,,-1,,,False,1,0.034153639016433431,0.049736019168356287,0.026523078170877793,0.040694635236479301
10000,0,single,gaussian_matched,0.050000000000000003,594,5,0.050000000000000003,10.88595328499528,>=10%,True,True,4,0.049736019168356287,0.4880313138361343,0.012440127179319187,0.039420724178975047,1.3995400469012784,1.4292628279581081,1.4261814400813848,0.99784407191144442,0.98999972996167052,1.0472027345736548,True,True,False,3>1>2>4,12,0,0,True,1,0.034153639016433431,0.049736019168356287,0.026523078170877793,0.040694635236479301
10000,0,single,gaussian_matched,0.050000000000000003,594,6,0.02,10.88595328499528,>=10%,True,False,3,0.031329716696817077,0.56424328067215146,0.072532990749463788,0.068080355343052151,1.3995400469012784,1.4132066350764088,1.4104351819852492,0.99803889040542915,,1.0564296038558401,False,False,False,,-1,,,False,1,0.0012514944938397162,0.0066010351207362039,0.031329716696817077,0.019115340864356165
10000,0,single,gaussian_matched,0.050000000000000003,594,6,0.050000000000000003,10.88595328499528,>=10%,True,True,4,0.031329716696817077,0.56424328067215146,0.072532990749463788,0.068080355343052151,1.3995400469012784,1.4132066350764088,1.4104351819852492,0.99803889040542915,0.96843886038983706,1.0564296038558401,True,True,False,3>1>2>4,12,0,0,True,1,0.0012514944938397162,0.0066010351207362039,0.031329716696817077,0.019115340864356165
10000,0,single,gaussian_matched,0.050000000000000003,594,7,0.02,10.88595328499528,>=10%,True,False,0,0.04378840660835992,0.50884152974505936,0.019462687760786291,0.031791509668903754,1.3995400469012784,1.4309463156492328,1.4239156569760185,0.9950867068901712,,1.0401325563123422,False,False,False,,-1,,,False,1,0.026634970247291008,0.04378840660835992,0.022019148447814999,0.03647301455315885
10000,0,single,gaussian_matched,0.050000000000000003,594,7,0.050000000000000003,10.88595328499528,>=10%,True,True,4,0.04378840660835992,0.50884152974505936,0.019462687760786291,0.031791509668903754,1.3995400469012784,1.4309463156492328,1.4239156569760185,0.9950867068901712,0.98346661807092428,1.0401325563123422,True,True,False,3>1>2>4,12,0,0,True,1,0.026634970247291008,0.04378840660835992,0.022019148447814999,0.03647301455315885
10000,0,single,gaussian_matched,0.050000000000000003,594,8,0.02,10.88595328499528,>=10%,True,False,2,0.025072160962660458,0.50447113111200692,0.11527773949108691,0.065430683066027701,1.3995400469012784,1.3442934714942552,1.3807027844848152,1.0270843485910031,,1.0332919524187443,False,False,False,,-1,,,False,1,0.012329103672472558,0.022785830782345685,0.012681472758125187,0.025072160962660458
10000,0,single,gaussian_matched,0.050000000000000003,594,8,0.050000000000000003,10.88595328499528,>=10%,True,True,4,0.025072160962660458,0.50447113111200692,0.11527773949108691,0.065430683066027701,1.3995400469012784,1.3442934714942552,1.3807027844848152,1.0270843485910031,0.99872562028572065,1.0332919524187443,True,True,False,3>1>2>4,12,0,0,True,1,0.012329103672472558,0.022785830782345685,0.012681472758125187,0.025072160962660458
10000,0,single,gaussian_matched,0.050000000000000003,594,9,0.02,10.88595328499528,>=10%,True,False,1,0.04396456928579285,0.48143893342961419,0.065753442623662936,0.024345105190311536,1.3995400469012784,1.3774877735591997,1.4017229456487583,1.0175937475125016,,1.0189548016125207,False,False,False,,-1,,,False,1,0.027072284148123248,0.04396456928579285,0.0053376286681044733,0.033829279136596266
10000,0,single,gaussian_matched,0.050000000000000003,594,9,0.050000000000000003,10.88595328499528,>=10%,True,True,4,0.04396456928579285,0.48143893342961419,0.065753442623662936,0.024345105190311536,1.3995400469012784,1.3774877735591997,1.4017229456487583,1.0175937475125016,1.0024686778015373,1.0189548016125207,True,True,False,3>1>2>4,12,0,0,True,1,0.027072284148123248,0.04396456928579285,0.0053376286681044733,0.033829279136596266
10000,0,single,gaussian_matched,0.050000000000000003,594,10,0.02,10.88595328499528,>=10%,True,False,0,0.056083002622096687,0.45026805036424405,-0.0013910093678171226,0.071514352814078058,1.3995400469012784,1.4305058356382987,1.4340132295789372,1.0024518557375011,,1.075730262757685,False,False,False,,-1,,,False,1,0.046944978925053768,0.056083002622096687,0.036238513610093878,0.04806395190299826
10000,0,single,gaussian_matched,0.050000000000000003,594,10,0.050000000000000003,10.88595328499528,>=10%,True,False,3,0.056083002622096687,0.45026805036424405,-0.0013910093678171226,0.071514352814078058,1.3995400469012784,1.4305058356382987,1.4340132295789372,1.0024518557375011,,1.075730262757685,False,False,False,,-1,,,False,1,0.046944978925053768,0.056083002622096687,0.036238513610093878,0.04806395190299826
10000,0,single,gaussian_matched,0.050000000000000003,594,11,0.02,10.88595328499528,>=10%,True,False,0,0.081081958606220639,0.52713298526293129,-0.077302518303703702,0.13016193781495136,1.3995400469012784,1.5270989405737512,1.4680135506307299,0.96130873490042357,,1.1419290873342294,False,False,False,,-1,,,False,1,0.036378459951662279,0.049870164296850164,0.081081958606220639,0.046271493658295922
10000,0,single,gaussian_matched,0.050000000000000003,594,11,0.050000000000000003,10.88595328499528,>=10%,True,False,3,0.081081958606220639,0.52713298526293129,-0.077302518303703702,0.13016193781495136,1.3995400469012784,1.5270989405737512,1.4680135506307299,0.96130873490042357,,1.1419290873342294,False,False,False,,-1,,,False,1,0.036378459951662279,0.049870164296850164,0.081081958606220639,0.046271493658295922
10000,0,single,gaussian_matched,0.050000000000000003,594,12,0.02,10.88595328499528,>=10%,True,False,2,0.025588906364066331,0.52670595150645272,0.081538496278859868,0.041326560386713312,1.3995400469012784,1.3846860862175543,1.3996999516634994,1.0108427936088802,,1.0296429282183024,False,False,False,,-1,,,False,1,0.010377229000468649,0.023178579966429899,0.014263912230589343,0.025588906364066331
10000,0,single,gaussian_matched,0.050000000000000003,594,12,0.050000000000000003,10.88595328499528,>=10%,True,True,4,0.025588906364066331,0.52670595150645272,0.081538496278859868,0.041326560386713312,1.3995400469012784,1.3846860862175543,1.3996999516634994,1.0108427936088802,0.98640118231913854,1.0296429282183024,True,True,False,3>1>2>4,12,0,0,True,1,0.010377229000468649,0.023178579966429899,0.014263912230589343,0.025588906364066331
10000,0,single,gaussian_matched,0.050000000000000003,594,13,0.02,10.88595328499528,>=10%,True,False,2,0.026049459186282011,0.53694424590535028,0.063864732855779593,0.039460209359266266,1.3995400469012784,1.4051009326939892,1.4088369893056529,1.0026589240137367,,1.0348379825726273,False,False,False,,-1,,,False,1,0.0099195448194217949,0.023228139620698928,0.015390388346573408,0.026049459186282011
10000,0,single,gaussian_matched,0.050000000000000003,594,13,0.050000000000000003,10.88595328499528,>=10%,True,True,4,0.026049459186282011,0.53694424590535028,0.063864732855779593,0.039460209359266266,1.3995400469012784,1.4051009326939892,1.4088369893056529,1.0026589240137367,0.97983330407481317,1.0348379825726273,True,True,False,3>1>2>4,12,0,0,True,1,0.0099195448194217949,0.023228139620698928,0.015390388346573408,0.026049459186282011
10000,0,single,gaussian_matched,0.050000000000000003,594,14,0.02,10.88595328499528,>=10%,True,False,3,0.03273345622134427,0.54623941704504742,0.11116749863043361,0.076678201448455469,1.3995400469012784,1.3715107343982915,1.3900986336296803,1.0135528645640122,,1.0480420609083152,False,False,False,,-1,,,False,1,0.0011280390533725383,0.0039995736383632409,0.03273345622134427,0.019240784233885422
10000,0,single,gaussian_matched,0.050000000000000003,594,14,0.050000000000000003,10.88595328499528,>=10%,True,True,4,0.03273345622134427,0.54623941704504742,0.11116749863043361,0.076678201448455469,1.3995400469012784,1.3715107343982915,1.3900986336296803,1.0135528645640122,0.97894059792291488,1.0480420609083152,True,True,False,3>1>2>4,12,0,0,True,1,0.0011280390533725383,0.0039995736383632409,0.03273345622134427,0.019240784233885422
10000,0,single,gaussian_matched,0.050000000000000003,594,15,0.02,10.88595328499528,>=10%,True,False,2,0.032994694930112742,0.49553415207304424,0.092122284703692936,0.042358360052835602,1.3995400469012784,1.3599129417120557,1.3907025669217639,1.0226408796220041,,1.023951354695094,False,False,False,,-1,,,False,1,0.01847177904211985,0.032994694930112742,0.0014356381445501248,0.028413618171622121
10000,0,single,gaussian_matched,0.050000000000000003,594,15,0.050000000000000003,10.88595328499528,>=10%,True,True,4,0.032994694930112742,0.49553415207304424,0.092122284703692936,0.042358360052835602,1.3995400469012784,1.3599129417120557,1.3907025669217639,1.0226408796220041,1.0006286421597661,1.023951354695094,True,True,False,3>1>2>4,12,0,0,True,1,0.01847177904211985,0.032994694930112742,0.0014356381445501248,0.028413618171622121
10000,0,single,gaussian_matched,0.050000000000000003,594,16,0.02,10.88595328499528,>=10%,True,False,2,0.053745295236711697,0.58624697231752032,0.0088256738401844073,0.095571258067757958,1.3995400469012784,1.4780618774178409,1.439451579421398,0.97387775262569209,,1.0968052260368326,False,False,False,,-1,,,False,1,0.00090063005269921264,0.011438353130492924,0.053745295236711697,0.022184809477424544
10000,0,single,gaussian_matched,0.050000000000000003,594,16,0.050000000000000003,10.88595328499528,>=10%,True,False,3,0.053745295236711697,0.58624697231752032,0.0088256738401844073,0.095571258067757958,1.3995400469012784,1.4780618774178409,1.439451579421398,0.97387775262569209,,1.0968052260368326,False,False,False,,-1,,,False,1,0.00090063005269921264,0.011438353130492924,0.053745295236711697,0.022184809477424544
10000,0,single,gaussian_matched,0.050000000000000003,594,17,0.02,10.88595328499528,>=10%,True,False,2,0.025566003732296984,0.52677678635202219,0.081673902228123527,0.041475684077523903,1.3995400469012784,1.3846087110886027,1.3996533908633286,1.0108656544294723,,1.0297162115022407,False,False,False,,-1,,,False,1,0.01033094799800079,0.023114533898229237,0.014338275751225831,0.025566003732296984
10000,0,single,gaussian_matched,0.050000000000000003,594,17,0.050000000000000003,10.88595328499528,>=10%,True,True,4,0.025566003732296984,0.52677678635202219,0.081673902228123527,0.041475684077523903,1.3995400469012784,1.3846087110886027,1.3996533908633286,1.0108656544294723,0.98638879883446795,1.0297162115022407,True,True,False,3>1>2>4,12,0,0,True,1,0.01033094799800079,0.023114533898229237,0.014338275751225831,0.025566003732296984
10000,0,single,gaussian_matched,0.050000000000000003,594,18,0.02,10.88595328499528,>=10%,True,False,2,0.026404471209324001,0.54402456417550571,0.093888126544003012,0.062163734623859615,1.3995400469012784,1.3840503490551828,1.3976329704802688,1.0098136758062004,,1.043054615218953,False,False,False,,-1,,,False,1,0.0024447079868186745,0.011637797847800464,0.026404471209324001,0.021734621238963407
10000,0,single,gaussian_matched,0.050000000000000003,594,18,0.050000000000000003,10.88595328499528,>=10%,True,True,4,0.026404471209324001,0.54402456417550571,0.093888126544003012,0.062163734623859615,1.3995400469012784,1.3840503490551828,1.3976329704802688,1.0098136758062004,0.9800063274944667,1.043054615218953,True,True,False,3>1>2>4,12,0,0,True,1,0.0024447079868186745,0.011637797847800464,0.026404471209324001,0.021734621238963407
10000,0,single,gaussian_matched,0.050000000000000003,594,19,0.02,10.88595328499528,>=10%,True,False,0,0.051485107622316784,0.54166544540158768,-0.021428834165330007,0.082692730579724469,1.3995400469012784,1.4819999750650659,1.4441253639251408,0.97444358179677959,,1.0909427692943787,False,False,False,,-1,,,False,1,0.022565308981860151,0.039251765287315929,0.051485107622316784,0.036140395968375663
10000,0,single,gaussian_matched,0.050000000000000003,594,19,0.050000000000000003,10.88595328499528,>=10%,True,False,3,0.051485107622316784,0.54166544540158768,-0.021428834165330007,0.082692730579724469,1.3995400469012784,1.4819999750650659,1.4441253639251408,0.97444358179677959,,1.0909427692943787,False,False,False,,-1,,,False,1,0.022565308981860151,0.039251765287315929,0.051485107622316784,0.036140395968375663
10000,0,single,gaussian_matched,0.050000000000000003,594,20,0.02,10.88595328499528,>=10%,True,False,3,0.03523821877987731,0.55196638685776078,0.11025881464459239,0.07957154080085288,1.3995400469012784,1.3757580934604823,1.3914445779901252,1.0114020659621825,,1.0510711158626398,False,False,False,,-1,,,False,1,0.0029964757091497413,0.00084797821858875006,0.03523821877987731,0.017704071469445682
10000,0,single,gaussian_matched,0.050000000000000003,594,20,0.050000000000000003,10.88595328499528,>=10%,True,True,4,0.03523821877987731,0.55196638685776078,0.11025881464459239,0.07957154080085288,1.3995400469012784,1.3757580934604823,1.3914445779901252,1.0114020659621825,0.97580158905924608,1.0510711158626398,True,True,False,3>1>2>4,12,0,0,True,1,0.0029964757091497413,0.00084797821858875006,0.03523821877987731,0.017704071469445682
10000,0,single,gaussian_matched,0.050000000000000003,594,21,0.02,10.88595328499528,>=10%,True,False,3,0.040971581175131187,0.572100459493744,0.097872810765358184,0.086546416851218125,1.3995400469012784,1.3980690237736004,1.4003643166014754,1.0016417593043294,,1.0624281432638263,False,False,False,,-1,,,False,1,0.0083284588441779137,0.0070926721521572637,0.040971581175131187,0.012924158888024026
10000,0,single,gaussian_matched,0.050000000000000003,594,21,0.050000000000000003,10.88595328499528,>=10%,True,True,4,0.040971581175131187,0.572100459493744,0.097872810765358184,0.086546416851218125,1.3995400469012784,1.3980690237736004,1.4003643166014754,1.0016417593043294,0.9653577353668954,1.0624281432638263,True,True,False,3>1>2>4,12,0,0,True,1,0.0083284588441779137,0.0070926721521572637,0.040971581175131187,0.012924158888024026
10000,0,single,gaussian_matched,0.050000000000000003,594,22,0.02,10.88595328499528,>=10%,True,False,0,0.053260936563413887,0.48030719719347542,-0.014754612411450443,0.067682836162012552,1.3995400469012784,1.4521331290498583,1.4389590836608011,0.99092779778553974,,1.0765264796521326,False,False,False,,-1,,,False,1,0.040835129374856428,0.053260936563413887,0.04311270651659159,0.045772920611426599
10000,0,single,gaussian_matched,0.050000000000000003,594,22,0.050000000000000003,10.88595328499528,>=10%,True,False,3,0.053260936563413887,0.48030719719347542,-0.014754612411450443,0.067682836162012552,1.3995400469012784,1.4521331290498583,1.4389590836608011,0.99092779778553974,,1.0765264796521326,False,False,False,,-1,,,False,1,0.040835129374856428,0.053260936563413887,0.04311270651659159,0.045772920611426599
10000,0,single,gaussian_matched,0.050000000000000003,594,23,0.02,10.88595328499528,>=10%,True,False,1,0.038724252130983877,0.49943837891959142,0.063129902858041861,0.013141908814916312,1.3995400469012784,1.3874842127053073,1.4042169340790593,1.0120597562267946,,1.0127318943335346,False,False,False,,-1,,,False,1,0.022174667326584695,0.038724252130983877,0.0046125688222708522,0.031783890430939515
10000,0,single,gaussian_matched,0.050000000000000003,594,23,0.050000000000000003,10.88595328499528,>=10%,True,True,4,0.038724252130983877,0.49943837891959142,0.063129902858041861,0.013141908814916312,1.3995400469012784,1.3874842127053073,1.4042169340790593,1.0120597562267946,0.99499075481225885,1.0127318943335346,True,True,False,3>1>2>4,12,0,0,True,1,0.022174667326584695,0.038724252130983877,0.0046125688222708522,0.031783890430939515
10000,0,single,gaussian_matched,0.050000000000000003,594,24,0.02,10.88595328499528,>=10%,True,False,1,0.03762420832618156,0.47840745143526492,0.097645867635513903,0.052310293979878894,1.3995400469012784,1.3472409576373898,1.3864196390518244,1.0290806786954731,,1.0280019755184535,False,False,False,,-1,,,False,1,0.022705193671540575,0.03762420832618156,0.0061102674032589219,0.029682289894549133
10000,0,single,gaussian_matched,0.050000000000000003,594,24,0.050000000000000003,10.88595328499528,>=10%,True,True,4,0.03762420832618156,0.47840745143526492,0.097645867635513903,0.052310293979878894,1.3995400469012784,1.3472409576373898,1.3864196390518244,1.0290806786954731,1.0081775617616489,1.0280019755184535,True,True,False,3>1>2>4,12,0,0,True,1,0.022705193671540575,0.03762420832618156,0.0061102674032589219,0.029682289894549133
10000,0,single,gaussian_matched,0.050000000000000003,594,25,0.02,10.88595328499528,>=10%,True,False,3,0.044228972781057821,0.5880570286819029,0.071270069085259555,0.090589492432495644,1.3995400469012784,1.4287545254513825,1.41446113622546,0.98999590974425311,,1.0753894695548643,False,False,False,,-1,,,False,1,0.010176047077548765,0.0086415465209094024,0.044228972781057821,0.010831854345590947
10000,0,single,gaussian_matched,0.050000000000000003,594,25,0.050000000000000003,10.88595328499528,>=10%,True,True,4,0.044228972781057821,0.5880570286819029,0.071270069085259555,0.090589492432495644,1.3995400469012784,1.4287545254513825,1.41446113622546,0.98999590974425311,0.95634783028290715,1.0753894695548643,True,True,False,3>1>2>4,12,0,0,True,1,0.010176047077548765,0.0086415465209094024,0.044228972781057821,0.010831854345590947
10000,0,single,gaussian_matched,0.050000000000000003,594,26,0.02,10.88595328499528,>=10%,True,False,0,0.049647666424883177,0.48311028327232763,0.022738135262631628,0.032069795760178849,1.3995400469012784,1.4178803569089264,1.4214053470386183,1.0024860984303192,,1.0385377296040483,False,False,False,,-1,,,False,1,0.033886189381298761,0.049647666424883177,0.020602538917410054,0.039923790207318836
10000,0,single,gaussian_matched,0.050000000000000003,594,26,0.050000000000000003,10.88595328499528,>=10%,True,True,4,0.049647666424883177,0.48311028327232763,0.022738135262631628,0.032069795760178849,1.3995400469012784,1.4178803569089264,1.4214053470386183,1.0024860984303192,0.99385753536132992,1.0385377296040483,True,True,False,3>1>2>4,12,0,0,True,1,0.033886189381298761,0.049647666424883177,0.020602538917410054,0.039923790207318836
10000,0,single,gaussian_matched,0.050000000000000003,594,27,0.02,10.88595328499528,>=10%,True,False,1,0.032327008610135766,0.53645078909813182,0.025886667036005021,0.043704837861602605,1.3995400469012784,1.4376433546091119,1.4241573522600024,0.99061936863139732,,1.0488175692947113,False,False,False,,-1,,,False,1,0.0164927387281356,0.032327008610135766,0.024822413432451659,0.030891264562161697
10000,0,single,gaussian_matched,0.050000000000000003,594,27,0.050000000000000003,10.88595328499528,>=10%,True,True,4,0.032327008610135766,0.53645078909813182,0.025886667036005021,0.043704837861602605,1.3995400469012784,1.4376433546091119,1.4241573522600024,0.99061936863139732,0.97388643125607921,1.0488175692947113,True,True,False,3>1>2>4,12,0,0,True,1,0.0164927387281356,0.032327008610135766,0.024822413432451659,0.030891264562161697
10000,0,single,gaussian_matched,0.050000000000000003,594,28,0.02,10.88595328499528,>=10%,True,False,0,0.042309354558776463,0.53276090420076638,-0.0086588897277150925,0.067187366283699729,1.3995400469012784,1.4666093138277776,1.4378807529030109,0.98041157883432051,,1.0754019668955397,False,False,False,,-1,,,False,1,0.023500126123370133,0.040412485288611369,0.042309354558776463,0.036146777734651039
10000,0,single,gaussian_matched,0.050000000000000003,594,28,0.050000000000000003,10.88595328499528,>=10%,True,True,4,0.042309354558776463,0.53276090420076638,-0.0086588897277150925,0.067187366283699729,1.3995400469012784,1.4666093138277776,1.4378807529030109,0.98041157883432051,0.96896151674678377,1.0754019668955397,True,True,False,3>1>2>4,12,0,0,True,1,0.023500126123370133,0.040412485288611369,0.042309354558776463,0.036146777734651039
10000,0,single,gaussian_matched,0.050000000000000003,594,29,0.02,10.88595328499528,>=10%,True,False,2,0.027281043226315128,0.51798222147706252,0.079951328726380597,0.034934830495163993,1.3995400469012784,1.3815186503349164,1.3990473929245684,1.0126880245774479,,1.0246096398561173,False,False,False,,-1,,,False,1,0.013492669358967785,0.027281043226315128,0.0094594817175841558,0.02694345205127319
10000,0,single,gaussian_matched,0.050000000000000003,594,29,0.050000000000000003,10.88595328499528,>=10%,True,True,4,0.027281043226315128,0.51798222147706252,0.079951328726380597,0.034934830495163993,1.3995400469012784,1.3815186503349164,1.3990473929245684,1.0126880245774479,0.98983181406769627,1.0246096398561173,True,True,False,3>1>2>4,12,0,0,True,1,0.013492669358967785,0.027281043226315128,0.0094594817175841558,0.02694345205127319
10000,0,single,gaussian_matched,0.050000000000000003,594,30,0.02,10.88595328499528,>=10%,True,False,2,0.023984438167072956,0.55129554562889516,0.069983936192618834,0.055050801148727402,1.3995400469012784,1.4078082878823772,1.4090792919897064,1.0009028247086404,,1.0461509096364654,False,False,False,,-1,,,False,1,0.0038774755027307429,0.015117076558179865,0.023984438167072956,0.023015342818136175
10000,0,single,gaussian_matched,0.050000000000000003,594,30,0.050000000000000003,10.88595328499528,>=10%,True,True,4,0.023984438167072956,0.55129554562889516,0.069983936192618834,0.055050801148727402,1.3995400469012784,1.4078082878823772,1.4090792919897064,1.0009028247086404,0.97465284310467892,1.0461509096364654,True,True,False,3>1>2>4,12,0,0,True,1,0.0038774755027307429,0.015117076558179865,0.023984438167072956,0.023015342818136175
10000,0,single,gaussian_matched,0.050000000000000003,594,31,0.02,10.88595328499528,>=10%,True,False,1,0.049725261549784926,0.46236069384396827,0.057553353353575601,0.038389718868356661,1.3995400469012784,1.3779798688458054,1.405016163240649,1.0196202390224243,,1.031343036810451,False,False,False,,-1,,,False,1,0.033834767450566919,0.049725261549784926,0.00067981810422462936,0.037451219776729557
10000,0,single,gaussian_matched,0.050000000000000003,594,31,0.050000000000000003,10.88595328499528,>=10%,True,True,4,0.049725261549784926,0.46236069384396827,0.057553353353575601,0.038389718868356661,1.3995400469012784,1.3779798688458054,1.405016163240649,1.0196202390224243,1.0082062338843205,1.031343036810451,True,True,False,3>1>2>4,12,0,0,True,1,0.033834767450566919,0.049725261549784926,0.00067981810422462936,0.037451219776729557
10000,0,single,gaussian_matched,0.050000000000000003,595,0,0.02,3.358143702306124,1-<5%,True,False,3,0.045897855139110655,0.43618026119784964,0.085468645840279328,0.073013587081569006,1.1478781657239421,1.0749085719097939,1.1021529712059164,1.0253457828954859,,1.0237728997539848,False,False,False,,-1,,,False,2,0.045897855139110655,0.0033414028684484367,0.0086889430262001108,0.0048822652177967791
10000,0,single,gaussian_matched,0.050000000000000003,595,0,0.050000000000000003,3.358143702306124,1-<5%,True,True,4,0.045897855139110655,0.43618026119784964,0.085468645840279328,0.073013587081569006,1.1478781657239421,1.0749085719097939,1.1021529712059164,1.0253457828954859,0.98262517357373735,1.0237728997539848,True,True,False,2>1>3>4,6,0,0,True,2,0.045897855139110655,0.0033414028684484367,0.0086889430262001108,0.0048822652177967791
10000,0,single,gaussian_matched,0.050000000000000003,595,1,0.02,3.358143702306124,1-<5%,True,False,2,0.043703833254313873,0.5316775984453409,0.11571597908239019,0.072952451295493895,1.1478781657239421,1.1472457788802228,1.1290822631472892,0.98416772058149371,,1.0471797010658233,False,False,False,,-1,,,False,2,0.037555883689403595,0.043703833254313873,0.0039946278519991194,0.011700681491249552
10000,0,single,gaussian_matched,0.050000000000000003,595,1,0.050000000000000003,3.358143702306124,1-<5%,True,True,4,0.043703833254313873,0.5316775984453409,0.11571597908239019,0.072952451295493895,1.1478781657239421,1.1472457788802228,1.1290822631472892,0.98416772058149371,0.93753810639445834,1.0471797010658233,True,True,False,2>1>3>4,6,0,0,True,2,0.037555883689403595,0.043703833254313873,0.0039946278519991194,0.011700681491249552
10000,0,single,gaussian_matched,0.050000000000000003,595,2,0.02,3.358143702306124,1-<5%,True,False,3,0.030090583362761939,0.49000993154452877,0.072356123950014298,0.024486685071961133,1.1478781657239421,1.1280589249366433,1.1302318989234292,1.001926294751764,,1.0059591849341731,False,False,False,,-1,,,False,2,0.030090583362761939,0.013107621168272155,0.0024882848741818748,0.003963014029863569
10000,0,single,gaussian_matched,0.050000000000000003,595,2,0.050000000000000003,3.358143702306124,1-<5%,True,True,4,0.030090583362761939,0.49000993154452877,0.072356123950014298,0.024486685071961133,1.1478781657239421,1.1280589249366433,1.1302318989234292,1.001926294751764,0.95644902271018861,1.0059591849341731,True,True,False,2>1>3>4,6,0,0,True,2,0.030090583362761939,0.013107621168272155,0.0024882848741818748,0.003963014029863569
10000,0,single,gaussian_matched,0.050000000000000003,595,3,0.02,3.358143702306124,1-<5%,True,False,3,0.021152059458793195,0.46657652763467178,0.0065292972910983293,0.054834573937996185,1.1478781657239421,1.1448389853703544,1.15085133413631,1.005251698136407,,1.0503605208954438,False,False,False,,-1,,,False,2,0.021152059458793195,0.0018231317953287134,0.0055130747914939821,0.003649038044725419
10000,0,single,gaussian_matched,0.050000000000000003,595,3,0.050000000000000003,3.358143702306124,1-<5%,True,True,4,0.021152059458793195,0.46657652763467178,0.0065292972910983293,0.054834573937996185,1.1478781657239421,1.1448389853703544,1.15085133413631,1.005251698136407,0.96182872594163671,1.0503605208954438,True,True,False,2>1>3>4,6,0,0,True,2,0.021152059458793195,0.0018231317953287134,0.0055130747914939821,0.003649038044725419
10000,0,single,gaussian_matched,0.050000000000000003,595,4,0.02,3.358143702306124,1-<5%,True,True,4,0.014497355341308429,0.46999086352235137,-0.02460369271209091,0.080413053905533452,1.1478781657239421,1.1671902536871532,1.1669865927104444,0.99982551175691747,0.98307001617778145,1.0867003867342224,True,True,False,2>1>3>4,6,0,0,True,2,0.014497355341308429,0.0086425371112858248,0.011360593721738128,0.0061471039062520961
10000,0,single,gaussian_matched,0.050000000000000003,595,4,0.050000000000000003,3.358143702306124,1-<5%,True,True,4,0.014497355341308429,0.46999086352235137,-0.02460369271209091,0.080413053905533452,1.1478781657239421,1.1671902536871532,1.1669865927104444,0.99982551175691747,0.95685377271182903,1.0867003867342224,True,True,False,2>1>3>4,6,0,0,True,2,0.014497355341308429,0.0086425371112858248,0.011360593721738128,0.0061471039062520961
10000,0,single,gaussian_matched,0.050000000000000003,595,5,0.02,3.358143702306124,1-<5%,True,False,3,0.026309037902468961,0.48180145302004324,0.049904207158999181,0.018198799093623746,1.1478781657239421,1.1324114511600354,1.1368345193346436,1.0039058843586202,,1.0062333729466948,False,False,False,,-1,,,False,2,0.026309037902468961,0.0023561231830293967,0.00079812358703320175,0.0011719746754503681
10000,0,single,gaussian_matched,0.050000000000000003,595,5,0.050000000000000003,3.358143702306124,1-<5%,True,True,4,0.026309037902468961,0.48180145302004324,0.049904207158999181,0.018198799093623746,1.1478781657239421,1.1324114511600354,1.1368345193346436,1.0039058843586202,0.95890682328833798,1.0062333729466948,True,True,False,2>1>3>4,6,0,0,True,2,0.026309037902468961,0.0023561231830293967,0.00079812358703320175,0.0011719746754503681
10000,0,single,gaussian_matched,0.050000000000000003,595,6,0.02,3.358143702306124,1-<5%,True,False,3,0.032617833482168512,0.46234648592587624,0.056337346364307636,0.038183099416776521,1.1478781657239421,1.1125434165285182,1.1261730227839659,1.0122508533626278,,1.014355144098771,False,False,False,,-1,,,False,2,0.032617833482168512,0.0006249760334927863,0.0032903292849295264,0.0014587849518638706
10000,0,single,gaussian_matched,0.050000000000000003,595,6,0.050000000000000003,3.358143702306124,1-<5%,True,True,4,0.032617833482168512,0.46234648592587624,0.056337346364307636,0.038183099416776521,1.1478781657239421,1.1125434165285182,1.1261730227839659,1.0122508533626278,0.96833973700323395,1.014355144098771,True,True,False,2>1>3>4,6,0,0,True,2,0.032617833482168512,0.0006249760334927863,0.0032903292849295264,0.0014587849518638706
10000,0,single,gaussian_matched,0.050000000000000003,595,7,0.02,3.358143702306124,1-<5%,True,False,3,0.024259937043193774,0.54628810051492471,-0.0032755790827207892,0.070575318461052736,1.1478781657239421,1.2154157865847286,1.1830113258451875,0.97333878570839005,,1.0920903295652724,False,False,False,,-1,,,False,2,0.0022446369492839929,0.024259937043193774,0.017604477016018399,0.0012640507571145721
10000,0,single,gaussian_matched,0.050000000000000003,595,7,0.050000000000000003,3.358143702306124,1-<5%,True,True,4,0.024259937043193774,0.54628810051492471,-0.0032755790827207892,0.070575318461052736,1.1478781657239421,1.2154157865847286,1.1830113258451875,0.97333878570839005,0.9218079585798945,1.0920903295652724,True,True,False,2>1>3>4,6,0,0,True,2,0.0022446369492839929,0.024259937043193774,0.017604477016018399,0.0012640507571145721
10000,0,single,gaussian_matched,0.050000000000000003,595,8,0.02,3.358143702306124,1-<5%,True,False,2,0.070683210101918706,0.48235209046175859,0.18462219959481413,0.13577402304865216,1.1478781657239421,1.078816634777084,1.0750059874206477,0.99646775250436903,,1.0547983632964104,False,False,False,,-1,,,False,2,0.039968724145013963,0.070683210101918706,0.01634144027654641,0.019609954061338201
10000,0,single,gaussian_matched,0.050000000000000003,595,8,0.050000000000000003,3.358143702306124,1-<5%,True,False,3,0.070683210101918706,0.48235209046175859,0.18462219959481413,0.13577402304865216,1.1478781657239421,1.078816634777084,1.0750059874206477,0.99646775250436903,,1.0547983632964104,False,False,False,,-1,,,False,2,0.039968724145013963,0.070683210101918706,0.01634144027654641,0.019609954061338201
10000,0,single,gaussian_matched,0.050000000000000003,595,9,0.02,3.358143702306124,1-<5%,True,True,4,0.015088813788097399,0.53437096079685853,0.018066462066975923,0.04691602914803291,1.1478781657239421,1.1938632980896284,1.1698956080544824,0.97992425927365545,0.95571323073061998,1.0600529512076731,True,True,False,2>1>3>4,6,0,0,True,2,0.0056819092562633115,0.015088813788097399,0.010846943436472384,0.00040949519340563039
10000,0,single,gaussian_matched,0.050000000000000003,595,9,0.050000000000000003,3.358143702306124,1-<5%,True,True,4,0.015088813788097399,0.53437096079685853,0.018066462066975923,0.04691602914803291,1.1478781657239421,1.1938632980896284,1.1698956080544824,0.97992425927365545,0.93058382185875965,1.0600529512076731,True,True,False,2>1>3>4,6,0,0,True,2,0.0056819092562633115,0.015088813788097399,0.010846943436472384,0.00040949519340563039
10000,0,single,gaussian_matched,0.050000000000000003,595,10,0.02,3.358143702306124,1-<5%,True,True,4,0.014995282661506409,0.53007634196344622,0.011051297638248837,0.049209630780635172,1.1478781657239421,1.1940086870536886,1.1714481785096189,0.98110523919240533,0.95731221457546622,1.0634036309249,True,True,False,2>1>3>4,6,0,0,True,2,0.0051122533401069311,0.014995282661506409,0.011062037675273579,0.00045495943065260804
10000,0,single,gaussian_matched,0.050000000000000003,595,10,0.050000000000000003,3.358143702306124,1-<5%,True,True,4,0.014995282661506409,0.53007634196344622,0.011051297638248837,0.049209630780635172,1.1478781657239421,1.1940086870536886,1.1714481785096189,0.98110523919240533,0.93218257167503005,1.0634036309249,True,True,False,2>1>3>4,6,0,0,True,2,0.0051122533401069311,0.014995282661506409,0.011062037675273579,0.00045495943065260804
10000,0,single,gaussian_matched,0.050000000000000003,595,11,0.02,3.358143702306124,1-<5%,True,False,3,0.023950203397374071,0.45646222115568175,0.0063646637064137257,0.061640739451690019,1.1478781657239421,1.1370031693773661,1.1471597422528723,1.0089327568726727,,1.053073852086208,False,False,False,,-1,,,False,2,0.023950203397374071,0.0042577323436098335,0.0055795855048029162,0.004302805124147548
10000,0,single,gaussian_matched,0.050000000000000003,595,11,0.050000000000000003,3.358143702306124,1-<5%,True,True,4,0.023950203397374071,0.45646222115568175,0.0063646637064137257,0.061640739451690019,1.1478781657239421,1.1370031693773661,1.1471597422528723,1.0089327568726727,0.96626073785298416,1.053073852086208,True,True,False,2>1>3>4,6,0,0,True,2,0.023950203397374071,0.0042577323436098335,0.0055795855048029162,0.004302805124147548
10000,0,single,gaussian_matched,0.050000000000000003,595,12,0.02,3.358143702306124,1-<5%,True,True,4,0.013339710991127853,0.51593852201161339,0.03079028029009714,0.024960965831628289,1.1478781657239421,1.1714899819158178,1.1581079527270111,0.98857691538520698,0.96683515322690139,1.0306572194554318,True,True,False,2>1>3>4,6,0,0,True,2,0.013339710991127853,0.0068027458415960262,0.005639288944987178,0.00086644692205745035
10000,0,single,gaussian_matched,0.050000000000000003,595,12,0.050000000000000003,3.358143702306124,1-<5%,True,True,4,0.013339710991127853,0.51593852201161339,0.03079028029009714,0.024960965831628289,1.1478781657239421,1.1714899819158178,1.1581079527270111,0.98857691538520698,0.94122159311658138,1.0306572194554318,True,True,False,2>1>3>4,6,0,0,True,2,0.013339710991127853,0.0068027458415960262,0.005639288944987178,0.00086644692205745035
10000,0,single,gaussian_matched,0.050000000000000003,595,13,0.02,3.358143702306124,1-<5%,True,False,3,0.041676724952186772,0.57991891219369918,0.080919045946253931,0.085691422723927047,1.1478781657239421,1.2051139774236919,1.1608456156887421,0.96326624488283907,,1.0859489061075616,False,False,False,,-1,,,False,2,0.017775476722968617,0.041676724952186772,0.0095459370519239209,0.0098138152571360937
10000,0,single,gaussian_matched,0.050000000000000003,595,13,0.050000000000000003,3.358143702306124,1-<5%,True,True,4,0.041676724952186772,0.57991891219369918,0.080919045946253931,0.085691422723927047,1.1478781657239421,1.2051139774236919,1.1608456156887421,0.96326624488283907,0.91078563243039845,1.0859489061075616,True,True,False,2>1>3>4,6,0,0,True,2,0.017775476722968617,0.041676724952186772,0.0095459370519239209,0.0098138152571360937
10000,0,single,gaussian_matched,0.050000000000000003,595,14,0.02,3.358143702306124,1-<5%,True,False,3,0.028618523906763102,0.4625566162206271,0.038328235283907545,0.03922036563365041,1.1478781657239421,1.1227425560674891,1.1345145897809439,1.010485069484395,,1.0225257265646699,False,False,False,,-1,,,False,2,0.028618523906763102,0.0069518950658724243,0.00052265389372838176,0.0012707345889079349
10000,0,single,gaussian_matched,0.050000000000000003,595,14,0.050000000000000003,3.358143702306124,1-<5%,True,True,4,0.028618523906763102,0.4625566162206271,0.038328235283907545,0.03922036563365041,1.1478781657239421,1.1227425560674891,1.1345145897809439,1.010485069484395,0.96677832603226899,1.0225257265646699,True,True,False,2>1>3>4,6,0,0,True,2,0.028618523906763102,0.0069518950658724243,0.00052265389372838176,0.0012707345889079349
10000,0,single,gaussian_matched,0.050000000000000003,595,15,0.02,3.358143702306124,1-<5%,True,False,2,0.027740799221993996,0.52818122724203487,0.083363581658545433,0.043672762105843928,1.1478781657239421,1.1569656158727659,1.1410221801712326,0.98621961147090242,,1.0320737667572193,False,False,False,,-1,,,False,2,0.026055711623049291,0.027740799221993996,0.00028348904765573542,0.0072474367991228247
10000,0,single,gaussian_matched,0.050000000000000003,595,15,0.050000000000000003,3.358143702306124,1-<5%,True,True,4,0.027740799221993996,0.52818122724203487,0.083363581658545433,0.043672762105843928,1.1478781657239421,1.1569656158727659,1.1410221801712326,0.98621961147090242,0.93876881945888568,1.0320737667572193,True,True,False,2>1>3>4,6,0,0,True,2,0.026055711623049291,0.027740799221993996,0.00028348904765573542,0.0072474367991228247
10000,0,single,gaussian_matched,0.050000000000000003,595,16,0.02,3.358143702306124,1-<5%,True,False,3,0.048228769688730827,0.40458259007951713,0.055283539552442668,0.095563580438029261,1.1478781657239421,1.0659718825164939,1.1038688965148493,1.03555160752354,,1.0449127030797927,False,False,False,,-1,,,False,2,0.048228769688730827,0.017588199413760587,0.0020418752466328694,0.0072352902513445946
10000,0,single,gaussian_matched,0.050000000000000003,595,16,0.050000000000000003,3.358143702306124,1-<5%,True,True,4,0.048228769688730827,0.40458259007951713,0.055283539552442668,0.095563580438029261,1.1478781657239421,1.0659718825164939,1.1038688965148493,1.03555160752354,0.99531273869064374,1.0449127030797927,True,True,False,2>1>3>4,6,0,0,True,2,0.048228769688730827,0.017588199413760587,0.0020418752466328694,0.0072352902513445946
10000,0,single,gaussian_matched,0.050000000000000003,595,17,0.02,3.358143702306124,1-<5%,True,False,2,0.060810871157498642,0.60946310086375954,0.09804283886765798,0.11954197930925078,1.1478781657239421,1.2262198611887274,1.1634519033919268,0.94881182422216537,,1.1177091097399008,False,False,False,,-1,,,False,2,0.020002444800865122,0.060810871157498642,0.010451579199151843,0.014412136937402426
10000,0,single,gaussian_matched,0.050000000000000003,595,17,0.050000000000000003,3.358143702306124,1-<5%,True,False,3,0.060810871157498642,0.60946310086375954,0.09804283886765798,0.11954197930925078,1.1478781657239421,1.2262198611887274,1.1634519033919268,0.94881182422216537,,1.1177091097399008,False,False,False,,-1,,,False,2,0.020002444800865122,0.060810871157498642,0.010451579199151843,0.014412136937402426
10000,0,single,gaussian_matched,0.050000000000000003,595,18,0.02,3.358143702306124,1-<5%,True,False,3,0.043240486170083317,0.60239629795017258,0.054305846717872926,0.10248679012369513,1.1478781657239421,1.2364914372829861,1.1785622692887543,0.95315036865801284,,1.1160148329892827,False,False,False,,-1,,,False,2,0.0040260940902154636,0.043240486170083317,0.017249700221442305,0.0067325038581723127
10000,0,single,gaussian_matched,0.050000000000000003,595,18,0.050000000000000003,3.358143702306124,1-<5%,True,True,4,0.043240486170083317,0.60239629795017258,0.054305846717872926,0.10248679012369513,1.1478781657239421,1.2364914372829861,1.1785622692887543,0.95315036865801284,0.89733992803511375,1.1160148329892827,True,True,False,2>1>3>4,6,0,0,True,2,0.0040260940902154636,0.043240486170083317,0.017249700221442305,0.0067325038581723127
10000,0,single,gaussian_matched,0.050000000000000003,595,19,0.02,3.358143702306124,1-<5%,True,False,3,0.021298262444701083,0.49493263237957486,0.042348416650015312,0.0091774147973324241,1.1478781657239421,1.1475504018773874,1.1452935476164179,0.99803332885659979,,1.0057434637983991,False,False,False,,-1,,,False,2,0.021298262444701083,0.0030144516697691221,0.0014662470238248704,0.0010302194371940669
10000,0,single,gaussian_matched,0.050000000000000003,595,19,0.050000000000000003,3.358143702306124,1-<5%,True,True,4,0.021298262444701083,0.49493263237957486,0.042348416650015312,0.0091774147973324241,1.1478781657239421,1.1475504018773874,1.1452935476164179,0.99803332885659979,0.95224067937252277,1.0057434637983991,True,True,False,2>1>3>4,6,0,0,True,2,0.021298262444701083,0.0030144516697691221,0.0014662470238248704,0.0010302194371940669
10000,0,single,gaussian_matched,0.050000000000000003,595,20,0.02,3.358143702306124,1-<5%,True,False,2,0.041295674451908584,0.5118149661563568,0.1196005652263103,0.070596261268552535,1.1478781657239421,1.1273623811187132,1.1189261850866836,0.9925168728588778,,1.0362793560107748,False,False,False,,-1,,,False,2,0.041295674451908584,0.040211234678374098,0.0062603280074454756,0.011016399777985877
10000,0,single,gaussian_matched,0.050000000000000003,595,20,0.050000000000000003,3.358143702306124,1-<5%,True,True,4,0.041295674451908584,0.5118149661563568,0.1196005652263103,0.070596261268552535,1.1478781657239421,1.1273623811187132,1.1189261850866836,0.9925168728588778,0.94679981282494052,1.0362793560107748,True,True,False,2>1>3>4,6,0,0,True,2,0.041295674451908584,0.040211234678374098,0.0062603280074454756,0.011016399777985877
10000,0,single,gaussian_matched,0.050000000000000003,595,21,0.02,3.358143702306124,1-<5%,True,False,3,0.026926218823284637,0.49310142557147402,0.063036772224493401,0.014749500302696195,1.1478781657239421,1.135332779730724,1.13554468358724,1.0001866447091983,,1.0021047688144415,False,False,False,,-1,,,False,2,0.026926218823284637,0.010298004983827462,0.0011452752682197607,0.0030989749783098069
10000,0,single,gaussian_matched,0.050000000000000003,595,21,0.050000000000000003,3.358143702306124,1-<5%,True,True,4,0.026926218823284637,0.49310142557147402,0.063036772224493401,0.014749500302696195,1.1478781657239421,1.135332779730724,1.13554468358724,1.0001866447091983,0.95451022021917353,1.0021047688144415,True,True,False,2>1>3>4,6,0,0,True,2,0.026926218823284637,0.010298004983827462,0.0011452752682197607,0.0030989749783098069
10000,0,single,gaussian_matched,0.050000000000000003,595,22,0.02,3.358143702306124,1-<5%,True,False,2,0.036929570442706602,0.52299017999451525,-0.071554904149967416,0.12370991512036525,1.1478781657239421,1.2379875127532605,1.2082446971275598,0.97597486620882534,,1.1603623555361295,False,False,False,,-1,,,False,2,0.0079488996446951815,0.036929570442706602,0.024316577522143029,0.0075575460394121542
10000,0,single,gaussian_matched,0.050000000000000003,595,22,0.050000000000000003,3.358143702306124,1-<5%,True,True,4,0.036929570442706602,0.52299017999451525,-0.071554904149967416,0.12370991512036525,1.1478781657239421,1.2379875127532605,1.2082446971275598,0.97597486620882534,0.92785332750783189,1.1603623555361295,True,True,False,2>1>3>4,6,0,0,True,2,0.0079488996446951815,0.036929570442706602,0.024316577522143029,0.0075575460394121542
10000,0,single,gaussian_matched,0.050000000000000003,595,23,0.02,3.358143702306124,1-<5%,True,False,3,0.032787270730100737,0.56014891452276738,0.074556677114142794,0.064968625575391709,1.1478781657239421,1.1896453527478568,1.1564281780920886,0.97207808648262883,,1.0640474225739553,False,False,False,,-1,,,False,2,0.018296723414712716,0.032787270730100737,0.0067129626026094158,0.0079025453345929111
10000,0,single,gaussian_matched,0.050000000000000003,595,23,0.050000000000000003,3.358143702306124,1-<5%,True,True,4,0.032787270730100737,0.56014891452276738,0.074556677114142794,0.064968625575391709,1.1478781657239421,1.1896453527478568,1.1564281780920886,0.97207808648262883,0.92167684073732903,1.0640474225739553,True,True,False,2>1>3>4,6,0,0,True,2,0.018296723414712716,0.032787270730100737,0.0067129626026094158,0.0079025453345929111
10000,0,single,gaussian_matched,0.050000000000000003,595,24,0.02,3.358143702306124,1-<5%,True,False,3,0.027639058737197172,0.43977235944132531,0.00042080735621342902,0.078009390655706431,1.1478781657239421,1.1279618117237813,1.1438133722781771,1.0140532776816009,,1.0644185066132923,False,False,False,,-1,,,False,2,0.027639058737197172,0.0063819584670819227,0.0071036466502632798,0.0061909040447864806
10000,0,single,gaussian_matched,0.050000000000000003,595,24,0.050000000000000003,3.358143702306124,1-<5%,True,True,4,0.027639058737197172,0.43977235944132531,0.00042080735621342902,0.078009390655706431,1.1478781657239421,1.1279618117237813,1.1438133722781771,1.0140532776816009,0.97281870053450126,1.0644185066132923,True,True,False,2>1>3>4,6,0,0,True,2,0.027639058737197172,0.0063819584670819227,0.0071036466502632798,0.0061909040447864806
10000,0,single,gaussian_matched,0.050000000000000003,595,25,0.02,3.358143702306124,1-<5%,True,False,3,0.030653542279203628,0.46232350418943607,0.04751392702728064,0.037758428137160675,1.1478781657239421,1.1173701467134203,1.1301992608738463,1.0114815257935439,,1.0174927304017505,False,False,False,,-1,,,False,2,0.030653542279203628,0.0038106912075509696,0.0020741021364190271,0.0010450974411523066
10000,0,single,gaussian_matched,0.050000000000000003,595,25,0.050000000000000003,3.358143702306124,1-<5%,True,True,4,0.030653542279203628,0.46232350418943607,0.04751392702728064,0.037758428137160675,1.1478781657239421,1.1173701467134203,1.1301992608738463,1.0114815257935439,0.9676674752784703,1.0174927304017505,True,True,False,2>1>3>4,6,0,0,True,2,0.030653542279203628,0.0038106912075509696,0.0020741021364190271,0.0010450974411523066
10000,0,single,gaussian_matched,0.050000000000000003,595,26,0.02,3.358143702306124,1-<5%,True,False,2,0.060058721937451341,0.58776478026596612,0.11471671554497254,0.10904544890119078,1.1478781657239421,1.2001563606021768,1.150429299106404,0.95856618093427237,,1.0972198841444738,False,False,False,,-1,,,False,2,0.029999509798040787,0.060058721937451341,0.003643651737297715,0.015671185070352863
10000,0,single,gaussian_matched,0.050000000000000003,595,26,0.050000000000000003,3.358143702306124,1-<5%,True,False,3,0.060058721937451341,0.58776478026596612,0.11471671554497254,0.10904544890119078,1.1478781657239421,1.2001563606021768,1.150429299106404,0.95856618093427237,,1.0972198841444738,False,False,False,,-1,,,False,2,0.029999509798040787,0.060058721937451341,0.003643651737297715,0.015671185070352863
10000,0,single,gaussian_matched,0.050000000000000003,595,27,0.02,3.358143702306124,1-<5%,True,False,3,0.027770785797394629,0.48353695442545708,0.057674161196422505,0.018163827230464238,1.1478781657239421,1.12981431798217,1.134071714358633,1.0037682266091887,,1.0037960264384043,False,False,False,,-1,,,False,2,0.027770785797394629,0.0056935722623456426,0.0015266361218162986,0.0020597182899083758
10000,0,single,gaussian_matched,0.050000000000000003,595,27,0.050000000000000003,3.358143702306124,1-<5%,True,True,4,0.027770785797394629,0.48353695442545708,0.057674161196422505,0.018163827230464238,1.1478781657239421,1.12981431798217,1.134071714358633,1.0037682266091887,0.95863814135245562,1.0037960264384043,True,True,False,2>1>3>4,6,0,0,True,2,0.027770785797394629,0.0056935722623456426,0.0015266361218162986,0.0020597182899083758
10000,0,single,gaussian_matched,0.050000000000000003,595,28,0.02,3.358143702306124,1-<5%,True,True,4,0.019909672404894427,0.54752970121435729,0.019376321438778613,0.05654097793766117,1.1478781657239421,1.2043912460373591,1.1737263542450602,0.97453909442368392,0.94835153794901983,1.0717751839166818,True,True,False,2>1>3>4,6,0,0,True,2,0.0028159363652610191,0.019909672404894427,0.013856292456412492,0.0010449377046078813
10000,0,single,gaussian_matched,0.050000000000000003,595,28,0.050000000000000003,3.358143702306124,1-<5%,True,True,4,0.019909672404894427,0.54752970121435729,0.019376321438778613,0.05654097793766117,1.1478781657239421,1.2043912460373591,1.1737263542450602,0.97453909442368392,0.9234316134277486,1.0717751839166818,True,True,False,2>1>3>4,6,0,0,True,2,0.0028159363652610191,0.019909672404894427,0.013856292456412492,0.0010449377046078813
10000,0,single,gaussian_matched,0.050000000000000003,595,29,0.02,3.358143702306124,1-<5%,True,False,3,0.021033731219692601,0.48279588667357198,0.027641955791757791,0.028211055566325256,1.1478781657239421,1.1454680050776525,1.1472063807945145,1.0015176117614426,,1.0239914578560951,False,False,False,,-1,,,False,2,0.021033731219692601,0.0045230895124909491,0.0023541426149988661,0.000982040541727504
10000,0,single,gaussian_matched,0.050000000000000003,595,29,0.050000000000000003,3.358143702306124,1-<5%,True,True,4,0.021033731219692601,0.48279588667357198,0.027641955791757791,0.028211055566325256,1.1478781657239421,1.1454680050776525,1.1472063807945145,1.0015176117614426,0.95662446877910479,1.0239914578560951,True,True,False,2>1>3>4,6,0,0,True,2,0.021033731219692601,0.0045230895124909491,0.0023541426149988661,0.000982040541727504
10000,0,single,gaussian_matched,0.050000000000000003,595,30,0.02,3.358143702306124,1-<5%,True,False,2,0.030773498818176981,0.54498451362272693,0.080509701399217856,0.054354837368377255,1.1478781657239421,1.1733837387922759,1.1486565683330945,0.97892661229085021,,1.0480305677238475,False,False,False,,-1,,,False,2,0.022500135590579437,0.030773498818176981,0.0029854106436291157,0.007822591471928788
10000,0,single,gaussian_matched,0.050000000000000003,595,30,0.050000000000000003,3.358143702306124,1-<5%,True,True,4,0.030773498818176981,0.54498451362272693,0.080509701399217856,0.054354837368377255,1.1478781657239421,1.1733837387922759,1.1486565683330945,0.97892661229085021,0.93022655766207574,1.0480305677238475,True,True,False,2>1>3>4,6,0,0,True,2,0.022500135590579437,0.030773498818176981,0.0029854106436291157,0.007822591471928788
10000,0,single,gaussian_matched,0.050000000000000003,595,31,0.02,3.358143702306124,1-<5%,True,False,3,0.034175961369169089,0.43249834399290588,0.024482062666286681,0.072163970854349377,1.1478781657239421,1.1069743237763046,1.1294217172638583,1.0202781519005584,,1.0467885216375672,False,False,False,,-1,,,False,2,0.034175961369169089,0.015479071359939213,0.0027262425344621688,0.0053170203907108504
10000,0,single,gaussian_matched,0.050000000000000003,595,31,0.050000000000000003,3.358143702306124,1-<5%,True,True,4,0.034175961369169089,0.43249834399290588,0.024482062666286681,0.072163970854349377,1.1478781657239421,1.1069743237763046,1.1294217172638583,1.0202781519005584,0.97888400419210297,1.0467885216375672,True,True,False,2>1>3>4,6,0,0,True,2,0.034175961369169089,0.015479071359939213,0.0027262425344621688,0.0053170203907108504
10000,0,single,gaussian_matched,0.050000000000000003,596,0,0.02,14.053536935643653,>=10%,True,False,2,0.039923706549477307,0.42857192771182828,0.061258750951955647,0.072309950793804631,1.2893107959892118,1.3351538497459123,1.2906444025306689,0.96666343191557003,,1.0571185454774381,False,False,False,,-1,,,False,1,0.028820411120698795,0.0036049437773664492,0.016879450672344819,0.039923706549477307
10000,0,single,gaussian_matched,0.050000000000000003,596,0,0.050000000000000003,14.053536935643653,>=10%,True,True,4,0.039923706549477307,0.42857192771182828,0.061258750951955647,0.072309950793804631,1.2893107959892118,1.3351538497459123,1.2906444025306689,0.96666343191557003,0.9291502726765134,1.0571185454774381,True,True,False,4>1>2>3,18,0,0,True,1,0.028820411120698795,0.0036049437773664492,0.016879450672344819,0.039923706549477307
10000,0,single,gaussian_matched,0.050000000000000003,596,1,0.02,14.053536935643653,>=10%,True,True,4,0.01333384763814411,0.50588348309198905,0.041416687595986157,0.010406182062534701,1.2893107959892118,1.291799740781614,1.2931158770653235,1.0010188392536084,0.99269055671095374,1.0110223719392211,True,True,False,4>1>2>3,18,0,0,True,1,0.0027321253834360505,0.0043288985147803809,0.01333384763814411,0.0091493859889928229
10000,0,single,gaussian_matched,0.050000000000000003,596,1,0.050000000000000003,14.053536935643653,>=10%,True,True,4,0.01333384763814411,0.50588348309198905,0.041416687595986157,0.010406182062534701,1.2893107959892118,1.291799740781614,1.2931158770653235,1.0010188392536084,0.96736971497545388,1.0110223719392211,True,True,False,4>1>2>3,18,0,0,True,1,0.0027321253834360505,0.0043288985147803809,0.01333384763814411,0.0091493859889928229
10000,0,single,gaussian_matched,0.050000000000000003,596,2,0.02,14.053536935643653,>=10%,True,False,3,0.03549189210088765,0.46262638546772811,0.1035097665335712,0.065269305019159979,1.2893107959892118,1.2829718711726632,1.2602726057128368,0.98230727736916101,,1.0281011489669463,False,False,False,,-1,,,False,1,0.019708851352840059,0.0032360165394547235,0.011221435622790179,0.03549189210088765
10000,0,single,gaussian_matched,0.050000000000000003,596,2,0.050000000000000003,14.053536935643653,>=10%,True,True,4,0.03549189210088765,0.46262638546772811,0.1035097665335712,0.065269305019159979,1.2893107959892118,1.2829718711726632,1.2602726057128368,0.98230727736916101,0.94247290432245956,1.0281011489669463,True,True,False,4>1>2>3,18,0,0,True,1,0.019708851352840059,0.0032360165394547235,0.011221435622790179,0.03549189210088765
10000,0,single,gaussian_matched,0.050000000000000003,596,3,0.02,14.053536935643653,>=10%,True,False,2,0.02870108818698399,0.43475328051009454,0.031659820038561735,0.067775339211341101,1.2893107959892118,1.3489398778926462,1.3083272690349066,0.96989294369354262,,1.0673164395481896,False,False,False,,-1,,,False,1,0.027670730936105777,0.0084440204042827826,0.018298537661076347,0.02870108818698399
10000,0,single,gaussian_matched,0.050000000000000003,596,3,0.050000000000000003,14.053536935643653,>=10%,True,True,4,0.02870108818698399,0.43475328051009454,0.031659820038561735,0.067775339211341101,1.2893107959892118,1.3489398778926462,1.3083272690349066,0.96989294369354262,0.93483909047579672,1.0673164395481896,True,True,False,4>1>2>3,18,0,0,True,1,0.027670730936105777,0.0084440204042827826,0.018298537661076347,0.02870108818698399
10000,0,single,gaussian_matched,0.050000000000000003,596,4,0.02,14.053536935643653,>=10%,True,False,2,0.024849204236673639,0.44827508178682673,0.047022964472332805,0.051810519247469967,1.2893107959892118,1.3286563069315007,1.2970274489418678,0.97619485353388424,,1.046169761693847,False,False,False,,-1,,,False,1,0.021417644703081381,0.0060542522157329987,0.016272200977445618,0.024849204236673639
10000,0,single,gaussian_matched,0.050000000000000003,596,4,0.050000000000000003,14.053536935643653,>=10%,True,True,4,0.024849204236673639,0.44827508178682673,0.047022964472332805,0.051810519247469967,1.2893107959892118,1.3286563069315007,1.2970274489418678,0.97619485353388424,0.94027109828226363,1.046169761693847,True,True,False,4>1>2>3,18,0,0,True,1,0.021417644703081381,0.0060542522157329987,0.016272200977445618,0.024849204236673639
10000,0,single,gaussian_matched,0.050000000000000003,596,5,0.02,14.053536935643653,>=10%,True,False,3,0.024769885775418315,0.46920080058081642,-0.0070552809741811079,0.064837456550248723,1.2893107959892118,1.3524896979889454,1.3291346234176329,0.98273179115076459,,1.0811761479887163,False,False,False,,-1,,,False,1,0.024769885775418315,0.013118733873179002,0.01853926611923697,0.00020733962903780393
10000,0,single,gaussian_matched,0.050000000000000003,596,5,0.050000000000000003,14.053536935643653,>=10%,True,True,4,0.024769885775418315,0.46920080058081642,-0.0070552809741811079,0.064837456550248723,1.2893107959892118,1.3524896979889454,1.3291346234176329,0.98273179115076459,0.95163274401739628,1.0811761479887163,True,True,False,4>1>2>3,18,0,0,True,1,0.024769885775418315,0.013118733873179002,0.01853926611923697,0.00020733962903780393
10000,0,single,gaussian_matched,0.050000000000000003,596,6,0.02,14.053536935643653,>=10%,True,False,3,0.023462367795114385,0.46238561074099149,0.070994431041880177,0.043076773487582334,1.2893107959892118,1.302456907059717,1.2802192690060328,0.98292639247168234,,1.026359235189936,False,False,False,,-1,,,False,1,0.01662613889060326,0.0022450082258596658,0.0135905232215041,0.023462367795114385
10000,0,single,gaussian_matched,0.050000000000000003,596,6,0.050000000000000003,14.053536935643653,>=10%,True,True,4,0.023462367795114385,0.46238561074099149,0.070994431041880177,0.043076773487582334,1.2893107959892118,1.302456907059717,1.2802192690060328,0.98292639247168234,0.94553148620996774,1.026359235189936,True,True,False,4>1>2>3,18,0,0,True,1,0.01662613889060326,0.0022450082258596658,0.0135905232215041,0.023462367795114385
10000,0,single,gaussian_matched,0.050000000000000003,596,7,0.02,14.053536935643653,>=10%,True,False,2,0.040322706346889073,0.41661321208135316,0.036190941837999882,0.084522461433105989,1.2893107959892118,1.3599359753959637,1.3075812883400837,0.96150209421393074,,1.0797270558066729,False,False,False,,-1,,,False,1,0.034212893443475119,0.007717600378994177,0.019464836054630633,0.040322706346889073
10000,0,single,gaussian_matched,0.050000000000000003,596,7,0.050000000000000003,14.053536935643653,>=10%,True,True,4,0.040322706346889073,0.41661321208135316,0.036190941837999882,0.084522461433105989,1.2893107959892118,1.3599359753959637,1.3075812883400837,0.96150209421393074,0.9256948393899701,1.0797270558066729,True,True,False,4>1>2>3,18,0,0,True,1,0.034212893443475119,0.007717600378994177,0.019464836054630633,0.040322706346889073
10000,0,single,gaussian_matched,0.050000000000000003,596,8,0.02,14.053536935643653,>=10%,True,True,4,0.018682990686814501,0.53976389276937009,0.13922335668059194,0.097683031000916895,1.2893107959892118,1.1994356053108466,1.2271733088002821,1.023125629559952,1.0090592599791974,1.0275694145450129,True,True,False,4>1>2>3,18,0,0,True,1,0.006212083020504809,0.011203157952633319,0.0041073237570390187,0.018682990686814501
10000,0,single,gaussian_matched,0.050000000000000003,596,8,0.050000000000000003,14.053536935643653,>=10%,True,True,4,0.018682990686814501,0.53976389276937009,0.13922335668059194,0.097683031000916895,1.2893107959892118,1.1994356053108466,1.2271733088002821,1.023125629559952,0.98394172618574594,1.0275694145450129,True,True,False,4>1>2>3,18,0,0,True,1,0.006212083020504809,0.011203157952633319,0.0041073237570390187,0.018682990686814501
10000,0,single,gaussian_matched,0.050000000000000003,596,9,0.02,14.053536935643653,>=10%,True,False,3,0.03471917698052597,0.55048040038285928,0.032388649823584262,0.053464291614591868,1.2893107959892118,1.2725837517320195,1.2932735364631849,1.0162580927997911,,1.0445408758440624,False,False,False,,-1,,,False,1,0.0035582855776104239,0.00038657689167663397,0.013769253600315869,0.03471917698052597
10000,0,single,gaussian_matched,0.050000000000000003,596,9,0.050000000000000003,14.053536935643653,>=10%,True,True,4,0.03471917698052597,0.55048040038285928,0.032388649823584262,0.053464291614591868,1.2893107959892118,1.2725837517320195,1.2932735364631849,1.0162580927997911,0.98527802584609991,1.0445408758440624,True,True,False,4>1>2>3,18,0,0,True,1,0.0035582855776104239,0.00038657689167663397,0.013769253600315869,0.03471917698052597
10000,0,single,gaussian_matched,0.050000000000000003,596,10,0.02,14.053536935643653,>=10%,True,False,2,0.031763400879061592,0.44098920907213623,-0.0051167137916365152,0.080747294599393379,1.2893107959892118,1.3698910298299918,1.3310185628877906,0.97162367947834116,,1.094977147386732,False,False,False,,-1,,,False,1,0.031763400879061592,0.014262936820121535,0.020088418336530044,0.016691677484503009
10000,0,single,gaussian_matched,0.050000000000000003,596,10,0.050000000000000003,14.053536935643653,>=10%,True,True,4,0.031763400879061592,0.44098920907213623,-0.0051167137916365152,0.080747294599393379,1.2893107959892118,1.3698910298299918,1.3310185628877906,0.97162367947834116,0.93959754322265399,1.094977147386732,True,True,False,4>1>2>3,18,0,0,True,1,0.031763400879061592,0.014262936820121535,0.020088418336530044,0.016691677484503009
10000,0,single,gaussian_matched,0.050000000000000003,596,11,0.02,14.053536935643653,>=10%,True,True,4,0.013424522511722348,0.48174613389700316,0.054412312843855525,0.018779566883668788,1.2893107959892118,1.2989330026821992,1.288014118942268,0.99159395925934246,0.98163641234948684,1.013559872368331,True,True,False,4>1>2>3,18,0,0,True,1,0.0086595702863516266,0.0045004115543377937,0.013424522511722348,0.0078265092290945252
10000,0,single,gaussian_matched,0.050000000000000003,596,11,0.050000000000000003,14.053536935643653,>=10%,True,True,4,0.013424522511722348,0.48174613389700316,0.054412312843855525,0.018779566883668788,1.2893107959892118,1.2989330026821992,1.288014118942268,0.99159395925934246,0.95607773696785636,1.013559872368331,True,True,False,4>1>2>3,18,0,0,True,1,0.0086595702863516266,0.0045004115543377937,0.013424522511722348,0.0078265092290945252
10000,0,single,gaussian_matched,0.050000000000000003,596,12,0.02,14.053536935643653,>=10%,True,True,4,0.012726765124131489,0.48094385225117425,0.064491686195122494,0.023940462313894031,1.2893107959892118,1.2926200482062267,1.2817639042967817,0.99160144241572756,0.98068830262383999,1.0127149874742856,True,True,False,4>1>2>3,18,0,0,True,1,0.0093745688408876215,0.003048398997057522,0.012726765124131489,0.011312014377837265
10000,0,single,gaussian_matched,0.050000000000000003,596,12,0.050000000000000003,14.053536935643653,>=10%,True,True,4,0.012726765124131489,0.48094385225117425,0.064491686195122494,0.023940462313894031,1.2893107959892118,1.2926200482062267,1.2817639042967817,0.99160144241572756,0.95528219542788217,1.0127149874742856,True,True,False,4>1>2>3,18,0,0,True,1,0.0093745688408876215,0.003048398997057522,0.012726765124131489,0.011312014377837265
10000,0,single,gaussian_matched,0.050000000000000003,596,13,0.02,14.053536935643653,>=10%,True,True,4,0.016350294084074905,0.4869768790236374,0.011880286622998067,0.040282927251004935,1.2893107959892118,1.3265595033703357,1.314673261568831,0.99103979748265658,0.98533757681591572,1.0509151036622308,True,True,False,4>1>2>3,18,0,0,True,1,0.015405033588638702,0.0093333237473729562,0.016350294084074905,0.0056254355786964612
10000,0,single,gaussian_matched,0.050000000000000003,596,13,0.050000000000000003,14.053536935643653,>=10%,True,True,4,0.016350294084074905,0.4869768790236374,0.011880286622998067,0.040282927251004935,1.2893107959892118,1.3265595033703357,1.314673261568831,0.99103979748265658,0.95902004880704195,1.0509151036622308,True,True,False,4>1>2>3,18,0,0,True,1,0.015405033588638702,0.0093333237473729562,0.016350294084074905,0.0056254355786964612
10000,0,single,gaussian_matched,0.050000000000000003,596,14,0.02,14.053536935643653,>=10%,True,False,3,0.030513389076151105,0.56564306895219629,0.059544707886944936,0.066333354732818275,1.2893107959892118,1.2415240070306446,1.2735368187896758,1.0257850928195873,,1.0392142667932063,False,False,False,,-1,,,False,1,0.0065385676240468883,0.0037577174924774462,0.011837697171327516,0.030513389076151105
10000,0,single,gaussian_matched,0.050000000000000003,596,14,0.050000000000000003,14.053536935643653,>=10%,True,True,4,0.030513389076151105,0.56564306895219629,0.059544707886944936,0.066333354732818275,1.2893107959892118,1.2415240070306446,1.2735368187896758,1.0257850928195873,0.99355256517306356,1.0392142667932063,True,True,False,4>1>2>3,18,0,0,True,1,0.0065385676240468883,0.0037577174924774462,0.011837697171327516,0.030513389076151105
10000,0,single,gaussian_matched,0.050000000000000003,596,15,0.02,14.053536935643653,>=10%,True,True,4,0.016606278949077756,0.46978323174995568,0.061795474848322124,0.03243742145076095,1.2893107959892118,1.3027332361642476,1.2849629135090819,0.9863592006699019,0.97555938467673642,1.0217864761995417,True,True,False,4>1>2>3,18,0,0,True,1,0.01328242121125143,0.0037422038538906925,0.013673005154839147,0.016606278949077756
10000,0,single,gaussian_matched,0.050000000000000003,596,15,0.050000000000000003,14.053536935643653,>=10%,True,True,4,0.016606278949077756,0.46978323174995568,0.061795474848322124,0.03243742145076095,1.2893107959892118,1.3027332361642476,1.2849629135090819,0.9863592006699019,0.94989299545281436,1.0217864761995417,True,True,False,4>1>2>3,18,0,0,True,1,0.01328242121125143,0.0037422038538906925,0.013673005154839147,0.016606278949077756
10000,0,single,gaussian_matched,0.050000000000000003,596,16,0.02,14.053536935643653,>=10%,True,False,3,0.025216857329945823,0.47715609236486028,-0.013526709369428971,0.067509161743801033,1.2893107959892118,1.3524755160267017,1.3324599427442085,0.98520078696781521,,1.0858274892625064,False,False,False,,-1,,,False,1,0.025216857329945823,0.012718496801863061,0.018635888995198881,0.0056220095917803919
10000,0,single,gaussian_matched,0.050000000000000003,596,16,0.050000000000000003,14.053536935643653,>=10%,True,True,4,0.025216857329945823,0.47715609236486028,-0.013526709369428971,0.067509161743801033,1.2893107959892118,1.3524755160267017,1.3324599427442085,0.98520078696781521,0.9548544084236531,1.0858274892625064,True,True,False,4>1>2>3,18,0,0,True,1,0.025216857329945823,0.012718496801863061,0.018635888995198881,0.0056220095917803919
10000,0,single,gaussian_matched,0.050000000000000003,596,17,0.02,14.053536935643653,>=10%,True,True,4,0.012866241572548783,0.49860366639303727,0.050561026864240632,0.0015048251341379239,1.2893107959892118,1.289850644692079,1.2882098686878201,0.99872793333785503,0.98942129728518557,1.0003132664629837,True,True,False,4>1>2>3,18,0,0,True,1,0.0026493138845331923,0.003913111501304454,0.012866241572548783,0.0025914330014563175
10000,0,single,gaussian_matched,0.050000000000000003,596,17,0.050000000000000003,14.053536935643653,>=10%,True,True,4,0.012866241572548783,0.49860366639303727,0.050561026864240632,0.0015048251341379239,1.2893107959892118,1.289850644692079,1.2882098686878201,0.99872793333785503,0.96409732383949254,1.0003132664629837,True,True,False,4>1>2>3,18,0,0,True,1,0.0026493138845331923,0.003913111501304454,0.012866241572548783,0.0025914330014563175
10000,0,single,gaussian_matched,0.050000000000000003,596,18,0.02,14.053536935643653,>=10%,True,False,3,0.02766463230190188,0.45805847664013705,0.076781434620623812,0.04976280359952278,1.2893107959892118,1.3022684825589155,1.2772242454184422,0.98076876045463202,,1.0292220100428511,False,False,False,,-1,,,False,1,0.018715633604651248,0.0012420800113309243,0.01351587722276861,0.02766463230190188
10000,0,single,gaussian_matched,0.050000000000000003,596,18,0.050000000000000003,14.053536935643653,>=10%,True,True,4,0.02766463230190188,0.45805847664013705,0.076781434620623812,0.04976280359952278,1.2893107959892118,1.3022684825589155,1.2772242454184422,0.98076876045463202,0.94280593725409179,1.0292220100428511,True,True,False,4>1>2>3,18,0,0,True,1,0.018715633604651248,0.0012420800113309243,0.01351587722276861,0.02766463230190188
10000,0,single,gaussian_matched,0.050000000000000003,596,19,0.02,14.053536935643653,>=10%,True,False,1,0.056322460494601566,0.37600252264906653,0.00058949110381163045,0.13347948448647667,1.2893107959892118,1.4138965454443608,1.3337626084397569,0.94332404498561151,,1.1380049693918102,False,False,False,,-1,,,False,1,0.053872305401384789,0.013710059538530174,0.025026063563982862,0.056322460494601566
10000,0,single,gaussian_matched,0.050000000000000003,596,19,0.050000000000000003,14.053536935643653,>=10%,True,False,2,0.056322460494601566,0.37600252264906653,0.00058949110381163045,0.13347948448647667,1.2893107959892118,1.4138965454443608,1.3337626084397569,0.94332404498561151,,1.1380049693918102,False,False,False,,-1,,,False,1,0.053872305401384789,0.013710059538530174,0.025026063563982862,0.056322460494601566
10000,0,single,gaussian_matched,0.050000000000000003,596,20,0.02,14.053536935643653,>=10%,True,True,4,0.011486352642366617,0.48931224104507193,0.074107813908272965,0.026370720181947336,1.2893107959892118,1.2799604511594707,1.2745824727047641,0.99579832451085903,0.98419346835803578,1.0090299382691255,True,True,False,4>1>2>3,18,0,0,True,1,0.0072647370702868305,0.001255651668840292,0.011486352642366617,0.01070324431298844
10000,0,single,gaussian_matched,0.050000000000000003,596,20,0.050000000000000003,14.053536935643653,>=10%,True,True,4,0.011486352642366617,0.48931224104507193,0.074107813908272965,0.026370720181947336,1.2893107959892118,1.2799604511594707,1.2745824727047641,0.99579832451085903,0.95903157995487109,1.0090299382691255,True,True,False,4>1>2>3,18,0,0,True,1,0.0072647370702868305,0.001255651668840292,0.011486352642366617,0.01070324431298844
10000,0,single,gaussian_matched,0.050000000000000003,596,21,0.02,14.053536935643653,>=10%,True,False,2,0.049903560539917985,0.45773748743204157,0.13074770617600329,0.091138970924862894,1.2893107959892118,1.2731535591115541,1.2447901043181093,0.97772189019112687,,1.036157518729216,False,False,False,,-1,,,False,1,0.024027812692566985,0.0080697635128072261,0.0094604923961133479,0.049903560539917985
10000,0,single,gaussian_matched,0.050000000000000003,596,21,0.050000000000000003,14.053536935643653,>=10%,True,True,4,0.049903560539917985,0.45773748743204157,0.13074770617600329,0.091138970924862894,1.2893107959892118,1.2731535591115541,1.2447901043181093,0.97772189019112687,0.93579001702443643,1.036157518729216,True,True,False,4>1>2>3,18,0,0,True,1,0.024027812692566985,0.0080697635128072261,0.0094604923961133479,0.049903560539917985
10000,0,single,gaussian_matched,0.050000000000000003,596,22,0.02,14.053536935643653,>=10%,True,False,2,0.067608925026503258,0.41640289635363698,0.12666901675234341,0.11343109744612311,1.2893107959892118,1.3119403501965483,1.253144071903765,0.95518372593390033,,1.0599268800052168,False,False,False,,-1,,,False,1,0.038816953811044108,0.0077836304782282709,0.013042829976910216,0.067608925026503258
10000,0,single,gaussian_matched,0.050000000000000003,596,22,0.050000000000000003,14.053536935643653,>=10%,True,False,3,0.067608925026503258,0.41640289635363698,0.12666901675234341,0.11343109744612311,1.2893107959892118,1.3119403501965483,1.253144071903765,0.95518372593390033,,1.0599268800052168,False,False,False,,-1,,,False,1,0.038816953811044108,0.0077836304782282709,0.013042829976910216,0.067608925026503258
10000,0,single,gaussian_matched,0.050000000000000003,596,23,0.02,14.053536935643653,>=10%,True,False,2,0.02035792841271801,0.45263260837503527,0.038378157407188272,0.048772297614576986,1.2893107959892118,1.3311350743950783,1.3019270535199141,0.97805780837948586,,1.047613465532319,False,False,False,,-1,,,False,1,0.02035792841271801,0.0074930333578408911,0.016494763444739935,0.020140505680423488
10000,0,single,gaussian_matched,0.050000000000000003,596,23,0.050000000000000003,14.053536935643653,>=10%,True,True,4,0.02035792841271801,0.45263260837503527,0.038378157407188272,0.048772297614576986,1.2893107959892118,1.3311350743950783,1.3019270535199141,0.97805780837948586,0.94292537808023824,1.047613465532319,True,True,False,4>1>2>3,18,0,0,True,1,0.02035792841271801,0.0074930333578408911,0.016494763444739935,0.020140505680423488
10000,0,single,gaussian_matched,0.050000000000000003,596,24,0.02,14.053536935643653,>=10%,True,False,2,0.028611106885050627,0.51906826647373072,-0.012235211023940706,0.06509086170506298,1.2893107959892118,1.3270866925269995,1.326718686319142,0.99972269618109366,,1.0794988705235744,False,False,False,,-1,,,False,1,0.020866081289880687,0.0076301579048515308,0.017447888483830387,0.028611106885050627
10000,0,single,gaussian_matched,0.050000000000000003,596,24,0.050000000000000003,14.053536935643653,>=10%,True,True,4,0.028611106885050627,0.51906826647373072,-0.012235211023940706,0.06509086170506298,1.2893107959892118,1.3270866925269995,1.326718686319142,0.99972269618109366,0.97079259827395814,1.0794988705235744,True,True,False,4>1>2>3,18,0,0,True,1,0.020866081289880687,0.0076301579048515308,0.017447888483830387,0.028611106885050627
10000,0,single,gaussian_matched,0.050000000000000003,596,25,0.02,14.053536935643653,>=10%,True,False,2,0.03690644460724684,0.44131428082244123,0.076466232068441678,0.064377597619730262,1.2893107959892118,1.3158943211497407,1.2796633826953157,0.97246668074168074,,1.0424491786589307,False,False,False,,-1,,,False,1,0.024751101122256855,0.0011178188853711018,0.014831384882702487,0.03690644460724684
10000,0,single,gaussian_matched,0.050000000000000003,596,25,0.050000000000000003,14.053536935643653,>=10%,True,True,4,0.03690644460724684,0.44131428082244123,0.076466232068441678,0.064377597619730262,1.2893107959892118,1.3158943211497407,1.2796633826953157,0.97246668074168074,0.93407894440782424,1.0424491786589307,True,True,False,4>1>2>3,18,0,0,True,1,0.024751101122256855,0.0011178188853711018,0.014831384882702487,0.03690644460724684
10000,0,single,gaussian_matched,0.050000000000000003,596,26,0.02,14.053536935643653,>=10%,True,True,4,0.012793609885730502,0.47921634490335518,0.065092244756460055,0.025685329878457584,1.2893107959892118,1.2934956793580221,1.2816216178814606,0.99082017693135638,0.97982322183627002,1.0139579625228368,True,True,False,4>1>2>3,18,0,0,True,1,0.010047050380807786,0.0030106860787528912,0.012793609885730502,0.012432703505275569
10000,0,single,gaussian_matched,0.050000000000000003,596,26,0.050000000000000003,14.053536935643653,>=10%,True,True,4,0.012793609885730502,0.47921634490335518,0.065092244756460055,0.025685329878457584,1.2893107959892118,1.2934956793580221,1.2816216178814606,0.99082017693135638,0.95439812004115798,1.0139579625228368,True,True,False,4>1>2>3,18,0,0,True,1,0.010047050380807786,0.0030106860787528912,0.012793609885730502,0.012432703505275569
10000,0,single,gaussian_matched,0.050000000000000003,596,27,0.02,14.053536935643653,>=10%,True,False,3,0.027047362474757579,0.52988001942868346,0.022869089466793908,0.040359656433365913,1.2893107959892118,1.2918464932763842,1.3021215914378919,1.0079538073718401,,1.0412394374168343,False,False,False,,-1,,,False,1,0.0077718749393120472,0.0034733161290312602,0.014452508415020365,0.027047362474757579
10000,0,single,gaussian_matched,0.050000000000000003,596,27,0.050000000000000003,14.053536935643653,>=10%,True,True,4,0.027047362474757579,0.52988001942868346,0.022869089466793908,0.040359656433365913,1.2893107959892118,1.2918464932763842,1.3021215914378919,1.0079538073718401,0.97673693301653586,1.0412394374168343,True,True,False,4>1>2>3,18,0,0,True,1,0.0077718749393120472,0.0034733161290312602,0.014452508415020365,0.027047362474757579
10000,0,single,gaussian_matched,0.050000000000000003,596,28,0.02,14.053536935643653,>=10%,True,False,3,0.037982273983372103,0.59080774990583196,0.071198856160388888,0.093249337506863733,1.2893107959892118,1.2187489465465582,1.2626773208894866,1.0360438254879347,,1.0516678078042681,False,False,False,,-1,,,False,1,0.011038676208963689,0.0074141704380366697,0.012217839270774281,0.037982273983372103
10000,0,single,gaussian_matched,0.050000000000000003,596,28,0.050000000000000003,14.053536935643653,>=10%,True,True,4,0.037982273983372103,0.59080774990583196,0.071198856160388888,0.093249337506863733,1.2893107959892118,1.2187489465465582,1.2626773208894866,1.0360438254879347,1.0044628389561501,1.0516678078042681,True,True,False,4>1>2>3,18,0,0,True,1,0.011038676208963689,0.0074141704380366697,0.012217839270774281,0.037982273983372103
10000,0,single,gaussian_matched,0.050000000000000003,596,29,0.02,14.053536935643653,>=10%,True,False,2,0.027614406294114473,0.45115524711959232,0.063408696190045272,0.050651781977192362,1.2893107959892118,1.3159608488728516,1.2864248700567744,0.97755557937656323,,1.0370475886755506,False,False,False,,-1,,,False,1,0.020289473103279412,0.0033923141435487909,0.014966208141150019,0.027614406294114473
10000,0,single,gaussian_matched,0.050000000000000003,596,29,0.050000000000000003,14.053536935643653,>=10%,True,True,4,0.027614406294114473,0.45115524711959232,0.063408696190045272,0.050651781977192362,1.2893107959892118,1.3159608488728516,1.2864248700567744,0.97755557937656323,0.94043176518722094,1.0370475886755506,True,True,False,4>1>2>3,18,0,0,True,1,0.020289473103279412,0.0033923141435487909,0.014966208141150019,0.027614406294114473
10000,0,single,gaussian_matched,0.050000000000000003,596,30,0.02,14.053536935643653,>=10%,True,False,3,0.033463615840716013,0.49149159326351322,0.12590761674331161,0.076382977585604597,1.2893107959892118,1.2465444483738124,1.2425740671868482,0.9968148900007987,,1.0229938730641708,False,False,False,,-1,,,False,1,0.011081708635377939,0.0070835946186282254,0.0073407655371784579,0.033463615840716013
10000,0,single,gaussian_matched,0.050000000000000003,596,30,0.050000000000000003,14.053536935643653,>=10%,True,True,4,0.033463615840716013,0.49149159326351322,0.12590761674331161,0.076382977585604597,1.2893107959892118,1.2465444483738124,1.2425740671868482,0.9968148900007987,0.95637411093676528,1.0229938730641708,True,True,False,4>1>2>3,18,0,0,True,1,0.011081708635377939,0.0070835946186282254,0.0073407655371784579,0.033463615840716013
10000,0,single,gaussian_matched,0.050000000000000003,596,31,0.02,14.053536935643653,>=10%,True,True,4,0.012167647953160162,0.50788803624648249,0.054822732120774161,0.0092455319443809358,1.2893107959892118,1.280425857005985,1.2842397025208776,1.0029785758339889,0.99352792464876827,1.0032377286291503,True,True,False,4>1>2>3,18,0,0,True,1,0.00097460653654026614,0.0026098329566926924,0.012167647953160162,0.0058230090928834749
10000,0,single,gaussian_matched,0.050000000000000003,596,31,0.050000000000000003,14.053536935643653,>=10%,True,True,4,0.012167647953160162,0.50788803624648249,0.054822732120774161,0.0092455319443809358,1.2893107959892118,1.280425857005985,1.2842397025208776,1.0029785758339889,0.96837313456913876,1.0032377286291503,True,True,False,4>1>2>3,18,0,0,True,1,0.00097460653654026614,0.0026098329566926924,0.012167647953160162,0.0058230090928834749
10000,0,single,gaussian_matched,0.050000000000000003,597,0,0.02,3.7055324057949455,1-<5%,True,False,3,0.0834450142415393,0.48389083118641568,0.12458949837159645,0.076309230026196356,1.0474553374870073,0.97925190473417167,0.89694700735444077,0.91595125117262499,,0.92916251657623494,False,False,False,,-1,,,False,2,0.019714496639617319,0.017799795698208876,0.00027941379589017392,0.0834450142415393
10000,0,single,gaussian_matched,0.050000000000000003,597,0,0.050000000000000003,3.7055324057949455,1-<5%,True,False,3,0.0834450142415393,0.48389083118641568,0.12458949837159645,0.076309230026196356,1.0474553374870073,0.97925190473417167,0.89694700735444077,0.91595125117262499,,0.92916251657623494,False,False,False,,-1,,,False,2,0.019714496639617319,0.017799795698208876,0.00027941379589017392,0.0834450142415393
10000,0,single,gaussian_matched,0.050000000000000003,597,1,0.02,3.7055324057949455,1-<5%,True,False,1,0.034980632827082532,0.4622448787939536,0.0542653439117462,0.037995293602875672,1.0474553374870073,1.0528315549736675,0.97166841092765299,0.92290965856542495,,0.96392053044748793,False,False,False,,-1,,,False,2,0.031616034724831807,0.020053692085916005,0.0037298214883028803,0.034980632827082532
10000,0,single,gaussian_matched,0.050000000000000003,597,1,0.050000000000000003,3.7055324057949455,1-<5%,True,True,4,0.034980632827082532,0.4622448787939536,0.0542653439117462,0.037995293602875672,1.0474553374870073,1.0528315549736675,0.97166841092765299,0.92290965856542495,0.86762498841860691,0.96392053044748793,True,True,False,2>4>1>3,10,0,0,True,2,0.031616034724831807,0.020053692085916005,0.0037298214883028803,0.034980632827082532
10000,0,single,gaussian_matched,0.050000000000000003,597,2,0.02,3.7055324057949455,1-<5%,True,False,1,0.040953680425657175,0.42896863222753917,0.025673961694500844,0.075081364846859303,1.0474553374870073,1.0904241402349006,0.99217631585749066,0.9098994411878617,,1.0189051909982636,False,False,False,,-1,,,False,2,0.040953680425657175,0.03391677744569447,0.0042876527811804991,0.024076977640865783
10000,0,single,gaussian_matched,0.050000000000000003,597,2,0.050000000000000003,3.7055324057949455,1-<5%,True,True,4,0.040953680425657175,0.42896863222753917,0.025673961694500844,0.075081364846859303,1.0474553374870073,1.0904241402349006,0.99217631585749066,0.9098994411878617,0.85834503050075073,1.0189051909982636,True,True,False,2>4>1>3,10,0,0,True,2,0.040953680425657175,0.03391677744569447,0.0042876527811804991,0.024076977640865783
10000,0,single,gaussian_matched,0.050000000000000003,597,3,0.02,3.7055324057949455,1-<5%,True,False,2,0.022560525269311276,0.53754875359051912,0.034961005158931385,0.040448488995649901,1.0474553374870073,1.0559158561196231,1.0072484920545433,0.95390980845393569,,1.000230695815409,False,False,False,,-1,,,False,2,0.022560525269311276,0.0046707296136785075,0.0050914120331402085,0.020182111435490591
10000,0,single,gaussian_matched,0.050000000000000003,597,3,0.050000000000000003,3.7055324057949455,1-<5%,True,True,4,0.022560525269311276,0.53754875359051912,0.034961005158931385,0.040448488995649901,1.0474553374870073,1.0559158561196231,1.0072484920545433,0.95390980845393569,0.9098306832980001,1.000230695815409,True,True,False,2>4>1>3,10,0,0,True,2,0.022560525269311276,0.0046707296136785075,0.0050914120331402085,0.020182111435490591
10000,0,single,gaussian_matched,0.050000000000000003,597,4,0.02,3.7055324057949455,1-<5%,True,False,2,0.031557828930691249,0.49471433390958519,0.053049911718751688,0.0061024771619023555,1.0474553374870073,1.0456310325465921,0.9801212656190692,0.93734906014794106,,0.94154252452143794,False,False,False,,-1,,,False,2,0.02656414367394528,0.0093621414031218354,0.0037288927324941241,0.031557828930691249
10000,0,single,gaussian_matched,0.050000000000000003,597,4,0.050000000000000003,3.7055324057949455,1-<5%,True,True,4,0.031557828930691249,0.49471433390958519,0.053049911718751688,0.0061024771619023555,1.0474553374870073,1.0456310325465921,0.9801212656190692,0.93734906014794106,0.8853062477640754,0.94154252452143794,True,True,False,2>4>1>3,10,0,0,True,2,0.02656414367394528,0.0093621414031218354,0.0037288927324941241,0.031557828930691249
10000,0,single,gaussian_matched,0.050000000000000003,597,5,0.02,3.7055324057949455,1-<5%,True,False,1,0.034196783782706679,0.45097324475005557,0.051095275438496228,0.049038988148453137,1.0474553374870073,1.0592488618082652,0.97273118564088246,0.91832167181214941,,0.97547851180051848,False,False,False,,-1,,,False,2,0.033833790060341283,0.024046195965660849,0.0037970059174869154,0.034196783782706679
10000,0,single,gaussian_matched,0.050000000000000003,597,5,0.050000000000000003,3.7055324057949455,1-<5%,True,True,4,0.034196783782706679,0.45097324475005557,0.051095275438496228,0.049038988148453137,1.0474553374870073,1.0592488618082652,0.97273118564088246,0.91832167181214941,0.86281109785201004,0.97547851180051848,True,True,False,2>4>1>3,10,0,0,True,2,0.033833790060341283,0.024046195965660849,0.0037970059174869154,0.034196783782706679
10000,0,single,gaussian_matched,0.050000000000000003,597,6,0.02,3.7055324057949455,1-<5%,True,False,2,0.035778818222670324,0.48808890974042124,0.060074265082166962,0.015600156669649203,1.0474553374870073,1.040343012475061,0.97104163561773538,0.93338603131244957,,0.94194163414592647,False,False,False,,-1,,,False,2,0.027051984114023875,0.010963793831423284,0.0035867486250772233,0.035778818222670324
10000,0,single,gaussian_matched,0.050000000000000003,597,6,0.050000000000000003,3.7055324057949455,1-<5%,True,True,4,0.035778818222670324,0.48808890974042124,0.060074265082166962,0.015600156669649203,1.0474553374870073,1.040343012475061,0.97104163561773538,0.93338603131244957,0.87895602820561303,0.94194163414592647,True,True,False,2>4>1>3,10,0,0,True,2,0.027051984114023875,0.010963793831423284,0.0035867486250772233,0.035778818222670324
10000,0,single,gaussian_matched,0.050000000000000003,597,7,0.02,3.7055324057949455,1-<5%,True,False,2,0.026991749079568909,0.49808274970911853,0.041214932466854017,0.0089918440956135784,1.0474553374870073,1.0564471717192387,0.99291535888644689,0.93986276405151281,,0.95651543996689803,False,False,False,,-1,,,False,2,0.026991749079568909,0.010259044513074772,0.003950476511273184,0.025807206297263498
10000,0,single,gaussian_matched,0.050000000000000003,597,7,0.050000000000000003,3.7055324057949455,1-<5%,True,True,4,0.026991749079568909,0.49808274970911853,0.041214932466854017,0.0089918440956135784,1.0474553374870073,1.0564471717192387,0.99291535888644689,0.93986276405151281,0.89081885170918862,0.95651543996689803,True,True,False,2>4>1>3,10,0,0,True,2,0.026991749079568909,0.010259044513074772,0.003950476511273184,0.025807206297263498
10000,0,single,gaussian_matched,0.050000000000000003,597,8,0.02,3.7055324057949455,1-<5%,True,False,3,0.036485285116053638,0.56399783317767871,0.075489903551929818,0.06888728354728961,1.0474553374870073,1.0128803530075954,0.97183675743587672,0.95947833774261104,,0.99357366728400065,False,False,False,,-1,,,False,2,0.016289069004334675,0.0092646730875170346,0.0032729842409389776,0.036485285116053638
10000,0,single,gaussian_matched,0.050000000000000003,597,8,0.050000000000000003,3.7055324057949455,1-<5%,True,True,4,0.036485285116053638,0.56399783317767871,0.075489903551929818,0.06888728354728961,1.0474553374870073,1.0128803530075954,0.97183675743587672,0.95947833774261104,0.91001673813734496,0.99357366728400065,True,True,False,2>4>1>3,10,0,0,True,2,0.016289069004334675,0.0092646730875170346,0.0032729842409389776,0.036485285116053638
10000,0,single,gaussian_matched,0.050000000000000003,597,9,0.02,3.7055324057949455,1-<5%,True,False,3,0.024817326360314619,0.52376845836502561,0.027119924214146041,0.032991475884179187,1.0474553374870073,1.0656144641588661,1.0116418840330774,0.9493507436872195,,0.99730587313009356,False,False,False,,-1,,,False,2,0.024817326360314619,0.0085878986938042676,0.0050207949376385027,0.018173565098470144
10000,0,single,gaussian_matched,0.050000000000000003,597,9,0.050000000000000003,3.7055324057949455,1-<5%,True,True,4,0.024817326360314619,0.52376845836502561,0.027119924214146041,0.032991475884179187,1.0474553374870073,1.0656144641588661,1.0116418840330774,0.9493507436872195,0.90541580519911169,0.99730587313009356,True,True,False,2>4>1>3,10,0,0,True,2,0.024817326360314619,0.0085878986938042676,0.0050207949376385027,0.018173565098470144
10000,0,single,gaussian_matched,0.050000000000000003,597,10,0.02,3.7055324057949455,1-<5%,True,False,2,0.072732899442671223,0.49232529839908107,0.11316268235940728,0.063627238565715921,1.0474553374870073,0.98789970464591947,0.91072670878230921,0.92188175024177132,,0.93021049440221226,False,False,False,,-1,,,False,2,0.022801956331510023,0.013693328798623935,0.0010279864538215015,0.072732899442671223
10000,0,single,gaussian_matched,0.050000000000000003,597,10,0.050000000000000003,3.7055324057949455,1-<5%,True,False,3,0.072732899442671223,0.49232529839908107,0.11316268235940728,0.063627238565715921,1.0474553374870073,0.98789970464591947,0.91072670878230921,0.92188175024177132,,0.93021049440221226,False,False,False,,-1,,,False,2,0.022801956331510023,0.013693328798623935,0.0010279864538215015,0.072732899442671223
10000,0,single,gaussian_matched,0.050000000000000003,597,11,0.02,3.7055324057949455,1-<5%,True,False,2,0.046913229245363071,0.469693459115539,0.075614301050075605,0.039680963177138359,1.0474553374870073,1.0302398773181711,0.94894207854761392,0.92108847603318911,,0.94383312237121064,False,False,False,,-1,,,False,2,0.028881902522889958,0.017437141484967819,0.0031679105513526791,0.046913229245363071
10000,0,single,gaussian_matched,0.050000000000000003,597,11,0.050000000000000003,3.7055324057949455,1-<5%,True,True,4,0.046913229245363071,0.469693459115539,0.075614301050075605,0.039680963177138359,1.0474553374870073,1.0302398773181711,0.94894207854761392,0.92108847603318911,0.86011936500413155,0.94383312237121064,True,True,False,2>4>1>3,10,0,0,True,2,0.028881902522889958,0.017437141484967819,0.0031679105513526791,0.046913229245363071
10000,0,single,gaussian_matched,0.050000000000000003,597,12,0.02,3.7055324057949455,1-<5%,True,False,2,0.043636390854793858,0.45122660884614529,-0.049059226157668029,0.11041546074532739,1.0474553374870073,1.1552279959889202,1.0559817747799316,0.91408949440839171,,1.1135531929443503,False,False,False,,-1,,,False,2,0.042589562871912852,0.043636390854793858,0.0074948980902892022,0.0011038906963985026
10000,0,single,gaussian_matched,0.050000000000000003,597,12,0.050000000000000003,3.7055324057949455,1-<5%,True,True,4,0.043636390854793858,0.45122660884614529,-0.049059226157668029,0.11041546074532739,1.0474553374870073,1.1552279959889202,1.0559817747799316,0.91408949440839171,0.87602433874151553,1.1135531929443503,True,True,False,2>4>1>3,10,0,0,True,2,0.042589562871912852,0.043636390854793858,0.0074948980902892022,0.0011038906963985026
10000,0,single,gaussian_matched,0.050000000000000003,597,13,0.02,3.7055324057949455,1-<5%,True,False,2,0.039180278268000669,0.45737035472764448,-0.017122578691501994,0.079515578512916199,1.0474553374870073,1.1227918577792599,1.0337961871509513,0.9207371606663316,,1.0628727792202188,False,False,False,,-1,,,False,2,0.039180278268000669,0.033846910480915031,0.0052783745402814348,0.0077138360651952112
10000,0,single,gaussian_matched,0.050000000000000003,597,13,0.050000000000000003,3.7055324057949455,1-<5%,True,True,4,0.039180278268000669,0.45737035472764448,-0.017122578691501994,0.079515578512916199,1.0474553374870073,1.1227918577792599,1.0337961871509513,0.9207371606663316,0.87861839888036208,1.0628727792202188,True,True,False,2>4>1>3,10,0,0,True,2,0.039180278268000669,0.033846910480915031,0.0052783745402814348,0.0077138360651952112
10000,0,single,gaussian_matched,0.050000000000000003,597,14,0.02,3.7055324057949455,1-<5%,True,False,3,0.025158930555857759,0.52648964746496463,0.019571244795413126,0.040343655834824632,1.0474553374870073,1.0726710665115395,1.0189201434919959,0.9498905818403881,,1.0112734752663952,False,False,False,,-1,,,False,2,0.025158930555857759,0.010459776322576837,0.005994927738143893,0.015278747725054777
10000,0,single,gaussian_matched,0.050000000000000003,597,14,0.050000000000000003,3.7055324057949455,1-<5%,True,True,4,0.025158930555857759,0.52648964746496463,0.019571244795413126,0.040343655834824632,1.0474553374870073,1.0726710665115395,1.0189201434919959,0.9498905818403881,0.90755410591593244,1.0112734752663952,True,True,False,2>4>1>3,10,0,0,True,2,0.025158930555857759,0.010459776322576837,0.005994927738143893,0.015278747725054777
10000,0,single,gaussian_matched,0.050000000000000003,597,15,0.02,3.7055324057949455,1-<5%,True,False,2,0.054161220516468322,0.50912172827689628,0.092794603566440953,0.043755959835962574,1.0474553374870073,1.0036996518769321,0.93844023549815292,0.93498113080268264,,0.93769744654749898,False,False,False,,-1,,,False,2,0.021676079975750773,0.0056349322333701587,0.0025219422995779316,0.054161220516468322
10000,0,single,gaussian_matched,0.050000000000000003,597,15,0.050000000000000003,3.7055324057949455,1-<5%,True,False,3,0.054161220516468322,0.50912172827689628,0.092794603566440953,0.043755959835962574,1.0474553374870073,1.0036996518769321,0.93844023549815292,0.93498113080268264,,0.93769744654749898,False,False,False,,-1,,,False,2,0.021676079975750773,0.0056349322333701587,0.0025219422995779316,0.054161220516468322
10000,0,single,gaussian_matched,0.050000000000000003,597,16,0.02,3.7055324057949455,1-<5%,True,False,2,0.038140461582654155,0.46552332385677375,-0.024905261927877759,0.082458713683690704,1.0474553374870073,1.1282587074448891,1.0418175487064407,0.92338533869221595,,1.0733405255134107,False,False,False,,-1,,,False,2,0.038140461582654155,0.033827347222042767,0.006258203642268239,0.004940165319788495
10000,0,single,gaussian_matched,0.050000000000000003,597,16,0.050000000000000003,3.7055324057949455,1-<5%,True,True,4,0.038140461582654155,0.46552332385677375,-0.024905261927877759,0.082458713683690704,1.0474553374870073,1.1282587074448891,1.0418175487064407,0.92338533869221595,0.88300650754340904,1.0733405255134107,True,True,False,2>4>1>3,10,0,0,True,2,0.038140461582654155,0.033827347222042767,0.006258203642268239,0.004940165319788495
10000,0,single,gaussian_matched,0.050000000000000003,597,17,0.02,3.7055324057949455,1-<5%,True,True,4,0.017204685654400299,0.60812735015591746,0.030908017301280555,0.10979994378463309,1.0474553374870073,1.0563381167839982,1.024918143421947,0.97025576104580147,0.96327176301319761,1.0833092797339965,True,True,False,2>4>1>3,10,0,0,True,2,0.017204685654400299,0.0087335159095167838,0.012864224215645611,0.016413802655479533
10000,0,single,gaussian_matched,0.050000000000000003,597,17,0.050000000000000003,3.7055324057949455,1-<5%,True,True,4,0.017204685654400299,0.60812735015591746,0.030908017301280555,0.10979994378463309,1.0474553374870073,1.0563381167839982,1.024918143421947,0.97025576104580147,0.93471498646755735,1.0833092797339965,True,True,False,2>4>1>3,10,0,0,True,2,0.017204685654400299,0.0087335159095167838,0.012864224215645611,0.016413802655479533
10000,0,single,gaussian_matched,0.050000000000000003,597,18,0.02,3.7055324057949455,1-<5%,True,False,2,0.057455016412391376,0.4849815134746438,0.092761458814754449,0.04532215018595484,1.0474553374870073,1.0095174590424429,0.93249605854684148,0.92370473654942176,,0.93351780618992297,False,False,False,,-1,,,False,2,0.025620960819270112,0.013863072033502719,0.0024101504038082627,0.057455016412391376
10000,0,single,gaussian_matched,0.050000000000000003,597,18,0.050000000000000003,3.7055324057949455,1-<5%,True,False,3,0.057455016412391376,0.4849815134746438,0.092761458814754449,0.04532215018595484,1.0474553374870073,1.0095174590424429,0.93249605854684148,0.92370473654942176,,0.93351780618992297,False,False,False,,-1,,,False,2,0.025620960819270112,0.013863072033502719,0.0024101504038082627,0.057455016412391376
10000,0,single,gaussian_matched,0.050000000000000003,597,19,0.02,3.7055324057949455,1-<5%,True,False,2,0.022860794517334679,0.53085249522428524,0.039961723890588635,0.032444467152556576,1.0474553374870073,1.0518645127074593,1.0011636179766839,0.95179902533238503,,0.9867801023469045,False,False,False,,-1,,,False,2,0.022860794517334679,0.0038978586368674209,0.004243498599063672,0.022642302857391564
10000,0,single,gaussian_matched,0.050000000000000003,597,19,0.050000000000000003,3.7055324057949455,1-<5%,True,True,4,0.022860794517334679,0.53085249522428524,0.039961723890588635,0.032444467152556576,1.0474553374870073,1.0518645127074593,1.0011636179766839,0.95179902533238503,0.9060671341977361,0.9867801023469045,True,True,False,2>4>1>3,10,0,0,True,2,0.022860794517334679,0.0038978586368674209,0.004243498599063672,0.022642302857391564
10000,0,single,gaussian_matched,0.050000000000000003,597,20,0.02,3.7055324057949455,1-<5%,True,False,1,0.063646084995137062,0.34934535687828705,0.094933165629992433,0.15721262947887812,1.0474553374870073,1.0229047960003574,0.91418622146284467,0.89371584241015256,,1.0228587440416881,False,False,False,,-1,,,False,2,0.046788292730978551,0.057780674766368577,0.0018775552350145824,0.063646084995137062
10000,0,single,gaussian_matched,0.050000000000000003,597,20,0.050000000000000003,3.7055324057949455,1-<5%,True,False,2,0.063646084995137062,0.34934535687828705,0.094933165629992433,0.15721262947887812,1.0474553374870073,1.0229047960003574,0.91418622146284467,0.89371584241015256,,1.0228587440416881,False,False,False,,-1,,,False,2,0.046788292730978551,0.057780674766368577,0.0018775552350145824,0.063646084995137062
10000,0,single,gaussian_matched,0.050000000000000003,597,21,0.02,3.7055324057949455,1-<5%,True,False,2,0.04693219601947228,0.41386269636494533,0.0081919676260137145,0.095747306220602832,1.0474553374870073,1.1120304331265358,1.0026365716771628,0.90162691758191715,,1.0486212047312138,False,False,False,,-1,,,False,2,0.04693219601947228,0.041512800288052543,0.004589934522287926,0.018090269107001181
10000,0,single,gaussian_matched,0.050000000000000003,597,21,0.050000000000000003,3.7055324057949455,1-<5%,True,True,4,0.04693219601947228,0.41386269636494533,0.0081919676260137145,0.095747306220602832,1.0474553374870073,1.1120304331265358,1.0026365716771628,0.90162691758191715,0.85233160452586998,1.0486212047312138,True,True,False,2>4>1>3,10,0,0,True,2,0.04693219601947228,0.041512800288052543,0.004589934522287926,0.018090269107001181
10000,0,single,gaussian_matched,0.050000000000000003,597,22,0.02,3.7055324057949455,1-<5%,True,False,1,0.054377403843465212,0.37613019254690255,0.080296482795793184,0.12752100245945067,1.0474553374870073,1.040379895744806,0.92747352586690668,0.89147582499460942,,1.0071976251106205,False,False,False,,-1,,,False,2,0.047039086544004405,0.049016214852054082,0.0028111395692408496,0.054377403843465212
10000,0,single,gaussian_matched,0.050000000000000003,597,22,0.050000000000000003,3.7055324057949455,1-<5%,True,False,3,0.054377403843465212,0.37613019254690255,0.080296482795793184,0.12752100245945067,1.0474553374870073,1.040379895744806,0.92747352586690668,0.89147582499460942,,1.0071976251106205,False,False,False,,-1,,,False,2,0.047039086544004405,0.049016214852054082,0.0028111395692408496,0.054377403843465212
10000,0,single,gaussian_matched,0.050000000000000003,597,23,0.02,3.7055324057949455,1-<5%,True,False,2,0.028250171108300245,0.49524268603983973,0.031234363869889623,0.019359264848729144,1.0474553374870073,1.0668032890456467,1.0018615017708492,0.93912487152819535,,0.97495399571845287,False,False,False,,-1,,,False,2,0.028250171108300245,0.013090049520046391,0.0041247356462554684,0.021891527432317804
10000,0,single,gaussian_matched,0.050000000000000003,597,23,0.050000000000000003,3.7055324057949455,1-<5%,True,True,4,0.028250171108300245,0.49524268603983973,0.031234363869889623,0.019359264848729144,1.0474553374870073,1.0668032890456467,1.0018615017708492,0.93912487152819535,0.89188954748136573,0.97495399571845287,True,True,False,2>4>1>3,10,0,0,True,2,0.028250171108300245,0.013090049520046391,0.0041247356462554684,0.021891527432317804
10000,0,single,gaussian_matched,0.050000000000000003,597,24,0.02,3.7055324057949455,1-<5%,True,False,2,0.028134962895532627,0.5281749867999479,-0.021117707550327242,0.076495478352587021,1.0474553374870073,1.1127357522133274,1.0527942076972532,0.94613137539901515,,1.0781268142269103,False,False,False,,-1,,,False,2,0.028134962895532627,0.022639207518799113,0.010686684391075443,0.0028135619336913734
10000,0,single,gaussian_matched,0.050000000000000003,597,24,0.050000000000000003,3.7055324057949455,1-<5%,True,True,4,0.028134962895532627,0.5281749867999479,-0.021117707550327242,0.076495478352587021,1.0474553374870073,1.1127357522133274,1.0527942076972532,0.94613137539901515,0.91016544522695386,1.0781268142269103,True,True,False,2>4>1>3,10,0,0,True,2,0.028134962895532627,0.022639207518799113,0.010686684391075443,0.0028135619336913734
10000,0,single,gaussian_matched,0.050000000000000003,597,25,0.02,3.7055324057949455,1-<5%,True,False,2,0.041276853030700923,0.50545752615292683,0.072886238226332611,0.023527951289101401,1.0474553374870073,1.0239327091407606,0.96083931001769141,0.93838130322449176,,0.93977015160229016,False,False,False,,-1,,,False,2,0.023586866976408365,0.0048475618573785191,0.0032476641851778149,0.041276853030700923
10000,0,single,gaussian_matched,0.050000000000000003,597,25,0.050000000000000003,3.7055324057949455,1-<5%,True,True,4,0.041276853030700923,0.50545752615292683,0.072886238226332611,0.023527951289101401,1.0474553374870073,1.0239327091407606,0.96083931001769141,0.93838130322449176,0.88206512962279027,0.93977015160229016,True,True,False,2>4>1>3,10,0,0,True,2,0.023586866976408365,0.0048475618573785191,0.0032476641851778149,0.041276853030700923
10000,0,single,gaussian_matched,0.050000000000000003,597,26,0.02,3.7055324057949455,1-<5%,True,False,2,0.026977933301293937,0.50296026069649813,0.033286265102973445,0.016973864545215239,1.0474553374870073,1.0632069884594533,1.0015897324638767,0.94204585121768469,,0.9724172101244617,False,False,False,,-1,,,False,2,0.026977933301293937,0.01077477810656753,0.0040853797397793759,0.022106669367264051
10000,0,single,gaussian_matched,0.050000000000000003,597,26,0.050000000000000003,3.7055324057949455,1-<5%,True,True,4,0.026977933301293937,0.50296026069649813,0.033286265102973445,0.016973864545215239,1.0474553374870073,1.0632069884594533,1.0015897324638767,0.94204585121768469,0.89507031779419843,0.9724172101244617,True,True,False,2>4>1>3,10,0,0,True,2,0.026977933301293937,0.01077477810656753,0.0040853797397793759,0.022106669367264051
10000,0,single,gaussian_matched,0.050000000000000003,597,27,0.02,3.7055324057949455,1-<5%,True,False,2,0.033587025538192629,0.49680053211678504,-0.03969674083792972,0.089753784943491122,1.0474553374870073,1.1360264698558851,1.0604865210624665,0.93350511559558869,,1.098128258876933,False,False,False,,-1,,,False,2,0.033587025538192629,0.031897245807005016,0.0099840531006997382,0.00077557970808713925
10000,0,single,gaussian_matched,0.050000000000000003,597,27,0.050000000000000003,3.7055324057949455,1-<5%,True,True,4,0.033587025538192629,0.49680053211678504,-0.03969674083792972,0.089753784943491122,1.0474553374870073,1.1360264698558851,1.0604865210624665,0.93350511559558869,0.89752550479432114,1.098128258876933,True,True,False,2>4>1>3,10,0,0,True,2,0.033587025538192629,0.031897245807005016,0.0099840531006997382,0.00077557970808713925
10000,0,single,gaussian_matched,0.050000000000000003,597,28,0.02,3.7055324057949455,1-<5%,True,False,2,0.094226255824855734,0.44921156254947792,0.13181286667810074,0.096295433602815672,1.0474553374870073,0.9839999322130657,0.88750155241412876,0.90193253409895346,,0.93922571283775391,False,False,False,,-1,,,False,2,0.018805670375012275,0.030752643142815353,0.0019222074193801855,0.094226255824855734
10000,0,single,gaussian_matched,0.050000000000000003,597,28,0.050000000000000003,3.7055324057949455,1-<5%,True,False,3,0.094226255824855734,0.44921156254947792,0.13181286667810074,0.096295433602815672,1.0474553374870073,0.9839999322130657,0.88750155241412876,0.90193253409895346,,0.93922571283775391,False,False,False,,-1,,,False,2,0.018805670375012275,0.030752643142815353,0.0019222074193801855,0.094226255824855734
10000,0,single,gaussian_matched,0.050000000000000003,597,29,0.02,3.7055324057949455,1-<5%,True,False,2,0.035949098128424922,0.551997314698633,-0.066959250941068124,0.12799682463469328,1.0474553374870073,1.1558318019159715,1.0912659913733032,0.94413909494820925,,1.1640236794565193,False,False,False,,-1,,,False,2,0.028345364164327501,0.035949098128424922,0.017669395397189834,0.003701111483681325
10000,0,single,gaussian_matched,0.050000000000000003,597,29,0.050000000000000003,3.7055324057949455,1-<5%,True,True,4,0.035949098128424922,0.551997314698633,-0.066959250941068124,0.12799682463469328,1.0474553374870073,1.1558318019159715,1.0912659913733032,0.94413909494820925,0.9158401995228207,1.1640236794565193,True,True,False,2>4>1>3,10,0,0,True,2,0.028345364164327501,0.035949098128424922,0.017669395397189834,0.003701111483681325
10000,0,single,gaussian_matched,0.050000000000000003,597,30,0.02,3.7055324057949455,1-<5%,True,False,2,0.028924606455202822,0.51419670293839181,-0.0077924888272898687,0.05951065567756221,1.0474553374870073,1.1015991219750598,1.0394275693333577,0.94356245261866711,,1.0491504369507796,False,False,False,,-1,,,False,2,0.028924606455202822,0.02006735339200898,0.0080448144505083363,0.0072052689652594383
10000,0,single,gaussian_matched,0.050000000000000003,597,30,0.050000000000000003,3.7055324057949455,1-<5%,True,True,4,0.028924606455202822,0.51419670293839181,-0.0077924888272898687,0.05951065567756221,1.0474553374870073,1.1015991219750598,1.0394275693333577,0.94356245261866711,0.90453113715234745,1.0491504369507796,True,True,False,2>4>1>3,10,0,0,True,2,0.028924606455202822,0.02006735339200898,0.0080448144505083363,0.0072052689652594383
10000,0,single,gaussian_matched,0.050000000000000003,597,31,0.02,3.7055324057949455,1-<5%,True,False,3,0.038159122323273689,0.54948338622056903,0.075871038997685158,0.05583830379474064,1.0474553374870073,1.0138725699405424,0.96799017699845991,0.95474540459776591,,0.97744356647177832,False,False,False,,-1,,,False,2,0.01778396556291071,0.0090347869068136567,0.0032253894245168994,0.038159122323273689
10000,0,single,gaussian_matched,0.050000000000000003,597,31,0.050000000000000003,3.7055324057949455,1-<5%,True,True,4,0.038159122323273689,0.54948338622056903,0.075871038997685158,0.05583830379474064,1.0474553374870073,1.0138725699405424,0.96799017699845991,0.95474540459776591,0.90313980107302361,0.97744356647177832,True,True,False,2>4>1>3,10,0,0,True,2,0.01778396556291071,0.0090347869068136567,0.0032253894245168994,0.038159122323273689
10000,0,single,gaussian_matched,0.050000000000000003,598,0,0.02,4.4278995123001454,1-<5%,True,True,4,0.012594243347139197,0.49529475172217813,0.091412223429185563,0.041678670932561314,1.5100293059980339,1.4793182100930493,1.4768217495610942,0.99831242492999661,0.98862204613471616,1.0056099007231007,True,True,False,4>3>1>2,22,0,0,True,2,0.00074295706014274379,0.0085874078267863582,0.00043122135463704171,0.012594243347139197
10000,0,single,gaussian_matched,0.050000000000000003,598,0,0.050000000000000003,4.4278995123001454,1-<5%,True,True,4,0.012594243347139197,0.49529475172217813,0.091412223429185563,0.041678670932561314,1.5100293059980339,1.4793182100930493,1.4768217495610942,0.99831242492999661,0.96776738667606499,1.0056099007231007,True,True,False,4>3>1>2,22,0,0,True,2,0.00074295706014274379,0.0085874078267863582,0.00043122135463704171,0.012594243347139197
10000,0,single,gaussian_matched,0.050000000000000003,598,1,0.02,4.4278995123001454,1-<5%,True,False,3,0.02208774371288667,0.47093714476087922,0.088095423470181664,0.047915663869162427,1.5100293059980339,1.497366017913061,1.4813492897785365,0.98930339813852086,,1.0127385922731822,False,False,False,,-1,,,False,2,0.00012636281202481014,0.0067052401138023923,0.0074511599378454104,0.02208774371288667
10000,0,single,gaussian_matched,0.050000000000000003,598,1,0.050000000000000003,4.4278995123001454,1-<5%,True,True,4,0.02208774371288667,0.47093714476087922,0.088095423470181664,0.047915663869162427,1.5100293059980339,1.497366017913061,1.4813492897785365,0.98930339813852086,0.95797943172553668,1.0127385922731822,True,True,False,4>3>1>2,22,0,0,True,2,0.00012636281202481014,0.0067052401138023923,0.0074511599378454104,0.02208774371288667
10000,0,single,gaussian_matched,0.050000000000000003,598,2,0.02,4.4278995123001454,1-<5%,True,True,4,0.014049018355241635,0.46608926326596528,0.034610987406263415,0.03723922360167025,1.5100293059980339,1.5421884342023355,1.5143957884554768,0.9819784371802569,0.97160737186507673,1.0275529129758276,True,True,False,4>3>1>2,22,0,0,True,2,0.0087486523793042122,0.011082945741974626,0.011799114151321533,0.014049018355241635
10000,0,single,gaussian_matched,0.050000000000000003,598,2,0.050000000000000003,4.4278995123001454,1-<5%,True,True,4,0.014049018355241635,0.46608926326596528,0.034610987406263415,0.03723922360167025,1.5100293059980339,1.5421884342023355,1.5143957884554768,0.9819784371802569,0.95083926077768988,1.0275529129758276,True,True,False,4>3>1>2,22,0,0,True,2,0.0087486523793042122,0.011082945741974626,0.011799114151321533,0.014049018355241635
10000,0,single,gaussian_matched,0.050000000000000003,598,3,0.02,4.4278995123001454,1-<5%,True,False,2,0.083005181826375535,0.3452540188523362,0.1087777240568809,0.16553289560283768,1.5100293059980339,1.5765806784416108,1.4876623860963207,0.94360054416423378,,1.094810064369248,False,False,False,,-1,,,False,2,0.0083267073607888736,0.0047812885180103879,0.043551104276546106,0.083005181826375535
10000,0,single,gaussian_matched,0.050000000000000003,598,3,0.050000000000000003,4.4278995123001454,1-<5%,True,False,3,0.083005181826375535,0.3452540188523362,0.1087777240568809,0.16553289560283768,1.5100293059980339,1.5765806784416108,1.4876623860963207,0.94360054416423378,,1.094810064369248,False,False,False,,-1,,,False,2,0.0083267073607888736,0.0047812885180103879,0.043551104276546106,0.083005181826375535
10000,0,single,gaussian_matched,0.050000000000000003,598,4,0.02,4.4278995123001454,1-<5%,True,True,4,0.012736734308737162,0.47371834854050809,0.021919676363045971,0.038460756349742949,1.5100293059980339,1.5480469221516637,1.521581120464206,0.98290374709658523,0.97336663739904961,1.0331202650288036,True,True,False,4>3>1>2,22,0,0,True,2,0.011115519830144404,0.012736734308737162,0.012315244782980317,0.0091704028646716063
10000,0,single,gaussian_matched,0.050000000000000003,598,4,0.050000000000000003,4.4278995123001454,1-<5%,True,True,4,0.012736734308737162,0.47371834854050809,0.021919676363045971,0.038460756349742949,1.5100293059980339,1.5480469221516637,1.521581120464206,0.98290374709658523,0.95215486800715254,1.0331202650288036,True,True,False,4>3>1>2,22,0,0,True,2,0.011115519830144404,0.012736734308737162,0.012315244782980317,0.0091704028646716063
10000,0,single,gaussian_matched,0.050000000000000003,598,5,0.02,4.4278995123001454,1-<5%,True,True,4,0.015084789151446943,0.46985594899350724,0.057890983096326509,0.031159772549050283,1.5100293059980339,1.5213933288159573,1.4998248115532802,0.98582318138632619,0.97517523199442602,1.0138773982869467,True,True,False,4>3>1>2,22,0,0,True,2,0.0049436223553862976,0.0091747451618077389,0.0081766079408189668,0.015084789151446943
10000,0,single,gaussian_matched,0.050000000000000003,598,5,0.050000000000000003,4.4278995123001454,1-<5%,True,True,4,0.015084789151446943,0.46985594899350724,0.057890983096326509,0.031159772549050283,1.5100293059980339,1.5213933288159573,1.4998248115532802,0.98582318138632619,0.95461688460068406,1.0138773982869467,True,True,False,4>3>1>2,22,0,0,True,2,0.0049436223553862976,0.0091747451618077389,0.0081766079408189668,0.015084789151446943
10000,0,single,gaussian_matched,0.050000000000000003,598,6,0.02,4.4278995123001454,1-<5%,True,False,2,0.021595199241254547,0.52656510699800663,-0.024568835411474838,0.07915943484158515,1.5100293059980339,1.5615314147353805,1.5476260037822811,0.99109501683931489,,1.0773204415053812,False,False,False,,-1,,,False,2,0.020320283570481934,0.019884596889703843,0.018411883093210082,0.021595199241254547
10000,0,single,gaussian_matched,0.050000000000000003,598,6,0.050000000000000003,4.4278995123001454,1-<5%,True,True,4,0.021595199241254547,0.52656510699800663,-0.024568835411474838,0.07915943484158515,1.5100293059980339,1.5615314147353805,1.5476260037822811,0.99109501683931489,0.96303019117047695,1.0773204415053812,True,True,False,4>3>1>2,22,0,0,True,2,0.020320283570481934,0.019884596889703843,0.018411883093210082,0.021595199241254547
10000,0,single,gaussian_matched,0.050000000000000003,598,7,0.02,4.4278995123001454,1-<5%,True,True,4,0.013630758909050278,0.51169381602738184,0.040471190914983468,0.015084546259697244,1.5100293059980339,1.5116740116336544,1.5071815740538659,0.99702817039572333,0.98937258639983683,1.0081036932640466,True,True,False,4>3>1>2,22,0,0,True,2,0.0096278574762435048,0.013630758909050278,0.0042460424329314444,0.0085463676916235545
10000,0,single,gaussian_matched,0.050000000000000003,598,7,0.050000000000000003,4.4278995123001454,1-<5%,True,True,4,0.013630758909050278,0.51169381602738184,0.040471190914983468,0.015084546259697244,1.5100293059980339,1.5116740116336544,1.5071815740538659,0.99702817039572333,0.96746807664093792,1.0081036932640466,True,True,False,4>3>1>2,22,0,0,True,2,0.0096278574762435048,0.013630758909050278,0.0042460424329314444,0.0085463676916235545
10000,0,single,gaussian_matched,0.050000000000000003,598,8,0.02,4.4278995123001454,1-<5%,True,False,2,0.027076035325287379,0.43658624586235073,-0.01859896833649019,0.093419070165898205,1.5100293059980339,1.6025645062296792,1.549152146234682,0.96667069575835085,,1.0877743960836206,False,False,False,,-1,,,False,2,0.017369782585280224,0.014826507934158755,0.027076035325287379,0.024785381210716228
10000,0,single,gaussian_matched,0.050000000000000003,598,8,0.050000000000000003,4.4278995123001454,1-<5%,True,True,4,0.027076035325287379,0.43658624586235073,-0.01859896833649019,0.093419070165898205,1.5100293059980339,1.6025645062296792,1.549152146234682,0.96667069575835085,0.93518323448337459,1.0877743960836206,True,True,False,4>3>1>2,22,0,0,True,2,0.017369782585280224,0.014826507934158755,0.027076035325287379,0.024785381210716228
10000,0,single,gaussian_matched,0.050000000000000003,598,9,0.02,4.4278995123001454,1-<5%,True,False,2,0.047369094342208304,0.40201270809524486,0.042928748277773383,0.098242108974445283,1.5100293059980339,1.577123379975224,1.5158666305230666,0.9611591900608818,,1.0689254394507848,False,False,False,,-1,,,False,2,0.0057496114694686913,0.0065327914013986509,0.027656329448105338,0.047369094342208304
10000,0,single,gaussian_matched,0.050000000000000003,598,9,0.050000000000000003,4.4278995123001454,1-<5%,True,True,4,0.047369094342208304,0.40201270809524486,0.042928748277773383,0.098242108974445283,1.5100293059980339,1.577123379975224,1.5158666305230666,0.9611591900608818,0.92806221404965672,1.0689254394507848,True,True,False,4>3>1>2,22,0,0,True,2,0.0057496114694686913,0.0065327914013986509,0.027656329448105338,0.047369094342208304
10000,0,single,gaussian_matched,0.050000000000000003,598,10,0.02,4.4278995123001454,1-<5%,True,False,3,0.033519857822453217,0.56749198337211337,0.046416916367147308,0.06758702765931969,1.5100293059980339,1.4798489711446698,1.4995339871240341,1.0133020438998839,,1.0378083448834696,False,False,False,,-1,,,False,2,0.01204144295803059,0.017400565203854416,0.0040823847776712682,0.033519857822453217
10000,0,single,gaussian_matched,0.050000000000000003,598,10,0.050000000000000003,4.4278995123001454,1-<5%,True,True,4,0.033519857822453217,0.56749198337211337,0.046416916367147308,0.06758702765931969,1.5100293059980339,1.4798489711446698,1.4995339871240341,1.0133020438998839,0.98603647711855091,1.0378083448834696,True,True,False,4>3>1>2,22,0,0,True,2,0.01204144295803059,0.017400565203854416,0.0040823847776712682,0.033519857822453217
10000,0,single,gaussian_matched,0.050000000000000003,598,11,0.02,4.4278995123001454,1-<5%,True,True,4,0.013291339817994321,0.5235836761538244,0.13543890964883665,0.088634062656015825,1.5100293059980339,1.4272649715141041,1.4467109121994011,1.0136246184649707,1.0052740082047977,1.0167650182395971,True,True,False,4>3>1>2,22,0,0,True,2,0.0036226210563246302,0.0091169861582745138,0.0069534674312604914,0.013291339817994321
10000,0,single,gaussian_matched,0.050000000000000003,598,11,0.050000000000000003,4.4278995123001454,1-<5%,True,True,4,0.013291339817994321,0.5235836761538244,0.13543890964883665,0.088634062656015825,1.5100293059980339,1.4272649715141041,1.4467109121994011,1.0136246184649707,0.98395418058249307,1.0167650182395971,True,True,False,4>3>1>2,22,0,0,True,2,0.0036226210563246302,0.0091169861582745138,0.0069534674312604914,0.013291339817994321
10000,0,single,gaussian_matched,0.050000000000000003,598,12,0.02,4.4278995123001454,1-<5%,True,True,4,0.012011725185462882,0.5244182020793503,0.13273351921549587,0.086261716853821141,1.5100293059980339,1.4288466375404127,1.4482937358461618,1.0136103468313611,1.0053047248708167,1.0162421660324923,True,True,False,4>3>1>2,22,0,0,True,2,0.0031532140617523317,0.009273741992228135,0.0072988370056517706,0.012011725185462882
10000,0,single,gaussian_matched,0.050000000000000003,598,12,0.050000000000000003,4.4278995123001454,1-<5%,True,True,4,0.012011725185462882,0.5244182020793503,0.13273351921549587,0.086261716853821141,1.5100293059980339,1.4288466375404127,1.4482937358461618,1.0136103468313611,0.98397098789008486,1.0162421660324923,True,True,False,4>3>1>2,22,0,0,True,2,0.0031532140617523317,0.009273741992228135,0.0072988370056517706,0.012011725185462882
10000,0,single,gaussian_matched,0.050000000000000003,598,13,0.02,4.4278995123001454,1-<5%,True,False,3,0.036496945477879329,0.43305380005706018,0.078002311387951107,0.072566680576335113,1.5100293059980339,1.5303188139528401,1.4916875018064737,0.97475603658914634,,1.0359098172263193,False,False,False,,-1,,,False,2,0.00016771137858880006,0.0046560220407780659,0.018117263484120211,0.036496945477879329
10000,0,single,gaussian_matched,0.050000000000000003,598,13,0.050000000000000003,4.4278995123001454,1-<5%,True,True,4,0.036496945477879329,0.43305380005706018,0.078002311387951107,0.072566680576335113,1.5100293059980339,1.5303188139528401,1.4916875018064737,0.97475603658914634,0.94236342459592848,1.0359098172263193,True,True,False,4>3>1>2,22,0,0,True,2,0.00016771137858880006,0.0046560220407780659,0.018117263484120211,0.036496945477879329
10000,0,single,gaussian_matched,0.050000000000000003,598,14,0.02,4.4278995123001454,1-<5%,True,True,4,0.012455960336498656,0.49644073794550825,0.041613129751816795,0.0091108692742463103,1.5100293059980339,1.5189766323841434,1.5076080551751456,0.99251563390336428,0.98380154642897755,1.0044301249153151,True,True,False,4>3>1>2,22,0,0,True,2,0.0087210770178096086,0.012455960336498656,0.0048358396762893125,0.00084427275715028872
10000,0,single,gaussian_matched,0.050000000000000003,598,14,0.050000000000000003,4.4278995123001454,1-<5%,True,True,4,0.012455960336498656,0.49644073794550825,0.041613129751816795,0.0091108692742463103,1.5100293059980339,1.5189766323841434,1.5076080551751456,0.99251563390336428,0.96236940891322986,1.0044301249153151,True,True,False,4>3>1>2,22,0,0,True,2,0.0087210770178096086,0.012455960336498656,0.0048358396762893125,0.00084427275715028872
10000,0,single,gaussian_matched,0.050000000000000003,598,15,0.02,4.4278995123001454,1-<5%,True,True,4,0.015204733987303747,0.49623922628240535,0.0094002790110506509,0.040773530179952347,1.5100293059980339,1.5462346461297525,1.5277798373423142,0.98806467774239115,0.98057851287765541,1.0387569044466669,True,True,False,4>3>1>2,22,0,0,True,2,0.013885471575691245,0.015204733987303747,0.011900162167995084,0.0034681739659877284
10000,0,single,gaussian_matched,0.050000000000000003,598,15,0.050000000000000003,4.4278995123001454,1-<5%,True,True,4,0.015204733987303747,0.49623922628240535,0.0094002790110506509,0.040773530179952347,1.5100293059980339,1.5462346461297525,1.5277798373423142,0.98806467774239115,0.95828301484331913,1.0387569044466669,True,True,False,4>3>1>2,22,0,0,True,2,0.013885471575691245,0.015204733987303747,0.011900162167995084,0.0034681739659877284
10000,0,single,gaussian_matched,0.050000000000000003,598,16,0.02,4.4278995123001454,1-<5%,True,False,2,0.025264277511656941,0.48644602883514798,-0.045780222397100251,0.096734487835392124,1.5100293059980339,1.5988583229591493,1.5629834410397481,0.97756218834136321,,1.0991296144270337,False,False,False,,-1,,,False,2,0.022790774128575133,0.019844942901461191,0.025264277511656941,0.0024347183419509101
10000,0,single,gaussian_matched,0.050000000000000003,598,16,0.050000000000000003,4.4278995123001454,1-<5%,True,True,4,0.025264277511656941,0.48644602883514798,-0.045780222397100251,0.096734487835392124,1.5100293059980339,1.5988583229591493,1.5629834410397481,0.97756218834136321,0.9482745999254566,1.0991296144270337,True,True,False,4>3>1>2,22,0,0,True,2,0.022790774128575133,0.019844942901461191,0.025264277511656941,0.0024347183419509101
10000,0,single,gaussian_matched,0.050000000000000003,598,17,0.02,4.4278995123001454,1-<5%,True,False,3,0.030255815539601088,0.57510381667564925,0.073772003083673515,0.078776210938707333,1.5100293059980339,1.4518677136112286,1.4811701641152992,1.0201825897975145,,1.033057020057621,False,False,False,,-1,,,False,2,0.0088410930031342424,0.016453408092624362,0.0011722199888740705,0.030255815539601088
10000,0,single,gaussian_matched,0.050000000000000003,598,17,0.050000000000000003,4.4278995123001454,1-<5%,True,True,4,0.030255815539601088,0.57510381667564925,0.073772003083673515,0.078776210938707333,1.5100293059980339,1.4518677136112286,1.4811701641152992,1.0201825897975145,0.9929780324733245,1.033057020057621,True,True,False,4>3>1>2,22,0,0,True,2,0.0088410930031342424,0.016453408092624362,0.0011722199888740705,0.030255815539601088
10000,0,single,gaussian_matched,0.050000000000000003,598,18,0.02,4.4278995123001454,1-<5%,True,True,4,0.01332969731317752,0.52003867636394008,0.052735190277234001,0.020224485562589871,1.5100293059980339,1.4968535853523985,1.4988244361367706,1.0013166623667524,0.99385681912729185,1.0059731395049749,True,True,False,4>3>1>2,22,0,0,True,2,0.0082206041828131512,0.01332969731317752,0.0016672956791227698,0.0095181137406754358
10000,0,single,gaussian_matched,0.050000000000000003,598,18,0.050000000000000003,4.4278995123001454,1-<5%,True,True,4,0.01332969731317752,0.52003867636394008,0.052735190277234001,0.020224485562589871,1.5100293059980339,1.4968535853523985,1.4988244361367706,1.0013166623667524,0.97195748446987629,1.0059731395049749,True,True,False,4>3>1>2,22,0,0,True,2,0.0082206041828131512,0.01332969731317752,0.0016672956791227698,0.0095181137406754358
10000,0,single,gaussian_matched,0.050000000000000003,598,19,0.02,4.4278995123001454,1-<5%,True,False,3,0.020115158128452989,0.47240115124206311,0.083409625019294928,0.043334737759600804,1.5100293059980339,1.4999835555648053,1.4840355170734274,0.98936785777936553,,1.0114838491982332,False,False,False,,-1,,,False,2,0.00073669998776977716,0.0071963430450472567,0.0069780658151901943,0.020115158128452989
10000,0,single,gaussian_matched,0.050000000000000003,598,19,0.050000000000000003,4.4278995123001454,1-<5%,True,True,4,0.020115158128452989,0.47240115124206311,0.083409625019294928,0.043334737759600804,1.5100293059980339,1.4999835555648053,1.4840355170734274,0.98936785777936553,0.95810551588314175,1.0114838491982332,True,True,False,4>3>1>2,22,0,0,True,2,0.00073669998776977716,0.0071963430450472567,0.0069780658151901943,0.020115158128452989
10000,0,single,gaussian_matched,0.050000000000000003,598,20,0.02,4.4278995123001454,1-<5%,True,True,4,0.013930995893341173,0.48104695003469738,0.013662840101020222,0.040983012243017009,1.5100293059980339,1.5507773867245618,1.5261516925664576,0.98412041962378827,0.97536772879904354,1.03781741094998,True,True,False,4>3>1>2,22,0,0,True,2,0.012705347851187744,0.013930995893341173,0.012729137691796035,0.0047634235029219135
10000,0,single,gaussian_matched,0.050000000000000003,598,20,0.050000000000000003,4.4278995123001454,1-<5%,True,True,4,0.013930995893341173,0.48104695003469738,0.013662840101020222,0.040983012243017009,1.5100293059980339,1.5507773867245618,1.5261516925664576,0.98412041962378827,0.95372648535899707,1.03781741094998,True,True,False,4>3>1>2,22,0,0,True,2,0.012705347851187744,0.013930995893341173,0.012729137691796035,0.0047634235029219135
10000,0,single,gaussian_matched,0.050000000000000003,598,21,0.02,4.4278995123001454,1-<5%,True,True,4,0.013428569034978305,0.50217948163842629,0.034646672844038842,0.015507249755201976,1.5100293059980339,1.5216721461610181,1.5115350179152547,0.99333816533913821,0.9852239154652126,1.0112666433723141,True,True,False,4>3>1>2,22,0,0,True,2,0.010076998564587948,0.013428569034978305,0.005870016941067477,0.0047302796248676953
10000,0,single,gaussian_matched,0.050000000000000003,598,21,0.050000000000000003,4.4278995123001454,1-<5%,True,True,4,0.013428569034978305,0.50217948163842629,0.034646672844038842,0.015507249755201976,1.5100293059980339,1.5216721461610181,1.5115350179152547,0.99333816533913821,0.96347766087094522,1.0112666433723141,True,True,False,4>3>1>2,22,0,0,True,2,0.010076998564587948,0.013428569034978305,0.005870016941067477,0.0047302796248676953
10000,0,single,gaussian_matched,0.050000000000000003,598,22,0.02,4.4278995123001454,1-<5%,True,True,4,0.010571370727927782,0.5368693209198675,0.14291577356546908,0.099963432325834545,1.5100293059980339,1.413134824705488,1.4406190448298855,1.0194491138735651,1.0118180954356228,1.0202334954933159,True,True,False,4>3>1>2,22,0,0,True,2,0.0035880440439427217,0.010143652611303147,0.010571370727927782,0.0093406309639617185
10000,0,single,gaussian_matched,0.050000000000000003,598,22,0.050000000000000003,4.4278995123001454,1-<5%,True,True,4,0.010571370727927782,0.5368693209198675,0.14291577356546908,0.099963432325834545,1.5100293059980339,1.413134824705488,1.4406190448298855,1.0194491138735651,0.9902481269896859,1.0202334954933159,True,True,False,4>3>1>2,22,0,0,True,2,0.0035880440439427217,0.010143652611303147,0.010571370727927782,0.0093406309639617185
10000,0,single,gaussian_matched,0.050000000000000003,598,23,0.02,4.4278995123001454,1-<5%,True,False,3,0.02578800609738614,0.53923281781045418,0.01602499381124254,0.05189908514486935,1.5100293059980339,1.5195263176336702,1.5209415332282341,1.0009313531316575,,1.0415960883180047,False,False,False,,-1,,,False,2,0.014681970025664065,0.017410992520000688,0.0097443271467810583,0.02578800609738614
10000,0,single,gaussian_matched,0.050000000000000003,598,23,0.050000000000000003,4.4278995123001454,1-<5%,True,True,4,0.02578800609738614,0.53923281781045418,0.01602499381124254,0.05189908514486935,1.5100293059980339,1.5195263176336702,1.5209415332282341,1.0009313531316575,0.97278878590869,1.0415960883180047,True,True,False,4>3>1>2,22,0,0,True,2,0.014681970025664065,0.017410992520000688,0.0097443271467810583,0.02578800609738614
10000,0,single,gaussian_matched,0.050000000000000003,598,24,0.02,4.4278995123001454,1-<5%,True,False,3,0.021464698343824022,0.46762475334182607,0.080740385327307332,0.044644460868610944,1.5100293059980339,1.5051073717880581,1.4861540355532217,0.98740731951082006,,1.0137541638041732,False,False,False,,-1,,,False,2,0.00097177976505729744,0.0070195028864658187,0.008313256731544141,0.021464698343824022
10000,0,single,gaussian_matched,0.050000000000000003,598,24,0.050000000000000003,4.4278995123001454,1-<5%,True,True,4,0.021464698343824022,0.46762475334182607,0.080740385327307332,0.044644460868610944,1.5100293059980339,1.5051073717880581,1.4861540355532217,0.98740731951082006,0.9560060426375675,1.0137541638041732,True,True,False,4>3>1>2,22,0,0,True,2,0.00097177976505729744,0.0070195028864658187,0.008313256731544141,0.021464698343824022
10000,0,single,gaussian_matched,0.050000000000000003,598,25,0.02,4.4278995123001454,1-<5%,True,False,3,0.022560311445861538,0.56308376238436209,0.080083340267035924,0.069889687638369946,1.5100293059980339,1.4516712695646374,1.4780239717930963,1.0181533538487417,,1.0250884888676999,False,False,False,,-1,,,False,2,0.0071998723775541697,0.015117472444450639,0.0027137161427538388,0.022560311445861538
10000,0,single,gaussian_matched,0.050000000000000003,598,25,0.050000000000000003,4.4278995123001454,1-<5%,True,True,4,0.022560311445861538,0.56308376238436209,0.080083340267035924,0.069889687638369946,1.5100293059980339,1.4516712695646374,1.4780239717930963,1.0181533538487417,0.99034281786067935,1.0250884888676999,True,True,False,4>3>1>2,22,0,0,True,2,0.0071998723775541697,0.015117472444450639,0.0027137161427538388,0.022560311445861538
10000,0,single,gaussian_matched,0.050000000000000003,598,26,0.02,4.4278995123001454,1-<5%,True,False,2,0.030415925935449339,0.43122590605601308,-0.030545714310270131,0.10591264368132822,1.5100293059980339,1.6154033147212747,1.556773254886356,0.96370562119031256,,1.1010951191233695,False,False,False,,-1,,,False,2,0.019434341838423123,0.015811698166737505,0.030415925935449339,0.026329257858294212
10000,0,single,gaussian_matched,0.050000000000000003,598,26,0.050000000000000003,4.4278995123001454,1-<5%,True,True,4,0.030415925935449339,0.43122590605601308,-0.030545714310270131,0.10591264368132822,1.5100293059980339,1.6154033147212747,1.556773254886356,0.96370562119031256,0.93221428105849358,1.1010951191233695,True,True,False,4>3>1>2,22,0,0,True,2,0.019434341838423123,0.015811698166737505,0.030415925935449339,0.026329257858294212
10000,0,single,gaussian_matched,0.050000000000000003,598,27,0.02,4.4278995123001454,1-<5%,True,False,3,0.03275278153086765,0.44193985659157747,0.07981579283532636,0.065268382506430231,1.5100293059980339,1.5228956448811999,1.4895597160835496,0.97811016867130729,,1.0296674987789967,False,False,False,,-1,,,False,2,0.00014128261429212743,0.0050986377371493325,0.015616495555500558,0.03275278153086765
10000,0,single,gaussian_matched,0.050000000000000003,598,27,0.050000000000000003,4.4278995123001454,1-<5%,True,True,4,0.03275278153086765,0.44193985659157747,0.07981579283532636,0.065268382506430231,1.5100293059980339,1.5228956448811999,1.4895597160835496,0.97811016867130729,0.94595697545635149,1.0296674987789967,True,True,False,4>3>1>2,22,0,0,True,2,0.00014128261429212743,0.0050986377371493325,0.015616495555500558,0.03275278153086765
10000,0,single,gaussian_matched,0.050000000000000003,598,28,0.02,4.4278995123001454,1-<5%,True,False,3,0.02023219698654392,0.56970123633755088,0.10027673293035037,0.08594191190061401,1.5100293059980339,1.4307564957127676,1.4644232950716529,1.0235307681354355,,1.0267119987764566,False,False,False,,-1,,,False,2,0.0049094047327001939,0.014692284951607447,0.0065264670408799325,0.02023219698654392
10000,0,single,gaussian_matched,0.050000000000000003,598,28,0.050000000000000003,4.4278995123001454,1-<5%,True,True,4,0.02023219698654392,0.56970123633755088,0.10027673293035037,0.08594191190061401,1.5100293059980339,1.4307564957127676,1.4644232950716529,1.0235307681354355,0.9958502286552634,1.0267119987764566,True,True,False,4>3>1>2,22,0,0,True,2,0.0049094047327001939,0.014692284951607447,0.0065264670408799325,0.02023219698654392
10000,0,single,gaussian_matched,0.050000000000000003,598,29,0.02,4.4278995123001454,1-<5%,True,False,2,0.036434011265641074,0.42182672987776232,0.031105216342251787,0.080424330964437921,1.5100293059980339,1.5725971027378276,1.5206332422161433,0.96695666014440862,,1.0602824506921629,False,False,False,,-1,,,False,2,0.0082958784599311639,0.0089155406552620543,0.023262029239452541,0.036434011265641074
10000,0,single,gaussian_matched,0.050000000000000003,598,29,0.050000000000000003,4.4278995123001454,1-<5%,True,True,4,0.036434011265641074,0.42182672987776232,0.031105216342251787,0.080424330964437921,1.5100293059980339,1.5725971027378276,1.5206332422161433,0.96695666014440862,0.93447755407264788,1.0602824506921629,True,True,False,4>3>1>2,22,0,0,True,2,0.0082958784599311639,0.0089155406552620543,0.023262029239452541,0.036434011265641074
10000,0,single,gaussian_matched,0.050000000000000003,598,30,0.02,4.4278995123001454,1-<5%,True,False,3,0.0264437142442434,0.53805792520709772,-0.0047675284331440623,0.066692487146186766,1.5100293059980339,1.538703384663485,1.5343634498490606,0.9971794857555516,,1.0602813671467459,False,False,False,,-1,,,False,2,0.017714973083490966,0.018931039330750462,0.014126184614863481,0.0264437142442434
10000,0,single,gaussian_matched,0.050000000000000003,598,30,0.050000000000000003,4.4278995123001454,1-<5%,True,True,4,0.0264437142442434,0.53805792520709772,-0.0047675284331440623,0.066692487146186766,1.5100293059980339,1.538703384663485,1.5343634498490606,0.9971794857555516,0.96928413684049719,1.0602813671467459,True,True,False,4>3>1>2,22,0,0,True,2,0.017714973083490966,0.018931039330750462,0.014126184614863481,0.0264437142442434
10000,0,single,gaussian_matched,0.050000000000000003,598,31,0.02,4.4278995123001454,1-<5%,True,False,3,0.031595640230439315,0.57505812903205278,0.068574507456414024,0.077322280495602719,1.5100293059980339,1.456576700774495,1.4845613035195249,1.0192125843631508,,1.0343399150010677,False,False,False,,-1,,,False,2,0.0095344437167386425,0.016726290710575822,0.00015008077851725546,0.031595640230439315
10000,0,single,gaussian_matched,0.050000000000000003,598,31,0.050000000000000003,4.4278995123001454,1-<5%,True,True,4,0.031595640230439315,0.57505812903205278,0.068574507456414024,0.077322280495602719,1.5100293059980339,1.456576700774495,1.4845613035195249,1.0192125843631508,0.99205769884486916,1.0343399150010677,True,True,False,4>3>1>2,22,0,0,True,2,0.0095344437167386425,0.016726290710575822,0.00015008077851725546,0.031595640230439315
10000,0,single,gaussian_matched,0.050000000000000003,599,0,0.02,0.076083714748314199,<1%,True,False,3,0.16601750057801928,0.53338589451789609,0.048752320152548038,0.033409200196380363,1.3929179292124285,1.3788826673853443,1.3198101567872214,0.95715914631798438,,0.9714997047591506,False,False,False,,-1,,,False,3,0.0049537312001436138,0.012075210202545513,0.010430021647241189,0.16601750057801928
10000,0,single,gaussian_matched,0.050000000000000003,599,0,0.050000000000000003,0.076083714748314199,<1%,True,False,3,0.16601750057801928,0.53338589451789609,0.048752320152548038,0.033409200196380363,1.3929179292124285,1.3788826673853443,1.3198101567872214,0.95715914631798438,,0.9714997047591506,False,False,False,,-1,,,False,3,0.0049537312001436138,0.012075210202545513,0.010430021647241189,0.16601750057801928
10000,0,single,gaussian_matched,0.050000000000000003,599,1,0.02,0.076083714748314199,<1%,True,False,3,0.15211893966887219,0.50108124971401158,0.10244522724494735,0.052456371983946981,1.3929179292124285,1.3520427703991162,1.2936435223573479,0.95680665632749984,,0.96638851874237486,False,False,False,,-1,,,False,3,0.011819663310432962,0.010476242021943317,7.3264100235614712e-05,0.15211893966887219
10000,0,single,gaussian_matched,0.050000000000000003,599,1,0.050000000000000003,0.076083714748314199,<1%,True,False,3,0.15211893966887219,0.50108124971401158,0.10244522724494735,0.052456371983946981,1.3929179292124285,1.3520427703991162,1.2936435223573479,0.95680665632749984,,0.96638851874237486,False,False,False,,-1,,,False,3,0.011819663310432962,0.010476242021943317,7.3264100235614712e-05,0.15211893966887219
10000,0,single,gaussian_matched,0.050000000000000003,599,2,0.02,0.076083714748314199,<1%,True,False,2,0.14367788087089797,0.47979153350205855,0.026098779024519233,0.031299368720745527,1.3929179292124285,1.402563338201023,1.2675404714729095,0.90373135882669042,,0.93245970416077106,False,False,False,,-1,,,False,3,0.019258685559877173,0.011862769244325354,0.03390509577771611,0.14367788087089797
10000,0,single,gaussian_matched,0.050000000000000003,599,2,0.050000000000000003,0.076083714748314199,<1%,True,False,3,0.14367788087089797,0.47979153350205855,0.026098779024519233,0.031299368720745527,1.3929179292124285,1.402563338201023,1.2675404714729095,0.90373135882669042,,0.93245970416077106,False,False,False,,-1,,,False,3,0.019258685559877173,0.011862769244325354,0.03390509577771611,0.14367788087089797
10000,0,single,gaussian_matched,0.050000000000000003,599,3,0.02,0.076083714748314199,<1%,True,False,1,0.15253906809818457,0.49593854207786603,0.017285236409319192,0.032965909622629852,1.3929179292124285,1.4182436057078682,1.2564441756275802,0.88591562871913576,,0.92568991913203169,False,False,False,,-1,,,False,3,0.02959772258408086,0.01506367839191859,0.044597612199892681,0.15253906809818457
10000,0,single,gaussian_matched,0.050000000000000003,599,3,0.050000000000000003,0.076083714748314199,<1%,True,False,3,0.15253906809818457,0.49593854207786603,0.017285236409319192,0.032965909622629852,1.3929179292124285,1.4182436057078682,1.2564441756275802,0.88591562871913576,,0.92568991913203169,False,False,False,,-1,,,False,3,0.02959772258408086,0.01506367839191859,0.044597612199892681,0.15253906809818457
10000,0,single,gaussian_matched,0.050000000000000003,599,4,0.02,0.076083714748314199,<1%,True,False,1,0.1750433086117868,0.53036872089880616,0.17650650274138263,0.13010055512904256,1.3929179292124285,1.2831797939020111,1.267721056329641,0.98795278912134232,,1.0035204387447492,False,False,False,,-1,,,False,3,0.022374773218672823,0.01896043929582077,0.020716236799986056,0.1750433086117868
10000,0,single,gaussian_matched,0.050000000000000003,599,4,0.050000000000000003,0.076083714748314199,<1%,True,False,3,0.1750433086117868,0.53036872089880616,0.17650650274138263,0.13010055512904256,1.3929179292124285,1.2831797939020111,1.267721056329641,0.98795278912134232,,1.0035204387447492,False,False,False,,-1,,,False,3,0.022374773218672823,0.01896043929582077,0.020716236799986056,0.1750433086117868
10000,0,single,gaussian_matched,0.050000000000000003,599,5,0.02,0.076083714748314199,<1%,True,False,2,0.16725191245112028,0.53382880848155223,0.01635514370081699,0.047711263226561239,1.3929179292124285,1.4086264877469099,1.3209133891854976,0.93773147152606162,,0.98255943419860681,False,False,False,,-1,,,False,3,0.01589207565685187,0.012003943053098095,0.020416334144758026,0.16725191245112028
10000,0,single,gaussian_matched,0.050000000000000003,599,5,0.050000000000000003,0.076083714748314199,<1%,True,False,3,0.16725191245112028,0.53382880848155223,0.01635514370081699,0.047711263226561239,1.3929179292124285,1.4086264877469099,1.3209133891854976,0.93773147152606162,,0.98255943419860681,False,False,False,,-1,,,False,3,0.01589207565685187,0.012003943053098095,0.020416334144758026,0.16725191245112028
10000,0,single,gaussian_matched,0.050000000000000003,599,6,0.02,0.076083714748314199,<1%,True,False,3,0.13927415973228499,0.4777417206690448,0.098840551036205732,0.053673367923906583,1.3929179292124285,1.3403066440603149,1.2894142524836441,0.96202929247407309,,0.96422595491103158,False,False,False,,-1,,,False,3,0.012505563173665619,0.0090691163912112772,0.0017585417129225961,0.13927415973228499
10000,0,single,gaussian_matched,0.050000000000000003,599,6,0.050000000000000003,0.076083714748314199,<1%,True,False,3,0.13927415973228499,0.4777417206690448,0.098840551036205732,0.053673367923906583,1.3929179292124285,1.3403066440603149,1.2894142524836441,0.96202929247407309,,0.96422595491103158,False,False,False,,-1,,,False,3,0.012505563173665619,0.0090691163912112772,0.0017585417129225961,0.13927415973228499
10000,0,single,gaussian_matched,0.050000000000000003,599,7,0.02,0.076083714748314199,<1%,True,False,3,0.12703086589164228,0.45615852256260803,0.10203488845388453,0.068041933837168056,1.3929179292124285,1.3252599558063396,1.2835274031182378,0.96850991195707703,,0.97031512669206454,False,False,False,,-1,,,False,3,0.0077594772676415295,0.008043276203163148,8.2339572976359276e-06,0.12703086589164228
10000,0,single,gaussian_matched,0.050000000000000003,599,7,0.050000000000000003,0.076083714748314199,<1%,True,False,3,0.12703086589164228,0.45615852256260803,0.10203488845388453,0.068041933837168056,1.3929179292124285,1.3252599558063396,1.2835274031182378,0.96850991195707703,,0.97031512669206454,False,False,False,,-1,,,False,3,0.0077594772676415295,0.008043276203163148,8.2339572976359276e-06,0.12703086589164228
10000,0,single,gaussian_matched,0.050000000000000003,599,8,0.02,0.076083714748314199,<1%,True,False,0,0.12502639456024647,0.53523004361788928,-0.03542826833401462,0.09240749430574767,1.3929179292124285,1.4572710359440681,1.2488207888021083,0.85695849159115489,,0.96289110433534408,False,False,False,,-1,,,False,3,0.048323955013139866,0.032974064323557088,0.10221886650363494,0.12502639456024647
10000,0,single,gaussian_matched,0.050000000000000003,599,8,0.050000000000000003,0.076083714748314199,<1%,True,False,2,0.12502639456024647,0.53523004361788928,-0.03542826833401462,0.09240749430574767,1.3929179292124285,1.4572710359440681,1.2488207888021083,0.85695849159115489,,0.96289110433534408,False,False,False,,-1,,,False,3,0.048323955013139866,0.032974064323557088,0.10221886650363494,0.12502639456024647
10000,0,single,gaussian_matched,0.050000000000000003,599,9,0.02,0.076083714748314199,<1%,True,False,3,0.17276515451102112,0.55121942519064049,0.033855521894160662,0.053703572415338845,1.3929179292124285,1.3863509843572868,1.3300875228018965,0.95941614916407758,,0.99344768718688703,False,False,False,,-1,,,False,3,0.002286837441320108,0.013259451706198435,0.011879520852218743,0.17276515451102112
10000,0,single,gaussian_matched,0.050000000000000003,599,9,0.050000000000000003,0.076083714748314199,<1%,True,False,3,0.17276515451102112,0.55121942519064049,0.033855521894160662,0.053703572415338845,1.3929179292124285,1.3863509843572868,1.3300875228018965,0.95941614916407758,,0.99344768718688703,False,False,False,,-1,,,False,3,0.002286837441320108,0.013259451706198435,0.011879520852218743,0.17276515451102112
10000,0,single,gaussian_matched,0.050000000000000003,599,10,0.02,0.076083714748314199,<1%,True,False,2,0.13401883838553452,0.46769060513790084,0.064871346185524897,0.035567596681878373,1.3929179292124285,1.362904820350207,1.2945363815670183,0.94983623378364679,,0.95490477245917327,False,False,False,,-1,,,False,3,0.023497751594384605,0.0083920095283531709,0.01069985272191977,0.13401883838553452
10000,0,single,gaussian_matched,0.050000000000000003,599,10,0.050000000000000003,0.076083714748314199,<1%,True,False,3,0.13401883838553452,0.46769060513790084,0.064871346185524897,0.035567596681878373,1.3929179292124285,1.362904820350207,1.2945363815670183,0.94983623378364679,,0.95490477245917327,False,False,False,,-1,,,False,3,0.023497751594384605,0.0083920095283531709,0.01069985272191977,0.13401883838553452
10000,0,single,gaussian_matched,0.050000000000000003,599,11,0.02,0.076083714748314199,<1%,True,False,1,0.16106394504693969,0.51453801965874313,0.0077972021266281069,0.04463664597546152,1.3929179292124285,1.4239663570824603,1.2648013453745308,0.88822417684499233,,0.94006830114561257,False,False,False,,-1,,,False,3,0.024991401025557962,0.015716417223751465,0.045578221645383159,0.16106394504693969
10000,0,single,gaussian_matched,0.050000000000000003,599,11,0.050000000000000003,0.076083714748314199,<1%,True,False,3,0.16106394504693969,0.51453801965874313,0.0077972021266281069,0.04463664597546152,1.3929179292124285,1.4239663570824603,1.2648013453745308,0.88822417684499233,,0.94006830114561257,False,False,False,,-1,,,False,3,0.024991401025557962,0.015716417223751465,0.045578221645383159,0.16106394504693969
10000,0,single,gaussian_matched,0.050000000000000003,599,12,0.02,0.076083714748314199,<1%,True,False,3,0.18571023979978735,0.58460146479426378,0.0059726900117555576,0.09537196585022259,1.3929179292124285,1.4065187182809427,1.3492365649823967,0.95927380663048933,,1.0371095816459317,False,False,False,,-1,,,False,3,0.014650964360843111,0.015818617812820339,0.013747114969581063,0.18571023979978735
10000,0,single,gaussian_matched,0.050000000000000003,599,12,0.050000000000000003,0.076083714748314199,<1%,True,False,3,0.18571023979978735,0.58460146479426378,0.0059726900117555576,0.09537196585022259,1.3929179292124285,1.4065187182809427,1.3492365649823967,0.95927380663048933,,1.0371095816459317,False,False,False,,-1,,,False,3,0.014650964360843111,0.015818617812820339,0.013747114969581063,0.18571023979978735
10000,0,single,gaussian_matched,0.050000000000000003,599,13,0.02,0.076083714748314199,<1%,True,False,3,0.16776853747455742,0.53544687757836473,0.017079715300151947,0.048375885260888263,1.3929179292124285,1.4073780721544518,1.3226551746782804,0.93980089703509784,,0.98428703600244782,False,False,False,,-1,,,False,3,0.015212475030974766,0.01218004391581652,0.01975658332588183,0.16776853747455742
10000,0,single,gaussian_matched,0.050000000000000003,599,13,0.050000000000000003,0.076083714748314199,<1%,True,False,3,0.16776853747455742,0.53544687757836473,0.017079715300151947,0.048375885260888263,1.3929179292124285,1.4073780721544518,1.3226551746782804,0.93980089703509784,,0.98428703600244782,False,False,False,,-1,,,False,3,0.015212475030974766,0.01218004391581652,0.01975658332588183,0.16776853747455742
10000,0,single,gaussian_matched,0.050000000000000003,599,14,0.02,0.076083714748314199,<1%,True,False,2,0.11793020385013078,0.43614128447602313,0.029741552906669123,0.066995076140008158,1.3929179292124285,1.3807018515395166,1.2799839427025341,0.92705310800830787,,0.96701965750712926,False,False,False,,-1,,,False,3,0.00051502952075232523,0.0085023749222336159,0.02277630466998239,0.11793020385013078
10000,0,single,gaussian_matched,0.050000000000000003,599,14,0.050000000000000003,0.076083714748314199,<1%,True,False,3,0.11793020385013078,0.43614128447602313,0.029741552906669123,0.066995076140008158,1.3929179292124285,1.3807018515395166,1.2799839427025341,0.92705310800830787,,0.96701965750712926,False,False,False,,-1,,,False,3,0.00051502952075232523,0.0085023749222336159,0.02277630466998239,0.11793020385013078
10000,0,single,gaussian_matched,0.050000000000000003,599,15,0.02,0.076083714748314199,<1%,True,False,2,0.14728861549109148,0.49063059241033835,0.051353752840726553,0.0094667019249041803,1.3929179292124285,1.3865450055341815,1.3012659071596722,0.93849525400608647,,0.94099772972674656,False,False,False,,-1,,,False,3,0.025108909404172645,0.0096961020747918358,0.014421715981971625,0.14728861549109148
10000,0,single,gaussian_matched,0.050000000000000003,599,15,0.050000000000000003,0.076083714748314199,<1%,True,False,3,0.14728861549109148,0.49063059241033835,0.051353752840726553,0.0094667019249041803,1.3929179292124285,1.3865450055341815,1.3012659071596722,0.93849525400608647,,0.94099772972674656,False,False,False,,-1,,,False,3,0.025108909404172645,0.0096961020747918358,0.014421715981971625,0.14728861549109148
10000,0,single,gaussian_matched,0.050000000000000003,599,16,0.02,0.076083714748314199,<1%,True,False,0,0.12840259301891258,0.48380053371752646,-0.0051061350620356313,0.05743786929641724,1.3929179292124285,1.4320213111743048,1.2049601675322035,0.84144010855822837,,0.90629749991257191,False,False,False,,-1,,,False,3,0.048859765660491439,0.030801601890360696,0.098167585633748763,0.12840259301891258
10000,0,single,gaussian_matched,0.050000000000000003,599,16,0.050000000000000003,0.076083714748314199,<1%,True,False,2,0.12840259301891258,0.48380053371752646,-0.0051061350620356313,0.05743786929641724,1.3929179292124285,1.4320213111743048,1.2049601675322035,0.84144010855822837,,0.90629749991257191,False,False,False,,-1,,,False,3,0.048859765660491439,0.030801601890360696,0.098167585633748763,0.12840259301891258
10000,0,single,gaussian_matched,0.050000000000000003,599,17,0.02,0.076083714748314199,<1%,True,False,3,0.14634595716275092,0.49057636048230063,0.094227931722312558,0.045220735577753336,1.3929179292124285,1.3518481291201503,1.2939188562063224,0.95714809107178989,,0.96139159651799477,False,False,False,,-1,,,False,3,0.015001312416436277,0.0097011861970995403,0.002646559363272777,0.14634595716275092
10000,0,single,gaussian_matched,0.050000000000000003,599,17,0.050000000000000003,0.076083714748314199,<1%,True,False,3,0.14634595716275092,0.49057636048230063,0.094227931722312558,0.045220735577753336,1.3929179292124285,1.3518481291201503,1.2939188562063224,0.95714809107178989,,0.96139159651799477,False,False,False,,-1,,,False,3,0.015001312416436277,0.0097011861970995403,0.002646559363272777,0.14634595716275092
10000,0,single,gaussian_matched,0.050000000000000003,599,18,0.02,0.076083714748314199,<1%,True,False,3,0.11379664773967055,0.43048928823857457,0.035506103416851835,0.071005718697460987,1.3929179292124285,1.3732986726973544,1.289059603437511,0.93865932376211658,,0.97641454217189116,False,False,False,,-1,,,False,3,0.01294700982078179,0.0069304915070682368,0.016451005489079747,0.11379664773967055
10000,0,single,gaussian_matched,0.050000000000000003,599,18,0.050000000000000003,0.076083714748314199,<1%,True,False,3,0.11379664773967055,0.43048928823857457,0.035506103416851835,0.071005718697460987,1.3929179292124285,1.3732986726973544,1.289059603437511,0.93865932376211658,,0.97641454217189116,False,False,False,,-1,,,False,3,0.01294700982078179,0.0069304915070682368,0.016451005489079747,0.11379664773967055
10000,0,single,gaussian_matched,0.050000000000000003,599,19,0.02,0.076083714748314199,<1%,True,False,1,0.16876102875889323,0.53405369955771032,-0.006515734675124063,0.065982442508866104,1.3929179292124285,1.4300725298531101,1.2673268923303198,0.88619763394832385,,0.95720595368677186,False,False,False,,-1,,,False,3,0.030379916518115366,0.018069511498423528,0.051700806857735482,0.16876102875889323
10000,0,single,gaussian_matched,0.050000000000000003,599,19,0.050000000000000003,0.076083714748314199,<1%,True,False,2,0.16876102875889323,0.53405369955771032,-0.006515734675124063,0.065982442508866104,1.3929179292124285,1.4300725298531101,1.2673268923303198,0.88619763394832385,,0.95720595368677186,False,False,False,,-1,,,False,3,0.030379916518115366,0.018069511498423528,0.051700806857735482,0.16876102875889323
10000,0,single,gaussian_matched,0.050000000000000003,599,20,0.02,0.076083714748314199,<1%,True,False,3,0.15730218319827299,0.49991477380159144,0.16409567217909471,0.11409570400985455,1.3929179292124285,1.3098936251708946,1.2700558201737833,0.96958699223235478,,0.99370644540863406,False,False,False,,-1,,,False,3,0.013822451942495709,0.014745453320779473,0.014957830512409594,0.15730218319827299
10000,0,single,gaussian_matched,0.050000000000000003,599,20,0.050000000000000003,0.076083714748314199,<1%,True,False,3,0.15730218319827299,0.49991477380159144,0.16409567217909471,0.11409570400985455,1.3929179292124285,1.3098936251708946,1.2700558201737833,0.96958699223235478,,0.99370644540863406,False,False,False,,-1,,,False,3,0.013822451942495709,0.014745453320779473,0.014957830512409594,0.15730218319827299
10000,0,single,gaussian_matched,0.050000000000000003,599,21,0.02,0.076083714748314199,<1%,True,False,3,0.1538470482676825,0.50484796755470451,0.096686254905805347,0.046937289936055115,1.3929179292124285,1.3537712332193146,1.2964977530952673,0.95769338369833057,,0.96447537565326313,False,False,False,,-1,,,False,3,0.013955699236929924,0.010554286699649099,0.0012136633601830971,0.1538470482676825
10000,0,single,gaussian_matched,0.050000000000000003,599,21,0.050000000000000003,0.076083714748314199,<1%,True,False,3,0.1538470482676825,0.50484796755470451,0.096686254905805347,0.046937289936055115,1.3929179292124285,1.3537712332193146,1.2964977530952673,0.95769338369833057,,0.96447537565326313,False,False,False,,-1,,,False,3,0.013955699236929924,0.010554286699649099,0.0012136633601830971,0.1538470482676825
10000,0,single,gaussian_matched,0.050000000000000003,599,22,0.02,0.076083714748314199,<1%,True,False,1,0.19166928237949021,0.59509960964057596,-0.049365501167443676,0.13754067971348397,1.3929179292124285,1.4607317489882856,1.3542812462918645,0.92712522147194409,,1.0710048989381891,False,False,False,,-1,,,False,3,0.021781156675628192,0.016022606751251833,0.0292803411843869,0.19166928237949021
10000,0,single,gaussian_matched,0.050000000000000003,599,22,0.050000000000000003,0.076083714748314199,<1%,True,False,3,0.19166928237949021,0.59509960964057596,-0.049365501167443676,0.13754067971348397,1.3929179292124285,1.4607317489882856,1.3542812462918645,0.92712522147194409,,1.0710048989381891,False,False,False,,-1,,,False,3,0.021781156675628192,0.016022606751251833,0.0292803411843869,0.19166928237949021
10000,0,single,gaussian_matched,0.050000000000000003,599,23,0.02,0.076083714748314199,<1%,True,False,2,0.14823895097199138,0.49031654382553319,0.035163324205902069,0.017717118052945038,1.3929179292124285,1.4000356501755151,1.2942885375378546,0.92446827148694133,,0.94191167194798209,False,False,False,,-1,,,False,3,0.012990039807767681,0.0096427737809151454,0.021140477361163226,0.14823895097199138
10000,0,single,gaussian_matched,0.050000000000000003,599,23,0.050000000000000003,0.076083714748314199,<1%,True,False,3,0.14823895097199138,0.49031654382553319,0.035163324205902069,0.017717118052945038,1.3929179292124285,1.4000356501755151,1.2942885375378546,0.92446827148694133,,0.94191167194798209,False,False,False,,-1,,,False,3,0.012990039807767681,0.0096427737809151454,0.021140477361163226,0.14823895097199138
10000,0,single,gaussian_matched,0.050000000000000003,599,24,0.02,0.076083714748314199,<1%,True,False,3,0.17267194328174623,0.55123830759919246,0.042451860356480804,0.051791298281733872,1.3929179292124285,1.3781801239468237,1.3272399891481834,0.96303811532794548,,0.99003053841774957,False,False,False,,-1,,,False,3,0.0032408468903224043,0.01310355075824734,0.0096093721087566596,0.17267194328174623
10000,0,single,gaussian_matched,0.050000000000000003,599,24,0.050000000000000003,0.076083714748314199,<1%,True,False,3,0.17267194328174623,0.55123830759919246,0.042451860356480804,0.051791298281733872,1.3929179292124285,1.3781801239468237,1.3272399891481834,0.96303811532794548,,0.99003053841774957,False,False,False,,-1,,,False,3,0.0032408468903224043,0.01310355075824734,0.0096093721087566596,0.17267194328174623
10000,0,single,gaussian_matched,0.050000000000000003,599,25,0.02,0.076083714748314199,<1%,True,False,3,0.15907151170419676,0.5113323246098509,0.12936730302051405,0.080172254364044987,1.3929179292124285,1.3259139866522081,1.2853413934085074,0.96940028263361022,,0.98032598987696951,False,False,False,,-1,,,False,3,0.0004743331245290016,0.012473948547605605,0.0072828417142188273,0.15907151170419676
10000,0,single,gaussian_matched,0.050000000000000003,599,25,0.050000000000000003,0.076083714748314199,<1%,True,False,3,0.15907151170419676,0.5113323246098509,0.12936730302051405,0.080172254364044987,1.3929179292124285,1.3259139866522081,1.2853413934085074,0.96940028263361022,,0.98032598987696951,False,False,False,,-1,,,False,3,0.0004743331245290016,0.012473948547605605,0.0072828417142188273,0.15907151170419676
10000,0,single,gaussian_matched,0.050000000000000003,599,26,0.02,0.076083714748314199,<1%,True,False,0,0.14687203328638729,0.48352664715832538,0.014489314488735923,0.03914562733340992,1.3929179292124285,1.4145400929206786,1.214263646562169,0.85841585730879655,,0.89984431071561455,False,False,False,,-1,,,False,3,0.040756568355562954,0.022846706117218202,0.06766201968346687,0.14687203328638729
10000,0,single,gaussian_matched,0.050000000000000003,599,26,0.050000000000000003,0.076083714748314199,<1%,True,False,2,0.14687203328638729,0.48352664715832538,0.014489314488735923,0.03914562733340992,1.3929179292124285,1.4145400929206786,1.214263646562169,0.85841585730879655,,0.89984431071561455,False,False,False,,-1,,,False,3,0.040756568355562954,0.022846706117218202,0.06766201968346687,0.14687203328638729
10000,0,single,gaussian_matched,0.050000000000000003,599,27,0.02,0.076083714748314199,<1%,True,False,2,0.1399017057126952,0.47838036275103335,0.06858627506182248,0.02851067055420883,1.3929179292124285,1.3654163173511442,1.2967700153480255,0.94972500245471658,,0.95144204702107826,False,False,False,,-1,,,False,3,0.023591665570578839,0.0089732166075839424,0.0097047928020311969,0.1399017057126952
10000,0,single,gaussian_matched,0.050000000000000003,599,27,0.050000000000000003,0.076083714748314199,<1%,True,False,3,0.1399017057126952,0.47838036275103335,0.06858627506182248,0.02851067055420883,1.3929179292124285,1.3654163173511442,1.2967700153480255,0.94972500245471658,,0.95144204702107826,False,False,False,,-1,,,False,3,0.023591665570578839,0.0089732166075839424,0.0097047928020311969,0.1399017057126952
10000,0,single,gaussian_matched,0.050000000000000003,599,28,0.02,0.076083714748314199,<1%,True,False,3,0.20597142623220305,0.62941041989772162,0.052226784160881293,0.12942957678136699,1.3929179292124285,1.3597967445135044,1.3257971132322159,0.97499653428464961,,1.0447325427395313,False,False,False,,-1,,,False,3,0.01545186972930989,0.019309537470828277,0.0070116238906085199,0.20597142623220305
10000,0,single,gaussian_matched,0.050000000000000003,599,28,0.050000000000000003,0.076083714748314199,<1%,True,False,3,0.20597142623220305,0.62941041989772162,0.052226784160881293,0.12942957678136699,1.3929179292124285,1.3597967445135044,1.3257971132322159,0.97499653428464961,,1.0447325427395313,False,False,False,,-1,,,False,3,0.01545186972930989,0.019309537470828277,0.0070116238906085199,0.20597142623220305
10000,0,single,gaussian_matched,0.050000000000000003,599,29,0.02,0.076083714748314199,<1%,True,False,0,0.11864061419416605,0.52820568613531804,-0.05356607119785671,0.10733821236504545,1.3929179292124285,1.4766620908041268,1.2782921380231342,0.86566327258190201,,0.99476812045317753,False,False,False,,-1,,,False,3,0.060615130092207384,0.035389941628733566,0.11864061419416605,0.10132846528158075
10000,0,single,gaussian_matched,0.050000000000000003,599,29,0.050000000000000003,0.076083714748314199,<1%,True,False,1,0.11864061419416605,0.52820568613531804,-0.05356607119785671,0.10733821236504545,1.3929179292124285,1.4766620908041268,1.2782921380231342,0.86566327258190201,,0.99476812045317753,False,False,False,,-1,,,False,3,0.060615130092207384,0.035389941628733566,0.11864061419416605,0.10132846528158075
10000,0,single,gaussian_matched,0.050000000000000003,599,30,0.02,0.076083714748314199,<1%,True,False,0,0.12688302471993898,0.48266375935998418,-0.042838146750013378,0.094442928435672494,1.3929179292124285,1.4656182836667888,1.2520617357909183,0.8542891077057394,,0.96667911008074947,False,False,False,,-1,,,False,3,0.068877624207846003,0.035068585091551641,0.12688302471993898,0.090351207587746174
10000,0,single,gaussian_matched,0.050000000000000003,599,30,0.050000000000000003,0.076083714748314199,<1%,True,False,1,0.12688302471993898,0.48266375935998418,-0.042838146750013378,0.094442928435672494,1.3929179292124285,1.4656182836667888,1.2520617357909183,0.8542891077057394,,0.96667911008074947,False,False,False,,-1,,,False,3,0.068877624207846003,0.035068585091551641,0.12688302471993898,0.090351207587746174
10000,0,single,gaussian_matched,0.050000000000000003,599,31,0.02,0.076083714748314199,<1%,True,False,3,0.10869143721740657,0.42211262440017228,0.033408706407941503,0.079634881182095829,1.3929179292124285,1.3724557306967036,1.2927951581775243,0.94195763787678533,,0.98529138765239921,False,False,False,,-1,,,False,3,0.017433032700392533,0.0062591825111154688,0.013357666034729218,0.10869143721740657
10000,0,single,gaussian_matched,0.050000000000000003,599,31,0.050000000000000003,0.076083714748314199,<1%,True,False,3,0.10869143721740657,0.42211262440017228,0.033408706407941503,0.079634881182095829,1.3929179292124285,1.3724557306967036,1.2927951581775243,0.94195763787678533,,0.98529138765239921,False,False,False,,-1,,,False,3,0.017433032700392533,0.0062591825111154688,0.013357666034729218,0.10869143721740657
