budget,seed,mode,init_name,init_sigma,layout_index,draw_id,tolerance,gap_percent,gap_bin,numeric_valid,success,visited_count,worst_distance,initial_x,initial_y,initial_offset,optimal_nominal,optimal_sampled_start,path_length,path_length_ratio_sampled_start,completion_length_ratio_sampled_start,path_plus_connector_ratio_nominal,success_with_connector,order_evaluable,order_ambiguous,actual_order,order_class,order_excess_nominal_percent,order_excess_sampled_start_percent,success_nearopt_order,available_nearopt_center_orders,target_1_distance,target_2_distance,target_3_distance,target_4_distance
10000,0,single,gaussian_matched,0.050000000000000003,512,0,0.02,2.6235760249749784,1-<5%,True,True,4,0.013031145370387014,0.51600618970151235,0.077114341519393656,0.031486276769270682,1.37637690462121,1.3487393100722651,1.3633781356733707,1.0108537101957245,0.99486697854261197,1.0134320096184115,True,True,False,2>1>3>4,6,0,0,True,2,0.013031145370387014,0.010464464595170791,0.0022018650586224414,0.010855629161455927
10000,0,single,gaussian_matched,0.050000000000000003,512,0,0.050000000000000003,2.6235760249749784,1-<5%,True,True,4,0.013031145370387014,0.51600618970151235,0.077114341519393656,0.031486276769270682,1.37637690462121,1.3487393100722651,1.3633781356733707,1.0108537101957245,0.9711890487132393,1.0134320096184115,True,True,False,2>1>3>4,6,0,0,True,2,0.013031145370387014,0.010464464595170791,0.0022018650586224414,0.010855629161455927
10000,0,single,gaussian_matched,0.050000000000000003,512,1,0.02,2.6235760249749784,1-<5%,True,True,4,0.013900471056638749,0.47603842489415205,0.046517337471506798,0.024213343838482185,1.37637690462121,1.3821248393505829,1.3710856411005679,0.99201287905714652,0.97598561029164022,1.0137477461691697,True,True,False,2>1>3>4,6,0,0,True,2,0.00063672109836056051,0.013900471056638749,0.0059354699478516683,0.0057122110709422972
10000,0,single,gaussian_matched,0.050000000000000003,512,1,0.050000000000000003,2.6235760249749784,1-<5%,True,True,4,0.013900471056638749,0.47603842489415205,0.046517337471506798,0.024213343838482185,1.37637690462121,1.3821248393505829,1.3710856411005679,0.99201287905714652,0.95393342151300509,1.0137477461691697,True,True,False,2>1>3>4,6,0,0,True,2,0.00063672109836056051,0.013900471056638749,0.0059354699478516683,0.0057122110709422972
10000,0,single,gaussian_matched,0.050000000000000003,512,2,0.02,2.6235760249749784,1-<5%,True,True,4,0.0078691900976081263,0.50561045287261175,0.050889240475000118,0.0056804867800370638,1.37637690462121,1.3752121334163336,1.3746135353963549,0.99956472313948275,0.98262571521446407,1.0028459628623745,True,True,False,2>1>3>4,6,0,0,True,2,0.0043618969672465143,0.0014121042751209828,0.0023975415706058078,0.0078691900976081263
10000,0,single,gaussian_matched,0.050000000000000003,512,2,0.050000000000000003,2.6235760249749784,1-<5%,True,True,4,0.0078691900976081263,0.50561045287261175,0.050889240475000118,0.0056804867800370638,1.37637690462121,1.3752121334163336,1.3746135353963549,0.99956472313948275,0.96012204457304406,1.0028459628623745,True,True,False,2>1>3>4,6,0,0,True,2,0.0043618969672465143,0.0014121042751209828,0.0023975415706058078,0.0078691900976081263
10000,0,single,gaussian_matched,0.050000000000000003,512,3,0.02,2.6235760249749784,1-<5%,True,False,3,0.060486654499978858,0.63203374883225349,0.062186166215422861,0.13259492251865648,1.37637690462121,1.38434948819922,1.3768803757372512,0.99460460488797187,,1.0967019957889568,False,False,False,,-1,,,False,2,0.060486654499978858,0.015503533855088174,0.012328445808864245,0.012345899108741091
10000,0,single,gaussian_matched,0.050000000000000003,512,3,0.050000000000000003,2.6235760249749784,1-<5%,True,False,3,0.060486654499978858,0.63203374883225349,0.062186166215422861,0.13259492251865648,1.37637690462121,1.38434948819922,1.3768803757372512,0.99460460488797187,,1.0967019957889568,False,False,False,,-1,,,False,2,0.060486654499978858,0.015503533855088174,0.012328445808864245,0.012345899108741091
10000,0,single,gaussian_matched,0.050000000000000003,512,4,0.02,2.6235760249749784,1-<5%,True,False,2,0.043381053978374495,0.49860429185471106,-0.029332746697800741,0.079345023157374156,1.37637690462121,1.4556697817029063,1.4100345111046639,0.9686499842396562,,1.0821015154071678,False,False,False,,-1,,,False,2,0.005105316027783911,0.043381053978374495,0.021816515035285033,0.0012968201699543231
10000,0,single,gaussian_matched,0.050000000000000003,512,4,0.050000000000000003,2.6235760249749784,1-<5%,True,True,4,0.043381053978374495,0.49860429185471106,-0.029332746697800741,0.079345023157374156,1.37637690462121,1.4556697817029063,1.4100345111046639,0.9686499842396562,0.92985507468369433,1.0821015154071678,True,True,False,2>1>3>4,6,0,0,True,2,0.005105316027783911,0.043381053978374495,0.021816515035285033,0.0012968201699543231
10000,0,single,gaussian_matched,0.050000000000000003,512,5,0.02,2.6235760249749784,1-<5%,True,False,3,0.02047517769422727,0.46557545073266687,0.040892393462462318,0.035608960797833523,1.37637690462121,1.3892213013636956,1.3717165953302934,0.98739962739110099,,1.0224855934468287,False,False,False,,-1,,,False,2,0.0028817245790349688,0.02047517769422727,0.0082355348915423131,0.0045009834560229174
10000,0,single,gaussian_matched,0.050000000000000003,512,5,0.050000000000000003,2.6235760249749784,1-<5%,True,True,4,0.02047517769422727,0.46557545073266687,0.040892393462462318,0.035608960797833523,1.37637690462121,1.3892213013636956,1.3717165953302934,0.98739962739110099,0.94986100820607733,1.0224855934468287,True,True,False,2>1>3>4,6,0,0,True,2,0.0028817245790349688,0.02047517769422727,0.0082355348915423131,0.0045009834560229174
10000,0,single,gaussian_matched,0.050000000000000003,512,6,0.02,2.6235760249749784,1-<5%,True,False,2,0.033347741583310275,0.543770673144925,0.12605739609870226,0.087753058800675132,1.37637690462121,1.3011436461963508,1.3399400666513617,1.0298171693559162,,1.0372835526798887,False,False,False,,-1,,,False,2,0.033347741583310275,0.024779781787413007,0.0024918717104059811,0.016111936576628853
10000,0,single,gaussian_matched,0.050000000000000003,512,6,0.050000000000000003,2.6235760249749784,1-<5%,True,True,4,0.033347741583310275,0.543770673144925,0.12605739609870226,0.087753058800675132,1.37637690462121,1.3011436461963508,1.3399400666513617,1.0298171693559162,0.9898336019315539,1.0372835526798887,True,True,False,2>1>3>4,6,0,0,True,2,0.033347741583310275,0.024779781787413007,0.0024918717104059811,0.016111936576628853
10000,0,single,gaussian_matched,0.050000000000000003,512,7,0.02,2.6235760249749784,1-<5%,True,False,3,0.022666446470380748,0.45992881742100072,0.043336409585350705,0.04062146120579245,1.37637690462121,1.3877720644327995,1.3695942941916479,0.98690147272233708,,1.0245854537827654,False,False,False,,-1,,,False,2,0.0025459742789419723,0.022666446470380748,0.0082662536664006737,0.0044055402167803093
10000,0,single,gaussian_matched,0.050000000000000003,512,7,0.050000000000000003,2.6235760249749784,1-<5%,True,True,4,0.022666446470380748,0.45992881742100072,0.043336409585350705,0.04062146120579245,1.37637690462121,1.3877720644327995,1.3695942941916479,0.98690147272233708,0.94967897108958754,1.0245854537827654,True,True,False,2>1>3>4,6,0,0,True,2,0.0025459742789419723,0.022666446470380748,0.0082662536664006737,0.0044055402167803093
10000,0,single,gaussian_matched,0.050000000000000003,512,8,0.02,2.6235760249749784,1-<5%,True,True,4,0.0077313281297151848,0.51587252746795931,0.043552378629779134,0.01713210289354029,1.37637690462121,1.3823012962745072,1.3800303547198243,0.99835712983789904,0.98079810443653881,1.0151016432507454,True,True,False,2>1>3>4,6,0,0,True,2,0.0059307089189700882,0.0040586422846848021,0.0034857405539176199,0.0077313281297151848
10000,0,single,gaussian_matched,0.050000000000000003,512,8,0.050000000000000003,2.6235760249749784,1-<5%,True,True,4,0.0077313281297151848,0.51587252746795931,0.043552378629779134,0.01713210289354029,1.37637690462121,1.3823012962745072,1.3800303547198243,0.99835712983789904,0.95843493297391746,1.0151016432507454,True,True,False,2>1>3>4,6,0,0,True,2,0.0059307089189700882,0.0040586422846848021,0.0034857405539176199,0.0077313281297151848
10000,0,single,gaussian_matched,0.050000000000000003,512,9,0.02,2.6235760249749784,1-<5%,True,False,3,0.031458715055100908,0.57333418723787422,0.066726948115303039,0.075217642950916999,1.37637690462121,1.3641613171807747,1.3754849115918113,1.0083007737196641,,1.0540009423813845,False,False,False,,-1,,,False,2,0.031458715055100908,0.011505761911335167,0.0046057053229348411,0.012305273562985889
10000,0,single,gaussian_matched,0.050000000000000003,512,9,0.050000000000000003,2.6235760249749784,1-<5%,True,True,4,0.031458715055100908,0.57333418723787422,0.066726948115303039,0.075217642950916999,1.37637690462121,1.3641613171807747,1.3754849115918113,1.0083007737196641,0.96639011086205973,1.0540009423813845,True,True,False,2>1>3>4,6,0,0,True,2,0.031458715055100908,0.011505761911335167,0.0046057053229348411,0.012305273562985889
10000,0,single,gaussian_matched,0.050000000000000003,512,10,0.02,2.6235760249749784,1-<5%,True,True,4,0.017477152623412311,0.49628644498263613,0.022641662503956567,0.027609221673462737,1.37637690462121,1.4039113832906551,1.3860597997886503,0.98728439436101578,0.96976138129029765,1.0270944075824682,True,True,False,2>1>3>4,6,0,0,True,2,0.0011462134875194101,0.017477152623412311,0.0095463724941061579,0.0044754022081125132
10000,0,single,gaussian_matched,0.050000000000000003,512,10,0.050000000000000003,2.6235760249749784,1-<5%,True,True,4,0.017477152623412311,0.49628644498263613,0.022641662503956567,0.027609221673462737,1.37637690462121,1.4039113832906551,1.3860597997886503,0.98728439436101578,0.94818671705658331,1.0270944075824682,True,True,False,2>1>3>4,6,0,0,True,2,0.0011462134875194101,0.017477152623412311,0.0095463724941061579,0.0044754022081125132
10000,0,single,gaussian_matched,0.050000000000000003,512,11,0.02,2.6235760249749784,1-<5%,True,False,3,0.021366652038193296,0.48794996970999732,0.11967684503967829,0.070711144557794578,1.37637690462121,1.3080430973651642,1.3377751007081038,1.0227301404692473,,1.023328886540366,False,False,False,,-1,,,False,2,0.021366652038193296,0.0082297686384109146,0.0083772179237345638,0.01310446208082781
10000,0,single,gaussian_matched,0.050000000000000003,512,11,0.050000000000000003,2.6235760249749784,1-<5%,True,True,4,0.021366652038193296,0.48794996970999732,0.11967684503967829,0.070711144557794578,1.37637690462121,1.3080430973651642,1.3377751007081038,1.0227301404692473,0.98485364999753766,1.023328886540366,True,True,False,2>1>3>4,6,0,0,True,2,0.021366652038193296,0.0082297686384109146,0.0083772179237345638,0.01310446208082781
10000,0,single,gaussian_matched,0.050000000000000003,512,12,0.02,2.6235760249749784,1-<5%,True,True,4,0.011159135447787917,0.52273028837659763,0.061294959131080587,0.025381924896588713,1.37637690462121,1.3645817927044788,1.3724254867163965,1.0057480570632356,0.98876338992945056,1.0155702314677193,True,True,False,2>1>3>4,6,0,0,True,2,0.011159135447787917,0.0058523180386822905,0.0001913445960726934,0.0097697019228374683
10000,0,single,gaussian_matched,0.050000000000000003,512,12,0.050000000000000003,2.6235760249749784,1-<5%,True,True,4,0.011159135447787917,0.52273028837659763,0.061294959131080587,0.025381924896588713,1.37637690462121,1.3645817927044788,1.3724254867163965,1.0057480570632356,0.96566204099540542,1.0155702314677193,True,True,False,2>1>3>4,6,0,0,True,2,0.011159135447787917,0.0058523180386822905,0.0001913445960726934,0.0097697019228374683
10000,0,single,gaussian_matched,0.050000000000000003,512,13,0.02,2.6235760249749784,1-<5%,True,False,3,0.047661303604807005,0.41478475571914986,0.09898943436116045,0.098293451139287044,1.37637690462121,1.346329575208955,1.3377317605770869,0.99361388564123776,,1.0433371897587744,False,False,False,,-1,,,False,2,0.010739686353912772,0.047661303604807005,0.00087432420602564208,0.0080970782237145631
10000,0,single,gaussian_matched,0.050000000000000003,512,13,0.050000000000000003,2.6235760249749784,1-<5%,True,True,4,0.047661303604807005,0.41478475571914986,0.09898943436116045,0.098293451139287044,1.37637690462121,1.346329575208955,1.3377317605770869,0.99361388564123776,0.95964518317963399,1.0433371897587744,True,True,False,2>1>3>4,6,0,0,True,2,0.010739686353912772,0.047661303604807005,0.00087432420602564208,0.0080970782237145631
10000,0,single,gaussian_matched,0.050000000000000003,512,14,0.02,2.6235760249749784,1-<5%,True,False,3,0.025668679459779315,0.45015989992197231,0.06284508285944404,0.051468745170771352,1.37637690462121,1.3706034129938207,1.3590860039012416,0.99159683320252245,,1.0248317480016196,False,False,False,,-1,,,False,2,0.0023617453130263038,0.025668679459779315,0.0050100841986881507,0.0057853547614803626
10000,0,single,gaussian_matched,0.050000000000000003,512,14,0.050000000000000003,2.6235760249749784,1-<5%,True,True,4,0.025668679459779315,0.45015989992197231,0.06284508285944404,0.051468745170771352,1.37637690462121,1.3706034129938207,1.3590860039012416,0.99159683320252245,0.95499655299155295,1.0248317480016196,True,True,False,2>1>3>4,6,0,0,True,2,0.0023617453130263038,0.025668679459779315,0.0050100841986881507,0.0057853547614803626
10000,0,single,gaussian_matched,0.050000000000000003,512,15,0.02,2.6235760249749784,1-<5%,True,True,4,0.012118198993554315,0.50236025992263167,0.031192252495157391,0.018955268215150499,1.37637690462121,1.3950334972903817,1.3833226454019403,0.99160532567053927,0.97408114646020105,1.0188182531317678,True,True,False,2>1>3>4,6,0,0,True,2,0.00037053972089944769,0.012118198993554315,0.0070558819571392272,0.0057270509839731356
10000,0,single,gaussian_matched,0.050000000000000003,512,15,0.050000000000000003,2.6235760249749784,1-<5%,True,True,4,0.012118198993554315,0.50236025992263167,0.031192252495157391,0.018955268215150499,1.37637690462121,1.3950334972903817,1.3833226454019403,0.99160532567053927,0.95223002776410193,1.0188182531317678,True,True,False,2>1>3>4,6,0,0,True,2,0.00037053972089944769,0.012118198993554315,0.0070558819571392272,0.0057270509839731356
10000,0,single,gaussian_matched,0.050000000000000003,512,16,0.02,2.6235760249749784,1-<5%,True,False,3,0.050729589738221371,0.40723703012365836,0.092707975926295455,0.10212218068568699,1.37637690462121,1.3549627829997402,1.3397125782558756,0.98874492721482565,,1.0475580882682474,False,False,False,,-1,,,False,2,0.0084142212015782831,0.050729589738221371,0.0028221083359621551,0.0074356428342022586
10000,0,single,gaussian_matched,0.050000000000000003,512,16,0.050000000000000003,2.6235760249749784,1-<5%,True,False,3,0.050729589738221371,0.40723703012365836,0.092707975926295455,0.10212218068568699,1.37637690462121,1.3549627829997402,1.3397125782558756,0.98874492721482565,,1.0475580882682474,False,False,False,,-1,,,False,2,0.0084142212015782831,0.050729589738221371,0.0028221083359621551,0.0074356428342022586
10000,0,single,gaussian_matched,0.050000000000000003,512,17,0.02,2.6235760249749784,1-<5%,True,False,3,0.031620007143728618,0.48272217050357313,-0.00036308048575919155,0.053244373112307904,1.37637690462121,1.4279390423220129,1.3937107077736479,0.97602955481019327,,1.0512782334749868,False,False,False,,-1,,,False,2,0.0023562940590652701,0.031620007143728618,0.01613776089777964,0.001103253532556168
10000,0,single,gaussian_matched,0.050000000000000003,512,17,0.050000000000000003,2.6235760249749784,1-<5%,True,True,4,0.031620007143728618,0.48272217050357313,-0.00036308048575919155,0.053244373112307904,1.37637690462121,1.4279390423220129,1.3937107077736479,0.97602955481019327,0.93773278897556911,1.0512782334749868,True,True,False,2>1>3>4,6,0,0,True,2,0.0023562940590652701,0.031620007143728618,0.01613776089777964,0.001103253532556168
10000,0,single,gaussian_matched,0.050000000000000003,512,18,0.02,2.6235760249749784,1-<5%,True,False,3,0.035995309026444447,0.47645901102417754,-0.0064752747046775833,0.061185249978475943,1.37637690462121,1.4346730817951183,1.3951772516752441,0.97247050173238381,,1.0581131496496032,False,False,False,,-1,,,False,2,0.0033205756197028772,0.035995309026444447,0.018177303113049204,2.9483397459227368e-06
10000,0,single,gaussian_matched,0.050000000000000003,512,18,0.050000000000000003,2.6235760249749784,1-<5%,True,True,4,0.035995309026444447,0.47645901102417754,-0.0064752747046775833,0.061185249978475943,1.37637690462121,1.4346730817951183,1.3951772516752441,0.97247050173238381,0.93459023721746703,1.0581131496496032,True,True,False,2>1>3>4,6,0,0,True,2,0.0033205756197028772,0.035995309026444447,0.018177303113049204,2.9483397459227368e-06
10000,0,single,gaussian_matched,0.050000000000000003,512,19,0.02,2.6235760249749784,1-<5%,True,True,4,0.0088882029875442751,0.50453694696104345,0.062236501058169268,0.013050511326147299,1.37637690462121,1.3639214771391333,1.3689316984422928,1.0036733942438303,0.98725577262695285,1.0040725074130568,True,True,False,2>1>3>4,6,0,0,True,2,0.0068923438060889122,0.0041705270896556235,2.1596282291988817e-05,0.0088882029875442751
10000,0,single,gaussian_matched,0.050000000000000003,512,19,0.050000000000000003,2.6235760249749784,1-<5%,True,True,4,0.0088882029875442751,0.50453694696104345,0.062236501058169268,0.013050511326147299,1.37637690462121,1.3639214771391333,1.3689316984422928,1.0036733942438303,0.96435535983090681,1.0040725074130568,True,True,False,2>1>3>4,6,0,0,True,2,0.0068923438060889122,0.0041705270896556235,2.1596282291988817e-05,0.0088882029875442751
10000,0,single,gaussian_matched,0.050000000000000003,512,20,0.02,2.6235760249749784,1-<5%,True,False,3,0.028987846035726277,0.57331547112942627,0.047097405976572124,0.073372906164295926,1.37637690462121,1.3834803614574649,1.386167864551842,1.001942566854759,,1.0604223057039854,False,False,False,,-1,,,False,2,0.028987846035726277,0.0016972796877491947,0.0061021476274416113,0.01063233146160813
10000,0,single,gaussian_matched,0.050000000000000003,512,20,0.050000000000000003,2.6235760249749784,1-<5%,True,True,4,0.028987846035726277,0.57331547112942627,0.047097405976572124,0.073372906164295926,1.37637690462121,1.3834803614574649,1.386167864551842,1.001942566854759,0.95981661994499046,1.0604223057039854,True,True,False,2>1>3>4,6,0,0,True,2,0.028987846035726277,0.0016972796877491947,0.0061021476274416113,0.01063233146160813
10000,0,single,gaussian_matched,0.050000000000000003,512,21,0.02,2.6235760249749784,1-<5%,True,False,2,0.038660920773050327,0.43679017055410346,0.12562450743994219,0.098562409995460232,1.37637690462121,1.3137510774675438,1.3281949740058612,1.0109943936762817,,1.0366036942431671,False,False,False,,-1,,,False,2,0.020103533725259127,0.038660920773050327,0.0065259493342227351,0.011242945122944447
10000,0,single,gaussian_matched,0.050000000000000003,512,21,0.050000000000000003,2.6235760249749784,1-<5%,True,True,4,0.038660920773050327,0.43679017055410346,0.12562450743994219,0.098562409995460232,1.37637690462121,1.3137510774675438,1.3281949740058612,1.0109943936762817,0.97602552389567188,1.0366036942431671,True,True,False,2>1>3>4,6,0,0,True,2,0.020103533725259127,0.038660920773050327,0.0065259493342227351,0.011242945122944447
10000,0,single,gaussian_matched,0.050000000000000003,512,22,0.02,2.6235760249749784,1-<5%,True,True,4,0.009296492525630199,0.4893685355039597,0.075649336536067785,0.027765383160889875,1.37637690462121,1.3516414530056877,1.3598242696204887,1.0060539846544396,0.99073259989603724,1.0081465680821304,True,True,False,2>1>3>4,6,0,0,True,2,0.0085997231441637383,0.0044994445599960955,0.0018052533536266145,0.009296492525630199
10000,0,single,gaussian_matched,0.050000000000000003,512,22,0.050000000000000003,2.6235760249749784,1-<5%,True,True,4,0.009296492525630199,0.4893685355039597,0.075649336536067785,0.027765383160889875,1.37637690462121,1.3516414530056877,1.3598242696204887,1.0060539846544396,0.96752982289617984,1.0081465680821304,True,True,False,2>1>3>4,6,0,0,True,2,0.0085997231441637383,0.0044994445599960955,0.0018052533536266145,0.009296492525630199
10000,0,single,gaussian_matched,0.050000000000000003,512,23,0.02,2.6235760249749784,1-<5%,True,True,4,0.013974897807863144,0.48528622517171416,0.095456766680010852,0.047778790343607928,1.37637690462121,1.3324070823533227,1.3495429362823379,1.0128608247103801,0.99872347151125207,1.015217359383475,True,True,False,2>1>3>4,6,0,0,True,2,0.013974897807863144,0.0081763842207819518,0.0055965126568548939,0.010866926403251731
10000,0,single,gaussian_matched,0.050000000000000003,512,23,0.050000000000000003,2.6235760249749784,1-<5%,True,True,4,0.013974897807863144,0.48528622517171416,0.095456766680010852,0.047778790343607928,1.37637690462121,1.3324070823533227,1.3495429362823379,1.0128608247103801,0.97475352141629379,1.015217359383475,True,True,False,2>1>3>4,6,0,0,True,2,0.013974897807863144,0.0081763842207819518,0.0055965126568548939,0.010866926403251731
10000,0,single,gaussian_matched,0.050000000000000003,512,24,0.02,2.6235760249749784,1-<5%,True,True,4,0.018489624738561663,0.52985928528744908,0.013299218594365614,0.047313045491295863,1.37637690462121,1.4127352962183808,1.397176979395091,0.98898709697072307,0.96993786445053987,1.0494872589306647,True,True,False,2>1>3>4,6,0,0,True,2,0.010141382083350001,0.018489624738561663,0.009476294707586163,0.0054699974203951639
10000,0,single,gaussian_matched,0.050000000000000003,512,24,0.050000000000000003,2.6235760249749784,1-<5%,True,True,4,0.018489624738561663,0.52985928528744908,0.013299218594365614,0.047313045491295863,1.37637690462121,1.4127352962183808,1.397176979395091,0.98898709697072307,0.94839075573461751,1.0494872589306647,True,True,False,2>1>3>4,6,0,0,True,2,0.010141382083350001,0.018489624738561663,0.009476294707586163,0.0054699974203951639
10000,0,single,gaussian_matched,0.050000000000000003,512,25,0.02,2.6235760249749784,1-<5%,True,False,3,0.021184984426070089,0.52520852057716028,0.099945312842504186,0.05594643674645175,1.37637690462121,1.325989227163463,1.3526504156936208,1.020106640373837,,1.0234092476491603,False,False,False,,-1,,,False,2,0.021184984426070089,0.0147853199813854,0.00305341326462324,0.01326646760632621
10000,0,single,gaussian_matched,0.050000000000000003,512,25,0.050000000000000003,2.6235760249749784,1-<5%,True,True,4,0.021184984426070089,0.52520852057716028,0.099945312842504186,0.05594643674645175,1.37637690462121,1.325989227163463,1.3526504156936208,1.020106640373837,0.98035391513257009,1.0234092476491603,True,True,False,2>1>3>4,6,0,0,True,2,0.021184984426070089,0.0147853199813854,0.00305341326462324,0.01326646760632621
10000,0,single,gaussian_matched,0.050000000000000003,512,26,0.02,2.6235760249749784,1-<5%,True,True,4,0.019832597436354037,0.53332039782138718,0.085896015249402297,0.048977268418735093,1.37637690462121,1.3403529136137844,1.3611297496457133,1.0155010190382707,0.99963370993760947,1.0245064511980613,True,True,False,2>1>3>4,6,0,0,True,2,0.019832597436354037,0.019463032125831059,0.0012360050421426039,0.012447423583058682
10000,0,single,gaussian_matched,0.050000000000000003,512,26,0.050000000000000003,2.6235760249749784,1-<5%,True,True,4,0.019832597436354037,0.53332039782138718,0.085896015249402297,0.048977268418735093,1.37637690462121,1.3403529136137844,1.3611297496457133,1.0155010190382707,0.97525462539260654,1.0245064511980613,True,True,False,2>1>3>4,6,0,0,True,2,0.019832597436354037,0.019463032125831059,0.0012360050421426039,0.012447423583058682
10000,0,single,gaussian_matched,0.050000000000000003,512,27,0.02,2.6235760249749784,1-<5%,True,False,3,0.057541200492830728,0.40364333714852463,0.12766879762567607,0.1237620644644033,1.37637690462121,1.3244832025945048,1.3232201763134859,0.99904640068024664,,1.0512979663634434,False,False,False,,-1,,,False,2,0.01875385376213845,0.057541200492830728,0.0040318447691662035,0.010988218689634495
10000,0,single,gaussian_matched,0.050000000000000003,512,27,0.050000000000000003,2.6235760249749784,1-<5%,True,False,3,0.057541200492830728,0.40364333714852463,0.12766879762567607,0.1237620644644033,1.37637690462121,1.3244832025945048,1.3232201763134859,0.99904640068024664,,1.0512979663634434,False,False,False,,-1,,,False,2,0.01875385376213845,0.057541200492830728,0.0040318447691662035,0.010988218689634495
10000,0,single,gaussian_matched,0.050000000000000003,512,28,0.02,2.6235760249749784,1-<5%,True,False,3,0.057016064806832766,0.39641753918568223,0.028871541031966035,0.10571536296448861,1.37637690462121,1.4184266095998381,1.3670469041547617,0.96377697295204334,,1.0700283201312264,False,False,False,,-1,,,False,2,0.01046937199737899,0.057016064806832766,0.017234491289291488,0.0037126517890144978
10000,0,single,gaussian_matched,0.050000000000000003,512,28,0.050000000000000003,2.6235760249749784,1-<5%,True,False,3,0.057016064806832766,0.39641753918568223,0.028871541031966035,0.10571536296448861,1.37637690462121,1.4184266095998381,1.3670469041547617,0.96377697295204334,,1.0700283201312264,False,False,False,,-1,,,False,2,0.01046937199737899,0.057016064806832766,0.017234491289291488,0.0037126517890144978
10000,0,single,gaussian_matched,0.050000000000000003,512,29,0.02,2.6235760249749784,1-<5%,True,False,3,0.02504816325750759,0.49961204790889713,0.12822484769814807,0.078225809706409896,1.37637690462121,1.2983582522760546,1.3346515357964361,1.0279532120327795,,1.0265192192335437,False,False,False,,-1,,,False,2,0.02504816325750759,0.0018736212146082476,0.0076875040831456019,0.014398362182883378
10000,0,single,gaussian_matched,0.050000000000000003,512,29,0.050000000000000003,2.6235760249749784,1-<5%,True,True,4,0.02504816325750759,0.49961204790889713,0.12822484769814807,0.078225809706409896,1.37637690462121,1.2983582522760546,1.3346515357964361,1.0279532120327795,0.98968706008246121,1.0265192192335437,True,True,False,2>1>3>4,6,0,0,True,2,0.02504816325750759,0.0018736212146082476,0.0076875040831456019,0.014398362182883378
10000,0,single,gaussian_matched,0.050000000000000003,512,30,0.02,2.6235760249749784,1-<5%,True,False,3,0.026934763690002139,0.53087318593099952,0.11575921058361496,0.072645904124804483,1.37637690462121,1.3104026808619287,1.3446275995734167,1.0261178637767867,,1.0297132267620157,False,False,False,,-1,,,False,2,0.026934763690002139,0.017476927526609173,0.0033823209308080637,0.014805638159017021
10000,0,single,gaussian_matched,0.050000000000000003,512,30,0.050000000000000003,2.6235760249749784,1-<5%,True,True,4,0.026934763690002139,0.53087318593099952,0.11575921058361496,0.072645904124804483,1.37637690462121,1.3104026808619287,1.3446275995734167,1.0261178637767867,0.98639508976447732,1.0297132267620157,True,True,False,2>1>3>4,6,0,0,True,2,0.026934763690002139,0.017476927526609173,0.0033823209308080637,0.014805638159017021
10000,0,single,gaussian_matched,0.050000000000000003,512,31,0.02,2.6235760249749784,1-<5%,True,False,1,0.071302438725268619,0.39003410811226841,-0.017972689800399011,0.12927793290954781,1.37637690462121,1.4647590346981629,1.3868560985336089,0.94681518644422824,,1.1015398662624385,False,False,False,,-1,,,False,2,0.023316297416129391,0.071302438725268619,0.027942991376154441,0.0079783599358767172
10000,0,single,gaussian_matched,0.050000000000000003,512,31,0.050000000000000003,2.6235760249749784,1-<5%,True,False,3,0.071302438725268619,0.39003410811226841,-0.017972689800399011,0.12927793290954781,1.37637690462121,1.4647590346981629,1.3868560985336089,0.94681518644422824,,1.1015398662624385,False,False,False,,-1,,,False,2,0.023316297416129391,0.071302438725268619,0.027942991376154441,0.0079783599358767172
10000,0,single,gaussian_matched,0.050000000000000003,513,0,0.02,2.0054276881833921,1-<5%,True,False,3,0.022524765645278277,0.48604684170285084,-0.016295573167782532,0.067748015824156127,1.4712909442620323,1.5218586221283354,1.4946142552838126,0.98209796465428489,,1.0618989243433534,False,False,False,,-1,,,False,2,0.022524765645278277,0.00030798126788029621,0.013363868782775014,0.0044823825653643014
10000,0,single,gaussian_matched,0.050000000000000003,513,0,0.050000000000000003,2.0054276881833921,1-<5%,True,True,4,0.022524765645278277,0.48604684170285084,-0.016295573167782532,0.067748015824156127,1.4712909442620323,1.5218586221283354,1.4946142552838126,0.98209796465428489,0.95003486488959299,1.0618989243433534,True,True,False,2>1>3>4,6,0,0,True,2,0.022524765645278277,0.00030798126788029621,0.013363868782775014,0.0044823825653643014
10000,0,single,gaussian_matched,0.050000000000000003,513,1,0.02,2.0054276881833921,1-<5%,True,True,4,0.0063974804571402125,0.48047294254204259,0.049504456426659703,0.019533344219550549,1.4712909442620323,1.4615836990791315,1.4523404884068138,0.99367589370479337,0.983915724060621,1.0003961747787582,True,True,False,2>1>3>4,6,0,0,True,2,0.0063974804571402125,0.0043587520079816549,0.0027770261906330937,0.0057717109023251098
10000,0,single,gaussian_matched,0.050000000000000003,513,1,0.050000000000000003,2.0054276881833921,1-<5%,True,True,4,0.0063974804571402125,0.48047294254204259,0.049504456426659703,0.019533344219550549,1.4712909442620323,1.4615836990791315,1.4523404884068138,0.99367589370479337,0.96338357524082152,1.0003961747787582,True,True,False,2>1>3>4,6,0,0,True,2,0.0063974804571402125,0.0043587520079816549,0.0027770261906330937,0.0057717109023251098
10000,0,single,gaussian_matched,0.050000000000000003,513,2,0.02,2.0054276881833921,1-<5%,True,True,4,0.0091534650521907252,0.48524969502495241,0.040810620327566278,0.017378613167369019,1.4712909442620323,1.4714997446643172,1.4584639582877541,0.99114115620894183,0.98073332349208742,1.0030936282254994,True,True,False,2>1>3>4,6,0,0,True,2,0.0091534650521907252,0.0021219295718164096,0.0036405403592542507,0.0047408787717906353
10000,0,single,gaussian_matched,0.050000000000000003,513,2,0.050000000000000003,2.0054276881833921,1-<5%,True,True,4,0.0091534650521907252,0.48524969502495241,0.040810620327566278,0.017378613167369019,1.4712909442620323,1.4714997446643172,1.4584639582877541,0.99114115620894183,0.96033858138325823,1.0030936282254994,True,True,False,2>1>3>4,6,0,0,True,2,0.0091534650521907252,0.0021219295718164096,0.0036405403592542507,0.0047408787717906353
10000,0,single,gaussian_matched,0.050000000000000003,513,3,0.02,2.0054276881833921,1-<5%,True,False,3,0.037070011880144256,0.39702942799404417,-0.00088676849848669248,0.11485818171750897,1.4712909442620323,1.4716532140608425,1.4758751162757984,1.0028688159510799,,1.0811820083560595,False,False,False,,-1,,,False,2,0.0091738810533544962,0.037070011880144256,0.019848454907720334,0.016323317618763662
10000,0,single,gaussian_matched,0.050000000000000003,513,3,0.050000000000000003,2.0054276881833921,1-<5%,True,True,4,0.037070011880144256,0.39702942799404417,-0.00088676849848669248,0.11485818171750897,1.4712909442620323,1.4716532140608425,1.4758751162757984,1.0028688159510799,0.97754657573386494,1.0811820083560595,True,True,False,2>1>3>4,6,0,0,True,2,0.0091738810533544962,0.037070011880144256,0.019848454907720334,0.016323317618763662
10000,0,single,gaussian_matched,0.050000000000000003,513,4,0.02,2.0054276881833921,1-<5%,True,False,3,0.031345949326411722,0.53550251856256881,-0.0087543648385958878,0.068647681766192042,1.4712909442620323,1.5295712948768307,1.4951459940221101,0.97749349705370048,,1.0628718146380403,False,False,False,,-1,,,False,2,0.031345949326411722,0.019507327354303147,0.010108610871683965,0.00082480717660366604
10000,0,single,gaussian_matched,0.050000000000000003,513,4,0.050000000000000003,2.0054276881833921,1-<5%,True,True,4,0.031345949326411722,0.53550251856256881,-0.0087543648385958878,0.068647681766192042,1.4712909442620323,1.5295712948768307,1.4951459940221101,0.97749349705370048,0.94178729470514899,1.0628718146380403,True,True,False,2>1>3>4,6,0,0.67718345914473677,True,2,0.031345949326411722,0.019507327354303147,0.010108610871683965,0.00082480717660366604
10000,0,single,gaussian_matched,0.050000000000000003,513,5,0.02,2.0054276881833921,1-<5%,True,True,4,0.01047659971625726,0.47602890626687472,0.025442929572244682,0.034317095488342442,1.4712909442620323,1.4803316428758519,1.4671757866445485,0.99111289940020098,0.98095289707967426,1.0205275088442873,True,True,False,2>1>3>4,6,0,0,True,2,0.01047659971625726,0.0056197481195556934,0.0071312824461928917,0.0054831869306755524
10000,0,single,gaussian_matched,0.050000000000000003,513,5,0.050000000000000003,2.0054276881833921,1-<5%,True,True,4,0.01047659971625726,0.47602890626687472,0.025442929572244682,0.034317095488342442,1.4712909442620323,1.4803316428758519,1.4671757866445485,0.99111289940020098,0.96061208968282352,1.0205275088442873,True,True,False,2>1>3>4,6,0,0,True,2,0.01047659971625726,0.0056197481195556934,0.0071312824461928917,0.0054831869306755524
10000,0,single,gaussian_matched,0.050000000000000003,513,6,0.02,2.0054276881833921,1-<5%,True,True,4,0.018572211936614218,0.42974745567947115,0.088168806913131781,0.079951721711791837,1.4712909442620323,1.4032002012149269,1.420232085380646,1.0121378860628529,1.0074181713879737,1.0196377629748123,True,True,False,2>1>3>4,6,0,0,True,2,0.010771330256666458,0.018572211936614218,0.0027648710109513365,0.013523203661070651
10000,0,single,gaussian_matched,0.050000000000000003,513,6,0.050000000000000003,2.0054276881833921,1-<5%,True,True,4,0.018572211936614218,0.42974745567947115,0.088168806913131781,0.079951721711791837,1.4712909442620323,1.4032002012149269,1.420232085380646,1.0121378860628529,0.9859092775116961,1.0196377629748123,True,True,False,2>1>3>4,6,0,0,True,2,0.010771330256666458,0.018572211936614218,0.0027648710109513365,0.013523203661070651
10000,0,single,gaussian_matched,0.050000000000000003,513,7,0.02,2.0054276881833921,1-<5%,True,False,2,0.032356796306863195,0.55213680095203799,0.010190520624608138,0.065597565973534264,1.4712909442620323,1.5047753861455515,1.4856378367654413,0.98728212226468515,,1.0543362676082,False,False,False,,-1,,,False,2,0.032356796306863195,0.025815703536695232,0.0069053544055066082,0.0036715067520129048
10000,0,single,gaussian_matched,0.050000000000000003,513,7,0.050000000000000003,2.0054276881833921,1-<5%,True,True,4,0.032356796306863195,0.55213680095203799,0.010190520624608138,0.065597565973534264,1.4712909442620323,1.5047753861455515,1.4856378367654413,0.98728212226468515,0.95049058098088612,1.0543362676082,True,True,False,2>1>3>4,6,0,1.887038016916609,True,2,0.032356796306863195,0.025815703536695232,0.0069053544055066082,0.0036715067520129048
10000,0,single,gaussian_matched,0.050000000000000003,513,8,0.02,2.0054276881833921,1-<5%,True,True,4,0.0085487217309475581,0.47944705189860254,0.093757143991691896,0.048343679276285904,1.4712909442620323,1.4233407099063231,1.4237327670421887,1.0002754485508192,0.99214900660017991,1.0005338862850381,True,True,False,2>1>3>4,6,0,0,True,2,0.0024850501998470026,0.0010629070464057114,0.0040371276627812107,0.0085487217309475581
10000,0,single,gaussian_matched,0.050000000000000003,513,8,0.050000000000000003,2.0054276881833921,1-<5%,True,True,4,0.0085487217309475581,0.47944705189860254,0.093757143991691896,0.048343679276285904,1.4712909442620323,1.4233407099063231,1.4237327670421887,1.0002754485508192,0.9710368182769723,1.0005338862850381,True,True,False,2>1>3>4,6,0,0,True,2,0.0024850501998470026,0.0010629070464057114,0.0040371276627812107,0.0085487217309475581
10000,0,single,gaussian_matched,0.050000000000000003,513,9,0.02,2.0054276881833921,1-<5%,True,False,2,0.028901137581470025,0.54998094678883958,0.029054048856666601,0.054192507888154821,1.4712909442620323,1.4897619321836582,1.4739057362785533,0.98935655720383242,,1.0386105142060595,False,False,False,,-1,,,False,2,0.028901137581470025,0.024781286347966437,0.0031308581595025195,0.0047574854491853951
10000,0,single,gaussian_matched,0.050000000000000003,513,9,0.050000000000000003,2.0054276881833921,1-<5%,True,True,4,0.028901137581470025,0.54998094678883958,0.029054048856666601,0.054192507888154821,1.4712909442620323,1.4897619321836582,1.4739057362785533,0.98935655720383242,0.95329081059565113,1.0386105142060595,True,True,False,2>1>3>4,6,0,1.7907779756098474,True,2,0.028901137581470025,0.024781286347966437,0.0031308581595025195,0.0047574854491853951
10000,0,single,gaussian_matched,0.050000000000000003,513,10,0.02,2.0054276881833921,1-<5%,True,False,3,0.026032583043980883,0.48601310075895482,-0.029672842921134243,0.080891255704896067,1.4712909442620323,1.5337272556468231,1.5029974466861549,0.97996396761710514,,1.0765299063167246,False,False,False,,-1,,,False,2,0.026032583043980883,2.0909837776120327e-05,0.015882294410724633,0.0052585735482794148
10000,0,single,gaussian_matched,0.050000000000000003,513,10,0.050000000000000003,2.0054276881833921,1-<5%,True,True,4,0.026032583043980883,0.48601310075895482,-0.029672842921134243,0.080891255704896067,1.4712909442620323,1.5337272556468231,1.5029974466861549,0.97996396761710514,0.94763466460181756,1.0765299063167246,True,True,False,2>1>3>4,6,0,0,True,2,0.026032583043980883,2.0909837776120327e-05,0.015882294410724633,0.0052585735482794148
10000,0,single,gaussian_matched,0.050000000000000003,513,11,0.02,2.0054276881833921,1-<5%,True,False,3,0.030481605061212981,0.39204177644197735,0.10015519718950854,0.11904000100353863,1.4712909442620323,1.376046353101263,1.4066292228842412,1.0222251741113604,,1.0369595693073625,False,False,False,,-1,,,False,2,0.016393964138469237,0.030481605061212981,0.0056452324132833841,0.018178570377090565
10000,0,single,gaussian_matched,0.050000000000000003,513,11,0.050000000000000003,2.0054276881833921,1-<5%,True,True,4,0.030481605061212981,0.39204177644197735,0.10015519718950854,0.11904000100353863,1.4712909442620323,1.376046353101263,1.4066292228842412,1.0222251741113604,0.99857767131847452,1.0369595693073625,True,True,False,2>1>3>4,6,0,0,True,2,0.016393964138469237,0.030481605061212981,0.0056452324132833841,0.018178570377090565
10000,0,single,gaussian_matched,0.050000000000000003,513,12,0.02,2.0054276881833921,1-<5%,True,False,3,0.020144535866429329,0.44247997728952365,0.043279279397592407,0.057911320983287377,1.4712909442620323,1.4489891273451456,1.4517621438755732,1.001913759377552,,1.0260876482292767,False,False,False,,-1,,,False,2,0.0015063898750083892,0.020144535866429329,0.0080097777582036778,0.010573040107736433
10000,0,single,gaussian_matched,0.050000000000000003,513,12,0.050000000000000003,2.0054276881833921,1-<5%,True,True,4,0.020144535866429329,0.44247997728952365,0.043279279397592407,0.057911320983287377,1.4712909442620323,1.4489891273451456,1.4517621438755732,1.001913759377552,0.97404443365093607,1.0260876482292767,True,True,False,2>1>3>4,6,0,0,True,2,0.0015063898750083892,0.020144535866429329,0.0080097777582036778,0.010573040107736433
10000,0,single,gaussian_matched,0.050000000000000003,513,13,0.02,2.0054276881833921,1-<5%,True,False,2,0.027360168045199192,0.55245704413362628,0.096460831739765107,0.070073892179527031,1.4712909442620323,1.4322754247200811,1.433488983883783,1.0008472945515623,,1.0219344324296542,False,False,False,,-1,,,False,2,0.024964407311641935,0.027360168045199192,0.0084093428554863087,0.0093888548082905234
10000,0,single,gaussian_matched,0.050000000000000003,513,13,0.050000000000000003,2.0054276881833921,1-<5%,True,True,4,0.027360168045199192,0.55245704413362628,0.096460831739765107,0.070073892179527031,1.4712909442620323,1.4322754247200811,1.433488983883783,1.0008472945515623,0.96651600626131118,1.0219344324296542,True,True,False,2>1>3>4,6,0,2.2364574108024948,True,2,0.024964407311641935,0.027360168045199192,0.0084093428554863087,0.0093888548082905234
10000,0,single,gaussian_matched,0.050000000000000003,513,14,0.02,2.0054276881833921,1-<5%,True,False,2,0.046967926234211942,0.60892905423285359,0.048826660472051933,0.10893537341796651,1.4712909442620323,1.4434063532496975,1.471468920761529,1.0194419038330067,,1.0741616403900265,False,False,False,,-1,,,False,2,0.044806311976222236,0.046967926234211942,0.0050915125164223687,0.011295677058908373
10000,0,single,gaussian_matched,0.050000000000000003,513,14,0.050000000000000003,2.0054276881833921,1-<5%,True,True,4,0.046967926234211942,0.60892905423285359,0.048826660472051933,0.10893537341796651,1.4712909442620323,1.4434063532496975,1.471468920761529,1.0194419038330067,0.97848519177191262,1.0741616403900265,True,True,False,2>1>3>4,6,0,6.4931105472231909,True,2,0.044806311976222236,0.046967926234211942,0.0050915125164223687,0.011295677058908373
10000,0,single,gaussian_matched,0.050000000000000003,513,15,0.02,2.0054276881833921,1-<5%,True,True,4,0.0092115463737449423,0.49770270076967543,0.065646487093612968,0.015814238588191559,1.4712909442620323,1.4568588733283314,1.4442844043813179,0.99136878034158105,0.98094327296373363,0.99239287012798372,True,True,False,2>1>3>4,6,0,0,True,2,0.0092115463737449423,0.0029522060205639318,0.0017022862548614229,0.0051053935958309659
10000,0,single,gaussian_matched,0.050000000000000003,513,15,0.050000000000000003,2.0054276881833921,1-<5%,True,True,4,0.0092115463737449423,0.49770270076967543,0.065646487093612968,0.015814238588191559,1.4712909442620323,1.4568588733283314,1.4442844043813179,0.99136878034158105,0.96031213266658666,0.99239287012798372,True,True,False,2>1>3>4,6,0,0,True,2,0.0092115463737449423,0.0029522060205639318,0.0017022862548614229,0.0051053935958309659
10000,0,single,gaussian_matched,0.050000000000000003,513,16,0.02,2.0054276881833921,1-<5%,True,False,1,0.022455595340226391,0.43211943610930659,-0.038816358230564882,0.11178602973296145,1.4712909442620323,1.5196624744638605,1.5039455669175155,0.98965763265827167,,1.0981727325596318,False,False,False,,-1,,,False,2,0.022159483515204404,0.021759049729187838,0.022455595340226391,0.012275500382008685
10000,0,single,gaussian_matched,0.050000000000000003,513,16,0.050000000000000003,2.0054276881833921,1-<5%,True,True,4,0.022455595340226391,0.43211943610930659,-0.038816358230564882,0.11178602973296145,1.4712909442620323,1.5196624744638605,1.5039455669175155,0.98965763265827167,0.96126587576962264,1.0981727325596318,True,True,False,2>1>3>4,6,0,0,True,2,0.022159483515204404,0.021759049729187838,0.022455595340226391,0.012275500382008685
10000,0,single,gaussian_matched,0.050000000000000003,513,17,0.02,2.0054276881833921,1-<5%,True,True,4,0.019904331880295813,0.51650497820023045,0.025399445118343952,0.029624341442054936,1.4712909442620323,1.5009027158416055,1.4718704907848368,0.98065682422295475,0.96737979176688915,1.0205288342748613,True,True,False,2>1>3>4,6,0,0,True,2,0.019904331880295813,0.011281335065911145,0.0035759225777523677,0.0012989825748529597
10000,0,single,gaussian_matched,0.050000000000000003,513,17,0.050000000000000003,2.0054276881833921,1-<5%,True,True,4,0.019904331880295813,0.51650497820023045,0.025399445118343952,0.029624341442054936,1.4712909442620323,1.5009027158416055,1.4718704907848368,0.98065682422295475,0.94737529111271213,1.0205288342748613,True,True,False,2>1>3>4,6,0,0,True,2,0.019904331880295813,0.011281335065911145,0.0035759225777523677,0.0012989825748529597
10000,0,single,gaussian_matched,0.050000000000000003,513,18,0.02,2.0054276881833921,1-<5%,True,True,4,0.014784410348063846,0.51902696550788707,0.088079664083094589,0.042568606191883337,1.4712909442620323,1.4504310941054768,1.4332247150727921,0.98813705862856149,0.97730794087748007,1.0030601540913455,True,True,False,2>1>3>4,6,0,0,True,2,0.014784410348063846,0.013897743400842287,0.0076060264440346364,0.0065486139148094149
10000,0,single,gaussian_matched,0.050000000000000003,513,18,0.050000000000000003,2.0054276881833921,1-<5%,True,True,4,0.014784410348063846,0.51902696550788707,0.088079664083094589,0.042568606191883337,1.4712909442620323,1.4504310941054768,1.4332247150727921,0.98813705862856149,0.95630019975745673,1.0030601540913455,True,True,False,2>1>3>4,6,0,0,True,2,0.014784410348063846,0.013897743400842287,0.0076060264440346364,0.0065486139148094149
10000,0,single,gaussian_matched,0.050000000000000003,513,19,0.02,2.0054276881833921,1-<5%,True,False,2,0.037812696069013801,0.54332307546709946,-0.029764420261101585,0.09077032338555166,1.4712909442620323,1.5437743528948253,1.5088384197270215,0.97736979299967419,,1.0872144284928651,False,False,False,,-1,,,False,2,0.037812696069013801,0.022683467433157821,0.014856086402066336,2.3401622673881625e-05
10000,0,single,gaussian_matched,0.050000000000000003,513,19,0.050000000000000003,2.0054276881833921,1-<5%,True,True,4,0.037812696069013801,0.54332307546709946,-0.029764420261101585,0.09077032338555166,1.4712909442620323,1.5437743528948253,1.5088384197270215,0.97736979299967419,0.94034193960042467,1.0872144284928651,True,True,False,2>1>3>4,6,0,1.1744036389937706,True,2,0.037812696069013801,0.022683467433157821,0.014856086402066336,2.3401622673881625e-05
10000,0,single,gaussian_matched,0.050000000000000003,513,20,0.02,2.0054276881833921,1-<5%,True,True,4,0.015689742601878689,0.45238374005541104,0.059557735272879803,0.048566022223949096,1.4712909442620323,1.4390711432582584,1.4423090069488054,1.0022499677696379,0.9949642719477324,1.0133108172704379,True,True,False,2>1>3>4,6,0,0,True,2,0.0013422601545593502,0.015689742601878689,0.0043749487042884358,0.0097524890598378218
10000,0,single,gaussian_matched,0.050000000000000003,513,20,0.050000000000000003,2.0054276881833921,1-<5%,True,True,4,0.015689742601878689,0.45238374005541104,0.059557735272879803,0.048566022223949096,1.4712909442620323,1.4390711432582584,1.4423090069488054,1.0022499677696379,0.9740248176079902,1.0133108172704379,True,True,False,2>1>3>4,6,0,0,True,2,0.0013422601545593502,0.015689742601878689,0.0043749487042884358,0.0097524890598378218
10000,0,single,gaussian_matched,0.050000000000000003,513,21,0.02,2.0054276881833921,1-<5%,True,False,2,0.027171452426666378,0.55055313255414429,0.045227915231824817,0.050777869235243932,1.4712909442620323,1.475774311054745,1.4641715546604388,0.99213785176541414,,1.0296735868618756,False,False,False,,-1,,,False,2,0.027171452426666378,0.024855745614031626,0.00017077166749488893,0.0058860701687035678
10000,0,single,gaussian_matched,0.050000000000000003,513,21,0.050000000000000003,2.0054276881833921,1-<5%,True,True,4,0.027171452426666378,0.55055313255414429,0.045227915231824817,0.050777869235243932,1.4712909442620323,1.475774311054745,1.4641715546604388,0.99213785176541414,0.95647175728153722,1.0296735868618756,True,True,False,2>1>3>4,6,0,1.8875340922010153,True,2,0.027171452426666378,0.024855745614031626,0.00017077166749488893,0.0058860701687035678
10000,0,single,gaussian_matched,0.050000000000000003,513,22,0.02,2.0054276881833921,1-<5%,True,True,4,0.009303744829560999,0.48355436610890451,0.10906289181272452,0.061309738731799776,1.4712909442620323,1.412845551357264,1.4144574623066095,1.0011408967864868,0.99334853970579517,1.0030424008207446,True,True,False,2>1>3>4,6,0,0,True,2,0.0035910059544649719,0.0057088912020556827,0.0068910929221454699,0.009303744829560999
10000,0,single,gaussian_matched,0.050000000000000003,513,22,0.050000000000000003,2.0054276881833921,1-<5%,True,True,4,0.009303744829560999,0.48355436610890451,0.10906289181272452,0.061309738731799776,1.4712909442620323,1.412845551357264,1.4144574623066095,1.0011408967864868,0.97200513067314587,1.0030424008207446,True,True,False,2>1>3>4,6,0,0,True,2,0.0035910059544649719,0.0057088912020556827,0.0068910929221454699,0.009303744829560999
10000,0,single,gaussian_matched,0.050000000000000003,513,23,0.02,2.0054276881833921,1-<5%,True,False,2,0.036167666654515117,0.54993702202702044,-0.014027786395435671,0.081198913783539384,1.4712909442620323,1.5268230348340808,1.5000473694338305,0.98246315074545632,,1.0747339194767414,False,False,False,,-1,,,False,2,0.036167666654515117,0.025148100378364707,0.011759764654553315,0.0017606487852803903
10000,0,single,gaussian_matched,0.050000000000000003,513,23,0.050000000000000003,2.0054276881833921,1-<5%,True,True,4,0.036167666654515117,0.54993702202702044,-0.014027786395435671,0.081198913783539384,1.4712909442620323,1.5268230348340808,1.5000473694338305,0.98246315074545632,0.94521558099401426,1.0747339194767414,True,True,False,2>1>3>4,6,0,1.6572915619321948,True,2,0.036167666654515117,0.025148100378364707,0.011759764654553315,0.0017606487852803903
10000,0,single,gaussian_matched,0.050000000000000003,513,24,0.02,2.0054276881833921,1-<5%,True,True,4,0.0082799296480704186,0.47259421104165567,0.079089924686468582,0.03996624809378186,1.4712909442620323,1.4321376088700477,1.4322572288347382,1.0000835254684672,0.99189845543227284,1.0006338193476447,True,True,False,2>1>3>4,6,0,0,True,2,0.00074614753328681018,0.0043866861568488463,0.00096990966564232265,0.0082799296480704186
10000,0,single,gaussian_matched,0.050000000000000003,513,24,0.050000000000000003,2.0054276881833921,1-<5%,True,True,4,0.0082799296480704186,0.47259421104165567,0.079089924686468582,0.03996624809378186,1.4712909442620323,1.4321376088700477,1.4322572288347382,1.0000835254684672,0.97095023233923206,1.0006338193476447,True,True,False,2>1>3>4,6,0,0,True,2,0.00074614753328681018,0.0043866861568488463,0.00096990966564232265,0.0082799296480704186
10000,0,single,gaussian_matched,0.050000000000000003,513,25,0.02,2.0054276881833921,1-<5%,True,True,4,0.01193164878045693,0.48964270271698734,0.031777950486994597,0.020959883002133431,1.4712909442620323,1.4815151122320538,1.4647098074772384,0.98865667679251923,0.97761629807981232,1.0097728775354839,True,True,False,2>1>3>4,6,0,0,True,2,0.01193164878045693,6.0409995623354571e-05,0.0046483601484830191,0.0037441022192292051
10000,0,single,gaussian_matched,0.050000000000000003,513,25,0.050000000000000003,2.0054276881833921,1-<5%,True,True,4,0.01193164878045693,0.48964270271698734,0.031777950486994597,0.020959883002133431,1.4712909442620323,1.4815151122320538,1.4647098074772384,0.98865667679251923,0.95735716792637793,1.0097728775354839,True,True,False,2>1>3>4,6,0,0,True,2,0.01193164878045693,6.0409995623354571e-05,0.0046483601484830191,0.0037441022192292051
10000,0,single,gaussian_matched,0.050000000000000003,513,26,0.02,2.0054276881833921,1-<5%,True,False,3,0.02805634416991774,0.5193241903284288,0.15484894320510267,0.10661484522840235,1.4712909442620323,1.3983207753122682,1.3917111888971352,0.99527319730077168,,1.018375080720058,False,False,False,,-1,,,False,2,0.014380186219464252,0.02805634416991774,0.018280201256486009,0.012177514099027575
10000,0,single,gaussian_matched,0.050000000000000003,513,26,0.050000000000000003,2.0054276881833921,1-<5%,True,True,4,0.02805634416991774,0.5193241903284288,0.15484894320510267,0.10661484522840235,1.4712909442620323,1.3983207753122682,1.3917111888971352,0.99527319730077168,0.96532292605388614,1.018375080720058,True,True,False,2>1>3>4,6,0,0,True,2,0.014380186219464252,0.02805634416991774,0.018280201256486009,0.012177514099027575
10000,0,single,gaussian_matched,0.050000000000000003,513,27,0.02,2.0054276881833921,1-<5%,True,True,4,0.01202129338466577,0.49906243413077761,0.11309811067612519,0.063105075870770286,1.4712909442620323,1.41845511685603,1.414344841156413,0.99710228709335036,0.98855789328756871,1.0041861011849293,True,True,False,2>1>3>4,6,0,0,True,2,0.0082885222013330175,0.01202129338466577,0.0093327018560541326,0.0088266759455283682
10000,0,single,gaussian_matched,0.050000000000000003,513,27,0.050000000000000003,2.0054276881833921,1-<5%,True,True,4,0.01202129338466577,0.49906243413077761,0.11309811067612519,0.063105075870770286,1.4712909442620323,1.41845511685603,1.414344841156413,0.99710228709335036,0.96713124652887572,1.0041861011849293,True,True,False,2>1>3>4,6,0,0,True,2,0.0082885222013330175,0.01202129338466577,0.0093327018560541326,0.0088266759455283682
10000,0,single,gaussian_matched,0.050000000000000003,513,28,0.02,2.0054276881833921,1-<5%,True,False,2,0.035981569625497811,0.55388309588150408,-0.0077001569112494644,0.07894742636310681,1.4712909442620323,1.5193718597114918,1.4966942727028809,0.98507436684202043,,1.0709246224962634,False,False,False,,-1,,,False,2,0.035981569625497811,0.026622957839021397,0.010659031588134251,0.0025676809512629717
10000,0,single,gaussian_matched,0.050000000000000003,513,28,0.050000000000000003,2.0054276881833921,1-<5%,True,True,4,0.035981569625497811,0.55388309588150408,-0.0077001569112494644,0.07894742636310681,1.4712909442620323,1.5193718597114918,1.4966942727028809,0.98507436684202043,0.94761725276482245,1.0709246224962634,True,True,False,2>1>3>4,6,0,1.9495905733946772,True,2,0.035981569625497811,0.026622957839021397,0.010659031588134251,0.0025676809512629717
10000,0,single,gaussian_matched,0.050000000000000003,513,29,0.02,2.0054276881833921,1-<5%,True,True,4,0.0068367279978904924,0.49057722552357502,0.0685849754247677,0.020837226071931583,1.4712909442620323,1.4505449045318848,1.4414630630491216,0.99373901390133523,0.98391511565913903,0.9938892744660448,True,True,False,2>1>3>4,6,0,0,True,2,0.0068367279978904924,0.00027831314684733088,0.0013744546762797991,0.0058731135427069923
10000,0,single,gaussian_matched,0.050000000000000003,513,29,0.050000000000000003,2.0054276881833921,1-<5%,True,True,4,0.0068367279978904924,0.49057722552357502,0.0685849754247677,0.020837226071931583,1.4712909442620323,1.4505449045318848,1.4414630630491216,0.99373901390133523,0.96321297688649588,0.9938892744660448,True,True,False,2>1>3>4,6,0,0,True,2,0.0068367279978904924,0.00027831314684733088,0.0013744546762797991,0.0058731135427069923
10000,0,single,gaussian_matched,0.050000000000000003,513,30,0.02,2.0054276881833921,1-<5%,True,False,3,0.021847521310917419,0.53814103930584578,0.062968722052087978,0.040285563555626049,1.4712909442620323,1.467900451451998,1.4515622172515117,0.988869657895176,,1.0139719724540386,False,False,False,,-1,,,False,2,0.021847521310917419,0.019685730312052115,0.0037178776378579484,0.0058403764958112709
10000,0,single,gaussian_matched,0.050000000000000003,513,30,0.050000000000000003,2.0054276881833921,1-<5%,True,True,4,0.021847521310917419,0.53814103930584578,0.062968722052087978,0.040285563555626049,1.4712909442620323,1.467900451451998,1.4515622172515117,0.988869657895176,0.9548314309591559,1.0139719724540386,True,True,False,2>1>3>4,6,0,0.9593602999959927,True,2,0.021847521310917419,0.019685730312052115,0.0037178776378579484,0.0058403764958112709
10000,0,single,gaussian_matched,0.050000000000000003,513,31,0.02,2.0054276881833921,1-<5%,True,False,2,0.027676349024992691,0.54175517824458852,0.12042129056147964,0.081869732347075008,1.4712909442620323,1.4195346733304037,1.4170968069960559,0.99828262994899009,,1.0188104162463802,False,False,False,,-1,,,False,2,0.021278482474836196,0.027676349024992691,0.013065178520199392,0.010223230731201677
10000,0,single,gaussian_matched,0.050000000000000003,513,31,0.050000000000000003,2.0054276881833921,1-<5%,True,True,4,0.027676349024992691,0.54175517824458852,0.12042129056147964,0.081869732347075008,1.4712909442620323,1.4195346733304037,1.4170968069960559,0.99828262994899009,0.96561175899694973,1.0188104162463802,True,True,False,2>1>3>4,6,0,1.3754485332637012,True,2,0.021278482474836196,0.027676349024992691,0.013065178520199392,0.010223230731201677
10000,0,single,gaussian_matched,0.050000000000000003,514,0,0.02,6.8418940513510504,5-<10%,True,False,2,0.092846526978005467,0.60353803118867766,0.073961662814153284,0.10627457450983638,1.181971205735957,1.0861327288909761,1.0402271317605796,0.95773481830598217,,0.969991232194649,False,False,False,,-1,,,False,1,0.0062897986555712467,0.00075134565096672068,0.092846526978005467,0.027009359186117524
10000,0,single,gaussian_matched,0.050000000000000003,514,0,0.050000000000000003,6.8418940513510504,5-<10%,True,False,3,0.092846526978005467,0.60353803118867766,0.073961662814153284,0.10627457450983638,1.181971205735957,1.0861327288909761,1.0402271317605796,0.95773481830598217,,0.969991232194649,False,False,False,,-1,,,False,1,0.0062897986555712467,0.00075134565096672068,0.092846526978005467,0.027009359186117524
10000,0,single,gaussian_matched,0.050000000000000003,514,1,0.02,6.8418940513510504,5-<10%,True,False,3,0.056248185318758137,0.52411467733180195,0.1016312512562043,0.056985118839028674,1.181971205735957,1.1338195243158098,1.0769632263689106,0.94985419043545893,,0.95937053263652372,False,False,False,,-1,,,False,1,0.013049386404779591,0.00065387414509017808,0.056248185318758137,0.0090676269717794092
10000,0,single,gaussian_matched,0.050000000000000003,514,1,0.050000000000000003,6.8418940513510504,5-<10%,True,False,3,0.056248185318758137,0.52411467733180195,0.1016312512562043,0.056985118839028674,1.181971205735957,1.1338195243158098,1.0769632263689106,0.94985419043545893,,0.95937053263652372,False,False,False,,-1,,,False,1,0.013049386404779591,0.00065387414509017808,0.056248185318758137,0.0090676269717794092
10000,0,single,gaussian_matched,0.050000000000000003,514,2,0.02,6.8418940513510504,5-<10%,True,False,3,0.026374909075667217,0.51928057894015289,-0.052644805872994874,0.10443992003526367,1.181971205735957,1.2354491010163366,1.2043088858875421,0.9747944167807665,,1.1072594658580626,False,False,False,,-1,,,False,1,0.00051198357438854436,0.01400354238906237,0.026374909075667217,0.018339641143748794
10000,0,single,gaussian_matched,0.050000000000000003,514,2,0.050000000000000003,6.8418940513510504,5-<10%,True,True,4,0.026374909075667217,0.51928057894015289,-0.052644805872994874,0.10443992003526367,1.181971205735957,1.2354491010163366,1.2043088858875421,0.9747944167807665,0.9451436404738921,1.1072594658580626,True,True,False,4>3>1>2,22,0,0,True,1,0.00051198357438854436,0.01400354238906237,0.026374909075667217,0.018339641143748794
10000,0,single,gaussian_matched,0.050000000000000003,514,3,0.02,6.8418940513510504,5-<10%,True,False,3,0.032981470942871252,0.49550858142512771,0.085452071845775343,0.03573544793300798,1.181971205735957,1.1666821358620409,1.1163166121084482,0.95683012347113849,,0.97468707735915472,False,False,False,,-1,,,False,1,0.010641762876941102,0.00047815715648268342,0.032981470942871252,0.0098197523665496111
10000,0,single,gaussian_matched,0.050000000000000003,514,3,0.050000000000000003,6.8418940513510504,5-<10%,True,True,4,0.032981470942871252,0.49550858142512771,0.085452071845775343,0.03573544793300798,1.181971205735957,1.1666821358620409,1.1163166121084482,0.95683012347113849,0.91426903215844968,0.97468707735915472,True,True,False,4>3>1>2,22,0,0,True,1,0.010641762876941102,0.00047815715648268342,0.032981470942871252,0.0098197523665496111
10000,0,single,gaussian_matched,0.050000000000000003,514,4,0.02,6.8418940513510504,5-<10%,True,False,3,0.060734249655135956,0.54186135376826527,0.081229544916689073,0.052226979761569189,1.181971205735957,1.129772331434002,1.0802562956221538,0.9561716688981059,,0.95813101866435024,False,False,False,,-1,,,False,1,0.010593297886541597,0.00028300338350299882,0.060734249655135956,0.0045075781407334882
10000,0,single,gaussian_matched,0.050000000000000003,514,4,0.050000000000000003,6.8418940513510504,5-<10%,True,False,3,0.060734249655135956,0.54186135376826527,0.081229544916689073,0.052226979761569189,1.181971205735957,1.129772331434002,1.0802562956221538,0.9561716688981059,,0.95813101866435024,False,False,False,,-1,,,False,1,0.010593297886541597,0.00028300338350299882,0.060734249655135956,0.0045075781407334882
10000,0,single,gaussian_matched,0.050000000000000003,514,5,0.02,6.8418940513510504,5-<10%,True,True,4,0.013005675083142329,0.4853566870857457,0.024022211830355186,0.029820665507189894,1.181971205735957,1.2090625843424485,1.1719373075820951,0.96929416455266126,0.96230084846669528,1.016740481711657,True,True,False,4>3>1>2,22,0,0,True,1,0.0093618066830491991,0.011595325675613586,0.013005675083142329,0.0095279435903382424
10000,0,single,gaussian_matched,0.050000000000000003,514,5,0.050000000000000003,6.8418940513510504,5-<10%,True,True,4,0.013005675083142329,0.4853566870857457,0.024022211830355186,0.029820665507189894,1.181971205735957,1.2090625843424485,1.1719373075820951,0.96929416455266126,0.93747383854419519,1.016740481711657,True,True,False,4>3>1>2,22,0,0,True,1,0.0093618066830491991,0.011595325675613586,0.013005675083142329,0.0095279435903382424
10000,0,single,gaussian_matched,0.050000000000000003,514,6,0.02,6.8418940513510504,5-<10%,True,False,3,0.060579074370264212,0.5689002018941044,0.020587540555794315,0.074915489664056742,1.181971205735957,1.1481719674285238,1.1144427712250342,0.97062356758366919,,1.0062497758974884,False,False,False,,-1,,,False,1,0.0026518785033970687,0.003308175451815562,0.060579074370264212,0.019009052192828002
10000,0,single,gaussian_matched,0.050000000000000003,514,6,0.050000000000000003,6.8418940513510504,5-<10%,True,False,3,0.060579074370264212,0.5689002018941044,0.020587540555794315,0.074915489664056742,1.181971205735957,1.1481719674285238,1.1144427712250342,0.97062356758366919,,1.0062497758974884,False,False,False,,-1,,,False,1,0.0026518785033970687,0.003308175451815562,0.060579074370264212,0.019009052192828002
10000,0,single,gaussian_matched,0.050000000000000003,514,7,0.02,6.8418940513510504,5-<10%,True,True,4,0.012122821113878413,0.47709055453096338,0.03144809288449097,0.029479076466559073,1.181971205735957,1.2113827531504366,1.1723281773510885,0.96776033363709435,0.96123708126677709,1.0167821753909307,True,True,False,4>3>1>2,22,0,0,True,1,0.01081503037253973,0.012122821113878413,0.0097629522447886287,0.011183481863110885
10000,0,single,gaussian_matched,0.050000000000000003,514,7,0.050000000000000003,6.8418940513510504,5-<10%,True,True,4,0.012122821113878413,0.47709055453096338,0.03144809288449097,0.029479076466559073,1.181971205735957,1.2113827531504366,1.1723281773510885,0.96776033363709435,0.93646553767042262,1.0167821753909307,True,True,False,4>3>1>2,22,0,0,True,1,0.01081503037253973,0.012122821113878413,0.0097629522447886287,0.011183481863110885
10000,0,single,gaussian_matched,0.050000000000000003,514,8,0.02,6.8418940513510504,5-<10%,True,False,3,0.026575848717829864,0.48857879790539632,0.078040646370640482,0.030277412474798645,1.181971205735957,1.1764045216334043,1.1283350403750014,0.95913864629518786,,0.98023746029277203,False,False,False,,-1,,,False,1,0.010719419848483082,0.0033744764838059683,0.026575848717829864,0.0092680779686596746
10000,0,single,gaussian_matched,0.050000000000000003,514,8,0.050000000000000003,6.8418940513510504,5-<10%,True,True,4,0.026575848717829864,0.48857879790539632,0.078040646370640482,0.030277412474798645,1.181971205735957,1.1764045216334043,1.1283350403750014,0.95913864629518786,0.91947964942394689,0.98023746029277203,True,True,False,4>3>1>2,22,0,0,True,1,0.010719419848483082,0.0033744764838059683,0.026575848717829864,0.0092680779686596746
10000,0,single,gaussian_matched,0.050000000000000003,514,9,0.02,6.8418940513510504,5-<10%,True,True,4,0.017344806893764254,0.46494546893785055,0.074815314708590444,0.042949039477892706,1.181971205735957,1.1985072928673275,1.1499176856711988,0.95945822984532525,0.95002953222412434,1.0092180920823282,True,True,False,4>3>1>2,22,0,0,True,1,0.01335863198074491,0.0086999138204971373,0.012752556268149492,0.017344806893764254
10000,0,single,gaussian_matched,0.050000000000000003,514,9,0.050000000000000003,6.8418940513510504,5-<10%,True,True,4,0.017344806893764254,0.46494546893785055,0.074815314708590444,0.042949039477892706,1.181971205735957,1.1985072928673275,1.1499176856711988,0.95945822984532525,0.92498855218911225,1.0092180920823282,True,True,False,4>3>1>2,22,0,0,True,1,0.01335863198074491,0.0086999138204971373,0.012752556268149492,0.017344806893764254
10000,0,single,gaussian_matched,0.050000000000000003,514,10,0.02,6.8418940513510504,5-<10%,True,False,3,0.032463621171657346,0.43230724537064835,0.017405363984465926,0.075131347161452922,1.181971205735957,1.2562815736544541,1.2092005168025513,0.9625234837163561,,1.0866016513188341,False,False,False,,-1,,,False,1,0.017375580141006031,0.01992288787207612,0.0063137656238567239,0.032463621171657346
10000,0,single,gaussian_matched,0.050000000000000003,514,10,0.050000000000000003,6.8418940513510504,5-<10%,True,True,4,0.032463621171657346,0.43230724537064835,0.017405363984465926,0.075131347161452922,1.181971205735957,1.2562815736544541,1.2092005168025513,0.9625234837163561,0.93857921055540494,1.0866016513188341,True,True,False,4>3>1>2,22,0,0,True,1,0.017375580141006031,0.01992288787207612,0.0063137656238567239,0.032463621171657346
10000,0,single,gaussian_matched,0.050000000000000003,514,11,0.02,6.8418940513510504,5-<10%,True,False,3,0.039400342417609098,0.54079696716921588,-0.007810796511086418,0.070756488914108226,1.181971205735957,1.1881251095053558,1.1584545291312283,0.97502739388574988,,1.0399669738823845,False,False,False,,-1,,,False,1,0.0008394424895160035,0.0061018584740044736,0.039400342417609098,0.0014719748028620629
10000,0,single,gaussian_matched,0.050000000000000003,514,11,0.050000000000000003,6.8418940513510504,5-<10%,True,True,4,0.039400342417609098,0.54079696716921588,-0.007810796511086418,0.070756488914108226,1.181971205735957,1.1881251095053558,1.1584545291312283,0.97502739388574988,0.93697555848194747,1.0399669738823845,True,True,False,4>3>1>2,22,0,0,True,1,0.0008394424895160035,0.0061018584740044736,0.039400342417609098,0.0014719748028620629
10000,0,single,gaussian_matched,0.050000000000000003,514,12,0.02,6.8418940513510504,5-<10%,True,False,3,0.038534534537137011,0.52072662958715721,0.049824269675230869,0.020727374536835676,1.181971205735957,1.1652847586592605,1.1258124721765719,0.96612648866350559,,0.97002350069899712,False,False,False,,-1,,,False,1,0.0067389876541212894,0.0018754584027663938,0.038534534537137011,0.010245961263977648
10000,0,single,gaussian_matched,0.050000000000000003,514,12,0.050000000000000003,6.8418940513510504,5-<10%,True,True,4,0.038534534537137011,0.52072662958715721,0.049824269675230869,0.020727374536835676,1.181971205735957,1.1652847586592605,1.1258124721765719,0.96612648866350559,0.92375651672055903,0.97002350069899712,True,True,False,4>3>1>2,22,0,0,True,1,0.0067389876541212894,0.0018754584027663938,0.038534534537137011,0.010245961263977648
10000,0,single,gaussian_matched,0.050000000000000003,514,13,0.02,6.8418940513510504,5-<10%,True,False,3,0.062568307304849469,0.54002216478705611,0.090681442332029086,0.057067971967264458,1.181971205735957,1.1260212788623054,1.0730862553732754,0.95298932224219257,,0.95616054084570257,False,False,False,,-1,,,False,1,0.011852852126711036,0.00022367698436442506,0.062568307304849469,5.4119670914948355e-05
10000,0,single,gaussian_matched,0.050000000000000003,514,13,0.050000000000000003,6.8418940513510504,5-<10%,True,False,3,0.062568307304849469,0.54002216478705611,0.090681442332029086,0.057067971967264458,1.181971205735957,1.1260212788623054,1.0730862553732754,0.95298932224219257,,0.95616054084570257,False,False,False,,-1,,,False,1,0.011852852126711036,0.00022367698436442506,0.062568307304849469,5.4119670914948355e-05
10000,0,single,gaussian_matched,0.050000000000000003,514,14,0.02,6.8418940513510504,5-<10%,True,False,3,0.026253363687948894,0.50250218391327262,0.044382269646255509,0.0061497820012763457,1.181971205735957,1.183188326210352,1.1443798229922526,0.96720006244280687,,0.97339901294562337,False,False,False,,-1,,,False,1,0.0078983693049077663,0.0058106722723107549,0.026253363687948894,0.0018266067452166145
10000,0,single,gaussian_matched,0.050000000000000003,514,14,0.050000000000000003,6.8418940513510504,5-<10%,True,True,4,0.026253363687948894,0.50250218391327262,0.044382269646255509,0.0061497820012763457,1.181971205735957,1.183188326210352,1.1443798229922526,0.96720006244280687,0.92970436485634889,0.97339901294562337,True,True,False,4>3>1>2,22,0,0,True,1,0.0078983693049077663,0.0058106722723107549,0.026253363687948894,0.0018266067452166145
10000,0,single,gaussian_matched,0.050000000000000003,514,15,0.02,6.8418940513510504,5-<10%,True,False,3,0.02875089310469538,0.52484001982490047,-0.036920748757633834,0.090400459896447169,1.181971205735957,1.2201511186699909,1.1902283753971239,0.97547619896010596,,1.0834687250237915,False,False,False,,-1,,,False,1,0.0001700978037525401,0.011685555979203635,0.02875089310469538,0.012052516621966316
10000,0,single,gaussian_matched,0.050000000000000003,514,15,0.050000000000000003,6.8418940513510504,5-<10%,True,True,4,0.02875089310469538,0.52484001982490047,-0.036920748757633834,0.090400459896447169,1.181971205735957,1.2201511186699909,1.1902283753971239,0.97547619896010596,0.94351160805566392,1.0834687250237915,True,True,False,4>3>1>2,22,0,0,True,1,0.0001700978037525401,0.011685555979203635,0.02875089310469538,0.012052516621966316
10000,0,single,gaussian_matched,0.050000000000000003,514,16,0.02,6.8418940513510504,5-<10%,True,False,3,0.020442877490434167,0.50486898015738624,-0.0019909501102907887,0.052218443687491942,1.181971205735957,1.2102813571057482,1.177590296532312,0.97298887537058876,,1.0404726733203797,False,False,False,,-1,,,False,1,0.0053668931545096197,0.011214547983789487,0.020442877490434167,0.00920632571841494
10000,0,single,gaussian_matched,0.050000000000000003,514,16,0.050000000000000003,6.8418940513510504,5-<10%,True,True,4,0.020442877490434167,0.50486898015738624,-0.0019909501102907887,0.052218443687491942,1.181971205735957,1.2102813571057482,1.177590296532312,0.97298887537058876,0.94072872965143173,1.0404726733203797,True,True,False,4>3>1>2,22,0,0,True,1,0.0053668931545096197,0.011214547983789487,0.020442877490434167,0.00920632571841494
10000,0,single,gaussian_matched,0.050000000000000003,514,17,0.02,6.8418940513510504,5-<10%,True,False,3,0.032702323162350153,0.50539371387851362,0.063570879542782288,0.014603455788544613,1.181971205735957,1.1698586690210937,1.1265058801994257,0.96294185787592235,,0.96542904805997876,False,False,False,,-1,,,False,1,0.008622887213964061,0.0022059351796696156,0.032702323162350153,0.0012626325167558244
10000,0,single,gaussian_matched,0.050000000000000003,514,17,0.050000000000000003,6.8418940513510504,5-<10%,True,True,4,0.032702323162350153,0.50539371387851362,0.063570879542782288,0.014603455788544613,1.181971205735957,1.1698586690210937,1.1265058801994257,0.96294185787592235,0.92184340428635003,0.96542904805997876,True,True,False,4>3>1>2,22,0,0,True,1,0.008622887213964061,0.0022059351796696156,0.032702323162350153,0.0012626325167558244
10000,0,single,gaussian_matched,0.050000000000000003,514,18,0.02,6.8418940513510504,5-<10%,True,False,2,0.062307161096033493,0.51915692612385789,0.12867146739614391,0.080970288382699263,1.181971205735957,1.1255514346938511,1.0569029181802483,0.93900899203928856,,0.96269113920964622,False,False,False,,-1,,,False,1,0.016808216011789112,0.0021618513472439821,0.062307161096033493,0.022222803473642052
10000,0,single,gaussian_matched,0.050000000000000003,514,18,0.050000000000000003,6.8418940513510504,5-<10%,True,False,3,0.062307161096033493,0.51915692612385789,0.12867146739614391,0.080970288382699263,1.181971205735957,1.1255514346938511,1.0569029181802483,0.93900899203928856,,0.96269113920964622,False,False,False,,-1,,,False,1,0.016808216011789112,0.0021618513472439821,0.062307161096033493,0.022222803473642052
10000,0,single,gaussian_matched,0.050000000000000003,514,19,0.02,6.8418940513510504,5-<10%,True,False,2,0.039438361992171933,0.46065186569344996,0.13662705698997213,0.095144745919836154,1.181971205735957,1.1762528206800293,1.104455894539035,0.9389613143716109,,1.0149152827390049,False,False,False,,-1,,,False,1,0.015792865713087134,0.0016768372002699172,0.029708533755911384,0.039438361992171933
10000,0,single,gaussian_matched,0.050000000000000003,514,19,0.050000000000000003,6.8418940513510504,5-<10%,True,True,4,0.039438361992171933,0.46065186569344996,0.13662705698997213,0.095144745919836154,1.181971205735957,1.1762528206800293,1.104455894539035,0.9389613143716109,0.89545130768266734,1.0149152827390049,True,True,False,4>3>1>2,22,0,0,True,1,0.015792865713087134,0.0016768372002699172,0.029708533755911384,0.039438361992171933
10000,0,single,gaussian_matched,0.050000000000000003,514,20,0.02,6.8418940513510504,5-<10%,True,True,4,0.017270516958456029,0.46295364771346526,0.030835782068046269,0.041709704706236597,1.181971205735957,1.22334812895953,1.1821900439467576,0.96635619572347098,0.96179315843720514,1.0354734046934166,True,True,False,4>3>1>2,22,0,0,True,1,0.012944448100847283,0.014424458491356925,0.0026845775536686032,0.017270516958456029
10000,0,single,gaussian_matched,0.050000000000000003,514,20,0.050000000000000003,6.8418940513510504,5-<10%,True,True,4,0.017270516958456029,0.46295364771346526,0.030835782068046269,0.041709704706236597,1.181971205735957,1.22334812895953,1.1821900439467576,0.96635619572347098,0.93726735013387175,1.0354734046934166,True,True,False,4>3>1>2,22,0,0,True,1,0.012944448100847283,0.014424458491356925,0.0026845775536686032,0.017270516958456029
10000,0,single,gaussian_matched,0.050000000000000003,514,21,0.02,6.8418940513510504,5-<10%,True,False,3,0.03379030659434297,0.51817238444208791,0.036128872166467332,0.022861402924694789,1.181971205735957,1.1756583832862659,1.1391772070678789,0.96896957761113156,,0.98313614101032831,False,False,False,,-1,,,False,1,0.0059514530523780808,0.0040053249778226737,0.03379030659434297,0.0057217671988562448
10000,0,single,gaussian_matched,0.050000000000000003,514,21,0.050000000000000003,6.8418940513510504,5-<10%,True,True,4,0.03379030659434297,0.51817238444208791,0.036128872166467332,0.022861402924694789,1.181971205735957,1.1756583832862659,1.1391772070678789,0.96896957761113156,0.92937473640010371,0.98313614101032831,True,True,False,4>3>1>2,22,0,0,True,1,0.0059514530523780808,0.0040053249778226737,0.03379030659434297,0.0057217671988562448
10000,0,single,gaussian_matched,0.050000000000000003,514,22,0.02,6.8418940513510504,5-<10%,True,True,4,0.019544525334380801,0.45493384734435111,0.04260169770372365,0.045669387909729402,1.181971205735957,1.2235968257569509,1.1796934840074251,0.96411943801638589,0.95950790101343064,1.0367112717895524,True,True,False,4>3>1>2,22,0,0,True,1,0.014426621556283903,0.01435835727405858,0.0012861350121680869,0.019544525334380801
10000,0,single,gaussian_matched,0.050000000000000003,514,22,0.050000000000000003,6.8418940513510504,5-<10%,True,True,4,0.019544525334380801,0.45493384734435111,0.04260169770372365,0.045669387909729402,1.181971205735957,1.2235968257569509,1.1796934840074251,0.96411943801638589,0.93498659983563515,1.0367112717895524,True,True,False,4>3>1>2,22,0,0,True,1,0.014426621556283903,0.01435835727405858,0.0012861350121680869,0.019544525334380801
10000,0,single,gaussian_matched,0.050000000000000003,514,23,0.02,6.8418940513510504,5-<10%,True,False,3,0.061499448187281501,0.57525850120023825,0.0077656272541433008,0.086299387275589765,1.181971205735957,1.1530919599542657,1.1213668610167877,0.97248693075725179,,1.0217391442631814,False,False,False,,-1,,,False,1,0.00093533499076019785,0.0039552674924446607,0.061499448187281501,0.017422383590914536
10000,0,single,gaussian_matched,0.050000000000000003,514,23,0.050000000000000003,6.8418940513510504,5-<10%,True,False,3,0.061499448187281501,0.57525850120023825,0.0077656272541433008,0.086299387275589765,1.181971205735957,1.1530919599542657,1.1213668610167877,0.97248693075725179,,1.0217391442631814,False,False,False,,-1,,,False,1,0.00093533499076019785,0.0039552674924446607,0.061499448187281501,0.017422383590914536
10000,0,single,gaussian_matched,0.050000000000000003,514,24,0.02,6.8418940513510504,5-<10%,True,False,3,0.024423837867520004,0.51570595989449108,-0.035774279837529385,0.087200368450220223,1.181971205735957,1.2256567278476411,1.1947676525462048,0.97479793926013836,,1.0846017354527726,False,False,False,,-1,,,False,1,0.0014743428314417295,0.012933693022217701,0.024423837867520004,0.01472944027711595
10000,0,single,gaussian_matched,0.050000000000000003,514,24,0.050000000000000003,6.8418940513510504,5-<10%,True,True,4,0.024423837867520004,0.51570595989449108,-0.035774279837529385,0.087200368450220223,1.181971205735957,1.2256567278476411,1.1947676525462048,0.97479793926013836,0.94414282750576073,1.0846017354527726,True,True,False,4>3>1>2,22,0,0,True,1,0.0014743428314417295,0.012933693022217701,0.024423837867520004,0.01472944027711595
10000,0,single,gaussian_matched,0.050000000000000003,514,25,0.02,6.8418940513510504,5-<10%,True,False,3,0.021142014564423238,0.50368243821611314,-0.044526924789849168,0.094598625050479945,1.181971205735957,1.2403286674631799,1.2075277153942916,0.97355462876144316,,1.1016565666961402,False,False,False,,-1,,,False,1,0.0024320154710419303,0.015482138223573319,0.019493870640095518,0.021142014564423238
10000,0,single,gaussian_matched,0.050000000000000003,514,25,0.050000000000000003,6.8418940513510504,5-<10%,True,True,4,0.021142014564423238,0.50368243821611314,-0.044526924789849168,0.094598625050479945,1.181971205735957,1.2403286674631799,1.2075277153942916,0.97355462876144316,0.94542238187232741,1.1016565666961402,True,True,False,4>3>1>2,22,0,0,True,1,0.0024320154710419303,0.015482138223573319,0.019493870640095518,0.021142014564423238
10000,0,single,gaussian_matched,0.050000000000000003,514,26,0.02,6.8418940513510504,5-<10%,True,False,3,0.043711293142731776,0.52991436585734397,0.047927033977531203,0.029986104661615134,1.181971205735957,1.1591378436312529,1.1201793588606432,0.96639011918671924,,0.97309093312988559,False,False,False,,-1,,,False,1,0.006223157916780477,0.0019352323209365287,0.043711293142731776,0.013134881466307691
10000,0,single,gaussian_matched,0.050000000000000003,514,26,0.050000000000000003,6.8418940513510504,5-<10%,True,True,4,0.043711293142731776,0.52991436585734397,0.047927033977531203,0.029986104661615134,1.181971205735957,1.1591378436312529,1.1201793588606432,0.96639011918671924,0.92216790791814052,0.97309093312988559,True,True,False,4>3>1>2,22,0,0,True,1,0.006223157916780477,0.0019352323209365287,0.043711293142731776,0.013134881466307691
10000,0,single,gaussian_matched,0.050000000000000003,514,27,0.02,6.8418940513510504,5-<10%,True,False,2,0.072899299422446689,0.58073599868991677,0.043200467066991349,0.081021818867298395,1.181971205735957,1.12384627310404,1.0846138076051304,0.96509089682652915,,0.98617937629592523,False,False,False,,-1,,,False,1,0.0052206069808008919,0.0022208032983714581,0.072899299422446689,0.029561721435578545
10000,0,single,gaussian_matched,0.050000000000000003,514,27,0.050000000000000003,6.8418940513510504,5-<10%,True,False,3,0.072899299422446689,0.58073599868991677,0.043200467066991349,0.081021818867298395,1.181971205735957,1.12384627310404,1.0846138076051304,0.96509089682652915,,0.98617937629592523,False,False,False,,-1,,,False,1,0.0052206069808008919,0.0022208032983714581,0.072899299422446689,0.029561721435578545
10000,0,single,gaussian_matched,0.050000000000000003,514,28,0.02,6.8418940513510504,5-<10%,True,False,3,0.03756598239522714,0.54315832196724656,-0.071446542880383865,0.12888717365442318,1.181971205735957,1.2342268048203542,1.2042270269462469,0.9756934643155204,,1.1278736691141336,False,False,False,,-1,,,False,1,0.0054279070813530537,0.012595998048162265,0.03756598239522714,0.016496696998269965
10000,0,single,gaussian_matched,0.050000000000000003,514,28,0.050000000000000003,6.8418940513510504,5-<10%,True,True,4,0.03756598239522714,0.54315832196724656,-0.071446542880383865,0.12888717365442318,1.181971205735957,1.2342268048203542,1.2042270269462469,0.9756934643155204,0.94431601472665427,1.1278736691141336,True,True,False,4>3>1>2,22,0,0,True,1,0.0054279070813530537,0.012595998048162265,0.03756598239522714,0.016496696998269965
10000,0,single,gaussian_matched,0.050000000000000003,514,29,0.02,6.8418940513510504,5-<10%,True,False,3,0.029762182932014922,0.51556121620342377,0.023538215731813101,0.030698167313143666,1.181971205735957,1.1855943255020316,1.1511762538672499,0.97096977364478565,,0.99991811597855018,False,False,False,,-1,,,False,1,0.0054538524923742719,0.0062449022987077774,0.029762182932014922,0.0014037657132509609
10000,0,single,gaussian_matched,0.050000000000000003,514,29,0.050000000000000003,6.8418940513510504,5-<10%,True,True,4,0.029762182932014922,0.51556121620342377,0.023538215731813101,0.030698167313143666,1.181971205735957,1.1855943255020316,1.1511762538672499,0.97096977364478565,0.93371873362224356,0.99991811597855018,True,True,False,4>3>1>2,22,0,0,True,1,0.0054538524923742719,0.0062449022987077774,0.029762182932014922,0.0014037657132509609
10000,0,single,gaussian_matched,0.050000000000000003,514,30,0.02,6.8418940513510504,5-<10%,True,False,3,0.072743469057003615,0.55069233659549699,0.10275902123737006,0.073165752312379234,1.181971205735957,1.1105109736339918,1.0529030240704977,0.94812482638061646,,0.95270406835480204,False,False,False,,-1,,,False,1,0.013140415285845523,0.0009804397874501364,0.072743469057003615,0.0023139690933281017
10000,0,single,gaussian_matched,0.050000000000000003,514,30,0.050000000000000003,6.8418940513510504,5-<10%,True,False,3,0.072743469057003615,0.55069233659549699,0.10275902123737006,0.073165752312379234,1.181971205735957,1.1105109736339918,1.0529030240704977,0.94812482638061646,,0.95270406835480204,False,False,False,,-1,,,False,1,0.013140415285845523,0.0009804397874501364,0.072743469057003615,0.0023139690933281017
10000,0,single,gaussian_matched,0.050000000000000003,514,31,0.02,6.8418940513510504,5-<10%,True,False,3,0.050059279780262297,0.54651915124097183,0.032503352313759018,0.049700745592363635,1.181971205735957,1.1562273761876583,1.1207138157564005,0.96928496836984268,,0.99022256690255239,False,False,False,,-1,,,False,1,0.0042909878776269464,0.0026575236502218028,0.050059279780262297,0.014699316034182786
10000,0,single,gaussian_matched,0.050000000000000003,514,31,0.050000000000000003,6.8418940513510504,5-<10%,True,False,3,0.050059279780262297,0.54651915124097183,0.032503352313759018,0.049700745592363635,1.181971205735957,1.1562273761876583,1.1207138157564005,0.96928496836984268,,0.99022256690255239,False,False,False,,-1,,,False,1,0.0042909878776269464,0.0026575236502218028,0.050059279780262297,0.014699316034182786
10000,0,single,gaussian_matched,0.050000000000000003,515,0,0.02,0.93172007353247022,<1%,True,False,2,0.093041811278301925,0.5160124504129332,0.030188710362865693,0.025473236255196745,1.0791314941240915,1.1030740730202333,1.0160238950094276,0.92108401408396712,,0.96512532247980209,False,False,False,,-1,,,False,2,0.031331164779240764,0.0030931727320340544,0.0013767374167435787,0.093041811278301925
10000,0,single,gaussian_matched,0.050000000000000003,515,0,0.050000000000000003,0.93172007353247022,<1%,True,False,3,0.093041811278301925,0.5160124504129332,0.030188710362865693,0.025473236255196745,1.0791314941240915,1.1030740730202333,1.0160238950094276,0.92108401408396712,,0.96512532247980209,False,False,False,,-1,,,False,2,0.031331164779240764,0.0030931727320340544,0.0013767374167435787,0.093041811278301925
10000,0,single,gaussian_matched,0.050000000000000003,515,1,0.02,0.93172007353247022,<1%,True,False,1,0.073949382589092699,0.53840988130218981,0.15455614336199186,0.11138808776696772,1.0791314941240915,1.0734229845485552,0.97272153690510688,0.90618661134240575,,1.0046130898552115,False,False,False,,-1,,,False,2,0.025396923034290895,0.025670525441923536,0.0096466327999279455,0.073949382589092699
10000,0,single,gaussian_matched,0.050000000000000003,515,1,0.050000000000000003,0.93172007353247022,<1%,True,False,3,0.073949382589092699,0.53840988130218981,0.15455614336199186,0.11138808776696772,1.0791314941240915,1.0734229845485552,0.97272153690510688,0.90618661134240575,,1.0046130898552115,False,False,False,,-1,,,False,2,0.025396923034290895,0.025670525441923536,0.0096466327999279455,0.073949382589092699
10000,0,single,gaussian_matched,0.050000000000000003,515,2,0.02,0.93172007353247022,<1%,True,False,2,0.094048647078128406,0.53484485398981085,0.039478018452549037,0.03639884538355765,1.0791314941240915,1.1145715179460316,1.0204579946351351,0.91556080359532965,,0.97935872113205391,False,False,False,,-1,,,False,2,0.031505215639199419,0.0099045299832745889,0.0036008489053104818,0.094048647078128406
10000,0,single,gaussian_matched,0.050000000000000003,515,2,0.050000000000000003,0.93172007353247022,<1%,True,False,3,0.094048647078128406,0.53484485398981085,0.039478018452549037,0.03639884538355765,1.0791314941240915,1.1145715179460316,1.0204579946351351,0.91556080359532965,,0.97935872113205391,False,False,False,,-1,,,False,2,0.031505215639199419,0.0099045299832745889,0.0036008489053104818,0.094048647078128406
10000,0,single,gaussian_matched,0.050000000000000003,515,3,0.02,0.93172007353247022,<1%,True,False,2,0.098535402250689741,0.45197524264555777,-0.058693637977388496,0.11883048538027877,1.0791314941240915,1.108301138043178,1.0286328035160404,0.92811670782202715,,1.0633211014082127,False,False,False,,-1,,,False,2,0.032867868570331207,0.013449110789700918,0.0029161488220218008,0.098535402250689741
10000,0,single,gaussian_matched,0.050000000000000003,515,3,0.050000000000000003,0.93172007353247022,<1%,True,False,3,0.098535402250689741,0.45197524264555777,-0.058693637977388496,0.11883048538027877,1.0791314941240915,1.108301138043178,1.0286328035160404,0.92811670782202715,,1.0633211014082127,False,False,False,,-1,,,False,2,0.032867868570331207,0.013449110789700918,0.0029161488220218008,0.098535402250689741
10000,0,single,gaussian_matched,0.050000000000000003,515,4,0.02,0.93172007353247022,<1%,True,False,2,0.086268054621961618,0.55198467456868527,0.092031769623598533,0.066851148439674338,1.0791314941240915,1.1068447448201111,1.0076831604324683,0.9104105748780883,,0.99573992115235199,False,False,False,,-1,,,False,2,0.029342079020008034,0.015921039939632686,0.0009328121607055283,0.086268054621961618
10000,0,single,gaussian_matched,0.050000000000000003,515,4,0.050000000000000003,0.93172007353247022,<1%,True,False,3,0.086268054621961618,0.55198467456868527,0.092031769623598533,0.066851148439674338,1.0791314941240915,1.1068447448201111,1.0076831604324683,0.9104105748780883,,0.99573992115235199,False,False,False,,-1,,,False,2,0.029342079020008034,0.015921039939632686,0.0009328121607055283,0.086268054621961618
10000,0,single,gaussian_matched,0.050000000000000003,515,5,0.02,0.93172007353247022,<1%,True,False,1,0.11200502848229721,0.55097203119204685,-0.045053290717491673,0.1078576656527805,1.0791314941240915,1.1742939505794667,1.0555547870856894,0.89888463324265244,,1.0781007310724329,False,False,False,,-1,,,False,2,0.034902038854685277,0.024638020022763243,0.01991236013398812,0.11200502848229721
10000,0,single,gaussian_matched,0.050000000000000003,515,5,0.050000000000000003,0.93172007353247022,<1%,True,False,3,0.11200502848229721,0.55097203119204685,-0.045053290717491673,0.1078576656527805,1.0791314941240915,1.1742939505794667,1.0555547870856894,0.89888463324265244,,1.0781007310724329,False,False,False,,-1,,,False,2,0.034902038854685277,0.024638020022763243,0.01991236013398812,0.11200502848229721
10000,0,single,gaussian_matched,0.050000000000000003,515,6,0.02,0.93172007353247022,<1%,True,False,2,0.082476334677105939,0.53004971806953527,0.1004185154475865,0.058694226768883091,1.0791314941240915,1.0833730721159291,0.99256719785420322,0.91618226758731081,,0.9741736112301802,False,False,False,,-1,,,False,2,0.02824373336473926,0.0091316843238329268,0.0067561704503978507,0.082476334677105939
10000,0,single,gaussian_matched,0.050000000000000003,515,6,0.050000000000000003,0.93172007353247022,<1%,True,False,3,0.082476334677105939,0.53004971806953527,0.1004185154475865,0.058694226768883091,1.0791314941240915,1.0833730721159291,0.99256719785420322,0.91618226758731081,,0.9741736112301802,False,False,False,,-1,,,False,2,0.02824373336473926,0.0091316843238329268,0.0067561704503978507,0.082476334677105939
10000,0,single,gaussian_matched,0.050000000000000003,515,7,0.02,0.93172007353247022,<1%,True,False,2,0.08557708225488346,0.48462169787907383,0.050552489439499811,0.015388223442075471,1.0791314941240915,1.0656676281453192,0.99076644411453829,0.9297143104917821,,0.93237448173383963,False,False,False,,-1,,,False,2,0.029321428085682281,0.010794264730822855,0.0082590538988642302,0.08557708225488346
10000,0,single,gaussian_matched,0.050000000000000003,515,7,0.050000000000000003,0.93172007353247022,<1%,True,False,3,0.08557708225488346,0.48462169787907383,0.050552489439499811,0.015388223442075471,1.0791314941240915,1.0656676281453192,0.99076644411453829,0.9297143104917821,,0.93237448173383963,False,False,False,,-1,,,False,2,0.029321428085682281,0.010794264730822855,0.0082590538988642302,0.08557708225488346
10000,0,single,gaussian_matched,0.050000000000000003,515,8,0.02,0.93172007353247022,<1%,True,False,1,0.082052680408154999,0.45273062728107483,0.044814229041464898,0.047552979062042512,1.0791314941240915,1.0420717983042822,0.97679416380145689,0.93735783406762496,,0.94923292336578557,False,False,False,,-1,,,False,2,0.028531568263323509,0.022453388578817814,0.013648863565533008,0.082052680408154999
10000,0,single,gaussian_matched,0.050000000000000003,515,8,0.050000000000000003,0.93172007353247022,<1%,True,False,3,0.082052680408154999,0.45273062728107483,0.044814229041464898,0.047552979062042512,1.0791314941240915,1.0420717983042822,0.97679416380145689,0.93735783406762496,,0.94923292336578557,False,False,False,,-1,,,False,2,0.028531568263323509,0.022453388578817814,0.013648863565533008,0.082052680408154999
10000,0,single,gaussian_matched,0.050000000000000003,515,9,0.02,0.93172007353247022,<1%,True,False,1,0.073974014172805261,0.45366812595447215,0.10014888647417355,0.068275569328788491,1.0791314941240915,1.0142771877656909,0.95027933265059561,0.93690299270550148,,0.94386542096625936,False,False,False,,-1,,,False,2,0.026166420079453984,0.0089783963217861164,0.022263636456261733,0.073974014172805261
10000,0,single,gaussian_matched,0.050000000000000003,515,9,0.050000000000000003,0.93172007353247022,<1%,True,False,3,0.073974014172805261,0.45366812595447215,0.10014888647417355,0.068275569328788491,1.0791314941240915,1.0142771877656909,0.95027933265059561,0.93690299270550148,,0.94386542096625936,False,False,False,,-1,,,False,2,0.026166420079453984,0.0089783963217861164,0.022263636456261733,0.073974014172805261
10000,0,single,gaussian_matched,0.050000000000000003,515,10,0.02,0.93172007353247022,<1%,True,False,1,0.087825953012430305,0.59410065259244915,0.10894110989364447,0.11103597279179159,1.0791314941240915,1.140199720620038,1.0188918546815335,0.89360823043129889,,1.0470714955738216,False,False,False,,-1,,,False,2,0.029524461007351357,0.035744402918222742,0.0064282769537625803,0.087825953012430305
10000,0,single,gaussian_matched,0.050000000000000003,515,10,0.050000000000000003,0.93172007353247022,<1%,True,False,3,0.087825953012430305,0.59410065259244915,0.10894110989364447,0.11103597279179159,1.0791314941240915,1.140199720620038,1.0188918546815335,0.89360823043129889,,1.0470714955738216,False,False,False,,-1,,,False,2,0.029524461007351357,0.035744402918222742,0.0064282769537625803,0.087825953012430305
10000,0,single,gaussian_matched,0.050000000000000003,515,11,0.02,0.93172007353247022,<1%,True,False,2,0.079827778222963844,0.5112151431517169,0.10464820902657779,0.055787150722420298,1.0791314941240915,1.0643848905218558,0.97972288185864609,0.92045921600625047,,0.95957725098327185,False,False,False,,-1,,,False,2,0.027471142337530407,0.0047025293898896123,0.011334049017007804,0.079827778222963844
10000,0,single,gaussian_matched,0.050000000000000003,515,11,0.050000000000000003,0.93172007353247022,<1%,True,False,3,0.079827778222963844,0.5112151431517169,0.10464820902657779,0.055787150722420298,1.0791314941240915,1.0643848905218558,0.97972288185864609,0.92045921600625047,,0.95957725098327185,False,False,False,,-1,,,False,2,0.027471142337530407,0.0047025293898896123,0.011334049017007804,0.079827778222963844
10000,0,single,gaussian_matched,0.050000000000000003,515,12,0.02,0.93172007353247022,<1%,True,False,1,0.11160608874578745,0.58104274295669978,-0.0036069855699231573,0.097168076485230792,1.0791314941240915,1.1761935792024909,1.0473386225265888,0.89044749184630712,,1.0605813149219518,False,False,False,,-1,,,False,2,0.034386177074340954,0.032521666149604125,0.019860824458338731,0.11160608874578745
10000,0,single,gaussian_matched,0.050000000000000003,515,12,0.050000000000000003,0.93172007353247022,<1%,True,False,3,0.11160608874578745,0.58104274295669978,-0.0036069855699231573,0.097168076485230792,1.0791314941240915,1.1761935792024909,1.0473386225265888,0.89044749184630712,,1.0605813149219518,False,False,False,,-1,,,False,2,0.034386177074340954,0.032521666149604125,0.019860824458338731,0.11160608874578745
10000,0,single,gaussian_matched,0.050000000000000003,515,13,0.02,0.93172007353247022,<1%,True,False,2,0.080857152786815337,0.51431082168062492,0.10093884681908445,0.052910922619368431,1.0791314941240915,1.0686996677734093,0.98328377245753529,0.9200749304116147,,0.96021170795127364,False,False,False,,-1,,,False,2,0.027755622653552262,0.0045713890412731545,0.010152955759050248,0.080857152786815337
10000,0,single,gaussian_matched,0.050000000000000003,515,13,0.050000000000000003,0.93172007353247022,<1%,True,False,3,0.080857152786815337,0.51431082168062492,0.10093884681908445,0.052910922619368431,1.0791314941240915,1.0686996677734093,0.98328377245753529,0.9200749304116147,,0.96021170795127364,False,False,False,,-1,,,False,2,0.027755622653552262,0.0045713890412731545,0.010152955759050248,0.080857152786815337
10000,0,single,gaussian_matched,0.050000000000000003,515,14,0.02,0.93172007353247022,<1%,True,False,2,0.086680249487346331,0.48065731624038238,0.040463711511668596,0.021565718470694578,1.0791314941240915,1.0676985914731283,0.99361209408411832,0.93061103762739716,,0.94073596969645634,False,False,False,,-1,,,False,2,0.029662862524709455,0.011605249163459905,0.0073894458662946954,0.086680249487346331
10000,0,single,gaussian_matched,0.050000000000000003,515,14,0.050000000000000003,0.93172007353247022,<1%,True,False,3,0.086680249487346331,0.48065731624038238,0.040463711511668596,0.021565718470694578,1.0791314941240915,1.0676985914731283,0.99361209408411832,0.93061103762739716,,0.94073596969645634,False,False,False,,-1,,,False,2,0.029662862524709455,0.011605249163459905,0.0073894458662946954,0.086680249487346331
10000,0,single,gaussian_matched,0.050000000000000003,515,15,0.02,0.93172007353247022,<1%,True,False,0,0.11186852573321032,0.57988522274459453,-0.0063517267690961984,0.097760758603912021,1.0791314941240915,1.1766265668333453,1.04792303400765,0.89061649936047671,,1.0616720935769646,False,False,False,,-1,,,False,2,0.034441098370220989,0.032319760879406627,0.020068124827324136,0.11186852573321032
10000,0,single,gaussian_matched,0.050000000000000003,515,15,0.050000000000000003,0.93172007353247022,<1%,True,False,3,0.11186852573321032,0.57988522274459453,-0.0063517267690961984,0.097760758603912021,1.0791314941240915,1.1766265668333453,1.04792303400765,0.89061649936047671,,1.0616720935769646,False,False,False,,-1,,,False,2,0.034441098370220989,0.032319760879406627,0.020068124827324136,0.11186852573321032
10000,0,single,gaussian_matched,0.050000000000000003,515,16,0.02,0.93172007353247022,<1%,True,False,2,0.078862053349194619,0.46911141658827593,0.079053643319635977,0.042405409741301442,1.0791314941240915,1.0378791320612137,0.96820069243002349,0.9328645913779865,,0.93649949767392593,False,False,False,,-1,,,False,2,0.02748754986440308,0.011784765663105821,0.015989053493731697,0.078862053349194619
10000,0,single,gaussian_matched,0.050000000000000003,515,16,0.050000000000000003,0.93172007353247022,<1%,True,False,3,0.078862053349194619,0.46911141658827593,0.079053643319635977,0.042405409741301442,1.0791314941240915,1.0378791320612137,0.96820069243002349,0.9328645913779865,,0.93649949767392593,False,False,False,,-1,,,False,2,0.02748754986440308,0.011784765663105821,0.015989053493731697,0.078862053349194619
10000,0,single,gaussian_matched,0.050000000000000003,515,17,0.02,0.93172007353247022,<1%,True,False,2,0.099386142379445194,0.49142108465004347,-0.028179094505629207,0.078648385910340346,1.0791314941240915,1.1169428356466105,1.0306938270356349,0.9227811792525219,,1.0279954009185928,False,False,False,,-1,,,False,2,0.032941701154425282,0.0013745483279120696,0.0056645315442234966,0.099386142379445194
10000,0,single,gaussian_matched,0.050000000000000003,515,17,0.050000000000000003,0.93172007353247022,<1%,True,False,3,0.099386142379445194,0.49142108465004347,-0.028179094505629207,0.078648385910340346,1.0791314941240915,1.1169428356466105,1.0306938270356349,0.9227811792525219,,1.0279954009185928,False,False,False,,-1,,,False,2,0.032941701154425282,0.0013745483279120696,0.0056645315442234966,0.099386142379445194
10000,0,single,gaussian_matched,0.050000000000000003,515,18,0.02,0.93172007353247022,<1%,True,False,1,0.072071246902790154,0.44493990873090888,0.10788344529794267,0.079888089788907615,1.0791314941240915,1.0029772698023509,0.94236930252136974,0.93957194334730565,,0.94729641186130176,False,False,False,,-1,,,False,2,0.025719010851264025,0.0085445612279121709,0.025098313045566402,0.072071246902790154
10000,0,single,gaussian_matched,0.050000000000000003,515,18,0.050000000000000003,0.93172007353247022,<1%,True,False,3,0.072071246902790154,0.44493990873090888,0.10788344529794267,0.079888089788907615,1.0791314941240915,1.0029772698023509,0.94236930252136974,0.93957194334730565,,0.94729641186130176,False,False,False,,-1,,,False,2,0.025719010851264025,0.0085445612279121709,0.025098313045566402,0.072071246902790154
10000,0,single,gaussian_matched,0.050000000000000003,515,19,0.02,0.93172007353247022,<1%,True,False,2,0.071304759456804145,0.48936225033855901,0.14289146110966522,0.09349858429381662,1.0791314941240915,1.0301198422022728,0.9498037546228062,0.9220322876144581,,0.96679815629275967,False,False,False,,-1,,,False,2,0.024921973857928218,0.011157087846481933,0.018903635383399165,0.071304759456804145
10000,0,single,gaussian_matched,0.050000000000000003,515,19,0.050000000000000003,0.93172007353247022,<1%,True,False,3,0.071304759456804145,0.48936225033855901,0.14289146110966522,0.09349858429381662,1.0791314941240915,1.0301198422022728,0.9498037546228062,0.9220322876144581,,0.96679815629275967,False,False,False,,-1,,,False,2,0.024921973857928218,0.011157087846481933,0.018903635383399165,0.071304759456804145
10000,0,single,gaussian_matched,0.050000000000000003,515,20,0.02,0.93172007353247022,<1%,True,False,2,0.097807921539548176,0.48199330133084745,-0.026619026921326616,0.078706521224944467,1.0791314941240915,1.1086828194155325,1.0260365425696762,0.9254554364886568,,1.023733502182065,False,False,False,,-1,,,False,2,0.032611302606095044,0.0052147128384699643,0.0037076848125341191,0.097807921539548176
10000,0,single,gaussian_matched,0.050000000000000003,515,20,0.050000000000000003,0.93172007353247022,<1%,True,False,3,0.097807921539548176,0.48199330133084745,-0.026619026921326616,0.078706521224944467,1.0791314941240915,1.1086828194155325,1.0260365425696762,0.9254554364886568,,1.023733502182065,False,False,False,,-1,,,False,2,0.032611302606095044,0.0052147128384699643,0.0037076848125341191,0.097807921539548176
10000,0,single,gaussian_matched,0.050000000000000003,515,21,0.02,0.93172007353247022,<1%,True,False,2,0.099382193861825507,0.53427177345115273,0.010408055658301656,0.052364840420298014,1.0791314941240915,1.1290508983035763,1.0312616334513203,0.91338808108723302,,1.0041653679574754,False,False,False,,-1,,,False,2,0.032736389762345136,0.012094107122134056,0.0079623247184376564,0.099382193861825507
10000,0,single,gaussian_matched,0.050000000000000003,515,21,0.050000000000000003,0.93172007353247022,<1%,True,False,3,0.099382193861825507,0.53427177345115273,0.010408055658301656,0.052364840420298014,1.0791314941240915,1.1290508983035763,1.0312616334513203,0.91338808108723302,,1.0041653679574754,False,False,False,,-1,,,False,2,0.032736389762345136,0.012094107122134056,0.0079623247184376564,0.099382193861825507
10000,0,single,gaussian_matched,0.050000000000000003,515,22,0.02,0.93172007353247022,<1%,True,False,1,0.10226005400742011,0.61842026026187169,0.074142668175055979,0.1208562222936837,1.0791314941240915,1.1751160374712097,1.0338710253741406,0.87980334912199709,,1.0700524022840168,False,False,False,,-1,,,False,2,0.032238721556947972,0.044854657220353186,0.016381790066361861,0.10226005400742011
10000,0,single,gaussian_matched,0.050000000000000003,515,22,0.050000000000000003,0.93172007353247022,<1%,True,False,3,0.10226005400742011,0.61842026026187169,0.074142668175055979,0.1208562222936837,1.0791314941240915,1.1751160374712097,1.0338710253741406,0.87980334912199709,,1.0700524022840168,False,False,False,,-1,,,False,2,0.032238721556947972,0.044854657220353186,0.016381790066361861,0.10226005400742011
10000,0,single,gaussian_matched,0.050000000000000003,515,23,0.02,0.93172007353247022,<1%,True,False,1,0.075830368161807007,0.45677732495043255,0.089504075559555057,0.058555713848057009,1.0791314941240915,1.0220295437835372,0.95683857529047334,0.93621420350362095,,0.94093657229669192,False,False,False,,-1,,,False,2,0.026689385299657545,0.011393914569962754,0.020023929575957219,0.075830368161807007
10000,0,single,gaussian_matched,0.050000000000000003,515,23,0.050000000000000003,0.93172007353247022,<1%,True,False,3,0.075830368161807007,0.45677732495043255,0.089504075559555057,0.058555713848057009,1.0791314941240915,1.0220295437835372,0.95683857529047334,0.93621420350362095,,0.94093657229669192,False,False,False,,-1,,,False,2,0.026689385299657545,0.011393914569962754,0.020023929575957219,0.075830368161807007
10000,0,single,gaussian_matched,0.050000000000000003,515,24,0.02,0.93172007353247022,<1%,True,False,2,0.084767615159503165,0.54507343080071624,0.09603683020595967,0.064428284934175586,1.0791314941240915,1.0989243817448309,1.0025861810478949,0.91233409477731875,,0.98877149985150214,False,False,False,,-1,,,False,2,0.028918883178556017,0.013714882025601898,0.0029571644219307238,0.084767615159503165
10000,0,single,gaussian_matched,0.050000000000000003,515,24,0.050000000000000003,0.93172007353247022,<1%,True,False,3,0.084767615159503165,0.54507343080071624,0.09603683020595967,0.064428284934175586,1.0791314941240915,1.0989243817448309,1.0025861810478949,0.91233409477731875,,0.98877149985150214,False,False,False,,-1,,,False,2,0.028918883178556017,0.013714882025601898,0.0029571644219307238,0.084767615159503165
10000,0,single,gaussian_matched,0.050000000000000003,515,25,0.02,0.93172007353247022,<1%,True,False,2,0.077032175326279775,0.47464998748136311,0.095207826392864348,0.051830210320453159,1.0791314941240915,1.035209991822529,0.96338318682425783,0.93061619809926943,,0.94076894490855223,False,False,False,,-1,,,False,2,0.026892825386696656,0.0060544008513866692,0.017422195278755347,0.077032175326279775
10000,0,single,gaussian_matched,0.050000000000000003,515,25,0.050000000000000003,0.93172007353247022,<1%,True,False,3,0.077032175326279775,0.47464998748136311,0.095207826392864348,0.051830210320453159,1.0791314941240915,1.035209991822529,0.96338318682425783,0.93061619809926943,,0.94076894490855223,False,False,False,,-1,,,False,2,0.026892825386696656,0.0060544008513866692,0.017422195278755347,0.077032175326279775
10000,0,single,gaussian_matched,0.050000000000000003,515,26,0.02,0.93172007353247022,<1%,True,False,2,0.084062521626211001,0.52485456723337287,0.087806283282358816,0.045244497654236542,1.0791314941240915,1.0836840070604838,0.99536797169096347,0.91850388600909638,,0.96430553182014522,False,False,False,,-1,,,False,2,0.028761547551924862,0.005317968583362552,0.0059858576475129138,0.084062521626211001
10000,0,single,gaussian_matched,0.050000000000000003,515,26,0.050000000000000003,0.93172007353247022,<1%,True,False,3,0.084062521626211001,0.52485456723337287,0.087806283282358816,0.045244497654236542,1.0791314941240915,1.0836840070604838,0.99536797169096347,0.91850388600909638,,0.96430553182014522,False,False,False,,-1,,,False,2,0.028761547551924862,0.005317968583362552,0.0059858576475129138,0.084062521626211001
10000,0,single,gaussian_matched,0.050000000000000003,515,27,0.02,0.93172007353247022,<1%,True,False,2,0.088915744971691787,0.48902531762501716,0.033101112695861981,0.020149839834343996,1.0791314941240915,1.0787289247206717,1.001598236710973,0.9284985446833447,,0.94682444364636831,False,False,False,,-1,,,False,2,0.030296179671054607,0.0077945557045150165,0.0044751073740191593,0.088915744971691787
10000,0,single,gaussian_matched,0.050000000000000003,515,27,0.050000000000000003,0.93172007353247022,<1%,True,False,3,0.088915744971691787,0.48902531762501716,0.033101112695861981,0.020149839834343996,1.0791314941240915,1.0787289247206717,1.001598236710973,0.9284985446833447,,0.94682444364636831,False,False,False,,-1,,,False,2,0.030296179671054607,0.0077945557045150165,0.0044751073740191593,0.088915744971691787
10000,0,single,gaussian_matched,0.050000000000000003,515,28,0.02,0.93172007353247022,<1%,True,False,2,0.083945163404695586,0.48955221939373078,0.064723982490786952,0.018054134706092559,1.0791314941240915,1.0627190211297854,0.98650909710206669,0.92828779525683158,,0.93089974417208743,False,False,False,,-1,,,False,2,0.028805446256952888,0.0095403698716621937,0.0095856836766995048,0.083945163404695586
10000,0,single,gaussian_matched,0.050000000000000003,515,28,0.050000000000000003,0.93172007353247022,<1%,True,False,3,0.083945163404695586,0.48955221939373078,0.064723982490786952,0.018054134706092559,1.0791314941240915,1.0627190211297854,0.98650909710206669,0.92828779525683158,,0.93089974417208743,False,False,False,,-1,,,False,2,0.028805446256952888,0.0095403698716621937,0.0095856836766995048,0.083945163404695586
10000,0,single,gaussian_matched,0.050000000000000003,515,29,0.02,0.93172007353247022,<1%,True,False,2,0.095968792465601055,0.4812284727924101,-0.015887811356370879,0.068509662961059759,1.0791314941240915,1.1012811471105106,1.0207740798629379,0.92689689870856018,,1.0094077957646361,False,False,False,,-1,,,False,2,0.032174064239296606,0.0065546395932016121,0.0019297643732796874,0.095968792465601055
10000,0,single,gaussian_matched,0.050000000000000003,515,29,0.050000000000000003,0.93172007353247022,<1%,True,False,3,0.095968792465601055,0.4812284727924101,-0.015887811356370879,0.068509662961059759,1.0791314941240915,1.1012811471105106,1.0207740798629379,0.92689689870856018,,1.0094077957646361,False,False,False,,-1,,,False,2,0.032174064239296606,0.0065546395932016121,0.0019297643732796874,0.095968792465601055
10000,0,single,gaussian_matched,0.050000000000000003,515,30,0.02,0.93172007353247022,<1%,True,False,2,0.087415069856522878,0.45484240885371002,0.014272535476625048,0.057581765858685706,1.0791314941240915,1.0618635698381405,0.99341710831069241,0.93554119053365647,,0.97393031330482294,False,False,False,,-1,,,False,2,0.029962795046267896,0.019242245980632764,0.0081678492348607537,0.087415069856522878
10000,0,single,gaussian_matched,0.050000000000000003,515,30,0.050000000000000003,0.93172007353247022,<1%,True,False,3,0.087415069856522878,0.45484240885371002,0.014272535476625048,0.057581765858685706,1.0791314941240915,1.0618635698381405,0.99341710831069241,0.93554119053365647,,0.97393031330482294,False,False,False,,-1,,,False,2,0.029962795046267896,0.019242245980632764,0.0081678492348607537,0.087415069856522878
10000,0,single,gaussian_matched,0.050000000000000003,515,31,0.02,0.93172007353247022,<1%,True,False,2,0.091238441428359934,0.46810614296629072,0.0018428243941528005,0.057760987515961773,1.0791314941240915,1.079969790722263,1.0062174777800381,0.93170891114194898,,0.98595812566809471,False,False,False,,-1,,,False,2,0.030988020806854644,0.01320794783777285,0.0034620336681169045,0.091238441428359934
10000,0,single,gaussian_matched,0.050000000000000003,515,31,0.050000000000000003,0.93172007353247022,<1%,True,False,3,0.091238441428359934,0.46810614296629072,0.0018428243941528005,0.057760987515961773,1.0791314941240915,1.079969790722263,1.0062174777800381,0.93170891114194898,,0.98595812566809471,False,False,False,,-1,,,False,2,0.030988020806854644,0.01320794783777285,0.0034620336681169045,0.091238441428359934
10000,0,single,gaussian_matched,0.050000000000000003,516,0,0.02,5.6522988689356772,5-<10%,True,True,4,0.011725951617473494,0.49849024624867977,0.022343243858985968,0.02769793343614543,1.477357754826361,1.5029579490173695,1.4953492941016411,0.99493754637599618,0.98522161496303362,1.0309264784119914,True,True,False,3>4>1>2,16,0,0,True,1,0.010647382875149481,0.0077527606890437552,0.0065215179709429199,0.011725951617473494
10000,0,single,gaussian_matched,0.050000000000000003,516,0,0.050000000000000003,5.6522988689356772,5-<10%,True,True,4,0.011725951617473494,0.49849024624867977,0.022343243858985968,0.02769793343614543,1.477357754826361,1.5029579490173695,1.4953492941016411,0.99493754637599618,0.96487420125194057,1.0309264784119914,True,True,False,3>4>1>2,16,0,0,True,1,0.010647382875149481,0.0077527606890437552,0.0065215179709429199,0.011725951617473494
10000,0,single,gaussian_matched,0.050000000000000003,516,1,0.02,5.6522988689356772,5-<10%,True,False,3,0.021754581902533873,0.53276159016203195,0.1561236474651139,0.11106552273880821,1.477357754826361,1.3679595018591648,1.4141695919474668,1.0337803056490333,,1.0324074244735266,False,False,False,,-1,,,False,1,0.021754581902533873,0.0072220730850835104,0.0094046035441730513,0.01175223655162339
10000,0,single,gaussian_matched,0.050000000000000003,516,1,0.050000000000000003,5.6522988689356772,5-<10%,True,True,4,0.021754581902533873,0.53276159016203195,0.1561236474651139,0.11106552273880821,1.477357754826361,1.3679595018591648,1.4141695919474668,1.0337803056490333,1.0013248395146364,1.0324074244735266,True,True,False,3>4>1>2,16,0,0,True,1,0.021754581902533873,0.0072220730850835104,0.0094046035441730513,0.01175223655162339
10000,0,single,gaussian_matched,0.050000000000000003,516,2,0.02,5.6522988689356772,5-<10%,True,True,4,0.0069964312561471825,0.48792830993197966,0.057777409756838302,0.01436014636499588,1.477357754826361,1.4758591342440079,1.4773235392560615,1.0009922390139243,0.98935472910233591,1.0096969950222925,True,True,False,3>4>1>2,16,0,0,True,1,0.0032894518824914186,0.0042452689526456993,0.0069964312561471825,0.0017717699174167989
10000,0,single,gaussian_matched,0.050000000000000003,516,2,0.050000000000000003,5.6522988689356772,5-<10%,True,True,4,0.0069964312561471825,0.48792830993197966,0.057777409756838302,0.01436014636499588,1.477357754826361,1.4758591342440079,1.4773235392560615,1.0009922390139243,0.96892980350785685,1.0096969950222925,True,True,False,3>4>1>2,16,0,0,True,1,0.0032894518824914186,0.0042452689526456993,0.0069964312561471825,0.0017717699174167989
10000,0,single,gaussian_matched,0.050000000000000003,516,3,0.02,5.6522988689356772,5-<10%,True,True,4,0.019022627485480482,0.5730168557718478,0.084068131214629832,0.080573561366393986,1.477357754826361,1.417147319009707,1.4540087536022743,1.026011011062933,1.0206186646543818,1.0387343958870905,True,True,False,3>4>1>2,16,0,0,True,1,0.00024865513707656415,0.012437582966719573,0.019022627485480482,0.0079429223651377827
10000,0,single,gaussian_matched,0.050000000000000003,516,3,0.050000000000000003,5.6522988689356772,5-<10%,True,True,4,0.019022627485480482,0.5730168557718478,0.084068131214629832,0.080573561366393986,1.477357754826361,1.417147319009707,1.4540087536022743,1.026011011062933,0.99940720738655353,1.0387343958870905,True,True,False,3>4>1>2,16,0,0,True,1,0.00024865513707656415,0.012437582966719573,0.019022627485480482,0.0079429223651377827
10000,0,single,gaussian_matched,0.050000000000000003,516,4,0.02,5.6522988689356772,5-<10%,True,False,3,0.042190326402151132,0.41522768727341836,0.10561443422000731,0.10138693356949344,1.477357754826361,1.4725467404538706,1.4554214340740117,0.98837027993109372,,1.0537788579357898,False,False,False,,-1,,,False,1,0.012311138775694289,0.0016134366922442855,0.042190326402151132,0.0056025313616093727
10000,0,single,gaussian_matched,0.050000000000000003,516,4,0.050000000000000003,5.6522988689356772,5-<10%,True,True,4,0.042190326402151132,0.41522768727341836,0.10561443422000731,0.10138693356949344,1.477357754826361,1.4725467404538706,1.4554214340740117,0.98837027993109372,0.94997972622628291,1.0537788579357898,True,True,False,3>4>1>2,16,0,0.07360378870817641,True,1,0.012311138775694289,0.0016134366922442855,0.042190326402151132,0.0056025313616093727
10000,0,single,gaussian_matched,0.050000000000000003,516,5,0.02,5.6522988689356772,5-<10%,True,False,2,0.039716877412194679,0.41930925807767888,0.0076969009608777866,0.091107343393869264,1.477357754826361,1.5530722631695704,1.5046802230368477,0.96884108918797995,,1.0801632585048944,False,False,False,,-1,,,False,1,0.0034205318641607773,0.0069831061875397357,0.039716877412194679,0.022791571043307857
10000,0,single,gaussian_matched,0.050000000000000003,516,5,0.050000000000000003,5.6522988689356772,5-<10%,True,True,4,0.039716877412194679,0.41930925807767888,0.0076969009608777866,0.091107343393869264,1.477357754826361,1.5530722631695704,1.5046802230368477,0.96884108918797995,0.93197889470968331,1.0801632585048944,True,True,False,3>4>1>2,16,0,0,True,1,0.0034205318641607773,0.0069831061875397357,0.039716877412194679,0.022791571043307857
10000,0,single,gaussian_matched,0.050000000000000003,516,6,0.02,5.6522988689356772,5-<10%,True,True,4,0.005126894617054862,0.49820200889277466,0.059395547766437351,0.0095660383572860105,1.477357754826361,1.4697393421480487,1.475678497052467,1.0040409579672394,0.99325280831627438,1.0053384365145319,True,True,False,3>4>1>2,16,0,0,True,1,0.0036886985733816545,0.005126894617054862,0.0031554639968649355,0.0028929018249267465
10000,0,single,gaussian_matched,0.050000000000000003,516,6,0.050000000000000003,5.6522988689356772,5-<10%,True,True,4,0.005126894617054862,0.49820200889277466,0.059395547766437351,0.0095660383572860105,1.477357754826361,1.4697393421480487,1.475678497052467,1.0040409579672394,0.9727444043734047,1.0053384365145319,True,True,False,3>4>1>2,16,0,0,True,1,0.0036886985733816545,0.005126894617054862,0.0031554639968649355,0.0028929018249267465
10000,0,single,gaussian_matched,0.050000000000000003,516,7,0.02,5.6522988689356772,5-<10%,True,False,3,0.024179486263879089,0.51995931175903054,-0.014822339445299912,0.067825583794434541,1.477357754826361,1.5285245747408813,1.5130252889349998,0.98985996950130228,,1.07005284777162,False,False,False,,-1,,,False,1,0.018497919091916473,0.012431504839401177,0.0063899189793389438,0.024179486263879089
10000,0,single,gaussian_matched,0.050000000000000003,516,7,0.050000000000000003,5.6522988689356772,5-<10%,True,True,4,0.024179486263879089,0.51995931175903054,-0.014822339445299912,0.067825583794434541,1.477357754826361,1.5285245747408813,1.5130252889349998,0.98985996950130228,0.96315864768611459,1.07005284777162,True,True,False,3>4>1>2,16,0,0,True,1,0.018497919091916473,0.012431504839401177,0.0063899189793389438,0.024179486263879089
10000,0,single,gaussian_matched,0.050000000000000003,516,8,0.02,5.6522988689356772,5-<10%,True,True,4,0.018243234718124945,0.47673678920973722,0.098446387506671243,0.053742250034016531,1.477357754826361,1.4457216783450799,1.4556330673505165,1.0068556688011914,0.99366703303796244,1.0216721795743613,True,True,False,3>4>1>2,16,0,0,True,1,0.0068131522519686459,0.00099927490562608527,0.018243234718124945,0.007424533999097099
10000,0,single,gaussian_matched,0.050000000000000003,516,8,0.050000000000000003,5.6522988689356772,5-<10%,True,True,4,0.018243234718124945,0.47673678920973722,0.098446387506671243,0.053742250034016531,1.477357754826361,1.4457216783450799,1.4556330673505165,1.0068556688011914,0.97291113262577311,1.0216721795743613,True,True,False,3>4>1>2,16,0,0,True,1,0.0068131522519686459,0.00099927490562608527,0.018243234718124945,0.007424533999097099
10000,0,single,gaussian_matched,0.050000000000000003,516,9,0.02,5.6522988689356772,5-<10%,True,False,3,0.033182716509116091,0.42681547795172325,0.069791325297355655,0.075813394756206867,1.477357754826361,1.4964553701055294,1.4737850880807333,0.9848506794939047,,1.0488986014217456,False,False,False,,-1,,,False,1,0.0041266450500954416,0.0017494296089611012,0.033182716509116091,0.006610804187779107
10000,0,single,gaussian_matched,0.050000000000000003,516,9,0.050000000000000003,5.6522988689356772,5-<10%,True,True,4,0.033182716509116091,0.42681547795172325,0.069791325297355655,0.075813394756206867,1.477357754826361,1.4964553701055294,1.4737850880807333,0.9848506794939047,0.94776628297090992,1.0488986014217456,True,True,False,3>4>1>2,16,0,0,True,1,0.0041266450500954416,0.0017494296089611012,0.033182716509116091,0.006610804187779107
10000,0,single,gaussian_matched,0.050000000000000003,516,10,0.02,5.6522988689356772,5-<10%,True,False,3,0.021477984415535934,0.47308040370862692,0.10804565544974949,0.063984082247708615,1.477357754826361,1.439373641634496,1.4504512733985848,1.0076961474377908,,1.0250972391073212,False,False,False,,-1,,,False,1,0.0095074938702894383,0.0013727559726608119,0.021477984415535934,0.0075398093272811577
10000,0,single,gaussian_matched,0.050000000000000003,516,10,0.050000000000000003,5.6522988689356772,5-<10%,True,True,4,0.021477984415535934,0.47308040370862692,0.10804565544974949,0.063984082247708615,1.477357754826361,1.439373641634496,1.4504512733985848,1.0076961474377908,0.97328132139101875,1.0250972391073212,True,True,False,3>4>1>2,16,0,0,True,1,0.0095074938702894383,0.0013727559726608119,0.021477984415535934,0.0075398093272811577
10000,0,single,gaussian_matched,0.050000000000000003,516,11,0.02,5.6522988689356772,5-<10%,True,True,4,0.009736308726821007,0.53404270667892451,0.059580345474204127,0.035365080198302881,1.477357754826361,1.454413506342441,1.4723430700613616,1.0123276933559355,1.0046378280044408,1.0205437006264408,True,True,False,3>4>1>2,16,0,0,True,1,0.0050893426681371872,0.0092628309337527866,0.009736308726821007,0.0078463702433050151
10000,0,single,gaussian_matched,0.050000000000000003,516,11,0.050000000000000003,5.6522988689356772,5-<10%,True,True,4,0.009736308726821007,0.53404270667892451,0.059580345474204127,0.035365080198302881,1.477357754826361,1.454413506342441,1.4723430700613616,1.0123276933559355,0.98388396203631268,1.0205437006264408,True,True,False,3>4>1>2,16,0,0,True,1,0.0050893426681371872,0.0092628309337527866,0.009736308726821007,0.0078463702433050151
10000,0,single,gaussian_matched,0.050000000000000003,516,12,0.02,5.6522988689356772,5-<10%,True,False,3,0.026940933189638919,0.51257017765091228,-0.02475710747394172,0.07580655963731614,1.477357754826361,1.5405024742910445,1.5185410816191456,0.98574400688190666,,1.0791885960241572,False,False,False,,-1,,,False,1,0.019084618894171537,0.01227520412599971,0.011264840656343707,0.026940933189638919
10000,0,single,gaussian_matched,0.050000000000000003,516,12,0.050000000000000003,5.6522988689356772,5-<10%,True,True,4,0.026940933189638919,0.51257017765091228,-0.02475710747394172,0.07580655963731614,1.477357754826361,1.5405024742910445,1.5185410816191456,0.98574400688190666,0.95863253676869797,1.0791885960241572,True,True,False,3>4>1>2,16,0,0,True,1,0.019084618894171537,0.01227520412599971,0.011264840656343707,0.026940933189638919
10000,0,single,gaussian_matched,0.050000000000000003,516,13,0.02,5.6522988689356772,5-<10%,True,False,3,0.02691422298815848,0.50952118274677416,-0.025005748785857818,0.075607640300598467,1.477357754826361,1.5418864908179946,1.5188431449853534,0.98505509583885364,,1.0792584125795266,False,False,False,,-1,,,False,1,0.018764515123156779,0.011991638692334074,0.012473249179680667,0.02691422298815848
10000,0,single,gaussian_matched,0.050000000000000003,516,13,0.050000000000000003,5.6522988689356772,5-<10%,True,True,4,0.02691422298815848,0.50952118274677416,-0.025005748785857818,0.075607640300598467,1.477357754826361,1.5418864908179946,1.5188431449853534,0.98505509583885364,0.9576384670532786,1.0792584125795266,True,True,False,3>4>1>2,16,0,0,True,1,0.018764515123156779,0.011991638692334074,0.012473249179680667,0.02691422298815848
10000,0,single,gaussian_matched,0.050000000000000003,516,14,0.02,5.6522988689356772,5-<10%,True,True,4,0.01557334519752805,0.4778718988525017,0.015454189225896343,0.041025186196214786,1.477357754826361,1.5181327841355694,1.5000276634849561,0.98807408624607074,0.97654355074341892,1.0431141980652454,True,True,False,3>4>1>2,16,0,0,True,1,0.0094645983427951563,0.0069357650641116752,0.01557334519752805,0.013197928652464946
10000,0,single,gaussian_matched,0.050000000000000003,516,14,0.050000000000000003,5.6522988689356772,5-<10%,True,True,4,0.01557334519752805,0.4778718988525017,0.015454189225896343,0.041025186196214786,1.477357754826361,1.5181327841355694,1.5000276634849561,0.98807408624607074,0.95634917919912199,1.0431141980652454,True,True,False,3>4>1>2,16,0,0,True,1,0.0094645983427951563,0.0069357650641116752,0.01557334519752805,0.013197928652464946
10000,0,single,gaussian_matched,0.050000000000000003,516,15,0.02,5.6522988689356772,5-<10%,True,True,4,0.013480722451739402,0.4732615106834957,0.037318735813174492,0.029593263968424939,1.477357754826361,1.5007901636459933,1.4890193050291327,0.99215689248104832,0.97965633021667564,1.0279247284798971,True,True,False,3>4>1>2,16,0,0,True,1,0.0057465291785904916,0.0050391715646180583,0.013480722451739402,0.0059221350575284727
10000,0,single,gaussian_matched,0.050000000000000003,516,15,0.050000000000000003,5.6522988689356772,5-<10%,True,True,4,0.013480722451739402,0.4732615106834957,0.037318735813174492,0.029593263968424939,1.477357754826361,1.5007901636459933,1.4890193050291327,0.99215689248104832,0.95944398226525207,1.0279247284798971,True,True,False,3>4>1>2,16,0,0,True,1,0.0057465291785904916,0.0050391715646180583,0.013480722451739402,0.0059221350575284727
10000,0,single,gaussian_matched,0.050000000000000003,516,16,0.02,5.6522988689356772,5-<10%,True,False,2,0.035555005644900252,0.52197226289639664,-0.050470620381543374,0.10284515494976205,1.477357754826361,1.5610419376903417,1.5309608159162653,0.98073010016721052,,1.105897312637083,False,False,False,,-1,,,False,1,0.023794873137777475,0.014829773477114509,0.01317536973429009,0.035555005644900252
10000,0,single,gaussian_matched,0.050000000000000003,516,16,0.050000000000000003,5.6522988689356772,5-<10%,True,True,4,0.035555005644900252,0.52197226289639664,-0.050470620381543374,0.10284515494976205,1.477357754826361,1.5610419376903417,1.5309608159162653,0.98073010016721052,0.95544796041072388,1.105897312637083,True,True,False,3>4>1>2,16,0,0,True,1,0.023794873137777475,0.014829773477114509,0.01317536973429009,0.035555005644900252
10000,0,single,gaussian_matched,0.050000000000000003,516,17,0.02,5.6522988689356772,5-<10%,True,True,4,0.010384719373125838,0.49508521465208888,0.092018781315972881,0.042305237244289196,1.477357754826361,1.4422679005334524,1.4576976130641555,1.0106982291743414,0.99897939324321128,1.0153281054694467,True,True,False,3>4>1>2,16,0,0,True,1,0.004257833669363195,0.0031251137192410362,0.010384719373125838,0.0041560563653406301
10000,0,single,gaussian_matched,0.050000000000000003,516,17,0.050000000000000003,5.6522988689356772,5-<10%,True,True,4,0.010384719373125838,0.49508521465208888,0.092018781315972881,0.042305237244289196,1.477357754826361,1.4422679005334524,1.4576976130641555,1.0106982291743414,0.97817829194826722,1.0153281054694467,True,True,False,3>4>1>2,16,0,0,True,1,0.004257833669363195,0.0031251137192410362,0.010384719373125838,0.0041560563653406301
10000,0,single,gaussian_matched,0.050000000000000003,516,18,0.02,5.6522988689356772,5-<10%,True,False,3,0.020222862322609628,0.48124058323844354,0.11638702298227542,0.068986611292938066,1.477357754826361,1.4280084567968983,1.4448508610311097,1.0117943308767161,,1.0246925413824184,False,False,False,,-1,,,False,1,0.011459044180581406,0.0023473889163140383,0.020222862322609628,0.0098724099268022482
10000,0,single,gaussian_matched,0.050000000000000003,516,18,0.050000000000000003,5.6522988689356772,5-<10%,True,True,4,0.020222862322609628,0.48124058323844354,0.11638702298227542,0.068986611292938066,1.477357754826361,1.4280084567968983,1.4448508610311097,1.0117943308767161,0.97769463892936415,1.0246925413824184,True,True,False,3>4>1>2,16,0,0,True,1,0.011459044180581406,0.0023473889163140383,0.020222862322609628,0.0098724099268022482
10000,0,single,gaussian_matched,0.050000000000000003,516,19,0.02,5.6522988689356772,5-<10%,True,True,4,0.018437440334390324,0.54666920863566804,0.017559454896810718,0.056836643121067336,1.477357754826361,1.4886715850477326,1.4940004225213677,1.0035795923877087,0.99882023732519065,1.0497369784509036,True,True,False,3>4>1>2,16,0,0,True,1,0.014010387037217853,0.01362966512875302,0.010081658120569829,0.018437440334390324
10000,0,single,gaussian_matched,0.050000000000000003,516,19,0.050000000000000003,5.6522988689356772,5-<10%,True,True,4,0.018437440334390324,0.54666920863566804,0.017559454896810718,0.056836643121067336,1.477357754826361,1.4886715850477326,1.4940004225213677,1.0035795923877087,0.97816194441377613,1.0497369784509036,True,True,False,3>4>1>2,16,0,0,True,1,0.014010387037217853,0.01362966512875302,0.010081658120569829,0.018437440334390324
10000,0,single,gaussian_matched,0.050000000000000003,516,20,0.02,5.6522988689356772,5-<10%,True,False,3,0.022136454964189659,0.4838830215103796,-0.011155668737621763,0.063243757117842192,1.477357754826361,1.5394913488589363,1.51316098719258,0.98289671345936935,,1.0670433340607486,False,False,False,,-1,,,False,1,0.013844702909799098,0.0091813301526052354,0.019582682839397653,0.022136454964189659
10000,0,single,gaussian_matched,0.050000000000000003,516,20,0.050000000000000003,5.6522988689356772,5-<10%,True,True,4,0.022136454964189659,0.4838830215103796,-0.011155668737621763,0.063243757117842192,1.477357754826361,1.5394913488589363,1.51316098719258,0.98289671345936935,0.95248757902858516,1.0670433340607486,True,True,False,3>4>1>2,16,0,0,True,1,0.013844702909799098,0.0091813301526052354,0.019582682839397653,0.022136454964189659
10000,0,single,gaussian_matched,0.050000000000000003,516,21,0.02,5.6522988689356772,5-<10%,True,False,3,0.026307479094856766,0.44359656766098837,0.032872209983448433,0.058946656991491438,1.477357754826361,1.5190566683640825,1.4922761241747002,0.9823702796958701,,1.0499980631627797,False,False,False,,-1,,,False,1,0.0032019668258518267,0.005110508027190974,0.026307479094856766,0.010229526903717581
10000,0,single,gaussian_matched,0.050000000000000003,516,21,0.050000000000000003,5.6522988689356772,5-<10%,True,True,4,0.026307479094856766,0.44359656766098837,0.032872209983448433,0.058946656991491438,1.477357754826361,1.5190566683640825,1.4922761241747002,0.9823702796958701,0.94723528241886712,1.0499980631627797,True,True,False,3>4>1>2,16,0,0,True,1,0.0032019668258518267,0.005110508027190974,0.026307479094856766,0.010229526903717581
10000,0,single,gaussian_matched,0.050000000000000003,516,22,0.02,5.6522988689356772,5-<10%,True,False,3,0.029252782062384828,0.44257783122783595,0.090824517144402706,0.070455281324912203,1.477357754826361,1.4702241903792124,1.4621244117776238,0.99449078674219105,,1.0373788529526928,False,False,False,,-1,,,False,1,0.0071110264684039973,2.7001864602465937e-05,0.029252782062384828,0.00067540679260061592
10000,0,single,gaussian_matched,0.050000000000000003,516,22,0.050000000000000003,5.6522988689356772,5-<10%,True,True,4,0.029252782062384828,0.44257783122783595,0.090824517144402706,0.070455281324912203,1.477357754826361,1.4702241903792124,1.4621244117776238,0.99449078674219105,0.958318341835807,1.0373788529526928,True,True,False,3>4>1>2,16,0,0,True,1,0.0071110264684039973,2.7001864602465937e-05,0.029252782062384828,0.00067540679260061592
10000,0,single,gaussian_matched,0.050000000000000003,516,23,0.02,5.6522988689356772,5-<10%,True,False,3,0.024769993765523357,0.46638225228719998,0.11241624339606644,0.070893867160414362,1.477357754826361,1.4391937768670382,1.4485113886450327,1.0064741884850821,,1.0284612855902517,False,False,False,,-1,,,False,1,0.011020596297672915,0.0017713218386141523,0.024769993765523357,0.006558671781472316
10000,0,single,gaussian_matched,0.050000000000000003,516,23,0.050000000000000003,5.6522988689356772,5-<10%,True,True,4,0.024769993765523357,0.46638225228719998,0.11241624339606644,0.070893867160414362,1.477357754826361,1.4391937768670382,1.4485113886450327,1.0064741884850821,0.97152572318808317,1.0284612855902517,True,True,False,3>4>1>2,16,0,0,True,1,0.011020596297672915,0.0017713218386141523,0.024769993765523357,0.006558671781472316
10000,0,single,gaussian_matched,0.050000000000000003,516,24,0.02,5.6522988689356772,5-<10%,True,True,4,0.0060088823373839317,0.49760916236182801,0.074338215664271706,0.024455364367203782,1.477357754826361,1.45669992325751,1.4674820866014202,1.0074017738120002,0.99621855936570336,1.0098687647556137,True,True,False,3>4>1>2,16,0,0,True,1,0.00028385643902679346,0.0041528731712313629,0.0060088823373839317,0.00022019844025488608
10000,0,single,gaussian_matched,0.050000000000000003,516,24,0.050000000000000003,5.6522988689356772,5-<10%,True,True,4,0.0060088823373839317,0.49760916236182801,0.074338215664271706,0.024455364367203782,1.477357754826361,1.45669992325751,1.4674820866014202,1.0074017738120002,0.97559215835045121,1.0098687647556137,True,True,False,3>4>1>2,16,0,0,True,1,0.00028385643902679346,0.0041528731712313629,0.0060088823373839317,0.00022019844025488608
10000,0,single,gaussian_matched,0.050000000000000003,516,25,0.02,5.6522988689356772,5-<10%,True,False,3,0.023372776762106497,0.46559320962641487,0.0010846815637604243,0.059804143681943561,1.477357754826361,1.536489769749938,1.5076877647330056,0.98125467179542636,,1.0610103770018671,False,False,False,,-1,,,False,1,0.010029211833749704,0.0078540141662398685,0.023372776762106497,0.018643876967620761
10000,0,single,gaussian_matched,0.050000000000000003,516,25,0.050000000000000003,5.6522988689356772,5-<10%,True,True,4,0.023372776762106497,0.46559320962641487,0.0010846815637604243,0.059804143681943561,1.477357754826361,1.536489769749938,1.5076877647330056,0.98125467179542636,0.94877635272451233,1.0610103770018671,True,True,False,3>4>1>2,16,0,0,True,1,0.010029211833749704,0.0078540141662398685,0.023372776762106497,0.018643876967620761
10000,0,single,gaussian_matched,0.050000000000000003,516,26,0.02,5.6522988689356772,5-<10%,True,True,4,0.010075166878505362,0.55135685835058001,0.11956460619406144,0.08646826778984526,1.477357754826361,1.392542526731128,1.4349468849047935,1.0304510328120506,1.0222028968169274,1.029821752872212,True,True,False,3>4>1>2,16,0,0,True,1,0.010075166878505362,0.0085655328195004213,0.0046327612082454018,0.0021117512083819036
10000,0,single,gaussian_matched,0.050000000000000003,516,26,0.050000000000000003,5.6522988689356772,5-<10%,True,True,4,0.010075166878505362,0.55135685835058001,0.11956460619406144,0.08646826778984526,1.477357754826361,1.392542526731128,1.4349468849047935,1.0304510328120506,1.000635025494139,1.029821752872212,True,True,False,3>4>1>2,16,0,0,True,1,0.010075166878505362,0.0085655328195004213,0.0046327612082454018,0.0021117512083819036
10000,0,single,gaussian_matched,0.050000000000000003,516,27,0.02,5.6522988689356772,5-<10%,True,True,4,0.009296346544942739,0.49054923777641257,0.028647695184125511,0.023350328210901109,1.477357754826361,1.5006913295327902,1.4925744261270353,0.99459122389393562,0.98392461637243112,1.0261053894262113,True,True,False,3>4>1>2,16,0,0,True,1,0.0088514831178717474,0.006636265277346059,0.0080785240270995189,0.009296346544942739
10000,0,single,gaussian_matched,0.050000000000000003,516,27,0.050000000000000003,5.6522988689356772,5-<10%,True,True,4,0.009296346544942739,0.49054923777641257,0.028647695184125511,0.023350328210901109,1.477357754826361,1.5006913295327902,1.4925744261270353,0.99459122389393562,0.96361779328753772,1.0261053894262113,True,True,False,3>4>1>2,16,0,0,True,1,0.0088514831178717474,0.006636265277346059,0.0080785240270995189,0.009296346544942739
10000,0,single,gaussian_matched,0.050000000000000003,516,28,0.02,5.6522988689356772,5-<10%,True,False,2,0.031744839354338882,0.50552950925859663,-0.039803554477603795,0.089973628744498574,1.477357754826361,1.5570930915879941,1.5264679428382943,0.98033184469499712,,1.094143626553596,False,False,False,,-1,,,False,1,0.020340879828707008,0.012574359375397791,0.017076415340975232,0.031744839354338882
10000,0,single,gaussian_matched,0.050000000000000003,516,28,0.050000000000000003,5.6522988689356772,5-<10%,True,True,4,0.031744839354338882,0.50552950925859663,-0.039803554477603795,0.089973628744498574,1.477357754826361,1.5570930915879941,1.5264679428382943,0.98033184469499712,0.95296605783896127,1.094143626553596,True,True,False,3>4>1>2,16,0,0,True,1,0.020340879828707008,0.012574359375397791,0.017076415340975232,0.031744839354338882
10000,0,single,gaussian_matched,0.050000000000000003,516,29,0.02,5.6522988689356772,5-<10%,True,True,4,0.0051277858246640499,0.49584342922691088,0.055790236156500472,0.007127686534896439,1.477357754826361,1.4740199350550283,1.4778198503625648,1.0025779266732879,0.99167464992286913,1.0051374029386622,True,True,False,3>4>1>2,16,0,0,True,1,0.0042836740191856274,0.0051277858246640499,0.0036632804135491039,0.0032935564528834916
10000,0,single,gaussian_matched,0.050000000000000003,516,29,0.050000000000000003,5.6522988689356772,5-<10%,True,True,4,0.0051277858246640499,0.49584342922691088,0.055790236156500472,0.007127686534896439,1.477357754826361,1.4740199350550283,1.4778198503625648,1.0025779266732879,0.9712070943464568,1.0051374029386622,True,True,False,3>4>1>2,16,0,0,True,1,0.0042836740191856274,0.0051277858246640499,0.0036632804135491039,0.0032935564528834916
10000,0,single,gaussian_matched,0.050000000000000003,516,30,0.02,5.6522988689356772,5-<10%,True,True,4,0.0082540093615180651,0.53529770763673112,0.11156393863960536,0.070965109069381693,1.477357754826361,1.4065649630119466,1.4417973351214737,1.0250485210680083,1.0158743805825796,1.023964871913273,True,True,False,3>4>1>2,16,0,0,True,1,0.0082540093615180651,0.0071225064040431399,0.00031064956622267739,0.0026351761408435091
10000,0,single,gaussian_matched,0.050000000000000003,516,30,0.050000000000000003,5.6522988689356772,5-<10%,True,True,4,0.0082540093615180651,0.53529770763673112,0.11156393863960536,0.070965109069381693,1.477357754826361,1.4065649630119466,1.4417973351214737,1.0250485210680083,0.99453388943663934,1.023964871913273,True,True,False,3>4>1>2,16,0,0,True,1,0.0082540093615180651,0.0071225064040431399,0.00031064956622267739,0.0026351761408435091
10000,0,single,gaussian_matched,0.050000000000000003,516,31,0.02,5.6522988689356772,5-<10%,True,True,4,0.015659246150942271,0.51816650758953164,0.014565322851769737,0.039820074618210133,1.477357754826361,1.5020433612971891,1.4979963489343606,0.99730566209531168,0.98980115168988958,1.0409235126215692,True,True,False,3>4>1>2,16,0,0,True,1,0.013847456238917319,0.010307523187550793,0.0009657917618152396,0.015659246150942271
10000,0,single,gaussian_matched,0.050000000000000003,516,31,0.050000000000000003,5.6522988689356772,5-<10%,True,True,4,0.015659246150942271,0.51816650758953164,0.014565322851769737,0.039820074618210133,1.477357754826361,1.5020433612971891,1.4979963489343606,0.99730566209531168,0.96933229921670561,1.0409235126215692,True,True,False,3>4>1>2,16,0,0,True,1,0.013847456238917319,0.010307523187550793,0.0009657917618152396,0.015659246150942271
10000,0,single,gaussian_matched,0.050000000000000003,517,0,0.02,11.081723215876414,>=10%,True,False,2,0.044357290528499509,0.46789513953203221,0.10068258601799503,0.059995388082244666,1.1489276193479951,1.0892454928361104,1.1002076929624856,1.0100640307428148,,1.0098139008122493,False,False,False,,-1,,,False,1,0.038574018066927646,0.00065246696478616696,0.044357290528499509,0.009501699585385829
10000,0,single,gaussian_matched,0.050000000000000003,517,0,0.050000000000000003,11.081723215876414,>=10%,True,True,4,0.044357290528499509,0.46789513953203221,0.10068258601799503,0.059995388082244666,1.1489276193479951,1.0892454928361104,1.1002076929624856,1.0100640307428148,0.95513530811385672,1.0098139008122493,True,True,False,2>1>3>4,6,0,0,True,1,0.038574018066927646,0.00065246696478616696,0.044357290528499509,0.009501699585385829
10000,0,single,gaussian_matched,0.050000000000000003,517,1,0.02,11.081723215876414,>=10%,True,False,2,0.053461177035060793,0.51767224298361891,-0.044274550902976259,0.095916625879093192,1.1489276193479951,1.2419807569937085,1.2058584902673848,0.97091559871365485,,1.1330349225003593,False,False,False,,-1,,,False,1,0.034832638595363355,0.053461177035060793,0.0033258905574330895,0.018258940205351099
10000,0,single,gaussian_matched,0.050000000000000003,517,1,0.050000000000000003,11.081723215876414,>=10%,True,False,3,0.053461177035060793,0.51767224298361891,-0.044274550902976259,0.095916625879093192,1.1489276193479951,1.2419807569937085,1.2058584902673848,0.97091559871365485,,1.1330349225003593,False,False,False,,-1,,,False,1,0.034832638595363355,0.053461177035060793,0.0033258905574330895,0.018258940205351099
10000,0,single,gaussian_matched,0.050000000000000003,517,2,0.02,11.081723215876414,>=10%,True,False,1,0.050629958809919322,0.53603498274544792,0.13364024115059603,0.091072553061801148,1.1489276193479951,1.1050889640777424,1.0989129120761674,0.99441126262017354,,1.0357357984076256,False,False,False,,-1,,,False,1,0.050629958809919322,0.049681465483323771,0.027331514899397176,0.0037343729355724855
10000,0,single,gaussian_matched,0.050000000000000003,517,2,0.050000000000000003,11.081723215876414,>=10%,True,False,3,0.050629958809919322,0.53603498274544792,0.13364024115059603,0.091072553061801148,1.1489276193479951,1.1050889640777424,1.0989129120761674,0.99441126262017354,,1.0357357984076256,False,False,False,,-1,,,False,1,0.050629958809919322,0.049681465483323771,0.027331514899397176,0.0037343729355724855
10000,0,single,gaussian_matched,0.050000000000000003,517,3,0.02,11.081723215876414,>=10%,True,False,2,0.044328021091809229,0.45709769518513932,0.068205395732504767,0.04660519490576475,1.1489276193479951,1.1153462483392442,1.1103802082083565,0.99554753500244231,,1.0070133084368698,False,False,False,,-1,,,False,1,0.023345477937854287,0.015881979272749619,0.044328021091809229,0.01068357878811662
10000,0,single,gaussian_matched,0.050000000000000003,517,3,0.050000000000000003,11.081723215876414,>=10%,True,True,4,0.044328021091809229,0.45709769518513932,0.068205395732504767,0.04660519490576475,1.1489276193479951,1.1153462483392442,1.1103802082083565,0.99554753500244231,0.94482226559912408,1.0070133084368698,True,True,False,2>1>3>4,6,0,0,True,1,0.023345477937854287,0.015881979272749619,0.044328021091809229,0.01068357878811662
10000,0,single,gaussian_matched,0.050000000000000003,517,4,0.02,11.081723215876414,>=10%,True,False,0,0.082515082044595275,0.58057124139621541,-0.056451936858983226,0.13350557966300947,1.1489276193479951,1.2812006808650351,1.2585605028664943,0.98232893695993462,,1.2116220892309015,False,False,False,,-1,,,False,1,0.061953367616532841,0.082515082044595275,0.040171067104443368,0.042021587791943385
10000,0,single,gaussian_matched,0.050000000000000003,517,4,0.050000000000000003,11.081723215876414,>=10%,True,False,2,0.082515082044595275,0.58057124139621541,-0.056451936858983226,0.13350557966300947,1.1489276193479951,1.2812006808650351,1.2585605028664943,0.98232893695993462,,1.2116220892309015,False,False,False,,-1,,,False,1,0.061953367616532841,0.082515082044595275,0.040171067104443368,0.042021587791943385
10000,0,single,gaussian_matched,0.050000000000000003,517,5,0.02,11.081723215876414,>=10%,True,False,3,0.024551330562170695,0.49819030022631094,0.049189808252957309,0.0019827818684530858,1.1489276193479951,1.1488254479588245,1.1258341429483329,0.97998712071416827,,0.98162574023314952,False,False,False,,-1,,,False,1,0.01361072919551173,0.0010298030509971901,0.024551330562170695,0.0077259348175497929
10000,0,single,gaussian_matched,0.050000000000000003,517,5,0.050000000000000003,11.081723215876414,>=10%,True,True,4,0.024551330562170695,0.49819030022631094,0.049189808252957309,0.0019827818684530858,1.1489276193479951,1.1488254479588245,1.1258341429483329,0.97998712071416827,0.93585874095774313,0.98162574023314952,True,True,False,2>1>3>4,6,0,0,True,1,0.01361072919551173,0.0010298030509971901,0.024551330562170695,0.0077259348175497929
10000,0,single,gaussian_matched,0.050000000000000003,517,6,0.02,11.081723215876414,>=10%,True,False,3,0.041034043860081665,0.45660974371799418,0.037328966495620376,0.045202537874407638,1.1489276193479951,1.1446999893874752,1.1247478468728387,0.98256998104340609,,1.0182977282861225,False,False,False,,-1,,,False,1,0.0090174651134836484,0.0087020550443926061,0.041034043860081665,0.010862204341865125
10000,0,single,gaussian_matched,0.050000000000000003,517,6,0.050000000000000003,11.081723215876414,>=10%,True,True,4,0.041034043860081665,0.45660974371799418,0.037328966495620376,0.045202537874407638,1.1489276193479951,1.1446999893874752,1.1247478468728387,0.98256998104340609,0.9366683970314108,1.0182977282861225,True,True,False,2>1>3>4,6,0,0,True,1,0.0090174651134836484,0.0087020550443926061,0.041034043860081665,0.010862204341865125
10000,0,single,gaussian_matched,0.050000000000000003,517,7,0.02,11.081723215876414,>=10%,True,False,2,0.023057620020927559,0.51868485850171142,0.072020795778641677,0.028879740025727733,1.1489276193479951,1.1395707904269845,1.1183682613354227,0.9813942852259161,,0.99853809939063176,False,False,False,,-1,,,False,1,0.023057620020927559,0.018961716848001724,0.020195332560545291,0.0059761889571855022
10000,0,single,gaussian_matched,0.050000000000000003,517,7,0.050000000000000003,11.081723215876414,>=10%,True,True,4,0.023057620020927559,0.51868485850171142,0.072020795778641677,0.028879740025727733,1.1489276193479951,1.1395707904269845,1.1183682613354227,0.9813942852259161,0.93628094666510076,0.99853809939063176,True,True,False,2>1>3>4,6,0,0,True,1,0.023057620020927559,0.018961716848001724,0.020195332560545291,0.0059761889571855022
10000,0,single,gaussian_matched,0.050000000000000003,517,8,0.02,11.081723215876414,>=10%,True,True,4,0.017543382839344597,0.51832348144066009,0.05837848910118934,0.020148177379727513,1.1489276193479951,1.1507734994180916,1.124960948769985,0.9775693907957046,0.96098376858514711,0.99667647192566433,True,True,False,2>1>3>4,6,0,0,True,1,0.016908034317313071,0.014474069017003658,0.017543382839344597,0.0059832248853825135
10000,0,single,gaussian_matched,0.050000000000000003,517,8,0.050000000000000003,11.081723215876414,>=10%,True,True,4,0.017543382839344597,0.51832348144066009,0.05837848910118934,0.020148177379727513,1.1489276193479951,1.1507734994180916,1.124960948769985,0.9775693907957046,0.93429116111826482,0.99667647192566433,True,True,False,2>1>3>4,6,0,0,True,1,0.016908034317313071,0.014474069017003658,0.017543382839344597,0.0059832248853825135
10000,0,single,gaussian_matched,0.050000000000000003,517,9,0.02,11.081723215876414,>=10%,True,True,4,0.015423624539466331,0.51292128876310461,0.036518274442389087,0.018673955855958126,1.1489276193479951,1.1668926634033641,1.1361541373474005,0.97365779473982506,0.95929031045651514,1.0051356358364087,True,True,False,2>1>3>4,6,0,0,True,1,0.0072693431726429279,0.0084675786327220413,0.015423624539466331,0.0067276902713753403
10000,0,single,gaussian_matched,0.050000000000000003,517,9,0.050000000000000003,11.081723215876414,>=10%,True,True,4,0.015423624539466331,0.51292128876310461,0.036518274442389087,0.018673955855958126,1.1489276193479951,1.1668926634033641,1.1361541373474005,0.97365779473982506,0.93288673924955379,1.0051356358364087,True,True,False,2>1>3>4,6,0,0,True,1,0.0072693431726429279,0.0084675786327220413,0.015423624539466331,0.0067276902713753403
10000,0,single,gaussian_matched,0.050000000000000003,517,10,0.02,11.081723215876414,>=10%,True,False,2,0.091358797173885273,0.60220881389958791,0.15295595653532662,0.1450743623968917,1.1489276193479951,1.1503807151224885,1.1080525524646201,0.96320508323771625,,1.0906926544011961,False,False,False,,-1,,,False,1,0.049043607755500027,0.091358797173885273,0.015399622879009336,0.0042565872223942688
10000,0,single,gaussian_matched,0.050000000000000003,517,10,0.050000000000000003,11.081723215876414,>=10%,True,False,3,0.091358797173885273,0.60220881389958791,0.15295595653532662,0.1450743623968917,1.1489276193479951,1.1503807151224885,1.1080525524646201,0.96320508323771625,,1.0906926544011961,False,False,False,,-1,,,False,1,0.049043607755500027,0.091358797173885273,0.015399622879009336,0.0042565872223942688
10000,0,single,gaussian_matched,0.050000000000000003,517,11,0.02,11.081723215876414,>=10%,True,False,3,0.031333777418626578,0.55185988574493672,0.043229993981766787,0.052299911385821719,1.1489276193479951,1.1822908640462075,1.1424900065288486,0.96633581572207483,,1.03991748287216,False,False,False,,-1,,,False,1,0.0065816172895362115,0.031333777418626578,0.002772942231767335,0.0069930635365178751
10000,0,single,gaussian_matched,0.050000000000000003,517,11,0.050000000000000003,11.081723215876414,>=10%,True,True,4,0.031333777418626578,0.55185988574493672,0.043229993981766787,0.052299911385821719,1.1489276193479951,1.1822908640462075,1.1424900065288486,0.96633581572207483,0.92975304190153052,1.03991748287216,True,True,False,2>1>3>4,6,0,0,True,1,0.0065816172895362115,0.031333777418626578,0.002772942231767335,0.0069930635365178751
10000,0,single,gaussian_matched,0.050000000000000003,517,12,0.02,11.081723215876414,>=10%,True,True,4,0.017831557454393587,0.50049311208836489,0.018702413496011511,0.031301470900044523,1.1489276193479951,1.1773380689049984,1.1447753227541697,0.97234205959116382,0.95933087186688848,1.0236300127606175,True,True,False,2>1>3>4,6,0,0,True,1,0.00030365875838626329,0.012706177410363296,0.017831557454393587,0.0079885650877347184
10000,0,single,gaussian_matched,0.050000000000000003,517,12,0.050000000000000003,11.081723215876414,>=10%,True,True,4,0.017831557454393587,0.50049311208836489,0.018702413496011511,0.031301470900044523,1.1489276193479951,1.1773380689049984,1.1447753227541697,0.97234205959116382,0.93291292777434331,1.0236300127606175,True,True,False,2>1>3>4,6,0,0,True,1,0.00030365875838626329,0.012706177410363296,0.017831557454393587,0.0079885650877347184
10000,0,single,gaussian_matched,0.050000000000000003,517,13,0.02,11.081723215876414,>=10%,True,False,2,0.0447521841929314,0.54933710327056506,0.10098254046748938,0.070946241561125653,1.1489276193479951,1.1369684391464161,1.1116193721621306,0.9777046872089814,,1.0292777315200676,False,False,False,,-1,,,False,1,0.033874328402571735,0.0447521841929314,0.015252664096045664,0.0029187280280342986
10000,0,single,gaussian_matched,0.050000000000000003,517,13,0.050000000000000003,11.081723215876414,>=10%,True,True,4,0.0447521841929314,0.54933710327056506,0.10098254046748938,0.070946241561125653,1.1489276193479951,1.1369684391464161,1.1116193721621306,0.9777046872089814,0.93275758313213364,1.0292777315200676,True,True,False,2>1>3>4,6,0,0,True,1,0.033874328402571735,0.0447521841929314,0.015252664096045664,0.0029187280280342986
10000,0,single,gaussian_matched,0.050000000000000003,517,14,0.02,11.081723215876414,>=10%,True,False,3,0.024054077928088301,0.48157124104397225,0.0025847929371954001,0.050870630205139072,1.1489276193479951,1.1853534804516679,1.1517794954205414,0.97167597211733547,,1.0467588256849221,False,False,False,,-1,,,False,1,0.0069975851011657708,0.016895654347968813,0.024054077928088301,0.0094450232364851616
10000,0,single,gaussian_matched,0.050000000000000003,517,14,0.050000000000000003,11.081723215876414,>=10%,True,True,4,0.024054077928088301,0.48157124104397225,0.0025847929371954001,0.050870630205139072,1.1489276193479951,1.1853534804516679,1.1517794954205414,0.97167597211733547,0.93295699309016278,1.0467588256849221,True,True,False,2>1>3>4,6,0,0,True,1,0.0069975851011657708,0.016895654347968813,0.024054077928088301,0.0094450232364851616
10000,0,single,gaussian_matched,0.050000000000000003,517,15,0.02,11.081723215876414,>=10%,True,False,2,0.036718776267888893,0.47538284932307873,-0.036979576187844435,0.090396077244907488,1.1489276193479951,1.2213169013859386,1.1839872271301857,0.96943489915402659,,1.1091937237075846,False,False,False,,-1,,,False,1,0.02575889581621486,0.036718776267888893,0.019291532639234461,0.012577659616851306
10000,0,single,gaussian_matched,0.050000000000000003,517,15,0.050000000000000003,11.081723215876414,>=10%,True,True,4,0.036718776267888893,0.47538284932307873,-0.036979576187844435,0.090396077244907488,1.1489276193479951,1.2213169013859386,1.1839872271301857,0.96943489915402659,0.93676707641514456,1.1091937237075846,True,True,False,2>1>3>4,6,0,0,True,1,0.02575889581621486,0.036718776267888893,0.019291532639234461,0.012577659616851306
10000,0,single,gaussian_matched,0.050000000000000003,517,16,0.02,11.081723215876414,>=10%,True,False,0,0.069199871080299596,0.60361818833086189,0.0060308165747256851,0.11256117467428715,1.1489276193479951,1.2436385993817933,1.2048179273457733,0.96878460345689044,,1.1466162705424907,False,False,False,,-1,,,False,1,0.028599980525473141,0.069199871080299596,0.027581532349890879,0.029331704725765198
10000,0,single,gaussian_matched,0.050000000000000003,517,16,0.050000000000000003,11.081723215876414,>=10%,True,False,3,0.069199871080299596,0.60361818833086189,0.0060308165747256851,0.11256117467428715,1.1489276193479951,1.2436385993817933,1.2048179273457733,0.96878460345689044,,1.1466162705424907,False,False,False,,-1,,,False,1,0.028599980525473141,0.069199871080299596,0.027581532349890879,0.029331704725765198
10000,0,single,gaussian_matched,0.050000000000000003,517,17,0.02,11.081723215876414,>=10%,True,False,2,0.040926828406638451,0.50719930051066597,-0.027512918071364245,0.077846531045261749,1.1489276193479951,1.2225106393655305,1.1846780308119635,0.9690533502651546,,1.0988721487726925,False,False,False,,-1,,,False,1,0.023934229443914407,0.040926828406638451,0.0051564026485489672,0.013092474813070987
10000,0,single,gaussian_matched,0.050000000000000003,517,17,0.050000000000000003,11.081723215876414,>=10%,True,True,4,0.040926828406638451,0.50719930051066597,-0.027512918071364245,0.077846531045261749,1.1489276193479951,1.2225106393655305,1.1846780308119635,0.9690533502651546,0.93832391417115457,1.0988721487726925,True,True,False,2>1>3>4,6,0,0,True,1,0.023934229443914407,0.040926828406638451,0.0051564026485489672,0.013092474813070987
10000,0,single,gaussian_matched,0.050000000000000003,517,18,0.02,11.081723215876414,>=10%,True,False,1,0.04712602323455678,0.53201992516418495,0.12567983152037659,0.082174889756376254,1.1489276193479951,1.1073749022389419,1.1006595993277088,0.99393583609520519,,1.0295117544091523,False,False,False,,-1,,,False,1,0.04712602323455678,0.04459846981475888,0.026737531760340254,0.0042294847961569246
10000,0,single,gaussian_matched,0.050000000000000003,517,18,0.050000000000000003,11.081723215876414,>=10%,True,True,4,0.04712602323455678,0.53201992516418495,0.12567983152037659,0.082174889756376254,1.1489276193479951,1.1073749022389419,1.1006595993277088,0.99393583609520519,0.94331858349417053,1.0295117544091523,True,True,False,2>1>3>4,6,0,0,True,1,0.04712602323455678,0.04459846981475888,0.026737531760340254,0.0042294847961569246
10000,0,single,gaussian_matched,0.050000000000000003,517,19,0.02,11.081723215876414,>=10%,True,True,4,0.014494465323152758,0.51959900703980666,0.046867726502315299,0.019847725668466123,1.1489276193479951,1.1612356873652012,1.1315257085745669,0.97441520346481503,0.95931060985146377,1.00212878065933,True,True,False,2>1>3>4,6,0,0,True,1,0.01161109364862719,0.0122781594232746,0.014494465323152758,0.006035824352152829
10000,0,single,gaussian_matched,0.050000000000000003,517,19,0.050000000000000003,11.081723215876414,>=10%,True,True,4,0.014494465323152758,0.51959900703980666,0.046867726502315299,0.019847725668466123,1.1489276193479951,1.1612356873652012,1.1315257085745669,0.97441520346481503,0.93290530264792226,1.00212878065933,True,True,False,2>1>3>4,6,0,0,True,1,0.01161109364862719,0.0122781594232746,0.014494465323152758,0.006035824352152829
10000,0,single,gaussian_matched,0.050000000000000003,517,20,0.02,11.081723215876414,>=10%,True,False,3,0.042693957999423077,0.45501526306187084,0.045736216777468808,0.045186351974478095,1.1489276193479951,1.1361791965845984,1.1201619737781638,0.98590255581638619,,1.0142922026837213,False,False,False,,-1,,,False,1,0.012877666148642804,0.013706415707986806,0.042693957999423077,0.010965542349980838
10000,0,single,gaussian_matched,0.050000000000000003,517,20,0.050000000000000003,11.081723215876414,>=10%,True,True,4,0.042693957999423077,0.45501526306187084,0.045736216777468808,0.045186351974478095,1.1489276193479951,1.1361791965845984,1.1201619737781638,0.98590255581638619,0.93857495458059637,1.0142922026837213,True,True,False,2>1>3>4,6,0,0,True,1,0.012877666148642804,0.013706415707986806,0.042693957999423077,0.010965542349980838
10000,0,single,gaussian_matched,0.050000000000000003,517,21,0.02,11.081723215876414,>=10%,True,False,1,0.072523776882049668,0.39599846049542348,0.08158606386736944,0.10869222442270438,1.1489276193479951,1.0918391057470007,1.0974655068534962,1.0051531412246368,,1.0498117644353289,False,False,False,,-1,,,False,1,0.031735996322542127,0.047576297277792619,0.072523776882049668,0.014384514815210867
10000,0,single,gaussian_matched,0.050000000000000003,517,21,0.050000000000000003,11.081723215876414,>=10%,True,False,3,0.072523776882049668,0.39599846049542348,0.08158606386736944,0.10869222442270438,1.1489276193479951,1.0918391057470007,1.0974655068534962,1.0051531412246368,,1.0498117644353289,False,False,False,,-1,,,False,1,0.031735996322542127,0.047576297277792619,0.072523776882049668,0.014384514815210867
10000,0,single,gaussian_matched,0.050000000000000003,517,22,0.02,11.081723215876414,>=10%,True,False,1,0.079824158496113601,0.40241237046545741,0.12952594887441504,0.12588773563197966,1.1489276193479951,1.0441153971992831,1.0819119405465838,1.0361995843071421,,1.0512408752641682,False,False,False,,-1,,,False,1,0.057728986771349959,0.030930913420539097,0.079824158496113601,0.013696315373398028
10000,0,single,gaussian_matched,0.050000000000000003,517,22,0.050000000000000003,11.081723215876414,>=10%,True,False,2,0.079824158496113601,0.40241237046545741,0.12952594887441504,0.12588773563197966,1.1489276193479951,1.0441153971992831,1.0819119405465838,1.0361995843071421,,1.0512408752641682,False,False,False,,-1,,,False,1,0.057728986771349959,0.030930913420539097,0.079824158496113601,0.013696315373398028
10000,0,single,gaussian_matched,0.050000000000000003,517,23,0.02,11.081723215876414,>=10%,True,False,3,0.043899155453913048,0.449086425906779,0.032910281923269988,0.053705218469791344,1.1489276193479951,1.1470431844750053,1.1259121579472051,0.98157782826853923,,1.0267116540260537,False,False,False,,-1,,,False,1,0.0070695253977787883,0.0082145404599707691,0.043899155453913048,0.011363896881983799
10000,0,single,gaussian_matched,0.050000000000000003,517,23,0.050000000000000003,11.081723215876414,>=10%,True,True,4,0.043899155453913048,0.449086425906779,0.032910281923269988,0.053705218469791344,1.1489276193479951,1.1470431844750053,1.1259121579472051,0.98157782826853923,0.93585568987429557,1.0267116540260537,True,True,False,2>1>3>4,6,0,0,True,1,0.0070695253977787883,0.0082145404599707691,0.043899155453913048,0.011363896881983799
10000,0,single,gaussian_matched,0.050000000000000003,517,24,0.02,11.081723215876414,>=10%,True,False,3,0.031669458017913127,0.54298552741018435,0.013442917385646354,0.0564285021598517,1.1489276193479951,1.2019505483347026,1.1612449372862472,0.96613370566297185,,1.0598347702156523,False,False,False,,-1,,,False,1,0.0071451255940663963,0.031669458017913127,0.0045323457296417438,0.010403908824272098
10000,0,single,gaussian_matched,0.050000000000000003,517,24,0.050000000000000003,11.081723215876414,>=10%,True,True,4,0.031669458017913127,0.54298552741018435,0.013442917385646354,0.0564285021598517,1.1489276193479951,1.2019505483347026,1.1612449372862472,0.96613370566297185,0.93307749632006032,1.0598347702156523,True,True,False,2>1>3>4,6,0,0,True,1,0.0071451255940663963,0.031669458017913127,0.0045323457296417438,0.010403908824272098
10000,0,single,gaussian_matched,0.050000000000000003,517,25,0.02,11.081723215876414,>=10%,True,False,2,0.049203936246584916,0.50097419713473446,-0.046285739372980833,0.096290667598988619,1.1489276193479951,1.2378895038314286,1.2015199125043585,0.97061967872374599,,1.1295842821150399,False,False,False,,-1,,,False,1,0.033317304054448479,0.049203936246584916,0.0040819882616671089,0.015998823870463568
10000,0,single,gaussian_matched,0.050000000000000003,517,25,0.050000000000000003,11.081723215876414,>=10%,True,True,4,0.049203936246584916,0.50097419713473446,-0.046285739372980833,0.096290667598988619,1.1489276193479951,1.2378895038314286,1.2015199125043585,0.97061967872374599,0.94286047417435548,1.1295842821150399,True,True,False,2>1>3>4,6,0,0,True,1,0.033317304054448479,0.049203936246584916,0.0040819882616671089,0.015998823870463568
10000,0,single,gaussian_matched,0.050000000000000003,517,26,0.02,11.081723215876414,>=10%,True,True,4,0.019467643855544899,0.4952731545554071,0.013998594439821543,0.036310387909873905,1.1489276193479951,1.1795733791138125,1.1467834724749171,0.97220189331202966,0.95946448266845952,1.0297375051843429,True,True,False,2>1>3>4,6,0,0,True,1,0.0022453209280077621,0.014265277481880565,0.019467643855544899,0.0084038972567048315
10000,0,single,gaussian_matched,0.050000000000000003,517,26,0.050000000000000003,11.081723215876414,>=10%,True,True,4,0.019467643855544899,0.4952731545554071,0.013998594439821543,0.036310387909873905,1.1489276193479951,1.1795733791138125,1.1467834724749171,0.97220189331202966,0.93297278840268938,1.0297375051843429,True,True,False,2>1>3>4,6,0,0,True,1,0.0022453209280077621,0.014265277481880565,0.019467643855544899,0.0084038972567048315
10000,0,single,gaussian_matched,0.050000000000000003,517,27,0.02,11.081723215876414,>=10%,True,False,3,0.023450177687135837,0.53863930145614447,0.03806347385877043,0.040441022159919071,1.1489276193479951,1.1788807478211734,1.1417986146904882,0.96854462743647229,,1.0289940087969303,False,False,False,,-1,,,False,1,0.0058263934491485205,0.023450177687135837,0.0028157932146646442,0.0064500440570680381
10000,0,single,gaussian_matched,0.050000000000000003,517,27,0.050000000000000003,11.081723215876414,>=10%,True,True,4,0.023450177687135837,0.53863930145614447,0.03806347385877043,0.040441022159919071,1.1489276193479951,1.1788807478211734,1.1417986146904882,0.96854462743647229,0.93077102323499716,1.0289940087969303,True,True,False,2>1>3>4,6,0,0,True,1,0.0058263934491485205,0.023450177687135837,0.0028157932146646442,0.0064500440570680381
10000,0,single,gaussian_matched,0.050000000000000003,517,28,0.02,11.081723215876414,>=10%,True,False,1,0.04542165341985873,0.49915911502406846,0.11792198742726079,0.067927192372508077,1.1489276193479951,1.0909297511781115,1.0988836747875754,1.007290958561607,,1.0155651648641164,False,False,False,,-1,,,False,1,0.04542165341985873,0.024063605398401793,0.036037944407552064,0.0069727807990653621
10000,0,single,gaussian_matched,0.050000000000000003,517,28,0.050000000000000003,11.081723215876414,>=10%,True,True,4,0.04542165341985873,0.49915911502406846,0.11792198742726079,0.067927192372508077,1.1489276193479951,1.0909297511781115,1.0988836747875754,1.007290958561607,0.95337513902374227,1.0155651648641164,True,True,False,2>1>3>4,6,0,0,True,1,0.04542165341985873,0.024063605398401793,0.036037944407552064,0.0069727807990653621
10000,0,single,gaussian_matched,0.050000000000000003,517,29,0.02,11.081723215876414,>=10%,True,False,3,0.05141966104522281,0.43251005803484427,0.032588379148396233,0.069699761887255338,1.1489276193479951,1.1439918605664423,1.1235268784026695,0.98211090229816878,,1.0385568422204603,False,False,False,,-1,,,False,1,0.0070074336148906163,0.012208760287960359,0.05141966104522281,0.012420388934781321
10000,0,single,gaussian_matched,0.050000000000000003,517,29,0.050000000000000003,11.081723215876414,>=10%,True,False,3,0.05141966104522281,0.43251005803484427,0.032588379148396233,0.069699761887255338,1.1489276193479951,1.1439918605664423,1.1235268784026695,0.98211090229816878,,1.0385568422204603,False,False,False,,-1,,,False,1,0.0070074336148906163,0.012208760287960359,0.05141966104522281,0.012420388934781321
10000,0,single,gaussian_matched,0.050000000000000003,517,30,0.02,11.081723215876414,>=10%,True,False,3,0.031010986044994974,0.46914975770533907,0.0076456025985141701,0.052398782704202937,1.1489276193479951,1.1767143499538359,1.1453693978646813,0.97336230998594997,,1.0425096937338887,False,False,False,,-1,,,False,1,0.0043840402847150446,0.010749418424828074,0.031010986044994974,0.0099425365123421722
10000,0,single,gaussian_matched,0.050000000000000003,517,30,0.050000000000000003,11.081723215876414,>=10%,True,True,4,0.031010986044994974,0.46914975770533907,0.0076456025985141701,0.052398782704202937,1.1489276193479951,1.1767143499538359,1.1453693978646813,0.97336230998594997,0.93287345599352467,1.0425096937338887,True,True,False,2>1>3>4,6,0,0,True,1,0.0043840402847150446,0.010749418424828074,0.031010986044994974,0.0099425365123421722
10000,0,single,gaussian_matched,0.050000000000000003,517,31,0.02,11.081723215876414,>=10%,True,False,3,0.033358311865464944,0.5067111796729602,-0.014177543890266708,0.06452749082670009,1.1489276193479951,1.2099809353404849,1.1721747502354734,0.96875472662354556,,1.0763969985889883,False,False,False,,-1,,,False,1,0.016855796002611979,0.033358311865464944,0.0082745012809163944,0.010964511014826947
10000,0,single,gaussian_matched,0.050000000000000003,517,31,0.050000000000000003,11.081723215876414,>=10%,True,True,4,0.033358311865464944,0.5067111796729602,-0.014177543890266708,0.06452749082670009,1.1489276193479951,1.2099809353404849,1.1721747502354734,0.96875472662354556,0.93544934653643441,1.0763969985889883,True,True,False,2>1>3>4,6,0,0,True,1,0.016855796002611979,0.033358311865464944,0.0082745012809163944,0.010964511014826947
10000,0,single,gaussian_matched,0.050000000000000003,518,0,0.02,6.0848933288140472,5-<10%,True,False,2,0.069044331220818364,0.63452473788474306,0.060062513367017144,0.1349005532910085,1.1821206792540231,1.1378492033339387,1.1609193889166352,1.020275257490272,,1.0961824498539106,False,False,False,,-1,,,False,1,0.069044331220818364,0.042087137695681072,0.0075708782151458313,0.018671541287528886
10000,0,single,gaussian_matched,0.050000000000000003,518,0,0.050000000000000003,6.0848933288140472,5-<10%,True,False,3,0.069044331220818364,0.63452473788474306,0.060062513367017144,0.1349005532910085,1.1821206792540231,1.1378492033339387,1.1609193889166352,1.020275257490272,,1.0961824498539106,False,False,False,,-1,,,False,1,0.069044331220818364,0.042087137695681072,0.0075708782151458313,0.018671541287528886
10000,0,single,gaussian_matched,0.050000000000000003,518,1,0.02,6.0848933288140472,5-<10%,True,False,2,0.03749956505959659,0.45143030800009815,0.11254702997722829,0.07919056724091339,1.1821206792540231,1.1585129267060148,1.1437167431234858,0.9872282965157767,,1.0345029334366391,False,False,False,,-1,,,False,1,0.03749956505959659,0.019383634482555298,0.020738148029955255,0.010463192209845949
10000,0,single,gaussian_matched,0.050000000000000003,518,1,0.050000000000000003,6.0848933288140472,5-<10%,True,True,4,0.03749956505959659,0.45143030800009815,0.11254702997722829,0.07919056724091339,1.1821206792540231,1.1585129267060148,1.1437167431234858,0.9872282965157767,0.94131098107489108,1.0345029334366391,True,True,False,1>2>3>4,0,0,0,True,1,0.03749956505959659,0.019383634482555298,0.020738148029955255,0.010463192209845949
10000,0,single,gaussian_matched,0.050000000000000003,518,2,0.02,6.0848933288140472,5-<10%,True,True,4,0.0052457255587134008,0.50296633151008352,0.044693563325414076,0.006079259231938125,1.1821206792540231,1.1854988611854431,1.180059684264346,0.99541190877597452,0.98017957953815948,1.0033991996864455,True,True,False,1>2>3>4,0,0,0,True,1,0.0045178856783738234,0.0052457255587134008,0.0028791644901532895,0.0030891110851332011
10000,0,single,gaussian_matched,0.050000000000000003,518,2,0.050000000000000003,6.0848933288140472,5-<10%,True,True,4,0.0052457255587134008,0.50296633151008352,0.044693563325414076,0.006079259231938125,1.1821206792540231,1.1854988611854431,1.180059684264346,0.99541190877597452,0.9547786871151358,1.0033991996864455,True,True,False,1>2>3>4,0,0,0,True,1,0.0045178856783738234,0.0052457255587134008,0.0028791644901532895,0.0030891110851332011
10000,0,single,gaussian_matched,0.050000000000000003,518,3,0.02,6.0848933288140472,5-<10%,True,False,2,0.023417988383466624,0.44654582988057412,0.048825410801860272,0.053467073633600981,1.1821206792540231,1.2111794991344722,1.185947270116158,0.97916722580233106,,1.0484668490292302,False,False,False,,-1,,,False,1,0.023417988383466624,0.012250037690905706,0.020202943478404501,0.0058349948183403404
10000,0,single,gaussian_matched,0.050000000000000003,518,3,0.050000000000000003,6.0848933288140472,5-<10%,True,True,4,0.023417988383466624,0.44654582988057412,0.048825410801860272,0.053467073633600981,1.1821206792540231,1.2111794991344722,1.185947270116158,0.97916722580233106,0.93312645138306838,1.0484668490292302,True,True,False,1>2>3>4,0,0,0,True,1,0.023417988383466624,0.012250037690905706,0.020202943478404501,0.0058349948183403404
10000,0,single,gaussian_matched,0.050000000000000003,518,4,0.02,6.0848933288140472,5-<10%,True,False,2,0.047198199623950478,0.41363166398778412,-0.07096914222361804,0.1486372188781698,1.1821206792540231,1.3297832787692017,1.2653604057059527,0.95155385535989256,,1.1961533618347875,False,False,False,,-1,,,False,1,0.023851668382914588,0.013614311815085952,0.047198199623950478,0.0014949774273232152
10000,0,single,gaussian_matched,0.050000000000000003,518,4,0.050000000000000003,6.0848933288140472,5-<10%,True,True,4,0.047198199623950478,0.41363166398778412,-0.07096914222361804,0.1486372188781698,1.1821206792540231,1.3297832787692017,1.2653604057059527,0.95155385535989256,0.90184919170225386,1.1961533618347875,True,True,False,1>2>3>4,0,0,0,True,1,0.023851668382914588,0.013614311815085952,0.047198199623950478,0.0014949774273232152
10000,0,single,gaussian_matched,0.050000000000000003,518,5,0.02,6.0848933288140472,5-<10%,True,False,2,0.029896222540060014,0.43145318481145234,0.045884117426874614,0.06867027276666858,1.1821206792540231,1.2225240151599435,1.1907280639412745,0.97399155286572503,,1.065372054486591,False,False,False,,-1,,,False,1,0.029896222540060014,0.016411764393660749,0.025146096179869584,0.0063673247148040533
10000,0,single,gaussian_matched,0.050000000000000003,518,5,0.050000000000000003,6.0848933288140472,5-<10%,True,True,4,0.029896222540060014,0.43145318481145234,0.045884117426874614,0.06867027276666858,1.1821206792540231,1.2225240151599435,1.1907280639412745,0.97399155286572503,0.92666867447469792,1.065372054486591,True,True,False,1>2>3>4,0,0,0,True,1,0.029896222540060014,0.016411764393660749,0.025146096179869584,0.0063673247148040533
10000,0,single,gaussian_matched,0.050000000000000003,518,6,0.02,6.0848933288140472,5-<10%,True,True,4,0.01274920660400463,0.49939172060590992,-0.0051713545137983402,0.055174707635913131,1.1821206792540231,1.2322159331364984,1.2150884311711825,0.98610024306233457,0.97043202359105341,1.0745629960628849,True,True,False,1>2>3>4,0,0,0,True,1,0.011461058123879087,0.010032435315072939,0.01274920660400463,0.0013191681382889043
10000,0,single,gaussian_matched,0.050000000000000003,518,6,0.050000000000000003,6.0848933288140472,5-<10%,True,True,4,0.01274920660400463,0.49939172060590992,-0.0051713545137983402,0.055174707635913131,1.1821206792540231,1.2322159331364984,1.2150884311711825,0.98610024306233457,0.94607486716943157,1.0745629960628849,True,True,False,1>2>3>4,0,0,0,True,1,0.011461058123879087,0.010032435315072939,0.01274920660400463,0.0013191681382889043
10000,0,single,gaussian_matched,0.050000000000000003,518,7,0.02,6.0848933288140472,5-<10%,True,True,4,0.011237647080573052,0.49322807086084891,0.087264484544838622,0.037874804721056976,1.1821206792540231,1.1531843007169633,1.1521738315568202,0.99912375744318149,0.98339912482018543,1.006706554722363,True,True,False,1>2>3>4,0,0,0,True,1,0.011237647080573052,0.0035117623079267248,0.0064038047094192741,0.0064466052564702879
10000,0,single,gaussian_matched,0.050000000000000003,518,7,0.050000000000000003,6.0848933288140472,5-<10%,True,True,4,0.011237647080573052,0.49322807086084891,0.087264484544838622,0.037874804721056976,1.1821206792540231,1.1531843007169633,1.1521738315568202,0.99912375744318149,0.95679162060542522,1.006706554722363,True,True,False,1>2>3>4,0,0,0,True,1,0.011237647080573052,0.0035117623079267248,0.0064038047094192741,0.0064466052564702879
10000,0,single,gaussian_matched,0.050000000000000003,518,8,0.02,6.0848933288140472,5-<10%,True,False,2,0.04041577405394009,0.46605597622582962,0.14285287350841908,0.098862798204137015,1.1821206792540231,1.1264667812806288,1.1208336732217536,0.99499931276049602,,1.0317867649482113,False,False,False,,-1,,,False,1,0.04041577405394009,0.020031782093105927,0.018874610519778668,0.012222812632805101
10000,0,single,gaussian_matched,0.050000000000000003,518,8,0.050000000000000003,6.0848933288140472,5-<10%,True,True,4,0.04041577405394009,0.46605597622582962,0.14285287350841908,0.098862798204137015,1.1821206792540231,1.1264667812806288,1.1208336732217536,0.99499931276049602,0.95002442248757779,1.0317867649482113,True,True,False,1>2>3>4,0,0,0,True,1,0.04041577405394009,0.020031782093105927,0.018874610519778668,0.012222812632805101
10000,0,single,gaussian_matched,0.050000000000000003,518,9,0.02,6.0848933288140472,5-<10%,True,True,4,0.015617437266600233,0.4774467705154537,0.076612382073357063,0.03488362136878774,1.1821206792540231,1.1707303672650844,1.1619164703212368,0.99247145440974804,0.97506248874428469,1.0124178628236711,True,True,False,1>2>3>4,0,0,0,True,1,0.015617437266600233,0.0067093250052212101,0.010521105481907369,0.0063741320049305926
10000,0,single,gaussian_matched,0.050000000000000003,518,9,0.050000000000000003,6.0848933288140472,5-<10%,True,True,4,0.015617437266600233,0.4774467705154537,0.076612382073357063,0.03488362136878774,1.1821206792540231,1.1707303672650844,1.1619164703212368,0.99247145440974804,0.94885702797968408,1.0124178628236711,True,True,False,1>2>3>4,0,0,0,True,1,0.015617437266600233,0.0067093250052212101,0.010521105481907369,0.0063741320049305926
10000,0,single,gaussian_matched,0.050000000000000003,518,10,0.02,6.0848933288140472,5-<10%,True,False,3,0.021692839451238486,0.48794852788633913,-0.042436847761113408,0.093219143978678559,1.1821206792540231,1.2709805557504603,1.241962311560991,0.97716861673596944,,1.1294798229756333,False,False,False,,-1,,,False,1,0.011425883344924727,0.010232066338283269,0.021692839451238486,0.0033847485696893724
10000,0,single,gaussian_matched,0.050000000000000003,518,10,0.050000000000000003,6.0848933288140472,5-<10%,True,True,4,0.021692839451238486,0.48794852788633913,-0.042436847761113408,0.093219143978678559,1.1821206792540231,1.2709805557504603,1.241962311560991,0.97716861673596944,0.93658988045697522,1.1294798229756333,True,True,False,1>2>3>4,0,0,0,True,1,0.011425883344924727,0.010232066338283269,0.021692839451238486,0.0033847485696893724
10000,0,single,gaussian_matched,0.050000000000000003,518,11,0.02,6.0848933288140472,5-<10%,True,False,3,0.024844617212949709,0.45309780495632862,0.069609830910633663,0.050836614445281814,1.1821206792540231,1.1905426293721346,1.1711132615139426,0.98368024178316182,,1.0336930039413028,False,False,False,,-1,,,False,1,0.024844617212949709,0.012916164156635501,0.017952313610212222,0.007072588107026356
10000,0,single,gaussian_matched,0.050000000000000003,518,11,0.050000000000000003,6.0848933288140472,5-<10%,True,True,4,0.024844617212949709,0.45309780495632862,0.069609830910633663,0.050836614445281814,1.1821206792540231,1.1905426293721346,1.1711132615139426,0.98368024178316182,0.93806298566425639,1.0336930039413028,True,True,False,1>2>3>4,0,0,0,True,1,0.024844617212949709,0.012916164156635501,0.017952313610212222,0.007072588107026356
10000,0,single,gaussian_matched,0.050000000000000003,518,12,0.02,6.0848933288140472,5-<10%,True,False,3,0.023905723128365815,0.44296600211844783,0.012562317097439893,0.068223581080631784,1.1821206792540231,1.2431963146796385,1.2101559610827164,0.97342306021439873,,1.0814289645707487,False,False,False,,-1,,,False,1,0.019148020012560656,0.0093661355238852835,0.023905723128365815,0.0033102608286074823
10000,0,single,gaussian_matched,0.050000000000000003,518,12,0.050000000000000003,6.0848933288140472,5-<10%,True,True,4,0.023905723128365815,0.44296600211844783,0.012562317097439893,0.068223581080631784,1.1821206792540231,1.2431963146796385,1.2101559610827164,0.97342306021439873,0.92725606385064807,1.0814289645707487,True,True,False,1>2>3>4,0,0,0,True,1,0.019148020012560656,0.0093661355238852835,0.023905723128365815,0.0033102608286074823
10000,0,single,gaussian_matched,0.050000000000000003,518,13,0.02,6.0848933288140472,5-<10%,True,True,4,0.0054398922440761057,0.49918783537615036,0.033945977355534687,0.016074553009189335,1.1821206792540231,1.1968048579090174,1.1879257320403296,0.99258097440864268,0.97688102545886002,1.0185087751017965,True,True,False,1>2>3>4,0,0,0,True,1,0.0046369321635867647,0.0054398922440761057,0.0053855209382314573,0.0022047893826374243
10000,0,single,gaussian_matched,0.050000000000000003,518,13,0.050000000000000003,6.0848933288140472,5-<10%,True,True,4,0.0054398922440761057,0.49918783537615036,0.033945977355534687,0.016074553009189335,1.1821206792540231,1.1968048579090174,1.1879257320403296,0.99258097440864268,0.95175820441863856,1.0185087751017965,True,True,False,1>2>3>4,0,0,0,True,1,0.0046369321635867647,0.0054398922440761057,0.0053855209382314573,0.0022047893826374243
10000,0,single,gaussian_matched,0.050000000000000003,518,14,0.02,6.0848933288140472,5-<10%,True,True,4,0.0085596511498621519,0.49905675985664627,0.016375421611702766,0.033637805721520829,1.1821206792540231,1.2127021798269533,1.2001249029524628,0.98962871751720183,0.97387789893765497,1.0436859199963824,True,True,False,1>2>3>4,0,0,0,True,1,0.0076000463336940438,0.007505578263643304,0.0085596511498621519,0.0010459304706123911
10000,0,single,gaussian_matched,0.050000000000000003,518,14,0.050000000000000003,6.0848933288140472,5-<10%,True,True,4,0.0085596511498621519,0.49905675985664627,0.016375421611702766,0.033637805721520829,1.1821206792540231,1.2127021798269533,1.2001249029524628,0.98962871751720183,0.9491325790141667,1.0436859199963824,True,True,False,1>2>3>4,0,0,0,True,1,0.0076000463336940438,0.007505578263643304,0.0085596511498621519,0.0010459304706123911
10000,0,single,gaussian_matched,0.050000000000000003,518,15,0.02,6.0848933288140472,5-<10%,True,False,1,0.051302808527943521,0.37402867051205446,0.0052498545462343477,0.13368377377637766,1.1821206792540231,1.290212688486881,1.2239461719091957,0.94863907542608306,,1.1484698385805292,False,False,False,,-1,,,False,1,0.051302808527943521,0.031135789439306043,0.0489883479917727,0.0060341930349662246
10000,0,single,gaussian_matched,0.050000000000000003,518,15,0.050000000000000003,6.0848933288140472,5-<10%,True,False,3,0.051302808527943521,0.37402867051205446,0.0052498545462343477,0.13368377377637766,1.1821206792540231,1.290212688486881,1.2239461719091957,0.94863907542608306,,1.1484698385805292,False,False,False,,-1,,,False,1,0.051302808527943521,0.031135789439306043,0.0489883479917727,0.0060341930349662246
10000,0,single,gaussian_matched,0.050000000000000003,518,16,0.02,6.0848933288140472,5-<10%,True,False,3,0.02051333301357873,0.53786436148593908,0.050898467774076438,0.037875019671003748,1.1821206792540231,1.1657578938545361,1.1724918626768739,1.0057764728489826,,1.0238945173615264,False,False,False,,-1,,,False,1,0.02051333301357873,0.015128915261249615,0.0020692819425184696,0.0069021966915126685
10000,0,single,gaussian_matched,0.050000000000000003,518,16,0.050000000000000003,6.0848933288140472,5-<10%,True,True,4,0.02051333301357873,0.53786436148593908,0.050898467774076438,0.037875019671003748,1.1821206792540231,1.1657578938545361,1.1724918626768739,1.0057764728489826,0.96874772574319545,1.0238945173615264,True,True,False,1>2>3>4,0,0,0,True,1,0.02051333301357873,0.015128915261249615,0.0020692819425184696,0.0069021966915126685
10000,0,single,gaussian_matched,0.050000000000000003,518,17,0.02,6.0848933288140472,5-<10%,True,True,4,0.0095553131545031127,0.4794223879897242,0.05656550711024616,0.021599629618586975,1.1821206792540231,1.1865411137591051,1.1750852178988773,0.99034513366002619,0.97277388872506776,1.012320373477124,True,True,False,1>2>3>4,0,0,0,True,1,0.0095553131545031127,0.0034217014414924265,0.0094074841073115249,0.0047217822964505836
10000,0,single,gaussian_matched,0.050000000000000003,518,17,0.050000000000000003,6.0848933288140472,5-<10%,True,True,4,0.0095553131545031127,0.4794223879897242,0.05656550711024616,0.021599629618586975,1.1821206792540231,1.1865411137591051,1.1750852178988773,0.99034513366002619,0.94717480838554424,1.012320373477124,True,True,False,1>2>3>4,0,0,0,True,1,0.0095553131545031127,0.0034217014414924265,0.0094074841073115249,0.0047217822964505836
10000,0,single,gaussian_matched,0.050000000000000003,518,18,0.02,6.0848933288140472,5-<10%,True,True,4,0.0087760389260073349,0.51018316370022987,0.04165575035830494,0.013165231673943586,1.1821206792540231,1.1850886488292127,1.1813982340840892,0.99688595891221354,0.98244376123366917,1.010525817475642,True,True,False,1>2>3>4,0,0,0,True,1,0.0087760389260073349,0.0078399023125018275,0.0023390886000478439,0.0033688006144284304
10000,0,single,gaussian_matched,0.050000000000000003,518,18,0.050000000000000003,6.0848933288140472,5-<10%,True,True,4,0.0087760389260073349,0.51018316370022987,0.04165575035830494,0.013165231673943586,1.1821206792540231,1.1850886488292127,1.1813982340840892,0.99688595891221354,0.95707406100768821,1.010525817475642,True,True,False,1>2>3>4,0,0,0,True,1,0.0087760389260073349,0.0078399023125018275,0.0023390886000478439,0.0033688006144284304
10000,0,single,gaussian_matched,0.050000000000000003,518,19,0.02,6.0848933288140472,5-<10%,True,True,4,0.010663121373649553,0.53230730214167576,0.077998048835097214,0.042751052738453303,1.1821206792540231,1.1428336905854681,1.1537465885106448,1.0095489816366772,0.99769089804484912,1.0121620087080683,True,True,False,1>2>3>4,0,0,0,True,1,0.010663121373649553,0.0097208724633669023,0.0040637641874518909,0.0070728435933979919
10000,0,single,gaussian_matched,0.050000000000000003,518,19,0.050000000000000003,6.0848933288140472,5-<10%,True,True,4,0.010663121373649553,0.53230730214167576,0.077998048835097214,0.042751052738453303,1.1821206792540231,1.1428336905854681,1.1537465885106448,1.0095489816366772,0.97125774335353066,1.0121620087080683,True,True,False,1>2>3>4,0,0,0,True,1,0.010663121373649553,0.0097208724633669023,0.0040637641874518909,0.0070728435933979919
10000,0,single,gaussian_matched,0.050000000000000003,518,20,0.02,6.0848933288140472,5-<10%,True,True,4,0.0063016454158300022,0.50534136225564041,0.042101999076805931,0.0095345985405130961,1.1821206792540231,1.1867723539778292,1.1815938516148392,0.99563648213944933,0.98065405222244451,1.0076200095805901,True,True,False,1>2>3>4,0,0,0,True,1,0.0062455012538325857,0.0063016454158300022,0.0028433242499818438,0.0030320409767992523
10000,0,single,gaussian_matched,0.050000000000000003,518,20,0.050000000000000003,6.0848933288140472,5-<10%,True,True,4,0.0063016454158300022,0.50534136225564041,0.042101999076805931,0.0095345985405130961,1.1821206792540231,1.1867723539778292,1.1815938516148392,0.99563648213944933,0.95530250639704506,1.0076200095805901,True,True,False,1>2>3>4,0,0,0,True,1,0.0062455012538325857,0.0063016454158300022,0.0028433242499818438,0.0030320409767992523
10000,0,single,gaussian_matched,0.050000000000000003,518,21,0.02,6.0848933288140472,5-<10%,True,True,4,0.017811258283573224,0.51836548420494255,0.013828152441712371,0.04056714885054153,1.1821206792540231,1.2073806542423566,1.2001612907678361,0.99402064009460978,0.98055247331139794,1.0495784917673032,True,True,False,1>2>3>4,0,0,0,True,1,0.017811258283573224,0.013719126263213626,0.0080668801847796814,0.0038036976492591599
10000,0,single,gaussian_matched,0.050000000000000003,518,21,0.050000000000000003,6.0848933288140472,5-<10%,True,True,4,0.017811258283573224,0.51836548420494255,0.013828152441712371,0.04056714885054153,1.1821206792540231,1.2073806542423566,1.2001612907678361,0.99402064009460978,0.955700965692733,1.0495784917673032,True,True,False,1>2>3>4,0,0,0,True,1,0.017811258283573224,0.013719126263213626,0.0080668801847796814,0.0038036976492591599
10000,0,single,gaussian_matched,0.050000000000000003,518,22,0.02,6.0848933288140472,5-<10%,True,True,4,0.0058122913988336716,0.49667653947048757,0.073514252162889079,0.02374795664201787,1.1821206792540231,1.1631369397761373,1.1610252530542737,0.99818449002034959,0.9825680751922341,1.0022438744950661,True,True,False,1>2>3>4,0,0,0,True,1,0.0058122913988336716,0.00051569369162802851,0.0041683462921364963,0.0052558859689219688
10000,0,single,gaussian_matched,0.050000000000000003,518,22,0.050000000000000003,6.0848933288140472,5-<10%,True,True,4,0.0058122913988336716,0.49667653947048757,0.073514252162889079,0.02374795664201787,1.1821206792540231,1.1631369397761373,1.1610252530542737,0.99818449002034959,0.95639839197148724,1.0022438744950661,True,True,False,1>2>3>4,0,0,0,True,1,0.0058122913988336716,0.00051569369162802851,0.0041683462921364963,0.0052558859689219688
10000,0,single,gaussian_matched,0.050000000000000003,518,23,0.02,6.0848933288140472,5-<10%,True,False,3,0.026590964651608685,0.54888632395315096,0.049306881298748322,0.048891237284266455,1.1821206792540231,1.1635265238207153,1.1728554517784076,1.0080178042929855,,1.0335211205624597,False,False,False,,-1,,,False,1,0.026590964651608685,0.018683865739521369,0.0035487150795703768,0.0083570014506312018
10000,0,single,gaussian_matched,0.050000000000000003,518,23,0.050000000000000003,6.0848933288140472,5-<10%,True,True,4,0.026590964651608685,0.54888632395315096,0.049306881298748322,0.048891237284266455,1.1821206792540231,1.1635265238207153,1.1728554517784076,1.0080178042929855,0.97222408208626965,1.0335211205624597,True,True,False,1>2>3>4,0,0,0,True,1,0.026590964651608685,0.018683865739521369,0.0035487150795703768,0.0083570014506312018
10000,0,single,gaussian_matched,0.050000000000000003,518,24,0.02,6.0848933288140472,5-<10%,True,False,2,0.02890734504604554,0.42976709223007253,0.0058166354342951213,0.082974881971384112,1.1821206792540231,1.2560847824917152,1.2164542446774551,0.9684491537779446,,1.0992355936695426,False,False,False,,-1,,,False,1,0.024595517342450263,0.012904955239537485,0.02890734504604554,0.0034799480798981416
10000,0,single,gaussian_matched,0.050000000000000003,518,24,0.050000000000000003,6.0848933288140472,5-<10%,True,True,4,0.02890734504604554,0.42976709223007253,0.0058166354342951213,0.082974881971384112,1.1821206792540231,1.2560847824917152,1.2164542446774551,0.9684491537779446,0.9209898727625021,1.0992355936695426,True,True,False,1>2>3>4,0,0,0,True,1,0.024595517342450263,0.012904955239537485,0.02890734504604554,0.0034799480798981416
10000,0,single,gaussian_matched,0.050000000000000003,518,25,0.02,6.0848933288140472,5-<10%,True,False,3,0.031969424822430141,0.45049461459256335,0.092144563048413605,0.065014978111820901,1.1821206792540231,1.1744905372370344,1.1570355471479232,0.98513824544710782,,1.033778146940902,False,False,False,,-1,,,False,1,0.031969424822430141,0.016709584541362635,0.019647275114927528,0.0089227217751403493
10000,0,single,gaussian_matched,0.050000000000000003,518,25,0.050000000000000003,6.0848933288140472,5-<10%,True,True,4,0.031969424822430141,0.45049461459256335,0.092144563048413605,0.065014978111820901,1.1821206792540231,1.1744905372370344,1.1570355471479232,0.98513824544710782,0.93920488250738732,1.033778146940902,True,True,False,1>2>3>4,0,0,0,True,1,0.031969424822430141,0.016709584541362635,0.019647275114927528,0.0089227217751403493
10000,0,single,gaussian_matched,0.050000000000000003,518,26,0.02,6.0848933288140472,5-<10%,True,False,2,0.03435884785301134,0.41753675779728511,0.033620754564125659,0.084074169610125968,1.1821206792540231,1.2407359883670219,1.2010320885772297,0.96799971939070772,,1.0871193447003411,False,False,False,,-1,,,False,1,0.03435884785301134,0.019339463426856596,0.030358397793101916,0.0061352867024660048
10000,0,single,gaussian_matched,0.050000000000000003,518,26,0.050000000000000003,6.0848933288140472,5-<10%,True,True,4,0.03435884785301134,0.41753675779728511,0.033620754564125659,0.084074169610125968,1.1821206792540231,1.2407359883670219,1.2010320885772297,0.96799971939070772,0.91944304450812719,1.0871193447003411,True,True,False,1>2>3>4,0,0,0,True,1,0.03435884785301134,0.019339463426856596,0.030358397793101916,0.0061352867024660048
10000,0,single,gaussian_matched,0.050000000000000003,518,27,0.02,6.0848933288140472,5-<10%,True,False,3,0.020914567151648772,0.54360053886209747,0.061019408240507535,0.044971483709526833,1.1821206792540231,1.154263126275227,1.1648389380573141,1.0091623924747686,,1.0234237865886004,False,False,False,,-1,,,False,1,0.020914567151648772,0.015527216396737738,0.00063645346668739233,0.0077987324423253483
10000,0,single,gaussian_matched,0.050000000000000003,518,27,0.050000000000000003,6.0848933288140472,5-<10%,True,True,4,0.020914567151648772,0.54360053886209747,0.061019408240507535,0.044971483709526833,1.1821206792540231,1.154263126275227,1.1648389380573141,1.0091623924747686,0.97249029873603821,1.0234237865886004,True,True,False,1>2>3>4,0,0,0,True,1,0.020914567151648772,0.015527216396737738,0.00063645346668739233,0.0077987324423253483
10000,0,single,gaussian_matched,0.050000000000000003,518,28,0.02,6.0848933288140472,5-<10%,True,False,2,0.04433972455821391,0.56367443628005354,-0.0025351094314920303,0.082549206892382931,1.1821206792540231,1.2093241290236141,1.209545460409605,1.0001830207309017,,1.0930311007818287,False,False,False,,-1,,,False,1,0.04433972455821391,0.02934367763683363,0.015084365476128339,0.011248060026817682
10000,0,single,gaussian_matched,0.050000000000000003,518,28,0.050000000000000003,6.0848933288140472,5-<10%,True,True,4,0.04433972455821391,0.56367443628005354,-0.0025351094314920303,0.082549206892382931,1.1821206792540231,1.2093241290236141,1.209545460409605,1.0001830207309017,0.96742796443232848,1.0930311007818287,True,True,False,1>2>3>4,0,0,0,True,1,0.04433972455821391,0.02934367763683363,0.015084365476128339,0.011248060026817682
10000,0,single,gaussian_matched,0.050000000000000003,518,29,0.02,6.0848933288140472,5-<10%,True,True,4,0.0081423090416039446,0.52965081201609188,0.08330717367042148,0.044593031643130478,1.1821206792540231,1.1391122564373182,1.1502664023328508,1.0097919637265762,0.99768210851447803,1.0107761880369075,True,True,False,1>2>3>4,0,0,0,True,1,0.0078786601062541539,0.0081423090416039446,0.0054255091055863602,0.0070877629702352559
10000,0,single,gaussian_matched,0.050000000000000003,518,29,0.050000000000000003,6.0848933288140472,5-<10%,True,True,4,0.0081423090416039446,0.52965081201609188,0.08330717367042148,0.044593031643130478,1.1821206792540231,1.1391122564373182,1.1502664023328508,1.0097919637265762,0.97109889613657385,1.0107761880369075,True,True,False,1>2>3>4,0,0,0,True,1,0.0078786601062541539,0.0081423090416039446,0.0054255091055863602,0.0070877629702352559
10000,0,single,gaussian_matched,0.050000000000000003,518,30,0.02,6.0848933288140472,5-<10%,True,True,4,0.014102537652359378,0.52170001682287559,0.043748118949688233,0.022582664740466989,1.1821206792540231,1.1784607086199035,1.1788521053430188,1.0003321253905644,0.98720413050700051,1.0163385102455451,True,True,False,1>2>3>4,0,0,0,True,1,0.014102537652359378,0.011105660414626193,0.0020120578613440081,0.0046891300180735779
10000,0,single,gaussian_matched,0.050000000000000003,518,30,0.050000000000000003,6.0848933288140472,5-<10%,True,True,4,0.014102537652359378,0.52170001682287559,0.043748118949688233,0.022582664740466989,1.1821206792540231,1.1784607086199035,1.1788521053430188,1.0003321253905644,0.96171547594369944,1.0163385102455451,True,True,False,1>2>3>4,0,0,0,True,1,0.014102537652359378,0.011105660414626193,0.0020120578613440081,0.0046891300180735779
10000,0,single,gaussian_matched,0.050000000000000003,518,31,0.02,6.0848933288140472,5-<10%,True,False,3,0.022944099659506726,0.54447395718122304,0.054777252132865557,0.044729799969351856,1.1821206792540231,1.1598200449990121,1.1692383815246234,1.0081205153904882,,1.0269409907117517,False,False,False,,-1,,,False,1,0.022944099659506726,0.016628145466607555,0.0019896649336740737,0.0078170701541044746
10000,0,single,gaussian_matched,0.050000000000000003,518,31,0.050000000000000003,6.0848933288140472,5-<10%,True,True,4,0.022944099659506726,0.54447395718122304,0.054777252132865557,0.044729799969351856,1.1821206792540231,1.1598200449990121,1.1692383815246234,1.0081205153904882,0.97170607563367217,1.0269409907117517,True,True,False,1>2>3>4,0,0,0,True,1,0.022944099659506726,0.016628145466607555,0.0019896649336740737,0.0078170701541044746
10000,0,single,gaussian_matched,0.050000000000000003,519,0,0.02,15.607459759174827,>=10%,True,False,3,0.048233996066825838,0.50147503211983524,-0.017394870363703352,0.067411010013905939,1.4031230796887901,1.4565880171460901,1.3981259054995272,0.95986366017131708,,1.0444820819556944,False,False,False,,-1,,,False,1,0.010589322342986157,0.01635198579366659,0.00632493437925165,0.048233996066825838
10000,0,single,gaussian_matched,0.050000000000000003,519,0,0.050000000000000003,15.607459759174827,>=10%,True,True,4,0.048233996066825838,0.50147503211983524,-0.017394870363703352,0.067411010013905939,1.4031230796887901,1.4565880171460901,1.3981259054995272,0.95986366017131708,0.92967744136255948,1.0444820819556944,True,True,False,4>1>2>3,18,0,0,True,1,0.010589322342986157,0.01635198579366659,0.00632493437925165,0.048233996066825838
10000,0,single,gaussian_matched,0.050000000000000003,519,1,0.02,15.607459759174827,>=10%,True,False,3,0.025738527354043451,0.48769384212104011,0.02341514458429015,0.029294983516228237,1.4031230796887901,1.415489964365898,1.3790271759019592,0.9742401646201192,,1.0037053625620287,False,False,False,,-1,,,False,1,0.0072521380986783667,0.0044441216960326053,0.0092532518880767516,0.025738527354043451
10000,0,single,gaussian_matched,0.050000000000000003,519,1,0.050000000000000003,15.607459759174827,>=10%,True,True,4,0.025738527354043451,0.48769384212104011,0.02341514458429015,0.029294983516228237,1.4031230796887901,1.415489964365898,1.3790271759019592,0.9742401646201192,0.94516642455505195,1.0037053625620287,True,True,False,4>1>2>3,18,0,0,True,1,0.0072521380986783667,0.0044441216960326053,0.0092532518880767516,0.025738527354043451
10000,0,single,gaussian_matched,0.050000000000000003,519,2,0.02,15.607459759174827,>=10%,True,False,2,0.040757066867793165,0.43235739328687561,0.1317438560339253,0.10610174476530311,1.4031230796887901,1.2973454417582433,1.3207417692677603,1.0180339998557431,,1.0169054551861085,False,False,False,,-1,,,False,1,0.040757066867793165,0.011671460709830321,0.029751206266576232,0.010919556636042431
10000,0,single,gaussian_matched,0.050000000000000003,519,2,0.050000000000000003,15.607459759174827,>=10%,True,True,4,0.040757066867793165,0.43235739328687561,0.1317438560339253,0.10610174476530311,1.4031230796887901,1.2973454417582433,1.3207417692677603,1.0180339998557431,0.99860831516431747,1.0169054551861085,True,True,False,4>1>2>3,18,0,0,True,1,0.040757066867793165,0.011671460709830321,0.029751206266576232,0.010919556636042431
10000,0,single,gaussian_matched,0.050000000000000003,519,3,0.02,15.607459759174827,>=10%,True,False,3,0.040000437344090894,0.53427800166519512,0.04314031550345919,0.034957641075324321,1.4031230796887901,1.4322533203870389,1.3667084883521698,0.95423656478788488,,0.99896163759089529,False,False,False,,-1,,,False,1,0.040000437344090894,0.01424707388158745,0.0055818343619976228,0.0089335542300037988
10000,0,single,gaussian_matched,0.050000000000000003,519,3,0.050000000000000003,15.607459759174827,>=10%,True,True,4,0.040000437344090894,0.53427800166519512,0.04314031550345919,0.034957641075324321,1.4031230796887901,1.4322533203870389,1.3667084883521698,0.95423656478788488,0.92193842816063998,0.99896163759089529,True,True,False,4>1>2>3,18,0,0,True,1,0.040000437344090894,0.01424707388158745,0.0055818343619976228,0.0089335542300037988
10000,0,single,gaussian_matched,0.050000000000000003,519,4,0.02,15.607459759174827,>=10%,True,False,3,0.025582441467710635,0.48791890381957992,0.023628403601762066,0.029007136734123154,1.4031230796887901,1.4154573228295386,1.3789256913364079,0.97419093398019019,,1.0034278877251508,False,False,False,,-1,,,False,1,0.0074217345291888032,0.0044540336039026063,0.0092419718411084779,0.025582441467710635
10000,0,single,gaussian_matched,0.050000000000000003,519,4,0.050000000000000003,15.607459759174827,>=10%,True,True,4,0.025582441467710635,0.48791890381957992,0.023628403601762066,0.029007136734123154,1.4031230796887901,1.4154573228295386,1.3789256913364079,0.97419093398019019,0.94510384106990697,1.0034278877251508,True,True,False,4>1>2>3,18,0,0,True,1,0.0074217345291888032,0.0044540336039026063,0.0092419718411084779,0.025582441467710635
10000,0,single,gaussian_matched,0.050000000000000003,519,5,0.02,15.607459759174827,>=10%,True,False,2,0.049932891462835145,0.55652662096348937,0.018100766806380418,0.064906239730020701,1.4031230796887901,1.4656132796392656,1.3757411675258533,0.93867951842280473,,1.0267434326398555,False,False,False,,-1,,,False,1,0.049932891462835145,0.02388373912902041,0.00030884213259943852,0.01955349413938753
10000,0,single,gaussian_matched,0.050000000000000003,519,5,0.050000000000000003,15.607459759174827,>=10%,True,True,4,0.049932891462835145,0.55652662096348937,0.018100766806380418,0.064906239730020701,1.4031230796887901,1.4656132796392656,1.3757411675258533,0.93867951842280473,0.90429485423202649,1.0267434326398555,True,True,False,4>1>2>3,18,0,0,True,1,0.049932891462835145,0.02388373912902041,0.00030884213259943852,0.01955349413938753
10000,0,single,gaussian_matched,0.050000000000000003,519,6,0.02,15.607459759174827,>=10%,True,False,3,0.041561886298089712,0.52058977427838538,0.07608429039907337,0.033231446108438485,1.4031230796887901,1.4002177654404728,1.3528509483260538,0.96617182106704769,,0.98785517428871783,False,False,False,,-1,,,False,1,0.041561886298089712,0.010003140695336829,0.011462986259232453,0.01004442924825304
10000,0,single,gaussian_matched,0.050000000000000003,519,6,0.050000000000000003,15.607459759174827,>=10%,True,True,4,0.041561886298089712,0.52058977427838538,0.07608429039907337,0.033231446108438485,1.4031230796887901,1.4002177654404728,1.3528509483260538,0.96617182106704769,0.93579195429889828,0.98785517428871783,True,True,False,4>1>2>3,18,0,0,True,1,0.041561886298089712,0.010003140695336829,0.011462986259232453,0.01004442924825304
10000,0,single,gaussian_matched,0.050000000000000003,519,7,0.02,15.607459759174827,>=10%,True,False,2,0.041780633055282936,0.43697144039106467,0.13244984252623282,0.1037813849347642,1.4031230796887901,1.3001799633970663,1.3211769904150747,1.0161493236391277,,1.0155619246644363,False,False,False,,-1,,,False,1,0.041780633055282936,0.010673289478049281,0.029388840745706087,0.013596417393784425
10000,0,single,gaussian_matched,0.050000000000000003,519,7,0.050000000000000003,15.607459759174827,>=10%,True,True,4,0.041780633055282936,0.43697144039106467,0.13244984252623282,0.1037813849347642,1.4031230796887901,1.3001799633970663,1.3211769904150747,1.0161493236391277,0.99638375619162955,1.0155619246644363,True,True,False,4>1>2>3,18,0,0,True,1,0.041780633055282936,0.010673289478049281,0.029388840745706087,0.013596417393784425
10000,0,single,gaussian_matched,0.050000000000000003,519,8,0.02,15.607459759174827,>=10%,True,False,3,0.028548632827228197,0.4412210657175395,0.036938643023317702,0.06021264120975045,1.4031230796887901,1.3782756489654662,1.3691544396405861,0.99338215883613235,,1.0187039907912907,False,False,False,,-1,,,False,1,0.0079555648882653745,0.0075791639482305721,0.015454485015139447,0.028548632827228197
10000,0,single,gaussian_matched,0.050000000000000003,519,8,0.050000000000000003,15.607459759174827,>=10%,True,True,4,0.028548632827228197,0.4412210657175395,0.036938643023317702,0.06021264120975045,1.4031230796887901,1.3782756489654662,1.3691544396405861,0.99338215883613235,0.96763882628439779,1.0187039907912907,True,True,False,4>1>2>3,18,0,0,True,1,0.0079555648882653745,0.0075791639482305721,0.015454485015139447,0.028548632827228197
10000,0,single,gaussian_matched,0.050000000000000003,519,9,0.02,15.607459759174827,>=10%,True,False,3,0.037100559574694186,0.51258147124093267,0.07600530858800382,0.028888916444611092,1.4031230796887901,1.3941546636879154,1.3534322616397936,0.97079061376131681,,0.98517457099415739,False,False,False,,-1,,,False,1,0.037100559574694186,0.0079083413542746124,0.012251632543828139,0.0094195708024506393
10000,0,single,gaussian_matched,0.050000000000000003,519,9,0.050000000000000003,15.607459759174827,>=10%,True,True,4,0.037100559574694186,0.51258147124093267,0.07600530858800382,0.028888916444611092,1.4031230796887901,1.3941546636879154,1.3534322616397936,0.97079061376131681,0.94103661514755055,0.98517457099415739,True,True,False,4>1>2>3,18,0,0,True,1,0.037100559574694186,0.0079083413542746124,0.012251632543828139,0.0094195708024506393
10000,0,single,gaussian_matched,0.050000000000000003,519,10,0.02,15.607459759174827,>=10%,True,False,2,0.036403776742140764,0.53790942358617289,0.0095864626826116586,0.055410995254911471,1.4031230796887901,1.4585339978938128,1.381707693934616,0.9473263536742117,,1.0242285299079235,False,False,False,,-1,,,False,1,0.036403776742140764,0.019543942414991532,0.0019827534705656349,0.027566146868934244
10000,0,single,gaussian_matched,0.050000000000000003,519,10,0.050000000000000003,15.607459759174827,>=10%,True,True,4,0.036403776742140764,0.53790942358617289,0.0095864626826116586,0.055410995254911471,1.4031230796887901,1.4585339978938128,1.381707693934616,0.9473263536742117,0.91440339891711908,1.0242285299079235,True,True,False,4>1>2>3,18,0,0,True,1,0.036403776742140764,0.019543942414991532,0.0019827534705656349,0.027566146868934244
10000,0,single,gaussian_matched,0.050000000000000003,519,11,0.02,15.607459759174827,>=10%,True,True,4,0.015462379436120463,0.49273535448918632,0.039263065194022027,0.012963673994111651,1.4031230796887901,1.4063086367176858,1.3714634023422891,0.97522219983180569,0.96760715633334204,0.98667543594498064,True,True,False,4>1>2>3,18,0,0,True,1,0.01399631530997914,0.0034027057033295741,0.0099670463087878254,0.015462379436120463
10000,0,single,gaussian_matched,0.050000000000000003,519,11,0.050000000000000003,15.607459759174827,>=10%,True,True,4,0.015462379436120463,0.49273535448918632,0.039263065194022027,0.012963673994111651,1.4031230796887901,1.4063086367176858,1.3714634023422891,0.97522219983180569,0.94600527913423194,0.98667543594498064,True,True,False,4>1>2>3,18,0,0,True,1,0.01399631530997914,0.0034027057033295741,0.0099670463087878254,0.015462379436120463
10000,0,single,gaussian_matched,0.050000000000000003,519,12,0.02,15.607459759174827,>=10%,True,False,1,0.045049356090845663,0.55077027766038722,0.0098732658042697749,0.064713027211896063,1.4031230796887901,1.4672501404405427,1.3800832288808602,0.9405916488557905,,1.0297003000002032,False,False,False,,-1,,,False,1,0.045049356090845663,0.023332988838225807,0.00040736548063355371,0.025041712405702507
10000,0,single,gaussian_matched,0.050000000000000003,519,12,0.050000000000000003,15.607459759174827,>=10%,True,True,4,0.045049356090845663,0.55077027766038722,0.0098732658042697749,0.064713027211896063,1.4031230796887901,1.4672501404405427,1.3800832288808602,0.9405916488557905,0.90663126695859553,1.0297003000002032,True,True,False,4>1>2>3,18,0,0,True,1,0.045049356090845663,0.023332988838225807,0.00040736548063355371,0.025041712405702507
10000,0,single,gaussian_matched,0.050000000000000003,519,13,0.02,15.607459759174827,>=10%,True,False,3,0.066800908684199828,0.4493669580834892,-0.035960273854551014,0.099764089806245154,1.4031230796887901,1.4467287322406128,1.4067958964316591,0.97239784147570785,,1.0737190543341759,False,False,False,,-1,,,False,1,0.015781078749098097,0.014474325905831786,0.011677597630941594,0.066800908684199828
10000,0,single,gaussian_matched,0.050000000000000003,519,13,0.050000000000000003,15.607459759174827,>=10%,True,False,3,0.066800908684199828,0.4493669580834892,-0.035960273854551014,0.099764089806245154,1.4031230796887901,1.4467287322406128,1.4067958964316591,0.97239784147570785,,1.0737190543341759,False,False,False,,-1,,,False,1,0.015781078749098097,0.014474325905831786,0.011677597630941594,0.066800908684199828
10000,0,single,gaussian_matched,0.050000000000000003,519,14,0.02,15.607459759174827,>=10%,True,False,2,0.051389606400995352,0.5060382094712067,0.11491057681076712,0.065190819564756725,1.4031230796887901,1.3651908881974337,1.3353221731307836,0.97812121709507738,,0.99813980182420725,False,False,False,,-1,,,False,1,0.051389606400995352,0.0060017110540829116,0.019229322715633518,0.03534339675039793
10000,0,single,gaussian_matched,0.050000000000000003,519,14,0.050000000000000003,15.607459759174827,>=10%,True,False,3,0.051389606400995352,0.5060382094712067,0.11491057681076712,0.065190819564756725,1.4031230796887901,1.3651908881974337,1.3353221731307836,0.97812121709507738,,0.99813980182420725,False,False,False,,-1,,,False,1,0.051389606400995352,0.0060017110540829116,0.019229322715633518,0.03534339675039793
10000,0,single,gaussian_matched,0.050000000000000003,519,15,0.02,15.607459759174827,>=10%,True,False,1,0.045913063819456541,0.55759351819244862,-0.033854492071391573,0.10172801570037127,1.4031230796887901,1.5040300119213654,1.3999039657691417,0.93076863804120169,,1.0702068857726807,False,False,False,,-1,,,False,1,0.045913063819456541,0.033324222808440072,0.0052941527459557797,0.045813426364957055
10000,0,single,gaussian_matched,0.050000000000000003,519,15,0.050000000000000003,15.607459759174827,>=10%,True,True,4,0.045913063819456541,0.55759351819244862,-0.033854492071391573,0.10172801570037127,1.4031230796887901,1.5040300119213654,1.3999039657691417,0.93076863804120169,0.89630033850507251,1.0702068857726807,True,True,False,4>1>2>3,18,0,0,True,1,0.045913063819456541,0.033324222808440072,0.0052941527459557797,0.045813426364957055
10000,0,single,gaussian_matched,0.050000000000000003,519,16,0.02,15.607459759174827,>=10%,True,False,3,0.028872214794108071,0.47802751477905669,0.092519177624722573,0.047860950394526022,1.4031230796887901,1.3574457781929055,1.3456392956478713,0.99130242788721079,,0.99314184636708625,False,False,False,,-1,,,False,1,0.028872214794108071,0.00069914847077855787,0.01819733954373997,0.013707297415103365
10000,0,single,gaussian_matched,0.050000000000000003,519,16,0.050000000000000003,15.607459759174827,>=10%,True,True,4,0.028872214794108071,0.47802751477905669,0.092519177624722573,0.047860950394526022,1.4031230796887901,1.3574457781929055,1.3456392956478713,0.99130242788721079,0.96490566856910243,0.99314184636708625,True,True,False,4>1>2>3,18,0,0,True,1,0.028872214794108071,0.00069914847077855787,0.01819733954373997,0.013707297415103365
10000,0,single,gaussian_matched,0.050000000000000003,519,17,0.02,15.607459759174827,>=10%,True,False,2,0.059927027276152019,0.49606579473351031,-0.03693319527694304,0.087022171957139682,1.4031230796887901,1.4698969659089449,1.4078639767106487,0.95779772961165566,,1.0653991587105467,False,False,False,,-1,,,False,1,0.0069468281558185451,0.02003443356036036,0.0073002702697122952,0.059927027276152019
10000,0,single,gaussian_matched,0.050000000000000003,519,17,0.050000000000000003,15.607459759174827,>=10%,True,False,3,0.059927027276152019,0.49606579473351031,-0.03693319527694304,0.087022171957139682,1.4031230796887901,1.4698969659089449,1.4078639767106487,0.95779772961165566,,1.0653991587105467,False,False,False,,-1,,,False,1,0.0069468281558185451,0.02003443356036036,0.0073002702697122952,0.059927027276152019
10000,0,single,gaussian_matched,0.050000000000000003,519,18,0.02,15.607459759174827,>=10%,True,False,1,0.064528086156402931,0.48538667827951454,0.15132205450119135,0.10237044446542566,1.4031230796887901,1.3284977776116176,1.3171824307850626,0.99148260010875,,1.0117094471607881,False,False,False,,-1,,,False,1,0.064528086156402931,0.00057378408622771706,0.028404624384400896,0.046855449618369363
10000,0,single,gaussian_matched,0.050000000000000003,519,18,0.050000000000000003,15.607459759174827,>=10%,True,False,3,0.064528086156402931,0.48538667827951454,0.15132205450119135,0.10237044446542566,1.4031230796887901,1.3284977776116176,1.3171824307850626,0.99148260010875,,1.0117094471607881,False,False,False,,-1,,,False,1,0.064528086156402931,0.00057378408622771706,0.028404624384400896,0.046855449618369363
10000,0,single,gaussian_matched,0.050000000000000003,519,19,0.02,15.607459759174827,>=10%,True,True,4,0.016958160405401324,0.47845327187806613,0.039964675792687317,0.023769081276027722,1.4031230796887901,1.3967437579360806,1.3709060328539231,0.98150145655897758,0.97509894820900367,0.99397916998078806,True,True,False,4>1>2>3,18,0,0,True,1,0.0070085925475126725,6.2052205354073544e-05,0.011638157528425251,0.016958160405401324
10000,0,single,gaussian_matched,0.050000000000000003,519,19,0.050000000000000003,15.607459759174827,>=10%,True,True,4,0.016958160405401324,0.47845327187806613,0.039964675792687317,0.023769081276027722,1.4031230796887901,1.3967437579360806,1.3709060328539231,0.98150145655897758,0.9532923470311695,0.99397916998078806,True,True,False,4>1>2>3,18,0,0,True,1,0.0070085925475126725,6.2052205354073544e-05,0.011638157528425251,0.016958160405401324
10000,0,single,gaussian_matched,0.050000000000000003,519,20,0.02,15.607459759174827,>=10%,True,False,2,0.053371203593281125,0.56160861771901716,0.019061218007504068,0.068940771742323756,1.4031230796887901,1.4686663791738936,1.3748424335669418,0.93611622970512431,,1.0289783029080342,False,False,False,,-1,,,False,1,0.053371203593281125,0.025368808996889845,0.00015676101625200991,0.01810528605986764
10000,0,single,gaussian_matched,0.050000000000000003,519,20,0.050000000000000003,15.607459759174827,>=10%,True,False,3,0.053371203593281125,0.56160861771901716,0.019061218007504068,0.068940771742323756,1.4031230796887901,1.4686663791738936,1.3748424335669418,0.93611622970512431,,1.0289783029080342,False,False,False,,-1,,,False,1,0.053371203593281125,0.025368808996889845,0.00015676101625200991,0.01810528605986764
10000,0,single,gaussian_matched,0.050000000000000003,519,21,0.02,15.607459759174827,>=10%,True,False,3,0.032033873406673456,0.52562865325334729,0.032294986007365689,0.031149564813327417,1.4031230796887901,1.4336331004104039,1.3726163427283551,0.95743907024427544,,1.0004581407448838,False,False,False,,-1,,,False,1,0.032033873406673456,0.012805445291170494,0.0053919954238000195,0.016481492114304247
10000,0,single,gaussian_matched,0.050000000000000003,519,21,0.050000000000000003,15.607459759174827,>=10%,True,True,4,0.032033873406673456,0.52562865325334729,0.032294986007365689,0.031149564813327417,1.4031230796887901,1.4336331004104039,1.3726163427283551,0.95743907024427544,0.9256722734948809,1.0004581407448838,True,True,False,4>1>2>3,18,0,0,True,1,0.032033873406673456,0.012805445291170494,0.0053919954238000195,0.016481492114304247
10000,0,single,gaussian_matched,0.050000000000000003,519,22,0.02,15.607459759174827,>=10%,True,True,4,0.019597885210028726,0.49288904865848698,0.056367891513804377,0.0095454529129291466,1.4031230796887901,1.3936167174091736,1.3633461161265883,0.97827910579398014,0.97153922382905522,0.97845412773341445,True,True,False,4>1>2>3,18,0,0,True,1,0.019597885210028726,0.0028944696164906972,0.01175156226641527,0.0047064792071178198
10000,0,single,gaussian_matched,0.050000000000000003,519,22,0.050000000000000003,15.607459759174827,>=10%,True,True,4,0.019597885210028726,0.49288904865848698,0.056367891513804377,0.0095454529129291466,1.4031230796887901,1.3936167174091736,1.3633461161265883,0.97827910579398014,0.94940393231186215,0.97845412773341445,True,True,False,4>1>2>3,18,0,0,True,1,0.019597885210028726,0.0028944696164906972,0.01175156226641527,0.0047064792071178198
10000,0,single,gaussian_matched,0.050000000000000003,519,23,0.02,15.607459759174827,>=10%,True,False,2,0.051370045427166368,0.55715628108754767,0.025107298099087322,0.062341696124555847,1.4031230796887901,1.4612959314505369,1.3725267558270071,0.93925311518836962,,1.0226247951603888,False,False,False,,-1,,,False,1,0.051370045427166368,0.023096933813657388,0.0011047522088688004,0.015646288124008395
10000,0,single,gaussian_matched,0.050000000000000003,519,23,0.050000000000000003,15.607459759174827,>=10%,True,False,3,0.051370045427166368,0.55715628108754767,0.025107298099087322,0.062341696124555847,1.4031230796887901,1.4612959314505369,1.3725267558270071,0.93925311518836962,,1.0226247951603888,False,False,False,,-1,,,False,1,0.051370045427166368,0.023096933813657388,0.0011047522088688004,0.015646288124008395
10000,0,single,gaussian_matched,0.050000000000000003,519,24,0.02,15.607459759174827,>=10%,True,False,2,0.036873384893980808,0.48999426066024449,0.099677287998192171,0.050674922423132124,1.4031230796887901,1.3616100252267909,1.3426752833689801,0.98609385836839958,,0.99303491330294036,False,False,False,,-1,,,False,1,0.036873384893980808,0.0020702003138157342,0.018131860968983032,0.022344519798683151
10000,0,single,gaussian_matched,0.050000000000000003,519,24,0.050000000000000003,15.607459759174827,>=10%,True,True,4,0.036873384893980808,0.48999426066024449,0.099677287998192171,0.050674922423132124,1.4031230796887901,1.3616100252267909,1.3426752833689801,0.98609385836839958,0.95918934779656606,0.99303491330294036,True,True,False,4>1>2>3,18,0,0,True,1,0.036873384893980808,0.0020702003138157342,0.018131860968983032,0.022344519798683151
10000,0,single,gaussian_matched,0.050000000000000003,519,25,0.02,15.607459759174827,>=10%,True,False,3,0.031232266922402826,0.44122214114348429,0.031800091551428086,0.061531076370342178,1.4031230796887901,1.3827212919406209,1.3717228349617547,0.99204578895040374,,1.0214741187565597,False,False,False,,-1,,,False,1,0.010190678973763368,0.005942506897910386,0.015026248644609498,0.031232266922402826
10000,0,single,gaussian_matched,0.050000000000000003,519,25,0.050000000000000003,15.607459759174827,>=10%,True,True,4,0.031232266922402826,0.44122214114348429,0.031800091551428086,0.061531076370342178,1.4031230796887901,1.3827212919406209,1.3717228349617547,0.99204578895040374,0.96620465664240685,1.0214741187565597,True,True,False,4>1>2>3,18,0,0,True,1,0.010190678973763368,0.005942506897910386,0.015026248644609498,0.031232266922402826
10000,0,single,gaussian_matched,0.050000000000000003,519,26,0.02,15.607459759174827,>=10%,True,False,3,0.027437842256567924,0.46448609580641392,0.027094302411621446,0.042260009146727145,1.4031230796887901,1.3989865999220505,1.3763355001067943,0.98380892296143629,,1.011027136385044,False,False,False,,-1,,,False,1,0.0034565847167621786,0.0011760228215040081,0.012125390533876892,0.027437842256567924
10000,0,single,gaussian_matched,0.050000000000000003,519,26,0.050000000000000003,15.607459759174827,>=10%,True,True,4,0.027437842256567924,0.46448609580641392,0.027094302411621446,0.042260009146727145,1.4031230796887901,1.3989865999220505,1.3763355001067943,0.98380892296143629,0.956343773417481,1.011027136385044,True,True,False,4>1>2>3,18,0,0,True,1,0.0034565847167621786,0.0011760228215040081,0.012125390533876892,0.027437842256567924
10000,0,single,gaussian_matched,0.050000000000000003,519,27,0.02,15.607459759174827,>=10%,True,False,3,0.027821317294369381,0.46200618769969465,0.027388024855505583,0.044213472981050328,1.4031230796887901,1.3973707863573495,1.3760037457134064,0.98470911167418751,,1.0121829219782046,False,False,False,,-1,,,False,1,0.0044574413693802186,0.001711691805353899,0.012419520166419092,0.027821317294369381
10000,0,single,gaussian_matched,0.050000000000000003,519,27,0.050000000000000003,15.607459759174827,>=10%,True,True,4,0.027821317294369381,0.46200618769969465,0.027388024855505583,0.044213472981050328,1.4031230796887901,1.3973707863573495,1.3760037457134064,0.98470911167418751,0.95741271200108191,1.0121829219782046,True,True,False,4>1>2>3,18,0,0,True,1,0.0044574413693802186,0.001711691805353899,0.012419520166419092,0.027821317294369381
10000,0,single,gaussian_matched,0.050000000000000003,519,28,0.02,15.607459759174827,>=10%,True,False,3,0.044642464813535968,0.51800496905985971,0.087650061843152285,0.041733752139481745,1.4031230796887901,1.3909534408090287,1.3476612048376146,0.96887585543752364,,0.99021602387529783,False,False,False,,-1,,,False,1,0.044642464813535968,0.0093713740805552639,0.013481522450553092,0.017412052212684607
10000,0,single,gaussian_matched,0.050000000000000003,519,28,0.050000000000000003,15.607459759174827,>=10%,True,True,4,0.044642464813535968,0.51800496905985971,0.087650061843152285,0.041733752139481745,1.4031230796887901,1.3909534408090287,1.3476612048376146,0.96887585543752364,0.9391624962024383,0.99021602387529783,True,True,False,4>1>2>3,18,0,0,True,1,0.044642464813535968,0.0093713740805552639,0.013481522450553092,0.017412052212684607
10000,0,single,gaussian_matched,0.050000000000000003,519,29,0.02,15.607459759174827,>=10%,True,False,2,0.063155390123571339,0.54700669798942991,0.094114660687861784,0.064464974548002818,1.4031230796887901,1.4108131659329723,1.3428985484096236,0.95186136678953037,,1.0030221463321498,False,False,False,,-1,,,False,1,0.063155390123571339,0.017267248773245914,0.011835444362779996,0.024103180198902955
10000,0,single,gaussian_matched,0.050000000000000003,519,29,0.050000000000000003,15.607459759174827,>=10%,True,False,3,0.063155390123571339,0.54700669798942991,0.094114660687861784,0.064464974548002818,1.4031230796887901,1.4108131659329723,1.3428985484096236,0.95186136678953037,,1.0030221463321498,False,False,False,,-1,,,False,1,0.063155390123571339,0.017267248773245914,0.011835444362779996,0.024103180198902955
10000,0,single,gaussian_matched,0.050000000000000003,519,30,0.02,15.607459759174827,>=10%,True,False,3,0.05218537973122199,0.46518979996284615,-0.015643013014293342,0.074301784529184428,1.4031230796887901,1.435815025812722,1.3973955639931097,0.97324205337810454,,1.0488725970131669,False,False,False,,-1,,,False,1,0.0085689907613792325,0.010630919738548791,0.010199177192344148,0.05218537973122199
10000,0,single,gaussian_matched,0.050000000000000003,519,30,0.050000000000000003,15.607459759174827,>=10%,True,False,3,0.05218537973122199,0.46518979996284615,-0.015643013014293342,0.074301784529184428,1.4031230796887901,1.435815025812722,1.3973955639931097,0.97324205337810454,,1.0488725970131669,False,False,False,,-1,,,False,1,0.0085689907613792325,0.010630919738548791,0.010199177192344148,0.05218537973122199
10000,0,single,gaussian_matched,0.050000000000000003,519,31,0.02,15.607459759174827,>=10%,True,False,3,0.038351906988659847,0.45547628082647779,0.011823372502938155,0.058649948474760724,1.4031230796887901,1.4071517138726926,1.383137386607141,0.9829340880384102,,1.0275558544740688,False,False,False,,-1,,,False,1,0.011431266118215853,0.0017804572724578909,0.012145529647967423,0.038351906988659847
10000,0,single,gaussian_matched,0.050000000000000003,519,31,0.050000000000000003,15.607459759174827,>=10%,True,True,4,0.038351906988659847,0.45547628082647779,0.011823372502938155,0.058649948474760724,1.4031230796887901,1.4071517138726926,1.383137386607141,0.9829340880384102,0.95589980489119974,1.0275558544740688,True,True,False,4>1>2>3,18,0,0,True,1,0.011431266118215853,0.0017804572724578909,0.012145529647967423,0.038351906988659847
