budget,seed,mode,init_name,init_sigma,layout_index,draw_id,tolerance,gap_percent,gap_bin,numeric_valid,success,visited_count,worst_distance,initial_x,initial_y,initial_offset,optimal_nominal,optimal_sampled_start,path_length,path_length_ratio_sampled_start,completion_length_ratio_sampled_start,path_plus_connector_ratio_nominal,success_with_connector,order_evaluable,order_ambiguous,actual_order,order_class,order_excess_nominal_percent,order_excess_sampled_start_percent,success_nearopt_order,available_nearopt_center_orders,target_1_distance,target_2_distance,target_3_distance,target_4_distance
10000,0,single,gaussian_matched,0.050000000000000003,192,0,0.02,3.1210017555418479,1-<5%,True,False,2,0.035450684789551629,0.55268682405931469,0.030602862965681536,0.056144014414586614,0.99070353400694677,0.99449697805025294,1.0158472521300503,1.0214684152400899,,1.0820505123353281,False,False,False,,-1,,,False,2,0.035450684789551629,0.016128435135741057,0.020907426014868075,0.019272540358997736
10000,0,single,gaussian_matched,0.050000000000000003,192,0,0.050000000000000003,3.1210017555418479,1-<5%,True,True,4,0.035450684789551629,0.55268682405931469,0.030602862965681536,0.056144014414586614,0.99070353400694677,0.99449697805025294,1.0158472521300503,1.0214684152400899,1.0033257786803866,1.0820505123353281,True,True,False,3>2>4>1,15,0,0,True,2,0.035450684789551629,0.016128435135741057,0.020907426014868075,0.019272540358997736
10000,0,single,gaussian_matched,0.050000000000000003,192,1,0.02,3.1210017555418479,1-<5%,True,False,3,0.02417952231004256,0.51644068289675449,0.061308087006567771,0.019954169635936804,0.99070353400694677,0.97385584673724679,0.99145636344870702,1.0180730205301205,,1.0209013073708808,False,False,False,,-1,,,False,2,0.02417952231004256,0.0060977747937654521,0.010486881003066235,0.010175784357934621
10000,0,single,gaussian_matched,0.050000000000000003,192,1,0.050000000000000003,3.1210017555418479,1-<5%,True,True,4,0.02417952231004256,0.51644068289675449,0.061308087006567771,0.019954169635936804,0.99070353400694677,0.97385584673724679,0.99145636344870702,1.0180730205301205,0.98898472670567827,1.0209013073708808,True,True,False,3>2>4>1,15,0,0,True,2,0.02417952231004256,0.0060977747937654521,0.010486881003066235,0.010175784357934621
10000,0,single,gaussian_matched,0.050000000000000003,192,2,0.02,3.1210017555418479,1-<5%,True,False,1,0.048733347603879047,0.47078633708523865,-0.016456482010911183,0.072594091372258834,0.99070353400694677,1.0632898102218684,0.99466896891182399,0.93546365191280645,,1.0772779379997641,False,False,False,,-1,,,False,2,0.045762050172759666,0.014614046121801168,0.022579135547658405,0.048733347603879047
10000,0,single,gaussian_matched,0.050000000000000003,192,2,0.050000000000000003,3.1210017555418479,1-<5%,True,True,4,0.048733347603879047,0.47078633708523865,-0.016456482010911183,0.072594091372258834,0.99070353400694677,1.0632898102218684,0.99466896891182399,0.93546365191280645,0.92922191555106826,1.0772779379997641,True,True,False,3>2>4>1,15,0,0,True,2,0.045762050172759666,0.014614046121801168,0.022579135547658405,0.048733347603879047
10000,0,single,gaussian_matched,0.050000000000000003,192,3,0.02,3.1210017555418479,1-<5%,True,False,0,0.087550562760052991,0.42907801079550406,0.039979847541429664,0.071626335994630017,0.99070353400694677,1.0372179960631662,0.94301019033203715,0.90917260779440634,,1.0241575723697305,False,False,False,,-1,,,False,2,0.046497888456284109,0.036791578287252984,0.05834922171145971,0.087550562760052991
10000,0,single,gaussian_matched,0.050000000000000003,192,3,0.050000000000000003,3.1210017555418479,1-<5%,True,False,2,0.087550562760052991,0.42907801079550406,0.039979847541429664,0.071626335994630017,0.99070353400694677,1.0372179960631662,0.94301019033203715,0.90917260779440634,,1.0241575723697305,False,False,False,,-1,,,False,2,0.046497888456284109,0.036791578287252984,0.05834922171145971,0.087550562760052991
10000,0,single,gaussian_matched,0.050000000000000003,192,4,0.02,3.1210017555418479,1-<5%,True,False,2,0.055061084524803128,0.51843851709833488,-0.10330995609086747,0.15441477115020213,0.99070353400694677,1.1322300906405751,1.0643913544878152,0.94008396640087599,,1.2302430382058889,False,False,False,,-1,,,False,2,0.055061084524803128,0.018242613056839749,0.016996246061810431,0.033713053405000415
10000,0,single,gaussian_matched,0.050000000000000003,192,4,0.050000000000000003,3.1210017555418479,1-<5%,True,False,3,0.055061084524803128,0.51843851709833488,-0.10330995609086747,0.15441477115020213,0.99070353400694677,1.1322300906405751,1.0643913544878152,0.94008396640087599,,1.2302430382058889,False,False,False,,-1,,,False,2,0.055061084524803128,0.018242613056839749,0.016996246061810431,0.033713053405000415
10000,0,single,gaussian_matched,0.050000000000000003,192,5,0.02,3.1210017555418479,1-<5%,True,False,2,0.05560032564062159,0.46399186693764644,0.10334622441138652,0.06436152037969714,0.99070353400694677,0.96661495256671726,0.94624249962778473,0.97892392116960725,,1.0200872262159464,False,False,False,,-1,,,False,2,0.011000703881729792,0.033990809041382596,0.05560032564062159,0.013880502905326792
10000,0,single,gaussian_matched,0.050000000000000003,192,5,0.050000000000000003,3.1210017555418479,1-<5%,True,False,3,0.05560032564062159,0.46399186693764644,0.10334622441138652,0.06436152037969714,0.99070353400694677,0.96661495256671726,0.94624249962778473,0.97892392116960725,,1.0200872262159464,False,False,False,,-1,,,False,2,0.011000703881729792,0.033990809041382596,0.05560032564062159,0.013880502905326792
10000,0,single,gaussian_matched,0.050000000000000003,192,6,0.02,3.1210017555418479,1-<5%,True,False,2,0.042737639777976198,0.53931558919959754,0.10417987161865795,0.066941571857297821,0.99070353400694677,0.92572518273256466,0.97003536156395165,1.0478653704770047,,1.0467076151703505,False,False,False,,-1,,,False,2,0.042737639777976198,0.00043700967794491665,0.0045315346970931569,0.023736167164652631
10000,0,single,gaussian_matched,0.050000000000000003,192,6,0.050000000000000003,3.1210017555418479,1-<5%,True,True,4,0.042737639777976198,0.53931558919959754,0.10417987161865795,0.066941571857297821,0.99070353400694677,0.92572518273256466,0.97003536156395165,1.0478653704770047,1.0311081912305471,1.0467076151703505,True,True,False,3>2>4>1,15,0,0,True,2,0.042737639777976198,0.00043700967794491665,0.0045315346970931569,0.023736167164652631
10000,0,single,gaussian_matched,0.050000000000000003,192,7,0.02,3.1210017555418479,1-<5%,True,False,0,0.1194505670745547,0.40909514064779645,0.088724428350726553,0.098809285013780279,0.99070353400694677,1.017226070086271,0.91429049124557316,0.89880756906675829,,1.022606401898885,False,False,False,,-1,,,False,2,0.055274333946625349,0.050304778922072843,0.082590759129896552,0.1194505670745547
10000,0,single,gaussian_matched,0.050000000000000003,192,7,0.050000000000000003,3.1210017555418479,1-<5%,True,False,0,0.1194505670745547,0.40909514064779645,0.088724428350726553,0.098809285013780279,0.99070353400694677,1.017226070086271,0.91429049124557316,0.89880756906675829,,1.022606401898885,False,False,False,,-1,,,False,2,0.055274333946625349,0.050304778922072843,0.082590759129896552,0.1194505670745547
10000,0,single,gaussian_matched,0.050000000000000003,192,8,0.02,3.1210017555418479,1-<5%,True,False,0,0.078448804289845159,0.60901443668105404,0.097818477521897942,0.11904097696759633,0.99070353400694677,0.92867318901522733,0.98428894713376525,1.0598873304154643,,1.1136832424922238,False,False,False,,-1,,,False,2,0.078448804289845159,0.038149882832049883,0.047171996669175799,0.045041521801918338
10000,0,single,gaussian_matched,0.050000000000000003,192,8,0.050000000000000003,3.1210017555418479,1-<5%,True,False,3,0.078448804289845159,0.60901443668105404,0.097818477521897942,0.11904097696759633,0.99070353400694677,0.92867318901522733,0.98428894713376525,1.0598873304154643,,1.1136832424922238,False,False,False,,-1,,,False,2,0.078448804289845159,0.038149882832049883,0.047171996669175799,0.045041521801918338
10000,0,single,gaussian_matched,0.050000000000000003,192,9,0.02,3.1210017555418479,1-<5%,True,False,2,0.036152288002818875,0.53196837362046467,0.09135336125783737,0.05226927777632695,0.99070353400694677,0.94026256381960072,0.97679305248550741,1.0388513698955639,,1.0387187437393544,False,False,False,,-1,,,False,2,0.036152288002818875,0.0026429361791667221,0.0067583491132987552,0.023615710314801284
10000,0,single,gaussian_matched,0.050000000000000003,192,9,0.050000000000000003,3.1210017555418479,1-<5%,True,True,4,0.036152288002818875,0.53196837362046467,0.09135336125783737,0.05226927777632695,0.99070353400694677,0.94026256381960072,0.97679305248550741,1.0388513698955639,1.015225606812074,1.0387187437393544,True,True,False,3>2>4>1,15,0,0,True,2,0.036152288002818875,0.0026429361791667221,0.0067583491132987552,0.023615710314801284
10000,0,single,gaussian_matched,0.050000000000000003,192,10,0.02,3.1210017555418479,1-<5%,True,False,3,0.023160014722798349,0.49659120880083402,0.036566694126986279,0.013859060722771094,0.99070353400694677,1.0043469666471645,0.99669086748405411,0.99237703760019413,,1.0200326268339921,False,False,False,,-1,,,False,2,0.023160014722798349,0.010985227153162426,0.016209960585224937,0.0069517387928108784
10000,0,single,gaussian_matched,0.050000000000000003,192,10,0.050000000000000003,3.1210017555418479,1-<5%,True,True,4,0.023160014722798349,0.49659120880083402,0.036566694126986279,0.013859060722771094,0.99070353400694677,1.0043469666471645,0.99669086748405411,0.99237703760019413,0.96530229962232861,1.0200326268339921,True,True,False,3>2>4>1,15,0,0,True,2,0.023160014722798349,0.010985227153162426,0.016209960585224937,0.0069517387928108784
10000,0,single,gaussian_matched,0.050000000000000003,192,11,0.02,3.1210017555418479,1-<5%,True,False,3,0.026482588360378832,0.52117691829809298,0.06559661135639358,0.026300497227362274,0.99070353400694677,0.96816078403312156,0.99002608851957097,1.0225843732229722,,1.0258634908026953,False,False,False,,-1,,,False,2,0.026482588360378832,0.0045189592250172925,0.0089962251369142144,0.013455867666494519
10000,0,single,gaussian_matched,0.050000000000000003,192,11,0.050000000000000003,3.1210017555418479,1-<5%,True,True,4,0.026482588360378832,0.52117691829809298,0.06559661135639358,0.026300497227362274,0.99070353400694677,0.96816078403312156,0.99002608851957097,1.0225843732229722,0.99435928126842255,1.0258634908026953,True,True,False,3>2>4>1,15,0,0,True,2,0.026482588360378832,0.0045189592250172925,0.0089962251369142144,0.013455867666494519
10000,0,single,gaussian_matched,0.050000000000000003,192,12,0.02,3.1210017555418479,1-<5%,True,False,3,0.025269320614161525,0.49162283945408136,0.030941204570253258,0.020818609512766009,0.99070353400694677,1.0115193420816369,0.99603545743077593,0.98469244827390434,,1.0263959217252694,False,False,False,,-1,,,False,2,0.025269320614161525,0.012210163056769283,0.018053843970544308,0.011816034133994228
10000,0,single,gaussian_matched,0.050000000000000003,192,12,0.050000000000000003,3.1210017555418479,1-<5%,True,True,4,0.025269320614161525,0.49162283945408136,0.030941204570253258,0.020818609512766009,0.99070353400694677,1.0115193420816369,0.99603545743077593,0.98469244827390434,0.95914876627315571,1.0263959217252694,True,True,False,3>2>4>1,15,0,0,True,2,0.025269320614161525,0.012210163056769283,0.018053843970544308,0.011816034133994228
10000,0,single,gaussian_matched,0.050000000000000003,192,13,0.02,3.1210017555418479,1-<5%,True,False,3,0.026571775741403778,0.51950956296332484,0.071750680160237029,0.029218404036717428,0.99070353400694677,0.96301555434969011,0.98628681404596352,1.0241649883962551,,1.0250344156696631,False,False,False,,-1,,,False,2,0.026571775741403778,0.0061361899268132713,0.011674205718326247,0.014211876521190976
10000,0,single,gaussian_matched,0.050000000000000003,192,13,0.050000000000000003,3.1210017555418479,1-<5%,True,True,4,0.026571775741403778,0.51950956296332484,0.071750680160237029,0.029218404036717428,0.99070353400694677,0.96301555434969011,0.98628681404596352,1.0241649883962551,0.99522881866061552,1.0250344156696631,True,True,False,3>2>4>1,15,0,0,True,2,0.026571775741403778,0.0061361899268132713,0.011674205718326247,0.014211876521190976
10000,0,single,gaussian_matched,0.050000000000000003,192,14,0.02,3.1210017555418479,1-<5%,True,False,0,0.067189640304266551,0.44344360085518214,0.10270406870372584,0.077306824680328234,0.99070353400694677,0.98189992485000877,0.91766927907008822,0.93458534403113214,,1.0043126622615235,False,False,False,,-1,,,False,2,0.029876170386178902,0.041240864596285384,0.067189640304266551,0.053745377015644004
10000,0,single,gaussian_matched,0.050000000000000003,192,14,0.050000000000000003,3.1210017555418479,1-<5%,True,False,2,0.067189640304266551,0.44344360085518214,0.10270406870372584,0.077306824680328234,0.99070353400694677,0.98189992485000877,0.91766927907008822,0.93458534403113214,,1.0043126622615235,False,False,False,,-1,,,False,2,0.029876170386178902,0.041240864596285384,0.067189640304266551,0.053745377015644004
10000,0,single,gaussian_matched,0.050000000000000003,192,15,0.02,3.1210017555418479,1-<5%,True,False,0,0.082446908977098415,0.43488937242556114,0.011529384510904184,0.0756265963748676,0.99070353400694677,1.056507354059927,0.96161961471790025,0.91018733662629614,,1.0469794196630924,False,False,False,,-1,,,False,2,0.047450682585185554,0.030908879829345173,0.049529767205450409,0.082446908977098415
10000,0,single,gaussian_matched,0.050000000000000003,192,15,0.050000000000000003,3.1210017555418479,1-<5%,True,False,3,0.082446908977098415,0.43488937242556114,0.011529384510904184,0.0756265963748676,0.99070353400694677,1.056507354059927,0.96161961471790025,0.91018733662629614,,1.0469794196630924,False,False,False,,-1,,,False,2,0.047450682585185554,0.030908879829345173,0.049529767205450409,0.082446908977098415
10000,0,single,gaussian_matched,0.050000000000000003,192,16,0.02,3.1210017555418479,1-<5%,True,False,3,0.026660129643922212,0.51560810367366527,0.013398624447180603,0.039790370602023915,0.99070353400694677,1.0194101645859965,1.0155104286869441,0.99617451734882767,,1.0652034267211652,False,False,False,,-1,,,False,2,0.026660129643922212,0.00074737951199521006,0.00061593741445150534,0.0023736881403303555
10000,0,single,gaussian_matched,0.050000000000000003,192,16,0.050000000000000003,3.1210017555418479,1-<5%,True,True,4,0.026660129643922212,0.51560810367366527,0.013398624447180603,0.039790370602023915,0.99070353400694677,1.0194101645859965,1.0155104286869441,0.99617451734882767,0.9732548986819447,1.0652034267211652,True,True,False,3>2>4>1,15,0,0,True,2,0.026660129643922212,0.00074737951199521006,0.00061593741445150534,0.0023736881403303555
10000,0,single,gaussian_matched,0.050000000000000003,192,17,0.02,3.1210017555418479,1-<5%,True,False,0,0.092038787718669565,0.64410370052232513,-0.022296971693637618,0.16122260579800404,0.99070353400694677,1.0537042155137175,1.073565696129906,1.0188491991621249,,1.2463751864634529,False,False,False,,-1,,,False,2,0.077248420897024675,0.076808126907231503,0.092038787718669565,0.05457426469170832
10000,0,single,gaussian_matched,0.050000000000000003,192,17,0.050000000000000003,3.1210017555418479,1-<5%,True,False,0,0.092038787718669565,0.64410370052232513,-0.022296971693637618,0.16122260579800404,0.99070353400694677,1.0537042155137175,1.073565696129906,1.0188491991621249,,1.2463751864634529,False,False,False,,-1,,,False,2,0.077248420897024675,0.076808126907231503,0.092038787718669565,0.05457426469170832
10000,0,single,gaussian_matched,0.050000000000000003,192,18,0.02,3.1210017555418479,1-<5%,True,False,0,0.10537885610031494,0.41432131468406125,0.02807429491907211,0.088439661129854436,0.99070353400694677,1.0558127896347296,0.95409666677470839,0.90366083470611203,,1.0523191773506406,False,False,False,,-1,,,False,2,0.052781107788309078,0.039486528211492566,0.065266861540024021,0.10537885610031494
10000,0,single,gaussian_matched,0.050000000000000003,192,18,0.050000000000000003,3.1210017555418479,1-<5%,True,False,1,0.10537885610031494,0.41432131468406125,0.02807429491907211,0.088439661129854436,0.99070353400694677,1.0558127896347296,0.95409666677470839,0.90366083470611203,,1.0523191773506406,False,False,False,,-1,,,False,2,0.052781107788309078,0.039486528211492566,0.065266861540024021,0.10537885610031494
10000,0,single,gaussian_matched,0.050000000000000003,192,19,0.02,3.1210017555418479,1-<5%,True,False,0,0.052198228100849266,0.46262581002510822,0.0017066772794168614,0.06106615343767522,0.99070353400694677,1.0505771252451697,0.98003434630801201,0.93285330772769748,,1.050869875809272,False,False,False,,-1,,,False,2,0.04404498992564599,0.020082923805234104,0.030486823997476615,0.052198228100849266
10000,0,single,gaussian_matched,0.050000000000000003,192,19,0.050000000000000003,3.1210017555418479,1-<5%,True,False,3,0.052198228100849266,0.46262581002510822,0.0017066772794168614,0.06106615343767522,0.99070353400694677,1.0505771252451697,0.98003434630801201,0.93285330772769748,,1.050869875809272,False,False,False,,-1,,,False,2,0.04404498992564599,0.020082923805234104,0.030486823997476615,0.052198228100849266
10000,0,single,gaussian_matched,0.050000000000000003,192,20,0.02,3.1210017555418479,1-<5%,True,False,2,0.034510924335637967,0.53906991877040056,0.065483228794051163,0.042026050571218714,0.99070353400694677,0.96289857395741119,0.99289291076470954,1.0311500480097553,,1.0446303316897942,False,False,False,,-1,,,False,2,0.034510924335637967,0.004119277313666991,0.0026275238932975831,0.021292302004073206
10000,0,single,gaussian_matched,0.050000000000000003,192,20,0.050000000000000003,3.1210017555418479,1-<5%,True,True,4,0.034510924335637967,0.53906991877040056,0.065483228794051163,0.042026050571218714,0.99070353400694677,0.96289857395741119,0.99289291076470954,1.0311500480097553,1.0090511906107065,1.0446303316897942,True,True,False,3>2>4>1,15,0,0,True,2,0.034510924335637967,0.004119277313666991,0.0026275238932975831,0.021292302004073206
10000,0,single,gaussian_matched,0.050000000000000003,192,21,0.02,3.1210017555418479,1-<5%,True,False,3,0.020708253080456346,0.50571342227594518,0.063016790774417242,0.014215485787275097,0.99070353400694677,0.9764904786839026,0.98790198136131036,1.0116862405998961,,1.0115210380803574,False,False,False,,-1,,,False,2,0.020708253080456346,0.011117554316007033,0.01740899405819301,0.0052877877376447287
10000,0,single,gaussian_matched,0.050000000000000003,192,21,0.050000000000000003,3.1210017555418479,1-<5%,True,True,4,0.020708253080456346,0.50571342227594518,0.063016790774417242,0.014215485787275097,0.99070353400694677,0.9764904786839026,0.98790198136131036,1.0116862405998961,0.98056704432879827,1.0115210380803574,True,True,False,3>2>4>1,15,0,0,True,2,0.020708253080456346,0.011117554316007033,0.01740899405819301,0.0052877877376447287
10000,0,single,gaussian_matched,0.050000000000000003,192,22,0.02,3.1210017555418479,1-<5%,True,False,0,0.054227294853888254,0.5847103048346568,0.042265848792527962,0.085062640683678054,0.99070353400694677,0.9809793292814124,1.014928067336317,1.0346069861428913,,1.1103126922047317,False,False,False,,-1,,,False,2,0.054227294853888254,0.031717991844760346,0.038520357963602959,0.03701933196657381
10000,0,single,gaussian_matched,0.050000000000000003,192,22,0.050000000000000003,3.1210017555418479,1-<5%,True,False,3,0.054227294853888254,0.5847103048346568,0.042265848792527962,0.085062640683678054,0.99070353400694677,0.9809793292814124,1.014928067336317,1.0346069861428913,,1.1103126922047317,False,False,False,,-1,,,False,2,0.054227294853888254,0.031717991844760346,0.038520357963602959,0.03701933196657381
10000,0,single,gaussian_matched,0.050000000000000003,192,23,0.02,3.1210017555418479,1-<5%,True,False,2,0.035596085885573649,0.49113269097885842,0.095687154544569664,0.04653971701306113,0.99070353400694677,0.95529494936009696,0.96646154457313604,1.0116891596888677,,1.0225069627934669,False,False,False,,-1,,,False,2,0.016305066015147571,0.021954422692216646,0.035596085885573649,0.0057064144111809538
10000,0,single,gaussian_matched,0.050000000000000003,192,23,0.050000000000000003,3.1210017555418479,1-<5%,True,True,4,0.035596085885573649,0.49113269097885842,0.095687154544569664,0.04653971701306113,0.99070353400694677,0.95529494936009696,0.96646154457313604,1.0116891596888677,0.97370414367170111,1.0225069627934669,True,True,False,3>2>4>1,15,0,0,True,2,0.016305066015147571,0.021954422692216646,0.035596085885573649,0.0057064144111809538
10000,0,single,gaussian_matched,0.050000000000000003,192,24,0.02,3.1210017555418479,1-<5%,True,False,3,0.028367381141089151,0.52306319536505386,0.0028270096404491712,0.052509065883035069,0.99070353400694677,1.0275669103514136,1.0233906503986789,0.99593577808835199,,1.085995637797099,False,False,False,,-1,,,False,2,0.028367381141089151,0.0057901107557498024,0.0074114881730084113,0.0012039842682849307
10000,0,single,gaussian_matched,0.050000000000000003,192,24,0.050000000000000003,3.1210017555418479,1-<5%,True,True,4,0.028367381141089151,0.52306319536505386,0.0028270096404491712,0.052509065883035069,0.99070353400694677,1.0275669103514136,1.0233906503986789,0.99593577808835199,0.97487877133590128,1.085995637797099,True,True,False,3>2>4>1,15,0,0,True,2,0.028367381141089151,0.0057901107557498024,0.0074114881730084113,0.0012039842682849307
10000,0,single,gaussian_matched,0.050000000000000003,192,25,0.02,3.1210017555418479,1-<5%,True,False,2,0.037077598630539825,0.47994097085735221,0.076667479534335975,0.033369433840864327,0.99070353400694677,0.97730914618479836,0.97049760685456121,0.99303031250978469,,1.0132870291026805,False,False,False,,-1,,,False,2,0.015494581141231079,0.023770457140955891,0.037077598630539825,0.0067746505153359051
10000,0,single,gaussian_matched,0.050000000000000003,192,25,0.050000000000000003,3.1210017555418479,1-<5%,True,True,4,0.037077598630539825,0.47994097085735221,0.076667479534335975,0.033369433840864327,0.99070353400694677,0.97730914618479836,0.97049760685456121,0.99303031250978469,0.95743200141310403,1.0132870291026805,True,True,False,3>2>4>1,15,0,0,True,2,0.015494581141231079,0.023770457140955891,0.037077598630539825,0.0067746505153359051
10000,0,single,gaussian_matched,0.050000000000000003,192,26,0.02,3.1210017555418479,1-<5%,True,False,0,0.050831844774952777,0.58010388383875611,0.038256187850004397,0.080960171256410501,0.99070353400694677,0.98492694008524817,1.0164689434039573,1.0320247137477823,,1.107727061618287,False,False,False,,-1,,,False,2,0.050831844774952777,0.029758360424351336,0.036531475288336647,0.033931547460755197
10000,0,single,gaussian_matched,0.050000000000000003,192,26,0.050000000000000003,3.1210017555418479,1-<5%,True,False,3,0.050831844774952777,0.58010388383875611,0.038256187850004397,0.080960171256410501,0.99070353400694677,0.98492694008524817,1.0164689434039573,1.0320247137477823,,1.107727061618287,False,False,False,,-1,,,False,2,0.050831844774952777,0.029758360424351336,0.036531475288336647,0.033931547460755197
10000,0,single,gaussian_matched,0.050000000000000003,192,27,0.02,3.1210017555418479,1-<5%,True,False,3,0.027797728774100968,0.48830497399020073,0.062706569530731004,0.017269352698036568,0.99070353400694677,0.98473801347685919,0.98129461376800309,0.99650323267536067,,1.0079341924090055,False,False,False,,-1,,,False,2,0.01817698981600472,0.018336834838350736,0.027797728774100968,0.0048788076963476633
10000,0,single,gaussian_matched,0.050000000000000003,192,27,0.050000000000000003,3.1210017555418479,1-<5%,True,True,4,0.027797728774100968,0.48830497399020073,0.062706569530731004,0.017269352698036568,0.99070353400694677,0.98473801347685919,0.98129461376800309,0.99650323267536067,0.96408791116191761,1.0079341924090055,True,True,False,3>2>4>1,15,0,0,True,2,0.01817698981600472,0.018336834838350736,0.027797728774100968,0.0048788076963476633
10000,0,single,gaussian_matched,0.050000000000000003,192,28,0.02,3.1210017555418479,1-<5%,True,False,3,0.033367450554798402,0.50167685853154609,-0.0076459734619624825,0.05767035729828715,0.99070353400694677,1.0437151148403581,1.0167811027684637,0.9741940959856521,,1.0845337915784772,False,False,False,,-1,,,False,2,0.033367450554798402,0.0028565607591131414,0.0043474676349365936,0.016305027136533631
10000,0,single,gaussian_matched,0.050000000000000003,192,28,0.050000000000000003,3.1210017555418479,1-<5%,True,True,4,0.033367450554798402,0.50167685853154609,-0.0076459734619624825,0.05767035729828715,0.99070353400694677,1.0437151148403581,1.0167811027684637,0.9741940959856521,0.95688794090562734,1.0845337915784772,True,True,False,3>2>4>1,15,0,0,True,2,0.033367450554798402,0.0028565607591131414,0.0043474676349365936,0.016305027136533631
10000,0,single,gaussian_matched,0.050000000000000003,192,29,0.02,3.1210017555418479,1-<5%,True,False,3,0.029191389268264593,0.53393476128867867,0.043695592915276665,0.034515410651034042,0.99070353400694677,0.98527866313934132,1.0047227078858172,1.0197345639095872,,1.0489900185715542,False,False,False,,-1,,,False,2,0.029191389268264593,0.0046913319933034308,0.005623119526878731,0.013890466736630157
10000,0,single,gaussian_matched,0.050000000000000003,192,29,0.050000000000000003,3.1210017555418479,1-<5%,True,True,4,0.029191389268264593,0.53393476128867867,0.043695592915276665,0.034515410651034042,0.99070353400694677,0.98527866313934132,1.0047227078858172,1.0197345639095872,0.99566203040529377,1.0489900185715542,True,True,False,3>2>4>1,15,0,0,True,2,0.029191389268264593,0.0046913319933034308,0.005623119526878731,0.013890466736630157
10000,0,single,gaussian_matched,0.050000000000000003,192,30,0.02,3.1210017555418479,1-<5%,True,False,1,0.043393871718836352,0.47316575922864262,-0.0092144083585615627,0.065010942425330717,0.99070353400694677,1.0557136286920792,0.99382885267482179,0.94138109584326735,,1.068775631411776,False,False,False,,-1,,,False,2,0.042959522037065552,0.014662496193588235,0.022128894522777876,0.043393871718836352
10000,0,single,gaussian_matched,0.050000000000000003,192,30,0.050000000000000003,3.1210017555418479,1-<5%,True,True,4,0.043393871718836352,0.47316575922864262,-0.0092144083585615627,0.065010942425330717,0.99070353400694677,1.0557136286920792,0.99382885267482179,0.94138109584326735,0.93155190898299067,1.068775631411776,True,True,False,3>2>4>1,15,0,0,True,2,0.042959522037065552,0.014662496193588235,0.022128894522777876,0.043393871718836352
10000,0,single,gaussian_matched,0.050000000000000003,192,31,0.02,3.1210017555418479,1-<5%,True,False,1,0.035344611456241522,0.47295607088638358,0.055835285365617181,0.027666309063561326,0.99070353400694677,0.99855133517978389,0.97293765781484398,0.97434916317013553,,1.009993335575796,False,False,False,,-1,,,False,2,0.023143269524838122,0.023213473522468244,0.035344611456241522,0.01905515808887891
10000,0,single,gaussian_matched,0.050000000000000003,192,31,0.050000000000000003,3.1210017555418479,1-<5%,True,True,4,0.035344611456241522,0.47295607088638358,0.055835285365617181,0.027666309063561326,0.99070353400694677,0.99855133517978389,0.97293765781484398,0.97434916317013553,0.9441475165951736,1.009993335575796,True,True,False,3>2>4>1,15,0,0,True,2,0.023143269524838122,0.023213473522468244,0.035344611456241522,0.01905515808887891
10000,0,single,gaussian_matched,0.050000000000000003,193,0,0.02,3.0569410962572823,1-<5%,True,False,1,0.083071558444677632,0.49617372424229428,0.058803265766297942,0.0095988475519762119,1.33409669464986,1.3253521472625309,1.2124649533234739,0.91482475493609638,,0.91602340803054494,False,False,False,,-1,,,False,2,0.083071558444677632,0.0029278093613968794,0.02136406033806372,0.042517531457098565
10000,0,single,gaussian_matched,0.050000000000000003,193,0,0.050000000000000003,3.0569410962572823,1-<5%,True,False,3,0.083071558444677632,0.49617372424229428,0.058803265766297942,0.0095988475519762119,1.33409669464986,1.3253521472625309,1.2124649533234739,0.91482475493609638,,0.91602340803054494,False,False,False,,-1,,,False,2,0.083071558444677632,0.0029278093613968794,0.02136406033806372,0.042517531457098565
10000,0,single,gaussian_matched,0.050000000000000003,193,1,0.02,3.0569410962572823,1-<5%,True,False,1,0.10284092645511947,0.41705598795706389,0.053442895755083063,0.083015436305298659,1.33409669464986,1.3399712119366809,1.2010476038560811,0.8963234382626688,,0.96249623082859681,False,False,False,,-1,,,False,2,0.10284092645511947,0.0054276806038994346,0.039718614601628136,0.04748047464066122
10000,0,single,gaussian_matched,0.050000000000000003,193,1,0.050000000000000003,3.0569410962572823,1-<5%,True,False,3,0.10284092645511947,0.41705598795706389,0.053442895755083063,0.083015436305298659,1.33409669464986,1.3399712119366809,1.2010476038560811,0.8963234382626688,,0.96249623082859681,False,False,False,,-1,,,False,2,0.10284092645511947,0.0054276806038994346,0.039718614601628136,0.04748047464066122
10000,0,single,gaussian_matched,0.050000000000000003,193,2,0.02,3.0569410962572823,1-<5%,True,False,1,0.042506304443215126,0.5963037984182431,0.080667723545607556,0.10106894111076566,1.33409669464986,1.3146058178642512,1.2314434417594424,0.93673968654732032,,0.99881244606481268,False,False,False,,-1,,,False,2,0.026539073274953844,0.042506304443215126,0.011681595401170008,0.039134758493622225
10000,0,single,gaussian_matched,0.050000000000000003,193,2,0.050000000000000003,3.0569410962572823,1-<5%,True,True,4,0.042506304443215126,0.5963037984182431,0.080667723545607556,0.10106894111076566,1.33409669464986,1.3146058178642512,1.2314434417594424,0.93673968654732032,0.92507520525370102,0.99881244606481268,True,True,False,2>3>1>4,8,0,0,True,2,0.026539073274953844,0.042506304443215126,0.011681595401170008,0.039134758493622225
10000,0,single,gaussian_matched,0.050000000000000003,193,3,0.02,3.0569410962572823,1-<5%,True,False,1,0.073414448866780016,0.53550181037714573,0.026813429227154087,0.042402778261088091,1.33409669464986,1.3584124655921479,1.2341780736071262,0.90854442584133199,,0.95688780055276201,False,False,False,,-1,,,False,2,0.073414448866780016,0.024228298226520551,0.0057086777672248684,0.041164004434939935
10000,0,single,gaussian_matched,0.050000000000000003,193,3,0.050000000000000003,3.0569410962572823,1-<5%,True,False,3,0.073414448866780016,0.53550181037714573,0.026813429227154087,0.042402778261088091,1.33409669464986,1.3584124655921479,1.2341780736071262,0.90854442584133199,,0.95688780055276201,False,False,False,,-1,,,False,2,0.073414448866780016,0.024228298226520551,0.0057086777672248684,0.041164004434939935
10000,0,single,gaussian_matched,0.050000000000000003,193,4,0.02,3.0569410962572823,1-<5%,True,False,0,0.039088488809756676,0.57234559580757638,0.11898618264386256,0.099964886978006304,1.33409669464986,1.2719560344178789,1.2138645812831554,0.95432904002746488,,0.98480827778827718,False,False,False,,-1,,,False,2,0.039088488809756676,0.033069060728456827,0.027947379080831326,0.033002727854190138
10000,0,single,gaussian_matched,0.050000000000000003,193,4,0.050000000000000003,3.0569410962572823,1-<5%,True,True,4,0.039088488809756676,0.57234559580757638,0.11898618264386256,0.099964886978006304,1.33409669464986,1.2719560344178789,1.2138645812831554,0.95432904002746488,0.92124067107326002,0.98480827778827718,True,True,False,2>3>1>4,8,0,0,True,2,0.039088488809756676,0.033069060728456827,0.027947379080831326,0.033002727854190138
10000,0,single,gaussian_matched,0.050000000000000003,193,5,0.02,3.0569410962572823,1-<5%,True,False,1,0.08144972232629101,0.49511925581213378,0.074181970788620225,0.024669604274269816,1.33409669464986,1.3100001247676827,1.2031569265115873,0.91844031444268526,,0.9203429824163577,False,False,False,,-1,,,False,2,0.08144972232629101,0.0010520334172705102,0.025428495389374799,0.04257753778676264
10000,0,single,gaussian_matched,0.050000000000000003,193,5,0.050000000000000003,3.0569410962572823,1-<5%,True,False,3,0.08144972232629101,0.49511925581213378,0.074181970788620225,0.024669604274269816,1.33409669464986,1.3100001247676827,1.2031569265115873,0.91844031444268526,,0.9203429824163577,False,False,False,,-1,,,False,2,0.08144972232629101,0.0010520334172705102,0.025428495389374799,0.04257753778676264
10000,0,single,gaussian_matched,0.050000000000000003,193,6,0.02,3.0569410962572823,1-<5%,True,False,2,0.077672342724705745,0.51721366037276961,0.04952891957767537,0.01722010511563029,1.33409669464986,1.3347586760154957,1.2248353703315946,0.91764555821278293,,0.93100858463127234,False,False,False,,-1,,,False,2,0.077672342724705745,0.012531943651936441,0.014608266637263643,0.040255997055860013
10000,0,single,gaussian_matched,0.050000000000000003,193,6,0.050000000000000003,3.0569410962572823,1-<5%,True,False,3,0.077672342724705745,0.51721366037276961,0.04952891957767537,0.01722010511563029,1.33409669464986,1.3347586760154957,1.2248353703315946,0.91764555821278293,,0.93100858463127234,False,False,False,,-1,,,False,2,0.077672342724705745,0.012531943651936441,0.014608266637263643,0.040255997055860013
10000,0,single,gaussian_matched,0.050000000000000003,193,7,0.02,3.0569410962572823,1-<5%,True,False,1,0.085957622506661571,0.50579631180832307,0.010949038873983602,0.039478789184129615,1.33409669464986,1.373129942636218,1.2422536069411809,0.90468758153815165,,0.96074924798588712,False,False,False,,-1,,,False,2,0.085957622506661571,0.021440767608833386,0.012532464832794663,0.042223202566748115
10000,0,single,gaussian_matched,0.050000000000000003,193,7,0.050000000000000003,3.0569410962572823,1-<5%,True,False,3,0.085957622506661571,0.50579631180832307,0.010949038873983602,0.039478789184129615,1.33409669464986,1.373129942636218,1.2422536069411809,0.90468758153815165,,0.96074924798588712,False,False,False,,-1,,,False,2,0.085957622506661571,0.021440767608833386,0.012532464832794663,0.042223202566748115
10000,0,single,gaussian_matched,0.050000000000000003,193,8,0.02,3.0569410962572823,1-<5%,True,False,1,0.1064306264102871,0.40445230796251158,0.045269921024777469,0.09566470143580949,1.33409669464986,1.3507643680852939,1.2053748266962994,0.89236498620770999,,0.97522131143093249,False,False,False,,-1,,,False,2,0.1064306264102871,0.0026001634081129835,0.042259279693629151,0.048008513945051401
10000,0,single,gaussian_matched,0.050000000000000003,193,8,0.050000000000000003,3.0569410962572823,1-<5%,True,False,3,0.1064306264102871,0.40445230796251158,0.045269921024777469,0.09566470143580949,1.33409669464986,1.3507643680852939,1.2053748266962994,0.89236498620770999,,0.97522131143093249,False,False,False,,-1,,,False,2,0.1064306264102871,0.0026001634081129835,0.042259279693629151,0.048008513945051401
10000,0,single,gaussian_matched,0.050000000000000003,193,9,0.02,3.0569410962572823,1-<5%,True,False,1,0.08973461976646982,0.49675048300345115,0.00035649655985312001,0.049749741652824038,1.33409669464986,1.3837789585558085,1.2467205507282748,0.90095353959524305,,0.97179634548256166,False,False,False,,-1,,,False,2,0.08973461976646982,0.024329063247087897,0.015139961849882651,0.043121392471862342
10000,0,single,gaussian_matched,0.050000000000000003,193,9,0.050000000000000003,3.0569410962572823,1-<5%,True,False,3,0.08973461976646982,0.49675048300345115,0.00035649655985312001,0.049749741652824038,1.33409669464986,1.3837789585558085,1.2467205507282748,0.90095353959524305,,0.97179634548256166,False,False,False,,-1,,,False,2,0.08973461976646982,0.024329063247087897,0.015139961849882651,0.043121392471862342
10000,0,single,gaussian_matched,0.050000000000000003,193,10,0.02,3.0569410962572823,1-<5%,True,False,1,0.058681154478325878,0.58524284586467923,0.016747385916842578,0.091499066194540249,1.33409669464986,1.3747817445367998,1.2334028490441122,0.89716266159737101,,0.99310786133562778,False,False,False,,-1,,,False,2,0.043054542124869311,0.044761498525343835,0.0071169107308254823,0.058681154478325878
10000,0,single,gaussian_matched,0.050000000000000003,193,10,0.050000000000000003,3.0569410962572823,1-<5%,True,False,3,0.058681154478325878,0.58524284586467923,0.016747385916842578,0.091499066194540249,1.33409669464986,1.3747817445367998,1.2334028490441122,0.89716266159737101,,0.99310786133562778,False,False,False,,-1,,,False,2,0.043054542124869311,0.044761498525343835,0.0071169107308254823,0.058681154478325878
10000,0,single,gaussian_matched,0.050000000000000003,193,11,0.02,3.0569410962572823,1-<5%,True,False,1,0.071722959174183046,0.503695855591761,0.14145773895093755,0.09153238422860506,1.33409669464986,1.2426183268929105,1.1645798879533551,0.93719838404871614,,0.94154514977764248,False,False,False,,-1,,,False,2,0.071722959174183046,0.0032494028798444583,0.047882418740936156,0.041711753327178018
10000,0,single,gaussian_matched,0.050000000000000003,193,11,0.050000000000000003,3.0569410962572823,1-<5%,True,False,3,0.071722959174183046,0.503695855591761,0.14145773895093755,0.09153238422860506,1.33409669464986,1.2426183268929105,1.1645798879533551,0.93719838404871614,,0.94154514977764248,False,False,False,,-1,,,False,2,0.071722959174183046,0.0032494028798444583,0.047882418740936156,0.041711753327178018
10000,0,single,gaussian_matched,0.050000000000000003,193,12,0.02,3.0569410962572823,1-<5%,True,False,1,0.077634770583681234,0.53517862008953487,-0.013872527589824712,0.072919373914733701,1.33409669464986,1.3989772689750253,1.2429257592451313,0.88845314846021284,,0.986319161449699,False,False,False,,-1,,,False,2,0.077634770583681234,0.037836959874258773,0.0051271170382029344,0.049695573767025478
10000,0,single,gaussian_matched,0.050000000000000003,193,12,0.050000000000000003,3.0569410962572823,1-<5%,True,False,3,0.077634770583681234,0.53517862008953487,-0.013872527589824712,0.072919373914733701,1.33409669464986,1.3989772689750253,1.2429257592451313,0.88845314846021284,,0.986319161449699,False,False,False,,-1,,,False,2,0.077634770583681234,0.037836959874258773,0.0051271170382029344,0.049695573767025478
10000,0,single,gaussian_matched,0.050000000000000003,193,13,0.02,3.0569410962572823,1-<5%,True,False,1,0.049156249211025627,0.57145811453476236,0.055061196864054675,0.071637126174630514,1.33409669464986,1.3346509916511107,1.2249331243797861,0.9177928402573684,,0.97187127121599493,False,False,False,,-1,,,False,2,0.049156249211025627,0.033434788064939797,0.0068708169985430894,0.043065387854975039
10000,0,single,gaussian_matched,0.050000000000000003,193,13,0.050000000000000003,3.0569410962572823,1-<5%,True,True,4,0.049156249211025627,0.57145811453476236,0.055061196864054675,0.071637126174630514,1.33409669464986,1.3346509916511107,1.2249331243797861,0.9177928402573684,0.90884926960227663,0.97187127121599493,True,True,False,2>3>1>4,8,0,0,True,2,0.049156249211025627,0.033434788064939797,0.0068708169985430894,0.043065387854975039
10000,0,single,gaussian_matched,0.050000000000000003,193,14,0.02,3.0569410962572823,1-<5%,True,False,1,0.074402911228529434,0.62982425246830276,-0.021700236535232953,0.14830799185533453,1.33409669464986,1.4220873797561315,1.2798501506202935,0.89997996525345036,,1.0705057198649719,False,False,False,,-1,,,False,2,0.010519073527096469,0.072329410620139395,0.020759941972778039,0.074402911228529434
10000,0,single,gaussian_matched,0.050000000000000003,193,14,0.050000000000000003,3.0569410962572823,1-<5%,True,False,2,0.074402911228529434,0.62982425246830276,-0.021700236535232953,0.14830799185533453,1.33409669464986,1.4220873797561315,1.2798501506202935,0.89997996525345036,,1.0705057198649719,False,False,False,,-1,,,False,2,0.010519073527096469,0.072329410620139395,0.020759941972778039,0.074402911228529434
10000,0,single,gaussian_matched,0.050000000000000003,193,15,0.02,3.0569410962572823,1-<5%,True,False,2,0.082586163094964415,0.51000822540902457,0.02893530187719762,0.02332136537260714,1.33409669464986,1.3551813094931733,1.2336271858346652,0.91030416165939576,,0.94217200016162583,False,False,False,,-1,,,False,2,0.082586163094964415,0.015612229185517509,0.012561122319166939,0.04141454180748351
10000,0,single,gaussian_matched,0.050000000000000003,193,15,0.050000000000000003,3.0569410962572823,1-<5%,True,False,3,0.082586163094964415,0.51000822540902457,0.02893530187719762,0.02332136537260714,1.33409669464986,1.3551813094931733,1.2336271858346652,0.91030416165939576,,0.94217200016162583,False,False,False,,-1,,,False,2,0.082586163094964415,0.015612229185517509,0.012561122319166939,0.04141454180748351
10000,0,single,gaussian_matched,0.050000000000000003,193,16,0.02,3.0569410962572823,1-<5%,True,False,0,0.11468440542363273,0.36433276900689837,0.091397987695443883,0.14184283891183128,1.33409669464986,1.3186489288152092,1.169019981053355,0.88652859416016505,,0.98258456468871513,False,False,False,,-1,,,False,2,0.11468440542363273,0.027088326295905595,0.062402411209225975,0.047318519905380906
10000,0,single,gaussian_matched,0.050000000000000003,193,16,0.050000000000000003,3.0569410962572823,1-<5%,True,False,2,0.11468440542363273,0.36433276900689837,0.091397987695443883,0.14184283891183128,1.33409669464986,1.3186489288152092,1.169019981053355,0.88652859416016505,,0.98258456468871513,False,False,False,,-1,,,False,2,0.11468440542363273,0.027088326295905595,0.062402411209225975,0.047318519905380906
10000,0,single,gaussian_matched,0.050000000000000003,193,17,0.02,3.0569410962572823,1-<5%,True,False,0,0.043130526268587668,0.56705477369970569,0.11756649354467526,0.09519229866875463,1.33409669464986,1.2723366761753965,1.2133903275239817,0.95367079346591999,,0.98087539789323885,False,False,False,,-1,,,False,2,0.043130526268587668,0.030806764420540617,0.028188103184040175,0.033066221647393347
10000,0,single,gaussian_matched,0.050000000000000003,193,17,0.050000000000000003,3.0569410962572823,1-<5%,True,True,4,0.043130526268587668,0.56705477369970569,0.11756649354467526,0.09519229866875463,1.33409669464986,1.2723366761753965,1.2133903275239817,0.95367079346591999,0.91777285865357039,0.98087539789323885,True,True,False,2>3>1>4,8,0,0,True,2,0.043130526268587668,0.030806764420540617,0.028188103184040175,0.033066221647393347
10000,0,single,gaussian_matched,0.050000000000000003,193,18,0.02,3.0569410962572823,1-<5%,True,False,0,0.051623621647373413,0.55721613573082807,0.10326426872760944,0.078171404689026364,1.33409669464986,1.2848023556857504,1.2153339975715474,0.94593070458909223,,0.96957395026007487,False,False,False,,-1,,,False,2,0.051623621647373413,0.026494102868620261,0.024718070434374802,0.034404427085463207
10000,0,single,gaussian_matched,0.050000000000000003,193,18,0.050000000000000003,3.0569410962572823,1-<5%,True,False,3,0.051623621647373413,0.55721613573082807,0.10326426872760944,0.078171404689026364,1.33409669464986,1.2848023556857504,1.2153339975715474,0.94593070458909223,,0.96957395026007487,False,False,False,,-1,,,False,2,0.051623621647373413,0.026494102868620261,0.024718070434374802,0.034404427085463207
10000,0,single,gaussian_matched,0.050000000000000003,193,19,0.02,3.0569410962572823,1-<5%,True,False,1,0.083325766423080497,0.49022872447078814,0.070315922657985683,0.022543614149311341,1.33409669464986,1.3140106242547109,1.2038094892893993,0.9161337565076263,,0.91923854422004458,False,False,False,,-1,,,False,2,0.083325766423080497,0.00072223271581676335,0.025410847602367635,0.043072152804383652
10000,0,single,gaussian_matched,0.050000000000000003,193,19,0.050000000000000003,3.0569410962572823,1-<5%,True,False,3,0.083325766423080497,0.49022872447078814,0.070315922657985683,0.022543614149311341,1.33409669464986,1.3140106242547109,1.2038094892893993,0.9161337565076263,,0.91923854422004458,False,False,False,,-1,,,False,2,0.083325766423080497,0.00072223271581676335,0.025410847602367635,0.043072152804383652
10000,0,single,gaussian_matched,0.050000000000000003,193,20,0.02,3.0569410962572823,1-<5%,True,False,1,0.1015039656568134,0.42845819368716886,0.04043497694264625,0.07217838815456018,1.33409669464986,1.3504944553357112,1.2103518237691033,0.89622865091158732,,0.96134726745595422,False,False,False,,-1,,,False,2,0.1015039656568134,0.00068301900141352293,0.035361821639644006,0.047156859376871842
10000,0,single,gaussian_matched,0.050000000000000003,193,20,0.050000000000000003,3.0569410962572823,1-<5%,True,False,3,0.1015039656568134,0.42845819368716886,0.04043497694264625,0.07217838815456018,1.33409669464986,1.3504944553357112,1.2103518237691033,0.89622865091158732,,0.96134726745595422,False,False,False,,-1,,,False,2,0.1015039656568134,0.00068301900141352293,0.035361821639644006,0.047156859376871842
10000,0,single,gaussian_matched,0.050000000000000003,193,21,0.02,3.0569410962572823,1-<5%,True,False,1,0.065341298075429891,0.53604650861913838,0.085755327878068888,0.050771982975828585,1.33409669464986,1.2997003419356674,1.2145100567609302,0.93445390262199834,,0.94841854028342232,False,False,False,,-1,,,False,2,0.065341298075429891,0.017724833583001646,0.021884864356906973,0.037063068390347204
10000,0,single,gaussian_matched,0.050000000000000003,193,21,0.050000000000000003,3.0569410962572823,1-<5%,True,False,3,0.065341298075429891,0.53604650861913838,0.085755327878068888,0.050771982975828585,1.33409669464986,1.2997003419356674,1.2145100567609302,0.93445390262199834,,0.94841854028342232,False,False,False,,-1,,,False,2,0.065341298075429891,0.017724833583001646,0.021884864356906973,0.037063068390347204
10000,0,single,gaussian_matched,0.050000000000000003,193,22,0.02,3.0569410962572823,1-<5%,True,False,0,0.10829064678264265,0.43882961129300663,-0.049895874329708781,0.11713668154195607,1.33409669464986,1.4381783097067944,1.2706959841687677,0.88354550725203762,,1.040278917769875,False,False,False,,-1,,,False,2,0.10829064678264265,0.039913331043071078,0.034794989115697825,0.047679586552673771
10000,0,single,gaussian_matched,0.050000000000000003,193,22,0.050000000000000003,3.0569410962572823,1-<5%,True,False,3,0.10829064678264265,0.43882961129300663,-0.049895874329708781,0.11713668154195607,1.33409669464986,1.4381783097067944,1.2706959841687677,0.88354550725203762,,1.040278917769875,False,False,False,,-1,,,False,2,0.10829064678264265,0.039913331043071078,0.034794989115697825,0.047679586552673771
10000,0,single,gaussian_matched,0.050000000000000003,193,23,0.02,3.0569410962572823,1-<5%,True,False,1,0.091834140130568176,0.45756586572599184,0.069300887007888751,0.046617378635824672,1.33409669464986,1.3175765573229723,1.1964587085707921,0.90807528558472139,,0.93177360546033572,False,False,False,,-1,,,False,2,0.091834140130568176,0.0092822912296331769,0.032305636602635059,0.045510916244493334
10000,0,single,gaussian_matched,0.050000000000000003,193,23,0.050000000000000003,3.0569410962572823,1-<5%,True,False,3,0.091834140130568176,0.45756586572599184,0.069300887007888751,0.046617378635824672,1.33409669464986,1.3175765573229723,1.1964587085707921,0.90807528558472139,,0.93177360546033572,False,False,False,,-1,,,False,2,0.091834140130568176,0.0092822912296331769,0.032305636602635059,0.045510916244493334
10000,0,single,gaussian_matched,0.050000000000000003,193,24,0.02,3.0569410962572823,1-<5%,True,False,2,0.090707436989119289,0.4874214507926819,0.014239401802031308,0.037908314175619635,1.33409669464986,1.3701526347514716,1.2366887816408854,0.90259198156065656,,0.95540083483306204,False,False,False,,-1,,,False,2,0.090707436989119289,0.017191180671412017,0.017685176935217085,0.043656186677495455
10000,0,single,gaussian_matched,0.050000000000000003,193,24,0.050000000000000003,3.0569410962572823,1-<5%,True,False,3,0.090707436989119289,0.4874214507926819,0.014239401802031308,0.037908314175619635,1.33409669464986,1.3701526347514716,1.2366887816408854,0.90259198156065656,,0.95540083483306204,False,False,False,,-1,,,False,2,0.090707436989119289,0.017191180671412017,0.017685176935217085,0.043656186677495455
10000,0,single,gaussian_matched,0.050000000000000003,193,25,0.02,3.0569410962572823,1-<5%,True,False,1,0.081971433893793091,0.49824454845162147,0.062824927540287373,0.012944511445100044,1.33409669464986,1.321294813651831,1.2108126440720732,0.91638340782220729,,0.91729269731708174,False,False,False,,-1,,,False,2,0.081971433893793091,0.0032388450919748893,0.021865574508188487,0.042283891817757525
10000,0,single,gaussian_matched,0.050000000000000003,193,25,0.050000000000000003,3.0569410962572823,1-<5%,True,False,3,0.081971433893793091,0.49824454845162147,0.062824927540287373,0.012944511445100044,1.33409669464986,1.321294813651831,1.2108126440720732,0.91638340782220729,,0.91729269731708174,False,False,False,,-1,,,False,2,0.081971433893793091,0.0032388450919748893,0.021865574508188487,0.042283891817757525
10000,0,single,gaussian_matched,0.050000000000000003,193,26,0.02,3.0569410962572823,1-<5%,True,False,2,0.074494223833503584,0.51955441331286567,0.067480188710413475,0.026228459302102453,1.33409669464986,1.316903462377472,1.216339917797328,0.92363635797677102,,0.93139304076122342,False,False,False,,-1,,,False,2,0.074494223833503584,0.011598074969395711,0.018932062601029032,0.03966461134444825
10000,0,single,gaussian_matched,0.050000000000000003,193,26,0.050000000000000003,3.0569410962572823,1-<5%,True,False,3,0.074494223833503584,0.51955441331286567,0.067480188710413475,0.026228459302102453,1.33409669464986,1.316903462377472,1.216339917797328,0.92363635797677102,,0.93139304076122342,False,False,False,,-1,,,False,2,0.074494223833503584,0.011598074969395711,0.018932062601029032,0.03966461134444825
10000,0,single,gaussian_matched,0.050000000000000003,193,27,0.02,3.0569410962572823,1-<5%,True,False,2,0.083926903580144416,0.50317581037337833,0.035180574809090037,0.015155894381943756,1.33409669464986,1.3488962603246666,1.2284001447349722,0.91067058369581944,,0.93213336342407549,False,False,False,,-1,,,False,2,0.083926903580144416,0.011648735601334191,0.015144577987290525,0.041959213018709932
10000,0,single,gaussian_matched,0.050000000000000003,193,27,0.050000000000000003,3.0569410962572823,1-<5%,True,False,3,0.083926903580144416,0.50317581037337833,0.035180574809090037,0.015155894381943756,1.33409669464986,1.3488962603246666,1.2284001447349722,0.91067058369581944,,0.93213336342407549,False,False,False,,-1,,,False,2,0.083926903580144416,0.011648735601334191,0.015144577987290525,0.041959213018709932
10000,0,single,gaussian_matched,0.050000000000000003,193,28,0.02,3.0569410962572823,1-<5%,True,False,1,0.09092592544235184,0.47166966444399661,0.046982077569885039,0.028490625976098544,1.33409669464986,1.3383828886972584,1.2128774259351451,0.90622604052844957,,0.93049331198369145,False,False,False,,-1,,,False,2,0.09092592544235184,0.001512943336726919,0.02486944082427214,0.044698490032452673
10000,0,single,gaussian_matched,0.050000000000000003,193,28,0.050000000000000003,3.0569410962572823,1-<5%,True,False,3,0.09092592544235184,0.47166966444399661,0.046982077569885039,0.028490625976098544,1.33409669464986,1.3383828886972584,1.2128774259351451,0.90622604052844957,,0.93049331198369145,False,False,False,,-1,,,False,2,0.09092592544235184,0.001512943336726919,0.02486944082427214,0.044698490032452673
10000,0,single,gaussian_matched,0.050000000000000003,193,29,0.02,3.0569410962572823,1-<5%,True,False,2,0.080406841194770956,0.51152565207911627,0.042866021050626688,0.013554863020294182,1.33409669464986,1.3412764927185672,1.2266032764874106,0.91450441661082793,,0.92958639690895128,False,False,False,,-1,,,False,2,0.080406841194770956,0.011874499889896289,0.014429961576490954,0.040984248560112235
10000,0,single,gaussian_matched,0.050000000000000003,193,29,0.050000000000000003,3.0569410962572823,1-<5%,True,False,3,0.080406841194770956,0.51152565207911627,0.042866021050626688,0.013554863020294182,1.33409669464986,1.3412764927185672,1.2266032764874106,0.91450441661082793,,0.92958639690895128,False,False,False,,-1,,,False,2,0.080406841194770956,0.011874499889896289,0.014429961576490954,0.040984248560112235
10000,0,single,gaussian_matched,0.050000000000000003,193,30,0.02,3.0569410962572823,1-<5%,True,False,1,0.0914140933353942,0.47902423615469031,0.026815365586885354,0.031265155393248589,1.33409669464986,1.3579955462821374,1.2269945052920868,0.90353352678607846,,0.94315476961403577,False,False,False,,-1,,,False,2,0.0914140933353942,0.010858855712120107,0.020609239175307506,0.044245397516895706
10000,0,single,gaussian_matched,0.050000000000000003,193,30,0.050000000000000003,3.0569410962572823,1-<5%,True,False,3,0.0914140933353942,0.47902423615469031,0.026815365586885354,0.031265155393248589,1.33409669464986,1.3579955462821374,1.2269945052920868,0.90353352678607846,,0.94315476961403577,False,False,False,,-1,,,False,2,0.0914140933353942,0.010858855712120107,0.020609239175307506,0.044245397516895706
10000,0,single,gaussian_matched,0.050000000000000003,193,31,0.02,3.0569410962572823,1-<5%,True,False,1,0.085665536162358127,0.59505264823000625,-0.012979038487216626,0.1140235292573933,1.33409669464986,1.4058167206666596,1.2314943272008256,0.875999203236701,,1.0085609700212594,False,False,False,,-1,,,False,2,0.036877905257331284,0.056507566562149503,0.011374433139781703,0.085665536162358127
10000,0,single,gaussian_matched,0.050000000000000003,193,31,0.050000000000000003,3.0569410962572823,1-<5%,True,False,2,0.085665536162358127,0.59505264823000625,-0.012979038487216626,0.1140235292573933,1.33409669464986,1.4058167206666596,1.2314943272008256,0.875999203236701,,1.0085609700212594,False,False,False,,-1,,,False,2,0.036877905257331284,0.056507566562149503,0.011374433139781703,0.085665536162358127
10000,0,single,gaussian_matched,0.050000000000000003,194,0,0.02,2.5786557285786329,1-<5%,True,False,2,0.2809939196634762,0.45613650037060199,0.047647066292577464,0.043926562542153512,1.5999045386131916,1.5644256466477184,1.5786637230952549,1.0091011525399409,,1.0141794378831384,False,False,False,,-1,,,False,4,0.2809939196634762,0.13419276640510119,0.012334257665898303,0.016763147822602978
10000,0,single,gaussian_matched,0.050000000000000003,194,0,0.050000000000000003,2.5786557285786329,1-<5%,True,False,2,0.2809939196634762,0.45613650037060199,0.047647066292577464,0.043926562542153512,1.5999045386131916,1.5644256466477184,1.5786637230952549,1.0091011525399409,,1.0141794378831384,False,False,False,,-1,,,False,4,0.2809939196634762,0.13419276640510119,0.012334257665898303,0.016763147822602978
10000,0,single,gaussian_matched,0.050000000000000003,194,1,0.02,2.5786557285786329,1-<5%,True,False,1,0.28577089759449559,0.5432286354213357,0.10619986082960182,0.070902322089317876,1.5999045386131916,1.604326810581693,1.5746571626396615,0.98150648125660012,,1.0285360438788191,False,False,False,,-1,,,False,4,0.28577089759449559,0.15152559682216887,0.035004797764422516,0.003309083165563601
10000,0,single,gaussian_matched,0.050000000000000003,194,1,0.050000000000000003,2.5786557285786329,1-<5%,True,False,2,0.28577089759449559,0.5432286354213357,0.10619986082960182,0.070902322089317876,1.5999045386131916,1.604326810581693,1.5746571626396615,0.98150648125660012,,1.0285360438788191,False,False,False,,-1,,,False,4,0.28577089759449559,0.15152559682216887,0.035004797764422516,0.003309083165563601
10000,0,single,gaussian_matched,0.050000000000000003,194,2,0.02,2.5786557285786329,1-<5%,True,False,1,0.25582213615356519,0.55038808089214852,0.083320296658338205,0.060408615820869191,1.5999045386131916,1.6232323781817086,1.4856725831612649,0.91525563630357498,,0.96635840555980179,False,False,False,,-1,,,False,4,0.25582213615356519,0.12589961882184042,0.029645568072536602,0.0054703456971105947
10000,0,single,gaussian_matched,0.050000000000000003,194,2,0.050000000000000003,2.5786557285786329,1-<5%,True,False,2,0.25582213615356519,0.55038808089214852,0.083320296658338205,0.060408615820869191,1.5999045386131916,1.6232323781817086,1.4856725831612649,0.91525563630357498,,0.96635840555980179,False,False,False,,-1,,,False,4,0.25582213615356519,0.12589961882184042,0.029645568072536602,0.0054703456971105947
10000,0,single,gaussian_matched,0.050000000000000003,194,3,0.02,2.5786557285786329,1-<5%,True,False,1,0.049934016740953199,0.57553315156966933,0.065440064254103716,0.077095087847524321,1.5999045386131916,1.6325979982665313,1.5937205302896442,0.97618674773694036,,1.0443220691063499,False,False,False,,-1,,,False,4,0.036239796638418281,0.049934016740953199,0.038969110834988385,0.0029241579293909372
10000,0,single,gaussian_matched,0.050000000000000003,194,3,0.050000000000000003,2.5786557285786329,1-<5%,True,True,4,0.049934016740953199,0.57553315156966933,0.065440064254103716,0.077095087847524321,1.5999045386131916,1.6325979982665313,1.5937205302896442,0.97618674773694036,0.94264156387922238,1.0443220691063499,True,True,False,3>2>1>4,14,3.7932238850380662,5.3524188939053419,True,4,0.036239796638418281,0.049934016740953199,0.038969110834988385,0.0029241579293909372
10000,0,single,gaussian_matched,0.050000000000000003,194,4,0.02,2.5786557285786329,1-<5%,True,False,1,0.2903741508981601,0.46017943288666385,0.14662485927813881,0.10450856900631564,1.5999045386131916,1.5212949806468941,1.5706297302569916,1.0324294434923589,,1.0470239060108728,False,False,False,,-1,,,False,4,0.2903741508981601,0.13707056938954174,0.034200274877975438,0.0110666490567067
10000,0,single,gaussian_matched,0.050000000000000003,194,4,0.050000000000000003,2.5786557285786329,1-<5%,True,False,2,0.2903741508981601,0.46017943288666385,0.14662485927813881,0.10450856900631564,1.5999045386131916,1.5212949806468941,1.5706297302569916,1.0324294434923589,,1.0470239060108728,False,False,False,,-1,,,False,4,0.2903741508981601,0.13707056938954174,0.034200274877975438,0.0110666490567067
10000,0,single,gaussian_matched,0.050000000000000003,194,5,0.02,2.5786557285786329,1-<5%,True,False,2,0.2839965620791472,0.44457335644375223,0.072973163345660758,0.059998992075015335,1.5999045386131916,1.5407197246059372,1.577746677810288,1.0240322445497483,,1.0236521182100731,False,False,False,,-1,,,False,4,0.2839965620791472,0.13355445204034641,0.0042331148318151025,0.00065288657397661438
10000,0,single,gaussian_matched,0.050000000000000003,194,5,0.050000000000000003,2.5786557285786329,1-<5%,True,False,2,0.2839965620791472,0.44457335644375223,0.072973163345660758,0.059998992075015335,1.5999045386131916,1.5407197246059372,1.577746677810288,1.0240322445497483,,1.0236521182100731,False,False,False,,-1,,,False,4,0.2839965620791472,0.13355445204034641,0.0042331148318151025,0.00065288657397661438
10000,0,single,gaussian_matched,0.050000000000000003,194,6,0.02,2.5786557285786329,1-<5%,True,False,2,0.2883140271990251,0.48238713306295311,0.098900887509782071,0.051976051033014031,1.5999045386131916,1.5608506816518666,1.5756901741721203,1.0095073107855193,,1.0173520894040384,False,False,False,,-1,,,False,4,0.2883140271990251,0.14358883329522609,0.0170253018491053,0.010597805186158975
10000,0,single,gaussian_matched,0.050000000000000003,194,6,0.050000000000000003,2.5786557285786329,1-<5%,True,False,2,0.2883140271990251,0.48238713306295311,0.098900887509782071,0.051976051033014031,1.5999045386131916,1.5608506816518666,1.5756901741721203,1.0095073107855193,,1.0173520894040384,False,False,False,,-1,,,False,4,0.2883140271990251,0.14358883329522609,0.0170253018491053,0.010597805186158975
10000,0,single,gaussian_matched,0.050000000000000003,194,7,0.02,2.5786557285786329,1-<5%,True,False,2,0.28733596741852774,0.49997988509640046,0.091350865753371507,0.041350870645763906,1.5999045386131916,1.5799668500199913,1.574694320504479,0.99666288598685115,,1.0100885097501142,False,False,False,,-1,,,False,4,0.28733596741852774,0.14625856627029146,0.017786142238172663,0.0099959735569640981
10000,0,single,gaussian_matched,0.050000000000000003,194,7,0.050000000000000003,2.5786557285786329,1-<5%,True,False,2,0.28733596741852774,0.49997988509640046,0.091350865753371507,0.041350870645763906,1.5999045386131916,1.5799668500199913,1.574694320504479,0.99666288598685115,,1.0100885097501142,False,False,False,,-1,,,False,4,0.28733596741852774,0.14625856627029146,0.017786142238172663,0.0099959735569640981
10000,0,single,gaussian_matched,0.050000000000000003,194,8,0.02,2.5786557285786329,1-<5%,True,False,1,0.057015524587252314,0.55859505782169183,0.061875349314972947,0.059786325547570136,1.5999045386131916,1.6409169292411963,1.5596514235772563,0.95047555167736653,,1.0122089849989215,False,False,False,,-1,,,False,4,0.057015524587252314,0.032214555565059422,0.029570211066624875,0.00038000055501322615
10000,0,single,gaussian_matched,0.050000000000000003,194,8,0.050000000000000003,2.5786557285786329,1-<5%,True,False,3,0.057015524587252314,0.55859505782169183,0.061875349314972947,0.059786325547570136,1.5999045386131916,1.6409169292411963,1.5596514235772563,0.95047555167736653,,1.0122089849989215,False,False,False,,-1,,,False,4,0.057015524587252314,0.032214555565059422,0.029570211066624875,0.00038000055501322615
10000,0,single,gaussian_matched,0.050000000000000003,194,9,0.02,2.5786557285786329,1-<5%,True,False,2,0.073962994393945838,0.57020551967988697,0.041042264010860946,0.070774684934474377,1.5999045386131916,1.6575246098890144,1.6030187685130026,0.96711611939224151,,1.0461833272242185,False,False,False,,-1,,,False,4,0.018756497366708924,0.073962994393945838,0.035839235934462851,0.0074853442300790553
10000,0,single,gaussian_matched,0.050000000000000003,194,9,0.050000000000000003,2.5786557285786329,1-<5%,True,False,3,0.073962994393945838,0.57020551967988697,0.041042264010860946,0.070774684934474377,1.5999045386131916,1.6575246098890144,1.6030187685130026,0.96711611939224151,,1.0461833272242185,False,False,False,,-1,,,False,4,0.018756497366708924,0.073962994393945838,0.035839235934462851,0.0074853442300790553
10000,0,single,gaussian_matched,0.050000000000000003,194,10,0.02,2.5786557285786329,1-<5%,True,False,0,0.27183004835595642,0.41327468934636979,-0.0041931318759222957,0.10226521916316304,1.5999045386131916,1.5647750178043585,1.5884798078523812,1.0151490085017363,,1.0567786928594463,False,False,False,,-1,,,False,4,0.27183004835595642,0.11999888235752131,0.022049540004441408,0.021315203813628884
10000,0,single,gaussian_matched,0.050000000000000003,194,10,0.050000000000000003,2.5786557285786329,1-<5%,True,False,2,0.27183004835595642,0.41327468934636979,-0.0041931318759222957,0.10226521916316304,1.5999045386131916,1.5647750178043585,1.5884798078523812,1.0151490085017363,,1.0567786928594463,False,False,False,,-1,,,False,4,0.27183004835595642,0.11999888235752131,0.022049540004441408,0.021315203813628884
10000,0,single,gaussian_matched,0.050000000000000003,194,11,0.02,2.5786557285786329,1-<5%,True,False,2,0.28794219836772428,0.49323630869112323,0.094712243866654777,0.045220927364584003,1.5999045386131916,1.5724320141985046,1.5752465840275385,1.0017899469125655,,1.0128526248177001,False,False,False,,-1,,,False,4,0.28794219836772428,0.14546401236145626,0.017715847288890519,0.011402444069368559
10000,0,single,gaussian_matched,0.050000000000000003,194,11,0.050000000000000003,2.5786557285786329,1-<5%,True,False,2,0.28794219836772428,0.49323630869112323,0.094712243866654777,0.045220927364584003,1.5999045386131916,1.5724320141985046,1.5752465840275385,1.0017899469125655,,1.0128526248177001,False,False,False,,-1,,,False,4,0.28794219836772428,0.14546401236145626,0.017715847288890519,0.011402444069368559
10000,0,single,gaussian_matched,0.050000000000000003,194,12,0.02,2.5786557285786329,1-<5%,True,False,1,0.29371356398118803,0.50079377118740664,0.13838972465195082,0.088393288753986513,1.5999045386131916,1.5622276827641313,1.574368491813523,1.0077714722273454,,1.0392881202829782,False,False,False,,-1,,,False,4,0.29371356398118803,0.15057379109386973,0.039690369270121227,0.0072451448886400359
10000,0,single,gaussian_matched,0.050000000000000003,194,12,0.050000000000000003,2.5786557285786329,1-<5%,True,False,2,0.29371356398118803,0.50079377118740664,0.13838972465195082,0.088393288753986513,1.5999045386131916,1.5622276827641313,1.574368491813523,1.0077714722273454,,1.0392881202829782,False,False,False,,-1,,,False,4,0.29371356398118803,0.15057379109386973,0.039690369270121227,0.0072451448886400359
10000,0,single,gaussian_matched,0.050000000000000003,194,13,0.02,2.5786557285786329,1-<5%,True,False,2,0.07897711186067248,0.60579158812876022,0.055329414821468539,0.10592574182484882,1.5999045386131916,1.6351415211406224,1.6234855208132826,0.99287156482993044,,1.0809465320582172,False,False,False,,-1,,,False,4,0.011126744844767189,0.07897711186067248,0.056786058810431569,0.0072184769620272284
10000,0,single,gaussian_matched,0.050000000000000003,194,13,0.050000000000000003,2.5786557285786329,1-<5%,True,False,2,0.07897711186067248,0.60579158812876022,0.055329414821468539,0.10592574182484882,1.5999045386131916,1.6351415211406224,1.6234855208132826,0.99287156482993044,,1.0809465320582172,False,False,False,,-1,,,False,4,0.011126744844767189,0.07897711186067248,0.056786058810431569,0.0072184769620272284
10000,0,single,gaussian_matched,0.050000000000000003,194,14,0.02,2.5786557285786329,1-<5%,True,False,0,0.059493850116907575,0.34683879678910967,-0.0021492686305328648,0.16179586023043704,1.5999045386131916,1.5192319257996574,1.5901532184608596,1.0466823343143425,,1.0950335075678317,False,False,False,,-1,,,False,4,0.04994627172021817,0.036154670928306175,0.059493850116907575,0.033317067338648816
10000,0,single,gaussian_matched,0.050000000000000003,194,14,0.050000000000000003,2.5786557285786329,1-<5%,True,False,3,0.059493850116907575,0.34683879678910967,-0.0021492686305328648,0.16179586023043704,1.5999045386131916,1.5192319257996574,1.5901532184608596,1.0466823343143425,,1.0950335075678317,False,False,False,,-1,,,False,4,0.04994627172021817,0.036154670928306175,0.059493850116907575,0.033317067338648816
10000,0,single,gaussian_matched,0.050000000000000003,194,15,0.02,2.5786557285786329,1-<5%,True,False,2,0.27825370467242355,0.42939687101660251,0.10135469411826825,0.087304675878369528,1.5999045386131916,1.5129783834356481,1.5766806839429395,1.0421039065757418,,1.0400529029461114,False,False,False,,-1,,,False,4,0.27825370467242355,0.12143330693300816,0.0048310520574422651,0.00048791498757990679
10000,0,single,gaussian_matched,0.050000000000000003,194,15,0.050000000000000003,2.5786557285786329,1-<5%,True,False,2,0.27825370467242355,0.42939687101660251,0.10135469411826825,0.087304675878369528,1.5999045386131916,1.5129783834356481,1.5766806839429395,1.0421039065757418,,1.0400529029461114,False,False,False,,-1,,,False,4,0.27825370467242355,0.12143330693300816,0.0048310520574422651,0.00048791498757990679
10000,0,single,gaussian_matched,0.050000000000000003,194,16,0.02,2.5786557285786329,1-<5%,True,False,1,0.39474970399856935,0.48916792793004643,-0.044659621352603887,0.095277372444599939,1.5999045386131916,1.6477769717175268,1.4625430733289511,0.88758557646578773,,0.97369587258242329,False,False,False,,-1,,,False,4,0.008242637651280485,0.034349636805121792,0.032484334892122588,0.39474970399856935
10000,0,single,gaussian_matched,0.050000000000000003,194,16,0.050000000000000003,2.5786557285786329,1-<5%,True,False,3,0.39474970399856935,0.48916792793004643,-0.044659621352603887,0.095277372444599939,1.5999045386131916,1.6477769717175268,1.4625430733289511,0.88758557646578773,,0.97369587258242329,False,False,False,,-1,,,False,4,0.008242637651280485,0.034349636805121792,0.032484334892122588,0.39474970399856935
10000,0,single,gaussian_matched,0.050000000000000003,194,17,0.02,2.5786557285786329,1-<5%,True,False,1,0.073255538395383971,0.56464710148246522,0.038190315293256442,0.065716941369458534,1.5999045386131916,1.6617965091277345,1.5988406899777785,0.96211580731806867,,1.0404105939908685,False,False,False,,-1,,,False,4,0.020866629267116504,0.073255538395383971,0.03304009897759988,0.0086653863939267824
10000,0,single,gaussian_matched,0.050000000000000003,194,17,0.050000000000000003,2.5786557285786329,1-<5%,True,False,3,0.073255538395383971,0.56464710148246522,0.038190315293256442,0.065716941369458534,1.5999045386131916,1.6617965091277345,1.5988406899777785,0.96211580731806867,,1.0404105939908685,False,False,False,,-1,,,False,4,0.020866629267116504,0.073255538395383971,0.03304009897759988,0.0086653863939267824
10000,0,single,gaussian_matched,0.050000000000000003,194,18,0.02,2.5786557285786329,1-<5%,True,False,1,0.28317748972104967,0.56560407259506074,0.10889604115614285,0.088162565780063776,1.5999045386131916,1.59407213849538,1.567493502098936,0.98332657866943762,,1.0348467848676359,False,False,False,,-1,,,False,4,0.28317748972104967,0.15506420929766057,0.043797050673800748,0.0018787388112445522
10000,0,single,gaussian_matched,0.050000000000000003,194,18,0.050000000000000003,2.5786557285786329,1-<5%,True,False,2,0.28317748972104967,0.56560407259506074,0.10889604115614285,0.088162565780063776,1.5999045386131916,1.59407213849538,1.567493502098936,0.98332657866943762,,1.0348467848676359,False,False,False,,-1,,,False,4,0.28317748972104967,0.15506420929766057,0.043797050673800748,0.0018787388112445522
10000,0,single,gaussian_matched,0.050000000000000003,194,19,0.02,2.5786557285786329,1-<5%,True,False,0,0.063046025996390906,0.55292577196423387,-0.024434529310395942,0.09133255986596607,1.5999045386131916,1.6850636718244805,1.5931757653102729,0.94546917837548705,,1.0528805216318609,False,False,False,,-1,,,False,4,0.02100811798080043,0.063046025996390906,0.044185159447801152,0.05032441974623679
10000,0,single,gaussian_matched,0.050000000000000003,194,19,0.050000000000000003,2.5786557285786329,1-<5%,True,False,2,0.063046025996390906,0.55292577196423387,-0.024434529310395942,0.09133255986596607,1.5999045386131916,1.6850636718244805,1.5931757653102729,0.94546917837548705,,1.0528805216318609,False,False,False,,-1,,,False,4,0.02100811798080043,0.063046025996390906,0.044185159447801152,0.05032441974623679
10000,0,single,gaussian_matched,0.050000000000000003,194,20,0.02,2.5786557285786329,1-<5%,True,False,1,0.27632203716187848,0.43764705395157227,0.017805255173749861,0.07017400854551134,1.5999045386131916,1.5679182668455249,1.5817573237422458,1.0088263892253539,,1.0325186862209059,False,False,False,,-1,,,False,4,0.27632203716187848,0.12777718971198337,0.016979410667329903,0.022709077922163198
10000,0,single,gaussian_matched,0.050000000000000003,194,20,0.050000000000000003,2.5786557285786329,1-<5%,True,False,2,0.27632203716187848,0.43764705395157227,0.017805255173749861,0.07017400854551134,1.5999045386131916,1.5679182668455249,1.5817573237422458,1.0088263892253539,,1.0325186862209059,False,False,False,,-1,,,False,4,0.27632203716187848,0.12777718971198337,0.016979410667329903,0.022709077922163198
10000,0,single,gaussian_matched,0.050000000000000003,194,21,0.02,2.5786557285786329,1-<5%,True,False,1,0.077295179061212235,0.55885138667579437,0.029993534239744171,0.062159024975301506,1.5999045386131916,1.6607770837436082,1.5957884817264116,0.96086855806638194,,1.0362790195837768,False,False,False,,-1,,,False,4,0.020511361014182203,0.077295179061212235,0.030955535230981986,0.013263474066226643
10000,0,single,gaussian_matched,0.050000000000000003,194,21,0.050000000000000003,2.5786557285786329,1-<5%,True,False,3,0.077295179061212235,0.55885138667579437,0.029993534239744171,0.062159024975301506,1.5999045386131916,1.6607770837436082,1.5957884817264116,0.96086855806638194,,1.0362790195837768,False,False,False,,-1,,,False,4,0.020511361014182203,0.077295179061212235,0.030955535230981986,0.013263474066226643
10000,0,single,gaussian_matched,0.050000000000000003,194,22,0.02,2.5786557285786329,1-<5%,True,False,2,0.28812600607591926,0.45559065556067735,0.10544550289082792,0.071037973396960066,1.5999045386131916,1.5339915348930326,1.5740768264044676,1.0261313642217915,,1.0282580992159849,False,False,False,,-1,,,False,4,0.28812600607591926,0.13767377381528934,0.013451939121642879,0.0042569391187715156
10000,0,single,gaussian_matched,0.050000000000000003,194,22,0.050000000000000003,2.5786557285786329,1-<5%,True,False,2,0.28812600607591926,0.45559065556067735,0.10544550289082792,0.071037973396960066,1.5999045386131916,1.5339915348930326,1.5740768264044676,1.0261313642217915,,1.0282580992159849,False,False,False,,-1,,,False,4,0.28812600607591926,0.13767377381528934,0.013451939121642879,0.0042569391187715156
10000,0,single,gaussian_matched,0.050000000000000003,194,23,0.02,2.5786557285786329,1-<5%,True,False,2,0.074902158593243937,0.57936474606260113,0.045715107469696599,0.079480332294080233,1.5999045386131916,1.6506064666799978,1.6091671099949449,0.97489446605137609,,1.0554676241826006,False,False,False,,-1,,,False,4,0.016059294014617188,0.074902158593243937,0.040765675422115934,0.0060999135578505594
10000,0,single,gaussian_matched,0.050000000000000003,194,23,0.050000000000000003,2.5786557285786329,1-<5%,True,False,3,0.074902158593243937,0.57936474606260113,0.045715107469696599,0.079480332294080233,1.5999045386131916,1.6506064666799978,1.6091671099949449,0.97489446605137609,,1.0554676241826006,False,False,False,,-1,,,False,4,0.016059294014617188,0.074902158593243937,0.040765675422115934,0.0060999135578505594
10000,0,single,gaussian_matched,0.050000000000000003,194,24,0.02,2.5786557285786329,1-<5%,True,False,1,0.22456115689052394,0.51970188118145122,0.044568856891899607,0.020436766807611428,1.5999045386131916,1.6195983076176341,1.2976181542047973,0.80119752416483003,,0.82383347831171727,False,False,False,,-1,,,False,4,0.22456115689052394,0.083169472915979259,0.0094214118245577877,0.042655256332850389
10000,0,single,gaussian_matched,0.050000000000000003,194,24,0.050000000000000003,2.5786557285786329,1-<5%,True,False,2,0.22456115689052394,0.51970188118145122,0.044568856891899607,0.020436766807611428,1.5999045386131916,1.6195983076176341,1.2976181542047973,0.80119752416483003,,0.82383347831171727,False,False,False,,-1,,,False,4,0.22456115689052394,0.083169472915979259,0.0094214118245577877,0.042655256332850389
10000,0,single,gaussian_matched,0.050000000000000003,194,25,0.02,2.5786557285786329,1-<5%,True,False,1,0.2724247209521411,0.44773149786230027,0.0068113683148536483,0.067803054669785714,1.5999045386131916,1.5827162725287154,1.574424621009316,0.99476112575366915,,1.0264535389733915,False,False,False,,-1,,,False,4,0.2724247209521411,0.12642928019308416,0.007896285938133029,0.024436999364629845
10000,0,single,gaussian_matched,0.050000000000000003,194,25,0.050000000000000003,2.5786557285786329,1-<5%,True,False,2,0.2724247209521411,0.44773149786230027,0.0068113683148536483,0.067803054669785714,1.5999045386131916,1.5827162725287154,1.574424621009316,0.99476112575366915,,1.0264535389733915,False,False,False,,-1,,,False,4,0.2724247209521411,0.12642928019308416,0.007896285938133029,0.024436999364629845
10000,0,single,gaussian_matched,0.050000000000000003,194,26,0.02,2.5786557285786329,1-<5%,True,False,2,0.24901503957946086,0.47022539177066502,0.0068078598615448627,0.0524603494550916,1.5999045386131916,1.6001186809527921,1.3049599045855147,0.81553944724179783,,0.84843827945961559,False,False,False,,-1,,,False,4,0.01304581004046923,0.045656596644875071,0.002604473066658996,0.24901503957946086
10000,0,single,gaussian_matched,0.050000000000000003,194,26,0.050000000000000003,2.5786557285786329,1-<5%,True,False,3,0.24901503957946086,0.47022539177066502,0.0068078598615448627,0.0524603494550916,1.5999045386131916,1.6001186809527921,1.3049599045855147,0.81553944724179783,,0.84843827945961559,False,False,False,,-1,,,False,4,0.01304581004046923,0.045656596644875071,0.002604473066658996,0.24901503957946086
10000,0,single,gaussian_matched,0.050000000000000003,194,27,0.02,2.5786557285786329,1-<5%,True,False,1,0.27335178497415019,0.4177990364600605,0.0035666468979308613,0.094408975670726869,1.5999045386131916,1.5626095389458721,1.5871084268726516,1.0156781891548585,,1.0510110834493473,False,False,False,,-1,,,False,4,0.27335178497415019,0.12194781515727528,0.022315328741275384,0.018918825545710692
10000,0,single,gaussian_matched,0.050000000000000003,194,27,0.050000000000000003,2.5786557285786329,1-<5%,True,False,2,0.27335178497415019,0.4177990364600605,0.0035666468979308613,0.094408975670726869,1.5999045386131916,1.5626095389458721,1.5871084268726516,1.0156781891548585,,1.0510110834493473,False,False,False,,-1,,,False,4,0.27335178497415019,0.12194781515727528,0.022315328741275384,0.018918825545710692
10000,0,single,gaussian_matched,0.050000000000000003,194,28,0.02,2.5786557285786329,1-<5%,True,False,2,0.2809886689003579,0.42838458324465323,0.064957487131912017,0.073160743150567559,1.5999045386131916,1.531765525672252,1.5792667815761032,1.0310107879487653,,1.0328288249991506,False,False,False,,-1,,,False,4,0.2809886689003579,0.12775332974211318,0.01218729348725997,0.002182014908624243
10000,0,single,gaussian_matched,0.050000000000000003,194,28,0.050000000000000003,2.5786557285786329,1-<5%,True,False,2,0.2809886689003579,0.42838458324465323,0.064957487131912017,0.073160743150567559,1.5999045386131916,1.531765525672252,1.5792667815761032,1.0310107879487653,,1.0328288249991506,False,False,False,,-1,,,False,4,0.2809886689003579,0.12775332974211318,0.01218729348725997,0.002182014908624243
10000,0,single,gaussian_matched,0.050000000000000003,194,29,0.02,2.5786557285786329,1-<5%,True,False,0,0.076694667891325799,0.54378516009771316,0.0140133548130617,0.056676087343719858,1.5999045386131916,1.6560761738469201,1.5839829320731429,0.95646743615282448,,1.0254730703114308,False,False,False,,-1,,,False,4,0.025076367736411177,0.076694667891325799,0.027377920661059183,0.023994879580880504
10000,0,single,gaussian_matched,0.050000000000000003,194,29,0.050000000000000003,2.5786557285786329,1-<5%,True,False,3,0.076694667891325799,0.54378516009771316,0.0140133548130617,0.056676087343719858,1.5999045386131916,1.6560761738469201,1.5839829320731429,0.95646743615282448,,1.0254730703114308,False,False,False,,-1,,,False,4,0.025076367736411177,0.076694667891325799,0.027377920661059183,0.023994879580880504
10000,0,single,gaussian_matched,0.050000000000000003,194,30,0.02,2.5786557285786329,1-<5%,True,False,1,0.38673079587758658,0.50816660800863656,-0.031002601406403291,0.081413235539262135,1.5999045386131916,1.6533730580900095,1.4694249618185864,0.88874374396548994,,0.96933170694179405,False,False,False,,-1,,,False,4,0.015220827375528646,0.046749483316935216,0.032290842349107861,0.38673079587758658
10000,0,single,gaussian_matched,0.050000000000000003,194,30,0.050000000000000003,2.5786557285786329,1-<5%,True,False,3,0.38673079587758658,0.50816660800863656,-0.031002601406403291,0.081413235539262135,1.5999045386131916,1.6533730580900095,1.4694249618185864,0.88874374396548994,,0.96933170694179405,False,False,False,,-1,,,False,4,0.015220827375528646,0.046749483316935216,0.032290842349107861,0.38673079587758658
10000,0,single,gaussian_matched,0.050000000000000003,194,31,0.02,2.5786557285786329,1-<5%,True,False,1,0.095059325754382723,0.48671163627687769,-0.0025700217254441479,0.054223498546770874,1.5999045386131916,1.6188754900782047,1.4584189440527526,0.90088394876019728,,0.94545793582827919,False,False,False,,-1,,,False,4,0.095059325754382723,0.034739250951111772,0.013210435799506303,0.057002455536206843
10000,0,single,gaussian_matched,0.050000000000000003,194,31,0.050000000000000003,2.5786557285786329,1-<5%,True,False,2,0.095059325754382723,0.48671163627687769,-0.0025700217254441479,0.054223498546770874,1.5999045386131916,1.6188754900782047,1.4584189440527526,0.90088394876019728,,0.94545793582827919,False,False,False,,-1,,,False,4,0.095059325754382723,0.034739250951111772,0.013210435799506303,0.057002455536206843
10000,0,single,gaussian_matched,0.050000000000000003,195,0,0.02,3.577198512739439,1-<5%,True,False,2,0.038881815275267663,0.41985491211922626,0.033797712490734752,0.08176643096008189,1.2047346896069264,1.2581094386716147,1.2279800976998225,0.97605189179440188,,1.0871659461281393,False,False,False,,-1,,,False,2,0.00082506041697786908,0.025754135424857435,0.038881815275267663,0.0094508211436961972
10000,0,single,gaussian_matched,0.050000000000000003,195,0,0.050000000000000003,3.577198512739439,1-<5%,True,True,4,0.038881815275267663,0.41985491211922626,0.033797712490734752,0.08176643096008189,1.2047346896069264,1.2581094386716147,1.2279800976998225,0.97605189179440188,0.95143924356578902,1.0871659461281393,True,True,False,3>4>1>2,16,0,0,True,2,0.00082506041697786908,0.025754135424857435,0.038881815275267663,0.0094508211436961972
10000,0,single,gaussian_matched,0.050000000000000003,195,1,0.02,3.577198512739439,1-<5%,True,False,3,0.020073052592640511,0.49022402685607658,-0.0040233601450691894,0.054900756755026266,1.2047346896069264,1.2581067311438008,1.2422977437005471,0.9874343034244154,,1.0767503514643673,False,False,False,,-1,,,False,2,0.0024493608717842249,0.013548608616606266,0.020073052592640511,0.011477230049940544
10000,0,single,gaussian_matched,0.050000000000000003,195,1,0.050000000000000003,3.577198512739439,1-<5%,True,True,4,0.020073052592640511,0.49022402685607658,-0.0040233601450691894,0.054900756755026266,1.2047346896069264,1.2581067311438008,1.2422977437005471,0.9874343034244154,0.95517947357104338,1.0767503514643673,True,True,False,3>4>1>2,16,0,0,True,2,0.0024493608717842249,0.013548608616606266,0.020073052592640511,0.011477230049940544
10000,0,single,gaussian_matched,0.050000000000000003,195,2,0.02,3.577198512739439,1-<5%,True,False,3,0.029016832860199335,0.52262541980693555,0.06896897625520497,0.029525102567317212,1.2047346896069264,1.1782613650334752,1.1725830704678495,0.99518078523650444,,0.99781983818145326,False,False,False,,-1,,,False,2,0.029016832860199335,0.0083543886185031089,0.0041215541476673813,0.015171236252644148
10000,0,single,gaussian_matched,0.050000000000000003,195,2,0.050000000000000003,3.577198512739439,1-<5%,True,True,4,0.029016832860199335,0.52262541980693555,0.06896897625520497,0.029525102567317212,1.2047346896069264,1.1782613650334752,1.1725830704678495,0.99518078523650444,0.94321585767962912,0.99781983818145326,True,True,False,3>4>1>2,16,0,0,True,2,0.029016832860199335,0.0083543886185031089,0.0041215541476673813,0.015171236252644148
10000,0,single,gaussian_matched,0.050000000000000003,195,3,0.02,3.577198512739439,1-<5%,True,True,4,0.010264841688955953,0.52688274505069599,0.00012595301364744932,0.056657766848487966,1.2047346896069264,1.2412603440073358,1.2345434239356239,0.99458862912672563,0.98219167956318221,1.0717722349353094,True,True,False,3>4>1>2,16,0,0,True,2,0.0038258427897887395,0.0073296219739667819,0.010264841688955953,0.0065801316344262515
10000,0,single,gaussian_matched,0.050000000000000003,195,3,0.050000000000000003,3.577198512739439,1-<5%,True,True,4,0.010264841688955953,0.52688274505069599,0.00012595301364744932,0.056657766848487966,1.2047346896069264,1.2412603440073358,1.2345434239356239,0.99458862912672563,0.95754387436003419,1.0717722349353094,True,True,False,3>4>1>2,16,0,0,True,2,0.0038258427897887395,0.0073296219739667819,0.010264841688955953,0.0065801316344262515
10000,0,single,gaussian_matched,0.050000000000000003,195,4,0.02,3.577198512739439,1-<5%,True,False,0,0.22459455282314544,0.58120968806058337,0.085062587671428297,0.088455630058882365,1.2047346896069264,1.1444559901476425,1.0962631549273365,0.95789018045675234,,0.98338563270952362,False,False,False,,-1,,,False,2,0.22459455282314544,0.028029268286267065,0.027318116562518122,0.027118424745225932
10000,0,single,gaussian_matched,0.050000000000000003,195,4,0.050000000000000003,3.577198512739439,1-<5%,True,False,3,0.22459455282314544,0.58120968806058337,0.085062587671428297,0.088455630058882365,1.2047346896069264,1.1444559901476425,1.0962631549273365,0.95789018045675234,,0.98338563270952362,False,False,False,,-1,,,False,2,0.22459455282314544,0.028029268286267065,0.027318116562518122,0.027118424745225932
10000,0,single,gaussian_matched,0.050000000000000003,195,5,0.02,3.577198512739439,1-<5%,True,False,2,0.034511670998134368,0.4701072489804845,-0.027381763587155855,0.082954890750173524,1.2047346896069264,1.2875527937114795,1.2601816679797546,0.97874174490909593,,1.1148816169377165,False,False,False,,-1,,,False,2,0.0077471326560653066,0.017353003554729098,0.034511670998134368,0.021345931837850732
10000,0,single,gaussian_matched,0.050000000000000003,195,5,0.050000000000000003,3.577198512739439,1-<5%,True,True,4,0.034511670998134368,0.4701072489804845,-0.027381763587155855,0.082954890750173524,1.2047346896069264,1.2875527937114795,1.2601816679797546,0.97874174490909593,0.95087853339617157,1.1148816169377165,True,True,False,3>4>1>2,16,0,0,True,2,0.0077471326560653066,0.017353003554729098,0.034511670998134368,0.021345931837850732
10000,0,single,gaussian_matched,0.050000000000000003,195,6,0.02,3.577198512739439,1-<5%,True,True,4,0.01720618670172901,0.47681824242909365,0.015946485900129023,0.041195093234830595,1.2047346896069264,1.2454215603460888,1.2305565606550926,0.98806428267801516,0.98246718781300602,1.0556279858637279,True,True,False,3>4>1>2,16,0,0,True,2,0.00017254331892102792,0.015591282321621455,0.01720618670172901,0.0067775963869607103
10000,0,single,gaussian_matched,0.050000000000000003,195,6,0.050000000000000003,3.577198512739439,1-<5%,True,True,4,0.01720618670172901,0.47681824242909365,0.015946485900129023,0.041195093234830595,1.2047346896069264,1.2454215603460888,1.2305565606550926,0.98806428267801516,0.95573835071336533,1.0556279858637279,True,True,False,3>4>1>2,16,0,0,True,2,0.00017254331892102792,0.015591282321621455,0.01720618670172901,0.0067775963869607103
10000,0,single,gaussian_matched,0.050000000000000003,195,7,0.02,3.577198512739439,1-<5%,True,False,2,0.24637635994148538,0.56356414436687885,0.16396831191231576,0.13049588717364358,1.2047346896069264,1.0748250629145686,1.077204167157916,1.0022134804308489,,1.0024614255322895,False,False,False,,-1,,,False,2,0.24637635994148538,0.0074890552702771788,0.0059596149223639363,0.050141845844656197
10000,0,single,gaussian_matched,0.050000000000000003,195,7,0.050000000000000003,3.577198512739439,1-<5%,True,False,2,0.24637635994148538,0.56356414436687885,0.16396831191231576,0.13049588717364358,1.2047346896069264,1.0748250629145686,1.077204167157916,1.0022134804308489,,1.0024614255322895,False,False,False,,-1,,,False,2,0.24637635994148538,0.0074890552702771788,0.0059596149223639363,0.050141845844656197
10000,0,single,gaussian_matched,0.050000000000000003,195,8,0.02,3.577198512739439,1-<5%,True,False,1,0.22634495530730253,0.53577226174335024,0.10585198765782168,0.066325705692169043,1.2047346896069264,1.1391687406889639,1.0805905545685939,0.94857813067716179,,0.95200733419154049,False,False,False,,-1,,,False,2,0.22634495530730253,0.03414936353559251,0.0032271109062005274,0.028727790489124889
10000,0,single,gaussian_matched,0.050000000000000003,195,8,0.050000000000000003,3.577198512739439,1-<5%,True,False,3,0.22634495530730253,0.53577226174335024,0.10585198765782168,0.066325705692169043,1.2047346896069264,1.1391687406889639,1.0805905545685939,0.94857813067716179,,0.95200733419154049,False,False,False,,-1,,,False,2,0.22634495530730253,0.03414936353559251,0.0032271109062005274,0.028727790489124889
10000,0,single,gaussian_matched,0.050000000000000003,195,9,0.02,3.577198512739439,1-<5%,True,False,3,0.02038134084554866,0.5650747062653293,0.020365351979464603,0.071504753400175508,1.2047346896069264,1.2111348433992797,1.2120269220741746,1.0007365642890689,,1.0654060902763025,False,False,False,,-1,,,False,2,0.02038134084554866,0.0021220014110623592,0.0044731703170265641,0.0025484624797109962
10000,0,single,gaussian_matched,0.050000000000000003,195,9,0.050000000000000003,3.577198512739439,1-<5%,True,True,4,0.02038134084554866,0.5650747062653293,0.020365351979464603,0.071504753400175508,1.2047346896069264,1.2111348433992797,1.2120269220741746,1.0007365642890689,0.95637931525415576,1.0654060902763025,True,True,False,3>4>1>2,16,0,0,True,2,0.02038134084554866,0.0021220014110623592,0.0044731703170265641,0.0025484624797109962
10000,0,single,gaussian_matched,0.050000000000000003,195,10,0.02,3.577198512739439,1-<5%,True,False,3,0.027118267469498272,0.46608129177639268,-0.0033208088560031102,0.063194837009178426,1.2047346896069264,1.2674408228189011,1.244985335289198,0.98228281184776722,,1.0858657790664279,False,False,False,,-1,,,False,2,0.0039750003425730925,0.017733996539024615,0.027118267469498272,0.014258345408042031
10000,0,single,gaussian_matched,0.050000000000000003,195,10,0.050000000000000003,3.577198512739439,1-<5%,True,True,4,0.027118267469498272,0.46608129177639268,-0.0033208088560031102,0.063194837009178426,1.2047346896069264,1.2674408228189011,1.244985335289198,0.98228281184776722,0.95319056164410398,1.0858657790664279,True,True,False,3>4>1>2,16,0,0,True,2,0.0039750003425730925,0.017733996539024615,0.027118267469498272,0.014258345408042031
10000,0,single,gaussian_matched,0.050000000000000003,195,11,0.02,3.577198512739439,1-<5%,True,False,3,0.032889678374735942,0.54727315229135665,0.056969680977769999,0.047784175000659859,1.2047346896069264,1.1808876987668069,1.1765566962916651,0.99633241799396799,,1.0162742733769836,False,False,False,,-1,,,False,2,0.032889678374735942,0.0046388960023412661,0.016723133048603542,0.013558022034972198
10000,0,single,gaussian_matched,0.050000000000000003,195,11,0.050000000000000003,3.577198512739439,1-<5%,True,True,4,0.032889678374735942,0.54727315229135665,0.056969680977769999,0.047784175000659859,1.2047346896069264,1.1808876987668069,1.1765566962916651,0.99633241799396799,0.94344989197527462,1.0162742733769836,True,True,False,3>4>1>2,16,0,0,True,2,0.032889678374735942,0.0046388960023412661,0.016723133048603542,0.013558022034972198
10000,0,single,gaussian_matched,0.050000000000000003,195,12,0.02,3.577198512739439,1-<5%,True,True,4,0.0092999801558237179,0.51389815796706728,0.013680066867281661,0.038888254494675992,1.2047346896069264,1.2328552838360327,1.2265238760193893,0.99486443551027071,0.98297717514509841,1.0503658120170312,True,True,False,3>4>1>2,16,0,0,True,2,0.0033631157316228759,0.0092999801558237179,0.0071769456959688326,0.0034371092160820215
10000,0,single,gaussian_matched,0.050000000000000003,195,12,0.050000000000000003,3.577198512739439,1-<5%,True,True,4,0.0092999801558237179,0.51389815796706728,0.013680066867281661,0.038888254494675992,1.2047346896069264,1.2328552838360327,1.2265238760193893,0.99486443551027071,0.95770859138045528,1.0503658120170312,True,True,False,3>4>1>2,16,0,0,True,2,0.0033631157316228759,0.0092999801558237179,0.0071769456959688326,0.0034371092160820215
10000,0,single,gaussian_matched,0.050000000000000003,195,13,0.02,3.577198512739439,1-<5%,True,False,2,0.042814059134198446,0.41665846459761102,0.082360242343785084,0.089403561493802686,1.2047346896069264,1.2205401793264787,1.1966816026811458,0.98045244470485304,,1.0675256347059821,False,False,False,,-1,,,False,2,0.0085738916574219191,0.025632736703573376,0.042814059134198446,0.0058119462963478891
10000,0,single,gaussian_matched,0.050000000000000003,195,13,0.050000000000000003,3.577198512739439,1-<5%,True,True,4,0.042814059134198446,0.41665846459761102,0.082360242343785084,0.089403561493802686,1.2047346896069264,1.2205401793264787,1.1966816026811458,0.98045244470485304,0.95153643348681394,1.0675256347059821,True,True,False,3>4>1>2,16,0,0,True,2,0.0085738916574219191,0.025632736703573376,0.042814059134198446,0.0058119462963478891
10000,0,single,gaussian_matched,0.050000000000000003,195,14,0.02,3.577198512739439,1-<5%,True,False,3,0.034440674084588639,0.58792867580544006,0.030246314359741056,0.090120253690679053,1.2047346896069264,1.1965555268409518,1.1954321908344685,0.9990611919118797,,1.0670834463516528,False,False,False,,-1,,,False,2,0.034440674084588639,0.0010591544432359274,0.011725376049418125,0.0074188159268035979
10000,0,single,gaussian_matched,0.050000000000000003,195,14,0.050000000000000003,3.577198512739439,1-<5%,True,True,4,0.034440674084588639,0.58792867580544006,0.030246314359741056,0.090120253690679053,1.2047346896069264,1.1965555268409518,1.1954321908344685,0.9990611919118797,0.94937734787312023,1.0670834463516528,True,True,False,3>4>1>2,16,0,0,True,2,0.034440674084588639,0.0010591544432359274,0.011725376049418125,0.0074188159268035979
10000,0,single,gaussian_matched,0.050000000000000003,195,15,0.02,3.577198512739439,1-<5%,True,False,1,0.23451289066320524,0.51288732959841021,0.13665431853796284,0.087607386591866718,1.2047346896069264,1.1216804451336295,1.0793212471902482,0.96223594863657014,,0.96861877046377187,False,False,False,,-1,,,False,2,0.23451289066320524,0.024859373860600147,0.013040616094166476,0.035285545393081492
10000,0,single,gaussian_matched,0.050000000000000003,195,15,0.050000000000000003,3.577198512739439,1-<5%,True,False,3,0.23451289066320524,0.51288732959841021,0.13665431853796284,0.087607386591866718,1.2047346896069264,1.1216804451336295,1.0793212471902482,0.96223594863657014,,0.96861877046377187,False,False,False,,-1,,,False,2,0.23451289066320524,0.024859373860600147,0.013040616094166476,0.035285545393081492
10000,0,single,gaussian_matched,0.050000000000000003,195,16,0.02,3.577198512739439,1-<5%,True,True,4,0.011864198420751716,0.5089067842110554,0.048496527742594851,0.0090327866027650975,1.2047346896069264,1.2024717065409214,1.1999453533283686,0.99789903313415984,0.98222288894931931,1.0035223110621907,True,True,False,3>4>1>2,16,0,0,True,2,0.011864198420751716,0.010485552368805917,0.0018621156466153113,0.0071372582387029182
10000,0,single,gaussian_matched,0.050000000000000003,195,16,0.050000000000000003,3.577198512739439,1-<5%,True,True,4,0.011864198420751716,0.5089067842110554,0.048496527742594851,0.0090327866027650975,1.2047346896069264,1.2024717065409214,1.1999453533283686,0.99789903313415984,0.95579811208410903,1.0035223110621907,True,True,False,3>4>1>2,16,0,0,True,2,0.011864198420751716,0.010485552368805917,0.0018621156466153113,0.0071372582387029182
10000,0,single,gaussian_matched,0.050000000000000003,195,17,0.02,3.577198512739439,1-<5%,True,True,4,0.016709615345520699,0.49764422671772179,0.066959931060453837,0.017122760564022454,1.2047346896069264,1.1904380491349347,1.1860946075518228,0.99635139217343727,0.97927207971439745,0.99874053473833635,True,True,False,3>4>1>2,16,0,0,True,2,0.016709615345520699,0.012367441205393031,0.0059533708501413925,0.011781037068781667
10000,0,single,gaussian_matched,0.050000000000000003,195,17,0.050000000000000003,3.577198512739439,1-<5%,True,True,4,0.016709615345520699,0.49764422671772179,0.066959931060453837,0.017122760564022454,1.2047346896069264,1.1904380491349347,1.1860946075518228,0.99635139217343727,0.9518610129194357,0.99874053473833635,True,True,False,3>4>1>2,16,0,0,True,2,0.016709615345520699,0.012367441205393031,0.0059533708501413925,0.011781037068781667
10000,0,single,gaussian_matched,0.050000000000000003,195,18,0.02,3.577198512739439,1-<5%,True,False,2,0.034758667771705873,0.43015601504785406,0.066913847245353292,0.071862789137597027,1.2047346896069264,1.2249444010835977,1.2041885260984664,0.98305565953297924,,1.0591969553499001,False,False,False,,-1,,,False,2,0.006577915540783655,0.023348718863317824,0.034758667771705873,0.0028485703075135063
10000,0,single,gaussian_matched,0.050000000000000003,195,18,0.050000000000000003,3.577198512739439,1-<5%,True,True,4,0.034758667771705873,0.43015601504785406,0.066913847245353292,0.071862789137597027,1.2047346896069264,1.2249444010835977,1.2041885260984664,0.98305565953297924,0.95322831250670836,1.0591969553499001,True,True,False,3>4>1>2,16,0,0,True,2,0.006577915540783655,0.023348718863317824,0.034758667771705873,0.0028485703075135063
10000,0,single,gaussian_matched,0.050000000000000003,195,19,0.02,3.577198512739439,1-<5%,True,False,3,0.022478107816895375,0.46454711279776689,0.013601666238616188,0.050810883790575391,1.2047346896069264,1.2529729990154874,1.2339884198761475,0.98484837330552466,,1.0664582955488062,False,False,False,,-1,,,False,2,0.0011048699976813387,0.017793297667127051,0.022478107816895375,0.0090921486624395993
10000,0,single,gaussian_matched,0.050000000000000003,195,19,0.050000000000000003,3.577198512739439,1-<5%,True,True,4,0.022478107816895375,0.46454711279776689,0.013601666238616188,0.050810883790575391,1.2047346896069264,1.2529729990154874,1.2339884198761475,0.98484837330552466,0.95455880190340614,1.0664582955488062,True,True,False,3>4>1>2,16,0,0,True,2,0.0011048699976813387,0.017793297667127051,0.022478107816895375,0.0090921486624395993
10000,0,single,gaussian_matched,0.050000000000000003,195,20,0.02,3.577198512739439,1-<5%,True,False,2,0.054551543678805971,0.39265446835997275,0.090383002590848027,0.1146902352483965,1.2047346896069264,1.2296712306680093,1.197136377266327,0.97354182761191543,,1.0888925369474822,False,False,False,,-1,,,False,2,0.00753158605818264,0.030106588560292545,0.054551543678805971,0.0048018486270526295
10000,0,single,gaussian_matched,0.050000000000000003,195,20,0.050000000000000003,3.577198512739439,1-<5%,True,False,3,0.054551543678805971,0.39265446835997275,0.090383002590848027,0.1146902352483965,1.2047346896069264,1.2296712306680093,1.197136377266327,0.97354182761191543,,1.0888925369474822,False,False,False,,-1,,,False,2,0.00753158605818264,0.030106588560292545,0.054551543678805971,0.0048018486270526295
10000,0,single,gaussian_matched,0.050000000000000003,195,21,0.02,3.577198512739439,1-<5%,True,False,3,0.022220940663871924,0.45831611483068357,0.026427851686675673,0.04788728911636278,1.2047346896069264,1.244538420542971,1.226351096298377,0.98538628945126561,,1.0576921179471397,False,False,False,,-1,,,False,2,0.00082569088463521601,0.018748567659978069,0.022220940663871924,0.0058622577704068746
10000,0,single,gaussian_matched,0.050000000000000003,195,21,0.050000000000000003,3.577198512739439,1-<5%,True,True,4,0.022220940663871924,0.45831611483068357,0.026427851686675673,0.04788728911636278,1.2047346896069264,1.244538420542971,1.226351096298377,0.98538628945126561,0.95486607812152302,1.0576921179471397,True,True,False,3>4>1>2,16,0,0,True,2,0.00082569088463521601,0.018748567659978069,0.022220940663871924,0.0058622577704068746
10000,0,single,gaussian_matched,0.050000000000000003,195,22,0.02,3.577198512739439,1-<5%,True,True,4,0.011587962456242881,0.52926447707199653,0.032227159191775837,0.034238625683457105,1.2047346896069264,1.2101380958617103,1.2092406018538162,0.99925835405813335,0.98260092296947876,1.0321602243752011,True,True,False,3>4>1>2,16,0,0,True,2,0.011587962456242881,0.0072952994651548546,0.0036370301044775957,0.0038406750486426307
10000,0,single,gaussian_matched,0.050000000000000003,195,22,0.050000000000000003,3.577198512739439,1-<5%,True,True,4,0.011587962456242881,0.52926447707199653,0.032227159191775837,0.034238625683457105,1.2047346896069264,1.2101380958617103,1.2092406018538162,0.99925835405813335,0.95715901086380883,1.0321602243752011,True,True,False,3>4>1>2,16,0,0,True,2,0.011587962456242881,0.0072952994651548546,0.0036370301044775957,0.0038406750486426307
10000,0,single,gaussian_matched,0.050000000000000003,195,23,0.02,3.577198512739439,1-<5%,True,False,3,0.023118713994803131,0.48579957252523176,0.084876075414906715,0.037656244858089778,1.2047346896069264,1.1800879111281164,1.1713573292716954,0.99260175299306741,,1.0035517235120497,False,False,False,,-1,,,False,2,0.023118713994803131,0.014133771921805746,0.014426321792795817,0.01601489038190548
10000,0,single,gaussian_matched,0.050000000000000003,195,23,0.050000000000000003,3.577198512739439,1-<5%,True,True,4,0.023118713994803131,0.48579957252523176,0.084876075414906715,0.037656244858089778,1.2047346896069264,1.1800879111281164,1.1713573292716954,0.99260175299306741,0.94482845932964032,1.0035517235120497,True,True,False,3>4>1>2,16,0,0,True,2,0.023118713994803131,0.014133771921805746,0.014426321792795817,0.01601489038190548
10000,0,single,gaussian_matched,0.050000000000000003,195,24,0.02,3.577198512739439,1-<5%,True,True,4,0.014819195717604129,0.47973135166236813,0.040225029731046323,0.022502625384463817,1.2047346896069264,1.222359316520182,1.2128776919945667,0.99224317727408695,0.98421458096296965,1.0254376569683596,True,True,False,3>4>1>2,16,0,0,True,2,0.0054004199461276546,0.014819195717604129,0.011010204827579575,0.0012466749283234805
10000,0,single,gaussian_matched,0.050000000000000003,195,24,0.050000000000000003,3.577198512739439,1-<5%,True,True,4,0.014819195717604129,0.47973135166236813,0.040225029731046323,0.022502625384463817,1.2047346896069264,1.222359316520182,1.2128776919945667,0.99224317727408695,0.95662131235760794,1.0254376569683596,True,True,False,3>4>1>2,16,0,0,True,2,0.0054004199461276546,0.014819195717604129,0.011010204827579575,0.0012466749283234805
10000,0,single,gaussian_matched,0.050000000000000003,195,25,0.02,3.577198512739439,1-<5%,True,True,4,0.008551520708869222,0.51939798677480442,0.0075743557935636571,0.046649942950089583,1.2047346896069264,1.2366741823374698,1.2301761158239999,0.99474553070948102,0.98264344096853717,1.0598400376357424,True,True,False,3>4>1>2,16,0,0,True,2,0.0031576108579487927,0.0084538807310867159,0.008551520708869222,0.0048634270664063691
10000,0,single,gaussian_matched,0.050000000000000003,195,25,0.050000000000000003,3.577198512739439,1-<5%,True,True,4,0.008551520708869222,0.51939798677480442,0.0075743557935636571,0.046649942950089583,1.2047346896069264,1.2366741823374698,1.2301761158239999,0.99474553070948102,0.95766794304900515,1.0598400376357424,True,True,False,3>4>1>2,16,0,0,True,2,0.0031576108579487927,0.0084538807310867159,0.008551520708869222,0.0048634270664063691
10000,0,single,gaussian_matched,0.050000000000000003,195,26,0.02,3.577198512739439,1-<5%,True,False,1,0.22788929419492301,0.53419940731449644,0.11051525411864369,0.069510398083357669,1.2047346896069264,1.1355127426612219,1.0811199645751313,0.95209848728019197,,0.95509025562624883,False,False,False,,-1,,,False,2,0.22788929419492301,0.033256125215074844,0.0016718783816055331,0.030009787438534875
10000,0,single,gaussian_matched,0.050000000000000003,195,26,0.050000000000000003,3.577198512739439,1-<5%,True,False,3,0.22788929419492301,0.53419940731449644,0.11051525411864369,0.069510398083357669,1.2047346896069264,1.1355127426612219,1.0811199645751313,0.95209848728019197,,0.95509025562624883,False,False,False,,-1,,,False,2,0.22788929419492301,0.033256125215074844,0.0016718783816055331,0.030009787438534875
10000,0,single,gaussian_matched,0.050000000000000003,195,27,0.02,3.577198512739439,1-<5%,True,False,3,0.021595536726999438,0.48507463762874703,0.083035845292537325,0.03625097951925816,1.2047346896069264,1.1820478550690301,1.1739266534114674,0.99312954917794893,,1.0045179601540113,False,False,False,,-1,,,False,2,0.021595536726999438,0.014281328156844774,0.014347901548128199,0.015352308871129769
10000,0,single,gaussian_matched,0.050000000000000003,195,27,0.050000000000000003,3.577198512739439,1-<5%,True,True,4,0.021595536726999438,0.48507463762874703,0.083035845292537325,0.03625097951925816,1.2047346896069264,1.1820478550690301,1.1739266534114674,0.99312954917794893,0.9463926560476158,1.0045179601540113,True,True,False,3>4>1>2,16,0,0,True,2,0.021595536726999438,0.014281328156844774,0.014347901548128199,0.015352308871129769
10000,0,single,gaussian_matched,0.050000000000000003,195,28,0.02,3.577198512739439,1-<5%,True,False,1,0.23078314977776163,0.5424214982826413,0.11478229463916598,0.077435968485322443,1.2047346896069264,1.1283580687447752,1.0857834301800748,0.96226850346179393,,0.96553988915594813,False,False,False,,-1,,,False,2,0.23078314977776163,0.03051784913121014,0.0046613447616181553,0.032425245572877327
10000,0,single,gaussian_matched,0.050000000000000003,195,28,0.050000000000000003,3.577198512739439,1-<5%,True,False,3,0.23078314977776163,0.5424214982826413,0.11478229463916598,0.077435968485322443,1.2047346896069264,1.1283580687447752,1.0857834301800748,0.96226850346179393,,0.96553988915594813,False,False,False,,-1,,,False,2,0.23078314977776163,0.03051784913121014,0.0046613447616181553,0.032425245572877327
10000,0,single,gaussian_matched,0.050000000000000003,195,29,0.02,3.577198512739439,1-<5%,True,False,1,0.22102292820946709,0.53624735375703803,0.09614662690188186,0.058680335963671386,1.2047346896069264,1.1479392389758831,1.0751814011649343,0.93661873787339245,,0.94117131922096087,False,False,False,,-1,,,False,2,0.22102292820946709,0.037176079685949479,0.0051706437531352824,0.025636426919305431
10000,0,single,gaussian_matched,0.050000000000000003,195,29,0.050000000000000003,3.577198512739439,1-<5%,True,False,3,0.22102292820946709,0.53624735375703803,0.09614662690188186,0.058680335963671386,1.2047346896069264,1.1479392389758831,1.0751814011649343,0.93661873787339245,,0.94117131922096087,False,False,False,,-1,,,False,2,0.22102292820946709,0.037176079685949479,0.0051706437531352824,0.025636426919305431
10000,0,single,gaussian_matched,0.050000000000000003,195,30,0.02,3.577198512739439,1-<5%,True,False,2,0.02504950979772258,0.44896154253239845,0.052291368555335144,0.05108986700441244,1.2047346896069264,1.2268464336316365,1.2103287461349093,0.98653646695794472,,1.0470509598680933,False,False,False,,-1,,,False,2,0.0052466169018044557,0.020102537289786369,0.02504950979772258,0.0010119490274801087
10000,0,single,gaussian_matched,0.050000000000000003,195,30,0.050000000000000003,3.577198512739439,1-<5%,True,True,4,0.02504950979772258,0.44896154253239845,0.052291368555335144,0.05108986700441244,1.2047346896069264,1.2268464336316365,1.2103287461349093,0.98653646695794472,0.95481532339554942,1.0470509598680933,True,True,False,3>4>1>2,16,0,0,True,2,0.0052466169018044557,0.020102537289786369,0.02504950979772258,0.0010119490274801087
10000,0,single,gaussian_matched,0.050000000000000003,195,31,0.02,3.577198512739439,1-<5%,True,True,4,0.017931818501946816,0.46482532742845833,0.052941459996490463,0.035297447180017413,1.2047346896069264,1.2182082352371506,1.2065452831571564,0.99042614247495731,0.98512277172274743,1.0308018363299181,True,True,False,3>4>1>2,16,0,0,True,2,0.0069001340691240256,0.017276153031678988,0.017931818501946816,0.0033867883359780548
10000,0,single,gaussian_matched,0.050000000000000003,195,31,0.050000000000000003,3.577198512739439,1-<5%,True,True,4,0.017931818501946816,0.46482532742845833,0.052941459996490463,0.035297447180017413,1.2047346896069264,1.2182082352371506,1.2065452831571564,0.99042614247495731,0.9556421007924204,1.0308018363299181,True,True,False,3>4>1>2,16,0,0,True,2,0.0069001340691240256,0.017276153031678988,0.017931818501946816,0.0033867883359780548
10000,0,single,gaussian_matched,0.050000000000000003,196,0,0.02,4.5420452429509748,1-<5%,True,False,3,0.021268260796638901,0.51975299391021446,0.11426518644214011,0.067232395144453963,1.107731443362457,1.0464386195075017,1.0464348475596372,0.99999639544279595,,1.0053585184181615,False,False,False,,-1,,,False,2,0.021268260796638901,0.0036434694260625536,0.0084057277909913974,0.014913510166816826
10000,0,single,gaussian_matched,0.050000000000000003,196,0,0.050000000000000003,4.5420452429509748,1-<5%,True,True,4,0.021268260796638901,0.51975299391021446,0.11426518644214011,0.067232395144453963,1.107731443362457,1.0464386195075017,1.0464348475596372,0.99999639544279595,0.95130290102034831,1.0053585184181615,True,True,False,1>3>2>4,2,0,0,True,2,0.021268260796638901,0.0036434694260625536,0.0084057277909913974,0.014913510166816826
10000,0,single,gaussian_matched,0.050000000000000003,196,1,0.02,4.5420452429509748,1-<5%,True,False,3,0.020422328290468299,0.50504910775857947,0.016527284696643767,0.033851383412458733,1.107731443362457,1.1413932896891237,1.1218780985701438,0.98290230782389199,,1.0433300317579233,False,False,False,,-1,,,False,2,0.020422328290468299,0.013431518057786139,0.0094928275099082551,0.0075696510770900463
10000,0,single,gaussian_matched,0.050000000000000003,196,1,0.050000000000000003,4.5420452429509748,1-<5%,True,True,4,0.020422328290468299,0.50504910775857947,0.016527284696643767,0.033851383412458733,1.107731443362457,1.1413932896891237,1.1218780985701438,0.98290230782389199,0.93261359755558149,1.0433300317579233,True,True,False,1>3>2>4,2,0,0,True,2,0.020422328290468299,0.013431518057786139,0.0094928275099082551,0.0075696510770900463
10000,0,single,gaussian_matched,0.050000000000000003,196,2,0.02,4.5420452429509748,1-<5%,True,False,1,0.053042008619013994,0.40373798615120549,0.074829564146002864,0.099412688153504722,1.107731443362457,1.1090637409868376,1.0829950891306808,0.97649490205769318,,1.0674137530077259,False,False,False,,-1,,,False,2,0.053042008619013994,0.024283786434306207,0.04465839652088064,0.0080116545912413441
10000,0,single,gaussian_matched,0.050000000000000003,196,2,0.050000000000000003,4.5420452429509748,1-<5%,True,False,3,0.053042008619013994,0.40373798615120549,0.074829564146002864,0.099412688153504722,1.107731443362457,1.1090637409868376,1.0829950891306808,0.97649490205769318,,1.0674137530077259,False,False,False,,-1,,,False,2,0.053042008619013994,0.024283786434306207,0.04465839652088064,0.0080116545912413441
10000,0,single,gaussian_matched,0.050000000000000003,196,3,0.02,4.5420452429509748,1-<5%,True,False,3,0.028057739269365427,0.52041390368286156,0.0185088238279765,0.037528944033513242,1.107731443362457,1.1408241734980813,1.1199117982318652,0.98166906368919848,,1.0448748649329944,False,False,False,,-1,,,False,2,0.028057739269365427,0.01146118362379582,0.0051826130836924297,0.0079567121808242457
10000,0,single,gaussian_matched,0.050000000000000003,196,3,0.050000000000000003,4.5420452429509748,1-<5%,True,True,4,0.028057739269365427,0.52041390368286156,0.0185088238279765,0.037528944033513242,1.107731443362457,1.1408241734980813,1.1199117982318652,0.98166906368919848,0.93343364664424711,1.0448748649329944,True,True,False,1>3>2>4,2,0,0,True,2,0.028057739269365427,0.01146118362379582,0.0051826130836924297,0.0079567121808242457
10000,0,single,gaussian_matched,0.050000000000000003,196,4,0.02,4.5420452429509748,1-<5%,True,False,2,0.028200422800722606,0.44263628035950242,0.054589066106714962,0.057546988268070184,1.107731443362457,1.1110305814073198,1.0952213172578398,0.98577063096728201,,1.0406568419027142,False,False,False,,-1,,,False,2,0.026387381953215678,0.019645413916218372,0.028200422800722606,0.0083469952056672361
10000,0,single,gaussian_matched,0.050000000000000003,196,4,0.050000000000000003,4.5420452429509748,1-<5%,True,True,4,0.028200422800722606,0.44263628035950242,0.054589066106714962,0.057546988268070184,1.107731443362457,1.1110305814073198,1.0952213172578398,0.98577063096728201,0.92702623935263506,1.0406568419027142,True,True,False,1>3>2>4,2,0,0,True,2,0.026387381953215678,0.019645413916218372,0.028200422800722606,0.0083469952056672361
10000,0,single,gaussian_matched,0.050000000000000003,196,5,0.02,4.5420452429509748,1-<5%,True,True,4,0.014328057411823719,0.4955511190369799,0.10218692158906939,0.052376209549439515,1.107731443362457,1.0554554950648187,1.0565022859137527,1.0009917906096739,0.97986855717287802,1.0010354965615613,True,True,False,1>3>2>4,2,0,0,True,2,0.0041494321922000343,0.0087561113059207874,0.014328057411823719,0.013328508567120522
10000,0,single,gaussian_matched,0.050000000000000003,196,5,0.050000000000000003,4.5420452429509748,1-<5%,True,True,4,0.014328057411823719,0.4955511190369799,0.10218692158906939,0.052376209549439515,1.107731443362457,1.0554554950648187,1.0565022859137527,1.0009917906096739,0.94792571207850052,1.0010354965615613,True,True,False,1>3>2>4,2,0,0,True,2,0.0041494321922000343,0.0087561113059207874,0.014328057411823719,0.013328508567120522
10000,0,single,gaussian_matched,0.050000000000000003,196,6,0.02,4.5420452429509748,1-<5%,True,False,2,0.082627746136209365,0.61931624319617129,0.032647327583047614,0.12057147726746135,1.107731443362457,1.1631860306610968,1.1097019534699524,0.95401932641785014,,1.1106242746012402,False,False,False,,-1,,,False,2,0.082627746136209365,0.0061479578278388278,0.023316293453517222,0.017357500319568429
10000,0,single,gaussian_matched,0.050000000000000003,196,6,0.050000000000000003,4.5420452429509748,1-<5%,True,False,3,0.082627746136209365,0.61931624319617129,0.032647327583047614,0.12057147726746135,1.107731443362457,1.1631860306610968,1.1097019534699524,0.95401932641785014,,1.1106242746012402,False,False,False,,-1,,,False,2,0.082627746136209365,0.0061479578278388278,0.023316293453517222,0.017357500319568429
10000,0,single,gaussian_matched,0.050000000000000003,196,7,0.02,4.5420452429509748,1-<5%,True,True,4,0.01576769969817424,0.48339822848348102,0.023136911089715113,0.031579176102117863,1.107731443362457,1.1348059837205196,1.117414819207792,0.98467476840780321,0.95888249433765727,1.0372495988939363,True,True,False,1>3>2>4,2,0,0,True,2,0.0065892917833983728,0.01576769969817424,0.014107756878703937,0.0075437120235246919
10000,0,single,gaussian_matched,0.050000000000000003,196,7,0.050000000000000003,4.5420452429509748,1-<5%,True,True,4,0.01576769969817424,0.48339822848348102,0.023136911089715113,0.031579176102117863,1.107731443362457,1.1348059837205196,1.117414819207792,0.98467476840780321,0.93145885594416433,1.0372495988939363,True,True,False,1>3>2>4,2,0,0,True,2,0.0065892917833983728,0.01576769969817424,0.014107756878703937,0.0075437120235246919
10000,0,single,gaussian_matched,0.050000000000000003,196,8,0.02,4.5420452429509748,1-<5%,True,False,3,0.023695496027714938,0.45437293735343098,0.030293733133787613,0.049700762565138917,1.107731443362457,1.1315495488044367,1.1131720598846528,0.9837590064534063,,1.0497786529557707,False,False,False,,-1,,,False,2,0.0109026241962058,0.019170007760949532,0.023695496027714938,0.0072401098026249134
10000,0,single,gaussian_matched,0.050000000000000003,196,8,0.050000000000000003,4.5420452429509748,1-<5%,True,True,4,0.023695496027714938,0.45437293735343098,0.030293733133787613,0.049700762565138917,1.107731443362457,1.1315495488044367,1.1131720598846528,0.9837590064534063,0.92715009357085376,1.0497786529557707,True,True,False,1>3>2>4,2,0,0,True,2,0.0109026241962058,0.019170007760949532,0.023695496027714938,0.0072401098026249134
10000,0,single,gaussian_matched,0.050000000000000003,196,9,0.02,4.5420452429509748,1-<5%,True,True,4,0.014812978582683784,0.48137988205643301,0.067558526564002269,0.025593175796120315,1.107731443362457,1.0906345459363453,1.0831551876727379,0.99314219571397655,0.96775219883716035,1.0009180204394257,True,True,False,1>3>2>4,2,0,0,True,2,0.0051895647237602711,0.013516109958579808,0.014812978582683784,0.010371764874440192
10000,0,single,gaussian_matched,0.050000000000000003,196,9,0.050000000000000003,4.5420452429509748,1-<5%,True,True,4,0.014812978582683784,0.48137988205643301,0.067558526564002269,0.025593175796120315,1.107731443362457,1.0906345459363453,1.0831551876727379,0.99314219571397655,0.93829709755324453,1.0009180204394257,True,True,False,1>3>2>4,2,0,0,True,2,0.0051895647237602711,0.013516109958579808,0.014812978582683784,0.010371764874440192
10000,0,single,gaussian_matched,0.050000000000000003,196,10,0.02,4.5420452429509748,1-<5%,True,True,4,0.011627471032585933,0.50541967337431648,0.047772440335238739,0.0058595973875639534,1.107731443362457,1.1102239289711553,1.0973413910978351,0.98839645089864125,0.96588742542720785,0.99591015051147591,True,True,False,1>3>2>4,2,0,0,True,2,0.011627471032585933,0.011315825798590045,0.0035847527732678266,0.0096073955361537407
10000,0,single,gaussian_matched,0.050000000000000003,196,10,0.050000000000000003,4.5420452429509748,1-<5%,True,True,4,0.011627471032585933,0.50541967337431648,0.047772440335238739,0.0058595973875639534,1.107731443362457,1.1102239289711553,1.0973413910978351,0.98839645089864125,0.93723050299751509,0.99591015051147591,True,True,False,1>3>2>4,2,0,0,True,2,0.011627471032585933,0.011315825798590045,0.0035847527732678266,0.0096073955361537407
10000,0,single,gaussian_matched,0.050000000000000003,196,11,0.02,4.5420452429509748,1-<5%,True,True,4,0.013541325767719438,0.48908570254370787,0.08151501171355445,0.033351429538625466,1.107731443362457,1.0762220706271441,1.0722290556648393,0.99628978528569101,0.97265487959385599,0.99805823137739669,True,True,False,1>3>2>4,2,0,0,True,2,0.00012897179262607726,0.011409780135848082,0.013541325767719438,0.011580667079415439
10000,0,single,gaussian_matched,0.050000000000000003,196,11,0.050000000000000003,4.5420452429509748,1-<5%,True,True,4,0.013541325767719438,0.48908570254370787,0.08151501171355445,0.033351429538625466,1.107731443362457,1.0762220706271441,1.0722290556648393,0.99628978528569101,0.94227553755268312,0.99805823137739669,True,True,False,1>3>2>4,2,0,0,True,2,0.00012897179262607726,0.011409780135848082,0.013541325767719438,0.011580667079415439
10000,0,single,gaussian_matched,0.050000000000000003,196,12,0.02,4.5420452429509748,1-<5%,True,False,2,0.030041025767220914,0.44350425590901327,0.067582707509143983,0.059168578686211233,1.107731443362457,1.0984104484689592,1.085383776542771,0.98814043334680068,,1.0332399265969714,False,False,False,,-1,,,False,2,0.030041025767220914,0.018901864867803427,0.029054761016229398,0.0091938401720574152
10000,0,single,gaussian_matched,0.050000000000000003,196,12,0.050000000000000003,4.5420452429509748,1-<5%,True,True,4,0.030041025767220914,0.44350425590901327,0.067582707509143983,0.059168578686211233,1.107731443362457,1.0984104484689592,1.085383776542771,0.98814043334680068,0.92901757212611924,1.0332399265969714,True,True,False,1>3>2>4,2,0,0,True,2,0.030041025767220914,0.018901864867803427,0.029054761016229398,0.0091938401720574152
10000,0,single,gaussian_matched,0.050000000000000003,196,13,0.02,4.5420452429509748,1-<5%,True,False,2,0.034141520886735326,0.43497160099893417,0.0042120157737774652,0.079531328268441628,1.107731443362457,1.1615133940197189,1.1344139581078534,0.97666885629438949,,1.0958841095016962,False,False,False,,-1,,,False,2,0.010046169614081623,0.022955110692620989,0.034141520886735326,0.0050097338459701539
10000,0,single,gaussian_matched,0.050000000000000003,196,13,0.050000000000000003,4.5420452429509748,1-<5%,True,True,4,0.034141520886735326,0.43497160099893417,0.0042120157737774652,0.079531328268441628,1.107731443362457,1.1615133940197189,1.1344139581078534,0.97666885629438949,0.91939617040461419,1.0958841095016962,True,True,False,1>3>2>4,2,0,0,True,2,0.010046169614081623,0.022955110692620989,0.034141520886735326,0.0050097338459701539
10000,0,single,gaussian_matched,0.050000000000000003,196,14,0.02,4.5420452429509748,1-<5%,True,False,3,0.02693574971782093,0.53081142247395519,0.074323952813619212,0.03925555292372946,1.107731443362457,1.0878691453919944,1.0761198373624934,0.98919970468942076,,1.006900541615541,False,False,False,,-1,,,False,2,0.02693574971782093,0.0054928021134431305,0.0030946125204693712,0.012007845893765585
10000,0,single,gaussian_matched,0.050000000000000003,196,14,0.050000000000000003,4.5420452429509748,1-<5%,True,True,4,0.02693574971782093,0.53081142247395519,0.074323952813619212,0.03925555292372946,1.107731443362457,1.0878691453919944,1.0761198373624934,0.98919970468942076,0.94180114584400898,1.006900541615541,True,True,False,1>3>2>4,2,0,0,True,2,0.02693574971782093,0.0054928021134431305,0.0030946125204693712,0.012007845893765585
10000,0,single,gaussian_matched,0.050000000000000003,196,15,0.02,4.5420452429509748,1-<5%,True,False,1,0.041322165530887425,0.40808896311725806,0.038216197389869207,0.092663351465481075,1.107731443362457,1.1390372044654313,1.1096636685860322,0.97421196097524787,,1.0853957674090362,False,False,False,,-1,,,False,2,0.035790892797834366,0.025505692272746502,0.041322165530887425,0.0058152587179045433
10000,0,single,gaussian_matched,0.050000000000000003,196,15,0.050000000000000003,4.5420452429509748,1-<5%,True,True,4,0.041322165530887425,0.40808896311725806,0.038216197389869207,0.092663351465481075,1.107731443362457,1.1390372044654313,1.1096636685860322,0.97421196097524787,0.91287432863400952,1.0853957674090362,True,True,False,1>3>2>4,2,0,0,True,2,0.035790892797834366,0.025505692272746502,0.041322165530887425,0.0058152587179045433
10000,0,single,gaussian_matched,0.050000000000000003,196,16,0.02,4.5420452429509748,1-<5%,True,False,1,0.044865872599742632,0.40510654931860973,0.007270953054304953,0.10406987285045013,1.107731443362457,1.1684781685919507,1.1328537771428178,0.96951214630559901,,1.1166277326557195,False,False,False,,-1,,,False,2,0.024520682916494764,0.028485442675511966,0.044865872599742632,0.0031066259979460275
10000,0,single,gaussian_matched,0.050000000000000003,196,16,0.050000000000000003,4.5420452429509748,1-<5%,True,True,4,0.044865872599742632,0.40510654931860973,0.007270953054304953,0.10406987285045013,1.107731443362457,1.1684781685919507,1.1328537771428178,0.96951214630559901,0.90873492628473096,1.1166277326557195,True,True,False,1>3>2>4,2,0,0,True,2,0.024520682916494764,0.028485442675511966,0.044865872599742632,0.0031066259979460275
10000,0,single,gaussian_matched,0.050000000000000003,196,17,0.02,4.5420452429509748,1-<5%,True,False,3,0.02482698129055428,0.45172595704233431,0.028574297439221422,0.052815186771434465,1.107731443362457,1.1337953074791287,1.1146442838977566,0.98310892322887422,,1.0539192307527472,False,False,False,,-1,,,False,2,0.011539597259541271,0.019589599948829795,0.02482698129055428,0.0070610999950370115
10000,0,single,gaussian_matched,0.050000000000000003,196,17,0.050000000000000003,4.5420452429509748,1-<5%,True,True,4,0.02482698129055428,0.45172595704233431,0.028574297439221422,0.052815186771434465,1.107731443362457,1.1337953074791287,1.1146442838977566,0.98310892322887422,0.92631810258591551,1.0539192307527472,True,True,False,1>3>2>4,2,0,0,True,2,0.011539597259541271,0.019589599948829795,0.02482698129055428,0.0070610999950370115
10000,0,single,gaussian_matched,0.050000000000000003,196,18,0.02,4.5420452429509748,1-<5%,True,False,2,0.024763288629088408,0.48878063604434724,-0.01855658626313432,0.069468551500833656,1.107731443362457,1.176257918155011,1.1503848779872148,0.97800393963903876,,1.1012176613721929,False,False,False,,-1,,,False,2,0.024763288629088408,0.017495668118912552,0.02346516402419855,0.0051315404955640503
10000,0,single,gaussian_matched,0.050000000000000003,196,18,0.050000000000000003,4.5420452429509748,1-<5%,True,True,4,0.024763288629088408,0.48878063604434724,-0.01855658626313432,0.069468551500833656,1.107731443362457,1.176257918155011,1.1503848779872148,0.97800393963903876,0.92722619564059938,1.1012176613721929,True,True,False,1>3>2>4,2,0,0,True,2,0.024763288629088408,0.017495668118912552,0.02346516402419855,0.0051315404955640503
10000,0,single,gaussian_matched,0.050000000000000003,196,19,0.02,4.5420452429509748,1-<5%,True,False,2,0.029979410130299807,0.45635728509189027,0.11258501140345473,0.076299215047869934,1.107731443362457,1.0516840637888982,1.0515100296812911,0.99983451864148243,,1.0181251525241162,False,False,False,,-1,,,False,2,0.024126043143531461,0.014118408938751902,0.029979410130299807,0.012822086420805496
10000,0,single,gaussian_matched,0.050000000000000003,196,19,0.050000000000000003,4.5420452429509748,1-<5%,True,True,4,0.029979410130299807,0.45635728509189027,0.11258501140345473,0.076299215047869934,1.107731443362457,1.0516840637888982,1.0515100296812911,0.99983451864148243,0.94129753800960902,1.0181251525241162,True,True,False,1>3>2>4,2,0,0,True,2,0.024126043143531461,0.014118408938751902,0.029979410130299807,0.012822086420805496
10000,0,single,gaussian_matched,0.050000000000000003,196,20,0.02,4.5420452429509748,1-<5%,True,False,3,0.02301988771370396,0.46629741922619772,0.0065955704145379476,0.054952783900854389,1.107731443362457,1.1528919653150045,1.1311645786102933,0.98115401324808904,,1.0707625657991207,False,False,False,,-1,,,False,2,0.0041214305563527266,0.018756586861905664,0.02301988771370396,0.0061530202912766863
10000,0,single,gaussian_matched,0.050000000000000003,196,20,0.050000000000000003,4.5420452429509748,1-<5%,True,True,4,0.02301988771370396,0.46629741922619772,0.0065955704145379476,0.054952783900854389,1.107731443362457,1.1528919653150045,1.1311645786102933,0.98115401324808904,0.92680504606031766,1.0707625657991207,True,True,False,1>3>2>4,2,0,0,True,2,0.0041214305563527266,0.018756586861905664,0.02301988771370396,0.0061530202912766863
10000,0,single,gaussian_matched,0.050000000000000003,196,21,0.02,4.5420452429509748,1-<5%,True,False,3,0.048604292860243703,0.52661607371059704,-0.030874274239335073,0.085141433001254527,1.107731443362457,1.1905947171512192,1.1594261498021083,0.97382100987001763,,1.1235282615302022,False,False,False,,-1,,,False,2,0.048604292860243703,0.014670304230478909,0.01553379881286376,0.0049436312329991907
10000,0,single,gaussian_matched,0.050000000000000003,196,21,0.050000000000000003,4.5420452429509748,1-<5%,True,True,4,0.048604292860243703,0.52661607371059704,-0.030874274239335073,0.085141433001254527,1.107731443362457,1.1905947171512192,1.1594261498021083,0.97382100987001763,0.92832447682326302,1.1235282615302022,True,True,False,1>3>2>4,2,0,0,True,2,0.048604292860243703,0.014670304230478909,0.01553379881286376,0.0049436312329991907
10000,0,single,gaussian_matched,0.050000000000000003,196,22,0.02,4.5420452429509748,1-<5%,True,False,3,0.033739557756469044,0.54135524466812646,0.076173206141438271,0.048941730468822039,1.107731443362457,1.0890527413918294,1.0744862641613093,0.98662463563343694,,1.0141699970346858,False,False,False,,-1,,,False,2,0.033739557756469044,0.0037584406695959733,0.0067322535413303275,0.012332034887354151
10000,0,single,gaussian_matched,0.050000000000000003,196,22,0.050000000000000003,4.5420452429509748,1-<5%,True,True,4,0.033739557756469044,0.54135524466812646,0.076173206141438271,0.048941730468822039,1.107731443362457,1.0890527413918294,1.0744862641613093,0.98662463563343694,0.94113393859992078,1.0141699970346858,True,True,False,1>3>2>4,2,0,0,True,2,0.033739557756469044,0.0037584406695959733,0.0067322535413303275,0.012332034887354151
10000,0,single,gaussian_matched,0.050000000000000003,196,23,0.02,4.5420452429509748,1-<5%,True,True,4,0.01066035119721043,0.50366095302125113,0.063562304406575343,0.014047728565160301,1.107731443362457,1.0943548885136369,1.0852156357898854,0.99164873038931223,0.96941488389281438,0.99235547653887402,True,True,False,1>3>2>4,2,0,0,True,2,0.0091715060394076588,0.010465454134618333,0.0058578660493200487,0.01066035119721043
10000,0,single,gaussian_matched,0.050000000000000003,196,23,0.050000000000000003,4.5420452429509748,1-<5%,True,True,4,0.01066035119721043,0.50366095302125113,0.063562304406575343,0.014047728565160301,1.107731443362457,1.0943548885136369,1.0852156357898854,0.99164873038931223,0.93994099645404638,0.99235547653887402,True,True,False,1>3>2>4,2,0,0,True,2,0.0091715060394076588,0.010465454134618333,0.0058578660493200487,0.01066035119721043
10000,0,single,gaussian_matched,0.050000000000000003,196,24,0.02,4.5420452429509748,1-<5%,True,True,4,0.01869471113839135,0.51642818121553047,0.046264403828513559,0.016847546314129318,1.107731443362457,1.1127864864907342,1.0981752754758869,0.98686970843712796,0.96597841367827675,1.0065822618571039,True,True,False,1>3>2>4,2,0,0,True,2,0.01869471113839135,0.0098775846795827998,0.00065092152647185271,0.0097263113879503815
10000,0,single,gaussian_matched,0.050000000000000003,196,24,0.050000000000000003,4.5420452429509748,1-<5%,True,True,4,0.01869471113839135,0.51642818121553047,0.046264403828513559,0.016847546314129318,1.107731443362457,1.1127864864907342,1.0981752754758869,0.98686970843712796,0.93734493900994409,1.0065822618571039,True,True,False,1>3>2>4,2,0,0,True,2,0.01869471113839135,0.0098775846795827998,0.00065092152647185271,0.0097263113879503815
10000,0,single,gaussian_matched,0.050000000000000003,196,25,0.02,4.5420452429509748,1-<5%,True,False,3,0.038935993756415765,0.54946767101179761,0.048305636128435137,0.04949668013372923,1.107731443362457,1.1180606218263245,1.0959761384567417,0.98024750810603778,,1.0340708711070368,False,False,False,,-1,,,False,2,0.038935993756415765,0.0056977027222330674,0.010038980932380077,0.010411231944059029
10000,0,single,gaussian_matched,0.050000000000000003,196,25,0.050000000000000003,4.5420452429509748,1-<5%,True,True,4,0.038935993756415765,0.54946767101179761,0.048305636128435137,0.04949668013372923,1.107731443362457,1.1180606218263245,1.0959761384567417,0.98024750810603778,0.936147137815176,1.0340708711070368,True,True,False,1>3>2>4,2,0,0,True,2,0.038935993756415765,0.0056977027222330674,0.010038980932380077,0.010411231944059029
10000,0,single,gaussian_matched,0.050000000000000003,196,26,0.02,4.5420452429509748,1-<5%,True,False,3,0.021545749005184085,0.4751410999889788,0.0016724196822728299,0.054346296369893694,1.107731443362457,1.156813711206512,1.1347012428523255,0.9808850222469061,,1.0734077707615952,False,False,False,,-1,,,False,2,0.010405523908161934,0.01791721576673409,0.021545749005184085,0.0060684547549415139
10000,0,single,gaussian_matched,0.050000000000000003,196,26,0.050000000000000003,4.5420452429509748,1-<5%,True,True,4,0.021545749005184085,0.4751410999889788,0.0016724196822728299,0.054346296369893694,1.107731443362457,1.156813711206512,1.1347012428523255,0.9808850222469061,0.9276819514094079,1.0734077707615952,True,True,False,1>3>2>4,2,0,0,True,2,0.010405523908161934,0.01791721576673409,0.021545749005184085,0.0060684547549415139
10000,0,single,gaussian_matched,0.050000000000000003,196,27,0.02,4.5420452429509748,1-<5%,True,False,3,0.052847701341934367,0.56674483916277885,0.026255311623196304,0.070842669211265141,1.107731443362457,1.1445959917385766,1.1133174691597758,0.97267287077312714,,1.0689956897644695,False,False,False,,-1,,,False,2,0.052847701341934367,0.0070320536947905731,0.0085841706643486355,0.0095429667590482443
10000,0,single,gaussian_matched,0.050000000000000003,196,27,0.050000000000000003,4.5420452429509748,1-<5%,True,False,3,0.052847701341934367,0.56674483916277885,0.026255311623196304,0.070842669211265141,1.107731443362457,1.1445959917385766,1.1133174691597758,0.97267287077312714,,1.0689956897644695,False,False,False,,-1,,,False,2,0.052847701341934367,0.0070320536947905731,0.0085841706643486355,0.0095429667590482443
10000,0,single,gaussian_matched,0.050000000000000003,196,28,0.02,4.5420452429509748,1-<5%,True,False,3,0.037114653763238747,0.54589649666827678,0.082271868599699705,0.056106701109024625,1.107731443362457,1.084826484640651,1.069747759764077,0.98610033485533044,,1.0163604794458423,False,False,False,,-1,,,False,2,0.037114653763238747,0.0024969033676773616,0.0072959367392633253,0.012889976693264662
10000,0,single,gaussian_matched,0.050000000000000003,196,28,0.050000000000000003,4.5420452429509748,1-<5%,True,True,4,0.037114653763238747,0.54589649666827678,0.082271868599699705,0.056106701109024625,1.107731443362457,1.084826484640651,1.069747759764077,0.98610033485533044,0.94155141617650362,1.0163604794458423,True,True,False,1>3>2>4,2,0,0,True,2,0.037114653763238747,0.0024969033676773616,0.0072959367392633253,0.012889976693264662
10000,0,single,gaussian_matched,0.050000000000000003,196,29,0.02,4.5420452429509748,1-<5%,True,True,4,0.018488011362409157,0.51710685203684503,0.082442302461093797,0.036676250838759424,1.107731443362457,1.077092530929298,1.0703343045915645,0.99372549140982103,0.97476523564536799,0.99934922138713989,True,True,False,1>3>2>4,2,0,0,True,2,0.018488011362409157,0.0069289695294397335,0.0032366349320629047,0.012344742093624739
10000,0,single,gaussian_matched,0.050000000000000003,196,29,0.050000000000000003,4.5420452429509748,1-<5%,True,True,4,0.018488011362409157,0.51710685203684503,0.082442302461093797,0.036676250838759424,1.107731443362457,1.077092530929298,1.0703343045915645,0.99372549140982103,0.94402583767520154,0.99934922138713989,True,True,False,1>3>2>4,2,0,0,True,2,0.018488011362409157,0.0069289695294397335,0.0032366349320629047,0.012344742093624739
10000,0,single,gaussian_matched,0.050000000000000003,196,30,0.02,4.5420452429509748,1-<5%,True,False,3,0.038118782255390324,0.52064305704722924,-0.0098625483310000178,0.063321880080557252,1.107731443362457,1.169011897567872,1.14256756647104,0.97737890336971811,,1.0886117332655894,False,False,False,,-1,,,False,2,0.038118782255390324,0.01355400565723688,0.012326558406656134,0.0061708824906058458
10000,0,single,gaussian_matched,0.050000000000000003,196,30,0.050000000000000003,4.5420452429509748,1-<5%,True,True,4,0.038118782255390324,0.52064305704722924,-0.0098625483310000178,0.063321880080557252,1.107731443362457,1.169011897567872,1.14256756647104,0.97737890336971811,0.93018824218401031,1.0886117332655894,True,True,False,1>3>2>4,2,0,0,True,2,0.038118782255390324,0.01355400565723688,0.012326558406656134,0.0061708824906058458
10000,0,single,gaussian_matched,0.050000000000000003,196,31,0.02,4.5420452429509748,1-<5%,True,True,4,0.012337876791202683,0.49042301549338435,0.075802360589889789,0.02752236262116052,1.107731443362457,1.0818875841603088,1.0764666348688392,0.9949893599197952,0.97127021780682155,0.99662152239617097,True,True,False,1>3>2>4,2,0,0,True,2,0.00076805087287163873,0.011613170977119955,0.012337876791202683,0.011202659223445221
10000,0,single,gaussian_matched,0.050000000000000003,196,31,0.050000000000000003,4.5420452429509748,1-<5%,True,True,4,0.012337876791202683,0.49042301549338435,0.075802360589889789,0.02752236262116052,1.107731443362457,1.0818875841603088,1.0764666348688392,0.9949893599197952,0.94122387262824836,0.99662152239617097,True,True,False,1>3>2>4,2,0,0,True,2,0.00076805087287163873,0.011613170977119955,0.012337876791202683,0.011202659223445221
10000,0,single,gaussian_matched,0.050000000000000003,197,0,0.02,8.2869636458108413,5-<10%,True,True,4,0.019532894098496855,0.48223485946189026,0.081607229392216443,0.036257649788575382,1.5547205101895627,1.5592960695158626,1.55973534679097,1.000281715117286,0.98902736884544518,1.0265465632694011,True,True,False,4>3>2>1,23,0,0,True,1,0.0076335753502863035,0.016359173552233972,0.0079529651018525604,0.019532894098496855
10000,0,single,gaussian_matched,0.050000000000000003,197,0,0.050000000000000003,8.2869636458108413,5-<10%,True,True,4,0.019532894098496855,0.48223485946189026,0.081607229392216443,0.036257649788575382,1.5547205101895627,1.5592960695158626,1.55973534679097,1.000281715117286,0.96921678958945912,1.0265465632694011,True,True,False,4>3>2>1,23,0,0,True,1,0.0076335753502863035,0.016359173552233972,0.0079529651018525604,0.019532894098496855
10000,0,single,gaussian_matched,0.050000000000000003,197,1,0.02,8.2869636458108413,5-<10%,True,True,4,0.018651724387071068,0.46844302973348972,0.018625681641065664,0.044499328364472852,1.5547205101895627,1.5967454679657946,1.5809710131473611,0.99012087077439481,0.97725323672370856,1.0455064629678326,True,True,False,4>3>2>1,23,0,0,True,1,0.001953268047726428,0.0073596440555817782,0.0043041742210165853,0.018651724387071068
10000,0,single,gaussian_matched,0.050000000000000003,197,1,0.050000000000000003,8.2869636458108413,5-<10%,True,True,4,0.018651724387071068,0.46844302973348972,0.018625681641065664,0.044499328364472852,1.5547205101895627,1.5967454679657946,1.5809710131473611,0.99012087077439481,0.95843151243891667,1.0455064629678326,True,True,False,4>3>2>1,23,0,0,True,1,0.001953268047726428,0.0073596440555817782,0.0043041742210165853,0.018651724387071068
10000,0,single,gaussian_matched,0.050000000000000003,197,2,0.02,8.2869636458108413,5-<10%,True,False,1,0.045735252342175334,0.58010752075426597,0.16951458276264586,0.14387824844056338,1.5547205101895627,1.4419573634565739,1.5208041973182649,1.0546804197266166,,1.0707277834495528,False,False,False,,-1,,,False,1,0.033424201693136729,0.040308963264176163,0.018767269805984258,0.045735252342175334
10000,0,single,gaussian_matched,0.050000000000000003,197,2,0.050000000000000003,8.2869636458108413,5-<10%,True,True,4,0.045735252342175334,0.58010752075426597,0.16951458276264586,0.14387824844056338,1.5547205101895627,1.4419573634565739,1.5208041973182649,1.0546804197266166,1.040283103247444,1.0707277834495528,True,True,False,4>3>2>1,23,0,0,True,1,0.033424201693136729,0.040308963264176163,0.018767269805984258,0.045735252342175334
10000,0,single,gaussian_matched,0.050000000000000003,197,3,0.02,8.2869636458108413,5-<10%,True,True,4,0.01236914130369364,0.51847114639552327,0.08289966277942018,0.037730240658713242,1.5547205101895627,1.5248779873132692,1.5548037644925503,1.019625030611143,1.0104731098647686,1.0243217315999069,True,True,False,4>3>2>1,23,0,0,True,1,0.0073811710756967108,0.01236914130369364,0.0042549827680444362,0.010471171423637467
10000,0,single,gaussian_matched,0.050000000000000003,197,3,0.050000000000000003,8.2869636458108413,5-<10%,True,True,4,0.01236914130369364,0.51847114639552327,0.08289966277942018,0.037730240658713242,1.5547205101895627,1.5248779873132692,1.5548037644925503,1.019625030611143,0.99055236648917711,1.0243217315999069,True,True,False,4>3>2>1,23,0,0,True,1,0.0073811710756967108,0.01236914130369364,0.0042549827680444362,0.010471171423637467
10000,0,single,gaussian_matched,0.050000000000000003,197,4,0.02,8.2869636458108413,5-<10%,True,True,4,0.014970124903679062,0.54818055252959319,0.005347478311392477,0.065690283415498027,1.5547205101895627,1.5343459639380366,1.5758038597812645,1.0270199139031346,1.0205623096149239,1.0558130110450654,True,True,False,4>3>2>1,23,0,0,True,1,0.010711218868821364,0.003322816438216357,0.012770282559058493,0.014970124903679062
10000,0,single,gaussian_matched,0.050000000000000003,197,4,0.050000000000000003,8.2869636458108413,5-<10%,True,True,4,0.014970124903679062,0.54818055252959319,0.005347478311392477,0.065690283415498027,1.5547205101895627,1.5343459639380366,1.5758038597812645,1.0270199139031346,1.0007484904147601,1.0558130110450654,True,True,False,4>3>2>1,23,0,0,True,1,0.010711218868821364,0.003322816438216357,0.012770282559058493,0.014970124903679062
10000,0,single,gaussian_matched,0.050000000000000003,197,5,0.02,8.2869636458108413,5-<10%,True,False,3,0.023032634267556081,0.48056061414097784,0.087935534718228653,0.042626218656290425,1.5547205101895627,1.5588065389126615,1.5580217122719002,0.99949652081822238,,1.0295406283236259,False,False,False,,-1,,,False,1,0.0084467667271212396,0.017677531605872172,0.0093159280234903705,0.023032634267556081
10000,0,single,gaussian_matched,0.050000000000000003,197,5,0.050000000000000003,8.2869636458108413,5-<10%,True,True,4,0.023032634267556081,0.48056061414097784,0.087935534718228653,0.042626218656290425,1.5547205101895627,1.5588065389126615,1.5580217122719002,0.99949652081822238,0.96839180089413324,1.0295406283236259,True,True,False,4>3>2>1,23,0,0,True,1,0.0084467667271212396,0.017677531605872172,0.0093159280234903705,0.023032634267556081
10000,0,single,gaussian_matched,0.050000000000000003,197,6,0.02,8.2869636458108413,5-<10%,True,False,2,0.049843265264480491,0.4214838690662821,-0.015216262067398248,0.1020683283631328,1.5547205101895627,1.6539715308698659,1.595619842949497,0.9647202585828788,,1.0919571461147286,False,False,False,,-1,,,False,1,0.0026197361821137253,0.007453863078381192,0.020654764245400671,0.049843265264480491
10000,0,single,gaussian_matched,0.050000000000000003,197,6,0.050000000000000003,8.2869636458108413,5-<10%,True,True,4,0.049843265264480491,0.4214838690662821,-0.015216262067398248,0.1020683283631328,1.5547205101895627,1.6539715308698659,1.595619842949497,0.9647202585828788,0.93097400153926468,1.0919571461147286,True,True,False,4>3>2>1,23,0,0,True,1,0.0026197361821137253,0.007453863078381192,0.020654764245400671,0.049843265264480491
10000,0,single,gaussian_matched,0.050000000000000003,197,7,0.02,8.2869636458108413,5-<10%,True,False,2,0.041197584399122793,0.61026877213707675,0.11797760963338778,0.12953824732521207,1.5547205101895627,1.4266086645884888,1.532922995969185,1.0745224209130702,,1.0692991006413737,False,False,False,,-1,,,False,1,0.041197584399122793,0.040695103275010497,0.011395177738236595,0.0091388834877275064
10000,0,single,gaussian_matched,0.050000000000000003,197,7,0.050000000000000003,8.2869636458108413,5-<10%,True,True,4,0.041197584399122793,0.61026877213707675,0.11797760963338778,0.12953824732521207,1.5547205101895627,1.4266086645884888,1.532922995969185,1.0745224209130702,1.0670907753025696,1.0692991006413737,True,True,False,4>3>2>1,23,0,0,True,1,0.041197584399122793,0.040695103275010497,0.011395177738236595,0.0091388834877275064
10000,0,single,gaussian_matched,0.050000000000000003,197,8,0.02,8.2869636458108413,5-<10%,True,False,2,0.031755516080195202,0.45804522421414995,0.090154710305351909,0.058074124797087422,1.5547205101895627,1.5795306013443668,1.5596696570822417,0.98742604654495381,,1.0405367210869831,False,False,False,,-1,,,False,1,0.010643892835955354,0.0212257998018856,0.0069770638488517722,0.031755516080195202
10000,0,single,gaussian_matched,0.050000000000000003,197,8,0.050000000000000003,8.2869636458108413,5-<10%,True,True,4,0.031755516080195202,0.45804522421414995,0.090154710305351909,0.058074124797087422,1.5547205101895627,1.5795306013443668,1.5596696570822417,0.98742604654495381,0.95541823313507601,1.0405367210869831,True,True,False,4>3>2>1,23,0,0,True,1,0.010643892835955354,0.0212257998018856,0.0069770638488517722,0.031755516080195202
10000,0,single,gaussian_matched,0.050000000000000003,197,9,0.02,8.2869636458108413,5-<10%,True,False,1,0.05713387635039055,0.53472466695181686,0.17534617627240529,0.13006716111696873,1.5547205101895627,1.4859761767379422,1.5259981090612391,1.0269330914921895,,1.0651851952324785,False,False,False,,-1,,,False,1,0.018135623850160234,0.028331366679418955,0.02072447351945161,0.05713387635039055
10000,0,single,gaussian_matched,0.050000000000000003,197,9,0.050000000000000003,8.2869636458108413,5-<10%,True,False,3,0.05713387635039055,0.53472466695181686,0.17534617627240529,0.13006716111696873,1.5547205101895627,1.4859761767379422,1.5259981090612391,1.0269330914921895,,1.0651851952324785,False,False,False,,-1,,,False,1,0.018135623850160234,0.028331366679418955,0.02072447351945161,0.05713387635039055
10000,0,single,gaussian_matched,0.050000000000000003,197,10,0.02,8.2869636458108413,5-<10%,True,True,4,0.019632104337012856,0.53435417715573341,-0.038244621752172567,0.094695948995886431,1.5547205101895627,1.5710097808745109,1.5926906807220873,1.0138006141728204,1.0069863894547075,1.0853311695953862,True,True,False,4>3>2>1,23,0,0,True,1,0.011330299397450356,0.0093980163730152614,0.019632104337012856,0.0021758241361869725
10000,0,single,gaussian_matched,0.050000000000000003,197,10,0.050000000000000003,8.2869636458108413,5-<10%,True,True,4,0.019632104337012856,0.53435417715573341,-0.038244621752172567,0.094695948995886431,1.5547205101895627,1.5710097808745109,1.5926906807220873,1.0138006141728204,0.98711464527971771,1.0853311695953862,True,True,False,4>3>2>1,23,0,0,True,1,0.011330299397450356,0.0093980163730152614,0.019632104337012856,0.0021758241361869725
10000,0,single,gaussian_matched,0.050000000000000003,197,11,0.02,8.2869636458108413,5-<10%,True,False,3,0.025805474827685106,0.4505014801026464,0.025095702728736406,0.055410535953049379,1.5547205101895627,1.610098894740607,1.5805265198559706,0.9816331934757333,,1.0522386789697364,False,False,False,,-1,,,False,1,0.0042064402182189226,0.011065899139286033,0.0060676372738388889,0.025805474827685106
10000,0,single,gaussian_matched,0.050000000000000003,197,11,0.050000000000000003,8.2869636458108413,5-<10%,True,True,4,0.025805474827685106,0.4505014801026464,0.025095702728736406,0.055410535953049379,1.5547205101895627,1.610098894740607,1.5805265198559706,0.9816331934757333,0.94906229360294703,1.0522386789697364,True,True,False,4>3>2>1,23,0,0,True,1,0.0042064402182189226,0.011065899139286033,0.0060676372738388889,0.025805474827685106
10000,0,single,gaussian_matched,0.050000000000000003,197,12,0.02,8.2869636458108413,5-<10%,True,True,4,0.01193429000012939,0.48135838684447152,0.055592324928038277,0.019462369823357348,1.5547205101895627,1.5695328585337409,1.5678226587348858,0.99891037655595638,0.98708037642348112,1.0209455771344458,True,True,False,4>3>2>1,23,0,0,True,1,0.0048750772629666183,0.01193429000012939,0.0033491752058661577,0.0089744361842587789
10000,0,single,gaussian_matched,0.050000000000000003,197,12,0.050000000000000003,8.2869636458108413,5-<10%,True,True,4,0.01193429000012939,0.48135838684447152,0.055592324928038277,0.019462369823357348,1.5547205101895627,1.5695328585337409,1.5678226587348858,0.99891037655595638,0.96774856823253574,1.0209455771344458,True,True,False,4>3>2>1,23,0,0,True,1,0.0048750772629666183,0.01193429000012939,0.0033491752058661577,0.0089744361842587789
10000,0,single,gaussian_matched,0.050000000000000003,197,13,0.02,8.2869636458108413,5-<10%,True,True,4,0.012323662512546126,0.50541095770994648,0.074600267648937221,0.025188323321296644,1.5547205101895627,1.5400688584915676,1.5590452963277761,1.0123218112823833,1.0021668896960172,1.0189829035290154,True,True,False,4>3>2>1,23,0,0,True,1,0.0062320244641767388,0.012323662512546126,0.0040198399442917263,0.0095675546466500172
10000,0,single,gaussian_matched,0.050000000000000003,197,13,0.050000000000000003,8.2869636458108413,5-<10%,True,True,4,0.012323662512546126,0.50541095770994648,0.074600267648937221,0.025188323321296644,1.5547205101895627,1.5400688584915676,1.5590452963277761,1.0123218112823833,0.9824462401527444,1.0189829035290154,True,True,False,4>3>2>1,23,0,0,True,1,0.0062320244641767388,0.012323662512546126,0.0040198399442917263,0.0095675546466500172
10000,0,single,gaussian_matched,0.050000000000000003,197,14,0.02,8.2869636458108413,5-<10%,True,False,3,0.025446571773709965,0.58348168504079001,-0.015188563696224441,0.10591855632525575,1.5547205101895627,1.5182045151802839,1.5782048551940959,1.0395205912074943,,1.0832322597416633,False,False,False,,-1,,,False,1,0.017405842769657568,0.0078777849002995681,0.018788856173365554,0.025446571773709965
10000,0,single,gaussian_matched,0.050000000000000003,197,14,0.050000000000000003,8.2869636458108413,5-<10%,True,True,4,0.025446571773709965,0.58348168504079001,-0.015188563696224441,0.10591855632525575,1.5547205101895627,1.5182045151802839,1.5782048551940959,1.0395205912074943,1.0171421470586166,1.0832322597416633,True,True,False,4>3>2>1,23,0,0,True,1,0.017405842769657568,0.0078777849002995681,0.018788856173365554,0.025446571773709965
10000,0,single,gaussian_matched,0.050000000000000003,197,15,0.02,8.2869636458108413,5-<10%,True,False,2,0.027606687897642961,0.60793372423575043,0.08531116275070208,0.11356305315640994,1.5547205101895627,1.4421738079267425,1.5438808395067141,1.070523421671473,,1.0660719285558513,False,False,False,,-1,,,False,1,0.027606687897642961,0.025697701366058433,0.0027222312381854521,0.0090026817561327886
10000,0,single,gaussian_matched,0.050000000000000003,197,15,0.050000000000000003,8.2869636458108413,5-<10%,True,True,4,0.027606687897642961,0.60793372423575043,0.08531116275070208,0.11356305315640994,1.5547205101895627,1.4421738079267425,1.5438808395067141,1.070523421671473,1.0537123794453553,1.0660719285558513,True,True,False,4>3>2>1,23,0,0,True,1,0.027606687897642961,0.025697701366058433,0.0027222312381854521,0.0090026817561327886
10000,0,single,gaussian_matched,0.050000000000000003,197,16,0.02,8.2869636458108413,5-<10%,True,False,3,0.038100704643489379,0.45474201472479764,-0.032297460502863723,0.0939210159463304,1.5547205101895627,1.6334039778654439,1.5992005441572987,0.97906002791003199,,1.0890198907179731,False,False,False,,-1,,,False,1,0.0019586826169315712,0.0006237295992610188,0.017573999923234104,0.038100704643489379
10000,0,single,gaussian_matched,0.050000000000000003,197,16,0.050000000000000003,8.2869636458108413,5-<10%,True,True,4,0.038100704643489379,0.45474201472479764,-0.032297460502863723,0.0939210159463304,1.5547205101895627,1.6334039778654439,1.5992005441572987,0.97906002791003199,0.94706316700251392,1.0890198907179731,True,True,False,4>3>2>1,23,0,0,True,1,0.0019586826169315712,0.0006237295992610188,0.017573999923234104,0.038100704643489379
10000,0,single,gaussian_matched,0.050000000000000003,197,17,0.02,8.2869636458108413,5-<10%,True,True,4,0.013508304829416326,0.55602712531551468,0.053778032431412867,0.056154361363772928,1.5547205101895627,1.5027775318673138,1.5587979211460796,1.0372778991506191,1.0310842693379239,1.0387412219273713,True,True,False,4>3>2>1,23,0,0,True,1,0.010692354754853252,0.0046304824238908556,0.004238642995687829,0.013508304829416326
10000,0,single,gaussian_matched,0.050000000000000003,197,17,0.050000000000000003,8.2869636458108413,5-<10%,True,True,4,0.013508304829416326,0.55602712531551468,0.053778032431412867,0.056154361363772928,1.5547205101895627,1.5027775318673138,1.5587979211460796,1.0372778991506191,1.0111211577818464,1.0387412219273713,True,True,False,4>3>2>1,23,0,0,True,1,0.010692354754853252,0.0046304824238908556,0.004238642995687829,0.013508304829416326
10000,0,single,gaussian_matched,0.050000000000000003,197,18,0.02,8.2869636458108413,5-<10%,True,True,4,0.011525213330261415,0.55953300832514297,0.073222021090891806,0.063901810176139495,1.5547205101895627,1.490945870713591,1.5521685955751912,1.0410630097739886,1.0353170387377888,1.039460401506048,True,True,False,4>3>2>1,23,0,0,True,1,0.011525213330261415,0.0080354565126806339,0.00070053562881221493,0.0042010820863575306
10000,0,single,gaussian_matched,0.050000000000000003,197,18,0.050000000000000003,8.2869636458108413,5-<10%,True,True,4,0.011525213330261415,0.55953300832514297,0.073222021090891806,0.063901810176139495,1.5547205101895627,1.490945870713591,1.5521685955751912,1.0410630097739886,1.0151489920547139,1.039460401506048,True,True,False,4>3>2>1,23,0,0,True,1,0.011525213330261415,0.0080354565126806339,0.00070053562881221493,0.0042010820863575306
10000,0,single,gaussian_matched,0.050000000000000003,197,19,0.02,8.2869636458108413,5-<10%,True,False,1,0.062295454988690151,0.46988393542096413,0.16069625886900091,0.11471982859698458,1.5547205101895627,1.5522124441309577,1.5383735984296671,0.99108443837464621,,1.0632736985151721,False,False,False,,-1,,,False,1,0.017524673110458515,0.031582255619416459,0.021617187143314846,0.062295454988690151
10000,0,single,gaussian_matched,0.050000000000000003,197,19,0.050000000000000003,8.2869636458108413,5-<10%,True,False,3,0.062295454988690151,0.46988393542096413,0.16069625886900091,0.11471982859698458,1.5547205101895627,1.5522124441309577,1.5383735984296671,0.99108443837464621,,1.0632736985151721,False,False,False,,-1,,,False,1,0.017524673110458515,0.031582255619416459,0.021617187143314846,0.062295454988690151
10000,0,single,gaussian_matched,0.050000000000000003,197,20,0.02,8.2869636458108413,5-<10%,True,True,4,0.014642353531363447,0.53968632030993213,0.043465390267832908,0.040220705415174716,1.5547205101895627,1.5220465189387062,1.564307798775056,1.0277660894791953,1.0200499543132584,1.0320366224502917,True,True,False,4>3>2>1,23,0,0,True,1,0.0082658964943585281,0.0037678173208455473,0.0050006200951254239,0.014642353531363447
10000,0,single,gaussian_matched,0.050000000000000003,197,20,0.050000000000000003,8.2869636458108413,5-<10%,True,True,4,0.014642353531363447,0.53968632030993213,0.043465390267832908,0.040220705415174716,1.5547205101895627,1.5220465189387062,1.564307798775056,1.0277660894791953,1.0003360890799167,1.0320366224502917,True,True,False,4>3>2>1,23,0,0,True,1,0.0082658964943585281,0.0037678173208455473,0.0050006200951254239,0.014642353531363447
10000,0,single,gaussian_matched,0.050000000000000003,197,21,0.02,8.2869636458108413,5-<10%,True,True,4,0.018974058170501171,0.52914672666566631,0.10392942241571967,0.061301829315414322,1.5547205101895627,1.5076572810813953,1.547043278843474,1.0261239727730618,1.0182310845041549,1.0344914713724254,True,True,False,4>3>2>1,23,0,0,True,1,0.0096979680161649543,0.015048596896009106,0.0072984271423494661,0.018974058170501171
10000,0,single,gaussian_matched,0.050000000000000003,197,21,0.050000000000000003,8.2869636458108413,5-<10%,True,True,4,0.018974058170501171,0.52914672666566631,0.10392942241571967,0.061301829315414322,1.5547205101895627,1.5076572810813953,1.547043278843474,1.0261239727730618,0.9978614254507111,1.0344914713724254,True,True,False,4>3>2>1,23,0,0,True,1,0.0096979680161649543,0.015048596896009106,0.0072984271423494661,0.018974058170501171
10000,0,single,gaussian_matched,0.050000000000000003,197,22,0.02,8.2869636458108413,5-<10%,True,False,3,0.02812725589526861,0.46607772374372913,0.088777993404781264,0.051521389722211659,1.5547205101895627,1.5722943638533329,1.5593114037851006,0.99174266577130377,,1.0360915566174065,False,False,False,,-1,,,False,1,0.0097623436752530129,0.01982127273589734,0.0085571541839080268,0.02812725589526861
10000,0,single,gaussian_matched,0.050000000000000003,197,22,0.050000000000000003,8.2869636458108413,5-<10%,True,True,4,0.02812725589526861,0.46607772374372913,0.088777993404781264,0.051521389722211659,1.5547205101895627,1.5722943638533329,1.5593114037851006,0.99174266577130377,0.96002890912929739,1.0360915566174065,True,True,False,4>3>2>1,23,0,0,True,1,0.0097623436752530129,0.01982127273589734,0.0085571541839080268,0.02812725589526861
10000,0,single,gaussian_matched,0.050000000000000003,197,23,0.02,8.2869636458108413,5-<10%,True,True,4,0.012958166884892151,0.5457445127712931,0.09790205689872504,0.066235696597919835,1.5547205101895627,1.494047318296476,1.546506558533796,1.0351121678643582,1.0284531396631467,1.0373197269617795,True,True,False,4>3>2>1,23,0,0,True,1,0.010776664808150939,0.012958166884892151,0.0048889938143874883,0.012099228513403596
10000,0,single,gaussian_matched,0.050000000000000003,197,23,0.050000000000000003,8.2869636458108413,5-<10%,True,True,4,0.012958166884892151,0.5457445127712931,0.09790205689872504,0.066235696597919835,1.5547205101895627,1.494047318296476,1.546506558533796,1.0351121678643582,1.0080744323977175,1.0373197269617795,True,True,False,4>3>2>1,23,0,0,True,1,0.010776664808150939,0.012958166884892151,0.0048889938143874883,0.012099228513403596
10000,0,single,gaussian_matched,0.050000000000000003,197,24,0.02,8.2869636458108413,5-<10%,True,False,3,0.023924656397538477,0.46649979768137795,0.079206656276728779,0.04444426089221859,1.5547205101895627,1.5749371807880115,1.5621513982278772,0.99188171901958844,,1.0333662215109056,False,False,False,,-1,,,False,1,0.0086639353841643785,0.018079672822603379,0.0069836008439676002,0.023924656397538477
10000,0,single,gaussian_matched,0.050000000000000003,197,24,0.050000000000000003,8.2869636458108413,5-<10%,True,True,4,0.023924656397538477,0.46649979768137795,0.079206656276728779,0.04444426089221859,1.5547205101895627,1.5749371807880115,1.5621513982278772,0.99188171901958844,0.96010981609339019,1.0333662215109056,True,True,False,4>3>2>1,23,0,0,True,1,0.0086639353841643785,0.018079672822603379,0.0069836008439676002,0.023924656397538477
10000,0,single,gaussian_matched,0.050000000000000003,197,25,0.02,8.2869636458108413,5-<10%,True,True,4,0.013609283479488817,0.48221395759564178,0.065807669235183719,0.023795497705629151,1.5547205101895627,1.5648733546741505,1.5645581124912014,0.9997985509932753,0.9881821041672666,1.0216328914340798,True,True,False,4>3>2>1,23,0,0,True,1,0.0059180415689401231,0.013609283479488817,0.0050904661625762546,0.012398501478911887
10000,0,single,gaussian_matched,0.050000000000000003,197,25,0.050000000000000003,8.2869636458108413,5-<10%,True,True,4,0.013609283479488817,0.48221395759564178,0.065807669235183719,0.023795497705629151,1.5547205101895627,1.5648733546741505,1.5645581124912014,0.9997985509932753,0.96868251321480969,1.0216328914340798,True,True,False,4>3>2>1,23,0,0,True,1,0.0059180415689401231,0.013609283479488817,0.0050904661625762546,0.012398501478911887
10000,0,single,gaussian_matched,0.050000000000000003,197,26,0.02,8.2869636458108413,5-<10%,True,False,2,0.04697255516469577,0.42965781679759579,0.097200901476937801,0.084710966456039122,1.5547205101895627,1.6019333993141243,1.5597084281004308,0.97364124424163179,,1.0576945398089399,False,False,False,,-1,,,False,1,0.014158024824332425,0.026869393125352189,0.0011728731636972464,0.04697255516469577
10000,0,single,gaussian_matched,0.050000000000000003,197,26,0.050000000000000003,8.2869636458108413,5-<10%,True,True,4,0.04697255516469577,0.42965781679759579,0.097200901476937801,0.084710966456039122,1.5547205101895627,1.6019333993141243,1.5597084281004308,0.97364124424163179,0.94076771270020265,1.0576945398089399,True,True,False,4>3>2>1,23,0,0.17668725125479234,True,1,0.014158024824332425,0.026869393125352189,0.0011728731636972464,0.04697255516469577
10000,0,single,gaussian_matched,0.050000000000000003,197,27,0.02,8.2869636458108413,5-<10%,True,False,3,0.02656506249638212,0.57058944909027121,0.011159980759141701,0.080569332984071762,1.5547205101895627,1.5125580326408232,1.5708918428291589,1.0385663286495452,,1.0622238305789591,False,False,False,,-1,,,False,1,0.01399262274102853,0.003278752673759015,0.013182131510528215,0.02656506249638212
10000,0,single,gaussian_matched,0.050000000000000003,197,27,0.050000000000000003,8.2869636458108413,5-<10%,True,True,4,0.02656506249638212,0.57058944909027121,0.011159980759141701,0.080569332984071762,1.5547205101895627,1.5125580326408232,1.5708918428291589,1.0385663286495452,1.0142789020581833,1.0622238305789591,True,True,False,4>3>2>1,23,0,0,True,1,0.01399262274102853,0.003278752673759015,0.013182131510528215,0.02656506249638212
10000,0,single,gaussian_matched,0.050000000000000003,197,28,0.02,8.2869636458108413,5-<10%,True,True,4,0.0070266315807917916,0.50097809930272308,0.011051075705289702,0.038961203548672128,1.5547205101895627,1.5715851998732666,1.5798454195115412,1.0052559795287845,0.99456840361279353,1.0412203431103104,True,True,False,4>3>2>1,23,0,0,True,1,0.0034776139474270839,0.0019086100349572695,0.0070266315807917916,0.0056044855810425381
10000,0,single,gaussian_matched,0.050000000000000003,197,28,0.050000000000000003,8.2869636458108413,5-<10%,True,True,4,0.0070266315807917916,0.50097809930272308,0.011051075705289702,0.038961203548672128,1.5547205101895627,1.5715851998732666,1.5798454195115412,1.0052559795287845,0.97545690241743044,1.0412203431103104,True,True,False,4>3>2>1,23,0,0,True,1,0.0034776139474270839,0.0019086100349572695,0.0070266315807917916,0.0056044855810425381
10000,0,single,gaussian_matched,0.050000000000000003,197,29,0.02,8.2869636458108413,5-<10%,True,False,3,0.033832474612543094,0.45542760991113179,-0.015208776466020507,0.078986596878392393,1.5547205101895627,1.6241614771594612,1.5933458122590891,0.98102672343007025,,1.075648258434295,False,False,False,,-1,,,False,1,0.00036505316451241259,0.0036324968803244347,0.013667914758123692,0.033832474612543094
10000,0,single,gaussian_matched,0.050000000000000003,197,29,0.050000000000000003,8.2869636458108413,5-<10%,True,True,4,0.033832474612543094,0.45542760991113179,-0.015208776466020507,0.078986596878392393,1.5547205101895627,1.6241614771594612,1.5933458122590891,0.98102672343007025,0.94891010568647516,1.075648258434295,True,True,False,4>3>2>1,23,0,0,True,1,0.00036505316451241259,0.0036324968803244347,0.013667914758123692,0.033832474612543094
10000,0,single,gaussian_matched,0.050000000000000003,197,30,0.02,8.2869636458108413,5-<10%,True,False,3,0.024240445963505334,0.53376947160706134,-0.062853637912261839,0.11779779625549888,1.5547205101895627,1.5869065821892958,1.6016442540807996,1.0092870444025581,,1.1059492938230111,False,False,False,,-1,,,False,1,0.012960046567717449,0.012941138375219895,0.024240445963505334,0.0084440407478078208
10000,0,single,gaussian_matched,0.050000000000000003,197,30,0.050000000000000003,8.2869636458108413,5-<10%,True,True,4,0.024240445963505334,0.53376947160706134,-0.062853637912261839,0.11779779625549888,1.5547205101895627,1.5869065821892958,1.6016442540807996,1.0092870444025581,0.98301180329453408,1.1059492938230111,True,True,False,4>3>2>1,23,0,0,True,1,0.012960046567717449,0.012941138375219895,0.024240445963505334,0.0084440407478078208
10000,0,single,gaussian_matched,0.050000000000000003,197,31,0.02,8.2869636458108413,5-<10%,True,True,4,0.016216142172853582,0.51403268100778399,-0.030482671363059932,0.081696857503826478,1.5547205101895627,1.5827727056051653,1.5924152057724068,1.0060921572207393,0.99710325289128809,1.0767929362893098,True,True,False,4>3>2>1,23,0,0,True,1,0.0080428207041835856,0.0061814704675640566,0.016216142172853582,0.0095610226563743166
10000,0,single,gaussian_matched,0.050000000000000003,197,31,0.050000000000000003,8.2869636458108413,5-<10%,True,True,4,0.016216142172853582,0.51403268100778399,-0.030482671363059932,0.081696857503826478,1.5547205101895627,1.5827727056051653,1.5924152057724068,1.0060921572207393,0.97771979605769943,1.0767929362893098,True,True,False,4>3>2>1,23,0,0,True,1,0.0080428207041835856,0.0061814704675640566,0.016216142172853582,0.0095610226563743166
10000,0,single,gaussian_matched,0.050000000000000003,198,0,0.02,15.154497939565834,>=10%,True,True,4,0.0080385308279930113,0.48207466551050487,0.047817073344012938,0.018057762467861359,1.0868708625667343,1.0827386119654376,1.0766498843825079,0.99437654895129557,0.98332108224181691,1.0072104097676589,True,True,False,2>4>1>3,10,0,0,True,1,0.0034267045773114274,0.0033367969597412703,0.0080385308279930113,0.00066880097875442104
10000,0,single,gaussian_matched,0.050000000000000003,198,0,0.050000000000000003,15.154497939565834,>=10%,True,True,4,0.0080385308279930113,0.48207466551050487,0.047817073344012938,0.018057762467861359,1.0868708625667343,1.0827386119654376,1.0766498843825079,0.99437654895129557,0.95560931474943522,1.0072104097676589,True,True,False,2>4>1>3,10,0,0,True,1,0.0034267045773114274,0.0033367969597412703,0.0080385308279930113,0.00066880097875442104
10000,0,single,gaussian_matched,0.050000000000000003,198,1,0.02,15.154497939565834,>=10%,True,True,4,0.019432412893115616,0.4677162965220919,-0.066655927986719266,0.12104066690452481,1.0868708625667343,1.1884144248231232,1.1654638176138636,0.98068804389287401,0.97305243816053988,1.183677407157832,True,True,False,2>4>1>3,10,0,0,True,1,0.017453641393503989,0.016342359066326168,0.0121959702838786,0.019432412893115616
10000,0,single,gaussian_matched,0.050000000000000003,198,1,0.050000000000000003,15.154497939565834,>=10%,True,True,4,0.019432412893115616,0.4677162965220919,-0.066655927986719266,0.12104066690452481,1.0868708625667343,1.1884144248231232,1.1654638176138636,0.98068804389287401,0.94695327344230718,1.183677407157832,True,True,False,2>4>1>3,10,0,0,True,1,0.017453641393503989,0.016342359066326168,0.0121959702838786,0.019432412893115616
10000,0,single,gaussian_matched,0.050000000000000003,198,2,0.02,15.154497939565834,>=10%,True,True,4,0.0074808571907710513,0.4956352608689627,0.01205327475236307,0.038196922712460155,1.0868708625667343,1.1209725168220468,1.1057476781149604,0.98641818735195341,0.97481072735760044,1.0525119774817608,True,True,False,2>4>1>3,10,0,0,True,1,0.0074808571907710513,0.0035025862587513127,0.0072321713298665324,0.0070486778373309829
10000,0,single,gaussian_matched,0.050000000000000003,198,2,0.050000000000000003,15.154497939565834,>=10%,True,True,4,0.0074808571907710513,0.4956352608689627,0.01205327475236307,0.038196922712460155,1.0868708625667343,1.1209725168220468,1.1057476781149604,0.98641818735195341,0.94797218167718544,1.0525119774817608,True,True,False,2>4>1>3,10,0,0,True,1,0.0074808571907710513,0.0035025862587513127,0.0072321713298665324,0.0070486778373309829
10000,0,single,gaussian_matched,0.050000000000000003,198,3,0.02,15.154497939565834,>=10%,True,True,4,0.017966777306754514,0.53329377275225487,0.083617973374780483,0.047314304791534645,1.0868708625667343,1.0695754727894389,1.05612952124267,0.98742870242555025,0.9722790916515851,1.0152483280565014,True,True,False,2>4>1>3,10,0,0,True,1,0.0025607570102716658,0.017966777306754514,0.0051573904924679679,0.011544307203903802
10000,0,single,gaussian_matched,0.050000000000000003,198,3,0.050000000000000003,15.154497939565834,>=10%,True,True,4,0.017966777306754514,0.53329377275225487,0.083617973374780483,0.047314304791534645,1.0868708625667343,1.0695754727894389,1.05612952124267,0.98742870242555025,0.94402415536273498,1.0152483280565014,True,True,False,2>4>1>3,10,0,0,True,1,0.0025607570102716658,0.017966777306754514,0.0051573904924679679,0.011544307203903802
10000,0,single,gaussian_matched,0.050000000000000003,198,4,0.02,15.154497939565834,>=10%,True,True,4,0.013461304040779836,0.48177991449275565,-0.027848661282784903,0.079952395707777707,1.0868708625667343,1.1546991534127855,1.1356802786917686,0.98352915158480414,0.97380254678324951,1.1184702031009741,True,True,False,2>4>1>3,10,0,0,True,1,0.012594278398119772,0.010374421789998903,0.0096068832004325908,0.013461304040779836
10000,0,single,gaussian_matched,0.050000000000000003,198,4,0.050000000000000003,15.154497939565834,>=10%,True,True,4,0.013461304040779836,0.48177991449275565,-0.027848661282784903,0.079952395707777707,1.0868708625667343,1.1546991534127855,1.1356802786917686,0.98352915158480414,0.94745041900622107,1.1184702031009741,True,True,False,2>4>1>3,10,0,0,True,1,0.012594278398119772,0.010374421789998903,0.0096068832004325908,0.013461304040779836
10000,0,single,gaussian_matched,0.050000000000000003,198,5,0.02,15.154497939565834,>=10%,True,True,4,0.0078677799500381004,0.48529690929127711,0.033243902933421401,0.022292323012497763,1.0868708625667343,1.0975660923595512,1.0882663277562263,0.99152692064007542,0.98041123165520949,1.0217944826913929,True,True,False,2>4>1>3,10,0,0,True,1,0.0051491469905632099,0.004338344335257642,0.0078677799500381004,0.0020227315479997539
10000,0,single,gaussian_matched,0.050000000000000003,198,5,0.050000000000000003,15.154497939565834,>=10%,True,True,4,0.0078677799500381004,0.48529690929127711,0.033243902933421401,0.022292323012497763,1.0868708625667343,1.0975660923595512,1.0882663277562263,0.99152692064007542,0.95305148562507769,1.0217944826913929,True,True,False,2>4>1>3,10,0,0,True,1,0.0051491469905632099,0.004338344335257642,0.0078677799500381004,0.0020227315479997539
10000,0,single,gaussian_matched,0.050000000000000003,198,6,0.02,15.154497939565834,>=10%,True,True,4,0.013116261737873435,0.5346314927239052,0.050228901531805661,0.034632249193449184,1.0868708625667343,1.1002395520156072,1.0813353259673029,0.98281808174076968,0.96772178753308546,1.026771085320388,True,True,False,2>4>1>3,10,0,0,True,1,0.0019505918967635224,0.013116261737873435,0.0036824926078344099,0.010209479868046071
10000,0,single,gaussian_matched,0.050000000000000003,198,6,0.050000000000000003,15.154497939565834,>=10%,True,True,4,0.013116261737873435,0.5346314927239052,0.050228901531805661,0.034632249193449184,1.0868708625667343,1.1002395520156072,1.0813353259673029,0.98281808174076968,0.94042347264417525,1.026771085320388,True,True,False,2>4>1>3,10,0,0,True,1,0.0019505918967635224,0.013116261737873435,0.0036824926078344099,0.010209479868046071
10000,0,single,gaussian_matched,0.050000000000000003,198,7,0.02,15.154497939565834,>=10%,True,True,4,0.015201577503990387,0.52419153015667508,-0.013746950000164876,0.068182870030857753,1.0868708625667343,1.1550520452891977,1.1287414138921621,0.977221258986258,0.96379018601801592,1.1012571273613734,True,True,False,2>4>1>3,10,0,0,True,1,0.010324998640033346,0.0034343420740771177,0.0051643313091130167,0.015201577503990387
10000,0,single,gaussian_matched,0.050000000000000003,198,7,0.050000000000000003,15.154497939565834,>=10%,True,True,4,0.015201577503990387,0.52419153015667508,-0.013746950000164876,0.068182870030857753,1.0868708625667343,1.1550520452891977,1.1287414138921621,0.977221258986258,0.93770194204818302,1.1012571273613734,True,True,False,2>4>1>3,10,0,0,True,1,0.010324998640033346,0.0034343420740771177,0.0051643313091130167,0.015201577503990387
10000,0,single,gaussian_matched,0.050000000000000003,198,8,0.02,15.154497939565834,>=10%,True,True,4,0.0092112555541602626,0.4681238339304532,0.064325492841989615,0.034947241786144181,1.0868708625667343,1.0626358706681389,1.0624506659735611,0.99982571198687153,0.98967243780383896,1.009685644868711,True,True,False,2>4>1>3,10,0,0,True,1,0.0017053739006673316,0.0050269499191310857,0.0092112555541602626,0.0030337297444996774
10000,0,single,gaussian_matched,0.050000000000000003,198,8,0.050000000000000003,15.154497939565834,>=10%,True,True,4,0.0092112555541602626,0.4681238339304532,0.064325492841989615,0.034947241786144181,1.0868708625667343,1.0626358706681389,1.0624506659735611,0.99982571198687153,0.96144069170723667,1.009685644868711,True,True,False,2>4>1>3,10,0,0,True,1,0.0017053739006673316,0.0050269499191310857,0.0092112555541602626,0.0030337297444996774
10000,0,single,gaussian_matched,0.050000000000000003,198,9,0.02,15.154497939565834,>=10%,True,False,3,0.028749237776873177,0.56562120814269901,0.085235173160506189,0.074482618010904278,1.0868708625667343,1.083470714787018,1.0600789979952643,0.97841038389639179,,1.0438789511081459,False,False,False,,-1,,,False,1,0.0025462529199607249,0.028749237776873177,0.0052727917174714353,0.018540409029801287
10000,0,single,gaussian_matched,0.050000000000000003,198,9,0.050000000000000003,15.154497939565834,>=10%,True,True,4,0.028749237776873177,0.56562120814269901,0.085235173160506189,0.074482618010904278,1.0868708625667343,1.083470714787018,1.0600789979952643,0.97841038389639179,0.93282843104621116,1.0438789511081459,True,True,False,2>4>1>3,10,0,0,True,1,0.0025462529199607249,0.028749237776873177,0.0052727917174714353,0.018540409029801287
10000,0,single,gaussian_matched,0.050000000000000003,198,10,0.02,15.154497939565834,>=10%,True,True,4,0.01354934000673314,0.47399302771410634,-0.031812231744512878,0.085846396956990118,1.0868708625667343,1.1563501540708723,1.1382245909877384,0.98432519508098504,0.97533142738710432,1.1262340634047221,True,True,False,2>4>1>3,10,0,0,True,1,0.013234933760038776,0.012905537393470147,0.01045611478772385,0.01354934000673314
10000,0,single,gaussian_matched,0.050000000000000003,198,10,0.050000000000000003,15.154497939565834,>=10%,True,True,4,0.01354934000673314,0.47399302771410634,-0.031812231744512878,0.085846396956990118,1.0868708625667343,1.1563501540708723,1.1382245909877384,0.98432519508098504,0.94894140138932626,1.1262340634047221,True,True,False,2>4>1>3,10,0,0,True,1,0.013234933760038776,0.012905537393470147,0.01045611478772385,0.01354934000673314
10000,0,single,gaussian_matched,0.050000000000000003,198,11,0.02,15.154497939565834,>=10%,True,False,3,0.020949089985113696,0.52935565227771597,-0.042535190584705534,0.097079945494411693,1.0868708625667343,1.1837901913406232,1.1515214893437364,0.97274119837034378,,1.1488038531914215,False,False,False,,-1,,,False,1,0.013998291795199302,0.0035244457686012419,0.0058115795336549847,0.020949089985113696
10000,0,single,gaussian_matched,0.050000000000000003,198,11,0.050000000000000003,15.154497939565834,>=10%,True,True,4,0.020949089985113696,0.52935565227771597,-0.042535190584705534,0.097079945494411693,1.0868708625667343,1.1837901913406232,1.1515214893437364,0.97274119837034378,0.93384100524866631,1.1488038531914215,True,True,False,2>4>1>3,10,0,0,True,1,0.013998291795199302,0.0035244457686012419,0.0058115795336549847,0.020949089985113696
10000,0,single,gaussian_matched,0.050000000000000003,198,12,0.02,15.154497939565834,>=10%,True,True,4,0.016024242841559073,0.51501007892202988,0.10558974039105928,0.057580567086395855,1.0868708625667343,1.0418017619894029,1.0369152714134311,0.99530957735506165,0.98151198186809918,1.0070155307274369,True,True,False,2>4>1>3,10,0,0,True,1,0.0050628272889846615,0.016024242841559073,0.0069442210165961459,0.009532527858684468
10000,0,single,gaussian_matched,0.050000000000000003,198,12,0.050000000000000003,15.154497939565834,>=10%,True,True,4,0.016024242841559073,0.51501007892202988,0.10558974039105928,0.057580567086395855,1.0868708625667343,1.0418017619894029,1.0369152714134311,0.99530957735506165,0.95238838348946053,1.0070155307274369,True,True,False,2>4>1>3,10,0,0,True,1,0.0050628272889846615,0.016024242841559073,0.0069442210165961459,0.009532527858684468
10000,0,single,gaussian_matched,0.050000000000000003,198,13,0.02,15.154497939565834,>=10%,True,True,4,0.015428671777523221,0.43457245325380378,0.061878082685051017,0.066497012876508971,1.0868708625667343,1.0556787120155904,1.0616774290132818,1.0056823320669583,0.99823854139714729,1.0380022878021724,True,True,False,2>4>1>3,10,0,0,True,1,0.0028501555203046614,0.015428671777523221,0.012164814112649747,0.0076269758570613067
10000,0,single,gaussian_matched,0.050000000000000003,198,13,0.050000000000000003,15.154497939565834,>=10%,True,True,4,0.015428671777523221,0.43457245325380378,0.061878082685051017,0.066497012876508971,1.0868708625667343,1.0556787120155904,1.0616774290132818,1.0056823320669583,0.96979787777641202,1.0380022878021724,True,True,False,2>4>1>3,10,0,0,True,1,0.0028501555203046614,0.015428671777523221,0.012164814112649747,0.0076269758570613067
10000,0,single,gaussian_matched,0.050000000000000003,198,14,0.02,15.154497939565834,>=10%,True,True,4,0.014314320833145407,0.44689016282432376,0.044430317478826024,0.053401087706277231,1.0868708625667343,1.0756561009121977,1.0762179728830765,1.000522352795101,0.99231738101600664,1.0393314417516595,True,True,False,2>4>1>3,10,0,0,True,1,0.004730381757743281,0.014314320833145407,0.011247106251667997,0.0033041435285858394
10000,0,single,gaussian_matched,0.050000000000000003,198,14,0.050000000000000003,15.154497939565834,>=10%,True,True,4,0.014314320833145407,0.44689016282432376,0.044430317478826024,0.053401087706277231,1.0868708625667343,1.0756561009121977,1.0762179728830765,1.000522352795101,0.96437157829648534,1.0393314417516595,True,True,False,2>4>1>3,10,0,0,True,1,0.004730381757743281,0.014314320833145407,0.011247106251667997,0.0033041435285858394
10000,0,single,gaussian_matched,0.050000000000000003,198,15,0.02,15.154497939565834,>=10%,True,True,4,0.019646233225502085,0.51946342501889953,0.11811334982821811,0.070839631127551358,1.0868708625667343,1.0325443901717,1.0282757776286111,0.9958659282993354,0.98183295357014211,1.0112658703173916,True,True,False,2>4>1>3,10,0,0,True,1,0.0069294379963298122,0.019646233225502085,0.0074859711557072016,0.011433897619762641
10000,0,single,gaussian_matched,0.050000000000000003,198,15,0.050000000000000003,15.154497939565834,>=10%,True,True,4,0.019646233225502085,0.51946342501889953,0.11811334982821811,0.070839631127551358,1.0868708625667343,1.0325443901717,1.0282757776286111,0.9958659282993354,0.95226603070293858,1.0112658703173916,True,True,False,2>4>1>3,10,0,0,True,1,0.0069294379963298122,0.019646233225502085,0.0074859711557072016,0.011433897619762641
10000,0,single,gaussian_matched,0.050000000000000003,198,16,0.02,15.154497939565834,>=10%,True,True,4,0.011404799360735499,0.45816580363797865,0.041205538484222134,0.04274859691976636,1.0868708625667343,1.0817896692356315,1.079591430494856,0.99796796105260577,0.98889616889798915,1.0326342034454072,True,True,False,2>4>1>3,10,0,0,True,1,0.0048565845752917914,0.011404799360735499,0.010259467168407579,0.0018631404702022336
10000,0,single,gaussian_matched,0.050000000000000003,198,16,0.050000000000000003,15.154497939565834,>=10%,True,True,4,0.011404799360735499,0.45816580363797865,0.041205538484222134,0.04274859691976636,1.0868708625667343,1.0817896692356315,1.079591430494856,0.99796796105260577,0.96111826595655947,1.0326342034454072,True,True,False,2>4>1>3,10,0,0,True,1,0.0048565845752917914,0.011404799360735499,0.010259467168407579,0.0018631404702022336
10000,0,single,gaussian_matched,0.050000000000000003,198,17,0.02,15.154497939565834,>=10%,True,True,4,0.015170853276204746,0.50778485786140826,0.11361476979302274,0.06408933567873526,1.0868708625667343,1.0314503683526985,1.02980204014953,0.99840193163554636,0.98515560609946107,1.0064593812414397,True,True,False,2>4>1>3,10,0,0,True,1,0.005930562914093899,0.015170853276204746,0.007626782955125048,0.0086159419723090408
10000,0,single,gaussian_matched,0.050000000000000003,198,17,0.050000000000000003,15.154497939565834,>=10%,True,True,4,0.015170853276204746,0.50778485786140826,0.11361476979302274,0.06408933567873526,1.0868708625667343,1.0314503683526985,1.02980204014953,0.99840193163554636,0.95569151012871401,1.0064593812414397,True,True,False,2>4>1>3,10,0,0,True,1,0.005930562914093899,0.015170853276204746,0.007626782955125048,0.0086159419723090408
10000,0,single,gaussian_matched,0.050000000000000003,198,18,0.02,15.154497939565834,>=10%,True,True,4,0.016851968495739864,0.48564716015632192,-0.043913217724991391,0.09500366558738621,1.0868708625667343,1.17120074685988,1.1486365831412644,0.98073416211600561,0.97104074388401107,1.1442392022467993,True,True,False,2>4>1>3,10,0,0,True,1,0.014432636249656598,0.009980596986663209,0.0097795950776451476,0.016851968495739864
10000,0,single,gaussian_matched,0.050000000000000003,198,18,0.050000000000000003,15.154497939565834,>=10%,True,True,4,0.016851968495739864,0.48564716015632192,-0.043913217724991391,0.09500366558738621,1.0868708625667343,1.17120074685988,1.1486365831412644,0.98073416211600561,0.94493535227703573,1.1442392022467993,True,True,False,2>4>1>3,10,0,0,True,1,0.014432636249656598,0.009980596986663209,0.0097795950776451476,0.016851968495739864
10000,0,single,gaussian_matched,0.050000000000000003,198,19,0.02,15.154497939565834,>=10%,True,False,2,0.047193971221988214,0.60374047279117682,0.11452775176546957,0.122171667921998,1.0868708625667343,1.079576207876942,1.045786531506254,0.96870098088106482,,1.0746062293638301,False,False,False,,-1,,,False,1,0.0044810975181207024,0.047193971221988214,0.0091466255382867262,0.029739792842279025
10000,0,single,gaussian_matched,0.050000000000000003,198,19,0.050000000000000003,15.154497939565834,>=10%,True,True,4,0.047193971221988214,0.60374047279117682,0.11452775176546957,0.122171667921998,1.0868708625667343,1.079576207876942,1.045786531506254,0.96870098088106482,0.91979323068784036,1.0746062293638301,True,True,False,2>4>1>3,10,0,0,True,1,0.0044810975181207024,0.047193971221988214,0.0091466255382867262,0.029739792842279025
10000,0,single,gaussian_matched,0.050000000000000003,198,20,0.02,15.154497939565834,>=10%,True,True,4,0.016821819165388312,0.40297729613799926,0.11837628466217683,0.11869591976515675,1.0868708625667343,0.99357047761728057,1.0155041945588439,1.0220756528456476,1.016727783309459,1.0435463433489185,True,True,False,2>4>1>3,10,0,0,True,1,0.0037332305987923596,0.016821819165388312,0.014711404882723931,0.012799121239860966
10000,0,single,gaussian_matched,0.050000000000000003,198,20,0.050000000000000003,15.154497939565834,>=10%,True,True,4,0.016821819165388312,0.40297729613799926,0.11837628466217683,0.11869591976515675,1.0868708625667343,0.99357047761728057,1.0155041945588439,1.0220756528456476,0.98649550989817003,1.0435463433489185,True,True,False,2>4>1>3,10,0,0,True,1,0.0037332305987923596,0.016821819165388312,0.014711404882723931,0.012799121239860966
10000,0,single,gaussian_matched,0.050000000000000003,198,21,0.02,15.154497939565834,>=10%,True,True,4,0.016938229215616059,0.53036653313857007,-0.018887140434681413,0.07528322822596939,1.0868708625667343,1.1620881916843462,1.1333859199620751,0.97530112436589711,0.96147088070359465,1.1120632540775577,True,True,False,2>4>1>3,10,0,0,True,1,0.010986348051394796,0.0050854566944820842,0.0047604652460717699,0.016938229215616059
10000,0,single,gaussian_matched,0.050000000000000003,198,21,0.050000000000000003,15.154497939565834,>=10%,True,True,4,0.016938229215616059,0.53036653313857007,-0.018887140434681413,0.07528322822596939,1.0868708625667343,1.1620881916843462,1.1333859199620751,0.97530112436589711,0.93553310334468975,1.1120632540775577,True,True,False,2>4>1>3,10,0,0,True,1,0.010986348051394796,0.0050854566944820842,0.0047604652460717699,0.016938229215616059
10000,0,single,gaussian_matched,0.050000000000000003,198,22,0.02,15.154497939565834,>=10%,True,True,4,0.0098362563929791681,0.46077729457197397,0.069083600021711378,0.043618853846500424,1.0868708625667343,1.0558582206953879,1.0580580674345561,1.002083467927843,0.99245649713236228,1.0136226475695158,True,True,False,2>4>1>3,10,0,0,True,1,0.0012852976520636434,0.0064822180414841075,0.0098362563929791681,0.0041612415215791692
10000,0,single,gaussian_matched,0.050000000000000003,198,22,0.050000000000000003,15.154497939565834,>=10%,True,True,4,0.0098362563929791681,0.46077729457197397,0.069083600021711378,0.043618853846500424,1.0868708625667343,1.0558582206953879,1.0580580674345561,1.002083467927843,0.96404335965589094,1.0136226475695158,True,True,False,2>4>1>3,10,0,0,True,1,0.0012852976520636434,0.0064822180414841075,0.0098362563929791681,0.0041612415215791692
10000,0,single,gaussian_matched,0.050000000000000003,198,23,0.02,15.154497939565834,>=10%,True,True,4,0.015389987359062293,0.49385434853405102,0.13936463191157961,0.089575702445657837,1.0868708625667343,1.0022216755926192,1.0083636756140464,1.0061283847386311,0.99409990671785187,1.0101838368054423,True,True,False,2>4>1>3,10,0,0,True,1,0.0091216978720052144,0.015389987359062293,0.0094676561019395832,0.0075311775361151887
10000,0,single,gaussian_matched,0.050000000000000003,198,23,0.050000000000000003,15.154497939565834,>=10%,True,True,4,0.015389987359062293,0.49385434853405102,0.13936463191157961,0.089575702445657837,1.0868708625667343,1.0022216755926192,1.0083636756140464,1.0061283847386311,0.96350858983421606,1.0101838368054423,True,True,False,2>4>1>3,10,0,0,True,1,0.0091216978720052144,0.015389987359062293,0.0094676561019395832,0.0075311775361151887
10000,0,single,gaussian_matched,0.050000000000000003,198,24,0.02,15.154497939565834,>=10%,True,True,4,0.015229621299099213,0.45538914264314145,0.016269279220254916,0.055927543468626502,1.0868708625667343,1.1050576735657267,1.0989753347480007,0.99449590825599177,0.98606550184404085,1.0625943872386365,True,True,False,2>4>1>3,10,0,0,True,1,0.0079699510161405016,0.015229621299099213,0.010938040129700779,0.0028379199538149423
10000,0,single,gaussian_matched,0.050000000000000003,198,24,0.050000000000000003,15.154497939565834,>=10%,True,True,4,0.015229621299099213,0.45538914264314145,0.016269279220254916,0.055927543468626502,1.0868708625667343,1.1050576735657267,1.0989753347480007,0.99449590825599177,0.95874928359228717,1.0625943872386365,True,True,False,2>4>1>3,10,0,0,True,1,0.0079699510161405016,0.015229621299099213,0.010938040129700779,0.0028379199538149423
10000,0,single,gaussian_matched,0.050000000000000003,198,25,0.02,15.154497939565834,>=10%,True,True,4,0.010408373617756383,0.46584264043447621,0.12972139875372057,0.086730770962434076,1.0868708625667343,1.0002032208143765,1.0118163161040683,1.0116107357465178,1.0014502165761092,1.0107429731552411,True,True,False,2>4>1>3,10,0,0,True,1,0.0069522507458373997,0.0048610433317837027,0.010408373617756383,0.00096260490429777884
10000,0,single,gaussian_matched,0.050000000000000003,198,25,0.050000000000000003,15.154497939565834,>=10%,True,True,4,0.010408373617756383,0.46584264043447621,0.12972139875372057,0.086730770962434076,1.0868708625667343,1.0002032208143765,1.0118163161040683,1.0116107357465178,0.97112112244569926,1.0107429731552411,True,True,False,2>4>1>3,10,0,0,True,1,0.0069522507458373997,0.0048610433317837027,0.010408373617756383,0.00096260490429777884
10000,0,single,gaussian_matched,0.050000000000000003,198,26,0.02,15.154497939565834,>=10%,True,True,4,0.0079332750408533121,0.48692474626837201,0.018570277022782862,0.034041000963118913,1.0868708625667343,1.1119845136615409,1.0998176767062231,0.98905844748210126,0.97803651847123052,1.0432321968698675,True,True,False,2>4>1>3,10,0,0,True,1,0.0069022480143062911,0.0055198391216241521,0.0079332750408533121,0.00491522040922617
10000,0,single,gaussian_matched,0.050000000000000003,198,26,0.050000000000000003,15.154497939565834,>=10%,True,True,4,0.0079332750408533121,0.48692474626837201,0.018570277022782862,0.034041000963118913,1.0868708625667343,1.1119845136615409,1.0998176767062231,0.98905844748210126,0.9509877486434597,1.0432321968698675,True,True,False,2>4>1>3,10,0,0,True,1,0.0069022480143062911,0.0055198391216241521,0.0079332750408533121,0.00491522040922617
10000,0,single,gaussian_matched,0.050000000000000003,198,27,0.02,15.154497939565834,>=10%,True,True,4,0.0068514305301265559,0.51141203949572978,0.056781494945874332,0.013274913150488607,1.0868708625667343,1.0848553126636362,1.0732311075778487,0.98928501805715752,0.97588874391217928,0.99966431905485498,True,True,False,2>4>1>3,10,0,0,True,1,0.0014866230428744569,0.0068514305301265559,0.0055564249424684296,0.0053289401170163557
10000,0,single,gaussian_matched,0.050000000000000003,198,27,0.050000000000000003,15.154497939565834,>=10%,True,True,4,0.0068514305301265559,0.51141203949572978,0.056781494945874332,0.013274913150488607,1.0868708625667343,1.0848553126636362,1.0732311075778487,0.98928501805715752,0.94821845474444999,0.99966431905485498,True,True,False,2>4>1>3,10,0,0,True,1,0.0014866230428744569,0.0068514305301265559,0.0055564249424684296,0.0053289401170163557
10000,0,single,gaussian_matched,0.050000000000000003,198,28,0.02,15.154497939565834,>=10%,True,True,4,0.010769661007354924,0.51110622946989248,0.0016801082346745086,0.049579837366117679,1.0868708625667343,1.135983018611147,1.1154079189374089,0.98188784573655574,0.96922766320969578,1.0718732063092691,True,True,False,2>4>1>3,10,0,0,True,1,0.008472355612476775,0.00039153718065719652,0.0059796363093560451,0.010769661007354924
10000,0,single,gaussian_matched,0.050000000000000003,198,28,0.050000000000000003,15.154497939565834,>=10%,True,True,4,0.010769661007354924,0.51110622946989248,0.0016801082346745086,0.049579837366117679,1.0868708625667343,1.135983018611147,1.1154079189374089,0.98188784573655574,0.94273701561465462,1.0718732063092691,True,True,False,2>4>1>3,10,0,0,True,1,0.008472355612476775,0.00039153718065719652,0.0059796363093560451,0.010769661007354924
10000,0,single,gaussian_matched,0.050000000000000003,198,29,0.02,15.154497939565834,>=10%,True,True,4,0.014225755868824293,0.43228392548032185,0.074339642496353775,0.071957521811169364,1.0868708625667343,1.0430349298284662,1.0517281707253492,1.0083345635397969,1.0009265314292872,1.0338723129285508,True,True,False,2>4>1>3,10,0,0,True,1,0.0013244191235972087,0.014225755868824293,0.012276131178754061,0.0095055761414011997
10000,0,single,gaussian_matched,0.050000000000000003,198,29,0.050000000000000003,15.154497939565834,>=10%,True,True,4,0.014225755868824293,0.43228392548032185,0.074339642496353775,0.071957521811169364,1.0868708625667343,1.0430349298284662,1.0517281707253492,1.0083345635397969,0.97216058525270399,1.0338723129285508,True,True,False,2>4>1>3,10,0,0,True,1,0.0013244191235972087,0.014225755868824293,0.012276131178754061,0.0095055761414011997
10000,0,single,gaussian_matched,0.050000000000000003,198,30,0.02,15.154497939565834,>=10%,True,True,4,0.0081457394611452547,0.51752380428075817,0.025875259421209527,0.029817558995737029,1.0868708625667343,1.1157578440607852,1.0975654466214448,0.98369503065904573,0.97016915916923852,1.0372741090461979,True,True,False,2>4>1>3,10,0,0,True,1,0.0053197771363127895,0.0046403470595055007,0.0049415317718281898,0.0081457394611452547
10000,0,single,gaussian_matched,0.050000000000000003,198,30,0.050000000000000003,15.154497939565834,>=10%,True,True,4,0.0081457394611452547,0.51752380428075817,0.025875259421209527,0.029817558995737029,1.0868708625667343,1.1157578440607852,1.0975654466214448,0.98369503065904573,0.94327456088516481,1.0372741090461979,True,True,False,2>4>1>3,10,0,0,True,1,0.0053197771363127895,0.0046403470595055007,0.0049415317718281898,0.0081457394611452547
10000,0,single,gaussian_matched,0.050000000000000003,198,31,0.02,15.154497939565834,>=10%,True,False,3,0.022694436405022361,0.5645254926867439,-0.02029118083931937,0.095416923605055187,1.0868708625667343,1.1767952410956675,1.1384935104348788,0.96745251057853743,,1.1352870672473028,False,False,False,,-1,,,False,1,0.011736881536653834,0.016240617490870628,0.0019231529275362444,0.022694436405022361
10000,0,single,gaussian_matched,0.050000000000000003,198,31,0.050000000000000003,15.154497939565834,>=10%,True,True,4,0.022694436405022361,0.5645254926867439,-0.02029118083931937,0.095416923605055187,1.0868708625667343,1.1767952410956675,1.1384935104348788,0.96745251057853743,0.92538495198515747,1.1352870672473028,True,True,False,2>4>1>3,10,0,0,True,1,0.011736881536653834,0.016240617490870628,0.0019231529275362444,0.022694436405022361
10000,0,single,gaussian_matched,0.050000000000000003,199,0,0.02,3.300353928025999,1-<5%,True,False,1,0.049711969019411995,0.50802659383956184,-0.078303319257731388,0.12855414400639381,1.6198275653579681,1.7385790532809922,1.6641097765340946,0.95716658577798841,,1.1067004654562258,False,False,False,,-1,,,False,2,0.018417425451173752,0.023546166071998251,0.028960933350600893,0.049711969019411995
10000,0,single,gaussian_matched,0.050000000000000003,199,0,0.050000000000000003,3.300353928025999,1-<5%,True,True,4,0.049711969019411995,0.50802659383956184,-0.078303319257731388,0.12855414400639381,1.6198275653579681,1.7385790532809922,1.6641097765340946,0.95716658577798841,0.93297512703213625,1.1067004654562258,True,True,False,4>1>3>2,19,0,0,True,2,0.018417425451173752,0.023546166071998251,0.028960933350600893,0.049711969019411995
10000,0,single,gaussian_matched,0.050000000000000003,199,1,0.02,3.300353928025999,1-<5%,True,False,3,0.070639478297965352,0.5856568218117012,0.032160477029462294,0.08749479814650625,1.6198275653579681,1.6800431313569772,1.5928510512603415,0.94810128474129685,,1.0373609422034411,False,False,False,,-1,,,False,2,0.070639478297965352,0.013076540133349688,0.0087592121110376397,0.0014581712958627658
10000,0,single,gaussian_matched,0.050000000000000003,199,1,0.050000000000000003,3.300353928025999,1-<5%,True,False,3,0.070639478297965352,0.5856568218117012,0.032160477029462294,0.08749479814650625,1.6198275653579681,1.6800431313569772,1.5928510512603415,0.94810128474129685,,1.0373609422034411,False,False,False,,-1,,,False,2,0.070639478297965352,0.013076540133349688,0.0087592121110376397,0.0014581712958627658
10000,0,single,gaussian_matched,0.050000000000000003,199,2,0.02,3.300353928025999,1-<5%,True,False,2,0.077976405335939955,0.38861141417480932,0.040334001635599137,0.11180719376013544,1.6198275653579681,1.5862341795479775,1.578544285580693,0.99515210675294119,,1.0435379144614538,False,False,False,,-1,,,False,2,0.0071690332539202728,0.0225854659596759,0.0087302981178864342,0.077976405335939955
10000,0,single,gaussian_matched,0.050000000000000003,199,2,0.050000000000000003,3.300353928025999,1-<5%,True,False,3,0.077976405335939955,0.38861141417480932,0.040334001635599137,0.11180719376013544,1.6198275653579681,1.5862341795479775,1.578544285580693,0.99515210675294119,,1.0435379144614538,False,False,False,,-1,,,False,2,0.0071690332539202728,0.0225854659596759,0.0087302981178864342,0.077976405335939955
10000,0,single,gaussian_matched,0.050000000000000003,199,3,0.02,3.300353928025999,1-<5%,True,False,3,0.030098892842530336,0.50678678504203123,-0.02037362853861259,0.070700127615849234,1.6198275653579681,1.6854572759870905,1.6297188688581044,0.96692980123370798,,1.0497530927609418,False,False,False,,-1,,,False,2,0.014303535628152012,0.019433505446903358,0.018785219599396236,0.030098892842530336
10000,0,single,gaussian_matched,0.050000000000000003,199,3,0.050000000000000003,3.300353928025999,1-<5%,True,True,4,0.030098892842530336,0.50678678504203123,-0.02037362853861259,0.070700127615849234,1.6198275653579681,1.6854572759870905,1.6297188688581044,0.96692980123370798,0.94151554973869844,1.0497530927609418,True,True,False,4>1>3>2,19,0,0,True,2,0.014303535628152012,0.019433505446903358,0.018785219599396236,0.030098892842530336
10000,0,single,gaussian_matched,0.050000000000000003,199,4,0.02,3.300353928025999,1-<5%,True,False,3,0.026660869768764008,0.49332770073058341,0.076048768010261114,0.026889735818580663,1.6198275653579681,1.5938395748394132,1.5676476726271309,0.98356678888782068,,0.98438713017785462,False,False,False,,-1,,,False,2,0.026660869768764008,0.013752317717671802,0.0010080650313975116,0.0054520280373265067
10000,0,single,gaussian_matched,0.050000000000000003,199,4,0.050000000000000003,3.300353928025999,1-<5%,True,True,4,0.026660869768764008,0.49332770073058341,0.076048768010261114,0.026889735818580663,1.6198275653579681,1.5938395748394132,1.5676476726271309,0.98356678888782068,0.9573251364456159,0.98438713017785462,True,True,False,4>1>3>2,19,0,0,True,2,0.026660869768764008,0.013752317717671802,0.0010080650313975116,0.0054520280373265067
10000,0,single,gaussian_matched,0.050000000000000003,199,5,0.02,3.300353928025999,1-<5%,True,False,3,0.0434619068457393,0.42668627138095055,0.079782133175951772,0.079132030559930386,1.6198275653579681,1.5612857817341772,1.5557199395270542,0.996435090697527,,1.009275311181469,False,False,False,,-1,,,False,2,0.01985964759098692,0.01771551334262669,0.0011045841209825782,0.0434619068457393
10000,0,single,gaussian_matched,0.050000000000000003,199,5,0.050000000000000003,3.300353928025999,1-<5%,True,True,4,0.0434619068457393,0.42668627138095055,0.079782133175951772,0.079132030559930386,1.6198275653579681,1.5612857817341772,1.5557199395270542,0.996435090697527,0.97330081256602985,1.009275311181469,True,True,False,4>1>3>2,19,0,0,True,2,0.01985964759098692,0.01771551334262669,0.0011045841209825782,0.0434619068457393
10000,0,single,gaussian_matched,0.050000000000000003,199,6,0.02,3.300353928025999,1-<5%,True,False,2,0.084411815726972761,0.59038297924058991,0.12465489647495565,0.11722813870437103,1.6198275653579681,1.5936753697731485,1.5425586594524616,0.96792526803751566,,1.0246688188628483,False,False,False,,-1,,,False,2,0.084411815726972761,0.0062743511962537234,0.0033483534774463985,0.032531369553943007
10000,0,single,gaussian_matched,0.050000000000000003,199,6,0.050000000000000003,3.300353928025999,1-<5%,True,False,3,0.084411815726972761,0.59038297924058991,0.12465489647495565,0.11722813870437103,1.6198275653579681,1.5936753697731485,1.5425586594524616,0.96792526803751566,,1.0246688188628483,False,False,False,,-1,,,False,2,0.084411815726972761,0.0062743511962537234,0.0033483534774463985,0.032531369553943007
10000,0,single,gaussian_matched,0.050000000000000003,199,7,0.02,3.300353928025999,1-<5%,True,True,4,0.018825743815061854,0.47762133128793116,0.060995518493804676,0.024934037785166875,1.6198275653579681,1.5996209487529971,1.5759750553929868,0.9852178146463737,0.98065920868998602,0.98832068759390834,True,True,False,4>1>3>2,19,0,0,True,2,0.018825743815061854,0.015406914176134824,0.0043047393467362778,0.018166688687464811
10000,0,single,gaussian_matched,0.050000000000000003,199,7,0.050000000000000003,3.300353928025999,1-<5%,True,True,4,0.018825743815061854,0.47762133128793116,0.060995518493804676,0.024934037785166875,1.6198275653579681,1.5996209487529971,1.5759750553929868,0.9852178146463737,0.959839656465723,0.98832068759390834,True,True,False,4>1>3>2,19,0,0,True,2,0.018825743815061854,0.015406914176134824,0.0043047393467362778,0.018166688687464811
10000,0,single,gaussian_matched,0.050000000000000003,199,8,0.02,3.300353928025999,1-<5%,True,False,3,0.026799243576190263,0.46949422175616717,0.088992661991377231,0.049507880134739141,1.6198275653579681,1.571028199418502,1.5558480364060867,0.99033743441522304,,0.99106593249390451,False,False,False,,-1,,,False,2,0.026799243576190263,0.014427150875917756,0.0012062124038568175,0.015566937177532214
10000,0,single,gaussian_matched,0.050000000000000003,199,8,0.050000000000000003,3.300353928025999,1-<5%,True,True,4,0.026799243576190263,0.46949422175616717,0.088992661991377231,0.049507880134739141,1.6198275653579681,1.571028199418502,1.5558480364060867,0.99033743441522304,0.96497239497553777,0.99106593249390451,True,True,False,4>1>3>2,19,0,0,True,2,0.026799243576190263,0.014427150875917756,0.0012062124038568175,0.015566937177532214
10000,0,single,gaussian_matched,0.050000000000000003,199,9,0.02,3.300353928025999,1-<5%,True,False,3,0.049573737564608499,0.55693617550525987,0.032019218513692993,0.05970792731308025,1.6198275653579681,1.6646363455560489,1.5958255263733605,0.95866315224560172,,1.0220430180916089,False,False,False,,-1,,,False,2,0.049573737564608499,0.014205892584258742,0.0078639390689344956,0.0014919503921159197
10000,0,single,gaussian_matched,0.050000000000000003,199,9,0.050000000000000003,3.300353928025999,1-<5%,True,True,4,0.049573737564608499,0.55693617550525987,0.032019218513692993,0.05970792731308025,1.6198275653579681,1.6646363455560489,1.5958255263733605,0.95866315224560172,0.93022387476056911,1.0220430180916089,True,True,False,4>1>3>2,19,0,0,True,2,0.049573737564608499,0.014205892584258742,0.0078639390689344956,0.0014919503921159197
10000,0,single,gaussian_matched,0.050000000000000003,199,10,0.02,3.300353928025999,1-<5%,True,False,3,0.030087401435791455,0.52964569812672191,0.014934281728308206,0.045918101172962092,1.6198275653579681,1.6649205359078545,1.6076885350381889,0.96562478530637019,,1.0208534979744699,False,False,False,,-1,,,False,2,0.030087401435791455,0.016234991517445993,0.011557910081728615,0.011362834159271598
10000,0,single,gaussian_matched,0.050000000000000003,199,10,0.050000000000000003,3.300353928025999,1-<5%,True,True,4,0.030087401435791455,0.52964569812672191,0.014934281728308206,0.045918101172962092,1.6198275653579681,1.6649205359078545,1.6076885350381889,0.96562478530637019,0.9385772544919283,1.0208534979744699,True,True,False,4>1>3>2,19,0,0,True,2,0.030087401435791455,0.016234991517445993,0.011557910081728615,0.011362834159271598
10000,0,single,gaussian_matched,0.050000000000000003,199,11,0.02,3.300353928025999,1-<5%,True,False,3,0.02411220154289493,0.50572499387663905,0.053353114734723532,0.0066346765792896544,1.6198275653579681,1.6196965454364878,1.5835044781577663,0.97765503212271887,,0.98167186973734999,False,False,False,,-1,,,False,2,0.02411220154289493,0.014514224993326479,0.0052103393854190114,0.0054368734028187055
10000,0,single,gaussian_matched,0.050000000000000003,199,11,0.050000000000000003,3.300353928025999,1-<5%,True,True,4,0.02411220154289493,0.50572499387663905,0.053353114734723532,0.0066346765792896544,1.6198275653579681,1.6196965454364878,1.5835044781577663,0.97765503212271887,0.95114226328370177,0.98167186973734999,True,True,False,4>1>3>2,19,0,0,True,2,0.02411220154289493,0.014514224993326479,0.0052103393854190114,0.0054368734028187055
10000,0,single,gaussian_matched,0.050000000000000003,199,12,0.02,3.300353928025999,1-<5%,True,False,3,0.040935417651387106,0.54632458826921826,0.012706381427453874,0.059470845500523631,1.6198275653579681,1.6753097010415425,1.6078128496850819,0.9597108216382334,,1.0292970257097398,False,False,False,,-1,,,False,2,0.040935417651387106,0.015897783963465247,0.011539628238101889,0.0093765393649421821
10000,0,single,gaussian_matched,0.050000000000000003,199,12,0.050000000000000003,3.300353928025999,1-<5%,True,True,4,0.040935417651387106,0.54632458826921826,0.012706381427453874,0.059470845500523631,1.6198275653579681,1.6753097010415425,1.6078128496850819,0.9597108216382334,0.93195192468440347,1.0292970257097398,True,True,False,4>1>3>2,19,0,0,True,2,0.040935417651387106,0.015897783963465247,0.011539628238101889,0.0093765393649421821
10000,0,single,gaussian_matched,0.050000000000000003,199,13,0.02,3.300353928025999,1-<5%,True,False,1,0.059721758209660691,0.45312747572572304,-0.043002310817058687,0.10414635542905702,1.6198275653579681,1.6854041997864115,1.6423779195490638,0.97447123945531855,,1.0782161708627014,False,False,False,,-1,,,False,2,0.012963250889210486,0.023302830002992096,0.025422163054412528,0.059721758209660691
10000,0,single,gaussian_matched,0.050000000000000003,199,13,0.050000000000000003,3.300353928025999,1-<5%,True,False,3,0.059721758209660691,0.45312747572572304,-0.043002310817058687,0.10414635542905702,1.6198275653579681,1.6854041997864115,1.6423779195490638,0.97447123945531855,,1.0782161708627014,False,False,False,,-1,,,False,2,0.012963250889210486,0.023302830002992096,0.025422163054412528,0.059721758209660691
10000,0,single,gaussian_matched,0.050000000000000003,199,14,0.02,3.300353928025999,1-<5%,True,True,4,0.016397513413536912,0.50140236451005404,0.027875542230440611,0.02216885783742762,1.6198275653579681,1.6399728396030895,1.5995629587621238,0.97535942067751213,0.97065774946868444,1.0011755888603875,True,True,False,4>1>3>2,19,0,0,True,2,0.016397513413536912,0.016316241650869256,0.010160836272898792,0.015528121458365709
10000,0,single,gaussian_matched,0.050000000000000003,199,14,0.050000000000000003,3.300353928025999,1-<5%,True,True,4,0.016397513413536912,0.50140236451005404,0.027875542230440611,0.02216885783742762,1.6198275653579681,1.6399728396030895,1.5995629587621238,0.97535942067751213,0.94937287318720631,1.0011755888603875,True,True,False,4>1>3>2,19,0,0,True,2,0.016397513413536912,0.016316241650869256,0.010160836272898792,0.015528121458365709
10000,0,single,gaussian_matched,0.050000000000000003,199,15,0.02,3.300353928025999,1-<5%,True,False,3,0.022769663632113253,0.50695222547481877,0.045699922778944073,0.0081746011009567448,1.6198275653579681,1.6269638451615325,1.5884787716638336,0.97634546482876639,,0.98569342003507854,False,False,False,,-1,,,False,2,0.022769663632113253,0.01494659347245763,0.0066385127507595865,0.0073047007091166967
10000,0,single,gaussian_matched,0.050000000000000003,199,15,0.050000000000000003,3.300353928025999,1-<5%,True,True,4,0.022769663632113253,0.50695222547481877,0.045699922778944073,0.0081746011009567448,1.6198275653579681,1.6269638451615325,1.5884787716638336,0.97634546482876639,0.94987367259448741,0.98569342003507854,True,True,False,4>1>3>2,19,0,0,True,2,0.022769663632113253,0.01494659347245763,0.0066385127507595865,0.0073047007091166967
10000,0,single,gaussian_matched,0.050000000000000003,199,16,0.02,3.300353928025999,1-<5%,True,False,3,0.044643028266617653,0.52246773910604682,0.10666596247160703,0.060957613169898332,1.6198275653579681,1.5834800989379785,1.5506766264527518,0.97928393763380572,,0.99494185312650407,False,False,False,,-1,,,False,2,0.044643028266617653,0.010678125081005511,0.0056665708792885345,0.019110682871378491
10000,0,single,gaussian_matched,0.050000000000000003,199,16,0.050000000000000003,3.300353928025999,1-<5%,True,True,4,0.044643028266617653,0.52246773910604682,0.10666596247160703,0.060957613169898332,1.6198275653579681,1.5834800989379785,1.5506766264527518,0.97928393763380572,0.95166331615773969,0.99494185312650407,True,True,False,4>1>3>2,19,0,0,True,2,0.044643028266617653,0.010678125081005511,0.0056665708792885345,0.019110682871378491
10000,0,single,gaussian_matched,0.050000000000000003,199,17,0.02,3.300353928025999,1-<5%,True,False,3,0.030474411124723596,0.48675907222796266,0.0013558135733386864,0.050414075825865247,1.6198275653579681,1.6572259573336594,1.615735753919378,0.97496406375323996,,1.028597034263359,False,False,False,,-1,,,False,2,0.004551416926513209,0.018660019308812194,0.015623591796279602,0.030474411124723596
10000,0,single,gaussian_matched,0.050000000000000003,199,17,0.050000000000000003,3.300353928025999,1-<5%,True,True,4,0.030474411124723596,0.48675907222796266,0.0013558135733386864,0.050414075825865247,1.6198275653579681,1.6572259573336594,1.615735753919378,0.97496406375323996,0.95009756753679897,1.028597034263359,True,True,False,4>1>3>2,19,0,0,True,2,0.004551416926513209,0.018660019308812194,0.015623591796279602,0.030474411124723596
10000,0,single,gaussian_matched,0.050000000000000003,199,18,0.02,3.300353928025999,1-<5%,True,False,3,0.035225894000445741,0.47541492558935095,0.0031695294166522725,0.052891576444977967,1.6198275653579681,1.6508741076888929,1.6139546089496892,0.97763639361278232,,1.0290269291881746,False,False,False,,-1,,,False,2,0.0008970625679471083,0.019047348630135189,0.015674208015310876,0.035225894000445741
10000,0,single,gaussian_matched,0.050000000000000003,199,18,0.050000000000000003,3.300353928025999,1-<5%,True,True,4,0.035225894000445741,0.47541492558935095,0.0031695294166522725,0.052891576444977967,1.6198275653579681,1.6508741076888929,1.6139546089496892,0.97763639361278232,0.95330190483413446,1.0290269291881746,True,True,False,4>1>3>2,19,0,0,True,2,0.0008970625679471083,0.019047348630135189,0.015674208015310876,0.035225894000445741
10000,0,single,gaussian_matched,0.050000000000000003,199,19,0.02,3.300353928025999,1-<5%,True,False,3,0.022407091987800883,0.50625066324664958,0.045390401369539639,0.0077665430248571934,1.6198275653579681,1.6268910094820395,1.5886382636911875,0.97648721053352516,,0.98553996786889653,False,False,False,,-1,,,False,2,0.022407091987800883,0.014994223747425412,0.0067163834850508843,0.0077144029776597227
10000,0,single,gaussian_matched,0.050000000000000003,199,19,0.050000000000000003,3.300353928025999,1-<5%,True,True,4,0.022407091987800883,0.50625066324664958,0.045390401369539639,0.0077665430248571934,1.6198275653579681,1.6268910094820395,1.5886382636911875,0.97648721053352516,0.95004938943966866,0.98553996786889653,True,True,False,4>1>3>2,19,0,0,True,2,0.022407091987800883,0.014994223747425412,0.0067163834850508843,0.0077144029776597227
10000,0,single,gaussian_matched,0.050000000000000003,199,20,0.02,3.300353928025999,1-<5%,True,False,3,0.033117767020972133,0.49164007561699158,-0.013138940547511177,0.063689984684813433,1.6198275653579681,1.6724279576754646,1.6250573529486259,0.97167554840886539,,1.0425475981205694,False,False,False,,-1,,,False,2,0.0057071997010992442,0.019452867524402711,0.018125103348268539,0.033117767020972133
10000,0,single,gaussian_matched,0.050000000000000003,199,20,0.050000000000000003,3.300353928025999,1-<5%,True,True,4,0.033117767020972133,0.49164007561699158,-0.013138940547511177,0.063689984684813433,1.6198275653579681,1.6724279576754646,1.6250573529486259,0.97167554840886539,0.94684710661832783,1.0425475981205694,True,True,False,4>1>3>2,19,0,0,True,2,0.0057071997010992442,0.019452867524402711,0.018125103348268539,0.033117767020972133
10000,0,single,gaussian_matched,0.050000000000000003,199,21,0.02,3.300353928025999,1-<5%,True,False,2,0.062630612728855797,0.56299320416330034,0.097529882698858678,0.078912822279566863,1.6198275653579681,1.6149347508950367,1.5573806378932518,0.96436133845662375,,1.0101652145987599,False,False,False,,-1,,,False,2,0.062630612728855797,0.0093625852618420095,0.0023679861429777597,0.021552804685335766
10000,0,single,gaussian_matched,0.050000000000000003,199,21,0.050000000000000003,3.300353928025999,1-<5%,True,False,3,0.062630612728855797,0.56299320416330034,0.097529882698858678,0.078912822279566863,1.6198275653579681,1.6149347508950367,1.5573806378932518,0.96436133845662375,,1.0101652145987599,False,False,False,,-1,,,False,2,0.062630612728855797,0.0093625852618420095,0.0023679861429777597,0.021552804685335766
10000,0,single,gaussian_matched,0.050000000000000003,199,22,0.02,3.300353928025999,1-<5%,True,False,2,0.075048925171025418,0.38291730907088617,0.070206392131449941,0.11881352952493381,1.6198275653579681,1.555949385052902,1.5558205360795268,0.99991718948276009,,1.0338347744035215,False,False,False,,-1,,,False,2,0.019392244705655298,0.021650265624306584,0.0019259979196993419,0.075048925171025418
10000,0,single,gaussian_matched,0.050000000000000003,199,22,0.050000000000000003,3.300353928025999,1-<5%,True,False,3,0.075048925171025418,0.38291730907088617,0.070206392131449941,0.11881352952493381,1.6198275653579681,1.555949385052902,1.5558205360795268,0.99991718948276009,,1.0338347744035215,False,False,False,,-1,,,False,2,0.019392244705655298,0.021650265624306584,0.0019259979196993419,0.075048925171025418
10000,0,single,gaussian_matched,0.050000000000000003,199,23,0.02,3.300353928025999,1-<5%,True,False,3,0.034673046116289082,0.51305028291210519,0.083097884204567318,0.035577799579301295,1.6198275653579681,1.597934471244717,1.564918781701514,0.97933852098610441,,0.98806602351350836,False,False,False,,-1,,,False,2,0.034673046116289082,0.012415086626849908,0.00074602761108694203,0.007186402023785972
10000,0,single,gaussian_matched,0.050000000000000003,199,23,0.050000000000000003,3.300353928025999,1-<5%,True,True,4,0.034673046116289082,0.51305028291210519,0.083097884204567318,0.035577799579301295,1.6198275653579681,1.597934471244717,1.564918781701514,0.97933852098610441,0.95222866459065247,0.98806602351350836,True,True,False,4>1>3>2,19,0,0,True,2,0.034673046116289082,0.012415086626849908,0.00074602761108694203,0.007186402023785972
10000,0,single,gaussian_matched,0.050000000000000003,199,24,0.02,3.300353928025999,1-<5%,True,False,3,0.060314503814798609,0.56596762161988301,0.073307534271669306,0.069964049739913534,1.6198275653579681,1.6359789550462445,1.5715533877989065,0.96061956234301504,,1.0133902352600468,False,False,False,,-1,,,False,2,0.060314503814798609,0.010954125358045705,0.00017429317610596798,0.013298151894744481
10000,0,single,gaussian_matched,0.050000000000000003,199,24,0.050000000000000003,3.300353928025999,1-<5%,True,False,3,0.060314503814798609,0.56596762161988301,0.073307534271669306,0.069964049739913534,1.6198275653579681,1.6359789550462445,1.5715533877989065,0.96061956234301504,,1.0133902352600468,False,False,False,,-1,,,False,2,0.060314503814798609,0.010954125358045705,0.00017429317610596798,0.013298151894744481
10000,0,single,gaussian_matched,0.050000000000000003,199,25,0.02,3.300353928025999,1-<5%,True,False,3,0.025145920690108823,0.49225141733784694,0.010452992106379802,0.040298962351533046,1.6198275653579681,1.651378282977739,1.6102125928655293,0.97507191990076292,,1.0189427507688531,False,False,False,,-1,,,False,2,0.0087849463117833562,0.017827515274697271,0.013723472237060958,0.025145920690108823
10000,0,single,gaussian_matched,0.050000000000000003,199,25,0.050000000000000003,3.300353928025999,1-<5%,True,True,4,0.025145920690108823,0.49225141733784694,0.010452992106379802,0.040298962351533046,1.6198275653579681,1.651378282977739,1.6102125928655293,0.97507191990076292,0.94978089134691379,1.0189427507688531,True,True,False,4>1>3>2,19,0,0,True,2,0.0087849463117833562,0.017827515274697271,0.013723472237060958,0.025145920690108823
10000,0,single,gaussian_matched,0.050000000000000003,199,26,0.02,3.300353928025999,1-<5%,True,False,2,0.052099494485211874,0.53743516949502523,0.11120104650976956,0.071742316724595981,1.6198275653579681,1.5885451519584393,1.5487724197072197,0.97496279397397945,,1.0004242248301878,False,False,False,,-1,,,False,2,0.052099494485211874,0.0096826931990369545,0.0069734160573505346,0.025030891351338871
10000,0,single,gaussian_matched,0.050000000000000003,199,26,0.050000000000000003,3.300353928025999,1-<5%,True,False,3,0.052099494485211874,0.53743516949502523,0.11120104650976956,0.071742316724595981,1.6198275653579681,1.5885451519584393,1.5487724197072197,0.97496279397397945,,1.0004242248301878,False,False,False,,-1,,,False,2,0.052099494485211874,0.0096826931990369545,0.0069734160573505346,0.025030891351338871
10000,0,single,gaussian_matched,0.050000000000000003,199,27,0.02,3.300353928025999,1-<5%,True,False,2,0.02774598134300351,0.4545704022900981,0.075050520408705579,0.051878482252572682,1.6198275653579681,1.5768369933971402,1.5633150190603418,0.99142462131886777,,0.99713916212801967,False,False,False,,-1,,,False,2,0.020385624101242675,0.016027724784074337,0.0018722947147604904,0.02774598134300351
10000,0,single,gaussian_matched,0.050000000000000003,199,27,0.050000000000000003,3.300353928025999,1-<5%,True,True,4,0.02774598134300351,0.4545704022900981,0.075050520408705579,0.051878482252572682,1.6198275653579681,1.5768369933971402,1.5633150190603418,0.99142462131886777,0.96692197004013247,0.99713916212801967,True,True,False,4>1>3>2,19,0,0,True,2,0.020385624101242675,0.016027724784074337,0.0018722947147604904,0.02774598134300351
10000,0,single,gaussian_matched,0.050000000000000003,199,28,0.02,3.300353928025999,1-<5%,True,False,2,0.1134095883590054,0.61340062651208371,0.17795522549448434,0.17097438938237927,1.6198275653579681,1.5356797269975699,1.5122608857597271,0.98475017881259042,,1.0391447282045267,False,False,False,,-1,,,False,2,0.1134095883590054,0.0026893823407481816,0.0070422993885338623,0.055929590470568738
10000,0,single,gaussian_matched,0.050000000000000003,199,28,0.050000000000000003,3.300353928025999,1-<5%,True,False,2,0.1134095883590054,0.61340062651208371,0.17795522549448434,0.17097438938237927,1.6198275653579681,1.5356797269975699,1.5122608857597271,0.98475017881259042,,1.0391447282045267,False,False,False,,-1,,,False,2,0.1134095883590054,0.0026893823407481816,0.0070422993885338623,0.055929590470568738
10000,0,single,gaussian_matched,0.050000000000000003,199,29,0.02,3.300353928025999,1-<5%,True,False,1,0.044041974865534197,0.47517712394062356,-0.025322373469939652,0.079307219854211464,1.6198275653579681,1.676942733155478,1.6321133128136858,0.97326717278088715,,1.0565448874119436,False,False,False,,-1,,,False,2,0.002939975060863494,0.020972865252290494,0.021092901711828694,0.044041974865534197
10000,0,single,gaussian_matched,0.050000000000000003,199,29,0.050000000000000003,3.300353928025999,1-<5%,True,True,4,0.044041974865534197,0.47517712394062356,-0.025322373469939652,0.079307219854211464,1.6198275653579681,1.676942733155478,1.6321133128136858,0.97326717278088715,0.94953614908457362,1.0565448874119436,True,True,False,4>1>3>2,19,0,0,True,2,0.002939975060863494,0.020972865252290494,0.021092901711828694,0.044041974865534197
10000,0,single,gaussian_matched,0.050000000000000003,199,30,0.02,3.300353928025999,1-<5%,True,False,2,0.098485878478843963,0.61381139497436443,0.089670071374887167,0.12052696042338173,1.6198275653579681,1.616155633976327,1.5579319278264556,0.9639739484701606,,1.0361960273709208,False,False,False,,-1,,,False,2,0.098485878478843963,0.0073868102691439508,0.0080906939044594218,0.024531532196460086
10000,0,single,gaussian_matched,0.050000000000000003,199,30,0.050000000000000003,3.300353928025999,1-<5%,True,False,3,0.098485878478843963,0.61381139497436443,0.089670071374887167,0.12052696042338173,1.6198275653579681,1.616155633976327,1.5579319278264556,0.9639739484701606,,1.0361960273709208,False,False,False,,-1,,,False,2,0.098485878478843963,0.0073868102691439508,0.0080906939044594218,0.024531532196460086
10000,0,single,gaussian_matched,0.050000000000000003,199,31,0.02,3.300353928025999,1-<5%,True,False,3,0.030216568765547815,0.52185077584296657,0.047847094018435427,0.021956580086730904,1.6198275653579681,1.6325798833578808,1.5876662351803636,0.97248915741559971,,0.99370010098042849,False,False,False,,-1,,,False,2,0.030216568765547815,0.014245181228715204,0.0057886275511966631,0.0011772397934695939
10000,0,single,gaussian_matched,0.050000000000000003,199,31,0.050000000000000003,3.300353928025999,1-<5%,True,True,4,0.030216568765547815,0.52185077584296657,0.047847094018435427,0.021956580086730904,1.6198275653579681,1.6325798833578808,1.5876662351803636,0.97248915741559971,0.94536100638288356,0.99370010098042849,True,True,False,4>1>3>2,19,0,0,True,2,0.030216568765547815,0.014245181228715204,0.0057886275511966631,0.0011772397934695939
