budget,seed,mode,init_name,init_sigma,layout_index,draw_id,tolerance,gap_percent,gap_bin,numeric_valid,success,visited_count,worst_distance,initial_x,initial_y,initial_offset,optimal_nominal,optimal_sampled_start,path_length,path_length_ratio_sampled_start,completion_length_ratio_sampled_start,path_plus_connector_ratio_nominal,success_with_connector,order_evaluable,order_ambiguous,actual_order,order_class,order_excess_nominal_percent,order_excess_sampled_start_percent,success_nearopt_order,available_nearopt_center_orders,target_1_distance,target_2_distance,target_3_distance,target_4_distance
10000,0,single,gaussian_matched,0.050000000000000003,288,0,0.02,0.20404430774843069,<1%,True,False,1,0.45109837122521579,0.49060627678373864,0.0013739540398315653,0.049525088405616612,1.5492380211610193,1.5984133046801148,1.5295557760802345,0.95692132416674269,,1.019262916941883,False,False,False,,-1,,,False,2,0.45109837122521579,0.029832027803025844,0.027413239088963131,0.014553233843759505
10000,0,single,gaussian_matched,0.050000000000000003,288,0,0.050000000000000003,0.20404430774843069,<1%,True,False,3,0.45109837122521579,0.49060627678373864,0.0013739540398315653,0.049525088405616612,1.5492380211610193,1.5984133046801148,1.5295557760802345,0.95692132416674269,,1.019262916941883,False,False,False,,-1,,,False,2,0.45109837122521579,0.029832027803025844,0.027413239088963131,0.014553233843759505
10000,0,single,gaussian_matched,0.050000000000000003,288,1,0.02,0.20404430774843069,<1%,True,False,2,0.42533776573690912,0.52944699736728329,0.040345291235464723,0.030989337767638458,1.5492380211610193,1.5590504531666556,1.4683325594936711,0.94181208601124911,,0.96778020987226876,False,False,False,,-1,,,False,2,0.42533776573690912,0.015590700011728067,0.030151635078103624,0.014409487765312411
10000,0,single,gaussian_matched,0.050000000000000003,288,1,0.050000000000000003,0.20404430774843069,<1%,True,False,3,0.42533776573690912,0.52944699736728329,0.040345291235464723,0.030989337767638458,1.5492380211610193,1.5590504531666556,1.4683325594936711,0.94181208601124911,,0.96778020987226876,False,False,False,,-1,,,False,2,0.42533776573690912,0.015590700011728067,0.030151635078103624,0.014409487765312411
10000,0,single,gaussian_matched,0.050000000000000003,288,2,0.02,0.20404430774843069,<1%,True,False,3,0.035218155494835222,0.45746997667448136,0.028357077941742768,0.047720215415366238,1.5492380211610193,1.5767562696307622,1.5512850816104762,0.98384583051237795,,1.0321237119054998,False,False,False,,-1,,,False,2,0.0013107474495601154,0.035218155494835222,0.017757223168632166,0.00025737266911865205
10000,0,single,gaussian_matched,0.050000000000000003,288,2,0.050000000000000003,0.20404430774843069,<1%,True,True,4,0.035218155494835222,0.45746997667448136,0.028357077941742768,0.047720215415366238,1.5492380211610193,1.5767562696307622,1.5512850816104762,0.98384583051237795,0.9505048292002789,1.0321237119054998,True,True,False,2>4>3>1,11,0,0,True,2,0.0013107474495601154,0.035218155494835222,0.017757223168632166,0.00025737266911865205
10000,0,single,gaussian_matched,0.050000000000000003,288,3,0.02,0.20404430774843069,<1%,True,False,3,0.037736050886022533,0.44884162406307548,0.071071982650430493,0.055328183426927552,1.5492380211610193,1.5377700821660765,1.5327585624313924,0.99674104744733694,,1.0250760207060932,False,False,False,,-1,,,False,2,0.0037026302560077165,0.037736050886022533,0.0075779238656307263,0.0084041555965669278
10000,0,single,gaussian_matched,0.050000000000000003,288,3,0.050000000000000003,0.20404430774843069,<1%,True,True,4,0.037736050886022533,0.44884162406307548,0.071071982650430493,0.055328183426927552,1.5492380211610193,1.5377700821660765,1.5327585624313924,0.99674104744733694,0.95944565510412227,1.0250760207060932,True,True,False,2>4>3>1,11,0,0,True,2,0.0037026302560077165,0.037736050886022533,0.0075779238656307263,0.0084041555965669278
10000,0,single,gaussian_matched,0.050000000000000003,288,4,0.02,0.20404430774843069,<1%,True,False,2,0.41529292278702745,0.52401579860813097,0.13229122941646565,0.085724004932455689,1.5492380211610193,1.466951554653267,1.4678918899222118,1.0006410131718133,,1.0028258238139336,False,False,False,,-1,,,False,2,0.015388550435860815,0.014254521308046171,0.095115905842210746,0.41529292278702745
10000,0,single,gaussian_matched,0.050000000000000003,288,4,0.050000000000000003,0.20404430774843069,<1%,True,False,2,0.41529292278702745,0.52401579860813097,0.13229122941646565,0.085724004932455689,1.5492380211610193,1.466951554653267,1.4678918899222118,1.0006410131718133,,1.0028258238139336,False,False,False,,-1,,,False,2,0.015388550435860815,0.014254521308046171,0.095115905842210746,0.41529292278702745
10000,0,single,gaussian_matched,0.050000000000000003,288,5,0.02,0.20404430774843069,<1%,True,False,1,0.4505237013029631,0.49735932369320612,0.0099903385462971755,0.040096710351314062,1.5492380211610193,1.5893340261111404,1.5232479232402558,0.95841899702318256,,1.0091055165428866,False,False,False,,-1,,,False,2,0.4505237013029631,0.02176714929039256,0.026193104550917216,0.014816940295613337
10000,0,single,gaussian_matched,0.050000000000000003,288,5,0.050000000000000003,0.20404430774843069,<1%,True,False,3,0.4505237013029631,0.49735932369320612,0.0099903385462971755,0.040096710351314062,1.5492380211610193,1.5893340261111404,1.5232479232402558,0.95841899702318256,,1.0091055165428866,False,False,False,,-1,,,False,2,0.4505237013029631,0.02176714929039256,0.026193104550917216,0.014816940295613337
10000,0,single,gaussian_matched,0.050000000000000003,288,6,0.02,0.20404430774843069,<1%,True,False,1,0.40648521975963048,0.53677166882484173,0.050389336097813604,0.036773729900037307,1.5492380211610193,1.5496760949280475,1.3867386646155457,0.89485710540042429,,0.91884679763331922,False,False,False,,-1,,,False,2,0.40648521975963048,0.026768018875727658,0.030781325837590214,0.014415761878133789
10000,0,single,gaussian_matched,0.050000000000000003,288,6,0.050000000000000003,0.20404430774843069,<1%,True,False,3,0.40648521975963048,0.53677166882484173,0.050389336097813604,0.036773729900037307,1.5492380211610193,1.5496760949280475,1.3867386646155457,0.89485710540042429,,0.91884679763331922,False,False,False,,-1,,,False,2,0.40648521975963048,0.026768018875727658,0.030781325837590214,0.014415761878133789
10000,0,single,gaussian_matched,0.050000000000000003,288,7,0.02,0.20404430774843069,<1%,True,False,1,0.42167656962777589,0.54174110147766874,0.097867479453220441,0.063510748238180287,1.5492380211610193,1.5032484205569214,1.5260162668239907,1.0151457643033042,,1.0260056836656763,False,False,False,,-1,,,False,2,0.012831850719753278,0.02888054699963127,0.10660679889026196,0.42167656962777589
10000,0,single,gaussian_matched,0.050000000000000003,288,7,0.050000000000000003,0.20404430774843069,<1%,True,False,2,0.42167656962777589,0.54174110147766874,0.097867479453220441,0.063510748238180287,1.5492380211610193,1.5032484205569214,1.5260162668239907,1.0151457643033042,,1.0260056836656763,False,False,False,,-1,,,False,2,0.012831850719753278,0.02888054699963127,0.10660679889026196,0.42167656962777589
10000,0,single,gaussian_matched,0.050000000000000003,288,8,0.02,0.20404430774843069,<1%,True,False,1,0.41683943117632022,0.56791787743593947,0.030971997815723545,0.070532991872797546,1.5492380211610193,1.5739212517759877,1.569093618563544,0.99693273522611359,,1.0583439007051891,False,False,False,,-1,,,False,2,0.0035570068323247852,0.051885285550360753,0.11526039589879863,0.41683943117632022
10000,0,single,gaussian_matched,0.050000000000000003,288,8,0.050000000000000003,0.20404430774843069,<1%,True,False,1,0.41683943117632022,0.56791787743593947,0.030971997815723545,0.070532991872797546,1.5492380211610193,1.5739212517759877,1.569093618563544,0.99693273522611359,,1.0583439007051891,False,False,False,,-1,,,False,2,0.0035570068323247852,0.051885285550360753,0.11526039589879863,0.41683943117632022
10000,0,single,gaussian_matched,0.050000000000000003,288,9,0.02,0.20404430774843069,<1%,True,False,1,0.42584948790399563,0.61694775349054731,0.017110435497529768,0.12148456897749595,1.5492380211610193,1.6018339231948779,1.574877171652433,0.98317131935333257,,1.0949652135174512,False,False,False,,-1,,,False,2,0.0017675491133397946,0.089316806241231922,0.12720852336680158,0.42584948790399563
10000,0,single,gaussian_matched,0.050000000000000003,288,9,0.050000000000000003,0.20404430774843069,<1%,True,False,1,0.42584948790399563,0.61694775349054731,0.017110435497529768,0.12148456897749595,1.5492380211610193,1.6018339231948779,1.574877171652433,0.98317131935333257,,1.0949652135174512,False,False,False,,-1,,,False,2,0.0017675491133397946,0.089316806241231922,0.12720852336680158,0.42584948790399563
10000,0,single,gaussian_matched,0.050000000000000003,288,10,0.02,0.20404430774843069,<1%,True,False,2,0.034837268488657175,0.52259412321282295,0.070462626156187244,0.030483003017486694,1.5492380211610193,1.5285889237700705,1.4883174432352395,0.97365447314932352,,0.98035319654401287,False,False,False,,-1,,,False,2,0.0045159039617136548,0.016003884101615986,0.020056584820709322,0.034837268488657175
10000,0,single,gaussian_matched,0.050000000000000003,288,10,0.050000000000000003,0.20404430774843069,<1%,True,True,4,0.034837268488657175,0.52259412321282295,0.070462626156187244,0.030483003017486694,1.5492380211610193,1.5285889237700705,1.4883174432352395,0.97365447314932352,0.94326841423614782,0.98035319654401287,True,True,False,2>4>3>1,11,0,0,True,2,0.0045159039617136548,0.016003884101615986,0.020056584820709322,0.034837268488657175
10000,0,single,gaussian_matched,0.050000000000000003,288,11,0.02,0.20404430774843069,<1%,True,False,2,0.45080002120707729,0.50358724783280673,0.013980755403665328,0.036197435382973771,1.5492380211610193,1.5850433078178647,1.5178667171609377,0.95761845097506559,,1.0031151645628187,False,False,False,,-1,,,False,2,0.45080002120707729,0.016830889004576233,0.026870507104829959,0.01467671638816408
10000,0,single,gaussian_matched,0.050000000000000003,288,11,0.050000000000000003,0.20404430774843069,<1%,True,False,3,0.45080002120707729,0.50358724783280673,0.013980755403665328,0.036197435382973771,1.5492380211610193,1.5850433078178647,1.5178667171609377,0.95761845097506559,,1.0031151645628187,False,False,False,,-1,,,False,2,0.45080002120707729,0.016830889004576233,0.026870507104829959,0.01467671638816408
10000,0,single,gaussian_matched,0.050000000000000003,288,12,0.02,0.20404430774843069,<1%,True,False,1,0.41825744042470292,0.56978439179963858,0.035843694786460184,0.071205774457865134,1.5492380211610193,1.5695938481960936,1.5668515443009015,0.99825285764317706,,1.0573309564989795,False,False,False,,-1,,,False,2,0.0056457909318743411,0.052542452624425195,0.11559043318494434,0.41825744042470292
10000,0,single,gaussian_matched,0.050000000000000003,288,12,0.050000000000000003,0.20404430774843069,<1%,True,False,1,0.41825744042470292,0.56978439179963858,0.035843694786460184,0.071205774457865134,1.5492380211610193,1.5695938481960936,1.5668515443009015,0.99825285764317706,,1.0573309564989795,False,False,False,,-1,,,False,2,0.0056457909318743411,0.052542452624425195,0.11559043318494434,0.41825744042470292
10000,0,single,gaussian_matched,0.050000000000000003,288,13,0.02,0.20404430774843069,<1%,True,True,4,0.010357377397074185,0.48586462873417258,0.065543434844499801,0.021009690325847024,1.5492380211610193,1.5351001821740755,1.5326627956662646,0.99841222967978616,0.97932336375555296,1.0028623521825066,True,True,False,2>4>3>1,11,0,0,True,2,0.005778771452084888,0.010357377397074185,0.010132941617149272,0.0046686839534772666
10000,0,single,gaussian_matched,0.050000000000000003,288,13,0.050000000000000003,0.20404430774843069,<1%,True,True,4,0.010357377397074185,0.48586462873417258,0.065543434844499801,0.021009690325847024,1.5492380211610193,1.5351001821740755,1.5326627956662646,0.99841222967978616,0.95946684627680545,1.0028623521825066,True,True,False,2>4>3>1,11,0,0,True,2,0.005778771452084888,0.010357377397074185,0.010132941617149272,0.0046686839534772666
10000,0,single,gaussian_matched,0.050000000000000003,288,14,0.02,0.20404430774843069,<1%,True,False,3,0.022171175212184733,0.47759439127743719,0.027300368402685894,0.031894898916321461,1.5492380211610193,1.5741164960640337,1.5495626970157412,0.9844015362842029,,1.0207970462452876,False,False,False,,-1,,,False,2,0.0011810618723120728,0.022171175212184733,0.019298660980270263,0.0075163015254786905
10000,0,single,gaussian_matched,0.050000000000000003,288,14,0.050000000000000003,0.20404430774843069,<1%,True,True,4,0.022171175212184733,0.47759439127743719,0.027300368402685894,0.031894898916321461,1.5492380211610193,1.5741164960640337,1.5495626970157412,0.9844015362842029,0.95053948559692658,1.0207970462452876,True,True,False,2>4>3>1,11,0,0,True,2,0.0011810618723120728,0.022171175212184733,0.019298660980270263,0.0075163015254786905
10000,0,single,gaussian_matched,0.050000000000000003,288,15,0.02,0.20404430774843069,<1%,True,False,3,0.020130021035628869,0.50510687893062267,0.10740551221605564,0.057632222282328754,1.5492380211610193,1.4916389926136606,1.5025434295426192,1.0073103726725807,,1.0070600066061712,False,False,False,,-1,,,False,2,0.011175295262856863,0.001054811948808732,0.004126263611403458,0.020130021035628869
10000,0,single,gaussian_matched,0.050000000000000003,288,15,0.050000000000000003,0.20404430774843069,<1%,True,True,4,0.020130021035628869,0.50510687893062267,0.10740551221605564,0.057632222282328754,1.5492380211610193,1.4916389926136606,1.5025434295426192,1.0073103726725807,0.96630735262907685,1.0070600066061712,True,True,False,2>4>3>1,11,0,0,True,2,0.011175295262856863,0.001054811948808732,0.004126263611403458,0.020130021035628869
10000,0,single,gaussian_matched,0.050000000000000003,288,16,0.02,0.20404430774843069,<1%,True,False,1,0.40989568679386545,0.56439498039461,0.004561125315013001,0.078812466226226924,1.5492380211610193,1.5990738837017946,1.5799298677040767,0.98802806037116919,,1.0706826912802077,False,False,False,,-1,,,False,2,0.0050031726847204472,0.053451787789732537,0.11488228307085574,0.40989568679386545
10000,0,single,gaussian_matched,0.050000000000000003,288,16,0.050000000000000003,0.20404430774843069,<1%,True,False,1,0.40989568679386545,0.56439498039461,0.004561125315013001,0.078812466226226924,1.5492380211610193,1.5990738837017946,1.5799298677040767,0.98802806037116919,,1.0706826912802077,False,False,False,,-1,,,False,2,0.0050031726847204472,0.053451787789732537,0.11488228307085574,0.40989568679386545
10000,0,single,gaussian_matched,0.050000000000000003,288,17,0.02,0.20404430774843069,<1%,True,False,1,0.45441176677447903,0.48880809956367838,-0.025155251334168835,0.075984014361434093,1.5492380211610193,1.6250004706041057,1.5387179464103564,0.94690307741161872,,1.0422555725567022,False,False,False,,-1,,,False,2,0.45441176677447903,0.047235171059838613,0.038043482004530484,0.014323682975589126
10000,0,single,gaussian_matched,0.050000000000000003,288,17,0.050000000000000003,0.20404430774843069,<1%,True,False,3,0.45441176677447903,0.48880809956367838,-0.025155251334168835,0.075984014361434093,1.5492380211610193,1.6250004706041057,1.5387179464103564,0.94690307741161872,,1.0422555725567022,False,False,False,,-1,,,False,2,0.45441176677447903,0.047235171059838613,0.038043482004530484,0.014323682975589126
10000,0,single,gaussian_matched,0.050000000000000003,288,18,0.02,0.20404430774843069,<1%,True,False,1,0.45504232337876865,0.49456274679349677,-0.032434428247627753,0.082613550238111177,1.5492380211610193,1.6318503356386316,1.5384920679844942,0.94278993262111799,,1.0463889964485429,False,False,False,,-1,,,False,2,0.45504232337876865,0.049950220367844272,0.042581693517757292,0.014890354804904528
10000,0,single,gaussian_matched,0.050000000000000003,288,18,0.050000000000000003,0.20404430774843069,<1%,True,False,3,0.45504232337876865,0.49456274679349677,-0.032434428247627753,0.082613550238111177,1.5492380211610193,1.6318503356386316,1.5384920679844942,0.94278993262111799,,1.0463889964485429,False,False,False,,-1,,,False,2,0.45504232337876865,0.049950220367844272,0.042581693517757292,0.014890354804904528
10000,0,single,gaussian_matched,0.050000000000000003,288,19,0.02,0.20404430774843069,<1%,True,False,0,0.43348495271632004,0.54229441255875865,0.14740274495284922,0.10618903925566082,1.5492380211610193,1.4547063636641335,1.5024927850315009,1.0328495307101031,,1.0383697032439176,False,False,False,,-1,,,False,2,0.021824445692446539,0.028026792113612135,0.10964339611413755,0.43348495271632004
10000,0,single,gaussian_matched,0.050000000000000003,288,19,0.050000000000000003,0.20404430774843069,<1%,True,False,2,0.43348495271632004,0.54229441255875865,0.14740274495284922,0.10618903925566082,1.5492380211610193,1.4547063636641335,1.5024927850315009,1.0328495307101031,,1.0383697032439176,False,False,False,,-1,,,False,2,0.021824445692446539,0.028026792113612135,0.10964339611413755,0.43348495271632004
10000,0,single,gaussian_matched,0.050000000000000003,288,20,0.02,0.20404430774843069,<1%,True,True,4,0.019049891833784229,0.48018196930470913,0.121933686196362,0.074613735668683484,1.5492380211610193,1.4804793018500195,1.5030820802533378,1.0152672032463228,0.99564415327725342,1.0183688977241052,True,True,False,2>4>3>1,11,0,0,True,2,0.010500634574024345,0.019049891833784229,0.0036895796683326016,0.01273836877131624
10000,0,single,gaussian_matched,0.050000000000000003,288,20,0.050000000000000003,0.20404430774843069,<1%,True,True,4,0.019049891833784229,0.48018196930470913,0.121933686196362,0.074613735668683484,1.5492380211610193,1.4804793018500195,1.5030820802533378,1.0152672032463228,0.97417177167435465,1.0183688977241052,True,True,False,2>4>3>1,11,0,0,True,2,0.010500634574024345,0.019049891833784229,0.0036895796683326016,0.01273836877131624
10000,0,single,gaussian_matched,0.050000000000000003,288,21,0.02,0.20404430774843069,<1%,True,True,4,0.012567808004568613,0.48609390067574015,0.056118531875471403,0.015192630803364495,1.5492380211610193,1.5444192072038114,1.5374269963429239,0.99547259524598442,0.97678039652212723,1.0021827543212081,True,True,False,2>4>3>1,11,0,0,True,2,0.0047612217825786412,0.010019741953796155,0.012567808004568613,0.0059692316493992507
10000,0,single,gaussian_matched,0.050000000000000003,288,21,0.050000000000000003,0.20404430774843069,<1%,True,True,4,0.012567808004568613,0.48609390067574015,0.056118531875471403,0.015192630803364495,1.5492380211610193,1.5444192072038114,1.5374269963429239,0.99547259524598442,0.95714924196138451,1.0021827543212081,True,True,False,2>4>3>1,11,0,0,True,2,0.0047612217825786412,0.010019741953796155,0.012567808004568613,0.0059692316493992507
10000,0,single,gaussian_matched,0.050000000000000003,288,22,0.02,0.20404430774843069,<1%,True,False,2,0.42501438650790341,0.53814428002130343,0.024047079515003889,0.04613610495093988,1.5492380211610193,1.5760217720037932,1.4402745849887291,0.91386718798784627,,0.95944630175402834,False,False,False,,-1,,,False,2,0.42501438650790341,0.010670058932941415,0.038889979457402725,0.014574073160135882
10000,0,single,gaussian_matched,0.050000000000000003,288,22,0.050000000000000003,0.20404430774843069,<1%,True,False,3,0.42501438650790341,0.53814428002130343,0.024047079515003889,0.04613610495093988,1.5492380211610193,1.5760217720037932,1.4402745849887291,0.91386718798784627,,0.95944630175402834,False,False,False,,-1,,,False,2,0.42501438650790341,0.010670058932941415,0.038889979457402725,0.014574073160135882
10000,0,single,gaussian_matched,0.050000000000000003,288,23,0.02,0.20404430774843069,<1%,True,False,2,0.46508519919168262,0.37851258648744085,0.14210367574251723,0.15245418566656113,1.5492380211610193,1.5134386205392314,1.4589464604374598,0.96399446970478642,,1.0401246445632777,False,False,False,,-1,,,False,2,0.46508519919168262,0.099896660910659338,0.0047096262148023666,0.0030417338417485433
10000,0,single,gaussian_matched,0.050000000000000003,288,23,0.050000000000000003,0.20404430774843069,<1%,True,False,2,0.46508519919168262,0.37851258648744085,0.14210367574251723,0.15245418566656113,1.5492380211610193,1.5134386205392314,1.4589464604374598,0.96399446970478642,,1.0401246445632777,False,False,False,,-1,,,False,2,0.46508519919168262,0.099896660910659338,0.0047096262148023666,0.0030417338417485433
10000,0,single,gaussian_matched,0.050000000000000003,288,24,0.02,0.20404430774843069,<1%,True,False,2,0.43920717228558004,0.42562438070384939,0.043187513657904332,0.074686964832205965,1.5492380211610193,1.5717554648094971,1.5162693746010545,0.96469801349463236,,1.0269282819698531,False,False,False,,-1,,,False,2,0.43920717228558004,0.055310863758094013,0.013709758669733724,0.012991931457987634
10000,0,single,gaussian_matched,0.050000000000000003,288,24,0.050000000000000003,0.20404430774843069,<1%,True,False,2,0.43920717228558004,0.42562438070384939,0.043187513657904332,0.074686964832205965,1.5492380211610193,1.5717554648094971,1.5162693746010545,0.96469801349463236,,1.0269282819698531,False,False,False,,-1,,,False,2,0.43920717228558004,0.055310863758094013,0.013709758669733724,0.012991931457987634
10000,0,single,gaussian_matched,0.050000000000000003,288,25,0.02,0.20404430774843069,<1%,True,False,3,0.022906964646872623,0.50904195233876459,0.10309225841711185,0.053856706229826891,1.5492380211610193,1.4958030338537531,1.5016156197327111,1.0038859299970682,,1.0040241103796606,False,False,False,,-1,,,False,2,0.010662325173411048,0.0042661280524608491,0.006353747553652536,0.022906964646872623
10000,0,single,gaussian_matched,0.050000000000000003,288,25,0.050000000000000003,0.20404430774843069,<1%,True,True,4,0.022906964646872623,0.50904195233876459,0.10309225841711185,0.053856706229826891,1.5492380211610193,1.4958030338537531,1.5016156197327111,1.0038859299970682,0.96300223511767491,1.0040241103796606,True,True,False,2>4>3>1,11,0,0,True,2,0.010662325173411048,0.0042661280524608491,0.006353747553652536,0.022906964646872623
10000,0,single,gaussian_matched,0.050000000000000003,288,26,0.02,0.20404430774843069,<1%,True,False,3,0.037546995345051154,0.51850183353027768,0.10910006043355333,0.061928466695307119,1.5492380211610193,1.4898220076736468,1.4834403968776599,0.99571652803951272,,0.99750254154932716,False,False,False,,-1,,,False,2,0.009438769572409007,0.011096835367689833,0.010346421429933077,0.037546995345051154
10000,0,single,gaussian_matched,0.050000000000000003,288,26,0.050000000000000003,0.20404430774843069,<1%,True,True,4,0.037546995345051154,0.51850183353027768,0.10910006043355333,0.061928466695307119,1.5492380211610193,1.4898220076736468,1.4834403968776599,0.99571652803951272,0.95474820490775003,0.99750254154932716,True,True,False,2>4>3>1,11,0,0,True,2,0.009438769572409007,0.011096835367689833,0.010346421429933077,0.037546995345051154
10000,0,single,gaussian_matched,0.050000000000000003,288,27,0.02,0.20404430774843069,<1%,True,False,1,0.42977774960352422,0.56807194393302174,0.104422416189282,0.087152676004239121,1.5492380211610193,1.5030303737069903,1.5288062977152421,1.0171493034732755,,1.0430669475233125,False,False,False,,-1,,,False,2,0.0059693610778541566,0.048109286702621865,0.11397775088741267,0.42977774960352422
10000,0,single,gaussian_matched,0.050000000000000003,288,27,0.050000000000000003,0.20404430774843069,<1%,True,False,2,0.42977774960352422,0.56807194393302174,0.104422416189282,0.087152676004239121,1.5492380211610193,1.5030303737069903,1.5288062977152421,1.0171493034732755,,1.0430669475233125,False,False,False,,-1,,,False,2,0.0059693610778541566,0.048109286702621865,0.11397775088741267,0.42977774960352422
10000,0,single,gaussian_matched,0.050000000000000003,288,28,0.02,0.20404430774843069,<1%,True,False,1,0.45032351423538891,0.47472254318488966,-0.0044084988059836724,0.05999362103891126,1.5492380211610193,1.6059146926831347,1.5372900350372016,0.95726755726278578,,1.0310124295033036,False,False,False,,-1,,,False,2,0.45032351423538891,0.039924874665200255,0.02555961182650281,0.012135094957139653
10000,0,single,gaussian_matched,0.050000000000000003,288,28,0.050000000000000003,0.20404430774843069,<1%,True,False,3,0.45032351423538891,0.47472254318488966,-0.0044084988059836724,0.05999362103891126,1.5492380211610193,1.6059146926831347,1.5372900350372016,0.95726755726278578,,1.0310124295033036,False,False,False,,-1,,,False,2,0.45032351423538891,0.039924874665200255,0.02555961182650281,0.012135094957139653
10000,0,single,gaussian_matched,0.050000000000000003,288,29,0.02,0.20404430774843069,<1%,True,False,3,0.048637769911720551,0.4358063836937649,0.083478346468359471,0.072399033534486137,1.5492380211610193,1.5305309900939983,1.5269315768540117,0.99764825850421657,,1.032333694721705,False,False,False,,-1,,,False,2,0.0036084276863586565,0.048637769911720551,0.0046656997046726732,0.0063709993412847717
10000,0,single,gaussian_matched,0.050000000000000003,288,29,0.050000000000000003,0.20404430774843069,<1%,True,True,4,0.048637769911720551,0.4358063836937649,0.083478346468359471,0.072399033534486137,1.5492380211610193,1.5305309900939983,1.5269315768540117,0.99764825850421657,0.96113735973362335,1.032333694721705,True,True,False,2>4>3>1,11,0,0,True,2,0.0036084276863586565,0.048637769911720551,0.0046656997046726732,0.0063709993412847717
10000,0,single,gaussian_matched,0.050000000000000003,288,30,0.02,0.20404430774843069,<1%,True,False,1,0.40767002804459901,0.54407006304050987,0.047896940023057673,0.044120214388204536,1.5492380211610193,1.5530227362689772,1.5416863422786322,0.99270043269451425,,1.0236042073627991,False,False,False,,-1,,,False,2,0.0012153233930035456,0.032277291868581144,0.1042546527854946,0.40767002804459901
10000,0,single,gaussian_matched,0.050000000000000003,288,30,0.050000000000000003,0.20404430774843069,<1%,True,False,2,0.40767002804459901,0.54407006304050987,0.047896940023057673,0.044120214388204536,1.5492380211610193,1.5530227362689772,1.5416863422786322,0.99270043269451425,,1.0236042073627991,False,False,False,,-1,,,False,2,0.0012153233930035456,0.032277291868581144,0.1042546527854946,0.40767002804459901
10000,0,single,gaussian_matched,0.050000000000000003,288,31,0.02,0.20404430774843069,<1%,True,False,1,0.45589686446070737,0.48382220443583479,-0.0480557702018687,0.099381362131928969,1.5492380211610193,1.6482466548512722,1.5487113336025267,0.93961139192621201,,1.063808577651195,False,False,False,,-1,,,False,2,0.45589686446070737,0.063096757075839616,0.045806831762667068,0.015223863364500207
10000,0,single,gaussian_matched,0.050000000000000003,288,31,0.050000000000000003,0.20404430774843069,<1%,True,False,2,0.45589686446070737,0.48382220443583479,-0.0480557702018687,0.099381362131928969,1.5492380211610193,1.6482466548512722,1.5487113336025267,0.93961139192621201,,1.063808577651195,False,False,False,,-1,,,False,2,0.45589686446070737,0.063096757075839616,0.045806831762667068,0.015223863364500207
10000,0,single,gaussian_matched,0.050000000000000003,289,0,0.02,8.784595213905634,5-<10%,True,False,1,0.056009774705687951,0.58367543034339808,0.13381579245800412,0.11843422101958574,1.3040687300795901,1.2502389459698109,1.2512673448963181,1.0008225619029245,,1.0503292766112933,False,False,False,,-1,,,False,1,0.041891779486416231,0.021838800848963131,0.056009774705687951,0.018307520323635012
10000,0,single,gaussian_matched,0.050000000000000003,289,0,0.050000000000000003,8.784595213905634,5-<10%,True,False,3,0.056009774705687951,0.58367543034339808,0.13381579245800412,0.11843422101958574,1.3040687300795901,1.2502389459698109,1.2512673448963181,1.0008225619029245,,1.0503292766112933,False,False,False,,-1,,,False,1,0.041891779486416231,0.021838800848963131,0.056009774705687951,0.018307520323635012
10000,0,single,gaussian_matched,0.050000000000000003,289,1,0.02,8.784595213905634,5-<10%,True,False,3,0.032993306386348842,0.43189732432943184,-0.011627499413885814,0.091847281492154653,1.3040687300795901,1.3600483375850303,1.3428132386835989,0.98732758356807016,,1.1001418001091041,False,False,False,,-1,,,False,1,0.015217878263820614,0.0085405535715450294,0.032993306386348842,0.0067131329775266778
10000,0,single,gaussian_matched,0.050000000000000003,289,1,0.050000000000000003,8.784595213905634,5-<10%,True,True,4,0.032993306386348842,0.43189732432943184,-0.011627499413885814,0.091847281492154653,1.3040687300795901,1.3600483375850303,1.3428132386835989,0.98732758356807016,0.9566862916565243,1.1001418001091041,True,True,False,3>1>4>2,13,0,0,True,1,0.015217878263820614,0.0085405535715450294,0.032993306386348842,0.0067131329775266778
10000,0,single,gaussian_matched,0.050000000000000003,289,2,0.02,8.784595213905634,5-<10%,True,True,4,0.01312485669912869,0.49452202510917109,-0.0096590543526818631,0.059910023995662039,1.3040687300795901,1.3621897864652448,1.3417170317888159,0.9849707031429491,0.97083716224679539,1.0748107238940801,True,True,False,3>1>4>2,13,0,0,True,1,0.01312485669912869,0.0056284288732703662,0.0045945102640186043,0.0023556169424797813
10000,0,single,gaussian_matched,0.050000000000000003,289,2,0.050000000000000003,8.784595213905634,5-<10%,True,True,4,0.01312485669912869,0.49452202510917109,-0.0096590543526818631,0.059910023995662039,1.3040687300795901,1.3621897864652448,1.3417170317888159,0.9849707031429491,0.94845310811114658,1.0748107238940801,True,True,False,3>1>4>2,13,0,0,True,1,0.01312485669912869,0.0056284288732703662,0.0045945102640186043,0.0023556169424797813
10000,0,single,gaussian_matched,0.050000000000000003,289,3,0.02,8.784595213905634,5-<10%,True,False,2,0.041084858439928672,0.59537946466516134,-0.02121171075548843,0.11903087846662355,1.3040687300795901,1.3975750023674172,1.3464519871647489,0.96342019919069199,,1.1237773223363243,False,False,False,,-1,,,False,1,0.039131403051791643,0.0087367834376179815,0.041084858439928672,0.0060676718606959392
10000,0,single,gaussian_matched,0.050000000000000003,289,3,0.050000000000000003,8.784595213905634,5-<10%,True,True,4,0.041084858439928672,0.59537946466516134,-0.02121171075548843,0.11903087846662355,1.3040687300795901,1.3975750023674172,1.3464519871647489,0.96342019919069199,0.91649515033007278,1.1237773223363243,True,True,False,3>1>4>2,13,0,0,True,1,0.039131403051791643,0.0087367834376179815,0.041084858439928672,0.0060676718606959392
10000,0,single,gaussian_matched,0.050000000000000003,289,4,0.02,8.784595213905634,5-<10%,True,True,4,0.015084703593271036,0.48236407202883969,0.11500109282621229,0.067351080347725842,1.3040687300795901,1.2370724682384227,1.2577128865887222,1.0166848902390426,1.0088714950035045,1.0160997931877229,True,True,False,3>1>4>2,13,0,0,True,1,0.010804049224780095,0.015084703593271036,0.00094647026173295566,0.01310347260747489
10000,0,single,gaussian_matched,0.050000000000000003,289,4,0.050000000000000003,8.784595213905634,5-<10%,True,True,4,0.015084703593271036,0.48236407202883969,0.11500109282621229,0.067351080347725842,1.3040687300795901,1.2370724682384227,1.2577128865887222,1.0166848902390426,0.98130463083755382,1.0160997931877229,True,True,False,3>1>4>2,13,0,0,True,1,0.010804049224780095,0.015084703593271036,0.00094647026173295566,0.01310347260747489
10000,0,single,gaussian_matched,0.050000000000000003,289,5,0.02,8.784595213905634,5-<10%,True,False,3,0.023345804362126885,0.54381702972138823,0.02732043145729602,0.04933857439051343,1.3040687300795901,1.3357576514860112,1.3175176540792748,0.98634483030178066,,1.0481473843685878,False,False,False,,-1,,,False,1,0.019117084726574439,0.01078310950302932,0.023345804362126885,0.0031568799428370463
10000,0,single,gaussian_matched,0.050000000000000003,289,5,0.050000000000000003,8.784595213905634,5-<10%,True,True,4,0.023345804362126885,0.54381702972138823,0.02732043145729602,0.04933857439051343,1.3040687300795901,1.3357576514860112,1.3175176540792748,0.98634483030178066,0.9449246651026606,1.0481473843685878,True,True,False,3>1>4>2,13,0,0,True,1,0.019117084726574439,0.01078310950302932,0.023345804362126885,0.0031568799428370463
10000,0,single,gaussian_matched,0.050000000000000003,289,6,0.02,8.784595213905634,5-<10%,True,False,2,0.030709166962976035,0.54603229440398016,0.085874521049558228,0.058360546507292908,1.3040687300795901,1.2802742642685354,1.2800930639018391,0.99985846753953156,,1.0263673835101033,False,False,False,,-1,,,False,1,0.02379808888390348,0.015659612959580009,0.030709166962976035,0.011523319042046121
10000,0,single,gaussian_matched,0.050000000000000003,289,6,0.050000000000000003,8.784595213905634,5-<10%,True,True,4,0.030709166962976035,0.54603229440398016,0.085874521049558228,0.058360546507292908,1.3040687300795901,1.2802742642685354,1.2800930639018391,0.99985846753953156,0.95838603053454963,1.0263673835101033,True,True,False,3>1>4>2,13,0,0,True,1,0.02379808888390348,0.015659612959580009,0.030709166962976035,0.011523319042046121
10000,0,single,gaussian_matched,0.050000000000000003,289,7,0.02,8.784595213905634,5-<10%,True,True,4,0.015379457564196683,0.48811646088376182,0.11704739029288527,0.068092371430386017,1.3040687300795901,1.2359769468794111,1.2567040850230624,1.0167698420233349,1.0087735475830717,1.0158946579238912,True,True,False,3>1>4>2,13,0,0,True,1,0.012629066471487371,0.015379457564196683,0.0039026390846601277,0.013872446405238209
10000,0,single,gaussian_matched,0.050000000000000003,289,7,0.050000000000000003,8.784595213905634,5-<10%,True,True,4,0.015379457564196683,0.48811646088376182,0.11704739029288527,0.068092371430386017,1.3040687300795901,1.2359769468794111,1.2567040850230624,1.0167698420233349,0.98086670082308425,1.0158946579238912,True,True,False,3>1>4>2,13,0,0,True,1,0.012629066471487371,0.015379457564196683,0.0039026390846601277,0.013872446405238209
10000,0,single,gaussian_matched,0.050000000000000003,289,8,0.02,8.784595213905634,5-<10%,True,False,2,0.047596405357094348,0.57803265017141936,0.08500884234715339,0.085526098562152097,1.3040687300795901,1.292225948409885,1.281213136682676,0.99147764232659119,,1.0480576703663564,False,False,False,,-1,,,False,1,0.032489811211083686,0.01718363654585808,0.047596405357094348,0.010894758099202173
10000,0,single,gaussian_matched,0.050000000000000003,289,8,0.050000000000000003,8.784595213905634,5-<10%,True,True,4,0.047596405357094348,0.57803265017141936,0.08500884234715339,0.085526098562152097,1.3040687300795901,1.292225948409885,1.281213136682676,0.99147764232659119,0.94679430033827494,1.0480576703663564,True,True,False,3>1>4>2,13,0,0,True,1,0.032489811211083686,0.01718363654585808,0.047596405357094348,0.010894758099202173
10000,0,single,gaussian_matched,0.050000000000000003,289,9,0.02,8.784595213905634,5-<10%,True,False,3,0.048243085708577639,0.38530976328008176,0.056638418662168913,0.11488219618898793,1.3040687300795901,1.2949811933877342,1.2952412254879428,1.0002007999046909,,1.0813259985084283,False,False,False,,-1,,,False,1,0.0025731547769572583,0.016367166256448289,0.048243085708577639,0.0027174183492507699
10000,0,single,gaussian_matched,0.050000000000000003,289,9,0.050000000000000003,8.784595213905634,5-<10%,True,True,4,0.048243085708577639,0.38530976328008176,0.056638418662168913,0.11488219618898793,1.3040687300795901,1.2949811933877342,1.2952412254879428,1.0002007999046909,0.97398326229487431,1.0813259985084283,True,True,False,3>1>4>2,13,0,0,True,1,0.0025731547769572583,0.016367166256448289,0.048243085708577639,0.0027174183492507699
10000,0,single,gaussian_matched,0.050000000000000003,289,10,0.02,8.784595213905634,5-<10%,True,True,4,0.016053784197461965,0.46891642200679162,0.12919934676147057,0.085080699035113283,1.3040687300795901,1.2212085754502635,1.2474758766264307,1.0215092668887313,1.0155230923647034,1.021845355942409,True,True,False,3>1>4>2,13,0,0,True,1,0.0088639527266367261,0.016053784197461965,0.0045866582164441434,0.013761664365019815
10000,0,single,gaussian_matched,0.050000000000000003,289,10,0.050000000000000003,8.784595213905634,5-<10%,True,True,4,0.016053784197461965,0.46891642200679162,0.12919934676147057,0.085080699035113283,1.3040687300795901,1.2212085754502635,1.2474758766264307,1.0215092668887313,0.98738270623371094,1.021845355942409,True,True,False,3>1>4>2,13,0,0,True,1,0.0088639527266367261,0.016053784197461965,0.0045866582164441434,0.013761664365019815
10000,0,single,gaussian_matched,0.050000000000000003,289,11,0.02,8.784595213905634,5-<10%,True,True,4,0.0099203903517351665,0.47351898396499503,0.04963198228540492,0.026483573159308507,1.3040687300795901,1.3008058047151165,1.3012126197893161,1.0003127408201324,0.98981185734690114,1.0181182650300897,True,True,False,3>1>4>2,13,0,0,True,1,0.00017198130446657441,0.0099203903517351665,0.0074613809465805727,0.004067760072264435
10000,0,single,gaussian_matched,0.050000000000000003,289,11,0.050000000000000003,8.784595213905634,5-<10%,True,True,4,0.0099203903517351665,0.47351898396499503,0.04963198228540492,0.026483573159308507,1.3040687300795901,1.3008058047151165,1.3012126197893161,1.0003127408201324,0.96573402333452663,1.0181182650300897,True,True,False,3>1>4>2,13,0,0,True,1,0.00017198130446657441,0.0099203903517351665,0.0074613809465805727,0.004067760072264435
10000,0,single,gaussian_matched,0.050000000000000003,289,12,0.02,8.784595213905634,5-<10%,True,True,4,0.019617156516500228,0.53722110795649458,2.5338788672717161e-05,0.062312740596895309,1.3040687300795901,1.3605646600111578,1.3351679404851131,0.9813336916116604,0.9634378060028872,1.0716311562786396,True,True,False,3>1>4>2,13,0,0,True,1,0.019617156516500228,0.0083155275520615558,0.016473179292292625,0.00064878637484917562
10000,0,single,gaussian_matched,0.050000000000000003,289,12,0.050000000000000003,8.784595213905634,5-<10%,True,True,4,0.019617156516500228,0.53722110795649458,2.5338788672717161e-05,0.062312740596895309,1.3040687300795901,1.3605646600111578,1.3351679404851131,0.9813336916116604,0.94056501914754242,1.0716311562786396,True,True,False,3>1>4>2,13,0,0,True,1,0.019617156516500228,0.0083155275520615558,0.016473179292292625,0.00064878637484917562
10000,0,single,gaussian_matched,0.050000000000000003,289,13,0.02,8.784595213905634,5-<10%,True,True,4,0.018571289042060842,0.50485556586500491,0.12740173812450389,0.077553888262057363,1.3040687300795901,1.2291573572104162,1.2509832553873843,1.017756797409977,1.0098620497375548,1.0187631318852024,True,True,False,3>1>4>2,13,0,0,True,1,0.018571289042060842,0.016845045699815781,0.013004623744583143,0.01664747280173726
10000,0,single,gaussian_matched,0.050000000000000003,289,13,0.050000000000000003,8.784595213905634,5-<10%,True,True,4,0.018571289042060842,0.50485556586500491,0.12740173812450389,0.077553888262057363,1.3040687300795901,1.2291573572104162,1.2509832553873843,1.017756797409977,0.980357660303106,1.0187631318852024,True,True,False,3>1>4>2,13,0,0,True,1,0.018571289042060842,0.016845045699815781,0.013004623744583143,0.01664747280173726
10000,0,single,gaussian_matched,0.050000000000000003,289,14,0.02,8.784595213905634,5-<10%,True,False,3,0.034794348229152498,0.41854171348388286,0.028974213507264038,0.084128093641660212,1.3040687300795901,1.3197495432338537,1.3143810635664117,0.99593219812428402,,1.0724198233959017,False,False,False,,-1,,,False,1,0.0063258375448324465,0.011758830705544574,0.034794348229152498,0.0029745379444501255
10000,0,single,gaussian_matched,0.050000000000000003,289,14,0.050000000000000003,8.784595213905634,5-<10%,True,True,4,0.034794348229152498,0.41854171348388286,0.028974213507264038,0.084128093641660212,1.3040687300795901,1.3197495432338537,1.3143810635664117,0.99593219812428402,0.96651062918610642,1.0724198233959017,True,True,False,3>1>4>2,13,0,0,True,1,0.0063258375448324465,0.011758830705544574,0.034794348229152498,0.0029745379444501255
10000,0,single,gaussian_matched,0.050000000000000003,289,15,0.02,8.784595213905634,5-<10%,True,True,4,0.012943561539001868,0.46874622217500406,0.088880198681852207,0.04988455149517243,1.3040687300795901,1.2612755821605652,1.2744841887754057,1.010472419193444,1.0020102554149755,1.0155666720033607,True,True,False,3>1>4>2,13,0,0,True,1,0.0039733984649675085,0.012943561539001868,0.0073302761838886952,0.0085893113197130465
10000,0,single,gaussian_matched,0.050000000000000003,289,15,0.050000000000000003,8.784595213905634,5-<10%,True,True,4,0.012943561539001868,0.46874622217500406,0.088880198681852207,0.04988455149517243,1.3040687300795901,1.2612755821605652,1.2744841887754057,1.010472419193444,0.97632725430271805,1.0155666720033607,True,True,False,3>1>4>2,13,0,0,True,1,0.0039733984649675085,0.012943561539001868,0.0073302761838886952,0.0085893113197130465
10000,0,single,gaussian_matched,0.050000000000000003,289,16,0.02,8.784595213905634,5-<10%,True,True,4,0.016568510882204807,0.508542549747932,-0.016792234182370872,0.067336303011589257,1.3040687300795901,1.3713484466881163,1.3464800756204378,0.98186575328266346,0.9662386276134789,1.0841578714534001,True,True,False,3>1>4>2,13,0,0,True,1,0.016568510882204807,0.0057485015772896298,0.00086543186813004393,0.0029685083149164591
10000,0,single,gaussian_matched,0.050000000000000003,289,16,0.050000000000000003,8.784595213905634,5-<10%,True,True,4,0.016568510882204807,0.508542549747932,-0.016792234182370872,0.067336303011589257,1.3040687300795901,1.3713484466881163,1.3464800756204378,0.98186575328266346,0.94398768820583501,1.0841578714534001,True,True,False,3>1>4>2,13,0,0,True,1,0.016568510882204807,0.0057485015772896298,0.00086543186813004393,0.0029685083149164591
10000,0,single,gaussian_matched,0.050000000000000003,289,17,0.02,8.784595213905634,5-<10%,True,False,2,0.027708010463582209,0.53509632220683789,0.11741173112448333,0.076000613982031867,1.3040687300795901,1.246901421935884,1.2594198088946644,1.0100395963454312,,1.0240414420451542,False,False,False,,-1,,,False,1,0.025725494126669558,0.017687120129994977,0.027708010463582209,0.016043090872010727
10000,0,single,gaussian_matched,0.050000000000000003,289,17,0.050000000000000003,8.784595213905634,5-<10%,True,True,4,0.027708010463582209,0.53509632220683789,0.11741173112448333,0.076000613982031867,1.3040687300795901,1.246901421935884,1.2594198088946644,1.0100395963454312,0.96979628052057054,1.0240414420451542,True,True,False,3>1>4>2,13,0,0,True,1,0.025725494126669558,0.017687120129994977,0.027708010463582209,0.016043090872010727
10000,0,single,gaussian_matched,0.050000000000000003,289,18,0.02,8.784595213905634,5-<10%,True,False,3,0.036924723140279468,0.41319996791032276,0.032948660959136775,0.088458994646420583,1.3040687300795901,1.3160261340237651,1.3115909223718856,0.99662984530685661,,1.0736013253939904,False,False,False,,-1,,,False,1,0.0058342306360360677,0.012470222303338989,0.036924723140279468,0.0029642045081359173
10000,0,single,gaussian_matched,0.050000000000000003,289,18,0.050000000000000003,8.784595213905634,5-<10%,True,True,4,0.036924723140279468,0.41319996791032276,0.032948660959136775,0.088458994646420583,1.3040687300795901,1.3160261340237651,1.3115909223718856,0.99662984530685661,0.96771340802781014,1.0736013253939904,True,True,False,3>1>4>2,13,0,0,True,1,0.0058342306360360677,0.012470222303338989,0.036924723140279468,0.0029642045081359173
10000,0,single,gaussian_matched,0.050000000000000003,289,19,0.02,8.784595213905634,5-<10%,True,False,3,0.048081152399936142,0.38282487570232338,0.083715451254746276,0.12192924754744917,1.3040687300795901,1.2685105069772946,1.2765634495584561,1.0063483451945154,,1.0724072012834418,False,False,False,,-1,,,False,1,0.0039103016476223886,0.017704520848421036,0.048081152399936142,0.00028274466835833149
10000,0,single,gaussian_matched,0.050000000000000003,289,19,0.050000000000000003,8.784595213905634,5-<10%,True,True,4,0.048081152399936142,0.38282487570232338,0.083715451254746276,0.12192924754744917,1.3040687300795901,1.2685105069772946,1.2765634495584561,1.0063483451945154,0.98039584524104184,1.0724072012834418,True,True,False,3>1>4>2,13,0,0,True,1,0.0039103016476223886,0.017704520848421036,0.048081152399936142,0.00028274466835833149
10000,0,single,gaussian_matched,0.050000000000000003,289,20,0.02,8.784595213905634,5-<10%,True,False,2,0.032765533468783699,0.56507352143174938,-0.03561019479412604,0.10753449978595964,1.3040687300795901,1.4020796178342951,1.3571129991470432,0.96792862679459735,,1.1231367374659862,False,False,False,,-1,,,False,1,0.032765533468783699,0.0065097784544024357,0.024752145073295165,0.0068005456964635048
10000,0,single,gaussian_matched,0.050000000000000003,289,20,0.050000000000000003,8.784595213905634,5-<10%,True,True,4,0.032765533468783699,0.56507352143174938,-0.03561019479412604,0.10753449978595964,1.3040687300795901,1.4020796178342951,1.3571129991470432,0.96792862679459735,0.9242156865673129,1.1231367374659862,True,True,False,3>1>4>2,13,0,0,True,1,0.032765533468783699,0.0065097784544024357,0.024752145073295165,0.0068005456964635048
10000,0,single,gaussian_matched,0.050000000000000003,289,21,0.02,8.784595213905634,5-<10%,True,False,3,0.022465210898047368,0.44204198047291865,0.045279155640562986,0.058149964737457677,1.3040687300795901,1.3032137394135552,1.3033424829216296,1.000098789250129,,1.0440342723163007,False,False,False,,-1,,,False,1,4.8706398884145106e-05,0.010745258418832854,0.022465210898047368,0.00095882984482086736
10000,0,single,gaussian_matched,0.050000000000000003,289,21,0.050000000000000003,8.784595213905634,5-<10%,True,True,4,0.022465210898047368,0.44204198047291865,0.045279155640562986,0.058149964737457677,1.3040687300795901,1.3032137394135552,1.3033424829216296,1.000098789250129,0.96845827003751461,1.0440342723163007,True,True,False,3>1>4>2,13,0,0,True,1,4.8706398884145106e-05,0.010745258418832854,0.022465210898047368,0.00095882984482086736
10000,0,single,gaussian_matched,0.050000000000000003,289,22,0.02,8.784595213905634,5-<10%,True,False,3,0.02235550250527157,0.48969818887053268,-0.047445752307327199,0.097988784844430951,1.3040687300795901,1.3990716766401035,1.3672961086257467,0.97728810571688052,,1.1236255111958311,False,False,False,,-1,,,False,1,0.02235550250527157,0.0025665843264661161,0.011614359537800635,0.0075989551326404326
10000,0,single,gaussian_matched,0.050000000000000003,289,22,0.050000000000000003,8.784595213905634,5-<10%,True,True,4,0.02235550250527157,0.48969818887053268,-0.047445752307327199,0.097988784844430951,1.3040687300795901,1.3990716766401035,1.3672961086257467,0.97728810571688052,0.94127090454617268,1.1236255111958311,True,True,False,3>1>4>2,13,0,0,True,1,0.02235550250527157,0.0025665843264661161,0.011614359537800635,0.0075989551326404326
10000,0,single,gaussian_matched,0.050000000000000003,289,23,0.02,8.784595213905634,5-<10%,True,False,2,0.032311325474759969,0.55145741146380534,0.071251276691149834,0.055672991257513488,1.3040687300795901,1.2958591609906924,1.2895353074393736,0.99511995304606704,,1.0315470861837062,False,False,False,,-1,,,False,1,0.023363570855775607,0.014721763375737759,0.032311325474759969,0.0093571621586829544
10000,0,single,gaussian_matched,0.050000000000000003,289,23,0.050000000000000003,8.784595213905634,5-<10%,True,True,4,0.032311325474759969,0.55145741146380534,0.071251276691149834,0.055672991257513488,1.3040687300795901,1.2958591609906924,1.2895353074393736,0.99511995304606704,0.95303962066583237,1.0315470861837062,True,True,False,3>1>4>2,13,0,0,True,1,0.023363570855775607,0.014721763375737759,0.032311325474759969,0.0093571621586829544
10000,0,single,gaussian_matched,0.050000000000000003,289,24,0.02,8.784595213905634,5-<10%,True,True,4,0.0098563756065981334,0.50908668511423383,0.036362057490460752,0.016387840683224145,1.3040687300795901,1.3191131941170045,1.3111883938129572,0.99399232731550979,0.98002051190295314,1.0180262772002489,True,True,False,3>1>4>2,13,0,0,True,1,0.0091354166349135076,0.0098563756065981334,0.0079439159404488171,0.0043557744434492476
10000,0,single,gaussian_matched,0.050000000000000003,289,24,0.050000000000000003,8.784595213905634,5-<10%,True,True,4,0.0098563756065981334,0.50908668511423383,0.036362057490460752,0.016387840683224145,1.3040687300795901,1.3191131941170045,1.3111883938129572,0.99399232731550979,0.95604875645606102,1.0180262772002489,True,True,False,3>1>4>2,13,0,0,True,1,0.0091354166349135076,0.0098563756065981334,0.0079439159404488171,0.0043557744434492476
10000,0,single,gaussian_matched,0.050000000000000003,289,25,0.02,8.784595213905634,5-<10%,True,False,2,0.067106953524057433,0.62195165778077233,0.062089400148818044,0.12254942036352864,1.3040687300795901,1.3281213881557448,1.2947566560303239,0.9748782510221059,,1.0868338789991163,False,False,False,,-1,,,False,1,0.043679910247895942,0.0172063004045259,0.067106953524057433,0.0061177354074692797
10000,0,single,gaussian_matched,0.050000000000000003,289,25,0.050000000000000003,8.784595213905634,5-<10%,True,False,3,0.067106953524057433,0.62195165778077233,0.062089400148818044,0.12254942036352864,1.3040687300795901,1.3281213881557448,1.2947566560303239,0.9748782510221059,,1.0868338789991163,False,False,False,,-1,,,False,1,0.043679910247895942,0.0172063004045259,0.067106953524057433,0.0061177354074692797
10000,0,single,gaussian_matched,0.050000000000000003,289,26,0.02,8.784595213905634,5-<10%,True,False,3,0.034353224097600686,0.40911698159873278,0.10907105123110691,0.10839332141452782,1.3040687300795901,1.2403309647344922,1.2590579225336755,1.0150983554644966,,1.0486036605330955,False,False,False,,-1,,,False,1,0.0099074602152861031,0.016695131648788549,0.034353224097600686,0.005882300867818633
10000,0,single,gaussian_matched,0.050000000000000003,289,26,0.050000000000000003,8.784595213905634,5-<10%,True,True,4,0.034353224097600686,0.40911698159873278,0.10907105123110691,0.10839332141452782,1.3040687300795901,1.2403309647344922,1.2590579225336755,1.0150983554644966,0.98658273059819579,1.0486036605330955,True,True,False,3>1>4>2,13,0,0,True,1,0.0099074602152861031,0.016695131648788549,0.034353224097600686,0.005882300867818633
10000,0,single,gaussian_matched,0.050000000000000003,289,27,0.02,8.784595213905634,5-<10%,True,False,2,0.030341092940255002,0.54812337906788233,0.068289903519551581,0.051481843242696751,1.3040687300795901,1.2976581179876239,1.2913556337289931,0.99514318588905026,,1.0297290671863082,False,False,False,,-1,,,False,1,0.022113877883188152,0.01431518516122415,0.030341092940255002,0.0089768859550090983
10000,0,single,gaussian_matched,0.050000000000000003,289,27,0.050000000000000003,8.784595213905634,5-<10%,True,True,4,0.030341092940255002,0.54812337906788233,0.068289903519551581,0.051481843242696751,1.3040687300795901,1.2976581179876239,1.2913556337289931,0.99514318588905026,0.95338749903356135,1.0297290671863082,True,True,False,3>1>4>2,13,0,0,True,1,0.022113877883188152,0.01431518516122415,0.030341092940255002,0.0089768859550090983
10000,0,single,gaussian_matched,0.050000000000000003,289,28,0.02,8.784595213905634,5-<10%,True,True,4,0.01138597864719711,0.47144384559002017,0.068634688939206961,0.034098468976592078,1.3040687300795901,1.2816904597360403,1.2882692931267505,1.0051329346651023,0.99554140718667739,1.0140322604182339,True,True,False,3>1>4>2,13,0,0,True,1,0.0021547279985937523,0.01138597864719711,0.007236832741705038,0.006277557850719131
10000,0,single,gaussian_matched,0.050000000000000003,289,28,0.050000000000000003,8.784595213905634,5-<10%,True,True,4,0.01138597864719711,0.47144384559002017,0.068634688939206961,0.034098468976592078,1.3040687300795901,1.2816904597360403,1.2882692931267505,1.0051329346651023,0.97073897286773592,1.0140322604182339,True,True,False,3>1>4>2,13,0,0,True,1,0.0021547279985937523,0.01138597864719711,0.007236832741705038,0.006277557850719131
10000,0,single,gaussian_matched,0.050000000000000003,289,29,0.02,8.784595213905634,5-<10%,True,False,2,0.038374571775769528,0.56281475271901105,0.072930103589752465,0.066869146919841027,1.3040687300795901,1.2979670076478254,1.2886354487575269,0.99281063475780551,,1.0394426033010074,False,False,False,,-1,,,False,1,0.026765614752869989,0.015411100562816566,0.038374571775769528,0.0094051438922537842
10000,0,single,gaussian_matched,0.050000000000000003,289,29,0.050000000000000003,8.784595213905634,5-<10%,True,True,4,0.038374571775769528,0.56281475271901105,0.072930103589752465,0.066869146919841027,1.3040687300795901,1.2979670076478254,1.2886354487575269,0.99281063475780551,0.94958599721487547,1.0394426033010074,True,True,False,3>1>4>2,13,0,0,True,1,0.026765614752869989,0.015411100562816566,0.038374571775769528,0.0094051438922537842
10000,0,single,gaussian_matched,0.050000000000000003,289,30,0.02,8.784595213905634,5-<10%,True,True,4,0.012962556189126605,0.51999356074457048,0.019358280241958251,0.036587668154409572,1.3040687300795901,1.3379252048326551,1.3225895333000932,0.98853772133362261,0.97295241436285396,1.0422588703369562,True,True,False,3>1>4>2,13,0,0,True,1,0.012962556189126605,0.0090664471275016673,0.010932531325255084,0.0021862865170679175
10000,0,single,gaussian_matched,0.050000000000000003,289,30,0.050000000000000003,8.784595213905634,5-<10%,True,True,4,0.012962556189126605,0.51999356074457048,0.019358280241958251,0.036587668154409572,1.3040687300795901,1.3379252048326551,1.3225895333000932,0.98853772133362261,0.949521158935281,1.0422588703369562,True,True,False,3>1>4>2,13,0,0,True,1,0.012962556189126605,0.0090664471275016673,0.010932531325255084,0.0021862865170679175
10000,0,single,gaussian_matched,0.050000000000000003,289,31,0.02,8.784595213905634,5-<10%,True,True,4,0.011523234219363852,0.48535467859128961,0.069291264135278488,0.024220617479773564,1.3040687300795901,1.2827300638406844,1.2884026250680156,1.0044222563945735,0.99378492700841814,1.0065598631965333,True,True,False,3>1>4>2,13,0,0,True,1,0.0058026007240947787,0.011523234219363852,0.00059748850102831332,0.0074827178793511213
10000,0,single,gaussian_matched,0.050000000000000003,289,31,0.050000000000000003,8.784595213905634,5-<10%,True,True,4,0.011523234219363852,0.48535467859128961,0.069291264135278488,0.024220617479773564,1.3040687300795901,1.2827300638406844,1.2884026250680156,1.0044222563945735,0.96873195221709962,1.0065598631965333,True,True,False,3>1>4>2,13,0,0,True,1,0.0058026007240947787,0.011523234219363852,0.00059748850102831332,0.0074827178793511213
10000,0,single,gaussian_matched,0.050000000000000003,290,0,0.02,17.133969716327115,>=10%,True,True,4,0.019505097890457433,0.56251758989497513,0.094066527843523498,0.076487305629498598,1.2152109650435858,1.1605748815744459,1.1966078540551437,1.0310475205458653,1.0171528433719101,1.0476330417566471,True,True,False,4>2>1>3,20,0,0,True,1,0.013997156512716494,0.0087769380483125412,0.0045317076778993532,0.019505097890457433
10000,0,single,gaussian_matched,0.050000000000000003,290,0,0.050000000000000003,17.133969716327115,>=10%,True,True,4,0.019505097890457433,0.56251758989497513,0.094066527843523498,0.076487305629498598,1.2152109650435858,1.1605748815744459,1.1966078540551437,1.0310475205458653,0.99122982231335122,1.0476330417566471,True,True,False,4>2>1>3,20,0,0,True,1,0.013997156512716494,0.0087769380483125412,0.0045317076778993532,0.019505097890457433
10000,0,single,gaussian_matched,0.050000000000000003,290,1,0.02,17.133969716327115,>=10%,True,False,3,0.020572665384971048,0.59164258215158672,0.057774029759919812,0.091971726101658213,1.2152109650435858,1.1955489042668623,1.2204399162396344,1.0208197355072111,,1.0799866690589157,False,False,False,,-1,,,False,1,0.020572665384971048,0.0019784027704609982,0.0097739823238640854,0.00092344083861847846
10000,0,single,gaussian_matched,0.050000000000000003,290,1,0.050000000000000003,17.133969716327115,>=10%,True,True,4,0.020572665384971048,0.59164258215158672,0.057774029759919812,0.091971726101658213,1.2152109650435858,1.1955489042668623,1.2204399162396344,1.0208197355072111,0.98589633933513265,1.0799866690589157,True,True,False,4>2>1>3,20,0,0,True,1,0.020572665384971048,0.0019784027704609982,0.0097739823238640854,0.00092344083861847846
10000,0,single,gaussian_matched,0.050000000000000003,290,2,0.02,17.133969716327115,>=10%,True,False,3,0.020412287834073107,0.46256281928456577,0.053219294615728295,0.037575342416842163,1.2152109650435858,1.223698339806178,1.2162418935553898,0.99390663041026173,,1.0317691923782644,False,False,False,,-1,,,False,1,0.011415292897525839,0.0047011856226982672,0.010707558768213655,0.020412287834073107
10000,0,single,gaussian_matched,0.050000000000000003,290,2,0.050000000000000003,17.133969716327115,>=10%,True,True,4,0.020412287834073107,0.46256281928456577,0.053219294615728295,0.037575342416842163,1.2152109650435858,1.223698339806178,1.2162418935553898,0.99390663041026173,0.96108616679816816,1.0317691923782644,True,True,False,4>2>1>3,20,0,0,True,1,0.011415292897525839,0.0047011856226982672,0.010707558768213655,0.020412287834073107
10000,0,single,gaussian_matched,0.050000000000000003,290,3,0.02,17.133969716327115,>=10%,True,False,3,0.026178256977098149,0.46262343910073417,0.10043036355477779,0.062771242403855496,1.2152109650435858,1.180025885408085,1.1895153017563684,1.0080417018521604,,1.0305095824372423,False,False,False,,-1,,,False,1,0.0013989655956534791,0.018961714973371575,0.0072857280277229854,0.026178256977098149
10000,0,single,gaussian_matched,0.050000000000000003,290,3,0.050000000000000003,17.133969716327115,>=10%,True,True,4,0.026178256977098149,0.46262343910073417,0.10043036355477779,0.062771242403855496,1.2152109650435858,1.180025885408085,1.1895153017563684,1.0080417018521604,0.96883099061626976,1.0305095824372423,True,True,False,4>2>1>3,20,0,0,True,1,0.0013989655956534791,0.018961714973371575,0.0072857280277229854,0.026178256977098149
10000,0,single,gaussian_matched,0.050000000000000003,290,4,0.02,17.133969716327115,>=10%,True,False,3,0.04494880683147888,0.42323646288809574,0.087207205717607164,0.085305432343099008,1.2152109650435858,1.209480418099617,1.1970180148113319,0.98969606857474668,,1.0552270215142752,False,False,False,,-1,,,False,1,0.0058080756773279188,0.018232074792956479,0.011986648305823092,0.04494880683147888
10000,0,single,gaussian_matched,0.050000000000000003,290,4,0.050000000000000003,17.133969716327115,>=10%,True,True,4,0.04494880683147888,0.42323646288809574,0.087207205717607164,0.085305432343099008,1.2152109650435858,1.209480418099617,1.1970180148113319,0.98969606857474668,0.95473763846960413,1.0552270215142752,True,True,False,4>2>1>3,20,0,0,True,1,0.0058080756773279188,0.018232074792956479,0.011986648305823092,0.04494880683147888
10000,0,single,gaussian_matched,0.050000000000000003,290,5,0.02,17.133969716327115,>=10%,True,False,2,0.059369469397406949,0.39063714625495538,0.039271498305155951,0.10988782702317983,1.2152109650435858,1.2672518118323284,1.2231607086324965,0.96520730703388757,,1.0969688177623249,False,False,False,,-1,,,False,1,0.020753271794091914,0.0034742008877575951,0.019289657861766858,0.059369469397406949
10000,0,single,gaussian_matched,0.050000000000000003,290,5,0.050000000000000003,17.133969716327115,>=10%,True,False,3,0.059369469397406949,0.39063714625495538,0.039271498305155951,0.10988782702317983,1.2152109650435858,1.2672518118323284,1.2231607086324965,0.96520730703388757,,1.0969688177623249,False,False,False,,-1,,,False,1,0.020753271794091914,0.0034742008877575951,0.019289657861766858,0.059369469397406949
10000,0,single,gaussian_matched,0.050000000000000003,290,6,0.02,17.133969716327115,>=10%,True,False,3,0.035739714815010579,0.47154102489916205,-0.02101264713499916,0.076503002012404842,1.2152109650435858,1.2912653491283608,1.2588575774525652,0.9749023144641249,,1.0988714041245298,False,False,False,,-1,,,False,1,0.0060315164957908517,0.016988613923551426,0.017482047880529861,0.035739714815010579
10000,0,single,gaussian_matched,0.050000000000000003,290,6,0.050000000000000003,17.133969716327115,>=10%,True,True,4,0.035739714815010579,0.47154102489916205,-0.02101264713499916,0.076503002012404842,1.2152109650435858,1.2912653491283608,1.2588575774525652,0.9749023144641249,0.94970009896564023,1.0988714041245298,True,True,False,4>2>1>3,20,0,0,True,1,0.0060315164957908517,0.016988613923551426,0.017482047880529861,0.035739714815010579
10000,0,single,gaussian_matched,0.050000000000000003,290,7,0.02,17.133969716327115,>=10%,True,True,4,0.014436634686251733,0.47463871548655073,0.057711337205403189,0.026507724792361131,1.2152109650435858,1.2153250047604551,1.2139294188455683,0.99885167678652187,0.98984562731047909,1.0207586825003991,True,True,False,4>2>1>3,20,0,0,True,1,0.0081910018274928588,0.0051549932762265131,0.0094714207611660516,0.014436634686251733
10000,0,single,gaussian_matched,0.050000000000000003,290,7,0.050000000000000003,17.133969716327115,>=10%,True,True,4,0.014436634686251733,0.47463871548655073,0.057711337205403189,0.026507724792361131,1.2152109650435858,1.2153250047604551,1.2139294188455683,0.99885167678652187,0.96497097205995308,1.0207586825003991,True,True,False,4>2>1>3,20,0,0,True,1,0.0081910018274928588,0.0051549932762265131,0.0094714207611660516,0.014436634686251733
10000,0,single,gaussian_matched,0.050000000000000003,290,8,0.02,17.133969716327115,>=10%,True,True,4,0.012008517270504608,0.55360269485585212,0.046604779171202135,0.053710114692540903,1.2152109650435858,1.2086948932969002,1.2237651688928644,1.0124682214507068,1.0034752591468346,1.0512374561560891,True,True,False,4>2>1>3,20,0,0,True,1,0.012008517270504608,0.0029754298293584933,0.0094408751783674888,0.00097145671471167655
10000,0,single,gaussian_matched,0.050000000000000003,290,8,0.050000000000000003,17.133969716327115,>=10%,True,True,4,0.012008517270504608,0.55360269485585212,0.046604779171202135,0.053710114692540903,1.2152109650435858,1.2086948932969002,1.2237651688928644,1.0124682214507068,0.97853699540448291,1.0512374561560891,True,True,False,4>2>1>3,20,0,0,True,1,0.012008517270504608,0.0029754298293584933,0.0094408751783674888,0.00097145671471167655
10000,0,single,gaussian_matched,0.050000000000000003,290,9,0.02,17.133969716327115,>=10%,True,False,3,0.020135037899479898,0.49519446616039253,0.11433588866686273,0.06451511238491775,1.2152109650435858,1.1550891004773958,1.18168222073998,1.0230225705113081,,1.0254987561605819,False,False,False,,-1,,,False,1,0.0029201741341618871,0.020135037899479898,0.0038606609739390879,0.011053315453053806
10000,0,single,gaussian_matched,0.050000000000000003,290,9,0.050000000000000003,17.133969716327115,>=10%,True,True,4,0.020135037899479898,0.49519446616039253,0.11433588866686273,0.06451511238491775,1.2152109650435858,1.1550891004773958,1.18168222073998,1.0230225705113081,0.980590934277075,1.0254987561605819,True,True,False,4>2>1>3,20,0,0,True,1,0.0029201741341618871,0.020135037899479898,0.0038606609739390879,0.011053315453053806
10000,0,single,gaussian_matched,0.050000000000000003,290,10,0.02,17.133969716327115,>=10%,True,False,3,0.04384935393560474,0.42075029148698018,0.067109055662222833,0.081075496206015576,1.2152109650435858,1.228332027232798,1.2081344289096763,0.98355689025822834,,1.060893920644842,False,False,False,,-1,,,False,1,0.011267359151145193,0.011812061411182913,0.013471813417616703,0.04384935393560474
10000,0,single,gaussian_matched,0.050000000000000003,290,10,0.050000000000000003,17.133969716327115,>=10%,True,True,4,0.04384935393560474,0.42075029148698018,0.067109055662222833,0.081075496206015576,1.2152109650435858,1.228332027232798,1.2081344289096763,0.98355689025822834,0.95152527792050257,1.060893920644842,True,True,False,4>2>1>3,20,0,0,True,1,0.011267359151145193,0.011812061411182913,0.013471813417616703,0.04384935393560474
10000,0,single,gaussian_matched,0.050000000000000003,290,11,0.02,17.133969716327115,>=10%,True,False,3,0.054256822346027862,0.39955198583834278,0.042881652298642825,0.10069992265646437,1.2152109650435858,1.2597305653611444,1.2212779773628664,0.96947554575906136,,1.0878587653065783,False,False,False,,-1,,,False,1,0.018967377529480699,0.0045569554185917269,0.017840924442222933,0.054256822346027862
10000,0,single,gaussian_matched,0.050000000000000003,290,11,0.050000000000000003,17.133969716327115,>=10%,True,False,3,0.054256822346027862,0.39955198583834278,0.042881652298642825,0.10069992265646437,1.2152109650435858,1.2597305653611444,1.2212779773628664,0.96947554575906136,,1.0878587653065783,False,False,False,,-1,,,False,1,0.018967377529480699,0.0045569554185917269,0.017840924442222933,0.054256822346027862
10000,0,single,gaussian_matched,0.050000000000000003,290,12,0.02,17.133969716327115,>=10%,True,True,4,0.0099002485384460624,0.51157349197064417,0.039932865533587832,0.015339260502364151,1.2152109650435858,1.2222093974166237,1.2252419581883751,1.0024812121213937,0.99421754445093335,1.020877242204808,True,True,False,4>2>1>3,20,0,0,True,1,0.0018298263324083377,0.0022447397678687351,0.0099002485384460624,0.0025552771112369063
10000,0,single,gaussian_matched,0.050000000000000003,290,12,0.050000000000000003,17.133969716327115,>=10%,True,True,4,0.0099002485384460624,0.51157349197064417,0.039932865533587832,0.015339260502364151,1.2152109650435858,1.2222093974166237,1.2252419581883751,1.0024812121213937,0.96967155309101749,1.020877242204808,True,True,False,4>2>1>3,20,0,0,True,1,0.0018298263324083377,0.0022447397678687351,0.0099002485384460624,0.0025552771112369063
10000,0,single,gaussian_matched,0.050000000000000003,290,13,0.02,17.133969716327115,>=10%,True,True,4,0.016754272696570861,0.53907467684584731,0.11614141380923027,0.076821331616232946,1.2152109650435858,1.1419869032537251,1.1819649046074323,1.0350074079131755,1.0181257595258408,1.0358581945304588,True,True,False,4>2>1>3,20,0,0,True,1,0.010308421143178287,0.016754272696570861,0.00073627778685686918,0.011963114902058605
10000,0,single,gaussian_matched,0.050000000000000003,290,13,0.050000000000000003,17.133969716327115,>=10%,True,True,4,0.016754272696570861,0.53907467684584731,0.11614141380923027,0.076821331616232946,1.2152109650435858,1.1419869032537251,1.1819649046074323,1.0350074079131755,0.99185521399698795,1.0358581945304588,True,True,False,4>2>1>3,20,0,0,True,1,0.010308421143178287,0.016754272696570861,0.00073627778685686918,0.011963114902058605
10000,0,single,gaussian_matched,0.050000000000000003,290,14,0.02,17.133969716327115,>=10%,True,True,4,0.0075998137964001173,0.4907787217010896,0.070568113484571537,0.022540613695730849,1.2152109650435858,1.1980315041209511,1.2069905492530952,1.0074781381802791,0.99659074487220933,1.0117841249932489,True,True,False,4>2>1>3,20,0,0,True,1,0.0039580101740174078,0.0075998137964001173,0.0073060988769504936,0.007282569074517499
10000,0,single,gaussian_matched,0.050000000000000003,290,14,0.050000000000000003,17.133969716327115,>=10%,True,True,4,0.0075998137964001173,0.4907787217010896,0.070568113484571537,0.022540613695730849,1.2152109650435858,1.1980315041209511,1.2069905492530952,1.0074781381802791,0.97144051871466541,1.0117841249932489,True,True,False,4>2>1>3,20,0,0,True,1,0.0039580101740174078,0.0075998137964001173,0.0073060988769504936,0.007282569074517499
10000,0,single,gaussian_matched,0.050000000000000003,290,15,0.02,17.133969716327115,>=10%,True,False,3,0.025204524359029899,0.45483725802657177,0.032235635232194665,0.04853087592617817,1.2152109650435858,1.2460573897934637,1.2278999627153355,0.98542809727155678,,1.0503779799219737,False,False,False,,-1,,,False,1,0.013011387377620164,0.0010453573128861595,0.013252631497201814,0.025204524359029899
10000,0,single,gaussian_matched,0.050000000000000003,290,15,0.050000000000000003,17.133969716327115,>=10%,True,True,4,0.025204524359029899,0.45483725802657177,0.032235635232194665,0.04853087592617817,1.2152109650435858,1.2460573897934637,1.2278999627153355,0.98542809727155678,0.955449818139396,1.0503779799219737,True,True,False,4>2>1>3,20,0,0,True,1,0.013011387377620164,0.0010453573128861595,0.013252631497201814,0.025204524359029899
10000,0,single,gaussian_matched,0.050000000000000003,290,16,0.02,17.133969716327115,>=10%,True,True,4,0.016004290273371521,0.54649412512970996,0.011550575917034421,0.060332925371548669,1.2152109650435858,1.2443237705458547,1.2436704463522386,0.99947495643088968,0.99358684317210966,1.0730674831238185,True,True,False,4>2>1>3,20,0,0,True,1,0.011540240555775372,0.011090275322666036,0.012878605145160368,0.016004290273371521
10000,0,single,gaussian_matched,0.050000000000000003,290,16,0.050000000000000003,17.133969716327115,>=10%,True,True,4,0.016004290273371521,0.54649412512970996,0.011550575917034421,0.060332925371548669,1.2152109650435858,1.2443237705458547,1.2436704463522386,0.99947495643088968,0.96931701168594608,1.0730674831238185,True,True,False,4>2>1>3,20,0,0,True,1,0.011540240555775372,0.011090275322666036,0.012878605145160368,0.016004290273371521
10000,0,single,gaussian_matched,0.050000000000000003,290,17,0.02,17.133969716327115,>=10%,True,False,3,0.050328032431848642,0.41398773088352808,0.089765138024421154,0.094759572818083421,1.2152109650435858,1.2118668771426038,1.1956152177594741,0.98658956714664192,,1.0618524912102614,False,False,False,,-1,,,False,1,0.0054341771484888628,0.019811945150091669,0.012946285566592594,0.050328032431848642
10000,0,single,gaussian_matched,0.050000000000000003,290,17,0.050000000000000003,17.133969716327115,>=10%,True,False,3,0.050328032431848642,0.41398773088352808,0.089765138024421154,0.094759572818083421,1.2152109650435858,1.2118668771426038,1.1956152177594741,0.98658956714664192,,1.0618524912102614,False,False,False,,-1,,,False,1,0.0054341771484888628,0.019811945150091669,0.012946285566592594,0.050328032431848642
10000,0,single,gaussian_matched,0.050000000000000003,290,18,0.02,17.133969716327115,>=10%,True,True,4,0.01396512765824879,0.53561271674565847,0.084028712188398108,0.049256662972711994,1.2152109650435858,1.174194536569463,1.2009000489447685,1.0227436864536337,1.0097919800724808,1.0287569384075146,True,True,False,4>2>1>3,20,0,0,True,1,0.0074518941658686258,0.0078751778707150406,0.0048301088068769113,0.01396512765824879
10000,0,single,gaussian_matched,0.050000000000000003,290,18,0.050000000000000003,17.133969716327115,>=10%,True,True,4,0.01396512765824879,0.53561271674565847,0.084028712188398108,0.049256662972711994,1.2152109650435858,1.174194536569463,1.2009000489447685,1.0227436864536337,0.98423938026826163,1.0287569384075146,True,True,False,4>2>1>3,20,0,0,True,1,0.0074518941658686258,0.0078751778707150406,0.0048301088068769113,0.01396512765824879
10000,0,single,gaussian_matched,0.050000000000000003,290,19,0.02,17.133969716327115,>=10%,True,True,4,0.0084353204514504201,0.48892534368961849,0.06028507563513797,0.015113927127440498,1.2152109650435858,1.208399850009086,1.2128034985589564,1.003644198193038,0.9938809829465356,1.0104561767531084,True,True,False,4>2>1>3,20,0,0,True,1,0.0044133556305072739,0.0048335118983208495,0.0084353204514504201,0.0072242534573634266
10000,0,single,gaussian_matched,0.050000000000000003,290,19,0.050000000000000003,17.133969716327115,>=10%,True,True,4,0.0084353204514504201,0.48892534368961849,0.06028507563513797,0.015113927127440498,1.2152109650435858,1.208399850009086,1.2128034985589564,1.003644198193038,0.96896163511775457,1.0104561767531084,True,True,False,4>2>1>3,20,0,0,True,1,0.0044133556305072739,0.0048335118983208495,0.0084353204514504201,0.0072242534573634266
10000,0,single,gaussian_matched,0.050000000000000003,290,20,0.02,17.133969716327115,>=10%,True,False,3,0.0416135281732469,0.44631600172334218,-0.016134615635685884,0.085180743459118191,1.2152109650435858,1.2943892662901437,1.2552126639662198,0.96973352348926056,,1.1030129302505614,False,False,False,,-1,,,False,1,0.013175116722273544,0.015332585130185945,0.01862178228931223,0.0416135281732469
10000,0,single,gaussian_matched,0.050000000000000003,290,20,0.050000000000000003,17.133969716327115,>=10%,True,True,4,0.0416135281732469,0.44631600172334218,-0.016134615635685884,0.085180743459118191,1.2152109650435858,1.2943892662901437,1.2552126639662198,0.96973352348926056,0.94533701534401449,1.1030129302505614,True,True,False,4>2>1>3,20,0,0,True,1,0.013175116722273544,0.015332585130185945,0.01862178228931223,0.0416135281732469
10000,0,single,gaussian_matched,0.050000000000000003,290,21,0.02,17.133969716327115,>=10%,True,True,4,0.018397395556057444,0.46924961237857477,0.070478617621314243,0.036945366672262225,1.2152109650435858,1.2051891549706326,1.2066194472004237,1.0011867782114467,0.99109470457614113,1.0233324497924383,True,True,False,4>2>1>3,20,0,0,True,1,0.0085585595739795881,0.0092933960707795877,0.0086676852383396376,0.018397395556057444
10000,0,single,gaussian_matched,0.050000000000000003,290,21,0.050000000000000003,17.133969716327115,>=10%,True,True,4,0.018397395556057444,0.46924961237857477,0.070478617621314243,0.036945366672262225,1.2152109650435858,1.2051891549706326,1.2066194472004237,1.0011867782114467,0.96589948162221306,1.0233324497924383,True,True,False,4>2>1>3,20,0,0,True,1,0.0085585595739795881,0.0092933960707795877,0.0086676852383396376,0.018397395556057444
10000,0,single,gaussian_matched,0.050000000000000003,290,22,0.02,17.133969716327115,>=10%,True,False,3,0.03224528154492904,0.44009077334860458,0.052685186295787091,0.059969372711504577,1.2152109650435858,1.232809621968173,1.2162509004335078,0.98656830605505064,,1.0502047050729486,False,False,False,,-1,,,False,1,0.01394644953723473,0.0060010722634267176,0.012617684476335687,0.03224528154492904
10000,0,single,gaussian_matched,0.050000000000000003,290,22,0.050000000000000003,17.133969716327115,>=10%,True,True,4,0.03224528154492904,0.44009077334860458,0.052685186295787091,0.059969372711504577,1.2152109650435858,1.232809621968173,1.2162509004335078,0.98656830605505064,0.95502319091157084,1.0502047050729486,True,True,False,4>2>1>3,20,0,0,True,1,0.01394644953723473,0.0060010722634267176,0.012617684476335687,0.03224528154492904
10000,0,single,gaussian_matched,0.050000000000000003,290,23,0.02,17.133969716327115,>=10%,True,True,4,0.011362048919475865,0.54995019889513208,0.038384323599942413,0.051283002134178038,1.2152109650435858,1.2172704347304981,1.2282839954540381,1.0090477517643632,1.0007998303782699,1.0529587325953087,True,True,False,4>2>1>3,20,0,0,True,1,0.011362048919475865,0.0048064298007184309,0.010218384410143876,0.0043604115202830786
10000,0,single,gaussian_matched,0.050000000000000003,290,23,0.050000000000000003,17.133969716327115,>=10%,True,True,4,0.011362048919475865,0.54995019889513208,0.038384323599942413,0.051283002134178038,1.2152109650435858,1.2172704347304981,1.2282839954540381,1.0090477517643632,0.97603931062117866,1.0529587325953087,True,True,False,4>2>1>3,20,0,0,True,1,0.011362048919475865,0.0048064298007184309,0.010218384410143876,0.0043604115202830786
10000,0,single,gaussian_matched,0.050000000000000003,290,24,0.02,17.133969716327115,>=10%,True,False,2,0.04487654034908288,0.41857425835256212,0.024522902555772316,0.085318426479969567,1.2152109650435858,1.2673937717157333,1.2316383508255795,0.97178823054988672,,1.0837268714558661,False,False,False,,-1,,,False,1,0.021922644194881751,0.0021160203467689483,0.017249658334445049,0.04487654034908288
10000,0,single,gaussian_matched,0.050000000000000003,290,24,0.050000000000000003,17.133969716327115,>=10%,True,True,4,0.04487654034908288,0.41857425835256212,0.024522902555772316,0.085318426479969567,1.2152109650435858,1.2673937717157333,1.2316383508255795,0.97178823054988672,0.94502799200753129,1.0837268714558661,True,True,False,4>2>1>3,20,0,0,True,1,0.021922644194881751,0.0021160203467689483,0.017249658334445049,0.04487654034908288
10000,0,single,gaussian_matched,0.050000000000000003,290,25,0.02,17.133969716327115,>=10%,True,True,4,0.0077899981599966273,0.49618220717533107,0.072754978083244118,0.023073026884676696,1.2152109650435858,1.1943565661193873,1.2058830683202499,1.0096508049001762,0.99838738851206721,1.0113109003759257,True,True,False,4>2>1>3,20,0,0,True,1,0.002541987904996954,0.0077899981599966273,0.0068267390368148247,0.0047750122394345377
10000,0,single,gaussian_matched,0.050000000000000003,290,25,0.050000000000000003,17.133969716327115,>=10%,True,True,4,0.0077899981599966273,0.49618220717533107,0.072754978083244118,0.023073026884676696,1.2152109650435858,1.1943565661193873,1.2058830683202499,1.0096508049001762,0.97318763903208494,1.0113109003759257,True,True,False,4>2>1>3,20,0,0,True,1,0.002541987904996954,0.0077899981599966273,0.0068267390368148247,0.0047750122394345377
10000,0,single,gaussian_matched,0.050000000000000003,290,26,0.02,17.133969716327115,>=10%,True,False,3,0.044360809249360429,0.42104726678647308,0.073665368147054433,0.082423198988039612,1.2152109650435858,1.2224091960853927,1.204518792921194,0.98536463630878235,,1.059027633002863,False,False,False,,-1,,,False,1,0.0095378272849675934,0.013945989326074193,0.012996797199344667,0.044360809249360429
10000,0,single,gaussian_matched,0.050000000000000003,290,26,0.050000000000000003,17.133969716327115,>=10%,True,True,4,0.044360809249360429,0.42104726678647308,0.073665368147054433,0.082423198988039612,1.2152109650435858,1.2224091960853927,1.204518792921194,0.98536463630878235,0.95244458123349607,1.059027633002863,True,True,False,4>2>1>3,20,0,0,True,1,0.0095378272849675934,0.013945989326074193,0.012996797199344667,0.044360809249360429
10000,0,single,gaussian_matched,0.050000000000000003,290,27,0.02,17.133969716327115,>=10%,True,False,2,0.04151013494996305,0.50606466429739994,-0.04529450666243405,0.095487293149805252,1.2152109650435858,1.3067517119951961,1.2748623994059454,0.97559650215375571,,1.1276640286952977,False,False,False,,-1,,,False,1,0.004304175243366664,0.023870436511776508,0.018609837775919395,0.04151013494996305
10000,0,single,gaussian_matched,0.050000000000000003,290,27,0.050000000000000003,17.133969716327115,>=10%,True,True,4,0.04151013494996305,0.50606466429739994,-0.04529450666243405,0.095487293149805252,1.2152109650435858,1.3067517119951961,1.2748623994059454,0.97559650215375571,0.95150005483661726,1.1276640286952977,True,True,False,4>2>1>3,20,0,0,True,1,0.004304175243366664,0.023870436511776508,0.018609837775919395,0.04151013494996305
10000,0,single,gaussian_matched,0.050000000000000003,290,28,0.02,17.133969716327115,>=10%,True,True,4,0.0069884922760458101,0.50490282480273641,0.072352311153908555,0.022883695177297565,1.2152109650435858,1.1923527640083966,1.2063792649812053,1.0117637174133391,1.0003585055649655,1.0115634202777399,True,True,False,4>2>1>3,20,0,0,True,1,0.00029784432362862608,0.0069884922760458101,0.0065308617002838229,0.00026746047951834714
10000,0,single,gaussian_matched,0.050000000000000003,290,28,0.050000000000000003,17.133969716327115,>=10%,True,True,4,0.0069884922760458101,0.50490282480273641,0.072352311153908555,0.022883695177297565,1.2152109650435858,1.1923527640083966,1.2063792649812053,1.0117637174133391,0.97515877685305052,1.0115634202777399,True,True,False,4>2>1>3,20,0,0,True,1,0.00029784432362862608,0.0069884922760458101,0.0065308617002838229,0.00026746047951834714
10000,0,single,gaussian_matched,0.050000000000000003,290,29,0.02,17.133969716327115,>=10%,True,False,3,0.025918523604866989,0.46174107410566378,0.095874211537999451,0.059734317563871368,1.2152109650435858,1.1845491176010803,1.1921259544545375,1.0063963889220582,,1.0301588020755792,False,False,False,,-1,,,False,1,0.0026009575377458983,0.017624931299185756,0.0075564280492910231,0.025918523604866989
10000,0,single,gaussian_matched,0.050000000000000003,290,29,0.050000000000000003,17.133969716327115,>=10%,True,True,4,0.025918523604866989,0.46174107410566378,0.095874211537999451,0.059734317563871368,1.2152109650435858,1.1845491176010803,1.1921259544545375,1.0063963889220582,0.96790641152913359,1.0301588020755792,True,True,False,4>2>1>3,20,0,0,True,1,0.0026009575377458983,0.017624931299185756,0.0075564280492910231,0.025918523604866989
10000,0,single,gaussian_matched,0.050000000000000003,290,30,0.02,17.133969716327115,>=10%,True,True,4,0.019538574138858639,0.46591260851225053,0.064666194634966784,0.037108590966376288,1.2152109650435858,1.2118112002758288,1.2098515347313188,0.99838286232701601,0.98905344707077136,1.0261264599871105,True,True,False,4>2>1>3,20,0,0,True,1,0.010032396485599041,0.0078357296183026691,0.009423809604153557,0.019538574138858639
10000,0,single,gaussian_matched,0.050000000000000003,290,30,0.050000000000000003,17.133969716327115,>=10%,True,True,4,0.019538574138858639,0.46591260851225053,0.064666194634966784,0.037108590966376288,1.2152109650435858,1.2118112002758288,1.2098515347313188,0.99838286232701601,0.96398617072428183,1.0261264599871105,True,True,False,4>2>1>3,20,0,0,True,1,0.010032396485599041,0.0078357296183026691,0.009423809604153557,0.019538574138858639
10000,0,single,gaussian_matched,0.050000000000000003,290,31,0.02,17.133969716327115,>=10%,True,True,4,0.011745221747099669,0.47894810253825448,0.049935955288460024,0.021051994880887739,1.2152109650435858,1.2212974919092787,1.2184264376182905,0.99764917695319277,0.98924552942001631,1.0199697568189092,True,True,False,4>2>1>3,20,0,0,True,1,0.0069139835638120546,0.0026262132655813851,0.0099824810727201507,0.011745221747099669
10000,0,single,gaussian_matched,0.050000000000000003,290,31,0.050000000000000003,17.133969716327115,>=10%,True,True,4,0.011745221747099669,0.47894810253825448,0.049935955288460024,0.021051994880887739,1.2152109650435858,1.2212974919092787,1.2184264376182905,0.99764917695319277,0.96455320863543603,1.0199697568189092,True,True,False,4>2>1>3,20,0,0,True,1,0.0069139835638120546,0.0026262132655813851,0.0099824810727201507,0.011745221747099669
10000,0,single,gaussian_matched,0.050000000000000003,291,0,0.02,2.9012340603555655,1-<5%,True,False,3,0.021371553572539736,0.50188591985874786,-0.015402290916605416,0.065429476162154221,1.086225361209475,1.1456092154873367,1.1059894041852836,0.96541594571129641,,1.0784307954687253,False,False,False,,-1,,,False,3,0.014320631414299137,0.021371553572539736,0.014453665445215926,0.004973759787580666
10000,0,single,gaussian_matched,0.050000000000000003,291,0,0.050000000000000003,2.9012340603555655,1-<5%,True,True,4,0.021371553572539736,0.50188591985874786,-0.015402290916605416,0.065429476162154221,1.086225361209475,1.1456092154873367,1.1059894041852836,0.96541594571129641,0.92596692400905178,1.0784307954687253,True,True,False,2>3>1>4,8,0,0,True,3,0.014320631414299137,0.021371553572539736,0.014453665445215926,0.004973759787580666
10000,0,single,gaussian_matched,0.050000000000000003,291,1,0.02,2.9012340603555655,1-<5%,True,False,3,0.029999558207188082,0.43128761264683213,0.017230492832712822,0.076126426264199937,1.086225361209475,1.1248847819958674,1.0958665469752602,0.97420337132739898,,1.0789593164483711,False,False,False,,-1,,,False,3,0.0031565049410194192,0.029999558207188082,0.0079366538791037153,0.0033581835283657034
10000,0,single,gaussian_matched,0.050000000000000003,291,1,0.050000000000000003,2.9012340603555655,1-<5%,True,True,4,0.029999558207188082,0.43128761264683213,0.017230492832712822,0.076126426264199937,1.086225361209475,1.1248847819958674,1.0958665469752602,0.97420337132739898,0.93016601112006947,1.0789593164483711,True,True,False,2>3>1>4,8,0,1.9671873749240287,True,3,0.0031565049410194192,0.029999558207188082,0.0079366538791037153,0.0033581835283657034
10000,0,single,gaussian_matched,0.050000000000000003,291,2,0.02,2.9012340603555655,1-<5%,True,True,4,0.017190072799755974,0.52808206629346155,0.01600040729409908,0.044097332702528851,1.086225361209475,1.1069234198993909,1.0826825521889782,0.97810068223814806,0.96139083299458605,1.0373352760212449,True,True,False,2>3>1>4,8,0,0,True,3,0.017190072799755974,0.0086082534828389734,0.0072710435783980166,0.0032412397823798436
10000,0,single,gaussian_matched,0.050000000000000003,291,2,0.050000000000000003,2.9012340603555655,1-<5%,True,True,4,0.017190072799755974,0.52808206629346155,0.01600040729409908,0.044097332702528851,1.086225361209475,1.1069234198993909,1.0826825521889782,0.97810068223814806,0.9341146123022166,1.0373352760212449,True,True,False,2>3>1>4,8,0,0,True,3,0.017190072799755974,0.0086082534828389734,0.0072710435783980166,0.0032412397823798436
10000,0,single,gaussian_matched,0.050000000000000003,291,3,0.02,2.9012340603555655,1-<5%,True,True,4,0.016378945411538851,0.52055497536147977,0.036732778847864939,0.024464794485355896,1.086225361209475,1.090267931506288,1.0700212546212928,0.98142963183643961,0.96179868740810193,1.0076049484684981,True,True,False,2>3>1>4,8,0,0,True,3,0.016378945411538851,0.0038517387029274393,0.0022853395134469602,0.002612544975991604
10000,0,single,gaussian_matched,0.050000000000000003,291,3,0.050000000000000003,2.9012340603555655,1-<5%,True,True,4,0.016378945411538851,0.52055497536147977,0.036732778847864939,0.024464794485355896,1.086225361209475,1.090267931506288,1.0700212546212928,0.98142963183643961,0.93413367286892257,1.0076049484684981,True,True,False,2>3>1>4,8,0,0,True,3,0.016378945411538851,0.0038517387029274393,0.0022853395134469602,0.002612544975991604
10000,0,single,gaussian_matched,0.050000000000000003,291,4,0.02,2.9012340603555655,1-<5%,True,False,3,0.0344388334791636,0.40661481247606085,0.087614048063850133,0.10067576600468908,1.086225361209475,1.0505099595718552,1.0575196675481531,1.0066726716033751,,1.0662570355227492,False,False,False,,-1,,,False,3,0.013798348808497823,0.0344388334791636,0.0082989925220616698,0.0047879886804977649
10000,0,single,gaussian_matched,0.050000000000000003,291,4,0.050000000000000003,2.9012340603555655,1-<5%,True,True,4,0.0344388334791636,0.40661481247606085,0.087614048063850133,0.10067576600468908,1.086225361209475,1.0505099595718552,1.0575196675481531,1.0066726716033751,0.94998234842596807,1.0662570355227492,True,True,False,2>3>1>4,8,0,4.8753223084090136,True,3,0.013798348808497823,0.0344388334791636,0.0082989925220616698,0.0047879886804977649
10000,0,single,gaussian_matched,0.050000000000000003,291,5,0.02,2.9012340603555655,1-<5%,True,False,3,0.022012214520766682,0.56383347426226271,0.039690941414328579,0.064660568550808165,1.086225361209475,1.0730663166764431,1.0631152132692865,0.99072647864115448,,1.0382521179254687,False,False,False,,-1,,,False,3,0.022012214520766682,0.0018937998231463981,0.0029472779224095844,0.0051190131873068674
10000,0,single,gaussian_matched,0.050000000000000003,291,5,0.050000000000000003,2.9012340603555655,1-<5%,True,True,4,0.022012214520766682,0.56383347426226271,0.039690941414328579,0.064660568550808165,1.086225361209475,1.0730663166764431,1.0631152132692865,0.99072647864115448,0.94355364096565497,1.0382521179254687,True,True,False,2>3>1>4,8,0,0,True,3,0.022012214520766682,0.0018937998231463981,0.0029472779224095844,0.0051190131873068674
10000,0,single,gaussian_matched,0.050000000000000003,291,6,0.02,2.9012340603555655,1-<5%,True,True,4,0.018403956344662836,0.51574696551396249,0.072822622485883143,0.027727946552730198,1.086225361209475,1.0589282246374991,1.0466726346588211,0.98842642051318119,0.9633654167340443,0.989113879660518,True,True,False,2>3>1>4,8,0,0,True,3,0.018403956344662836,0.00041358240433248699,0.0064060000125874556,0.0024125717766687541
10000,0,single,gaussian_matched,0.050000000000000003,291,6,0.050000000000000003,2.9012340603555655,1-<5%,True,True,4,0.018403956344662836,0.51574696551396249,0.072822622485883143,0.027727946552730198,1.086225361209475,1.0589282246374991,1.0466726346588211,0.98842642051318119,0.93489176532910223,0.989113879660518,True,True,False,2>3>1>4,8,0,0,True,3,0.018403956344662836,0.00041358240433248699,0.0064060000125874556,0.0024125717766687541
10000,0,single,gaussian_matched,0.050000000000000003,291,7,0.02,2.9012340603555655,1-<5%,True,True,4,0.019298279127217682,0.48629748464091299,0.093650228633472277,0.045750424991691803,1.086225361209475,1.0534218105438979,1.0377063896567185,0.9850815497364106,0.95611296042274474,0.9974512226836777,True,True,False,2>3>1>4,8,0,0,True,3,0.019298279127217682,0.01169083187316867,0.012312458844418422,0.00068411780451921387
10000,0,single,gaussian_matched,0.050000000000000003,291,7,0.050000000000000003,2.9012340603555655,1-<5%,True,True,4,0.019298279127217682,0.48629748464091299,0.093650228633472277,0.045750424991691803,1.086225361209475,1.0534218105438979,1.0377063896567185,0.9850815497364106,0.92759915273327287,0.9974512226836777,True,True,False,2>3>1>4,8,0,0,True,3,0.019298279127217682,0.01169083187316867,0.012312458844418422,0.00068411780451921387
10000,0,single,gaussian_matched,0.050000000000000003,291,8,0.02,2.9012340603555655,1-<5%,True,False,3,0.020048033279049169,0.52426522324559288,0.080018921388735717,0.038599698191845437,1.086225361209475,1.0489007765184246,1.040460697129594,0.99195340533844822,,0.99340379432859349,False,False,False,,-1,,,False,3,0.020048033279049169,0.00073561671723153797,0.0078367782812445285,0.0029348861018489727
10000,0,single,gaussian_matched,0.050000000000000003,291,8,0.050000000000000003,2.9012340603555655,1-<5%,True,True,4,0.020048033279049169,0.52426522324559288,0.080018921388735717,0.038599698191845437,1.086225361209475,1.0489007765184246,1.040460697129594,0.99195340533844822,0.93713932235331321,0.99340379432859349,True,True,False,2>3>1>4,8,0,0,True,3,0.020048033279049169,0.00073561671723153797,0.0078367782812445285,0.0029348861018489727
10000,0,single,gaussian_matched,0.050000000000000003,291,9,0.02,2.9012340603555655,1-<5%,True,True,4,0.019314153398427927,0.54292783573385528,0.038975654017273612,0.044320822252522769,1.086225361209475,1.0802780784815493,1.0657665136262522,0.98656682464972834,0.96718495634175949,1.021967793720753,True,True,False,2>3>1>4,8,0,0,True,3,0.019314153398427927,0.00036073992163178982,0.0023826678816952344,0.0039270693871967053
10000,0,single,gaussian_matched,0.050000000000000003,291,9,0.050000000000000003,2.9012340603555655,1-<5%,True,True,4,0.019314153398427927,0.54292783573385528,0.038975654017273612,0.044320822252522769,1.086225361209475,1.0802780784815493,1.0657665136262522,0.98656682464972834,0.9391337102909677,1.021967793720753,True,True,False,2>3>1>4,8,0,0,True,3,0.019314153398427927,0.00036073992163178982,0.0023826678816952344,0.0039270693871967053
10000,0,single,gaussian_matched,0.050000000000000003,291,10,0.02,2.9012340603555655,1-<5%,True,False,3,0.020408458797923978,0.48603981576818739,-0.0021540380561396871,0.053990095659735747,1.086225361209475,1.1395071483995913,1.0996576315818263,0.96502916469305811,,1.0620703294544831,False,False,False,,-1,,,False,3,0.011547023080251568,0.020408458797923978,0.011313651061279968,0.0029899688596897109
10000,0,single,gaussian_matched,0.050000000000000003,291,10,0.050000000000000003,2.9012340603555655,1-<5%,True,True,4,0.020408458797923978,0.48603981576818739,-0.0021540380561396871,0.053990095659735747,1.086225361209475,1.1395071483995913,1.0996576315818263,0.96502916469305811,0.92374585305926227,1.0620703294544831,True,True,False,2>3>1>4,8,0,0,True,3,0.011547023080251568,0.020408458797923978,0.011313651061279968,0.0029899688596897109
10000,0,single,gaussian_matched,0.050000000000000003,291,11,0.02,2.9012340603555655,1-<5%,True,True,4,0.01476807725080452,0.49329723379578161,0.060311857119545648,0.012298840272250731,1.086225361209475,1.0797909063765414,1.0586147360686478,0.98038863803830822,0.95692664121971516,0.98590367577909677,True,True,False,2>3>1>4,8,0,0,True,3,0.01476807725080452,0.0060743910548071364,0.0039102950261434575,0.0010245641949149559
10000,0,single,gaussian_matched,0.050000000000000003,291,11,0.050000000000000003,2.9012340603555655,1-<5%,True,True,4,0.01476807725080452,0.49329723379578161,0.060311857119545648,0.012298840272250731,1.086225361209475,1.0797909063765414,1.0586147360686478,0.98038863803830822,0.92909453881417425,0.98590367577909677,True,True,False,2>3>1>4,8,0,0,True,3,0.01476807725080452,0.0060743910548071364,0.0039102950261434575,0.0010245641949149559
10000,0,single,gaussian_matched,0.050000000000000003,291,12,0.02,2.9012340603555655,1-<5%,True,False,3,0.025601705723863537,0.48477366426276292,0.12156512067117395,0.073166985701631521,1.086225361209475,1.0299593685419759,1.0186944023661582,0.98906270818064934,,1.0051886349367125,False,False,False,,-1,,,False,3,0.025601705723863537,0.016840866059139471,0.019451924670720669,0.00069027257337325482
10000,0,single,gaussian_matched,0.050000000000000003,291,12,0.050000000000000003,2.9012340603555655,1-<5%,True,True,4,0.025601705723863537,0.48477366426276292,0.12156512067117395,0.073166985701631521,1.086225361209475,1.0299593685419759,1.0186944023661582,0.98906270818064934,0.92558338250622552,1.0051886349367125,True,True,False,2>3>1>4,8,0,0,True,3,0.025601705723863537,0.016840866059139471,0.019451924670720669,0.00069027257337325482
10000,0,single,gaussian_matched,0.050000000000000003,291,13,0.02,2.9012340603555655,1-<5%,True,True,4,0.017444148555456989,0.5262699715360154,0.045579396241649417,0.026639315721155504,1.086225361209475,1.0799333804411861,1.0634109138936876,0.98470047611571321,0.96395609775888058,1.0035212475623929,True,True,False,2>3>1>4,8,0,0,True,3,0.017444148555456989,0.00061527152276608414,0.00036038365551854091,0.0029711817838150214
10000,0,single,gaussian_matched,0.050000000000000003,291,13,0.050000000000000003,2.9012340603555655,1-<5%,True,True,4,0.017444148555456989,0.5262699715360154,0.045579396241649417,0.026639315721155504,1.086225361209475,1.0799333804411861,1.0634109138936876,0.98470047611571321,0.93599259353930719,1.0035212475623929,True,True,False,2>3>1>4,8,0,0,True,3,0.017444148555456989,0.00061527152276608414,0.00036038365551854091,0.0029711817838150214
10000,0,single,gaussian_matched,0.050000000000000003,291,14,0.02,2.9012340603555655,1-<5%,True,True,4,0.011810203882971873,0.48505149961926858,0.036662808666558695,0.020033430467534745,1.086225361209475,1.1046665120291657,1.075235922530893,0.97335794180615509,0.95328554896155548,1.0083260731261905,True,True,False,2>3>1>4,8,0,0,True,3,0.011810203882971873,0.011357522790678714,0.0018063811340430626,0.00043927118922612715
10000,0,single,gaussian_matched,0.050000000000000003,291,14,0.050000000000000003,2.9012340603555655,1-<5%,True,True,4,0.011810203882971873,0.48505149961926858,0.036662808666558695,0.020033430467534745,1.086225361209475,1.1046665120291657,1.075235922530893,0.97335794180615509,0.92610432940131437,1.0083260731261905,True,True,False,2>3>1>4,8,0,0,True,3,0.011810203882971873,0.011357522790678714,0.0018063811340430626,0.00043927118922612715
10000,0,single,gaussian_matched,0.050000000000000003,291,15,0.02,2.9012340603555655,1-<5%,True,False,3,0.02139958951526184,0.45089561799914685,0.094160444498425588,0.066040784292619045,1.086225361209475,1.0578805284506783,1.044425146992163,0.98728081187180816,,1.0223163359473728,False,False,False,,-1,,,False,3,0.017418882785028737,0.02139958951526184,0.012501607183699038,0.0015854740850322353
10000,0,single,gaussian_matched,0.050000000000000003,291,15,0.050000000000000003,2.9012340603555655,1-<5%,True,True,4,0.02139958951526184,0.45089561799914685,0.094160444498425588,0.066040784292619045,1.086225361209475,1.0578805284506783,1.044425146992163,0.98728081187180816,0.9295786604781795,1.0223163359473728,True,True,False,2>3>1>4,8,0,1.2502037809729805,True,3,0.017418882785028737,0.02139958951526184,0.012501607183699038,0.0015854740850322353
10000,0,single,gaussian_matched,0.050000000000000003,291,16,0.02,2.9012340603555655,1-<5%,True,False,3,0.020674279111560424,0.55432552699071524,0.027044447804806748,0.058976438171571298,1.086225361209475,1.0879695144188206,1.0725599921969384,0.985836439332481,,1.0417142434499802,False,False,False,,-1,,,False,3,0.020674279111560424,0.0025481748621009174,0.0054301826058813967,0.0045720100163309657
10000,0,single,gaussian_matched,0.050000000000000003,291,16,0.050000000000000003,2.9012340603555655,1-<5%,True,True,4,0.020674279111560424,0.55432552699071524,0.027044447804806748,0.058976438171571298,1.086225361209475,1.0879695144188206,1.0725599921969384,0.985836439332481,0.94048169280041749,1.0417142434499802,True,True,False,2>3>1>4,8,0,0,True,3,0.020674279111560424,0.0025481748621009174,0.0054301826058813967,0.0045720100163309657
10000,0,single,gaussian_matched,0.050000000000000003,291,17,0.02,2.9012340603555655,1-<5%,True,True,4,0.019577811054080706,0.48822603455019181,-0.0006555246044556845,0.052005850010992921,1.086225361209475,1.1372559903882753,1.0984189397509403,0.96585021229558399,0.95073319204753659,1.0591032311020381,True,True,False,2>3>1>4,8,0,0,True,3,0.011825086033842264,0.019577811054080706,0.010933563256637746,0.0028381491074901599
10000,0,single,gaussian_matched,0.050000000000000003,291,17,0.050000000000000003,2.9012340603555655,1-<5%,True,True,4,0.019577811054080706,0.48822603455019181,-0.0006555246044556845,0.052005850010992921,1.086225361209475,1.1372559903882753,1.0984189397509403,0.96585021229558399,0.92433189609385213,1.0591032311020381,True,True,False,2>3>1>4,8,0,0,True,3,0.011825086033842264,0.019577811054080706,0.010933563256637746,0.0028381491074901599
10000,0,single,gaussian_matched,0.050000000000000003,291,18,0.02,2.9012340603555655,1-<5%,True,False,3,0.02033278956438201,0.44905012612762907,0.047799495454875135,0.050997371185813309,1.086225361209475,1.1008556458701115,1.0742560943202646,0.97583738462927827,,1.0359300249196415,False,False,False,,-1,,,False,3,0.0085903937551629478,0.02033278956438201,0.00063037873990138226,0.001876167800011599
10000,0,single,gaussian_matched,0.050000000000000003,291,18,0.050000000000000003,2.9012340603555655,1-<5%,True,True,4,0.02033278956438201,0.44905012612762907,0.047799495454875135,0.050997371185813309,1.086225361209475,1.1008556458701115,1.0742560943202646,0.97583738462927827,0.92683216837884097,1.0359300249196415,True,True,False,2>3>1>4,8,0,0.98131791831552739,True,3,0.0085903937551629478,0.02033278956438201,0.00063037873990138226,0.001876167800011599
10000,0,single,gaussian_matched,0.050000000000000003,291,19,0.02,2.9012340603555655,1-<5%,True,False,2,0.03900541352372161,0.55327238106688537,0.16103246892718442,0.12315094697403517,1.086225361209475,0.96309231203296597,0.9756601616090711,1.013049475547755,,1.0115866815700358,False,False,False,,-1,,,False,3,0.03900541352372161,0.0028159746428084646,0.026371756313850244,0.0051461265976659662
10000,0,single,gaussian_matched,0.050000000000000003,291,19,0.050000000000000003,2.9012340603555655,1-<5%,True,True,4,0.03900541352372161,0.55327238106688537,0.16103246892718442,0.12315094697403517,1.086225361209475,0.96309231203296597,0.9756601616090711,1.013049475547755,0.93976206319418609,1.0115866815700358,True,True,False,2>3>1>4,8,0,0,True,3,0.03900541352372161,0.0028159746428084646,0.026371756313850244,0.0051461265976659662
10000,0,single,gaussian_matched,0.050000000000000003,291,20,0.02,2.9012340603555655,1-<5%,True,False,3,0.025955282094091744,0.55431711314292831,0.10512002933214062,0.077385828248831959,1.086225361209475,1.0142685460337262,1.0184801555722096,1.0041523613789984,,1.0088753429590633,False,False,False,,-1,,,False,3,0.025955282094091744,0.0055564146006225699,0.012423729978998859,0.0047610035719559858
10000,0,single,gaussian_matched,0.050000000000000003,291,20,0.050000000000000003,2.9012340603555655,1-<5%,True,True,4,0.025955282094091744,0.55431711314292831,0.10512002933214062,0.077385828248831959,1.086225361209475,1.0142685460337262,1.0184801555722096,1.0041523613789984,0.9448249609538738,1.0088753429590633,True,True,False,2>3>1>4,8,0,0,True,3,0.025955282094091744,0.0055564146006225699,0.012423729978998859,0.0047610035719559858
10000,0,single,gaussian_matched,0.050000000000000003,291,21,0.02,2.9012340603555655,1-<5%,True,False,3,0.021015972361526525,0.51966772373689296,0.089936820916619864,0.044517064390151656,1.086225361209475,1.0417235487239112,1.0343519300864852,0.99292363252567728,,0.99322758702241387,False,False,False,,-1,,,False,3,0.021015972361526525,0.0020545405829919075,0.010401131923214625,0.0026914851617632334
10000,0,single,gaussian_matched,0.050000000000000003,291,21,0.050000000000000003,2.9012340603555655,1-<5%,True,True,4,0.021015972361526525,0.51966772373689296,0.089936820916619864,0.044517064390151656,1.086225361209475,1.0417235487239112,1.0343519300864852,0.99292363252567728,0.93616452128150984,0.99322758702241387,True,True,False,2>3>1>4,8,0,0,True,3,0.021015972361526525,0.0020545405829919075,0.010401131923214625,0.0026914851617632334
10000,0,single,gaussian_matched,0.050000000000000003,291,22,0.02,2.9012340603555655,1-<5%,True,False,3,0.029510710088777432,0.60969255356244345,0.089825044249055172,0.11669828814720774,1.086225361209475,1.012795096230843,1.0243678449607689,1.0114265449872284,,1.0504874714372701,False,False,False,,-1,,,False,3,0.029510710088777432,0.018701236244987554,0.0058233107941110434,0.0077836667809458105
10000,0,single,gaussian_matched,0.050000000000000003,291,22,0.050000000000000003,2.9012340603555655,1-<5%,True,True,4,0.029510710088777432,0.60969255356244345,0.089825044249055172,0.11669828814720774,1.086225361209475,1.012795096230843,1.0243678449607689,1.0114265449872284,0.95693741354557338,1.0504874714372701,True,True,False,2>3>1>4,8,0,0,True,3,0.029510710088777432,0.018701236244987554,0.0058233107941110434,0.0077836667809458105
10000,0,single,gaussian_matched,0.050000000000000003,291,23,0.02,2.9012340603555655,1-<5%,True,False,1,0.025369567251904535,0.45940510225862069,0.1235532535846397,0.084012063630881942,1.086225361209475,1.0339823005332285,1.0227692814894422,0.98915550194814394,,1.0189242349193179,False,False,False,,-1,,,False,3,0.025369567251904535,0.0241815221970051,0.020140122455165312,0.00092462729907092029
10000,0,single,gaussian_matched,0.050000000000000003,291,23,0.050000000000000003,2.9012340603555655,1-<5%,True,True,4,0.025369567251904535,0.45940510225862069,0.1235532535846397,0.084012063630881942,1.086225361209475,1.0339823005332285,1.0227692814894422,0.98915550194814394,0.92511411247850006,1.0189242349193179,True,True,False,2>3>1>4,8,0,0.76278551225263946,True,3,0.025369567251904535,0.0241815221970051,0.020140122455165312,0.00092462729907092029
10000,0,single,gaussian_matched,0.050000000000000003,291,24,0.02,2.9012340603555655,1-<5%,True,False,3,0.025386850225591399,0.48489859452849132,-0.01926450710553948,0.070891638377091004,1.086225361209475,1.1556560141569838,1.1105289381422794,0.96095111740700512,,1.0876385497056511,False,False,False,,-1,,,False,3,0.012014534407446974,0.025386850225591399,0.015531619918080499,0.0051528215987020247
10000,0,single,gaussian_matched,0.050000000000000003,291,24,0.050000000000000003,2.9012340603555655,1-<5%,True,True,4,0.025386850225591399,0.48489859452849132,-0.01926450710553948,0.070891638377091004,1.086225361209475,1.1556560141569838,1.1105289381422794,0.96095111740700512,0.9221315986439077,1.0876385497056511,True,True,False,2>3>1>4,8,0,0,True,3,0.012014534407446974,0.025386850225591399,0.015531619918080499,0.0051528215987020247
10000,0,single,gaussian_matched,0.050000000000000003,291,25,0.02,2.9012340603555655,1-<5%,True,True,4,0.016612650215672386,0.52049191607914935,0.042896262043977194,0.021688285260544202,1.086225361209475,1.0845775264376691,1.0659652160455306,0.98283911482725328,0.96234673608101051,1.001314773294383,True,True,False,2>3>1>4,8,0,0,True,3,0.016612650215672386,0.0022492827423378423,0.00083657500430698521,0.0026232605764803891
10000,0,single,gaussian_matched,0.050000000000000003,291,25,0.050000000000000003,2.9012340603555655,1-<5%,True,True,4,0.016612650215672386,0.52049191607914935,0.042896262043977194,0.021688285260544202,1.086225361209475,1.0845775264376691,1.0659652160455306,0.98283911482725328,0.93453420023373723,1.001314773294383,True,True,False,2>3>1>4,8,0,0,True,3,0.016612650215672386,0.0022492827423378423,0.00083657500430698521,0.0026232605764803891
10000,0,single,gaussian_matched,0.050000000000000003,291,26,0.02,2.9012340603555655,1-<5%,True,False,3,0.031838117007563831,0.58104542458498032,0.12904850367525786,0.1132123084273834,1.086225361209475,0.98270488347626683,0.99747865699612959,1.0150337845758957,,1.0225235067120846,False,False,False,,-1,,,False,3,0.031838117007563831,0.010414039362799844,0.016557232233971864,0.0064187061540053022
10000,0,single,gaussian_matched,0.050000000000000003,291,26,0.050000000000000003,2.9012340603555655,1-<5%,True,True,4,0.031838117007563831,0.58104542458498032,0.12904850367525786,0.1132123084273834,1.086225361209475,0.98270488347626683,0.99747865699612959,1.0150337845758957,0.95115260731260398,1.0225235067120846,True,True,False,2>3>1>4,8,0,0,True,3,0.031838117007563831,0.010414039362799844,0.016557232233971864,0.0064187061540053022
10000,0,single,gaussian_matched,0.050000000000000003,291,27,0.02,2.9012340603555655,1-<5%,True,False,3,0.025064905993857332,0.57048529336350717,0.085552632043306293,0.078944070238026104,1.086225361209475,1.0273219815303083,1.0306005367034765,1.0031913608704104,,1.0214681470022597,False,False,False,,-1,,,False,3,0.025064905993857332,0.012955644389594718,0.0070126261797368653,0.0056046736475811303
10000,0,single,gaussian_matched,0.050000000000000003,291,27,0.050000000000000003,2.9012340603555655,1-<5%,True,True,4,0.025064905993857332,0.57048529336350717,0.085552632043306293,0.078944070238026104,1.086225361209475,1.0273219815303083,1.0306005367034765,1.0031913608704104,0.948169121368998,1.0214681470022597,True,True,False,2>3>1>4,8,0,0,True,3,0.025064905993857332,0.012955644389594718,0.0070126261797368653,0.0056046736475811303
10000,0,single,gaussian_matched,0.050000000000000003,291,28,0.02,2.9012340603555655,1-<5%,True,True,4,0.016187303085084061,0.46181733925204743,0.050410880476335365,0.038184871409487176,1.086225361209475,1.1026638712886334,1.0703737464797058,0.97071625755617474,0.94867207396850961,1.0205604264798704,True,True,False,2>3>1>4,8,0,0.040152429889128705,True,3,0.010281527021879509,0.016187303085084061,0.001535862665326826,0.001008248153343801
10000,0,single,gaussian_matched,0.050000000000000003,291,28,0.050000000000000003,2.9012340603555655,1-<5%,True,True,4,0.016187303085084061,0.46181733925204743,0.050410880476335365,0.038184871409487176,1.086225361209475,1.1026638712886334,1.0703737464797058,0.97071625755617474,0.92146342671067683,1.0205604264798704,True,True,False,2>3>1>4,8,0,0.040152429889128705,True,3,0.010281527021879509,0.016187303085084061,0.001535862665326826,0.001008248153343801
10000,0,single,gaussian_matched,0.050000000000000003,291,29,0.02,2.9012340603555655,1-<5%,True,False,3,0.024759767740596083,0.56980088214318103,0.082862071703911494,0.07714971746312016,1.086225361209475,1.0300925072596621,1.0325836721872743,1.002418389523325,,1.0216419440020661,False,False,False,,-1,,,False,3,0.024759767740596083,0.013115087195112434,0.006436143644538427,0.0055576265814294128
10000,0,single,gaussian_matched,0.050000000000000003,291,29,0.050000000000000003,2.9012340603555655,1-<5%,True,True,4,0.024759767740596083,0.56980088214318103,0.082862071703911494,0.07714971746312016,1.086225361209475,1.0300925072596621,1.0325836721872743,1.002418389523325,0.94788703456770218,1.0216419440020661,True,True,False,2>3>1>4,8,0,0,True,3,0.024759767740596083,0.013115087195112434,0.006436143644538427,0.0055576265814294128
10000,0,single,gaussian_matched,0.050000000000000003,291,30,0.02,2.9012340603555655,1-<5%,True,False,3,0.023399602480898993,0.50233896056906724,0.10931829291572447,0.059364388407355279,1.086225361209475,1.0320134754921289,1.0238739819085492,0.9921129968000677,,0.99725011862156809,False,False,False,,-1,,,False,3,0.023399602480898993,0.0099171735124000439,0.015828343575214572,0.0017196753852652777
10000,0,single,gaussian_matched,0.050000000000000003,291,30,0.050000000000000003,2.9012340603555655,1-<5%,True,True,4,0.023399602480898993,0.50233896056906724,0.10931829291572447,0.059364388407355279,1.086225361209475,1.0320134754921289,1.0238739819085492,0.9921129968000677,0.93130216301115532,0.99725011862156809,True,True,False,2>3>1>4,8,0,0,True,3,0.023399602480898993,0.0099171735124000439,0.015828343575214572,0.0017196753852652777
10000,0,single,gaussian_matched,0.050000000000000003,291,31,0.02,2.9012340603555655,1-<5%,True,False,3,0.022452174999615042,0.53508857660642883,0.091342757201590255,0.054225748323973068,1.086225361209475,1.0342307178569194,1.0309874292965464,0.99686405701902414,,0.99906816428238376,False,False,False,,-1,,,False,3,0.022452174999615042,0.0020280335675935384,0.010095961009857645,0.0035999959263382625
10000,0,single,gaussian_matched,0.050000000000000003,291,31,0.050000000000000003,2.9012340603555655,1-<5%,True,True,4,0.022452174999615042,0.53508857660642883,0.091342757201590255,0.054225748323973068,1.086225361209475,1.0342307178569194,1.0309874292965464,0.99686405701902414,0.93998854160983736,0.99906816428238376,True,True,False,2>3>1>4,8,0,0,True,3,0.022452174999615042,0.0020280335675935384,0.010095961009857645,0.0035999959263382625
10000,0,single,gaussian_matched,0.050000000000000003,292,0,0.02,9.3779253336834429,5-<10%,True,False,0,0.077348285326884758,0.5295863212888624,0.16851141991829255,0.12214870878751712,1.1231885593845226,1.0152329171268706,0.9976494272049633,0.98268033903818952,,0.99698142990888372,False,False,False,,-1,,,False,1,0.077348285326884758,0.031529654387896511,0.032129238090713469,0.06010301024099917
10000,0,single,gaussian_matched,0.050000000000000003,292,0,0.050000000000000003,9.3779253336834429,5-<10%,True,False,2,0.077348285326884758,0.5295863212888624,0.16851141991829255,0.12214870878751712,1.1231885593845226,1.0152329171268706,0.9976494272049633,0.98268033903818952,,0.99698142990888372,False,False,False,,-1,,,False,1,0.077348285326884758,0.031529654387896511,0.032129238090713469,0.06010301024099917
10000,0,single,gaussian_matched,0.050000000000000003,292,1,0.02,9.3779253336834429,5-<10%,True,False,2,0.051412235870316306,0.43679002542932066,0.075313207300868171,0.068090082604463434,1.1231885593845226,1.1459665545362698,1.0846351945102188,0.94648067189808216,,1.0262972031573623,False,False,False,,-1,,,False,1,0.0080586524951555792,0.01725144628218651,0.043849174622147276,0.051412235870316306
10000,0,single,gaussian_matched,0.050000000000000003,292,1,0.050000000000000003,9.3779253336834429,5-<10%,True,False,3,0.051412235870316306,0.43679002542932066,0.075313207300868171,0.068090082604463434,1.1231885593845226,1.1459665545362698,1.0846351945102188,0.94648067189808216,,1.0262972031573623,False,False,False,,-1,,,False,1,0.0080586524951555792,0.01725144628218651,0.043849174622147276,0.051412235870316306
10000,0,single,gaussian_matched,0.050000000000000003,292,2,0.02,9.3779253336834429,5-<10%,True,False,3,0.035862146395540993,0.52455259994523307,0.069033233926412946,0.031065964619953708,1.1231885593845226,1.0940824450825464,1.0783024010361011,0.98557691505117362,,0.98769557113719109,False,False,False,,-1,,,False,1,0.018920968749195011,0.012455961534864697,0.0047293837578675996,0.035862146395540993
10000,0,single,gaussian_matched,0.050000000000000003,292,2,0.050000000000000003,9.3779253336834429,5-<10%,True,True,4,0.035862146395540993,0.52455259994523307,0.069033233926412946,0.031065964619953708,1.1231885593845226,1.0940824450825464,1.0783024010361011,0.98557691505117362,0.93885919802582096,0.98769557113719109,True,True,False,3>1>4>2,13,0,0,True,1,0.018920968749195011,0.012455961534864697,0.0047293837578675996,0.035862146395540993
10000,0,single,gaussian_matched,0.050000000000000003,292,3,0.02,9.3779253336834429,5-<10%,True,False,3,0.038112625436267769,0.49986657310173377,0.062186736174712876,0.012187466567307428,1.1231885593845226,1.1131754895452517,1.0873850760059842,0.97683167318945974,,0.97897412984319221,False,False,False,,-1,,,False,1,0.0089887070083065294,0.012020450843952436,0.0072697113766540498,0.038112625436267769
10000,0,single,gaussian_matched,0.050000000000000003,292,3,0.050000000000000003,9.3779253336834429,5-<10%,True,True,4,0.038112625436267769,0.49986657310173377,0.062186736174712876,0.012187466567307428,1.1231885593845226,1.1131754895452517,1.0873850760059842,0.97683167318945974,0.93299195274087243,0.97897412984319221,True,True,False,3>1>4>2,13,0,0,True,1,0.0089887070083065294,0.012020450843952436,0.0072697113766540498,0.038112625436267769
10000,0,single,gaussian_matched,0.050000000000000003,292,4,0.02,9.3779253336834429,5-<10%,True,False,3,0.030546071269517625,0.51807437875961948,0.040569439475325063,0.020386727038829482,1.1231885593845226,1.122116150153496,1.1019060679773083,0.98198931351854879,,0.99920248086494423,False,False,False,,-1,,,False,1,0.0069320188668707226,0.0077939269692432547,0.011196473458893595,0.030546071269517625
10000,0,single,gaussian_matched,0.050000000000000003,292,4,0.050000000000000003,9.3779253336834429,5-<10%,True,True,4,0.030546071269517625,0.51807437875961948,0.040569439475325063,0.020386727038829482,1.1231885593845226,1.122116150153496,1.1019060679773083,0.98198931351854879,0.9412275217179894,0.99920248086494423,True,True,False,3>1>4>2,13,0,0,True,1,0.0069320188668707226,0.0077939269692432547,0.011196473458893595,0.030546071269517625
10000,0,single,gaussian_matched,0.050000000000000003,292,5,0.02,9.3779253336834429,5-<10%,True,False,2,0.04571172918905813,0.50033681034975663,-0.010010959605503036,0.060011904768845825,1.1231885593845226,1.175232655292106,1.1452473270521071,0.97448562367206693,,1.0730693628872101,False,False,False,,-1,,,False,1,0.0085798842662923053,0.017501567918569737,0.04571172918905813,0.023817735953013452
10000,0,single,gaussian_matched,0.050000000000000003,292,5,0.050000000000000003,9.3779253336834429,5-<10%,True,True,4,0.04571172918905813,0.50033681034975663,-0.010010959605503036,0.060011904768845825,1.1231885593845226,1.175232655292106,1.1452473270521071,0.97448562367206693,0.94677106283351675,1.0730693628872101,True,True,False,3>1>4>2,13,0,0,True,1,0.0085798842662923053,0.017501567918569737,0.04571172918905813,0.023817735953013452
10000,0,single,gaussian_matched,0.050000000000000003,292,6,0.02,9.3779253336834429,5-<10%,True,False,2,0.039865185470643605,0.59328604464894785,0.065385695652852904,0.094546315406618092,1.1231885593845226,1.0739816194035889,1.0712723928435455,0.99747739950936221,,1.0379545789613467,False,False,False,,-1,,,False,1,0.039865185470643605,0.0091374813949896983,0.0074810531424978023,0.02412614419098982
10000,0,single,gaussian_matched,0.050000000000000003,292,6,0.050000000000000003,9.3779253336834429,5-<10%,True,True,4,0.039865185470643605,0.59328604464894785,0.065385695652852904,0.094546315406618092,1.1231885593845226,1.0739816194035889,1.0712723928435455,0.99747739950936221,0.94728602583163657,1.0379545789613467,True,True,False,3>1>4>2,13,0,0,True,1,0.039865185470643605,0.0091374813949896983,0.0074810531424978023,0.02412614419098982
10000,0,single,gaussian_matched,0.050000000000000003,292,7,0.02,9.3779253336834429,5-<10%,True,False,3,0.029976850992785214,0.53598758964132998,0.050867454869186021,0.035998042809892251,1.1231885593845226,1.1049294567942096,1.0909857005667571,0.98738041044909031,,1.0033789375438498,False,False,False,,-1,,,False,1,0.015408358989459211,0.0082443996620978986,0.0033657005333105876,0.029976850992785214
10000,0,single,gaussian_matched,0.050000000000000003,292,7,0.050000000000000003,9.3779253336834429,5-<10%,True,True,4,0.029976850992785214,0.53598758964132998,0.050867454869186021,0.035998042809892251,1.1231885593845226,1.1049294567942096,1.0909857005667571,0.98738041044909031,0.94338785654387702,1.0033789375438498,True,True,False,3>1>4>2,13,0,0,True,1,0.015408358989459211,0.0082443996620978986,0.0033657005333105876,0.029976850992785214
10000,0,single,gaussian_matched,0.050000000000000003,292,8,0.02,9.3779253336834429,5-<10%,True,False,2,0.037731087643748565,0.54366255098933736,0.08877932834561536,0.058397385779104284,1.1231885593845226,1.0675364303729591,1.0599022537508156,0.99284879053778385,,0.99564728485368326,False,False,False,,-1,,,False,1,0.033964886744207549,0.015950064349402215,0.008952834883764433,0.037731087643748565
10000,0,single,gaussian_matched,0.050000000000000003,292,8,0.050000000000000003,9.3779253336834429,5-<10%,True,True,4,0.037731087643748565,0.54366255098933736,0.08877932834561536,0.058397385779104284,1.1231885593845226,1.0675364303729591,1.0599022537508156,0.99284879053778385,0.94173252580697009,0.99564728485368326,True,True,False,3>1>4>2,13,0,0,True,1,0.033964886744207549,0.015950064349402215,0.008952834883764433,0.037731087643748565
10000,0,single,gaussian_matched,0.050000000000000003,292,9,0.02,9.3779253336834429,5-<10%,True,False,0,0.052838826085158559,0.49110475361698974,0.11549725885276629,0.066098534971969908,1.1231885593845226,1.0786753136014968,1.0449276923857116,0.96871382816474383,,0.98917160264390003,False,False,False,,-1,,,False,1,0.040985766232773765,0.023416347837069897,0.028725538459414651,0.052838826085158559
10000,0,single,gaussian_matched,0.050000000000000003,292,9,0.050000000000000003,9.3779253336834429,5-<10%,True,False,3,0.052838826085158559,0.49110475361698974,0.11549725885276629,0.066098534971969908,1.1231885593845226,1.0786753136014968,1.0449276923857116,0.96871382816474383,,0.98917160264390003,False,False,False,,-1,,,False,1,0.040985766232773765,0.023416347837069897,0.028725538459414651,0.052838826085158559
10000,0,single,gaussian_matched,0.050000000000000003,292,10,0.02,9.3779253336834429,5-<10%,True,False,0,0.057052966106310277,0.45702926802801624,0.11063403579433392,0.074316687916756857,1.1231885593845226,1.1079909989011563,1.05268667271136,0.95008594271555991,,1.0033964032234131,False,False,False,,-1,,,False,1,0.034117244357359536,0.023709028115315257,0.043644868101945962,0.057052966106310277
10000,0,single,gaussian_matched,0.050000000000000003,292,10,0.050000000000000003,9.3779253336834429,5-<10%,True,False,3,0.057052966106310277,0.45702926802801624,0.11063403579433392,0.074316687916756857,1.1231885593845226,1.1079909989011563,1.05268667271136,0.95008594271555991,,1.0033964032234131,False,False,False,,-1,,,False,1,0.034117244357359536,0.023709028115315257,0.043644868101945962,0.057052966106310277
10000,0,single,gaussian_matched,0.050000000000000003,292,11,0.02,9.3779253336834429,5-<10%,True,False,2,0.04532144543938281,0.46599082156883337,0.069998121342860556,0.03945312503220378,1.1231885593845226,1.1285497328210032,1.0857660384657859,0.96208966861542544,,1.0018078924473555,False,False,False,,-1,,,False,1,0.0083354202412008454,0.015002429345271951,0.026583851296410176,0.04532144543938281
10000,0,single,gaussian_matched,0.050000000000000003,292,11,0.050000000000000003,9.3779253336834429,5-<10%,True,True,4,0.04532144543938281,0.46599082156883337,0.069998121342860556,0.03945312503220378,1.1231885593845226,1.1285497328210032,1.0857660384657859,0.96208966861542544,0.91949824150634896,1.0018078924473555,True,True,False,3>1>4>2,13,0,0,True,1,0.0083354202412008454,0.015002429345271951,0.026583851296410176,0.04532144543938281
10000,0,single,gaussian_matched,0.050000000000000003,292,12,0.02,9.3779253336834429,5-<10%,True,False,3,0.041111998396625715,0.50468169177768818,0.07768289133333571,0.028075981024258907,1.1231885593845226,1.0977883717168235,1.0741329460438258,0.97845174326632445,,0.98132136216920329,False,False,False,,-1,,,False,1,0.019338310530361589,0.015115951363405437,0.0081576208325166103,0.041111998396625715
10000,0,single,gaussian_matched,0.050000000000000003,292,12,0.050000000000000003,9.3779253336834429,5-<10%,True,True,4,0.041111998396625715,0.50468169177768818,0.07768289133333571,0.028075981024258907,1.1231885593845226,1.0977883717168235,1.0741329460438258,0.97845174326632445,0.93174698060330408,0.98132136216920329,True,True,False,3>1>4>2,13,0,0,True,1,0.019338310530361589,0.015115951363405437,0.0081576208325166103,0.041111998396625715
10000,0,single,gaussian_matched,0.050000000000000003,292,13,0.02,9.3779253336834429,5-<10%,True,False,2,0.04565045320532133,0.5081595325392172,0.097777806612958457,0.04846954482975676,1.1231885593845226,1.0798060821183444,1.0573326950143611,0.97918757129067524,,0.9845205692355592,False,False,False,,-1,,,False,1,0.032243294148434611,0.019228706027707029,0.013147954356437485,0.04565045320532133
10000,0,single,gaussian_matched,0.050000000000000003,292,13,0.050000000000000003,9.3779253336834429,5-<10%,True,True,4,0.04565045320532133,0.5081595325392172,0.097777806612958457,0.04846954482975676,1.1231885593845226,1.0798060821183444,1.0573326950143611,0.97918757129067524,0.9296459161941979,0.9845205692355592,True,True,False,3>1>4>2,13,0,0,True,1,0.032243294148434611,0.019228706027707029,0.013147954356437485,0.04565045320532133
10000,0,single,gaussian_matched,0.050000000000000003,292,14,0.02,9.3779253336834429,5-<10%,True,False,2,0.044186077101482701,0.4499735014236792,0.055055824340270627,0.050281327742675012,1.1231885593845226,1.1504123185565041,1.1002591459529871,0.95640417631615127,,1.0243520236051262,False,False,False,,-1,,,False,1,0.0038285593853412485,0.012885219581018126,0.036619001773925422,0.044186077101482701
10000,0,single,gaussian_matched,0.050000000000000003,292,14,0.050000000000000003,9.3779253336834429,5-<10%,True,True,4,0.044186077101482701,0.4499735014236792,0.055055824340270627,0.050281327742675012,1.1231885593845226,1.1504123185565041,1.1002591459529871,0.95640417631615127,0.91756104170640773,1.0243520236051262,True,True,False,3>1>4>2,13,0,0,True,1,0.0038285593853412485,0.012885219581018126,0.036619001773925422,0.044186077101482701
10000,0,single,gaussian_matched,0.050000000000000003,292,15,0.02,9.3779253336834429,5-<10%,True,False,1,0.02671752623419206,0.55198455611450115,0.012707931059111797,0.063977280969994943,1.1231885593845226,1.1348745213927152,1.1183918826150601,0.9854762456404188,,1.052689821051028,False,False,False,,-1,,,False,1,0.02216734775061863,0.0091325394428623478,0.02671752623419206,0.020609810453958113
10000,0,single,gaussian_matched,0.050000000000000003,292,15,0.050000000000000003,9.3779253336834429,5-<10%,True,True,4,0.02671752623419206,0.55198455611450115,0.012707931059111797,0.063977280969994943,1.1231885593845226,1.1348745213927152,1.1183918826150601,0.9854762456404188,0.94945861561096212,1.052689821051028,True,True,False,3>1>4>2,13,0,0,True,1,0.02216734775061863,0.0091325394428623478,0.02671752623419206,0.020609810453958113
10000,0,single,gaussian_matched,0.050000000000000003,292,16,0.02,9.3779253336834429,5-<10%,True,False,2,0.046360789383164278,0.47069120477513382,0.077058990391396937,0.039889778622284308,1.1231885593845226,1.1201909313118552,1.0792382108570733,0.96344130334386635,,0.99638478341749659,False,False,False,,-1,,,False,1,0.013652275230597945,0.01634169887869066,0.025025612742897885,0.046360789383164278
10000,0,single,gaussian_matched,0.050000000000000003,292,16,0.050000000000000003,9.3779253336834429,5-<10%,True,True,4,0.046360789383164278,0.47069120477513382,0.077058990391396937,0.039889778622284308,1.1231885593845226,1.1201909313118552,1.0792382108570733,0.96344130334386635,0.91944427899819559,0.99638478341749659,True,True,False,3>1>4>2,13,0,0,True,1,0.013652275230597945,0.01634169887869066,0.025025612742897885,0.046360789383164278
10000,0,single,gaussian_matched,0.050000000000000003,292,17,0.02,9.3779253336834429,5-<10%,True,False,0,0.052538999770669247,0.49318529323377819,0.11560469634015726,0.065957686513353625,1.1231885593845226,1.0770749652950753,1.0445999941663604,0.96984892215016993,,0.98875444501346244,False,False,False,,-1,,,False,1,0.04129788406034194,0.023363619932461933,0.027687791514343543,0.052538999770669247
10000,0,single,gaussian_matched,0.050000000000000003,292,17,0.050000000000000003,9.3779253336834429,5-<10%,True,False,3,0.052538999770669247,0.49318529323377819,0.11560469634015726,0.065957686513353625,1.1231885593845226,1.0770749652950753,1.0445999941663604,0.96984892215016993,,0.98875444501346244,False,False,False,,-1,,,False,1,0.04129788406034194,0.023363619932461933,0.027687791514343543,0.052538999770669247
10000,0,single,gaussian_matched,0.050000000000000003,292,18,0.02,9.3779253336834429,5-<10%,True,False,0,0.054618919509976542,0.47993277906287368,0.11557965095074321,0.068581221737154516,1.1231885593845226,1.0870072932186936,1.0461261122830123,0.96239107024330106,,0.99244897457911851,False,False,False,,-1,,,False,1,0.039762601929396985,0.023827745364018958,0.034480013847625002,0.054618919509976542
10000,0,single,gaussian_matched,0.050000000000000003,292,18,0.050000000000000003,9.3779253336834429,5-<10%,True,False,3,0.054618919509976542,0.47993277906287368,0.11557965095074321,0.068581221737154516,1.1231885593845226,1.0870072932186936,1.0461261122830123,0.96239107024330106,,0.99244897457911851,False,False,False,,-1,,,False,1,0.039762601929396985,0.023827745364018958,0.034480013847625002,0.054618919509976542
10000,0,single,gaussian_matched,0.050000000000000003,292,19,0.02,9.3779253336834429,5-<10%,True,False,2,0.037905131426310607,0.46102811244810954,0.0350885019987454,0.041727218838530498,1.1231885593845226,1.15818284103961,1.1151775316354104,0.9628682899795018,,1.030018282155486,False,False,False,,-1,,,False,1,0.011855836230195854,0.011078409605970514,0.035837720683367359,0.037905131426310607
10000,0,single,gaussian_matched,0.050000000000000003,292,19,0.050000000000000003,9.3779253336834429,5-<10%,True,True,4,0.037905131426310607,0.46102811244810954,0.0350885019987454,0.041727218838530498,1.1231885593845226,1.15818284103961,1.1151775316354104,0.9628682899795018,0.92709115249994734,1.030018282155486,True,True,False,3>1>4>2,13,0,0,True,1,0.011855836230195854,0.011078409605970514,0.035837720683367359,0.037905131426310607
10000,0,single,gaussian_matched,0.050000000000000003,292,20,0.02,9.3779253336834429,5-<10%,True,False,2,0.03554079235352603,0.55655587255461691,0.085369452787280475,0.066705059110128473,1.1231885593845226,1.0650362968871616,1.0608212620915995,0.99604235573202382,,1.0038620067672184,False,False,False,,-1,,,False,1,0.03554079235352603,0.014737231574893891,0.017047543471306471,0.034826287367034935
10000,0,single,gaussian_matched,0.050000000000000003,292,20,0.050000000000000003,9.3779253336834429,5-<10%,True,True,4,0.03554079235352603,0.55655587255461691,0.085369452787280475,0.066705059110128473,1.1231885593845226,1.0650362968871616,1.0608212620915995,0.99604235573202382,0.94452858910406223,1.0038620067672184,True,True,False,3>1>4>2,13,0,0,True,1,0.03554079235352603,0.014737231574893891,0.017047543471306471,0.034826287367034935
10000,0,single,gaussian_matched,0.050000000000000003,292,21,0.02,9.3779253336834429,5-<10%,True,False,1,0.072978153744912566,0.56808796636191072,-0.065188572057888305,0.13380724306268332,1.1231885593845226,1.206933625242099,1.1792969197155059,0.9771017188115465,,1.1690861269969981,False,False,False,,-1,,,False,1,0.036800541606035228,0.030924168505740271,0.072978153744912566,0.0089734854945399418
10000,0,single,gaussian_matched,0.050000000000000003,292,21,0.050000000000000003,9.3779253336834429,5-<10%,True,False,3,0.072978153744912566,0.56808796636191072,-0.065188572057888305,0.13380724306268332,1.1231885593845226,1.206933625242099,1.1792969197155059,0.9771017188115465,,1.1690861269969981,False,False,False,,-1,,,False,1,0.036800541606035228,0.030924168505740271,0.072978153744912566,0.0089734854945399418
10000,0,single,gaussian_matched,0.050000000000000003,292,22,0.02,9.3779253336834429,5-<10%,True,False,0,0.12809698000668102,0.38379512079767475,-0.02245316693364606,0.13694172245572853,1.1231885593845226,1.2522247065618601,1.1316639901864582,0.90372277775414889,,1.1294681574546566,False,False,False,,-1,,,False,1,0.04914823475634951,0.024858212378825451,0.12809698000668102,0.055087694325168933
10000,0,single,gaussian_matched,0.050000000000000003,292,22,0.050000000000000003,9.3779253336834429,5-<10%,True,False,2,0.12809698000668102,0.38379512079767475,-0.02245316693364606,0.13694172245572853,1.1231885593845226,1.2522247065618601,1.1316639901864582,0.90372277775414889,,1.1294681574546566,False,False,False,,-1,,,False,1,0.04914823475634951,0.024858212378825451,0.12809698000668102,0.055087694325168933
10000,0,single,gaussian_matched,0.050000000000000003,292,23,0.02,9.3779253336834429,5-<10%,True,False,2,0.031741520057200615,0.57631608959125624,0.057255790397677836,0.076660237573305784,1.1231885593845226,1.085390252171434,1.0800008737270739,0.99503461687298356,,1.0298013647273965,False,False,False,,-1,,,False,1,0.031741520057200615,0.0079840144712783299,0.0015225017519256443,0.025100466449629034
10000,0,single,gaussian_matched,0.050000000000000003,292,23,0.050000000000000003,9.3779253336834429,5-<10%,True,True,4,0.031741520057200615,0.57631608959125624,0.057255790397677836,0.076660237573305784,1.1231885593845226,1.085390252171434,1.0800008737270739,0.99503461687298356,0.94746978084436784,1.0298013647273965,True,True,False,3>1>4>2,13,0,0,True,1,0.031741520057200615,0.0079840144712783299,0.0015225017519256443,0.025100466449629034
10000,0,single,gaussian_matched,0.050000000000000003,292,24,0.02,9.3779253336834429,5-<10%,True,False,1,0.047623544776527783,0.47670640831932121,0.085781802932174023,0.042695770685901961,1.1231885593845226,1.1097334318196101,1.0711795240780213,0.96525840653608797,,0.99170819134259813,False,False,False,,-1,,,False,1,0.020179412462444975,0.017964833879478712,0.024592943136626293,0.047623544776527783
10000,0,single,gaussian_matched,0.050000000000000003,292,24,0.050000000000000003,9.3779253336834429,5-<10%,True,True,4,0.047623544776527783,0.47670640831932121,0.085781802932174023,0.042695770685901961,1.1231885593845226,1.1097334318196101,1.0711795240780213,0.96525840653608797,0.91963674426394348,0.99170819134259813,True,True,False,3>1>4>2,13,0,0,True,1,0.020179412462444975,0.017964833879478712,0.024592943136626293,0.047623544776527783
10000,0,single,gaussian_matched,0.050000000000000003,292,25,0.02,9.3779253336834429,5-<10%,True,False,2,0.042668675840806629,0.53001390716929508,0.099596219971441274,0.057970851805218916,1.1231885593845226,1.0652673057963686,1.0530552109877744,0.98853612164557636,,0.98917145612826218,False,False,False,,-1,,,False,1,0.037074188666996966,0.018785615974390338,0.0020383837340941374,0.042668675840806629
10000,0,single,gaussian_matched,0.050000000000000003,292,25,0.050000000000000003,9.3779253336834429,5-<10%,True,True,4,0.042668675840806629,0.53001390716929508,0.099596219971441274,0.057970851805218916,1.1231885593845226,1.0652673057963686,1.0530552109877744,0.98853612164557636,0.93706489344214416,0.98917145612826218,True,True,False,3>1>4>2,13,0,0,True,1,0.037074188666996966,0.018785615974390338,0.0020383837340941374,0.042668675840806629
10000,0,single,gaussian_matched,0.050000000000000003,292,26,0.02,9.3779253336834429,5-<10%,True,False,2,0.054860165608155327,0.4207474308988986,0.077207160301193317,0.083792596813678483,1.1231885593845226,1.157137911323046,1.0836738226053666,0.93651224456583382,,1.039421573220783,False,False,False,,-1,,,False,1,0.0072862875881974359,0.018368662134622224,0.054199448198655686,0.054860165608155327
10000,0,single,gaussian_matched,0.050000000000000003,292,26,0.050000000000000003,9.3779253336834429,5-<10%,True,False,2,0.054860165608155327,0.4207474308988986,0.077207160301193317,0.083792596813678483,1.1231885593845226,1.157137911323046,1.0836738226053666,0.93651224456583382,,1.039421573220783,False,False,False,,-1,,,False,1,0.0072862875881974359,0.018368662134622224,0.054199448198655686,0.054860165608155327
10000,0,single,gaussian_matched,0.050000000000000003,292,27,0.02,9.3779253336834429,5-<10%,True,False,2,0.043732660451252708,0.46869110588832552,0.065320602460318233,0.034856386936157821,1.1231885593845226,1.1301647105510397,1.089298566702118,0.96384054158884824,,1.0008604025082688,False,False,False,,-1,,,False,1,0.0056044381336529349,0.013895792846712638,0.024871372739226325,0.043732660451252708
10000,0,single,gaussian_matched,0.050000000000000003,292,27,0.050000000000000003,9.3779253336834429,5-<10%,True,True,4,0.043732660451252708,0.46869110588832552,0.065320602460318233,0.034856386936157821,1.1231885593845226,1.1301647105510397,1.089298566702118,0.96384054158884824,0.92177594284190889,1.0008604025082688,True,True,False,3>1>4>2,13,0,0,True,1,0.0056044381336529349,0.013895792846712638,0.024871372739226325,0.043732660451252708
10000,0,single,gaussian_matched,0.050000000000000003,292,28,0.02,9.3779253336834429,5-<10%,True,False,3,0.044870558667299873,0.6157215391084756,0.047042131725651672,0.11575933482170173,1.1231885593845226,1.090159886172146,1.0825581350143481,0.99302693920935781,,1.06688895628771,False,False,False,,-1,,,False,1,0.044870558667299873,0.0047043188614977298,0.0025510157368719174,0.016832761173862659
10000,0,single,gaussian_matched,0.050000000000000003,292,28,0.050000000000000003,9.3779253336834429,5-<10%,True,True,4,0.044870558667299873,0.6157215391084756,0.047042131725651672,0.11575933482170173,1.1231885593845226,1.090159886172146,1.0825581350143481,0.99302693920935781,0.94584518665941097,1.06688895628771,True,True,False,3>1>4>2,13,0,0,True,1,0.044870558667299873,0.0047043188614977298,0.0025510157368719174,0.016832761173862659
10000,0,single,gaussian_matched,0.050000000000000003,292,29,0.02,9.3779253336834429,5-<10%,True,False,2,0.028140179773121114,0.50798857796046792,0.020709184936566739,0.030360652577155235,1.1231885593845226,1.1443876094442031,1.1193568577911157,0.97812738319908565,,1.0236193208718984,False,False,False,,-1,,,False,1,0.0059706301279331912,0.0096600735478275437,0.025272231473044967,0.028140179773121114
10000,0,single,gaussian_matched,0.050000000000000003,292,29,0.050000000000000003,9.3779253336834429,5-<10%,True,True,4,0.028140179773121114,0.50798857796046792,0.020709184936566739,0.030360652577155235,1.1231885593845226,1.1443876094442031,1.1193568577911157,0.97812738319908565,0.94246839943129501,1.0236193208718984,True,True,False,3>1>4>2,13,0,0,True,1,0.0059706301279331912,0.0096600735478275437,0.025272231473044967,0.028140179773121114
10000,0,single,gaussian_matched,0.050000000000000003,292,30,0.02,9.3779253336834429,5-<10%,True,False,2,0.049793758332078733,0.62136478256600347,-0.018782271051937638,0.13950057798573998,1.1231885593845226,1.1559135247575856,1.133148831642806,0.98030588566774168,,1.1330683516985998,False,False,False,,-1,,,False,1,0.049793758332078733,0.015785175148424875,0.043076175902348517,0.0081546158160243805
10000,0,single,gaussian_matched,0.050000000000000003,292,30,0.050000000000000003,9.3779253336834429,5-<10%,True,True,4,0.049793758332078733,0.62136478256600347,-0.018782271051937638,0.13950057798573998,1.1231885593845226,1.1559135247575856,1.133148831642806,0.98030588566774168,0.94996127947225517,1.1330683516985998,True,True,False,3>1>4>2,13,0,0,True,1,0.049793758332078733,0.015785175148424875,0.043076175902348517,0.0081546158160243805
10000,0,single,gaussian_matched,0.050000000000000003,292,31,0.02,9.3779253336834429,5-<10%,True,False,0,0.054748000499367462,0.45681883589320305,0.10120057556719861,0.066978443338364807,1.1231885593845226,1.1139803827811916,1.0606225544144849,0.95210164452493129,,1.0039284929778356,False,False,False,,-1,,,False,1,0.02792157788790749,0.021890610037960896,0.03982467134969566,0.054748000499367462
10000,0,single,gaussian_matched,0.050000000000000003,292,31,0.050000000000000003,9.3779253336834429,5-<10%,True,False,3,0.054748000499367462,0.45681883589320305,0.10120057556719861,0.066978443338364807,1.1231885593845226,1.1139803827811916,1.0606225544144849,0.95210164452493129,,1.0039284929778356,False,False,False,,-1,,,False,1,0.02792157788790749,0.021890610037960896,0.03982467134969566,0.054748000499367462
10000,0,single,gaussian_matched,0.050000000000000003,293,0,0.02,12.535442180394725,>=10%,True,True,4,0.011872036960783693,0.54505882659265137,0.051853060865199668,0.045096914400840786,1.5139551331404641,1.473544162368474,1.5008297951871246,1.0185170105623393,1.0075229901140237,1.0211179154174677,True,True,False,3>2>1>4,14,0,0,True,1,0.011872036960783693,0.00030648452034901338,0.00059180569496160393,0.0052189167658868206
10000,0,single,gaussian_matched,0.050000000000000003,293,0,0.050000000000000003,12.535442180394725,>=10%,True,True,4,0.011872036960783693,0.54505882659265137,0.051853060865199668,0.045096914400840786,1.5139551331404641,1.473544162368474,1.5008297951871246,1.0185170105623393,0.98698510429951325,1.0211179154174677,True,True,False,3>2>1>4,14,0,0,True,1,0.011872036960783693,0.00030648452034901338,0.00059180569496160393,0.0052189167658868206
10000,0,single,gaussian_matched,0.050000000000000003,293,1,0.02,12.535442180394725,>=10%,True,False,3,0.039703987014512068,0.43155811697404201,0.0068892814371776662,0.080887733353962835,1.5139551331404641,1.5945879506951508,1.5364528156599588,0.96354222104221454,,1.0682882957429527,False,False,False,,-1,,,False,1,0.0011945128320006429,0.010393984906466305,0.039703987014512068,0.015785462726994746
10000,0,single,gaussian_matched,0.050000000000000003,293,1,0.050000000000000003,12.535442180394725,>=10%,True,True,4,0.039703987014512068,0.43155811697404201,0.0068892814371776662,0.080887733353962835,1.5139551331404641,1.5945879506951508,1.5364528156599588,0.96354222104221454,0.9365451933884692,1.0682882957429527,True,True,False,3>2>1>4,14,0,0,True,1,0.0011945128320006429,0.010393984906466305,0.039703987014512068,0.015785462726994746
10000,0,single,gaussian_matched,0.050000000000000003,293,2,0.02,12.535442180394725,>=10%,True,False,3,0.02416772047770107,0.45516046432900426,0.058066026058979148,0.045559244238404906,1.5139551331404641,1.5510326065601014,1.5131922189060463,0.97560309983554894,,1.0295889415897446,False,False,False,,-1,,,False,1,0.0078868255017103626,0.0054516204743246212,0.02416772047770107,0.011185406332904132
10000,0,single,gaussian_matched,0.050000000000000003,293,2,0.050000000000000003,12.535442180394725,>=10%,True,True,4,0.02416772047770107,0.45516046432900426,0.058066026058979148,0.045559244238404906,1.5139551331404641,1.5510326065601014,1.5131922189060463,0.97560309983554894,0.94454279645367101,1.0295889415897446,True,True,False,3>2>1>4,14,0,0,True,1,0.0078868255017103626,0.0054516204743246212,0.02416772047770107,0.011185406332904132
10000,0,single,gaussian_matched,0.050000000000000003,293,3,0.02,12.535442180394725,>=10%,True,True,4,0.010301001916297388,0.53915963052071814,0.04703925545834705,0.039271397616587156,1.5139551331404641,1.4810677897590891,1.5035271913236481,1.01516433057275,1.0044154732961816,1.0190517243004023,True,True,False,3>2>1>4,14,0,0,True,1,0.010301001916297388,0.0011145025852747827,0.0018328190828610274,0.0057803544999660518
10000,0,single,gaussian_matched,0.050000000000000003,293,3,0.050000000000000003,12.535442180394725,>=10%,True,True,4,0.010301001916297388,0.53915963052071814,0.04703925545834705,0.039271397616587156,1.5139551331404641,1.4810677897590891,1.5035271913236481,1.01516433057275,0.9839261176280778,1.0190517243004023,True,True,False,3>2>1>4,14,0,0,True,1,0.010301001916297388,0.0011145025852747827,0.0018328190828610274,0.0057803544999660518
10000,0,single,gaussian_matched,0.050000000000000003,293,4,0.02,12.535442180394725,>=10%,True,False,3,0.035228326892879067,0.63887023651409125,0.10902450469358825,0.15089345494024273,1.5139551331404641,1.3637125563526578,1.4675279396476206,1.0761270275112991,,1.0690022175430656,False,False,False,,-1,,,False,1,0.035228326892879067,0.0032064050912752611,0.013925533587297321,0.0064301585575843832
10000,0,single,gaussian_matched,0.050000000000000003,293,4,0.050000000000000003,12.535442180394725,>=10%,True,True,4,0.035228326892879067,0.63887023651409125,0.10902450469358825,0.15089345494024273,1.5139551331404641,1.3637125563526578,1.4675279396476206,1.0761270275112991,1.0425745933011985,1.0690022175430656,True,True,False,3>2>1>4,14,0,0,True,1,0.035228326892879067,0.0032064050912752611,0.013925533587297321,0.0064301585575843832
10000,0,single,gaussian_matched,0.050000000000000003,293,5,0.02,12.535442180394725,>=10%,True,False,3,0.0225599170213347,0.57242082369183966,0.093694649684823855,0.084581310673718005,1.5139551331404641,1.429622170696212,1.4810643892776867,1.035983086745516,,1.0341427336117397,False,False,False,,-1,,,False,1,0.0225599170213347,0.0076479071411527655,0.0017580037602254828,0.0012076941688805259
10000,0,single,gaussian_matched,0.050000000000000003,293,5,0.050000000000000003,12.535442180394725,>=10%,True,True,4,0.0225599170213347,0.57242082369183966,0.093694649684823855,0.084581310673718005,1.5139551331404641,1.429622170696212,1.4810643892776867,1.035983086745516,1.0018038625794738,1.0341427336117397,True,True,False,3>2>1>4,14,0,0,True,1,0.0225599170213347,0.0076479071411527655,0.0017580037602254828,0.0012076941688805259
10000,0,single,gaussian_matched,0.050000000000000003,293,6,0.02,12.535442180394725,>=10%,True,False,3,0.024354464699201127,0.48902195912852625,0.097583201459071164,0.048833169490319794,1.5139551331404641,1.5048797217208625,1.492585160802373,0.99183020360960783,,1.0181400337110789,False,False,False,,-1,,,False,1,0.015301695718515753,0.01668503213818251,0.024354464699201127,0.0067347950718977595
10000,0,single,gaussian_matched,0.050000000000000003,293,6,0.050000000000000003,12.535442180394725,>=10%,True,True,4,0.024354464699201127,0.48902195912852625,0.097583201459071164,0.048833169490319794,1.5139551331404641,1.5048797217208625,1.492585160802373,0.99183020360960783,0.95732310756423133,1.0181400337110789,True,True,False,3>2>1>4,14,0,0,True,1,0.015301695718515753,0.01668503213818251,0.024354464699201127,0.0067347950718977595
10000,0,single,gaussian_matched,0.050000000000000003,293,7,0.02,12.535442180394725,>=10%,True,False,3,0.049631162172885997,0.41288513929781018,0.075875161854834297,0.090876415841382133,1.5139551331404641,1.583871233590487,1.5148510082390341,0.95642308295795575,,1.0606175763938162,False,False,False,,-1,,,False,1,0.0098849980010721518,0.011005257653926345,0.049631162172885997,0.014731715318239873
10000,0,single,gaussian_matched,0.050000000000000003,293,7,0.050000000000000003,12.535442180394725,>=10%,True,True,4,0.049631162172885997,0.41288513929781018,0.075875161854834297,0.090876415841382133,1.5139551331404641,1.583871233590487,1.5148510082390341,0.95642308295795575,0.92571386889339435,1.0606175763938162,True,True,False,3>2>1>4,14,0,0,True,1,0.0098849980010721518,0.011005257653926345,0.049631162172885997,0.014731715318239873
10000,0,single,gaussian_matched,0.050000000000000003,293,8,0.02,12.535442180394725,>=10%,True,True,4,0.010318876388075163,0.5266896999008932,0.056087806288355968,0.027375198012147512,1.5139551331404641,1.4874982437671984,1.501858127658108,1.0096537148538354,0.99822213964703732,1.0100915755000606,True,True,False,3>2>1>4,14,0,0,True,1,0.010318876388075163,0.0023218120780070274,0.0023096948985660386,0.0056951061581118484
10000,0,single,gaussian_matched,0.050000000000000003,293,8,0.050000000000000003,12.535442180394725,>=10%,True,True,4,0.010318876388075163,0.5266896999008932,0.056087806288355968,0.027375198012147512,1.5139551331404641,1.4874982437671984,1.501858127658108,1.0096537148538354,0.97775223341383244,1.0100915755000606,True,True,False,3>2>1>4,14,0,0,True,1,0.010318876388075163,0.0023218120780070274,0.0023096948985660386,0.0056951061581118484
10000,0,single,gaussian_matched,0.050000000000000003,293,9,0.02,12.535442180394725,>=10%,True,True,4,0.013088875514285588,0.51360548948271068,0.078358535728244597,0.03145339238801239,1.5139551331404641,1.4893762868145402,1.4954976900146468,1.0041100447578624,0.9911644046187057,1.0085841046261637,True,True,False,3>2>1>4,14,0,0,True,1,0.013088875514285588,0.0095201661655646402,0.0089782175015953557,0.0054388966689891795
10000,0,single,gaussian_matched,0.050000000000000003,293,9,0.050000000000000003,12.535442180394725,>=10%,True,True,4,0.013088875514285588,0.51360548948271068,0.078358535728244597,0.03145339238801239,1.5139551331404641,1.4893762868145402,1.4954976900146468,1.0041100447578624,0.97069297909409291,1.0085841046261637,True,True,False,3>2>1>4,14,0,0,True,1,0.013088875514285588,0.0095201661655646402,0.0089782175015953557,0.0054388966689891795
10000,0,single,gaussian_matched,0.050000000000000003,293,10,0.02,12.535442180394725,>=10%,True,False,3,0.031543147041175362,0.49082531921601319,-0.012274588740543255,0.062946796346532635,1.5139551331404641,1.5536214609643779,1.5339006959802459,0.98730658305151708,,1.0547521900562318,False,False,False,,-1,,,False,1,0.0026940306170938877,0.015911454858076522,0.031543147041175362,0.012254305606739379
10000,0,single,gaussian_matched,0.050000000000000003,293,10,0.050000000000000003,12.535442180394725,>=10%,True,True,4,0.031543147041175362,0.49082531921601319,-0.012274588740543255,0.062946796346532635,1.5139551331404641,1.5536214609643779,1.5339006959802459,0.98730658305151708,0.96016209708069755,1.0547521900562318,True,True,False,3>2>1>4,14,0,0,True,1,0.0026940306170938877,0.015911454858076522,0.031543147041175362,0.012254305606739379
10000,0,single,gaussian_matched,0.050000000000000003,293,11,0.02,12.535442180394725,>=10%,True,False,3,0.033354470093790209,0.45003844014448185,0.08547554898678103,0.061275378734937429,1.5139551331404641,1.5456530070536723,1.5041370246599162,0.9731401665158379,,1.0339886362072364,False,False,False,,-1,,,False,1,0.012454256126132863,0.014159159082822137,0.033354470093790209,0.010667311873046681
10000,0,single,gaussian_matched,0.050000000000000003,293,11,0.050000000000000003,12.535442180394725,>=10%,True,True,4,0.033354470093790209,0.45003844014448185,0.08547554898678103,0.061275378734937429,1.5139551331404641,1.5456530070536723,1.5041370246599162,0.9731401665158379,0.94037684677518707,1.0339886362072364,True,True,False,3>2>1>4,14,0,0,True,1,0.012454256126132863,0.014159159082822137,0.033354470093790209,0.010667311873046681
10000,0,single,gaussian_matched,0.050000000000000003,293,12,0.02,12.535442180394725,>=10%,True,False,3,0.023138746321586086,0.61071717164636952,0.054028861178793658,0.11079045003866371,1.5139551331404641,1.4173913746947466,1.4921205991094275,1.0527230698230929,,1.0587573000417139,False,False,False,,-1,,,False,1,0.023138746321586086,0.007039767310757397,0.0036889314192082648,0.0069819505391523016
10000,0,single,gaussian_matched,0.050000000000000003,293,12,0.050000000000000003,12.535442180394725,>=10%,True,True,4,0.023138746321586086,0.61071717164636952,0.054028861178793658,0.11079045003866371,1.5139551331404641,1.4173913746947466,1.4921205991094275,1.0527230698230929,1.0223448826824546,1.0587573000417139,True,True,False,3>2>1>4,14,0,0,True,1,0.023138746321586086,0.007039767310757397,0.0036889314192082648,0.0069819505391523016
10000,0,single,gaussian_matched,0.050000000000000003,293,13,0.02,12.535442180394725,>=10%,True,True,4,0.01595514058572484,0.50295942384806114,0.019208410436449688,0.030933479877999721,1.5139551331404641,1.5264202749203293,1.5197042886964485,0.99560017228922659,0.98668450231284266,1.0242296714288299,True,True,False,3>2>1>4,14,0,0,True,1,0.0026344707770406257,0.0070527096103662878,0.01595514058572484,0.009466791959238368
10000,0,single,gaussian_matched,0.050000000000000003,293,13,0.050000000000000003,12.535442180394725,>=10%,True,True,4,0.01595514058572484,0.50295942384806114,0.019208410436449688,0.030933479877999721,1.5139551331404641,1.5264202749203293,1.5197042886964485,0.99560017228922659,0.96628052690584576,1.0242296714288299,True,True,False,3>2>1>4,14,0,0,True,1,0.0026344707770406257,0.0070527096103662878,0.01595514058572484,0.009466791959238368
10000,0,single,gaussian_matched,0.050000000000000003,293,14,0.02,12.535442180394725,>=10%,True,False,2,0.051538068944117894,0.49784092652081585,-0.055488410679881681,0.1055105036764392,1.5139551331404641,1.5737054379958277,1.5503482937432258,0.98515786773772085,,1.0937304291077925,False,False,False,,-1,,,False,1,0.0087393744823499268,0.028086225943747104,0.051538068944117894,0.014882157539870879
10000,0,single,gaussian_matched,0.050000000000000003,293,14,0.050000000000000003,12.535442180394725,>=10%,True,False,3,0.051538068944117894,0.49784092652081585,-0.055488410679881681,0.1055105036764392,1.5139551331404641,1.5737054379958277,1.5503482937432258,0.98515786773772085,,1.0937304291077925,False,False,False,,-1,,,False,1,0.0087393744823499268,0.028086225943747104,0.051538068944117894,0.014882157539870879
10000,0,single,gaussian_matched,0.050000000000000003,293,15,0.02,12.535442180394725,>=10%,True,False,3,0.033920162275934515,0.59821670235970359,0.13663675923134519,0.13096735727853975,1.5139551331404641,1.3889169284502487,1.4615590727185048,1.0523012879894194,,1.051898035243354,False,False,False,,-1,,,False,1,0.033920162275934515,0.015833105805295507,0.013230674928377109,0.0033912464836195109
10000,0,single,gaussian_matched,0.050000000000000003,293,15,0.050000000000000003,12.535442180394725,>=10%,True,True,4,0.033920162275934515,0.59821670235970359,0.13663675923134519,0.13096735727853975,1.5139551331404641,1.3889169284502487,1.4615590727185048,1.0523012879894194,1.015398003265233,1.051898035243354,True,True,False,3>2>1>4,14,0,0,True,1,0.033920162275934515,0.015833105805295507,0.013230674928377109,0.0033912464836195109
10000,0,single,gaussian_matched,0.050000000000000003,293,16,0.02,12.535442180394725,>=10%,True,True,4,0.017437373919446043,0.54739135356278024,0.013294662093651509,0.059943491918069525,1.5139551331404641,1.4925713167393004,1.5157723004936046,1.0155443049816806,1.0070511341903228,1.040794246750957,True,True,False,3>2>1>4,14,0,0,True,1,0.0067922941604524776,0.010828084454896997,0.017437373919446043,0.0083403504184119369
10000,0,single,gaussian_matched,0.050000000000000003,293,16,0.050000000000000003,12.535442180394725,>=10%,True,True,4,0.017437373919446043,0.54739135356278024,0.013294662093651509,0.059943491918069525,1.5139551331404641,1.4925713167393004,1.5157723004936046,1.0155443049816806,0.98667751078972454,1.040794246750957,True,True,False,3>2>1>4,14,0,0,True,1,0.0067922941604524776,0.010828084454896997,0.017437373919446043,0.0083403504184119369
10000,0,single,gaussian_matched,0.050000000000000003,293,17,0.02,12.535442180394725,>=10%,True,False,1,0.031270296194939401,0.56166592171024432,0.14652713790050387,0.11454332914507449,1.5139551331404641,1.420550026537698,1.4629851075308187,1.029872289043243,,1.0419915373605269,False,False,False,,-1,,,False,1,0.031270296194939401,0.023140756498409187,0.028854440411456118,0.0011089850558479158
10000,0,single,gaussian_matched,0.050000000000000003,293,17,0.050000000000000003,12.535442180394725,>=10%,True,True,4,0.031270296194939401,0.56166592171024432,0.14652713790050387,0.11454332914507449,1.5139551331404641,1.420550026537698,1.4629851075308187,1.029872289043243,0.99159676452474632,1.0419915373605269,True,True,False,3>2>1>4,14,0,0,True,1,0.031270296194939401,0.023140756498409187,0.028854440411456118,0.0011089850558479158
10000,0,single,gaussian_matched,0.050000000000000003,293,18,0.02,12.535442180394725,>=10%,True,True,4,0.013955271150926906,0.55627928872515486,0.054846547012295452,0.056487585869390219,1.5139551331404641,1.4623590581183739,1.4981372094202008,1.0244660510038233,1.013459714578006,1.0268631885178552,True,True,False,3>2>1>4,14,0,0,True,1,0.013955271150926906,0.00056888765404953677,0.0022984943591816214,0.0047583405547822121
10000,0,single,gaussian_matched,0.050000000000000003,293,18,0.050000000000000003,12.535442180394725,>=10%,True,True,4,0.013955271150926906,0.55627928872515486,0.054846547012295452,0.056487585869390219,1.5139551331404641,1.4623590581183739,1.4981372094202008,1.0244660510038233,0.99283631427514174,1.0268631885178552,True,True,False,3>2>1>4,14,0,0,True,1,0.013955271150926906,0.00056888765404953677,0.0022984943591816214,0.0047583405547822121
10000,0,single,gaussian_matched,0.050000000000000003,293,19,0.02,12.535442180394725,>=10%,True,False,3,0.044735659942713731,0.41519953208586058,0.049061308377032535,0.084805663138849505,1.5139551331404641,1.5913283649271346,1.524023012441915,0.95770492503707649,,1.0626660198598488,False,False,False,,-1,,,False,1,0.0053227582627628995,0.0024282405434538665,0.044735659942713731,0.01547764845043227
10000,0,single,gaussian_matched,0.050000000000000003,293,19,0.050000000000000003,12.535442180394725,>=10%,True,True,4,0.044735659942713731,0.41519953208586058,0.049061308377032535,0.084805663138849505,1.5139551331404641,1.5913283649271346,1.524023012441915,0.95770492503707649,0.92865428282880758,1.0626660198598488,True,True,False,3>2>1>4,14,0,0,True,1,0.0053227582627628995,0.0024282405434538665,0.044735659942713731,0.01547764845043227
10000,0,single,gaussian_matched,0.050000000000000003,293,20,0.02,12.535442180394725,>=10%,True,False,2,0.047699832880880623,0.45602706252109004,0.12705215809416326,0.088716708107842074,1.5139551331404641,1.5275751744937474,1.4879297644189213,0.97404683531338165,,1.0414089810285565,False,False,False,,-1,,,False,1,0.019864042696439519,0.027281280282173071,0.047699832880880623,0.0085169080812405058
10000,0,single,gaussian_matched,0.050000000000000003,293,20,0.050000000000000003,12.535442180394725,>=10%,True,True,4,0.047699832880880623,0.45602706252109004,0.12705215809416326,0.088716708107842074,1.5139551331404641,1.5275751744937474,1.4879297644189213,0.97404683531338165,0.93819165250228542,1.0414089810285565,True,True,False,3>2>1>4,14,0,0,True,1,0.019864042696439519,0.027281280282173071,0.047699832880880623,0.0085169080812405058
10000,0,single,gaussian_matched,0.050000000000000003,293,21,0.02,12.535442180394725,>=10%,True,False,2,0.027079649200278031,0.598900711715463,-0.013974732828344813,0.11778844263459476,1.5139551331404641,1.4704529826187995,1.5213887401658317,1.0346395009899048,,1.0827118630657229,False,False,False,,-1,,,False,1,0.014777107861664113,0.021992714001771552,0.027079649200278031,0.011943543347920317
10000,0,single,gaussian_matched,0.050000000000000003,293,21,0.050000000000000003,12.535442180394725,>=10%,True,True,4,0.027079649200278031,0.598900711715463,-0.013974732828344813,0.11778844263459476,1.5139551331404641,1.4704529826187995,1.5213887401658317,1.0346395009899048,1.0086678636830861,1.0827118630657229,True,True,False,3>2>1>4,14,0,0,True,1,0.014777107861664113,0.021992714001771552,0.027079649200278031,0.011943543347920317
10000,0,single,gaussian_matched,0.050000000000000003,293,22,0.02,12.535442180394725,>=10%,True,False,2,0.04046907338131564,0.475381669611253,-0.028889846329926805,0.082641817774592605,1.5139551331404641,1.5757438451648695,1.5428370858690093,0.97911668232318738,,1.0736638544048522,False,False,False,,-1,,,False,1,0.0056589542250948758,0.020618795244431311,0.04046907338131564,0.014287956380997736
10000,0,single,gaussian_matched,0.050000000000000003,293,22,0.050000000000000003,12.535442180394725,>=10%,True,True,4,0.04046907338131564,0.475381669611253,-0.028889846329926805,0.082641817774592605,1.5139551331404641,1.5757438451648695,1.5428370858690093,0.97911668232318738,0.95324799383875403,1.0736638544048522,True,True,False,3>2>1>4,14,0,0,True,1,0.0056589542250948758,0.020618795244431311,0.04046907338131564,0.014287956380997736
10000,0,single,gaussian_matched,0.050000000000000003,293,23,0.02,12.535442180394725,>=10%,True,False,3,0.037931582913746473,0.48639615545092652,-0.025226238442217649,0.076446396492449151,1.5139551331404641,1.5646108146055975,1.5397075080964577,0.9840833859278818,,1.067504491521124,False,False,False,,-1,,,False,1,0.0048050227964991348,0.019584293528983727,0.037931582913746473,0.013371688460534237
10000,0,single,gaussian_matched,0.050000000000000003,293,23,0.050000000000000003,12.535442180394725,>=10%,True,True,4,0.037931582913746473,0.48639615545092652,-0.025226238442217649,0.076446396492449151,1.5139551331404641,1.5646108146055975,1.5397075080964577,0.9840833859278818,0.95782265799326605,1.067504491521124,True,True,False,3>2>1>4,14,0,0,True,1,0.0048050227964991348,0.019584293528983727,0.037931582913746473,0.013371688460534237
10000,0,single,gaussian_matched,0.050000000000000003,293,24,0.02,12.535442180394725,>=10%,True,False,3,0.028114890188059818,0.65100121445485959,0.02394186938956145,0.15323313263701546,1.5139551331404641,1.4068017013607022,1.5011878412197588,1.0670927109113981,,1.0927807156510219,False,False,False,,-1,,,False,1,0.028114890188059818,0.019105032172332666,0.0081934882392719396,0.012709034776555947
10000,0,single,gaussian_matched,0.050000000000000003,293,24,0.050000000000000003,12.535442180394725,>=10%,True,True,4,0.028114890188059818,0.65100121445485959,0.02394186938956145,0.15323313263701546,1.5139551331404641,1.4068017013607022,1.5011878412197588,1.0670927109113981,1.0404370846302395,1.0927807156510219,True,True,False,3>2>1>4,14,0,0,True,1,0.028114890188059818,0.019105032172332666,0.0081934882392719396,0.012709034776555947
10000,0,single,gaussian_matched,0.050000000000000003,293,25,0.02,12.535442180394725,>=10%,True,False,3,0.030368968335868936,0.49574547813036179,-0.010255555220055147,0.060405570034694191,1.5139551331404641,1.5484145503356863,1.5323623184033495,0.98963311735293569,,1.0520575237484711,False,False,False,,-1,,,False,1,0.002214012651702432,0.015389832835181397,0.030368968335868936,0.011841311956051251
10000,0,single,gaussian_matched,0.050000000000000003,293,25,0.050000000000000003,12.535442180394725,>=10%,True,True,4,0.030368968335868936,0.49574547813036179,-0.010255555220055147,0.060405570034694191,1.5139551331404641,1.5484145503356863,1.5323623184033495,0.98963311735293569,0.96230749703392193,1.0520575237484711,True,True,False,3>2>1>4,14,0,0,True,1,0.002214012651702432,0.015389832835181397,0.030368968335868936,0.011841311956051251
10000,0,single,gaussian_matched,0.050000000000000003,293,26,0.02,12.535442180394725,>=10%,True,True,4,0.0082582548661713304,0.51666466854907422,0.049030046439833289,0.016692872363957729,1.5139551331404641,1.4996731216455745,1.5060869761779621,1.0042768350247884,0.99330570244549798,1.0058289147467336,True,True,False,3>2>1>4,14,0,0,True,1,0.0082582548661713304,0.00097637491539166624,0.0012196716080693714,0.006732099580810667
10000,0,single,gaussian_matched,0.050000000000000003,293,26,0.050000000000000003,12.535442180394725,>=10%,True,True,4,0.0082582548661713304,0.51666466854907422,0.049030046439833289,0.016692872363957729,1.5139551331404641,1.4996731216455745,1.5060869761779621,1.0042768350247884,0.97287416458611298,1.0058289147467336,True,True,False,3>2>1>4,14,0,0,True,1,0.0082582548661713304,0.00097637491539166624,0.0012196716080693714,0.006732099580810667
10000,0,single,gaussian_matched,0.050000000000000003,293,27,0.02,12.535442180394725,>=10%,True,False,3,0.020367086543629547,0.51986560213576183,0.10604418400927833,0.059460850225019769,1.5139551331404641,1.4730194990010721,1.4842429366866909,1.0076193408798932,,1.0196496270728563,False,False,False,,-1,,,False,1,0.018676043995413536,0.016671435927854555,0.020367086543629547,0.0038807870309306098
10000,0,single,gaussian_matched,0.050000000000000003,293,27,0.050000000000000003,12.535442180394725,>=10%,True,True,4,0.020367086543629547,0.51986560213576183,0.10604418400927833,0.059460850225019769,1.5139551331404641,1.4730194990010721,1.4842429366866909,1.0076193408798932,0.97220777314739548,1.0196496270728563,True,True,False,3>2>1>4,14,0,0,True,1,0.018676043995413536,0.016671435927854555,0.020367086543629547,0.0038807870309306098
10000,0,single,gaussian_matched,0.050000000000000003,293,28,0.02,12.535442180394725,>=10%,True,False,2,0.034768520408529673,0.46846021423595602,0.10778103097004749,0.065828607960394983,1.5139551331404641,1.5210156104216435,1.4925951361567114,0.98131480435164398,,1.0293724761079273,False,False,False,,-1,,,False,1,0.016614142819488909,0.020780854673808288,0.034768520408529673,0.0081320819763359663
10000,0,single,gaussian_matched,0.050000000000000003,293,28,0.050000000000000003,12.535442180394725,>=10%,True,True,4,0.034768520408529673,0.46846021423595602,0.10778103097004749,0.065828607960394983,1.5139551331404641,1.5210156104216435,1.4925951361567114,0.98131480435164398,0.94649747435434262,1.0293724761079273,True,True,False,3>2>1>4,14,0,0,True,1,0.016614142819488909,0.020780854673808288,0.034768520408529673,0.0081320819763359663
10000,0,single,gaussian_matched,0.050000000000000003,293,29,0.02,12.535442180394725,>=10%,True,False,2,0.037746996976046138,0.48328585958061399,0.12207364552410349,0.073986301901724186,1.5139551331404641,1.5026427699276257,1.4847095100479906,0.98806552013656657,,1.0295521827760132,False,False,False,,-1,,,False,1,0.019604634233485196,0.024216342775490431,0.037746996976046138,0.0062610620991302131
10000,0,single,gaussian_matched,0.050000000000000003,293,29,0.050000000000000003,12.535442180394725,>=10%,True,True,4,0.037746996976046138,0.48328585958061399,0.12207364552410349,0.073986301901724186,1.5139551331404641,1.5026427699276257,1.4847095100479906,0.98806552013656657,0.95191007202579525,1.0295521827760132,True,True,False,3>2>1>4,14,0,0,True,1,0.019604634233485196,0.024216342775490431,0.037746996976046138,0.0062610620991302131
10000,0,single,gaussian_matched,0.050000000000000003,293,30,0.02,12.535442180394725,>=10%,True,True,4,0.018157844002728147,0.59059716524755212,0.042656032782182877,0.090894335386693031,1.5139551331404641,1.4403509738412512,1.4987892738900124,1.0405722640593027,1.0312826190278406,1.0500202908782075,True,True,False,3>2>1>4,14,0,0,True,1,0.018157844002728147,0.0073766766681684724,0.0021948342838234644,0.006665285989760213
10000,0,single,gaussian_matched,0.050000000000000003,293,30,0.050000000000000003,12.535442180394725,>=10%,True,True,4,0.018157844002728147,0.59059716524755212,0.042656032782182877,0.090894335386693031,1.5139551331404641,1.4403509738412512,1.4987892738900124,1.0405722640593027,1.0104392252645369,1.0500202908782075,True,True,False,3>2>1>4,14,0,0,True,1,0.018157844002728147,0.0073766766681684724,0.0021948342838234644,0.006665285989760213
10000,0,single,gaussian_matched,0.050000000000000003,293,31,0.02,12.535442180394725,>=10%,True,True,4,0.0087846038602055702,0.49019250255991786,0.045215572365944021,0.010912275373300299,1.5139551331404641,1.5248650524411465,1.5117982157256429,0.99143082419353445,0.98098106901927706,1.0057831026605903,True,True,False,3>2>1>4,14,0,0,True,1,0.0063832060046060913,0.00095877502317520517,0.0056483805890971085,0.0087846038602055702
10000,0,single,gaussian_matched,0.050000000000000003,293,31,0.050000000000000003,12.535442180394725,>=10%,True,True,4,0.0087846038602055702,0.49019250255991786,0.045215572365944021,0.010912275373300299,1.5139551331404641,1.5248650524411465,1.5117982157256429,0.99143082419353445,0.96050901122066767,1.0057831026605903,True,True,False,3>2>1>4,14,0,0,True,1,0.0063832060046060913,0.00095877502317520517,0.0056483805890971085,0.0087846038602055702
10000,0,single,gaussian_matched,0.050000000000000003,294,0,0.02,21.029902470585927,>=10%,True,True,4,0.01593470125203501,0.49022941605263232,0.01816168962758314,0.033303788343714086,1.2146096051113091,1.24441701141358,1.2320310877345741,0.9900468062029012,0.97529512706733656,1.0417626130680324,True,True,False,4>3>2>1,23,0,0,True,1,0.0049288384654855725,0.01593470125203501,0.012393815378877309,0.015566619982870532
10000,0,single,gaussian_matched,0.050000000000000003,294,0,0.050000000000000003,21.029902470585927,>=10%,True,True,4,0.01593470125203501,0.49022941605263232,0.01816168962758314,0.033303788343714086,1.2146096051113091,1.24441701141358,1.2320310877345741,0.9900468062029012,0.95093037031474448,1.0417626130680324,True,True,False,4>3>2>1,23,0,0,True,1,0.0049288384654855725,0.01593470125203501,0.012393815378877309,0.015566619982870532
10000,0,single,gaussian_matched,0.050000000000000003,294,1,0.02,21.029902470585927,>=10%,True,True,4,0.014073647457035741,0.46506108840817151,0.05896114508969303,0.03606978880642548,1.2146096051113091,1.2336313331620841,1.2131168795971519,0.9833706772732913,0.96624852212007128,1.0284676353181808,True,True,False,4>3>2>1,23,0,0,True,1,0.002464681156042741,0.01074934772853391,0.0094895543224126841,0.014073647457035741
10000,0,single,gaussian_matched,0.050000000000000003,294,1,0.050000000000000003,21.029902470585927,>=10%,True,True,4,0.014073647457035741,0.46506108840817151,0.05896114508969303,0.03606978880642548,1.2146096051113091,1.2336313331620841,1.2131168795971519,0.9833706772732913,0.94186940369241856,1.0284676353181808,True,True,False,4>3>2>1,23,0,0,True,1,0.002464681156042741,0.01074934772853391,0.0094895543224126841,0.014073647457035741
10000,0,single,gaussian_matched,0.050000000000000003,294,2,0.02,21.029902470585927,>=10%,True,False,3,0.024084148424513407,0.53588728518370377,-0.041260435424478645,0.098063062932594147,1.2146096051113091,1.2622657796717647,1.2606773823469815,0.99874163005100536,,1.1186643342533571,False,False,False,,-1,,,False,1,0.009854805306874638,0.024084148424513407,0.014708022552157505,0.015490444734625191
10000,0,single,gaussian_matched,0.050000000000000003,294,2,0.050000000000000003,21.029902470585927,>=10%,True,True,4,0.024084148424513407,0.53588728518370377,-0.041260435424478645,0.098063062932594147,1.2146096051113091,1.2622657796717647,1.2606773823469815,0.99874163005100536,0.96412730955182935,1.1186643342533571,True,True,False,4>3>2>1,23,0,0,True,1,0.009854805306874638,0.024084148424513407,0.014708022552157505,0.015490444734625191
10000,0,single,gaussian_matched,0.050000000000000003,294,3,0.02,21.029902470585927,>=10%,True,True,4,0.0050713343118908094,0.50354729604199133,0.085815905143581339,0.035991142944668257,1.2146096051113091,1.1871007896592165,1.1840235602228302,0.99740777744973974,0.98206457322046647,1.004450070239395,True,True,False,4>3>2>1,23,0,0,True,1,0.00186695515427213,0.0050713343118908094,0.0012340440444419253,0.0015628153901047143
10000,0,single,gaussian_matched,0.050000000000000003,294,3,0.050000000000000003,21.029902470585927,>=10%,True,True,4,0.0050713343118908094,0.50354729604199133,0.085815905143581339,0.035991142944668257,1.2146096051113091,1.1871007896592165,1.1840235602228302,0.99740777744973974,0.95679103559175072,1.004450070239395,True,True,False,4>3>2>1,23,0,0,True,1,0.00186695515427213,0.0050713343118908094,0.0012340440444419253,0.0015628153901047143
10000,0,single,gaussian_matched,0.050000000000000003,294,4,0.02,21.029902470585927,>=10%,True,True,4,0.01637511637229571,0.56006563627349115,0.076021266246213956,0.065459811777881627,1.2146096051113091,1.154704878843078,1.1731903886246888,1.0160088608962419,1.0043769055764247,1.0197928578780324,True,True,False,4>3>2>1,23,0,0,True,1,0.0066040610349946535,0.0059597837020717945,0.0086665660979807317,0.01637511637229571
10000,0,single,gaussian_matched,0.050000000000000003,294,4,0.050000000000000003,21.029902470585927,>=10%,True,True,4,0.01637511637229571,0.56006563627349115,0.076021266246213956,0.065459811777881627,1.2146096051113091,1.154704878843078,1.1731903886246888,1.0160088608962419,0.97839025641126631,1.0197928578780324,True,True,False,4>3>2>1,23,0,0,True,1,0.0066040610349946535,0.0059597837020717945,0.0086665660979807317,0.01637511637229571
10000,0,single,gaussian_matched,0.050000000000000003,294,5,0.02,21.029902470585927,>=10%,True,True,4,0.015956067539148248,0.51651430609425475,0.014448437316945319,0.039199947895142744,1.2146096051113091,1.2297946317643367,1.2268861692365691,0.99763500144443229,0.98452166571179256,1.0423811171950064,True,True,False,4>3>2>1,23,0,0,True,1,0.0058422046800471221,0.015956067539148248,0.0087993287030864818,0.0088848515620164516
10000,0,single,gaussian_matched,0.050000000000000003,294,5,0.050000000000000003,21.029902470585927,>=10%,True,True,4,0.015956067539148248,0.51651430609425475,0.014448437316945319,0.039199947895142744,1.2146096051113091,1.2297946317643367,1.2268861692365691,0.99763500144443229,0.95986259947746133,1.0423811171950064,True,True,False,4>3>2>1,23,0,0,True,1,0.0058422046800471221,0.015956067539148248,0.0087993287030864818,0.0088848515620164516
10000,0,single,gaussian_matched,0.050000000000000003,294,6,0.02,21.029902470585927,>=10%,True,False,3,0.022821510890924102,0.58132409549666419,0.073863466337627554,0.084753014896212633,1.2146096051113091,1.142731865110262,1.1685999285622495,1.0226370369478508,,1.0318977704310204,False,False,False,,-1,,,False,1,0.0084385298330622721,0.006045366855908384,0.011852171520954753,0.022821510890924102
10000,0,single,gaussian_matched,0.050000000000000003,294,6,0.050000000000000003,21.029902470585927,>=10%,True,True,4,0.022821510890924102,0.58132409549666419,0.073863466337627554,0.084753014896212633,1.2146096051113091,1.142731865110262,1.1685999285622495,1.0226370369478508,0.98623970809627259,1.0318977704310204,True,True,False,4>3>2>1,23,0,0,True,1,0.0084385298330622721,0.006045366855908384,0.011852171520954753,0.022821510890924102
10000,0,single,gaussian_matched,0.050000000000000003,294,7,0.02,21.029902470585927,>=10%,True,True,4,0.0068170506754175247,0.49267155934581708,0.076812380076399164,0.027795858824349495,1.2146096051113091,1.2011992491380405,1.1931078285947081,0.99326388145085942,0.97740209333067651,1.005181979692291,True,True,False,4>3>2>1,23,0,0,True,1,0.0014935340490310693,0.0068170506754175247,0.0020550966687857327,0.0026720968668281059
10000,0,single,gaussian_matched,0.050000000000000003,294,7,0.050000000000000003,21.029902470585927,>=10%,True,True,4,0.0068170506754175247,0.49267155934581708,0.076812380076399164,0.027795858824349495,1.2146096051113091,1.2011992491380405,1.1931078285947081,0.99326388145085942,0.95241509787390377,1.005181979692291,True,True,False,4>3>2>1,23,0,0,True,1,0.0014935340490310693,0.0068170506754175247,0.0020550966687857327,0.0026720968668281059
10000,0,single,gaussian_matched,0.050000000000000003,294,8,0.02,21.029902470585927,>=10%,True,False,2,0.027218084821848905,0.53286045350200351,0.18969038394668958,0.14350335456542779,1.2146096051113091,1.0993930548838424,1.1135557069619759,1.01288224626781,,1.0349490537844088,False,False,False,,-1,,,False,1,0.0073863850258213066,0.011032243814517648,0.0243850633408478,0.027218084821848905
10000,0,single,gaussian_matched,0.050000000000000003,294,8,0.050000000000000003,21.029902470585927,>=10%,True,True,4,0.027218084821848905,0.53286045350200351,0.18969038394668958,0.14350335456542779,1.2146096051113091,1.0993930548838424,1.1135557069619759,1.01288224626781,0.97167754239187309,1.0349490537844088,True,True,False,4>3>2>1,23,0,0,True,1,0.0073863850258213066,0.011032243814517648,0.0243850633408478,0.027218084821848905
10000,0,single,gaussian_matched,0.050000000000000003,294,9,0.02,21.029902470585927,>=10%,True,True,4,0.012984479136625178,0.52849298665108835,0.032310531170178333,0.033537555005997852,1.2146096051113091,1.2084259592947757,1.2113351108321986,1.0024073891453975,0.98955828207376018,1.0249158746971327,True,True,False,4>3>2>1,23,0,0,True,1,0.0055196870577088365,0.012984479136625178,0.0038762267622939554,0.0015298057521896187
10000,0,single,gaussian_matched,0.050000000000000003,294,9,0.050000000000000003,21.029902470585927,>=10%,True,True,4,0.012984479136625178,0.52849298665108835,0.032310531170178333,0.033537555005997852,1.2146096051113091,1.2084259592947757,1.2113351108321986,1.0024073891453975,0.9645832709057871,1.0249158746971327,True,True,False,4>3>2>1,23,0,0,True,1,0.0055196870577088365,0.012984479136625178,0.0038762267622939554,0.0015298057521896187
10000,0,single,gaussian_matched,0.050000000000000003,294,10,0.02,21.029902470585927,>=10%,True,True,4,0.0089455312958758079,0.48107457675402399,0.065543913414359001,0.024490506104864775,1.2146096051113091,1.2173637633978553,1.2038861922183124,0.98892888749873342,0.97258154924535511,1.0113345828601499,True,True,False,4>3>2>1,23,0,0,True,1,0.0019482941215228995,0.0089455312958758079,0.0058293856955756408,0.0075592937476879011
10000,0,single,gaussian_matched,0.050000000000000003,294,10,0.050000000000000003,21.029902470585927,>=10%,True,True,4,0.0089455312958758079,0.48107457675402399,0.065543913414359001,0.024490506104864775,1.2146096051113091,1.2173637633978553,1.2038861922183124,0.98892888749873342,0.94790136380408996,1.0113345828601499,True,True,False,4>3>2>1,23,0,0,True,1,0.0019482941215228995,0.0089455312958758079,0.0058293856955756408,0.0075592937476879011
10000,0,single,gaussian_matched,0.050000000000000003,294,11,0.02,21.029902470585927,>=10%,True,True,4,0.011559231885246806,0.47896018940457485,0.097599870908758296,0.052042495524540502,1.2146096051113091,1.197842083890265,1.184636261895176,0.98897532306412206,0.97206849625434888,1.0181697495356006,True,True,False,4>3>2>1,23,0,0,True,1,6.0482215172707939e-06,0.0045513459886465006,0.00071949469443212822,0.011559231885246806
10000,0,single,gaussian_matched,0.050000000000000003,294,11,0.050000000000000003,21.029902470585927,>=10%,True,True,4,0.011559231885246806,0.47896018940457485,0.097599870908758296,0.052042495524540502,1.2146096051113091,1.197842083890265,1.184636261895176,0.98897532306412206,0.94702278906819071,1.0181697495356006,True,True,False,4>3>2>1,23,0,0,True,1,6.0482215172707939e-06,0.0045513459886465006,0.00071949469443212822,0.011559231885246806
10000,0,single,gaussian_matched,0.050000000000000003,294,12,0.02,21.029902470585927,>=10%,True,True,4,0.014629491297063797,0.56817713965516126,0.016619531826348372,0.075910328856167733,1.2146096051113091,1.1963454247018153,1.2111450459818407,1.0123706924224785,1.0024585884472323,1.0596453127176286,True,True,False,4>3>2>1,23,0,0,True,1,0.0087971501526328405,0.014629491297063797,0.00015513437851606696,0.0056277245311337687
10000,0,single,gaussian_matched,0.050000000000000003,294,12,0.050000000000000003,21.029902470585927,>=10%,True,True,4,0.014629491297063797,0.56817713965516126,0.016619531826348372,0.075910328856167733,1.2146096051113091,1.1963454247018153,1.2111450459818407,1.0123706924224785,0.97716593289368303,1.0596453127176286,True,True,False,4>3>2>1,23,0,0,True,1,0.0087971501526328405,0.014629491297063797,0.00015513437851606696,0.0056277245311337687
10000,0,single,gaussian_matched,0.050000000000000003,294,13,0.02,21.029902470585927,>=10%,True,False,1,0.029059010158912182,0.47927963918013872,-0.032732142322528426,0.085287400744660652,1.2146096051113091,1.2898679034754736,1.2700165585254033,0.98460978453950043,,1.1158350416188758,False,False,False,,-1,,,False,1,0.0082090922666653125,0.024529043741133613,0.022573368210104174,0.029059010158912182
10000,0,single,gaussian_matched,0.050000000000000003,294,13,0.050000000000000003,21.029902470585927,>=10%,True,True,4,0.029059010158912182,0.47927963918013872,-0.032732142322528426,0.085287400744660652,1.2146096051113091,1.2898679034754736,1.2700165585254033,0.98460978453950043,0.94694254910522735,1.1158350416188758,True,True,False,4>3>2>1,23,0,0,True,1,0.0082090922666653125,0.024529043741133613,0.022573368210104174,0.029059010158912182
10000,0,single,gaussian_matched,0.050000000000000003,294,14,0.02,21.029902470585927,>=10%,True,True,4,0.011318700989452547,0.53083442656746682,0.042925458092409025,0.031635597116962476,1.2146096051113091,1.1988605259956888,1.203534034847485,1.0038982923788526,0.99095339333020482,1.0169272717477433,True,True,False,4>3>2>1,23,0,0,True,1,0.0052047528616220931,0.011318700989452547,0.0017180666695742295,0.0015886611018084171
10000,0,single,gaussian_matched,0.050000000000000003,294,14,0.050000000000000003,21.029902470585927,>=10%,True,True,4,0.011318700989452547,0.53083442656746682,0.042925458092409025,0.031635597116962476,1.2146096051113091,1.1988605259956888,1.203534034847485,1.0038982923788526,0.96583095015185116,1.0169272717477433,True,True,False,4>3>2>1,23,0,0,True,1,0.0052047528616220931,0.011318700989452547,0.0017180666695742295,0.0015886611018084171
10000,0,single,gaussian_matched,0.050000000000000003,294,15,0.02,21.029902470585927,>=10%,True,True,4,0.018600207814175991,0.49214070333980814,0.0011799349157671987,0.049448632931777092,1.2146096051113091,1.2557578892302006,1.2429570250448569,0.98980626417311157,0.97566968143140453,1.064050253297804,True,True,False,4>3>2>1,23,0,0,True,1,0.0060226282921244101,0.018595896198119178,0.014921095943790258,0.018600207814175991
10000,0,single,gaussian_matched,0.050000000000000003,294,15,0.050000000000000003,21.029902470585927,>=10%,True,True,4,0.018600207814175991,0.49214070333980814,0.0011799349157671987,0.049448632931777092,1.2146096051113091,1.2557578892302006,1.2429570250448569,0.98980626417311157,0.95139092755205001,1.064050253297804,True,True,False,4>3>2>1,23,0,0,True,1,0.0060226282921244101,0.018595896198119178,0.014921095943790258,0.018600207814175991
10000,0,single,gaussian_matched,0.050000000000000003,294,16,0.02,21.029902470585927,>=10%,True,True,4,0.0056048630978026348,0.51307162074780166,0.081170722833432712,0.033800609919542014,1.2146096051113091,1.1833686559052201,1.1839712911084086,1.0005092539845306,0.985799544093792,1.0026035492419407,True,True,False,4>3>2>1,23,0,0,True,1,0.0026974054827401846,0.0056048630978026348,0.001944487662128052,0.0022989181802727508
10000,0,single,gaussian_matched,0.050000000000000003,294,16,0.050000000000000003,21.029902470585927,>=10%,True,True,4,0.0056048630978026348,0.51307162074780166,0.081170722833432712,0.033800609919542014,1.2146096051113091,1.1833686559052201,1.1839712911084086,1.0005092539845306,0.96044343700471646,1.0026035492419407,True,True,False,4>3>2>1,23,0,0,True,1,0.0026974054827401846,0.0056048630978026348,0.001944487662128052,0.0022989181802727508
10000,0,single,gaussian_matched,0.050000000000000003,294,17,0.02,21.029902470585927,>=10%,True,False,1,0.040659570515844908,0.440969330591787,-0.036152434833062894,0.10443592273948119,1.2146096051113091,1.3177397063144272,1.2833143679395347,0.97387546401620062,,1.1425484244806707,False,False,False,,-1,,,False,1,0.0088826907513971202,0.026831756646814309,0.029126463106194635,0.040659570515844908
10000,0,single,gaussian_matched,0.050000000000000003,294,17,0.050000000000000003,21.029902470585927,>=10%,True,True,4,0.040659570515844908,0.440969330591787,-0.036152434833062894,0.10443592273948119,1.2146096051113091,1.3177397063144272,1.2833143679395347,0.97387546401620062,0.93468817683660488,1.1425484244806707,True,True,False,4>3>2>1,23,0,0,True,1,0.0088826907513971202,0.026831756646814309,0.029126463106194635,0.040659570515844908
10000,0,single,gaussian_matched,0.050000000000000003,294,18,0.02,21.029902470585927,>=10%,True,True,4,0.01425452984208197,0.53579871155916092,0.023207173105616732,0.044714687992743384,1.2146096051113091,1.2107427621786258,1.2154348535884383,1.0038753825803339,0.99170590195715824,1.03749347632213,True,True,False,4>3>2>1,23,0,0,True,1,0.0063701895613962004,0.01425452984208197,0.0041924634396838635,0.0015821937510682479
10000,0,single,gaussian_matched,0.050000000000000003,294,18,0.050000000000000003,21.029902470585927,>=10%,True,True,4,0.01425452984208197,0.53579871155916092,0.023207173105616732,0.044714687992743384,1.2146096051113091,1.2107427621786258,1.2154348535884383,1.0038753825803339,0.96673161959354614,1.03749347632213,True,True,False,4>3>2>1,23,0,0,True,1,0.0063701895613962004,0.01425452984208197,0.0041924634396838635,0.0015821937510682479
10000,0,single,gaussian_matched,0.050000000000000003,294,19,0.02,21.029902470585927,>=10%,True,False,3,0.026695725798998322,0.45803095359614171,0.010386592486990226,0.057711549198067709,1.2146096051113091,1.272281819766651,1.2468505530477851,0.98001129441311186,,1.0740587730872591,False,False,False,,-1,,,False,1,0.0055908600997801898,0.018407476218958715,0.018750419225798117,0.026695725798998322
10000,0,single,gaussian_matched,0.050000000000000003,294,19,0.050000000000000003,21.029902470585927,>=10%,True,True,4,0.026695725798998322,0.45803095359614171,0.010386592486990226,0.057711549198067709,1.2146096051113091,1.272281819766651,1.2468505530477851,0.98001129441311186,0.93978178713169502,1.0740587730872591,True,True,False,4>3>2>1,23,0,0,True,1,0.0055908600997801898,0.018407476218958715,0.018750419225798117,0.026695725798998322
10000,0,single,gaussian_matched,0.050000000000000003,294,20,0.02,21.029902470585927,>=10%,True,False,3,0.021390158235225203,0.47979924916902994,0.0048479507642211761,0.049464915691074751,1.2146096051113091,1.2612763271418785,1.2440732588435557,0.9863605873446416,,1.0649826652869983,False,False,False,,-1,,,False,1,0.0057528784194383993,0.018384753313210954,0.016266021562712108,0.021390158235225203
10000,0,single,gaussian_matched,0.050000000000000003,294,20,0.050000000000000003,21.029902470585927,>=10%,True,True,4,0.021390158235225203,0.47979924916902994,0.0048479507642211761,0.049464915691074751,1.2146096051113091,1.2612763271418785,1.2440732588435557,0.9863605873446416,0.94726089939739211,1.0649826652869983,True,True,False,4>3>2>1,23,0,0,True,1,0.0057528784194383993,0.018384753313210954,0.016266021562712108,0.021390158235225203
10000,0,single,gaussian_matched,0.050000000000000003,294,21,0.02,21.029902470585927,>=10%,True,True,4,0.010618828010241846,0.55492897901184757,0.045273105112168685,0.05513198953932822,1.2146096051113091,1.1815541900038347,1.1950821557681286,1.0114492977797742,0.99999828170488381,1.0293135671299791,True,True,False,4>3>2>1,23,0,0,True,1,0.0068409093529140722,0.010618828010241846,0.0026435861737816348,0.0088164566803722085
10000,0,single,gaussian_matched,0.050000000000000003,294,21,0.050000000000000003,21.029902470585927,>=10%,True,True,4,0.010618828010241846,0.55492897901184757,0.045273105112168685,0.05513198953932822,1.2146096051113091,1.1815541900038347,1.1950821557681286,1.0114492977797742,0.9745272026822881,1.0293135671299791,True,True,False,4>3>2>1,23,0,0,True,1,0.0068409093529140722,0.010618828010241846,0.0026435861737816348,0.0088164566803722085
10000,0,single,gaussian_matched,0.050000000000000003,294,22,0.02,21.029902470585927,>=10%,True,False,3,0.031363893389631754,0.61713659604644111,0.078822886102644457,0.12063059685101926,1.2146096051113091,1.1172905543021052,1.15571235967067,1.0343883739288964,,1.0508256736572759,False,False,False,,-1,,,False,1,0.011537229950823798,0.0049020072726584218,0.018820160405582584,0.031363893389631754
10000,0,single,gaussian_matched,0.050000000000000003,294,22,0.050000000000000003,21.029902470585927,>=10%,True,True,4,0.031363893389631754,0.61713659604644111,0.078822886102644457,0.12063059685101926,1.2146096051113091,1.1172905543021052,1.15571235967067,1.0343883739288964,0.99996135759615457,1.0508256736572759,True,True,False,4>3>2>1,23,0,0,True,1,0.011537229950823798,0.0049020072726584218,0.018820160405582584,0.031363893389631754
10000,0,single,gaussian_matched,0.050000000000000003,294,23,0.02,21.029902470585927,>=10%,True,True,4,0.016595895982289187,0.56619639022062751,0.080875862678233004,0.073043007703452983,1.2146096051113091,1.1470194208320068,1.168254236638238,1.0185130394660871,1.0072342673205461,1.0219721951136194,True,True,False,4>3>2>1,23,0,0,True,1,0.0070749323180813867,0.0051708189657918169,0.010507256649790263,0.016595895982289187
10000,0,single,gaussian_matched,0.050000000000000003,294,23,0.050000000000000003,21.029902470585927,>=10%,True,True,4,0.016595895982289187,0.56619639022062751,0.080875862678233004,0.073043007703452983,1.2146096051113091,1.1470194208320068,1.168254236638238,1.0185130394660871,0.98107777352025149,1.0219721951136194,True,True,False,4>3>2>1,23,0,0,True,1,0.0070749323180813867,0.0051708189657918169,0.010507256649790263,0.016595895982289187
10000,0,single,gaussian_matched,0.050000000000000003,294,24,0.02,21.029902470585927,>=10%,True,False,3,0.030352069929033474,0.41980021770742348,0.089234667119539951,0.089282496513917994,1.2146096051113091,1.2496772169541708,1.2092285190563863,0.96763268358499022,,1.0690768540821034,False,False,False,,-1,,,False,1,0.00092495477507095226,0.010443955596335519,0.011899905087960011,0.030352069929033474
10000,0,single,gaussian_matched,0.050000000000000003,294,24,0.050000000000000003,21.029902470585927,>=10%,True,True,4,0.030352069929033474,0.41980021770742348,0.089234667119539951,0.089282496513917994,1.2146096051113091,1.2496772169541708,1.2092285190563863,0.96763268358499022,0.92360473561705603,1.0690768540821034,True,True,False,4>3>2>1,23,0,0,True,1,0.00092495477507095226,0.010443955596335519,0.011899905087960011,0.030352069929033474
10000,0,single,gaussian_matched,0.050000000000000003,294,25,0.02,21.029902470585927,>=10%,True,True,4,0.0050073789118682743,0.50406483228045251,0.086134607924254175,0.036362518495117763,1.2146096051113091,1.1865044414905213,1.1836608669165569,0.99760340166077077,0.98228713007488055,1.0044572184161753,True,True,False,4>3>2>1,23,0,0,True,1,0.0019001818803677912,0.0050073789118682743,0.0013718969932543495,0.0015301292996206619
10000,0,single,gaussian_matched,0.050000000000000003,294,25,0.050000000000000003,21.029902470585927,>=10%,True,True,4,0.0050073789118682743,0.50406483228045251,0.086134607924254175,0.036362518495117763,1.2146096051113091,1.1865044414905213,1.1836608669165569,0.99760340166077077,0.95700108999764022,1.0044572184161753,True,True,False,4>3>2>1,23,0,0,True,1,0.0019001818803677912,0.0050073789118682743,0.0013718969932543495,0.0015301292996206619
10000,0,single,gaussian_matched,0.050000000000000003,294,26,0.02,21.029902470585927,>=10%,True,True,4,0.014849648655042253,0.56774317814929132,0.10460920457741721,0.087013236983489034,1.2146096051113091,1.1283225754337036,1.1525371627872238,1.0214606956208534,1.0100606314913279,1.0205340008464021,True,True,False,4>3>2>1,23,0,0,True,1,0.007174451840620529,0.0016000221236253779,0.014849648655042253,0.0097614371334784969
10000,0,single,gaussian_matched,0.050000000000000003,294,26,0.050000000000000003,21.029902470585927,>=10%,True,True,4,0.014849648655042253,0.56774317814929132,0.10460920457741721,0.087013236983489034,1.2146096051113091,1.1283225754337036,1.1525371627872238,1.0214606956208534,0.98345771271671167,1.0205340008464021,True,True,False,4>3>2>1,23,0,0,True,1,0.007174451840620529,0.0016000221236253779,0.014849648655042253,0.0097614371334784969
10000,0,single,gaussian_matched,0.050000000000000003,294,27,0.02,21.029902470585927,>=10%,True,False,2,0.021866677950402376,0.48755751397174985,-0.0083467596764213586,0.059658694448514966,1.2146096051113091,1.2659474473514889,1.2507968900792392,0.98803223838086929,,1.0789109348494421,False,False,False,,-1,,,False,1,0.006602276565460685,0.020261197121256846,0.017231117596165638,0.021866677950402376
10000,0,single,gaussian_matched,0.050000000000000003,294,27,0.050000000000000003,21.029902470585927,>=10%,True,True,4,0.021866677950402376,0.48755751397174985,-0.0083467596764213586,0.059658694448514966,1.2146096051113091,1.2659474473514889,1.2507968900792392,0.98803223838086929,0.94977045269504567,1.0789109348494421,True,True,False,4>3>2>1,23,0,0,True,1,0.006602276565460685,0.020261197121256846,0.017231117596165638,0.021866677950402376
10000,0,single,gaussian_matched,0.050000000000000003,294,28,0.02,21.029902470585927,>=10%,True,True,4,0.018013508393940291,0.45933163642153002,0.047923500630411606,0.040721341404508331,1.2146096051113091,1.2452952068153924,1.2219540488577119,0.98125652629999982,0.96404565206551762,1.0395730323131325,True,True,False,4>3>2>1,23,0,0,True,1,0.003196467854963329,0.012657671707756104,0.012254877489662832,0.018013508393940291
10000,0,single,gaussian_matched,0.050000000000000003,294,28,0.050000000000000003,21.029902470585927,>=10%,True,True,4,0.018013508393940291,0.45933163642153002,0.047923500630411606,0.040721341404508331,1.2146096051113091,1.2452952068153924,1.2219540488577119,0.98125652629999982,0.93984928361434628,1.0395730323131325,True,True,False,4>3>2>1,23,0,0,True,1,0.003196467854963329,0.012657671707756104,0.012254877489662832,0.018013508393940291
10000,0,single,gaussian_matched,0.050000000000000003,294,29,0.02,21.029902470585927,>=10%,True,True,4,0.019181381834439029,0.47407000180427883,0.023490373151638124,0.03708267954273925,1.2146096051113091,1.2516922719850347,1.2333172764332514,0.98531987776624774,0.96951385913605748,1.0459327430228651,True,True,False,4>3>2>1,23,0,0,True,1,0.0046142398194397886,0.015628216030985683,0.014049003598991618,0.019181381834439029
10000,0,single,gaussian_matched,0.050000000000000003,294,29,0.050000000000000003,21.029902470585927,>=10%,True,True,4,0.019181381834439029,0.47407000180427883,0.023490373151638124,0.03708267954273925,1.2146096051113091,1.2516922719850347,1.2333172764332514,0.98531987776624774,0.94531410088148093,1.0459327430228651,True,True,False,4>3>2>1,23,0,0,True,1,0.0046142398194397886,0.015628216030985683,0.014049003598991618,0.019181381834439029
10000,0,single,gaussian_matched,0.050000000000000003,294,30,0.02,21.029902470585927,>=10%,True,False,1,0.048705938911014671,0.3829153910713316,0.017987121278589098,0.12138216529626987,1.2146096051113091,1.3225930071953607,1.2650228511526969,0.95647175228550096,,1.1414408470134847,False,False,False,,-1,,,False,1,0.0059958299855778696,0.022917693642696912,0.029385636373418164,0.048705938911014671
10000,0,single,gaussian_matched,0.050000000000000003,294,30,0.050000000000000003,21.029902470585927,>=10%,True,True,4,0.048705938911014671,0.3829153910713316,0.017987121278589098,0.12138216529626987,1.2146096051113091,1.3225930071953607,1.2650228511526969,0.95647175228550096,0.9129981192672888,1.1414408470134847,True,True,False,4>3>2>1,23,0,0,True,1,0.0059958299855778696,0.022917693642696912,0.029385636373418164,0.048705938911014671
10000,0,single,gaussian_matched,0.050000000000000003,294,31,0.02,21.029902470585927,>=10%,True,True,4,0.0093760764059028154,0.49929946380906798,0.05861509640989241,0.0086435315182248618,1.2146096051113091,1.2089908606605817,1.2026526595104539,0.99475744494324403,0.97958719617411139,0.99727203368993067,True,True,False,4>3>2>1,23,0,0,True,1,0.0027238889289731114,0.0093760764059028154,0.0041253087553382358,0.0036043929815916483
10000,0,single,gaussian_matched,0.050000000000000003,294,31,0.050000000000000003,21.029902470585927,>=10%,True,True,4,0.0093760764059028154,0.49929946380906798,0.05861509640989241,0.0086435315182248618,1.2146096051113091,1.2089908606605817,1.2026526595104539,0.99475744494324403,0.95472137786557842,0.99727203368993067,True,True,False,4>3>2>1,23,0,0,True,1,0.0027238889289731114,0.0093760764059028154,0.0041253087553382358,0.0036043929815916483
10000,0,single,gaussian_matched,0.050000000000000003,295,0,0.02,5.2713065138129087,5-<10%,True,False,3,0.049842907537938283,0.52756603480690689,-0.018024457814240252,0.073397637127478113,1.1944030480958938,1.26297130246386,1.2507398920744506,0.99031536950558741,,1.108618678856234,False,False,False,,-1,,,False,1,0.018230218713618011,0.019353162722249014,0.016101698732291583,0.049842907537938283
10000,0,single,gaussian_matched,0.050000000000000003,295,0,0.050000000000000003,5.2713065138129087,5-<10%,True,True,4,0.049842907537938283,0.52756603480690689,-0.018024457814240252,0.073397637127478113,1.1944030480958938,1.26297130246386,1.2507398920744506,0.99031536950558741,0.9657813833834431,1.108618678856234,True,True,False,4>1>3>2,19,0,0,True,1,0.018230218713618011,0.019353162722249014,0.016101698732291583,0.049842907537938283
10000,0,single,gaussian_matched,0.050000000000000003,295,1,0.02,5.2713065138129087,5-<10%,True,True,4,0.014943958371063687,0.43386249781874819,0.028922557847517367,0.069414895825509526,1.1944030480958938,1.1686692302076118,1.1707410415231647,1.0017727952974211,0.99687658785182309,1.0383060720798722,True,True,False,4>1>3>2,19,0,0,True,1,0.010205735758186171,0.014943958371063687,0.0032383830680592857,0.0060344178724418352
10000,0,single,gaussian_matched,0.050000000000000003,295,1,0.050000000000000003,5.2713065138129087,5-<10%,True,True,4,0.014943958371063687,0.43386249781874819,0.028922557847517367,0.069414895825509526,1.1944030480958938,1.1686692302076118,1.1707410415231647,1.0017727952974211,0.97027904378586316,1.0383060720798722,True,True,False,4>1>3>2,19,0,0,True,1,0.010205735758186171,0.014943958371063687,0.0032383830680592857,0.0060344178724418352
10000,0,single,gaussian_matched,0.050000000000000003,295,2,0.02,5.2713065138129087,5-<10%,True,True,4,0.017260709267511429,0.45927842974535227,0.0098229814698098245,0.057205236665706191,1.1944030480958938,1.1987977104192722,1.1964951470749718,0.99807927282118758,0.99553819213233707,1.0496460016066733,True,True,False,4>1>3>2,19,0,0,True,1,0.0046449138470957291,0.017260709267511429,0.0046274579380663925,0.017195001731366951
10000,0,single,gaussian_matched,0.050000000000000003,295,2,0.050000000000000003,5.2713065138129087,5-<10%,True,True,4,0.017260709267511429,0.45927842974535227,0.0098229814698098245,0.057205236665706191,1.1944030480958938,1.1987977104192722,1.1964951470749718,0.99807927282118758,0.96960945472427928,1.0496460016066733,True,True,False,4>1>3>2,19,0,0,True,1,0.0046449138470957291,0.017260709267511429,0.0046274579380663925,0.017195001731366951
10000,0,single,gaussian_matched,0.050000000000000003,295,3,0.02,5.2713065138129087,5-<10%,True,False,3,0.029160918033911559,0.47634227530629603,0.028122711592200277,0.032222720024249023,1.1944030480958938,1.1946428979841976,1.1928202137234885,0.99847428527488447,,1.0256528863524665,False,False,False,,-1,,,False,1,0.009865197560755417,0.012709701475765837,0.01687690584924631,0.029160918033911559
10000,0,single,gaussian_matched,0.050000000000000003,295,3,0.050000000000000003,5.2713065138129087,5-<10%,True,True,4,0.029160918033911559,0.47634227530629603,0.028122711592200277,0.032222720024249023,1.1944030480958938,1.1946428979841976,1.1928202137234885,0.99847428527488447,0.96691664102151353,1.0256528863524665,True,True,False,4>1>3>2,19,0,0,True,1,0.009865197560755417,0.012709701475765837,0.01687690584924631,0.029160918033911559
10000,0,single,gaussian_matched,0.050000000000000003,295,4,0.02,5.2713065138129087,5-<10%,True,False,2,0.026518076347597525,0.42961821321303051,-0.018227523414190067,0.098023419969720943,1.1944030480958938,1.2068983719069513,1.2043880747060181,0.99792004259897471,,1.0904288102345614,False,False,False,,-1,,,False,1,0.026518076347597525,0.023655856143218912,0.010339019954408307,0.019878669161281223
10000,0,single,gaussian_matched,0.050000000000000003,295,4,0.050000000000000003,5.2713065138129087,5-<10%,True,True,4,0.026518076347597525,0.42961821321303051,-0.018227523414190067,0.098023419969720943,1.1944030480958938,1.2068983719069513,1.2043880747060181,0.99792004259897471,0.97410862507524865,1.0904288102345614,True,True,False,4>1>3>2,19,0,0,True,1,0.026518076347597525,0.023655856143218912,0.010339019954408307,0.019878669161281223
10000,0,single,gaussian_matched,0.050000000000000003,295,5,0.02,5.2713065138129087,5-<10%,True,False,3,0.035595287505396124,0.48863487112939952,0.024073129378862992,0.028308457648740494,1.1944030480958938,1.2056631346507007,1.2019791026478437,0.99694439358973652,,1.0300438886671439,False,False,False,,-1,,,False,1,0.011316247512777874,0.012951475903269373,0.01966684960955541,0.035595287505396124
10000,0,single,gaussian_matched,0.050000000000000003,295,5,0.050000000000000003,5.2713065138129087,5-<10%,True,True,4,0.035595287505396124,0.48863487112939952,0.024073129378862992,0.028308457648740494,1.1944030480958938,1.2056631346507007,1.2019791026478437,0.99694439358973652,0.96603345752721848,1.0300438886671439,True,True,False,4>1>3>2,19,0,0,True,1,0.011316247512777874,0.012951475903269373,0.01966684960955541,0.035595287505396124
10000,0,single,gaussian_matched,0.050000000000000003,295,6,0.02,5.2713065138129087,5-<10%,True,False,2,0.074940914491331528,0.50309798368181968,0.062603524176069514,0.012978687319971526,1.1944030480958938,1.1878923068328335,1.1785201262691647,0.99211024390867808,,0.99756846358405771,False,False,False,,-1,,,False,1,0.018793864028376423,0.0097868023156255628,0.048387501870350694,0.074940914491331528
10000,0,single,gaussian_matched,0.050000000000000003,295,6,0.050000000000000003,5.2713065138129087,5-<10%,True,False,3,0.074940914491331528,0.50309798368181968,0.062603524176069514,0.012978687319971526,1.1944030480958938,1.1878923068328335,1.1785201262691647,0.99211024390867808,,0.99756846358405771,False,False,False,,-1,,,False,1,0.018793864028376423,0.0097868023156255628,0.048387501870350694,0.074940914491331528
10000,0,single,gaussian_matched,0.050000000000000003,295,7,0.02,5.2713065138129087,5-<10%,True,False,1,0.10017100633233365,0.52612301799183725,0.054465272518648238,0.026501900453885334,1.1944030480958938,1.2104283163333041,1.1638943701774846,0.96155580175389266,,0.9966453723716534,False,False,False,,-1,,,False,1,0.02872734044548713,0.013023224368467798,0.056592365506079947,0.10017100633233365
10000,0,single,gaussian_matched,0.050000000000000003,295,7,0.050000000000000003,5.2713065138129087,5-<10%,True,False,2,0.10017100633233365,0.52612301799183725,0.054465272518648238,0.026501900453885334,1.1944030480958938,1.2104283163333041,1.1638943701774846,0.96155580175389266,,0.9966453723716534,False,False,False,,-1,,,False,1,0.02872734044548713,0.013023224368467798,0.056592365506079947,0.10017100633233365
10000,0,single,gaussian_matched,0.050000000000000003,295,8,0.02,5.2713065138129087,5-<10%,True,False,1,0.12038186654297144,0.48384597566855631,0.12194328137514077,0.073734579656519028,1.1944030480958938,1.135063303471509,1.011857548517145,0.89145472805124781,,0.90889932833335019,False,False,False,,-1,,,False,1,0.081344731928151476,0.011849138606815144,0.048093571735129743,0.12038186654297144
10000,0,single,gaussian_matched,0.050000000000000003,295,8,0.050000000000000003,5.2713065138129087,5-<10%,True,False,2,0.12038186654297144,0.48384597566855631,0.12194328137514077,0.073734579656519028,1.1944030480958938,1.135063303471509,1.011857548517145,0.89145472805124781,,0.90889932833335019,False,False,False,,-1,,,False,1,0.081344731928151476,0.011849138606815144,0.048093571735129743,0.12038186654297144
10000,0,single,gaussian_matched,0.050000000000000003,295,9,0.02,5.2713065138129087,5-<10%,True,False,1,0.13907085854265006,0.56492295031273243,0.034851837679840403,0.066666755575679748,1.1944030480958938,1.2526667934827564,1.1346115301904223,0.90575685097861636,,1.0057562124286008,False,False,False,,-1,,,False,1,0.037800794630284469,0.01501675876279903,0.060628006224454092,0.13907085854265006
10000,0,single,gaussian_matched,0.050000000000000003,295,9,0.050000000000000003,5.2713065138129087,5-<10%,True,False,2,0.13907085854265006,0.56492295031273243,0.034851837679840403,0.066666755575679748,1.1944030480958938,1.2526667934827564,1.1346115301904223,0.90575685097861636,,1.0057562124286008,False,False,False,,-1,,,False,1,0.037800794630284469,0.01501675876279903,0.060628006224454092,0.13907085854265006
10000,0,single,gaussian_matched,0.050000000000000003,295,10,0.02,5.2713065138129087,5-<10%,True,False,1,0.11887582027002223,0.51180106419243065,0.081848289813731989,0.033964373689696292,1.1944030480958938,1.1817808232908249,1.0820194456362373,0.91558385811610243,,0.93434441674024915,False,False,False,,-1,,,False,1,0.061664460489456667,0.016487113524152341,0.062052142600243297,0.11887582027002223
10000,0,single,gaussian_matched,0.050000000000000003,295,10,0.050000000000000003,5.2713065138129087,5-<10%,True,False,1,0.11887582027002223,0.51180106419243065,0.081848289813731989,0.033964373689696292,1.1944030480958938,1.1817808232908249,1.0820194456362373,0.91558385811610243,,0.93434441674024915,False,False,False,,-1,,,False,1,0.061664460489456667,0.016487113524152341,0.062052142600243297,0.11887582027002223
10000,0,single,gaussian_matched,0.050000000000000003,295,11,0.02,5.2713065138129087,5-<10%,True,False,2,0.028605403993110061,0.47648758826211141,-0.01677415369263266,0.070792804062978956,1.1944030480958938,1.2304506173884608,1.22437674242503,0.99506369871525424,,1.0843655737087714,False,False,False,,-1,,,False,1,0.0062601720868337828,0.021619508944985492,0.0011748131458466583,0.028605403993110061
10000,0,single,gaussian_matched,0.050000000000000003,295,11,0.050000000000000003,5.2713065138129087,5-<10%,True,True,4,0.028605403993110061,0.47648758826211141,-0.01677415369263266,0.070792804062978956,1.1944030480958938,1.2304506173884608,1.22437674242503,0.99506369871525424,0.97084937571346785,1.0843655737087714,True,True,False,4>1>3>2,19,0,0,True,1,0.0062601720868337828,0.021619508944985492,0.0011748131458466583,0.028605403993110061
10000,0,single,gaussian_matched,0.050000000000000003,295,12,0.02,5.2713065138129087,5-<10%,True,True,4,0.017275500500702277,0.44196671199676063,0.014240754363004371,0.068165872436241268,1.1944030480958938,1.1853872941599666,1.185107765946626,0.99976418828283575,0.99712651783262141,1.049288714040729,True,True,False,4>1>3>2,19,0,0,True,1,0.011356339750381757,0.017275500500702277,0.0011055878022971713,0.0097357463311376971
10000,0,single,gaussian_matched,0.050000000000000003,295,12,0.050000000000000003,5.2713065138129087,5-<10%,True,True,4,0.017275500500702277,0.44196671199676063,0.014240754363004371,0.068165872436241268,1.1944030480958938,1.1853872941599666,1.185107765946626,0.99976418828283575,0.9706449105564886,1.049288714040729,True,True,False,4>1>3>2,19,0,0,True,1,0.011356339750381757,0.017275500500702277,0.0011055878022971713,0.0097357463311376971
10000,0,single,gaussian_matched,0.050000000000000003,295,13,0.02,5.2713065138129087,5-<10%,True,False,2,0.21605636741950238,0.54669369775402044,0.075561977554843757,0.053232660148241219,1.1944030480958938,1.2131724130797781,1.0468675037079178,0.86291733344836286,,0.92104601173777001,False,False,False,,-1,,,False,1,0.010342941388794448,0.012670517522797053,0.0500735957798722,0.21605636741950238
10000,0,single,gaussian_matched,0.050000000000000003,295,13,0.050000000000000003,5.2713065138129087,5-<10%,True,False,2,0.21605636741950238,0.54669369775402044,0.075561977554843757,0.053232660148241219,1.1944030480958938,1.2131724130797781,1.0468675037079178,0.86291733344836286,,0.92104601173777001,False,False,False,,-1,,,False,1,0.010342941388794448,0.012670517522797053,0.0500735957798722,0.21605636741950238
10000,0,single,gaussian_matched,0.050000000000000003,295,14,0.02,5.2713065138129087,5-<10%,True,False,2,0.10749086799056218,0.57365920737940079,0.011114446083578491,0.083293247836475293,1.1944030480958938,1.2747545711289421,1.2141217261570909,0.95243567166175858,,1.0862455316585913,False,False,False,,-1,,,False,1,0.0059860334708112459,0.011769752720202132,0.049943232635417618,0.10749086799056218
10000,0,single,gaussian_matched,0.050000000000000003,295,14,0.050000000000000003,5.2713065138129087,5-<10%,True,False,3,0.10749086799056218,0.57365920737940079,0.011114446083578491,0.083293247836475293,1.1944030480958938,1.2747545711289421,1.2141217261570909,0.95243567166175858,,1.0862455316585913,False,False,False,,-1,,,False,1,0.0059860334708112459,0.011769752720202132,0.049943232635417618,0.10749086799056218
10000,0,single,gaussian_matched,0.050000000000000003,295,15,0.02,5.2713065138129087,5-<10%,True,False,1,0.11882085054160189,0.55492605554626118,0.035744616847394863,0.056745815058897045,1.1944030480958938,1.2444515349172685,1.1633508276112265,0.93483016009021713,,1.0215116619261733,False,False,False,,-1,,,False,1,0.027565890354768675,0.013161240492653612,0.057127537900035302,0.11882085054160189
10000,0,single,gaussian_matched,0.050000000000000003,295,15,0.050000000000000003,5.2713065138129087,5-<10%,True,False,2,0.11882085054160189,0.55492605554626118,0.035744616847394863,0.056745815058897045,1.1944030480958938,1.2444515349172685,1.1633508276112265,0.93483016009021713,,1.0215116619261733,False,False,False,,-1,,,False,1,0.027565890354768675,0.013161240492653612,0.057127537900035302,0.11882085054160189
10000,0,single,gaussian_matched,0.050000000000000003,295,16,0.02,5.2713065138129087,5-<10%,True,False,2,0.077469747427562713,0.55023015320492596,0.0074824254399695686,0.065808908496176127,1.1944030480958938,1.2600315417013184,1.2419295757964131,0.98563372002540217,,1.0948887700658281,False,False,False,,-1,,,False,1,0.0087145131646073053,0.013190577041701743,0.040513724238789885,0.077469747427562713
10000,0,single,gaussian_matched,0.050000000000000003,295,16,0.050000000000000003,5.2713065138129087,5-<10%,True,False,3,0.077469747427562713,0.55023015320492596,0.0074824254399695686,0.065808908496176127,1.1944030480958938,1.2600315417013184,1.2419295757964131,0.98563372002540217,,1.0948887700658281,False,False,False,,-1,,,False,1,0.0087145131646073053,0.013190577041701743,0.040513724238789885,0.077469747427562713
10000,0,single,gaussian_matched,0.050000000000000003,295,17,0.02,5.2713065138129087,5-<10%,True,False,3,0.041125568428483361,0.50317320350235473,0.011704523100047069,0.038426719499095742,1.1944030480958938,1.2245331243773463,1.2175727985879252,0.99431593506875504,,1.0515709249815828,False,False,False,,-1,,,False,1,0.016916205447593508,0.014751864986381464,0.019673339613862841,0.041125568428483361
10000,0,single,gaussian_matched,0.050000000000000003,295,17,0.050000000000000003,5.2713065138129087,5-<10%,True,True,4,0.041125568428483361,0.50317320350235473,0.011704523100047069,0.038426719499095742,1.1944030480958938,1.2245331243773463,1.2175727985879252,0.99431593506875504,0.96536349207141881,1.0515709249815828,True,True,False,4>1>3>2,19,0,0,True,1,0.016916205447593508,0.014751864986381464,0.019673339613862841,0.041125568428483361
10000,0,single,gaussian_matched,0.050000000000000003,295,18,0.02,5.2713065138129087,5-<10%,True,True,4,0.018452379258507689,0.45457379663201747,0.0047239062904228107,0.06413629716492622,1.1944030480958938,1.2003040302249319,1.1979804920569248,0.99806420864256229,0.99659748184682895,1.0566925387823698,True,True,False,4>1>3>2,19,0,0,True,1,0.0086831633630304033,0.018452379258507689,0.001777956063000015,0.016133105216529782
10000,0,single,gaussian_matched,0.050000000000000003,295,18,0.050000000000000003,5.2713065138129087,5-<10%,True,True,4,0.018452379258507689,0.45457379663201747,0.0047239062904228107,0.06413629716492622,1.1944030480958938,1.2003040302249319,1.1979804920569248,0.99806420864256229,0.9704398049453633,1.0566925387823698,True,True,False,4>1>3>2,19,0,0,True,1,0.0086831633630304033,0.018452379258507689,0.001777956063000015,0.016133105216529782
10000,0,single,gaussian_matched,0.050000000000000003,295,19,0.02,5.2713065138129087,5-<10%,True,False,2,0.047958450243210313,0.47824578612705809,0.060668561729577485,0.024229404256140997,1.1944030480958938,1.171559801009707,1.1748426998084756,1.0028021606715587,,1.0039091125698032,False,False,False,,-1,,,False,1,0.0092682250626810823,0.006905060999502461,0.034083839029451557,0.047958450243210313
10000,0,single,gaussian_matched,0.050000000000000003,295,19,0.050000000000000003,5.2713065138129087,5-<10%,True,True,4,0.047958450243210313,0.47824578612705809,0.060668561729577485,0.024229404256140997,1.1944030480958938,1.171559801009707,1.1748426998084756,1.0028021606715587,0.96541563368987637,1.0039091125698032,True,True,False,4>1>3>2,19,0,0,True,1,0.0092682250626810823,0.006905060999502461,0.034083839029451557,0.047958450243210313
10000,0,single,gaussian_matched,0.050000000000000003,295,20,0.02,5.2713065138129087,5-<10%,True,False,3,0.033661476648041588,0.37913706654719859,0.067081169397079005,0.122063979251817,1.1944030480958938,1.1078572969155009,1.1171085734013024,1.0083506030167955,,1.0374827447305972,False,False,False,,-1,,,False,1,0.033661476648041588,0.011968535926593669,0.0045858347922001792,0.0024952906615077902
10000,0,single,gaussian_matched,0.050000000000000003,295,20,0.050000000000000003,5.2713065138129087,5-<10%,True,True,4,0.033661476648041588,0.37913706654719859,0.067081169397079005,0.122063979251817,1.1944030480958938,1.1078572969155009,1.1171085734013024,1.0083506030167955,0.97096612123242609,1.0374827447305972,True,True,False,4>1>3>2,19,0,0,True,1,0.033661476648041588,0.011968535926593669,0.0045858347922001792,0.0024952906615077902
10000,0,single,gaussian_matched,0.050000000000000003,295,21,0.02,5.2713065138129087,5-<10%,True,False,1,0.12581653047456823,0.51094851576500078,0.085861544956027214,0.037495605130330026,1.1944030480958938,1.1785872097137873,1.0576977802489425,0.89742852419533548,,0.9169378687748827,False,False,False,,-1,,,False,1,0.069471455796492596,0.015767579811851475,0.059613068409505664,0.12581653047456823
10000,0,single,gaussian_matched,0.050000000000000003,295,21,0.050000000000000003,5.2713065138129087,5-<10%,True,False,1,0.12581653047456823,0.51094851576500078,0.085861544956027214,0.037495605130330026,1.1944030480958938,1.1785872097137873,1.0576977802489425,0.89742852419533548,,0.9169378687748827,False,False,False,,-1,,,False,1,0.069471455796492596,0.015767579811851475,0.059613068409505664,0.12581653047456823
10000,0,single,gaussian_matched,0.050000000000000003,295,22,0.02,5.2713065138129087,5-<10%,True,False,1,0.14751417619312027,0.53888578027190215,0.059967354697338833,0.040142895598314986,1.1944030480958938,1.2165989066258125,1.0638127233281836,0.87441532088716467,,0.92427394645920757,False,False,False,,-1,,,False,1,0.065114784501548104,0.016546113498938468,0.061948846545248612,0.14751417619312027
10000,0,single,gaussian_matched,0.050000000000000003,295,22,0.050000000000000003,5.2713065138129087,5-<10%,True,False,1,0.14751417619312027,0.53888578027190215,0.059967354697338833,0.040142895598314986,1.1944030480958938,1.2165989066258125,1.0638127233281836,0.87441532088716467,,0.92427394645920757,False,False,False,,-1,,,False,1,0.065114784501548104,0.016546113498938468,0.061948846545248612,0.14751417619312027
10000,0,single,gaussian_matched,0.050000000000000003,295,23,0.02,5.2713065138129087,5-<10%,True,False,2,0.057048664866751454,0.49513881776904817,0.05245983400306941,0.0054481075618216549,1.1944030480958938,1.1892274211094518,1.1887047559423201,0.99956050023918541,,0.99979053587300282,False,False,False,,-1,,,False,1,0.0069738136929964499,0.0083208672954646692,0.038299520852502093,0.057048664866751454
10000,0,single,gaussian_matched,0.050000000000000003,295,23,0.050000000000000003,5.2713065138129087,5-<10%,True,False,3,0.057048664866751454,0.49513881776904817,0.05245983400306941,0.0054481075618216549,1.1944030480958938,1.1892274211094518,1.1887047559423201,0.99956050023918541,,0.99979053587300282,False,False,False,,-1,,,False,1,0.0069738136929964499,0.0083208672954646692,0.038299520852502093,0.057048664866751454
10000,0,single,gaussian_matched,0.050000000000000003,295,24,0.02,5.2713065138129087,5-<10%,True,False,1,0.099141092211086024,0.5016909956357799,0.08415694383406247,0.034198775976977958,1.1944030480958938,1.1725335897722347,1.1214943635168835,0.95647099008458636,,0.96759058119975216,False,False,False,,-1,,,False,1,0.046815272232027486,0.01524799305276758,0.060176974820174638,0.099141092211086024
10000,0,single,gaussian_matched,0.050000000000000003,295,24,0.050000000000000003,5.2713065138129087,5-<10%,True,False,2,0.099141092211086024,0.5016909956357799,0.08415694383406247,0.034198775976977958,1.1944030480958938,1.1725335897722347,1.1214943635168835,0.95647099008458636,,0.96759058119975216,False,False,False,,-1,,,False,1,0.046815272232027486,0.01524799305276758,0.060176974820174638,0.099141092211086024
10000,0,single,gaussian_matched,0.050000000000000003,295,25,0.02,5.2713065138129087,5-<10%,True,False,3,0.032792639474609107,0.48850821248243331,0.015351175066197396,0.036504825018649288,1.1944030480958938,1.2122397472888968,1.2073994558355381,0.99600715001782136,,1.0414443288948467,False,False,False,,-1,,,False,1,0.012702522260078168,0.014775199409299803,0.015686539109917401,0.032792639474609107
10000,0,single,gaussian_matched,0.050000000000000003,295,25,0.050000000000000003,5.2713065138129087,5-<10%,True,True,4,0.032792639474609107,0.48850821248243331,0.015351175066197396,0.036504825018649288,1.1944030480958938,1.2122397472888968,1.2073994558355381,0.99600715001782136,0.96657148367311707,1.0414443288948467,True,True,False,4>1>3>2,19,0,0,True,1,0.012702522260078168,0.014775199409299803,0.015686539109917401,0.032792639474609107
10000,0,single,gaussian_matched,0.050000000000000003,295,26,0.02,5.2713065138129087,5-<10%,True,False,2,0.047008608567571358,0.50982125281757906,0.014812083814610515,0.036532813365203622,1.1944030480958938,1.2266390646192895,1.2193592405869171,0.99406522730088354,,1.0514809518899437,False,False,False,,-1,,,False,1,0.014362139875890672,0.013733754980094836,0.024196117513870609,0.047008608567571358
10000,0,single,gaussian_matched,0.050000000000000003,295,26,0.050000000000000003,5.2713065138129087,5-<10%,True,True,4,0.047008608567571358,0.50982125281757906,0.014812083814610515,0.036532813365203622,1.1944030480958938,1.2266390646192895,1.2193592405869171,0.99406522730088354,0.96446991467768506,1.0514809518899437,True,True,False,4>1>3>2,19,0,0,True,1,0.014362139875890672,0.013733754980094836,0.024196117513870609,0.047008608567571358
10000,0,single,gaussian_matched,0.050000000000000003,295,27,0.02,5.2713065138129087,5-<10%,True,False,3,0.023516397609641238,0.40985051378445048,0.088532345076526159,0.098039132401424492,1.1944030480958938,1.1060567624156696,1.1195144856071293,1.0121672988663506,,1.019382544233763,False,False,False,,-1,,,False,1,0.018254455054113643,0.0045159500019794326,0.016436133062799223,0.023516397609641238
10000,0,single,gaussian_matched,0.050000000000000003,295,27,0.050000000000000003,5.2713065138129087,5-<10%,True,True,4,0.023516397609641238,0.40985051378445048,0.088532345076526159,0.098039132401424492,1.1944030480958938,1.1060567624156696,1.1195144856071293,1.0121672988663506,0.97051091541102585,1.019382544233763,True,True,False,4>1>3>2,19,0,0,True,1,0.018254455054113643,0.0045159500019794326,0.016436133062799223,0.023516397609641238
10000,0,single,gaussian_matched,0.050000000000000003,295,28,0.02,5.2713065138129087,5-<10%,True,False,2,0.031275379025177255,0.41858558520097761,-0.016259491819408806,0.1049696489145009,1.1944030480958938,1.1999999825737415,1.1978513569934262,0.99820947865706877,,1.0907716687301428,False,False,False,,-1,,,False,1,0.031275379025177255,0.023825643380199969,0.012889279516534499,0.017785498856217673
10000,0,single,gaussian_matched,0.050000000000000003,295,28,0.050000000000000003,5.2713065138129087,5-<10%,True,True,4,0.031275379025177255,0.41858558520097761,-0.016259491819408806,0.1049696489145009,1.1944030480958938,1.1999999825737415,1.1978513569934262,0.99820947865706877,0.97419235120201542,1.0907716687301428,True,True,False,4>1>3>2,19,0,0,True,1,0.031275379025177255,0.023825643380199969,0.012889279516534499,0.017785498856217673
10000,0,single,gaussian_matched,0.050000000000000003,295,29,0.02,5.2713065138129087,5-<10%,True,False,2,0.075513326482710252,0.53782772754472585,0.02022057908228074,0.048143025262157205,1.1944030480958938,1.2422605153758499,1.2275280042674956,0.9881405623651357,,1.0680406681507686,False,False,False,,-1,,,False,1,0.0030223644453869943,0.011915696410959043,0.042320083725330686,0.075513326482710252
10000,0,single,gaussian_matched,0.050000000000000003,295,29,0.050000000000000003,5.2713065138129087,5-<10%,True,False,3,0.075513326482710252,0.53782772754472585,0.02022057908228074,0.048143025262157205,1.1944030480958938,1.2422605153758499,1.2275280042674956,0.9881405623651357,,1.0680406681507686,False,False,False,,-1,,,False,1,0.0030223644453869943,0.011915696410959043,0.042320083725330686,0.075513326482710252
10000,0,single,gaussian_matched,0.050000000000000003,295,30,0.02,5.2713065138129087,5-<10%,True,False,1,0.13147654399893149,0.52237681883469378,0.073673975670906514,0.032575744737877901,1.1944030480958938,1.195142100887113,1.0677173153650452,0.89338105868123563,,0.92120751186712058,False,False,False,,-1,,,False,1,0.065582881287299416,0.016379201648433296,0.061480370009357667,0.13147654399893149
10000,0,single,gaussian_matched,0.050000000000000003,295,30,0.050000000000000003,5.2713065138129087,5-<10%,True,False,1,0.13147654399893149,0.52237681883469378,0.073673975670906514,0.032575744737877901,1.1944030480958938,1.195142100887113,1.0677173153650452,0.89338105868123563,,0.92120751186712058,False,False,False,,-1,,,False,1,0.065582881287299416,0.016379201648433296,0.061480370009357667,0.13147654399893149
10000,0,single,gaussian_matched,0.050000000000000003,295,31,0.02,5.2713065138129087,5-<10%,True,False,1,0.062428382583932622,0.48229241041879306,0.075050768378046862,0.030677348730081305,1.1944030480958938,1.1642238698972627,1.164846557316265,1.0005348519602655,,1.0009384252260904,False,False,False,,-1,,,False,1,0.020751306677421366,0.0079085075454744212,0.043439579714746671,0.062428382583932622
10000,0,single,gaussian_matched,0.050000000000000003,295,31,0.050000000000000003,5.2713065138129087,5-<10%,True,False,3,0.062428382583932622,0.48229241041879306,0.075050768378046862,0.030677348730081305,1.1944030480958938,1.1642238698972627,1.164846557316265,1.0005348519602655,,1.0009384252260904,False,False,False,,-1,,,False,1,0.020751306677421366,0.0079085075454744212,0.043439579714746671,0.062428382583932622
