budget,seed,mode,init_name,init_sigma,layout_index,draw_id,tolerance,gap_percent,gap_bin,numeric_valid,success,visited_count,worst_distance,initial_x,initial_y,initial_offset,optimal_nominal,optimal_sampled_start,path_length,path_length_ratio_sampled_start,completion_length_ratio_sampled_start,path_plus_connector_ratio_nominal,success_with_connector,order_evaluable,order_ambiguous,actual_order,order_class,order_excess_nominal_percent,order_excess_sampled_start_percent,success_nearopt_order,available_nearopt_center_orders,target_1_distance,target_2_distance,target_3_distance,target_4_distance
10000,0,single,gaussian_matched,0.050000000000000003,256,0,0.02,1.1075975019613689,1-<5%,True,False,0,0.14777777081705681,0.55447032190392409,-0.0016535326776793285,0.075067325824230605,1.0603083265932263,1.1353583079944281,0.98069802469461798,0.86377843698258372,,0.99571541978834199,False,False,False,,-1,,,False,2,0.052768816074250144,0.14777777081705681,0.021501755883955705,0.058117108021985428
10000,0,single,gaussian_matched,0.050000000000000003,256,0,0.050000000000000003,1.1075975019613689,1-<5%,True,False,1,0.14777777081705681,0.55447032190392409,-0.0016535326776793285,0.075067325824230605,1.0603083265932263,1.1353583079944281,0.98069802469461798,0.86377843698258372,,0.99571541978834199,False,False,False,,-1,,,False,2,0.052768816074250144,0.14777777081705681,0.021501755883955705,0.058117108021985428
10000,0,single,gaussian_matched,0.050000000000000003,256,1,0.02,1.1075975019613689,1-<5%,True,False,0,0.17284488115965443,0.60628122365693127,0.088735854276608225,0.11312013485031422,1.0603083265932263,1.1251731561715621,0.94768160428865422,0.84225401138538658,,1.0004653481759664,False,False,False,,-1,,,False,2,0.038551978405420295,0.17284488115965443,0.055348260855474521,0.10069028284210689
10000,0,single,gaussian_matched,0.050000000000000003,256,1,0.050000000000000003,1.1075975019613689,1-<5%,True,False,1,0.17284488115965443,0.60628122365693127,0.088735854276608225,0.11312013485031422,1.0603083265932263,1.1251731561715621,0.94768160428865422,0.84225401138538658,,1.0004653481759664,False,False,False,,-1,,,False,2,0.038551978405420295,0.17284488115965443,0.055348260855474521,0.10069028284210689
10000,0,single,gaussian_matched,0.050000000000000003,256,2,0.02,1.1075975019613689,1-<5%,True,False,2,0.14816317262935688,0.47339253972339101,0.00086957006547731114,0.05587267747228844,1.0603083265932263,1.0813889108396886,0.92608331325348714,0.85638321603870704,,0.9261041963904999,False,False,False,,-1,,,False,2,0.14816317262935688,0.036148688682530142,0.014828881687353225,0.018881524144465162
10000,0,single,gaussian_matched,0.050000000000000003,256,2,0.050000000000000003,1.1075975019613689,1-<5%,True,False,3,0.14816317262935688,0.47339253972339101,0.00086957006547731114,0.05587267747228844,1.0603083265932263,1.0813889108396886,0.92608331325348714,0.85638321603870704,,0.9261041963904999,False,False,False,,-1,,,False,2,0.14816317262935688,0.036148688682530142,0.014828881687353225,0.018881524144465162
10000,0,single,gaussian_matched,0.050000000000000003,256,3,0.02,1.1075975019613689,1-<5%,True,False,1,0.062417385892731443,0.48400430768059632,0.075867427027029866,0.030413581732110159,1.0603083265932263,1.0308314801283549,0.9315336628386609,0.90367211401292302,,0.9072335097673998,False,False,False,,-1,,,False,2,0.062417385892731443,0.047433219549900665,0.0054087625405964592,0.041579442630827697
10000,0,single,gaussian_matched,0.050000000000000003,256,3,0.050000000000000003,1.1075975019613689,1-<5%,True,False,3,0.062417385892731443,0.48400430768059632,0.075867427027029866,0.030413581732110159,1.0603083265932263,1.0308314801283549,0.9315336628386609,0.90367211401292302,,0.9072335097673998,False,False,False,,-1,,,False,2,0.062417385892731443,0.047433219549900665,0.0054087625405964592,0.041579442630827697
10000,0,single,gaussian_matched,0.050000000000000003,256,4,0.02,1.1075975019613689,1-<5%,True,False,1,0.13594090271178458,0.47626932626096702,0.047580992571948276,0.023853646954824309,1.0603083265932263,1.0459118476628242,0.89461255498213066,0.8553422135729849,,0.86622558637070168,False,False,False,,-1,,,False,2,0.13594090271178458,0.032500039222640158,0.0093545811912967188,0.030052287252289752
10000,0,single,gaussian_matched,0.050000000000000003,256,4,0.050000000000000003,1.1075975019613689,1-<5%,True,False,3,0.13594090271178458,0.47626932626096702,0.047580992571948276,0.023853646954824309,1.0603083265932263,1.0459118476628242,0.89461255498213066,0.8553422135729849,,0.86622558637070168,False,False,False,,-1,,,False,2,0.13594090271178458,0.032500039222640158,0.0093545811912967188,0.030052287252289752
10000,0,single,gaussian_matched,0.050000000000000003,256,5,0.02,1.1075975019613689,1-<5%,True,False,2,0.15130068425171894,0.47177270992599968,-0.01654988759473737,0.072288778131836873,1.0603083265932263,1.0951563491434322,0.93912203344189404,0.85752325152150277,,0.95388368289382097,False,False,False,,-1,,,False,2,0.15130068425171894,0.037249201391792358,0.018494262263138057,0.014704975362152609
10000,0,single,gaussian_matched,0.050000000000000003,256,5,0.050000000000000003,1.1075975019613689,1-<5%,True,False,3,0.15130068425171894,0.47177270992599968,-0.01654988759473737,0.072288778131836873,1.0603083265932263,1.0951563491434322,0.93912203344189404,0.85752325152150277,,0.95388368289382097,False,False,False,,-1,,,False,2,0.15130068425171894,0.037249201391792358,0.018494262263138057,0.014704975362152609
10000,0,single,gaussian_matched,0.050000000000000003,256,6,0.02,1.1075975019613689,1-<5%,True,False,1,0.1372751675762614,0.46465208992909246,0.069291365331055912,0.040269486248488848,1.0603083265932263,1.021943665661025,0.87419425817073215,0.85542313881389542,,0.86245078104535466,False,False,False,,-1,,,False,2,0.1372751675762614,0.029774245505926038,0.014695290794227753,0.030411763826775295
10000,0,single,gaussian_matched,0.050000000000000003,256,6,0.050000000000000003,1.1075975019613689,1-<5%,True,False,3,0.1372751675762614,0.46465208992909246,0.069291365331055912,0.040269486248488848,1.0603083265932263,1.021943665661025,0.87419425817073215,0.85542313881389542,,0.86245078104535466,False,False,False,,-1,,,False,2,0.1372751675762614,0.029774245505926038,0.014695290794227753,0.030411763826775295
10000,0,single,gaussian_matched,0.050000000000000003,256,7,0.02,1.1075975019613689,1-<5%,True,False,0,0.16079119703356451,0.57537239378606342,0.060072359423610777,0.076042423484524821,1.0603083265932263,1.1126014738463852,0.95593527357583241,0.85918929288405432,,0.97328076294194965,False,False,False,,-1,,,False,2,0.040697030770417079,0.16079119703356451,0.037850533271427553,0.080460943847945152
10000,0,single,gaussian_matched,0.050000000000000003,256,7,0.050000000000000003,1.1075975019613689,1-<5%,True,False,2,0.16079119703356451,0.57537239378606342,0.060072359423610777,0.076042423484524821,1.0603083265932263,1.1126014738463852,0.95593527357583241,0.85918929288405432,,0.97328076294194965,False,False,False,,-1,,,False,2,0.040697030770417079,0.16079119703356451,0.037850533271427553,0.080460943847945152
10000,0,single,gaussian_matched,0.050000000000000003,256,8,0.02,1.1075975019613689,1-<5%,True,False,0,0.14901688930594756,0.56061894361275111,-0.016544218976148245,0.090015495354252573,1.0603083265932263,1.1502452120602851,0.99085356834758787,0.86142811807301534,,1.0193912813781969,False,False,False,,-1,,,False,2,0.055235547289003685,0.14901688930594756,0.022614992088534919,0.05860600166901319
10000,0,single,gaussian_matched,0.050000000000000003,256,8,0.050000000000000003,1.1075975019613689,1-<5%,True,False,1,0.14901688930594756,0.56061894361275111,-0.016544218976148245,0.090015495354252573,1.0603083265932263,1.1502452120602851,0.99085356834758787,0.86142811807301534,,1.0193912813781969,False,False,False,,-1,,,False,2,0.055235547289003685,0.14901688930594756,0.022614992088534919,0.05860600166901319
10000,0,single,gaussian_matched,0.050000000000000003,256,9,0.02,1.1075975019613689,1-<5%,True,False,1,0.13221265904714632,0.47702941115667524,0.054924824579730643,0.023492591363027514,1.0603083265932263,1.0409016222660494,0.89100665660294953,0.85599506960439009,,0.86248426521770871,False,False,False,,-1,,,False,2,0.13221265904714632,0.031762156082343354,0.008796970557175118,0.032261185175776405
10000,0,single,gaussian_matched,0.050000000000000003,256,9,0.050000000000000003,1.1075975019613689,1-<5%,True,False,3,0.13221265904714632,0.47702941115667524,0.054924824579730643,0.023492591363027514,1.0603083265932263,1.0409016222660494,0.89100665660294953,0.85599506960439009,,0.86248426521770871,False,False,False,,-1,,,False,2,0.13221265904714632,0.031762156082343354,0.008796970557175118,0.032261185175776405
10000,0,single,gaussian_matched,0.050000000000000003,256,10,0.02,1.1075975019613689,1-<5%,True,False,1,0.15534370621992313,0.48200912531441692,-0.046998482979137501,0.098652811780538641,1.0603083265932263,1.1265239121191919,0.96664523034010941,0.85807786229914795,,1.0047059099719171,False,False,False,,-1,,,False,2,0.15534370621992313,0.039787840921126583,0.020371719978363158,0.013826285114420619
10000,0,single,gaussian_matched,0.050000000000000003,256,10,0.050000000000000003,1.1075975019613689,1-<5%,True,False,3,0.15534370621992313,0.48200912531441692,-0.046998482979137501,0.098652811780538641,1.0603083265932263,1.1265239121191919,0.96664523034010941,0.85807786229914795,,1.0047059099719171,False,False,False,,-1,,,False,2,0.15534370621992313,0.039787840921126583,0.020371719978363158,0.013826285114420619
10000,0,single,gaussian_matched,0.050000000000000003,256,11,0.02,1.1075975019613689,1-<5%,True,False,1,0.14881317613212397,0.44206102249656432,0.014700242820698102,0.067845397567272772,1.0603083265932263,1.0531140747918801,0.90633955813202305,0.86062809322070533,,0.91877516309746898,False,False,False,,-1,,,False,2,0.14881317613212397,0.032939713618216925,0.027306935033625468,0.0056560316275220427
10000,0,single,gaussian_matched,0.050000000000000003,256,11,0.050000000000000003,1.1075975019613689,1-<5%,True,False,3,0.14881317613212397,0.44206102249656432,0.014700242820698102,0.067845397567272772,1.0603083265932263,1.0531140747918801,0.90633955813202305,0.86062809322070533,,0.91877516309746898,False,False,False,,-1,,,False,2,0.14881317613212397,0.032939713618216925,0.027306935033625468,0.0056560316275220427
10000,0,single,gaussian_matched,0.050000000000000003,256,12,0.02,1.1075975019613689,1-<5%,True,False,1,0.11132047210914194,0.49060906335147492,0.081439274504423495,0.032811852622202001,1.0603083265932263,1.0320120184400277,0.93293801739256565,0.90399917900450366,,0.91081984908835412,False,False,False,,-1,,,False,2,0.044651504211941098,0.11132047210914194,0.0023947971364936781,0.046394634269857869
10000,0,single,gaussian_matched,0.050000000000000003,256,12,0.050000000000000003,1.1075975019613689,1-<5%,True,False,3,0.11132047210914194,0.49060906335147492,0.081439274504423495,0.032811852622202001,1.0603083265932263,1.0320120184400277,0.93293801739256565,0.90399917900450366,,0.91081984908835412,False,False,False,,-1,,,False,2,0.044651504211941098,0.11132047210914194,0.0023947971364936781,0.046394634269857869
10000,0,single,gaussian_matched,0.050000000000000003,256,13,0.02,1.1075975019613689,1-<5%,True,False,1,0.12821682341218096,0.50790845763347792,0.059173859193717045,0.012112117678038875,1.0603083265932263,1.0597264125970018,0.94229468253848836,0.8891867479543788,,0.90012195158651542,False,False,False,,-1,,,False,2,0.044431423402751261,0.12821682341218096,0.0051400589560216241,0.048404789601908069
10000,0,single,gaussian_matched,0.050000000000000003,256,13,0.050000000000000003,1.1075975019613689,1-<5%,True,False,3,0.12821682341218096,0.50790845763347792,0.059173859193717045,0.012112117678038875,1.0603083265932263,1.0597264125970018,0.94229468253848836,0.8891867479543788,,0.90012195158651542,False,False,False,,-1,,,False,2,0.044431423402751261,0.12821682341218096,0.0051400589560216241,0.048404789601908069
10000,0,single,gaussian_matched,0.050000000000000003,256,14,0.02,1.1075975019613689,1-<5%,True,False,1,0.12486826571748227,0.4866337990242342,0.042253108909692152,0.015448936859527055,1.0603083265932263,1.0567484184138589,0.90728219456027559,0.8585602578162107,,0.87024793475360174,False,False,False,,-1,,,False,2,0.12486826571748227,0.033498494157734413,0.0047747784171831842,0.033957417234339732
10000,0,single,gaussian_matched,0.050000000000000003,256,14,0.050000000000000003,1.1075975019613689,1-<5%,True,False,3,0.12486826571748227,0.4866337990242342,0.042253108909692152,0.015448936859527055,1.0603083265932263,1.0567484184138589,0.90728219456027559,0.8585602578162107,,0.87024793475360174,False,False,False,,-1,,,False,2,0.12486826571748227,0.033498494157734413,0.0047747784171831842,0.033957417234339732
10000,0,single,gaussian_matched,0.050000000000000003,256,15,0.02,1.1075975019613689,1-<5%,True,False,1,0.12431942989822592,0.50730527602785436,0.098645815402017084,0.049191283922766907,1.0603083265932263,1.0346191007691363,0.93104804826678067,0.89989450955877304,,0.92448517813592901,False,False,False,,-1,,,False,2,0.03708356755758288,0.12431942989822592,0.0051202470855465226,0.059657117395734503
10000,0,single,gaussian_matched,0.050000000000000003,256,15,0.050000000000000003,1.1075975019613689,1-<5%,True,False,2,0.12431942989822592,0.50730527602785436,0.098645815402017084,0.049191283922766907,1.0603083265932263,1.0346191007691363,0.93104804826678067,0.89989450955877304,,0.92448517813592901,False,False,False,,-1,,,False,2,0.03708356755758288,0.12431942989822592,0.0051202470855465226,0.059657117395734503
10000,0,single,gaussian_matched,0.050000000000000003,256,16,0.02,1.1075975019613689,1-<5%,True,False,1,0.12139984566857721,0.51335002575590249,0.13268984464685618,0.083760573036509661,1.0603083265932263,1.0223880157838066,0.92528495150422585,0.90502327611387612,,0.95165292890116371,False,False,False,,-1,,,False,2,0.029388413729233537,0.12139984566857721,0.0068510471126022633,0.07299368205744905
10000,0,single,gaussian_matched,0.050000000000000003,256,16,0.050000000000000003,1.1075975019613689,1-<5%,True,False,2,0.12139984566857721,0.51335002575590249,0.13268984464685618,0.083760573036509661,1.0603083265932263,1.0223880157838066,0.92528495150422585,0.90502327611387612,,0.95165292890116371,False,False,False,,-1,,,False,2,0.029388413729233537,0.12139984566857721,0.0068510471126022633,0.07299368205744905
10000,0,single,gaussian_matched,0.050000000000000003,256,17,0.02,1.1075975019613689,1-<5%,True,False,1,0.15443840338023032,0.51074841134727367,-0.060574755088332391,0.11109592615994024,1.0603083265932263,1.1532390739680516,0.98598246589830763,0.85496796644753859,,1.0346786538809554,False,False,False,,-1,,,False,2,0.15443840338023032,0.042120971247732626,0.0094472296999964581,0.025601380806387776
10000,0,single,gaussian_matched,0.050000000000000003,256,17,0.050000000000000003,1.1075975019613689,1-<5%,True,False,3,0.15443840338023032,0.51074841134727367,-0.060574755088332391,0.11109592615994024,1.0603083265932263,1.1532390739680516,0.98598246589830763,0.85496796644753859,,1.0346786538809554,False,False,False,,-1,,,False,2,0.15443840338023032,0.042120971247732626,0.0094472296999964581,0.025601380806387776
10000,0,single,gaussian_matched,0.050000000000000003,256,18,0.02,1.1075975019613689,1-<5%,True,False,0,0.15540167835121627,0.5675277495304204,0.11252814314897677,0.092031329678007603,1.0603083265932263,1.0799334379431889,0.93120289160196257,0.86227804315005341,,0.96503459948072334,False,False,False,,-1,,,False,2,0.03143014682646434,0.15540167835121627,0.035397592328086883,0.090836204298814435
10000,0,single,gaussian_matched,0.050000000000000003,256,18,0.050000000000000003,1.1075975019613689,1-<5%,True,False,2,0.15540167835121627,0.5675277495304204,0.11252814314897677,0.092031329678007603,1.0603083265932263,1.0799334379431889,0.93120289160196257,0.86227804315005341,,0.96503459948072334,False,False,False,,-1,,,False,2,0.03143014682646434,0.15540167835121627,0.035397592328086883,0.090836204298814435
10000,0,single,gaussian_matched,0.050000000000000003,256,19,0.02,1.1075975019613689,1-<5%,True,False,1,0.11019060606090453,0.47817453267203081,0.076091428122159327,0.034016373197888944,1.0603083265932263,1.0264539001998407,0.88912046419574309,0.86620593873981078,,0.87063056494111801,False,False,False,,-1,,,False,2,0.11019060606090453,0.029347786743393459,0.0081651750217317017,0.03893474812115609
10000,0,single,gaussian_matched,0.050000000000000003,256,19,0.050000000000000003,1.1075975019613689,1-<5%,True,False,3,0.11019060606090453,0.47817453267203081,0.076091428122159327,0.034016373197888944,1.0603083265932263,1.0264539001998407,0.88912046419574309,0.86620593873981078,,0.87063056494111801,False,False,False,,-1,,,False,2,0.11019060606090453,0.029347786743393459,0.0081651750217317017,0.03893474812115609
10000,0,single,gaussian_matched,0.050000000000000003,256,20,0.02,1.1075975019613689,1-<5%,True,False,1,0.077375508810951288,0.48188323249473169,0.072433829796094765,0.028835637398193482,1.0603083265932263,1.0316625723723525,0.92613460501731049,0.89771077270703359,,0.90065334626186155,False,False,False,,-1,,,False,2,0.077375508810951288,0.036365051662936541,0.006382353387927202,0.039527320698107729
10000,0,single,gaussian_matched,0.050000000000000003,256,20,0.050000000000000003,1.1075975019613689,1-<5%,True,False,3,0.077375508810951288,0.48188323249473169,0.072433829796094765,0.028835637398193482,1.0603083265932263,1.0316625723723525,0.92613460501731049,0.89771077270703359,,0.90065334626186155,False,False,False,,-1,,,False,2,0.077375508810951288,0.036365051662936541,0.006382353387927202,0.039527320698107729
10000,0,single,gaussian_matched,0.050000000000000003,256,21,0.02,1.1075975019613689,1-<5%,True,False,1,0.15106975367063871,0.43592759332601566,-0.0024630520110016652,0.082810899785629055,1.0603083265932263,1.0653647902534924,0.91829105639929243,0.86194988308257747,,0.94416117564733737,False,False,False,,-1,,,False,2,0.15106975367063871,0.033835757183652108,0.031362642182305549,0.00036800743414033344
10000,0,single,gaussian_matched,0.050000000000000003,256,21,0.050000000000000003,1.1075975019613689,1-<5%,True,False,3,0.15106975367063871,0.43592759332601566,-0.0024630520110016652,0.082810899785629055,1.0603083265932263,1.0653647902534924,0.91829105639929243,0.86194988308257747,,0.94416117564733737,False,False,False,,-1,,,False,2,0.15106975367063871,0.033835757183652108,0.031362642182305549,0.00036800743414033344
10000,0,single,gaussian_matched,0.050000000000000003,256,22,0.02,1.1075975019613689,1-<5%,True,False,1,0.1455406613524535,0.53422571680328923,-0.055006049546152916,0.11044306285135376,1.0603083265932263,1.1622193560475991,0.9889770516101879,0.85093837618867196,,1.0368871835553548,False,False,False,,-1,,,False,2,0.1455406613524535,0.043175031700884298,0.0040935111959059453,0.038587571251306907
10000,0,single,gaussian_matched,0.050000000000000003,256,22,0.050000000000000003,1.1075975019613689,1-<5%,True,False,3,0.1455406613524535,0.53422571680328923,-0.055006049546152916,0.11044306285135376,1.0603083265932263,1.1622193560475991,0.9889770516101879,0.85093837618867196,,1.0368871835553548,False,False,False,,-1,,,False,2,0.1455406613524535,0.043175031700884298,0.0040935111959059453,0.038587571251306907
10000,0,single,gaussian_matched,0.050000000000000003,256,23,0.02,1.1075975019613689,1-<5%,True,False,0,0.15946841986879667,0.57276587244287858,0.042391156392768858,0.073162604473956352,1.0603083265932263,1.1206122501611548,0.96435743150940145,0.86056299257010405,,0.97850786413883284,False,False,False,,-1,,,False,2,0.043920302239856462,0.15946841986879667,0.035276940767746449,0.075405760140690656
10000,0,single,gaussian_matched,0.050000000000000003,256,23,0.050000000000000003,1.1075975019613689,1-<5%,True,False,2,0.15946841986879667,0.57276587244287858,0.042391156392768858,0.073162604473956352,1.0603083265932263,1.1206122501611548,0.96435743150940145,0.86056299257010405,,0.97850786413883284,False,False,False,,-1,,,False,2,0.043920302239856462,0.15946841986879667,0.035276940767746449,0.075405760140690656
10000,0,single,gaussian_matched,0.050000000000000003,256,24,0.02,1.1075975019613689,1-<5%,True,False,1,0.14538085596565095,0.40779127174189883,0.064104335964880022,0.093281197783832911,1.0603083265932263,0.99330192432804498,0.86014018124192659,0.86594031499918767,,0.89919257928408913,False,False,False,,-1,,,False,2,0.14538085596565095,0.026063631782559712,0.040818033535743189,0.00066297314950288541
10000,0,single,gaussian_matched,0.050000000000000003,256,24,0.050000000000000003,1.1075975019613689,1-<5%,True,False,3,0.14538085596565095,0.40779127174189883,0.064104335964880022,0.093281197783832911,1.0603083265932263,0.99330192432804498,0.86014018124192659,0.86594031499918767,,0.89919257928408913,False,False,False,,-1,,,False,2,0.14538085596565095,0.026063631782559712,0.040818033535743189,0.00066297314950288541
10000,0,single,gaussian_matched,0.050000000000000003,256,25,0.02,1.1075975019613689,1-<5%,True,False,1,0.14216595115786471,0.41619744159430155,0.10161796645687141,0.098423997360822538,1.0603083265932263,0.96610266861690897,0.83462631074807336,0.86391057375189773,,0.87998017624438474,False,False,False,,-1,,,False,2,0.14216595115786471,0.02318535011617362,0.038217395072377432,0.016519143628985742
10000,0,single,gaussian_matched,0.050000000000000003,256,25,0.050000000000000003,1.1075975019613689,1-<5%,True,False,3,0.14216595115786471,0.41619744159430155,0.10161796645687141,0.098423997360822538,1.0603083265932263,0.96610266861690897,0.83462631074807336,0.86391057375189773,,0.87998017624438474,False,False,False,,-1,,,False,2,0.14216595115786471,0.02318535011617362,0.038217395072377432,0.016519143628985742
10000,0,single,gaussian_matched,0.050000000000000003,256,26,0.02,1.1075975019613689,1-<5%,True,False,1,0.15408327505815803,0.43854443783823882,-0.027413745482534682,0.098841661814503864,1.0603083265932263,1.0889851208852919,0.93911122505059941,0.86237287088656245,,0.97891609528338708,False,False,False,,-1,,,False,2,0.15408327505815803,0.035853252425030242,0.033601738195497513,0.0029671216796685607
10000,0,single,gaussian_matched,0.050000000000000003,256,26,0.050000000000000003,1.1075975019613689,1-<5%,True,False,3,0.15408327505815803,0.43854443783823882,-0.027413745482534682,0.098841661814503864,1.0603083265932263,1.0889851208852919,0.93911122505059941,0.86237287088656245,,0.97891609528338708,False,False,False,,-1,,,False,2,0.15408327505815803,0.035853252425030242,0.033601738195497513,0.0029671216796685607
10000,0,single,gaussian_matched,0.050000000000000003,256,27,0.02,1.1075975019613689,1-<5%,True,False,1,0.15083067824910659,0.45237052089191437,-0.0047940540491984845,0.072601347365279997,1.0603083265932263,1.0751568568122749,0.92437373903946973,0.85975709793651789,,0.94026903439307474,False,False,False,,-1,,,False,2,0.15083067824910659,0.035152992541193417,0.02508493199264163,0.0075251501575876057
10000,0,single,gaussian_matched,0.050000000000000003,256,27,0.050000000000000003,1.1075975019613689,1-<5%,True,False,3,0.15083067824910659,0.45237052089191437,-0.0047940540491984845,0.072601347365279997,1.0603083265932263,1.0751568568122749,0.92437373903946973,0.85975709793651789,,0.94026903439307474,False,False,False,,-1,,,False,2,0.15083067824910659,0.035152992541193417,0.02508493199264163,0.0075251501575876057
10000,0,single,gaussian_matched,0.050000000000000003,256,28,0.02,1.1075975019613689,1-<5%,True,False,1,0.13847236953324693,0.52941602383942377,0.073351723045996048,0.037558027474009471,1.0603083265932263,1.0673503019429609,0.93929677665115729,0.8800267118876528,,0.92129315560861824,False,False,False,,-1,,,False,2,0.040301445709370498,0.13847236953324693,0.015457233112277768,0.062340138689292432
10000,0,single,gaussian_matched,0.050000000000000003,256,28,0.050000000000000003,1.1075975019613689,1-<5%,True,False,2,0.13847236953324693,0.52941602383942377,0.073351723045996048,0.037558027474009471,1.0603083265932263,1.0673503019429609,0.93929677665115729,0.8800267118876528,,0.92129315560861824,False,False,False,,-1,,,False,2,0.040301445709370498,0.13847236953324693,0.015457233112277768,0.062340138689292432
10000,0,single,gaussian_matched,0.050000000000000003,256,29,0.02,1.1075975019613689,1-<5%,True,False,1,0.15086579966454086,0.46451744291288893,-0.010031047469140651,0.069733338638575976,1.0603083265932263,1.0858109594849248,0.93188175512406546,0.85823572416889349,,0.94464512693287395,False,False,False,,-1,,,False,2,0.15086579966454086,0.036338399718815508,0.020642522319467581,0.012483101392906013
10000,0,single,gaussian_matched,0.050000000000000003,256,29,0.050000000000000003,1.1075975019613689,1-<5%,True,False,3,0.15086579966454086,0.46451744291288893,-0.010031047469140651,0.069733338638575976,1.0603083265932263,1.0858109594849248,0.93188175512406546,0.85823572416889349,,0.94464512693287395,False,False,False,,-1,,,False,2,0.15086579966454086,0.036338399718815508,0.020642522319467581,0.012483101392906013
10000,0,single,gaussian_matched,0.050000000000000003,256,30,0.02,1.1075975019613689,1-<5%,True,False,1,0.14243930911022584,0.53821130693601527,0.023968392069174949,0.0462357933772371,1.0603083265932263,1.1058737009531481,0.9626676582227196,0.87050416100229189,,0.95151893679979516,False,False,False,,-1,,,False,2,0.048797178561673663,0.14243930911022584,0.016695781409396867,0.055277297650376651
10000,0,single,gaussian_matched,0.050000000000000003,256,30,0.050000000000000003,1.1075975019613689,1-<5%,True,False,2,0.14243930911022584,0.53821130693601527,0.023968392069174949,0.0462357933772371,1.0603083265932263,1.1058737009531481,0.9626676582227196,0.87050416100229189,,0.95151893679979516,False,False,False,,-1,,,False,2,0.048797178561673663,0.14243930911022584,0.016695781409396867,0.055277297650376651
10000,0,single,gaussian_matched,0.050000000000000003,256,31,0.02,1.1075975019613689,1-<5%,True,False,0,0.1563187646739822,0.56537291287395275,0.049575451501602627,0.06537429142295087,1.0603083265932263,1.1103995928494728,0.95848230398148715,0.86318682945646596,,0.96562157414541139,False,False,False,,-1,,,False,2,0.042742146496108795,0.1563187646739822,0.032072165711676384,0.073576713833318652
10000,0,single,gaussian_matched,0.050000000000000003,256,31,0.050000000000000003,1.1075975019613689,1-<5%,True,False,2,0.1563187646739822,0.56537291287395275,0.049575451501602627,0.06537429142295087,1.0603083265932263,1.1103995928494728,0.95848230398148715,0.86318682945646596,,0.96562157414541139,False,False,False,,-1,,,False,2,0.042742146496108795,0.1563187646739822,0.032072165711676384,0.073576713833318652
10000,0,single,gaussian_matched,0.050000000000000003,257,0,0.02,6.7098763663794321,5-<10%,True,False,3,0.020010486878071443,0.50503756695314528,0.08986738162816868,0.040184389987823164,1.4910611195330521,1.4547600165184609,1.4505845226972285,0.99712977138921843,,0.99980402758534004,False,False,False,,-1,,,False,1,0.0054443636683563033,0.017492519711364382,0.020010486878071443,0.0072360486648219303
10000,0,single,gaussian_matched,0.050000000000000003,257,0,0.050000000000000003,6.7098763663794321,5-<10%,True,True,4,0.020010486878071443,0.50503756695314528,0.08986738162816868,0.040184389987823164,1.4910611195330521,1.4547600165184609,1.4505845226972285,0.99712977138921843,0.96591815477101284,0.99980402758534004,True,True,False,3>2>4>1,15,0,0,True,1,0.0054443636683563033,0.017492519711364382,0.020010486878071443,0.0072360486648219303
10000,0,single,gaussian_matched,0.050000000000000003,257,1,0.02,6.7098763663794321,5-<10%,True,True,4,0.016143757226451848,0.50791967023831142,0.060971174512785525,0.013530995782779266,1.4910611195330521,1.4829761927128216,1.467218461757223,0.98937425224151931,0.9821431206212845,0.99308434653820288,True,True,False,3>2>4>1,15,0,0,True,1,0.010597350596817651,0.0018107217868245282,0.016143757226451848,0.0022765877668360344
10000,0,single,gaussian_matched,0.050000000000000003,257,1,0.050000000000000003,6.7098763663794321,5-<10%,True,True,4,0.016143757226451848,0.50791967023831142,0.060971174512785525,0.013530995782779266,1.4910611195330521,1.4829761927128216,1.467218461757223,0.98937425224151931,0.96138882693725003,0.99308434653820288,True,True,False,3>2>4>1,15,0,0,True,1,0.010597350596817651,0.0018107217868245282,0.016143757226451848,0.0022765877668360344
10000,0,single,gaussian_matched,0.050000000000000003,257,2,0.02,6.7098763663794321,5-<10%,True,False,3,0.035435118864789492,0.4782159419082358,0.11696547526632685,0.070419600003055902,1.4910611195330521,1.4206810778555956,1.4331666122768958,1.0087884146666795,,1.0084001202786523,False,False,False,,-1,,,False,1,8.3435874813077803e-05,0.035435118864789492,0.0075475415805261493,0.0022763323575180809
10000,0,single,gaussian_matched,0.050000000000000003,257,2,0.050000000000000003,6.7098763663794321,5-<10%,True,True,4,0.035435118864789492,0.4782159419082358,0.11696547526632685,0.070419600003055902,1.4910611195330521,1.4206810778555956,1.4331666122768958,1.0087884146666795,0.9725473370292701,1.0084001202786523,True,True,False,3>2>4>1,15,0,0,True,1,8.3435874813077803e-05,0.035435118864789492,0.0075475415805261493,0.0022763323575180809
10000,0,single,gaussian_matched,0.050000000000000003,257,3,0.02,6.7098763663794321,5-<10%,True,False,2,0.033556814718860739,0.44124734004615418,0.089063594988831804,0.07055380574500375,1.4910611195330521,1.4415697570698176,1.4445779383591861,1.002086740010059,,1.0161432849772623,False,False,False,,-1,,,False,1,0.0060985857112075175,0.033556814718860739,0.02179851856420285,0.013136644283155816
10000,0,single,gaussian_matched,0.050000000000000003,257,3,0.050000000000000003,6.7098763663794321,5-<10%,True,True,4,0.033556814718860739,0.44124734004615418,0.089063594988831804,0.07055380574500375,1.4910611195330521,1.4415697570698176,1.4445779383591861,1.002086740010059,0.96589795545955159,1.0161432849772623,True,True,False,3>2>4>1,15,0,0,True,1,0.0060985857112075175,0.033556814718860739,0.02179851856420285,0.013136644283155816
10000,0,single,gaussian_matched,0.050000000000000003,257,4,0.02,6.7098763663794321,5-<10%,True,False,3,0.049164751130486795,0.44287738443577029,0.12940936945900416,0.097820453724031559,1.4910611195330521,1.4015822294693909,1.4236174131646602,1.0157216488850684,,1.0203725702170763,False,False,False,,-1,,,False,1,0.0010319132898491815,0.049164751130486795,0.014099923583386067,0.006959484957167702
10000,0,single,gaussian_matched,0.050000000000000003,257,4,0.050000000000000003,6.7098763663794321,5-<10%,True,True,4,0.049164751130486795,0.44287738443577029,0.12940936945900416,0.097820453724031559,1.4910611195330521,1.4015822294693909,1.4236174131646602,1.0157216488850684,0.97527258641164072,1.0203725702170763,True,True,False,3>2>4>1,15,0,0,True,1,0.0010319132898491815,0.049164751130486795,0.014099923583386067,0.006959484957167702
10000,0,single,gaussian_matched,0.050000000000000003,257,5,0.02,6.7098763663794321,5-<10%,True,False,1,0.052552375881831863,0.47014670425038224,-0.031216386891509115,0.086529305826554742,1.4910611195330521,1.5643733699231892,1.5171910533938864,0.96983947858200914,,1.0755564196608318,False,False,False,,-1,,,False,1,0.023742894640604667,0.012621061865830036,0.052552375881831863,0.030212920346106842
10000,0,single,gaussian_matched,0.050000000000000003,257,5,0.050000000000000003,6.7098763663794321,5-<10%,True,False,3,0.052552375881831863,0.47014670425038224,-0.031216386891509115,0.086529305826554742,1.4910611195330521,1.5643733699231892,1.5171910533938864,0.96983947858200914,,1.0755564196608318,False,False,False,,-1,,,False,1,0.023742894640604667,0.012621061865830036,0.052552375881831863,0.030212920346106842
10000,0,single,gaussian_matched,0.050000000000000003,257,6,0.02,6.7098763663794321,5-<10%,True,False,1,0.052662297929560418,0.47008540463115644,-0.031403556245148859,0.086726132079314774,1.4910611195330521,1.5645502894392245,1.5173011743513536,0.96980019408337059,,1.0757622778957534,False,False,False,,-1,,,False,1,0.023768977311463893,0.012656748210822516,0.052662297929560418,0.030273478813523921
10000,0,single,gaussian_matched,0.050000000000000003,257,6,0.050000000000000003,6.7098763663794321,5-<10%,True,False,3,0.052662297929560418,0.47008540463115644,-0.031403556245148859,0.086726132079314774,1.4910611195330521,1.5645502894392245,1.5173011743513536,0.96980019408337059,,1.0757622778957534,False,False,False,,-1,,,False,1,0.023768977311463893,0.012656748210822516,0.052662297929560418,0.030273478813523921
10000,0,single,gaussian_matched,0.050000000000000003,257,7,0.02,6.7098763663794321,5-<10%,True,False,1,0.039572513999459734,0.41535824362696994,-0.00096255355993807301,0.098799842040667926,1.4910611195330521,1.530807932605299,1.4953839740502839,0.97685930559902001,,1.0691606099890756,False,False,False,,-1,,,False,1,0.019499026407779153,0.034205276138215265,0.033391937441934291,0.039572513999459734
10000,0,single,gaussian_matched,0.050000000000000003,257,7,0.050000000000000003,6.7098763663794321,5-<10%,True,True,4,0.039572513999459734,0.41535824362696994,-0.00096255355993807301,0.098799842040667926,1.4910611195330521,1.530807932605299,1.4953839740502839,0.97685930559902001,0.94966580867724748,1.0691606099890756,True,True,False,3>2>4>1,15,0,0,True,1,0.019499026407779153,0.034205276138215265,0.033391937441934291,0.039572513999459734
10000,0,single,gaussian_matched,0.050000000000000003,257,8,0.02,6.7098763663794321,5-<10%,True,False,3,0.024933341035795843,0.51111267201768495,0.033804564626045655,0.019641374858307907,1.4910611195330521,1.5097935281345041,1.4833321052391937,0.98247348236549537,,1.0079891832792074,False,False,False,,-1,,,False,1,0.015186557132656394,0.0082257390126469192,0.024933341035795843,0.0035281424912688452
10000,0,single,gaussian_matched,0.050000000000000003,257,8,0.050000000000000003,6.7098763663794321,5-<10%,True,True,4,0.024933341035795843,0.51111267201768495,0.033804564626045655,0.019641374858307907,1.4910611195330521,1.5097935281345041,1.4833321052391937,0.98247348236549537,0.95751437712672682,1.0079891832792074,True,True,False,3>2>4>1,15,0,0,True,1,0.015186557132656394,0.0082257390126469192,0.024933341035795843,0.0035281424912688452
10000,0,single,gaussian_matched,0.050000000000000003,257,9,0.02,6.7098763663794321,5-<10%,True,False,2,0.07387430655593466,0.58823073641792012,0.08124079475050705,0.093598344565979388,1.4910611195330521,1.5014702384844747,1.4698977097307622,0.97897225802785104,,1.0485794537962156,False,False,False,,-1,,,False,1,0.015941164299417464,0.0026815947481548187,0.07387430655593466,0.02850995977833673
10000,0,single,gaussian_matched,0.050000000000000003,257,9,0.050000000000000003,6.7098763663794321,5-<10%,True,False,3,0.07387430655593466,0.58823073641792012,0.08124079475050705,0.093598344565979388,1.4910611195330521,1.5014702384844747,1.4698977097307622,0.97897225802785104,,1.0485794537962156,False,False,False,,-1,,,False,1,0.015941164299417464,0.0026815947481548187,0.07387430655593466,0.02850995977833673
10000,0,single,gaussian_matched,0.050000000000000003,257,10,0.02,6.7098763663794321,5-<10%,True,False,3,0.023147922978390346,0.48793682934281407,0.020156192018482039,0.032189640587339696,1.4910611195330521,1.5169553051514448,1.4880862010778939,0.98096904768682769,,1.0195932425233718,False,False,False,,-1,,,False,1,0.016422673412374737,0.0023109236031329515,0.023147922978390346,0.013128324980520094
10000,0,single,gaussian_matched,0.050000000000000003,257,10,0.050000000000000003,6.7098763663794321,5-<10%,True,True,4,0.023147922978390346,0.48793682934281407,0.020156192018482039,0.032189640587339696,1.4910611195330521,1.5169553051514448,1.4880862010778939,0.98096904768682769,0.95575148528173692,1.0195932425233718,True,True,False,3>2>4>1,15,0,0,True,1,0.016422673412374737,0.0023109236031329515,0.023147922978390346,0.013128324980520094
10000,0,single,gaussian_matched,0.050000000000000003,257,11,0.02,6.7098763663794321,5-<10%,True,False,2,0.070576318599797738,0.5825622659893861,0.043247356514488217,0.082837949994821608,1.4910611195330521,1.5303444497616558,1.4896082175905265,0.97338100440232667,,1.0545819664842331,False,False,False,,-1,,,False,1,0.019845955834130017,0.024012463422988038,0.070576318599797738,0.015602003830553017
10000,0,single,gaussian_matched,0.050000000000000003,257,11,0.050000000000000003,6.7098763663794321,5-<10%,True,False,3,0.070576318599797738,0.5825622659893861,0.043247356514488217,0.082837949994821608,1.4910611195330521,1.5303444497616558,1.4896082175905265,0.97338100440232667,,1.0545819664842331,False,False,False,,-1,,,False,1,0.019845955834130017,0.024012463422988038,0.070576318599797738,0.015602003830553017
10000,0,single,gaussian_matched,0.050000000000000003,257,12,0.02,6.7098763663794321,5-<10%,True,False,3,0.039155536517868093,0.52711202528029799,0.022276112816962665,0.038777259255100782,1.4910611195330521,1.5258285196981092,1.4925677920788669,0.97820152973295915,,1.0270169554240212,False,False,False,,-1,,,False,1,0.017945717422492149,0.013804201524784447,0.039155536517868093,0.0022710637571316207
10000,0,single,gaussian_matched,0.050000000000000003,257,12,0.050000000000000003,6.7098763663794321,5-<10%,True,True,4,0.039155536517868093,0.52711202528029799,0.022276112816962665,0.038777259255100782,1.4910611195330521,1.5258285196981092,1.4925677920788669,0.97820152973295915,0.9556235103152908,1.0270169554240212,True,True,False,3>2>4>1,15,0,0,True,1,0.017945717422492149,0.013804201524784447,0.039155536517868093,0.0022710637571316207
10000,0,single,gaussian_matched,0.050000000000000003,257,13,0.02,6.7098763663794321,5-<10%,True,False,3,0.037342359349941782,0.42930825700409769,0.086218175253337331,0.079429709469946819,1.4910611195330521,1.4436969868400888,1.4452321900890595,1.0010633832881586,,1.0225348106699186,False,False,False,,-1,,,False,1,0.0070152836672368914,0.037342359349941782,0.018951532455685545,0.017479797014664067
10000,0,single,gaussian_matched,0.050000000000000003,257,13,0.050000000000000003,6.7098763663794321,5-<10%,True,True,4,0.037342359349941782,0.42930825700409769,0.086218175253337331,0.079429709469946819,1.4910611195330521,1.4436969868400888,1.4452321900890595,1.0010633832881586,0.9642605197933789,1.0225348106699186,True,True,False,3>2>4>1,15,0,0,True,1,0.0070152836672368914,0.037342359349941782,0.018951532455685545,0.017479797014664067
10000,0,single,gaussian_matched,0.050000000000000003,257,14,0.02,6.7098763663794321,5-<10%,True,False,2,0.032112777206635156,0.42697329393868605,0.060871354164387215,0.073831471199841917,1.4910611195330521,1.4689709787393457,1.4593522615933603,0.99345207135797875,,1.0282500916349704,False,False,False,,-1,,,False,1,0.010798263112576699,0.032112777206635156,0.003439844270495292,0.022756082269942159
10000,0,single,gaussian_matched,0.050000000000000003,257,14,0.050000000000000003,6.7098763663794321,5-<10%,True,True,4,0.032112777206635156,0.42697329393868605,0.060871354164387215,0.073831471199841917,1.4910611195330521,1.4689709787393457,1.4593522615933603,0.99345207135797875,0.95948977628774612,1.0282500916349704,True,True,False,3>2>4>1,15,0,0,True,1,0.010798263112576699,0.032112777206635156,0.003439844270495292,0.022756082269942159
10000,0,single,gaussian_matched,0.050000000000000003,257,15,0.02,6.7098763663794321,5-<10%,True,False,3,0.027192297381249446,0.5227321494960534,0.049892319776243588,0.022732404530570651,1.4910611195330521,1.4983984129601968,1.4759658937533497,0.98502900229150003,,1.0051219756526546,False,False,False,,-1,,,False,1,0.013317237286385926,0.0067114286275159361,0.027192297381249446,0.0036673108511410565
10000,0,single,gaussian_matched,0.050000000000000003,257,15,0.050000000000000003,6.7098763663794321,5-<10%,True,True,4,0.027192297381249446,0.5227321494960534,0.049892319776243588,0.022732404530570651,1.4910611195330521,1.4983984129601968,1.4759658937533497,0.98502900229150003,0.95936983204346959,1.0051219756526546,True,True,False,3>2>4>1,15,0,0,True,1,0.013317237286385926,0.0067114286275159361,0.027192297381249446,0.0036673108511410565
10000,0,single,gaussian_matched,0.050000000000000003,257,16,0.02,6.7098763663794321,5-<10%,True,False,1,0.049149576658635077,0.53304282575174944,0.13452150184271866,0.090750827034298528,1.4910611195330521,1.4265927097910638,1.4301809787499769,1.0025152721826531,,1.0200331735969199,False,False,False,,-1,,,False,1,0.0066085137764834356,0.039578440401989184,0.049149576658635077,0.022184131913776318
10000,0,single,gaussian_matched,0.050000000000000003,257,16,0.050000000000000003,6.7098763663794321,5-<10%,True,True,4,0.049149576658635077,0.53304282575174944,0.13452150184271866,0.090750827034298528,1.4910611195330521,1.4265927097910638,1.4301809787499769,1.0025152721826531,0.96951076483469634,1.0200331735969199,True,True,False,3>2>4>1,15,0,0,True,1,0.0066085137764834356,0.039578440401989184,0.049149576658635077,0.022184131913776318
10000,0,single,gaussian_matched,0.050000000000000003,257,17,0.02,6.7098763663794321,5-<10%,True,False,2,0.038091693726745549,0.406797058803676,0.029727489485033606,0.095382193989364983,1.4910611195330521,1.5004360513352697,1.4767626315838616,0.98422230675519917,,1.0543798674500793,False,False,False,,-1,,,False,1,0.015654813766734041,0.038091693726745549,0.015271594982498346,0.035642888537393419
10000,0,single,gaussian_matched,0.050000000000000003,257,17,0.050000000000000003,6.7098763663794321,5-<10%,True,True,4,0.038091693726745549,0.406797058803676,0.029727489485033606,0.095382193989364983,1.4910611195330521,1.5004360513352697,1.4767626315838616,0.98422230675519917,0.95268748151566851,1.0543798674500793,True,True,False,3>2>4>1,15,0,0,True,1,0.015654813766734041,0.038091693726745549,0.015271594982498346,0.035642888537393419
10000,0,single,gaussian_matched,0.050000000000000003,257,18,0.02,6.7098763663794321,5-<10%,True,False,2,0.045086463835440807,0.52091457588875711,0.0040687530487176701,0.050468791654905538,1.4910611195330521,1.5411010408432462,1.5021545629766453,0.97472814771100891,,1.0412875329468574,False,False,False,,-1,,,False,1,0.020368929219806684,0.0096282153700067308,0.045086463835440807,0.0085029115695499525
10000,0,single,gaussian_matched,0.050000000000000003,257,18,0.050000000000000003,6.7098763663794321,5-<10%,True,True,4,0.045086463835440807,0.52091457588875711,0.0040687530487176701,0.050468791654905538,1.4910611195330521,1.5411010408432462,1.5021545629766453,0.97472814771100891,0.95349424841890029,1.0412875329468574,True,True,False,3>2>4>1,15,0,0,True,1,0.020368929219806684,0.0096282153700067308,0.045086463835440807,0.0085029115695499525
10000,0,single,gaussian_matched,0.050000000000000003,257,19,0.02,6.7098763663794321,5-<10%,True,False,1,0.055851440051139734,0.45453382469120041,-0.038699803255459492,0.099673608316182272,1.4910611195330521,1.570009512992949,1.5205515709163107,0.96849831694181554,,1.0866255970378267,False,False,False,,-1,,,False,1,0.024577453347952895,0.019193340624259373,0.055851440051139734,0.036215527440122221
10000,0,single,gaussian_matched,0.050000000000000003,257,19,0.050000000000000003,6.7098763663794321,5-<10%,True,False,3,0.055851440051139734,0.45453382469120041,-0.038699803255459492,0.099673608316182272,1.4910611195330521,1.570009512992949,1.5205515709163107,0.96849831694181554,,1.0866255970378267,False,False,False,,-1,,,False,1,0.024577453347952895,0.019193340624259373,0.055851440051139734,0.036215527440122221
10000,0,single,gaussian_matched,0.050000000000000003,257,20,0.02,6.7098763663794321,5-<10%,True,False,1,0.066887728327619217,0.55724297712277404,8.0702061091703081e-06,0.075999680751933044,1.4910611195330521,1.5575785502599044,1.5095889871982411,0.96918963537751879,,1.0633961594054069,False,False,False,,-1,,,False,1,0.023685996053249558,0.021458469859314461,0.066887728327619217,0.0016975869027728969
10000,0,single,gaussian_matched,0.050000000000000003,257,20,0.050000000000000003,6.7098763663794321,5-<10%,True,False,3,0.066887728327619217,0.55724297712277404,8.0702061091703081e-06,0.075999680751933044,1.4910611195330521,1.5575785502599044,1.5095889871982411,0.96918963537751879,,1.0633961594054069,False,False,False,,-1,,,False,1,0.023685996053249558,0.021458469859314461,0.066887728327619217,0.0016975869027728969
10000,0,single,gaussian_matched,0.050000000000000003,257,21,0.02,6.7098763663794321,5-<10%,True,True,4,0.012242377767056988,0.471696618961504,0.059866109994620491,0.029973680198404819,1.4910611195330521,1.4747581124651918,1.4633336506590537,0.99225333177720854,0.98287331607103612,1.0015064515431198,True,True,False,3>2>4>1,15,0,0,True,1,0.00977126924430252,0.012242377767056988,0.0054830757117458528,0.0086196214527462633
10000,0,single,gaussian_matched,0.050000000000000003,257,21,0.050000000000000003,6.7098763663794321,5-<10%,True,True,4,0.012242377767056988,0.471696618961504,0.059866109994620491,0.029973680198404819,1.4910611195330521,1.4747581124651918,1.4633336506590537,0.99225333177720854,0.96161612763984428,1.0015064515431198,True,True,False,3>2>4>1,15,0,0,True,1,0.00977126924430252,0.012242377767056988,0.0054830757117458528,0.0086196214527462633
10000,0,single,gaussian_matched,0.050000000000000003,257,22,0.02,6.7098763663794321,5-<10%,True,False,1,0.05310338781951357,0.4888801858168077,-0.026910145234393293,0.077709849487978003,1.4910611195330521,1.5632190542492572,1.5164701531927649,0.97009446569281765,,1.0691580524747262,False,False,False,,-1,,,False,1,0.023608046919577786,0.0051158894857927387,0.05310338781951357,0.024276631211024628
10000,0,single,gaussian_matched,0.050000000000000003,257,22,0.050000000000000003,6.7098763663794321,5-<10%,True,False,3,0.05310338781951357,0.4888801858168077,-0.026910145234393293,0.077709849487978003,1.4910611195330521,1.5632190542492572,1.5164701531927649,0.97009446569281765,,1.0691580524747262,False,False,False,,-1,,,False,1,0.023608046919577786,0.0051158894857927387,0.05310338781951357,0.024276631211024628
10000,0,single,gaussian_matched,0.050000000000000003,257,23,0.02,6.7098763663794321,5-<10%,True,False,3,0.02096469094171402,0.447954029120746,0.05180299695541582,0.052077191579283477,1.4910611195330521,1.4792917264340018,1.4660054553248651,0.99101849157152755,,1.0181223472445977,False,False,False,,-1,,,False,1,0.011286624576829472,0.02096469094171402,0.0003375613620122192,0.017618702436875567
10000,0,single,gaussian_matched,0.050000000000000003,257,23,0.050000000000000003,6.7098763663794321,5-<10%,True,True,4,0.02096469094171402,0.447954029120746,0.05180299695541582,0.052077191579283477,1.4910611195330521,1.4792917264340018,1.4660054553248651,0.99101849157152755,0.95960519883455919,1.0181223472445977,True,True,False,3>2>4>1,15,0,0,True,1,0.011286624576829472,0.02096469094171402,0.0003375613620122192,0.017618702436875567
10000,0,single,gaussian_matched,0.050000000000000003,257,24,0.02,6.7098763663794321,5-<10%,True,False,2,0.036297261692208489,0.52108925094542258,0.11521496430982209,0.068540120187889769,1.4910611195330521,1.4377600968970992,1.439008492607937,1.0008682920840077,,1.0110575569618083,False,False,False,,-1,,,False,1,0.0039342432364397059,0.029487349177244958,0.036297261692208489,0.015596413259066504
10000,0,single,gaussian_matched,0.050000000000000003,257,24,0.050000000000000003,6.7098763663794321,5-<10%,True,True,4,0.036297261692208489,0.52108925094542258,0.11521496430982209,0.068540120187889769,1.4910611195330521,1.4377600968970992,1.439008492607937,1.0008682920840077,0.96852892809806468,1.0110575569618083,True,True,False,3>2>4>1,15,0,0,True,1,0.0039342432364397059,0.029487349177244958,0.036297261692208489,0.015596413259066504
10000,0,single,gaussian_matched,0.050000000000000003,257,25,0.02,6.7098763663794321,5-<10%,True,False,2,0.055872606372634664,0.41570393041627773,0.12482106116114466,0.11271210467622143,1.4910611195330521,1.4050529171377328,1.4239433283818141,1.0134446261871499,,1.0305784336588846,False,False,False,,-1,,,False,1,0.00048381088994353926,0.055872606372634664,0.033200318924533304,0.015661261036826642
10000,0,single,gaussian_matched,0.050000000000000003,257,25,0.050000000000000003,6.7098763663794321,5-<10%,True,False,3,0.055872606372634664,0.41570393041627773,0.12482106116114466,0.11271210467622143,1.4910611195330521,1.4050529171377328,1.4239433283818141,1.0134446261871499,,1.0305784336588846,False,False,False,,-1,,,False,1,0.00048381088994353926,0.055872606372634664,0.033200318924533304,0.015661261036826642
10000,0,single,gaussian_matched,0.050000000000000003,257,26,0.02,6.7098763663794321,5-<10%,True,False,0,0.054182562239335895,0.37881460175347892,-0.013931968866786187,0.13701531809017425,1.4910611195330521,1.5464636048250522,1.5032184894240186,0.97203612470018275,,1.1000446500998271,False,False,False,,-1,,,False,1,0.021927508251915594,0.049888267711952781,0.038111046316601768,0.054182562239335895
10000,0,single,gaussian_matched,0.050000000000000003,257,26,0.050000000000000003,6.7098763663794321,5-<10%,True,False,3,0.054182562239335895,0.37881460175347892,-0.013931968866786187,0.13701531809017425,1.4910611195330521,1.5464636048250522,1.5032184894240186,0.97203612470018275,,1.1000446500998271,False,False,False,,-1,,,False,1,0.021927508251915594,0.049888267711952781,0.038111046316601768,0.054182562239335895
10000,0,single,gaussian_matched,0.050000000000000003,257,27,0.02,6.7098763663794321,5-<10%,True,False,3,0.022136049859152379,0.4875185016792305,0.021586481631866817,0.031034107468841662,1.4910611195330521,1.5154682280570837,1.4871926849462374,0.98134204162953831,,1.018219020351449,False,False,False,,-1,,,False,1,0.016187344254259446,0.0024184376932159749,0.022136049859152379,0.012895689622720485
10000,0,single,gaussian_matched,0.050000000000000003,257,27,0.050000000000000003,6.7098763663794321,5-<10%,True,True,4,0.022136049859152379,0.4875185016792305,0.021586481631866817,0.031034107468841662,1.4910611195330521,1.5154682280570837,1.4871926849462374,0.98134204162953831,0.95594441890758375,1.018219020351449,True,True,False,3>2>4>1,15,0,0,True,1,0.016187344254259446,0.0024184376932159749,0.022136049859152379,0.012895689622720485
10000,0,single,gaussian_matched,0.050000000000000003,257,28,0.02,6.7098763663794321,5-<10%,True,False,1,0.070825086289054484,0.57776691478476017,0.026288784760019328,0.081301382296347466,1.4910611195330521,1.5427810642484079,1.4979372003707889,0.97093309937695826,,1.0591373901303915,False,False,False,,-1,,,False,1,0.02170740650599174,0.031995396501789425,0.070825086289054484,0.0096049383650819564
10000,0,single,gaussian_matched,0.050000000000000003,257,28,0.050000000000000003,6.7098763663794321,5-<10%,True,False,3,0.070825086289054484,0.57776691478476017,0.026288784760019328,0.081301382296347466,1.4910611195330521,1.5427810642484079,1.4979372003707889,0.97093309937695826,,1.0591373901303915,False,False,False,,-1,,,False,1,0.02170740650599174,0.031995396501789425,0.070825086289054484,0.0096049383650819564
10000,0,single,gaussian_matched,0.050000000000000003,257,29,0.02,6.7098763663794321,5-<10%,True,False,1,0.098012476516383645,0.61582669082731101,0.029378504971570341,0.11764806995957496,1.4910611195330521,1.5312097303486027,1.4990873232269775,0.97902154976881439,,1.0842851255439194,False,False,False,,-1,,,False,1,0.02501479261986167,0.039179590996393697,0.098012476516383645,0.016290550805600979
10000,0,single,gaussian_matched,0.050000000000000003,257,29,0.050000000000000003,6.7098763663794321,5-<10%,True,False,3,0.098012476516383645,0.61582669082731101,0.029378504971570341,0.11764806995957496,1.4910611195330521,1.5312097303486027,1.4990873232269775,0.97902154976881439,,1.0842851255439194,False,False,False,,-1,,,False,1,0.02501479261986167,0.039179590996393697,0.098012476516383645,0.016290550805600979
10000,0,single,gaussian_matched,0.050000000000000003,257,30,0.02,6.7098763663794321,5-<10%,True,True,4,0.014803399055295288,0.46109653514373722,0.045927675352785961,0.039116024923997329,1.4910611195330521,1.4867239010490572,1.47034227414259,0.98898139264801754,0.98082758350896093,1.0123383134953559,True,True,False,3>2>4>1,15,0,0,True,1,0.012018719402001186,0.014192077440502332,0.0032753446674826429,0.014803399055295288
10000,0,single,gaussian_matched,0.050000000000000003,257,30,0.050000000000000003,6.7098763663794321,5-<10%,True,True,4,0.014803399055295288,0.46109653514373722,0.045927675352785961,0.039116024923997329,1.4910611195330521,1.4867239010490572,1.47034227414259,0.98898139264801754,0.95913415655821832,1.0123383134953559,True,True,False,3>2>4>1,15,0,0,True,1,0.012018719402001186,0.014192077440502332,0.0032753446674826429,0.014803399055295288
10000,0,single,gaussian_matched,0.050000000000000003,257,31,0.02,6.7098763663794321,5-<10%,True,False,0,0.074115515973979335,0.3813369266665167,-0.077315507875704639,0.17404069500722022,1.4910611195330521,1.6091450007303534,1.5428272962494582,0.95878699281245938,,1.1514403861555595,False,False,False,,-1,,,False,1,0.02993249227309731,0.050502003621556074,0.074115515973979335,0.068097763075132031
10000,0,single,gaussian_matched,0.050000000000000003,257,31,0.050000000000000003,6.7098763663794321,5-<10%,True,False,1,0.074115515973979335,0.3813369266665167,-0.077315507875704639,0.17404069500722022,1.4910611195330521,1.6091450007303534,1.5428272962494582,0.95878699281245938,,1.1514403861555595,False,False,False,,-1,,,False,1,0.02993249227309731,0.050502003621556074,0.074115515973979335,0.068097763075132031
10000,0,single,gaussian_matched,0.050000000000000003,258,0,0.02,5.7311039703017412,5-<10%,True,False,3,0.035640561096247109,0.54774664193467526,0.0072637489644803085,0.06407908370606627,1.3110526503079662,1.3743007081477199,1.3325455941088258,0.96961719237184152,,1.0652697109355791,False,False,False,,-1,,,False,1,0.035640561096247109,0.010258206348258128,0.016568845555439173,0.0040990332024263745
10000,0,single,gaussian_matched,0.050000000000000003,258,0,0.050000000000000003,5.7311039703017412,5-<10%,True,True,4,0.035640561096247109,0.54774664193467526,0.0072637489644803085,0.06407908370606627,1.3110526503079662,1.3743007081477199,1.3325455941088258,0.96961719237184152,0.93016633007079519,1.0652697109355791,True,True,False,1>3>2>4,2,0,0,True,1,0.035640561096247109,0.010258206348258128,0.016568845555439173,0.0040990332024263745
10000,0,single,gaussian_matched,0.050000000000000003,258,1,0.02,5.7311039703017412,5-<10%,True,False,3,0.030543206542932522,0.43261839730508622,0.077313392028880393,0.072706958166729257,1.3110526503079662,1.2396403625722132,1.2657768331919166,1.021083913858267,,1.0209229896634859,False,False,False,,-1,,,False,1,0.0056016151060223939,0.0034387870323765637,0.030543206542932522,0.013459693964953123
10000,0,single,gaussian_matched,0.050000000000000003,258,1,0.050000000000000003,5.7311039703017412,5-<10%,True,True,4,0.030543206542932522,0.43261839730508622,0.077313392028880393,0.072706958166729257,1.3110526503079662,1.2396403625722132,1.2657768331919166,1.021083913858267,0.99154553349137675,1.0209229896634859,True,True,False,1>3>2>4,2,0,0,True,1,0.0056016151060223939,0.0034387870323765637,0.030543206542932522,0.013459693964953123
10000,0,single,gaussian_matched,0.050000000000000003,258,2,0.02,5.7311039703017412,5-<10%,True,True,4,0.0084985034985694211,0.50544484110258703,0.059001484388120716,0.010520124325406143,1.3110526503079662,1.311049291486861,1.297491921094909,0.98965914517479614,0.97796525698525349,0.99768079116659658,True,True,False,1>3>2>4,2,0,0,True,1,0.0084985034985694211,0.0013682351631763637,0.0075914994071142085,0.0057597251130005779
10000,0,single,gaussian_matched,0.050000000000000003,258,2,0.050000000000000003,5.7311039703017412,5-<10%,True,True,4,0.0084985034985694211,0.50544484110258703,0.059001484388120716,0.010520124325406143,1.3110526503079662,1.311049291486861,1.297491921094909,0.98965914517479614,0.95490360002974772,0.99768079116659658,True,True,False,1>3>2>4,2,0,0,True,1,0.0084985034985694211,0.0013682351631763637,0.0075914994071142085,0.0057597251130005779
10000,0,single,gaussian_matched,0.050000000000000003,258,3,0.02,5.7311039703017412,5-<10%,True,True,4,0.016345044590753113,0.4496849748933317,0.00093744806335768066,0.070276139293649204,1.3110526503079662,1.3000575381526858,1.3020863649799543,1.0015605669500993,0.99126471803563532,1.0467638381656417,True,True,False,1>3>2>4,2,0,0,True,1,0.00044856620137669951,0.016345044590753113,0.0075798367816460026,0.0083022162361373591
10000,0,single,gaussian_matched,0.050000000000000003,258,3,0.050000000000000003,5.7311039703017412,5-<10%,True,True,4,0.016345044590753113,0.4496849748933317,0.00093744806335768066,0.070276139293649204,1.3110526503079662,1.3000575381526858,1.3020863649799543,1.0015605669500993,0.96775822516316623,1.0467638381656417,True,True,False,1>3>2>4,2,0,0,True,1,0.00044856620137669951,0.016345044590753113,0.0075798367816460026,0.0083022162361373591
10000,0,single,gaussian_matched,0.050000000000000003,258,4,0.02,5.7311039703017412,5-<10%,True,True,4,0.008442000676912741,0.50453323626841751,0.050096003806633066,0.0045342527274275218,1.3110526503079662,1.3148573468997873,1.3004035078833058,0.98900729493540784,0.97669109883105332,0.99533589311169424,True,True,False,1>3>2>4,2,0,0,True,1,0.008442000676912741,0.0007875944811741941,0.0053644412260054203,0.0046918902167445986
10000,0,single,gaussian_matched,0.050000000000000003,258,4,0.050000000000000003,5.7311039703017412,5-<10%,True,True,4,0.008442000676912741,0.50453323626841751,0.050096003806633066,0.0045342527274275218,1.3110526503079662,1.3148573468997873,1.3004035078833058,0.98900729493540784,0.95376161233413481,0.99533589311169424,True,True,False,1>3>2>4,2,0,0,True,1,0.008442000676912741,0.0007875944811741941,0.0053644412260054203,0.0046918902167445986
10000,0,single,gaussian_matched,0.050000000000000003,258,5,0.02,5.7311039703017412,5-<10%,True,False,3,0.025852199524522092,0.47059281589894664,0.093702704815105939,0.052675505549634065,1.3110526503079662,1.2636182352957224,1.2727914605646213,1.0072594910493295,,1.0109944599119671,False,False,False,,-1,,,False,1,0.010439495491252698,0.0047223136581195724,0.025852199524522092,0.011540260716090179
10000,0,single,gaussian_matched,0.050000000000000003,258,5,0.050000000000000003,5.7311039703017412,5-<10%,True,True,4,0.025852199524522092,0.47059281589894664,0.093702704815105939,0.052675505549634065,1.3110526503079662,1.2636182352957224,1.2727914605646213,1.0072594910493295,0.97652937910794146,1.0109944599119671,True,True,False,1>3>2>4,2,0,0,True,1,0.010439495491252698,0.0047223136581195724,0.025852199524522092,0.011540260716090179
10000,0,single,gaussian_matched,0.050000000000000003,258,6,0.02,5.7311039703017412,5-<10%,True,True,4,0.0081495075519515559,0.50254974951833165,0.046603308566787703,0.0042472032325626104,1.3110526503079662,1.3150153465257883,1.3009813321427262,0.98932787026391789,0.97687595450351628,0.99555768036370673,True,True,False,1>3>2>4,2,0,0,True,1,0.0081495075519515559,0.0017452123137867612,0.0049308344098268168,0.0043102773476826582
10000,0,single,gaussian_matched,0.050000000000000003,258,6,0.050000000000000003,5.7311039703017412,5-<10%,True,True,4,0.0081495075519515559,0.50254974951833165,0.046603308566787703,0.0042472032325626104,1.3110526503079662,1.3150153465257883,1.3009813321427262,0.98932787026391789,0.95398082484106883,0.99555768036370673,True,True,False,1>3>2>4,2,0,0,True,1,0.0081495075519515559,0.0017452123137867612,0.0049308344098268168,0.0043102773476826582
10000,0,single,gaussian_matched,0.050000000000000003,258,7,0.02,5.7311039703017412,5-<10%,True,False,3,0.021338316350097291,0.42148226204915112,0.028742688659523476,0.081344381848681632,1.3110526503079662,1.2605129857824302,1.2819308302609234,1.0169913715448149,,1.0398325435590796,False,False,False,,-1,,,False,1,0.016870267784228371,0.014062800181326812,0.021338316350097291,0.012636372301712237
10000,0,single,gaussian_matched,0.050000000000000003,258,7,0.050000000000000003,5.7311039703017412,5-<10%,True,True,4,0.021338316350097291,0.42148226204915112,0.028742688659523476,0.081344381848681632,1.3110526503079662,1.2605129857824302,1.2819308302609234,1.0169913715448149,0.98621705790750935,1.0398325435590796,True,True,False,1>3>2>4,2,0,0,True,1,0.016870267784228371,0.014062800181326812,0.021338316350097291,0.012636372301712237
10000,0,single,gaussian_matched,0.050000000000000003,258,8,0.02,5.7311039703017412,5-<10%,True,False,1,0.094636304555714867,0.65761416378420523,-0.065748396821688787,0.19555029018691178,1.3110526503079662,1.5062137641259838,1.4017024455203901,0.93061322297354065,,1.2182979343599261,False,False,False,,-1,,,False,1,0.094636304555714867,0.03408616704094438,0.063361052873272913,0.009978190060209809
10000,0,single,gaussian_matched,0.050000000000000003,258,8,0.050000000000000003,5.7311039703017412,5-<10%,True,False,2,0.094636304555714867,0.65761416378420523,-0.065748396821688787,0.19555029018691178,1.3110526503079662,1.5062137641259838,1.4017024455203901,0.93061322297354065,,1.2182979343599261,False,False,False,,-1,,,False,1,0.094636304555714867,0.03408616704094438,0.063361052873272913,0.009978190060209809
10000,0,single,gaussian_matched,0.050000000000000003,258,9,0.02,5.7311039703017412,5-<10%,True,False,3,0.024193715566797988,0.43870462402914451,0.058680338053560134,0.061906957477593852,1.3110526503079662,1.2553014141168877,1.2748153864466674,1.0155452484242662,,1.0195794529001296,False,False,False,,-1,,,False,1,0.010921609029622442,0.0063034006276600461,0.024193715566797988,0.011418843163035501
10000,0,single,gaussian_matched,0.050000000000000003,258,9,0.050000000000000003,5.7311039703017412,5-<10%,True,True,4,0.024193715566797988,0.43870462402914451,0.058680338053560134,0.061906957477593852,1.3110526503079662,1.2553014141168877,1.2748153864466674,1.0155452484242662,0.98462134364942433,1.0195794529001296,True,True,False,1>3>2>4,2,0,0,True,1,0.010921609029622442,0.0063034006276600461,0.024193715566797988,0.011418843163035501
10000,0,single,gaussian_matched,0.050000000000000003,258,10,0.02,5.7311039703017412,5-<10%,True,False,3,0.034120569617055202,0.42048017158849321,0.079284036500959387,0.084740532830428941,1.3110526503079662,1.2285127184538323,1.2612471288129357,1.0266455608211382,,1.0266465357643662,False,False,False,,-1,,,False,1,0.0080101063013011103,0.0045268888311325219,0.034120569617055202,0.015059843932533026
10000,0,single,gaussian_matched,0.050000000000000003,258,10,0.050000000000000003,5.7311039703017412,5-<10%,True,True,4,0.034120569617055202,0.42048017158849321,0.079284036500959387,0.084740532830428941,1.3110526503079662,1.2285127184538323,1.2612471288129357,1.0266455608211382,0.9980719798868114,1.0266465357643662,True,True,False,1>3>2>4,2,0,0,True,1,0.0080101063013011103,0.0045268888311325219,0.034120569617055202,0.015059843932533026
10000,0,single,gaussian_matched,0.050000000000000003,258,11,0.02,5.7311039703017412,5-<10%,True,True,4,0.012363583296751222,0.48332766036134267,0.005641133670221718,0.047388563294215647,1.3110526503079662,1.3228750885733971,1.310521660785434,0.99066168235030783,0.97732928017616538,1.0357404210736134,True,True,False,1>3>2>4,2,0,0,True,1,0.011562487032566867,0.012363583296751222,0.00011733357840252964,0.0032821605020721574
10000,0,single,gaussian_matched,0.050000000000000003,258,11,0.050000000000000003,5.7311039703017412,5-<10%,True,True,4,0.012363583296751222,0.48332766036134267,0.005641133670221718,0.047388563294215647,1.3110526503079662,1.3228750885733971,1.310521660785434,0.99066168235030783,0.9545894211536925,1.0357404210736134,True,True,False,1>3>2>4,2,0,0,True,1,0.011562487032566867,0.012363583296751222,0.00011733357840252964,0.0032821605020721574
10000,0,single,gaussian_matched,0.050000000000000003,258,12,0.02,5.7311039703017412,5-<10%,True,False,2,0.042061111411645362,0.5494793097447761,-0.015990218807102455,0.082479761584456301,1.3110526503079662,1.3888391540461922,1.3423686221228444,0.96654001884382201,,1.0867972261622016,False,False,False,,-1,,,False,1,0.042061111411645362,0.015045114730979218,0.02241130929421193,0.0025866031890815263
10000,0,single,gaussian_matched,0.050000000000000003,258,12,0.050000000000000003,5.7311039703017412,5-<10%,True,True,4,0.042061111411645362,0.5494793097447761,-0.015990218807102455,0.082479761584456301,1.3110526503079662,1.3888391540461922,1.3423686221228444,0.96654001884382201,0.92589840794308453,1.0867972261622016,True,True,False,1>3>2>4,2,0,0,True,1,0.042061111411645362,0.015045114730979218,0.02241130929421193,0.0025866031890815263
10000,0,single,gaussian_matched,0.050000000000000003,258,13,0.02,5.7311039703017412,5-<10%,True,True,4,0.019970244690778835,0.5017098402313015,-0.00022432043565776688,0.050253416966811404,1.3110526503079662,1.3410063895696087,1.3190618788426409,0.98363578958485742,0.96857937934953331,1.0444395924815073,True,True,False,1>3>2>4,2,0,0,True,1,0.019970244690778835,0.012480790137153305,0.0062745168209914944,0.0010325640087921217
10000,0,single,gaussian_matched,0.050000000000000003,258,13,0.050000000000000003,5.7311039703017412,5-<10%,True,True,4,0.019970244690778835,0.5017098402313015,-0.00022432043565776688,0.050253416966811404,1.3110526503079662,1.3410063895696087,1.3190618788426409,0.98363578958485742,0.94619850270822203,1.0444395924815073,True,True,False,1>3>2>4,2,0,0,True,1,0.019970244690778835,0.012480790137153305,0.0062745168209914944,0.0010325640087921217
10000,0,single,gaussian_matched,0.050000000000000003,258,14,0.02,5.7311039703017412,5-<10%,True,False,3,0.034434755503135281,0.55366866846442009,0.097522613084801979,0.071684898891967691,1.3110526503079662,1.3368578877963837,1.3032231055168477,0.9748404205214527,,1.0487054078917804,False,False,False,,-1,,,False,1,0.034434755503135281,0.0024010208025068789,0.0060167019527543539,0.012670113203105944
10000,0,single,gaussian_matched,0.050000000000000003,258,14,0.050000000000000003,5.7311039703017412,5-<10%,True,True,4,0.034434755503135281,0.55366866846442009,0.097522613084801979,0.071684898891967691,1.3110526503079662,1.3368578877963837,1.3032231055168477,0.9748404205214527,0.94170607772725579,1.0487054078917804,True,True,False,1>3>2>4,2,0,0,True,1,0.034434755503135281,0.0024010208025068789,0.0060167019527543539,0.012670113203105944
10000,0,single,gaussian_matched,0.050000000000000003,258,15,0.02,5.7311039703017412,5-<10%,True,False,3,0.038188855121794749,0.55707910632513191,0.1061233550995483,0.080049080984766513,1.3110526503079662,1.336737086768977,1.3020130530738925,0.97402328846952557,,1.0541621907663377,False,False,False,,-1,,,False,1,0.038188855121794749,0.0033532394974042966,0.0076411699097059509,0.014008258605278021
10000,0,single,gaussian_matched,0.050000000000000003,258,15,0.050000000000000003,5.7311039703017412,5-<10%,True,True,4,0.038188855121794749,0.55707910632513191,0.1061233550995483,0.080049080984766513,1.3110526503079662,1.336737086768977,1.3020130530738925,0.97402328846952557,0.94173204967414015,1.0541621907663377,True,True,False,1>3>2>4,2,0,0,True,1,0.038188855121794749,0.0033532394974042966,0.0076411699097059509,0.014008258605278021
10000,0,single,gaussian_matched,0.050000000000000003,258,16,0.02,5.7311039703017412,5-<10%,True,False,3,0.021609149095099825,0.51981490407432662,0.091692962617553317,0.046162035866103915,1.3110526503079662,1.3083829255350072,1.2917018258045141,0.98725059812006322,,1.0204501408515927,False,False,False,,-1,,,False,1,0.021609149095099825,0.0049296043083873198,0.013339313553190294,0.010174443016530125
10000,0,single,gaussian_matched,0.050000000000000003,258,16,0.050000000000000003,5.7311039703017412,5-<10%,True,True,4,0.021609149095099825,0.51981490407432662,0.091692962617553317,0.046162035866103915,1.3110526503079662,1.3083829255350072,1.2917018258045141,0.98725059812006322,0.95434502257458997,1.0204501408515927,True,True,False,1>3>2>4,2,0,0,True,1,0.021609149095099825,0.0049296043083873198,0.013339313553190294,0.010174443016530125
10000,0,single,gaussian_matched,0.050000000000000003,258,17,0.02,5.7311039703017412,5-<10%,True,False,2,0.032838770244611772,0.50251483044687584,0.12826977218195207,0.078310162875524725,1.3110526503079662,1.2778507128591214,1.2738619178289814,0.99687851249758641,,1.0313636758881353,False,False,False,,-1,,,False,1,0.032838770244611772,0.011622607829517777,0.028567203107009359,0.015482383624911314
10000,0,single,gaussian_matched,0.050000000000000003,258,17,0.050000000000000003,5.7311039703017412,5-<10%,True,True,4,0.032838770244611772,0.50251483044687584,0.12826977218195207,0.078310162875524725,1.3110526503079662,1.2778507128591214,1.2738619178289814,0.99687851249758641,0.96803315563271097,1.0313636758881353,True,True,False,1>3>2>4,2,0,0,True,1,0.032838770244611772,0.011622607829517777,0.028567203107009359,0.015482383624911314
10000,0,single,gaussian_matched,0.050000000000000003,258,18,0.02,5.7311039703017412,5-<10%,True,False,1,0.036904021044094737,0.51835634002886277,-0.044382892165836893,0.096151367919771302,1.3110526503079662,1.3816404834427527,1.3433195976002184,0.97226421322930046,,1.0979505401113052,False,False,False,,-1,,,False,1,0.036904021044094737,0.021570675595883302,0.020474465200043871,0.0024965690927420321
10000,0,single,gaussian_matched,0.050000000000000003,258,18,0.050000000000000003,5.7311039703017412,5-<10%,True,True,4,0.036904021044094737,0.51835634002886277,-0.044382892165836893,0.096151367919771302,1.3110526503079662,1.3816404834427527,1.3433195976002184,0.97226421322930046,0.93229544995376767,1.0979505401113052,True,True,False,1>3>2>4,2,0,0,True,1,0.036904021044094737,0.021570675595883302,0.020474465200043871,0.0024965690927420321
10000,0,single,gaussian_matched,0.050000000000000003,258,19,0.02,5.7311039703017412,5-<10%,True,False,2,0.062141200745928195,0.62962958081911258,0.053137792040517981,0.12966755169366151,1.3110526503079662,1.4242369231559278,1.3488137688691575,0.94704311265878283,,1.12770552747483,False,False,False,,-1,,,False,1,0.062141200745928195,0.0099490162493370005,0.027551255524202393,0.016142532686583971
10000,0,single,gaussian_matched,0.050000000000000003,258,19,0.050000000000000003,5.7311039703017412,5-<10%,True,False,3,0.062141200745928195,0.62962958081911258,0.053137792040517981,0.12966755169366151,1.3110526503079662,1.4242369231559278,1.3488137688691575,0.94704311265878283,,1.12770552747483,False,False,False,,-1,,,False,1,0.062141200745928195,0.0099490162493370005,0.027551255524202393,0.016142532686583971
10000,0,single,gaussian_matched,0.050000000000000003,258,20,0.02,5.7311039703017412,5-<10%,True,False,1,0.037171229778751487,0.50496039447902197,-0.068025585168391897,0.11812977722711933,1.3110526503079662,1.3874022135451844,1.3495142574661632,0.97269144037026767,,1.1194394323893344,False,False,False,,-1,,,False,1,0.037171229778751487,0.027340680440417223,0.022082528418819254,0.0054518175388718008
10000,0,single,gaussian_matched,0.050000000000000003,258,20,0.050000000000000003,5.7311039703017412,5-<10%,True,True,4,0.037171229778751487,0.50496039447902197,-0.068025585168391897,0.11812977722711933,1.3110526503079662,1.3874022135451844,1.3495142574661632,0.97269144037026767,0.93299361391672453,1.1194394323893344,True,True,False,1>3>2>4,2,0,0,True,1,0.037171229778751487,0.027340680440417223,0.022082528418819254,0.0054518175388718008
10000,0,single,gaussian_matched,0.050000000000000003,258,21,0.02,5.7311039703017412,5-<10%,True,True,4,0.016571450619139613,0.44467996474220317,0.002293617621389174,0.07304933415561099,1.3110526503079662,1.2954208792000446,1.3000296852382616,1.0035577672957248,0.99383428653965866,1.0473103571174935,True,True,False,1>3>2>4,2,0,0,True,1,0.0016916780000123773,0.016571450619139613,0.0091908947345289947,0.0090375218559091263
10000,0,single,gaussian_matched,0.050000000000000003,258,21,0.050000000000000003,5.7311039703017412,5-<10%,True,True,4,0.016571450619139613,0.44467996474220317,0.002293617621389174,0.07304933415561099,1.3110526503079662,1.2954208792000446,1.3000296852382616,1.0035577672957248,0.97018371497189082,1.0473103571174935,True,True,False,1>3>2>4,2,0,0,True,1,0.0016916780000123773,0.016571450619139613,0.0091908947345289947,0.0090375218559091263
10000,0,single,gaussian_matched,0.050000000000000003,258,22,0.02,5.7311039703017412,5-<10%,True,False,3,0.038011436269464766,0.57087116109998415,0.083020401597540122,0.078186113839496696,1.3110526503079662,1.3584041187659244,1.3147691206928815,0.96787774899218937,,1.0624708582108986,False,False,False,,-1,,,False,1,0.038011436269464766,0.001086998549065184,0.002776790698326214,0.012499267757695921
10000,0,single,gaussian_matched,0.050000000000000003,258,22,0.050000000000000003,5.7311039703017412,5-<10%,True,True,4,0.038011436269464766,0.57087116109998415,0.083020401597540122,0.078186113839496696,1.3110526503079662,1.3584041187659244,1.3147691206928815,0.96787774899218937,0.93312511939562448,1.0624708582108986,True,True,False,1>3>2>4,2,0,0,True,1,0.038011436269464766,0.001086998549065184,0.002776790698326214,0.012499267757695921
10000,0,single,gaussian_matched,0.050000000000000003,258,23,0.02,5.7311039703017412,5-<10%,True,False,3,0.022641265101151387,0.53796994760755179,0.067077039866992982,0.041633426617792291,1.3110526503079662,1.3356136432029557,1.3069094405186328,0.9785086032698147,,1.0285955082121625,False,False,False,,-1,,,False,1,0.022641265101151387,3.4804754905352484e-05,0.0016954500341240604,0.0080307781396202153
10000,0,single,gaussian_matched,0.050000000000000003,258,23,0.050000000000000003,5.7311039703017412,5-<10%,True,True,4,0.022641265101151387,0.53796994760755179,0.067077039866992982,0.041633426617792291,1.3110526503079662,1.3356136432029557,1.3069094405186328,0.9785086032698147,0.94308922445751464,1.0285955082121625,True,True,False,1>3>2>4,2,0,0,True,1,0.022641265101151387,3.4804754905352484e-05,0.0016954500341240604,0.0080307781396202153
10000,0,single,gaussian_matched,0.050000000000000003,258,24,0.02,5.7311039703017412,5-<10%,True,False,3,0.032947556078504726,0.56194402367824925,0.052099723993174515,0.061979600759435489,1.3110526503079662,1.3637968515334025,1.3214940646464746,0.9689816068724868,,1.0552388304778852,False,False,False,,-1,,,False,1,0.032947556078504726,0.0041757675892941295,0.0088150008573807375,0.0089668948540530934
10000,0,single,gaussian_matched,0.050000000000000003,258,24,0.050000000000000003,5.7311039703017412,5-<10%,True,True,4,0.032947556078504726,0.56194402367824925,0.052099723993174515,0.061979600759435489,1.3110526503079662,1.3637968515334025,1.3214940646464746,0.9689816068724868,0.93181244316646772,1.0552388304778852,True,True,False,1>3>2>4,2,0,0,True,1,0.032947556078504726,0.0041757675892941295,0.0088150008573807375,0.0089668948540530934
10000,0,single,gaussian_matched,0.050000000000000003,258,25,0.02,5.7311039703017412,5-<10%,True,False,3,0.02612268627315564,0.50494474323311545,-0.020056562076368717,0.070230850597166661,1.3110526503079662,1.3557981734630904,1.3284392436717019,0.97982079462350491,,1.0668298438970556,False,False,False,,-1,,,False,1,0.02612268627315564,0.016702846962854546,0.011602646906143868,0.0021330682994371675
10000,0,single,gaussian_matched,0.050000000000000003,258,25,0.050000000000000003,5.7311039703017412,5-<10%,True,True,4,0.02612268627315564,0.50494474323311545,-0.020056562076368717,0.070230850597166661,1.3110526503079662,1.3557981734630904,1.3284392436717019,0.97982079462350491,0.94149122423879761,1.0668298438970556,True,True,False,1>3>2>4,2,0,0,True,1,0.02612268627315564,0.016702846962854546,0.011602646906143868,0.0021330682994371675
10000,0,single,gaussian_matched,0.050000000000000003,258,26,0.02,5.7311039703017412,5-<10%,True,False,1,0.056096146216358646,0.50646050438950951,0.17427315507948921,0.12444097070650664,1.3110526503079662,1.267113038720896,1.2637459091311996,0.99734267623581918,,1.058833815340384,False,False,False,,-1,,,False,1,0.056096146216358646,0.019036086206426668,0.042493884645742282,0.023815625829474
10000,0,single,gaussian_matched,0.050000000000000003,258,26,0.050000000000000003,5.7311039703017412,5-<10%,True,False,3,0.056096146216358646,0.50646050438950951,0.17427315507948921,0.12444097070650664,1.3110526503079662,1.267113038720896,1.2637459091311996,0.99734267623581918,,1.058833815340384,False,False,False,,-1,,,False,1,0.056096146216358646,0.019036086206426668,0.042493884645742282,0.023815625829474
10000,0,single,gaussian_matched,0.050000000000000003,258,27,0.02,5.7311039703017412,5-<10%,True,False,3,0.031768605629570089,0.52640178124028847,0.11295574704315392,0.068267709339200996,1.3110526503079662,1.3057452623705419,1.2876548914931734,0.98614555886304656,,1.0342243696421103,False,False,False,,-1,,,False,1,0.031768605629570089,0.0070636775990408802,0.017755772643102456,0.01339635276184333
10000,0,single,gaussian_matched,0.050000000000000003,258,27,0.050000000000000003,5.7311039703017412,5-<10%,True,True,4,0.031768605629570089,0.52640178124028847,0.11295574704315392,0.068267709339200996,1.3110526503079662,1.3057452623705419,1.2876548914931734,0.98614555886304656,0.95506543227818297,1.0342243696421103,True,True,False,1>3>2>4,2,0,0,True,1,0.031768605629570089,0.0070636775990408802,0.017755772643102456,0.01339635276184333
10000,0,single,gaussian_matched,0.050000000000000003,258,28,0.02,5.7311039703017412,5-<10%,True,True,4,0.01623617146108217,0.48325496890353786,-0.012165727893763821,0.064381470866880397,1.3110526503079662,1.3340389471288807,1.3180284664468283,0.98799849081129887,0.9739955971804436,1.0544274762641916,True,True,False,1>3>2>4,2,0,0,True,1,0.016054682052940025,0.01623617146108217,0.0041481069691510835,0.0038493087647714949
10000,0,single,gaussian_matched,0.050000000000000003,258,28,0.050000000000000003,5.7311039703017412,5-<10%,True,True,4,0.01623617146108217,0.48325496890353786,-0.012165727893763821,0.064381470866880397,1.3110526503079662,1.3340389471288807,1.3180284664468283,0.98799849081129887,0.95135709949439695,1.0544274762641916,True,True,False,1>3>2>4,2,0,0,True,1,0.016054682052940025,0.01623617146108217,0.0041481069691510835,0.0038493087647714949
10000,0,single,gaussian_matched,0.050000000000000003,258,29,0.02,5.7311039703017412,5-<10%,True,True,4,0.017880227433828669,0.52128699666997935,0.078192045201979976,0.035326019304447454,1.3110526503079662,1.3156921488151496,1.2967236065566672,0.9855828414910246,0.97493575595537607,1.0160153564757419,True,True,False,1>3>2>4,2,0,0,True,1,0.017880227433828669,0.0031194327762605004,0.009181297000711389,0.0084324580915212336
10000,0,single,gaussian_matched,0.050000000000000003,258,29,0.050000000000000003,5.7311039703017412,5-<10%,True,True,4,0.017880227433828669,0.52128699666997935,0.078192045201979976,0.035326019304447454,1.3110526503079662,1.3156921488151496,1.2967236065566672,0.9855828414910246,0.95153451291835933,1.0160153564757419,True,True,False,1>3>2>4,2,0,0,True,1,0.017880227433828669,0.0031194327762605004,0.009181297000711389,0.0084324580915212336
10000,0,single,gaussian_matched,0.050000000000000003,258,30,0.02,5.7311039703017412,5-<10%,True,True,4,0.0068939019646593888,0.50057092484157717,0.048944557187929644,0.0011999644595907426,1.3110526503079662,1.3120956190214359,1.2994005027813675,0.99032454947945303,0.97814999199301889,0.99202764048831094,True,True,False,1>3>2>4,2,0,0,True,1,0.0068939019646593888,0.0013221945013963405,0.0060457211760911039,0.0046319394710836364
10000,0,single,gaussian_matched,0.050000000000000003,258,30,0.050000000000000003,5.7311039703017412,5-<10%,True,True,4,0.0068939019646593888,0.50057092484157717,0.048944557187929644,0.0011999644595907426,1.3110526503079662,1.3120956190214359,1.2994005027813675,0.99032454947945303,0.95520484453461685,0.99202764048831094,True,True,False,1>3>2>4,2,0,0,True,1,0.0068939019646593888,0.0013221945013963405,0.0060457211760911039,0.0046319394710836364
10000,0,single,gaussian_matched,0.050000000000000003,258,31,0.02,5.7311039703017412,5-<10%,True,True,4,0.01764644141249589,0.48673328322138987,-0.013356538472053411,0.064730647619536757,1.3110526503079662,1.3374716345823612,1.319647196615872,0.98667303477276735,0.97231557694171977,1.0559284891497063,True,True,False,1>3>2>4,2,0,0,True,1,0.01764644141249589,0.016245394001882872,0.0053270849507920685,0.0035014527329497859
10000,0,single,gaussian_matched,0.050000000000000003,258,31,0.050000000000000003,5.7311039703017412,5-<10%,True,True,4,0.01764644141249589,0.48673328322138987,-0.013356538472053411,0.064730647619536757,1.3110526503079662,1.3374716345823612,1.319647196615872,0.98667303477276735,0.94975629163226261,1.0559284891497063,True,True,False,1>3>2>4,2,0,0,True,1,0.01764644141249589,0.016245394001882872,0.0053270849507920685,0.0035014527329497859
10000,0,single,gaussian_matched,0.050000000000000003,259,0,0.02,5.6836324297331409,5-<10%,True,False,3,0.050194895272704453,0.54539447114457518,-0.026479298737687021,0.088936725518224721,1.5390572625695536,1.6276610189501781,1.5331242990583864,0.94191866808190394,,1.0539315618890472,False,False,False,,-1,,,False,1,0.018832892126569106,0.050194895272704453,0.015996939765437822,0.008537136914506192
10000,0,single,gaussian_matched,0.050000000000000003,259,0,0.050000000000000003,5.6836324297331409,5-<10%,True,False,3,0.050194895272704453,0.54539447114457518,-0.026479298737687021,0.088936725518224721,1.5390572625695536,1.6276610189501781,1.5331242990583864,0.94191866808190394,,1.0539315618890472,False,False,False,,-1,,,False,1,0.018832892126569106,0.050194895272704453,0.015996939765437822,0.008537136914506192
10000,0,single,gaussian_matched,0.050000000000000003,259,1,0.02,5.6836324297331409,5-<10%,True,False,2,0.0718042264463392,0.3916831943831483,0.097401447211136333,0.1182346293466892,1.5390572625695536,1.4411536019731663,1.4501901483330983,1.0062703561560402,,1.0190814960719545,False,False,False,,-1,,,False,1,0.022637611696904505,0.012815368783113202,0.0718042264463392,0.014828102911881448
10000,0,single,gaussian_matched,0.050000000000000003,259,1,0.050000000000000003,5.6836324297331409,5-<10%,True,False,3,0.0718042264463392,0.3916831943831483,0.097401447211136333,0.1182346293466892,1.5390572625695536,1.4411536019731663,1.4501901483330983,1.0062703561560402,,1.0190814960719545,False,False,False,,-1,,,False,1,0.022637611696904505,0.012815368783113202,0.0718042264463392,0.014828102911881448
10000,0,single,gaussian_matched,0.050000000000000003,259,2,0.02,5.6836324297331409,5-<10%,True,False,2,0.032390897489658135,0.52595916276122712,0.062642115679295493,0.02887388474231636,1.5390572625695536,1.5448723462493179,1.4850749142827533,0.96129296241741757,,0.98368581588539228,False,False,False,,-1,,,False,1,0.016875533384305121,0.022822969491698469,0.032390897489658135,0.0070027796742212732
10000,0,single,gaussian_matched,0.050000000000000003,259,2,0.050000000000000003,5.6836324297331409,5-<10%,True,True,4,0.032390897489658135,0.52595916276122712,0.062642115679295493,0.02887388474231636,1.5390572625695536,1.5448723462493179,1.4850749142827533,0.96129296241741757,0.92291768480061753,0.98368581588539228,True,True,False,2>3>4>1,9,0,0,True,1,0.016875533384305121,0.022822969491698469,0.032390897489658135,0.0070027796742212732
10000,0,single,gaussian_matched,0.050000000000000003,259,3,0.02,5.6836324297331409,5-<10%,True,False,3,0.050832301271877635,0.47790401186266185,0.098684850315898881,0.053464449328940698,1.5390572625695536,1.486815015339173,1.4593625034483537,0.98153602727467959,,0.98295689807638087,False,False,False,,-1,,,False,1,0.018895437115904072,0.016062024529645686,0.050832301271877635,0.010122374211911698
10000,0,single,gaussian_matched,0.050000000000000003,259,3,0.050000000000000003,5.6836324297331409,5-<10%,True,False,3,0.050832301271877635,0.47790401186266185,0.098684850315898881,0.053464449328940698,1.5390572625695536,1.486815015339173,1.4593625034483537,0.98153602727467959,,0.98295689807638087,False,False,False,,-1,,,False,1,0.018895437115904072,0.016062024529645686,0.050832301271877635,0.010122374211911698
10000,0,single,gaussian_matched,0.050000000000000003,259,4,0.02,5.6836324297331409,5-<10%,True,False,2,0.04380234716682687,0.5251904733697137,0.11480049235773809,0.069524555075135344,1.5390572625695536,1.5049741300512478,1.4603251791924396,0.9703324130513209,,0.9940174231811193,False,False,False,,-1,,,False,1,0.01581981904649471,0.034283478188834114,0.04380234716682687,0.0068798670938091545
10000,0,single,gaussian_matched,0.050000000000000003,259,4,0.050000000000000003,5.6836324297331409,5-<10%,True,True,4,0.04380234716682687,0.5251904733697137,0.11480049235773809,0.069524555075135344,1.5390572625695536,1.5049741300512478,1.4603251791924396,0.9703324130513209,0.92568491085013316,0.9940174231811193,True,True,False,2>3>4>1,9,0,0,True,1,0.01581981904649471,0.034283478188834114,0.04380234716682687,0.0068798670938091545
10000,0,single,gaussian_matched,0.050000000000000003,259,5,0.02,5.6836324297331409,5-<10%,True,False,3,0.041799632927649245,0.56391432938934161,0.026677421649973596,0.068036638380966297,1.5390572625695536,1.5967601661156285,1.5094316695143106,0.94530894591780912,,1.0249575153958819,False,False,False,,-1,,,False,1,0.015696963870838559,0.041799632927649245,0.018678296287136128,0.0050213274211051732
10000,0,single,gaussian_matched,0.050000000000000003,259,5,0.050000000000000003,5.6836324297331409,5-<10%,True,True,4,0.041799632927649245,0.56391432938934161,0.026677421649973596,0.068036638380966297,1.5390572625695536,1.5967601661156285,1.5094316695143106,0.94530894591780912,0.90982228673923315,1.0249575153958819,True,True,False,2>3>4>1,9,0,0,True,1,0.015696963870838559,0.041799632927649245,0.018678296287136128,0.0050213274211051732
10000,0,single,gaussian_matched,0.050000000000000003,259,6,0.02,5.6836324297331409,5-<10%,True,False,2,0.047984945717347877,0.40970922961689693,0.0040256948733479875,0.10132156704400473,1.5390572625695536,1.5327847792256588,1.5022792502387847,0.98009796978654429,,1.0419370716626075,False,False,False,,-1,,,False,1,0.023216567848523963,0.013031575925504402,0.047984945717347877,0.014967060842102333
10000,0,single,gaussian_matched,0.050000000000000003,259,6,0.050000000000000003,5.6836324297331409,5-<10%,True,True,4,0.047984945717347877,0.40970922961689693,0.0040256948733479875,0.10132156704400473,1.5390572625695536,1.5327847792256588,1.5022792502387847,0.98009796978654429,0.95222436020733903,1.0419370716626075,True,True,False,2>3>4>1,9,0,0,True,1,0.023216567848523963,0.013031575925504402,0.047984945717347877,0.014967060842102333
10000,0,single,gaussian_matched,0.050000000000000003,259,7,0.02,5.6836324297331409,5-<10%,True,False,2,0.060663202884326126,0.39576363694083677,0.052176511120587112,0.10425908394216654,1.5390572625695536,1.4833119749913641,1.4747743439085297,0.99424421077509051,,1.0259744495889644,False,False,False,,-1,,,False,1,0.022977204513873244,0.0096091318994251679,0.060663202884326126,0.014659433736466493
10000,0,single,gaussian_matched,0.050000000000000003,259,7,0.050000000000000003,5.6836324297331409,5-<10%,True,False,3,0.060663202884326126,0.39576363694083677,0.052176511120587112,0.10425908394216654,1.5390572625695536,1.4833119749913641,1.4747743439085297,0.99424421077509051,,1.0259744495889644,False,False,False,,-1,,,False,1,0.022977204513873244,0.0096091318994251679,0.060663202884326126,0.014659433736466493
10000,0,single,gaussian_matched,0.050000000000000003,259,8,0.02,5.6836324297331409,5-<10%,True,False,3,0.032945263769817532,0.50093728892145928,0.037020059566986417,0.013013737517211235,1.5390572625695536,1.5501468768108058,1.4937863601267818,0.96364182160597756,,0.97904095857245421,False,False,False,,-1,,,False,1,0.018981104578268057,0.013791773635684059,0.032945263769817532,0.0091511719497937693
10000,0,single,gaussian_matched,0.050000000000000003,259,8,0.050000000000000003,5.6836324297331409,5-<10%,True,True,4,0.032945263769817532,0.50093728892145928,0.037020059566986417,0.013013737517211235,1.5390572625695536,1.5501468768108058,1.4937863601267818,0.96364182160597756,0.9291203033803016,0.97904095857245421,True,True,False,2>3>4>1,9,0,0,True,1,0.018981104578268057,0.013791773635684059,0.032945263769817532,0.0091511719497937693
10000,0,single,gaussian_matched,0.050000000000000003,259,9,0.02,5.6836324297331409,5-<10%,True,False,2,0.059211795481448858,0.61523135875319468,0.094958798797428065,0.12369138866313643,1.5390572625695536,1.5240177835906368,1.4895417332474534,0.97737818369680918,,1.0481956462212425,False,False,False,,-1,,,False,1,0.0093248142639987697,0.059211795481448858,0.022550032238174644,0.00078281780729048576
10000,0,single,gaussian_matched,0.050000000000000003,259,9,0.050000000000000003,5.6836324297331409,5-<10%,True,False,3,0.059211795481448858,0.61523135875319468,0.094958798797428065,0.12369138866313643,1.5390572625695536,1.5240177835906368,1.4895417332474534,0.97737818369680918,,1.0481956462212425,False,False,False,,-1,,,False,1,0.0093248142639987697,0.059211795481448858,0.022550032238174644,0.00078281780729048576
10000,0,single,gaussian_matched,0.050000000000000003,259,10,0.02,5.6836324297331409,5-<10%,True,False,3,0.064996651908252878,0.56808325577686125,-0.047862877868753054,0.11921607518255241,1.5390572625695536,1.6582510804914321,1.5474529980799356,0.93318377191790469,,1.0829155703276943,False,False,False,,-1,,,False,1,0.018654918116545169,0.064996651908252878,0.010965683143581397,0.0081673152089571793
10000,0,single,gaussian_matched,0.050000000000000003,259,10,0.050000000000000003,5.6836324297331409,5-<10%,True,False,3,0.064996651908252878,0.56808325577686125,-0.047862877868753054,0.11921607518255241,1.5390572625695536,1.6582510804914321,1.5474529980799356,0.93318377191790469,,1.0829155703276943,False,False,False,,-1,,,False,1,0.018654918116545169,0.064996651908252878,0.010965683143581397,0.0081673152089571793
10000,0,single,gaussian_matched,0.050000000000000003,259,11,0.02,5.6836324297331409,5-<10%,True,False,3,0.033826139753163662,0.50311236293675021,0.044597494642103545,0.0062348911130954273,1.5390572625695536,1.5452571917298352,1.49024762620659,0.96440102928000948,,0.97233712722372201,False,False,False,,-1,,,False,1,0.018665287269336629,0.013551443773309906,0.033826139753163662,0.008859264231028615
10000,0,single,gaussian_matched,0.050000000000000003,259,11,0.050000000000000003,5.6836324297331409,5-<10%,True,True,4,0.033826139753163662,0.50311236293675021,0.044597494642103545,0.0062348911130954273,1.5390572625695536,1.5452571917298352,1.49024762620659,0.96440102928000948,0.92891797441772095,0.97233712722372201,True,True,False,2>3>4>1,9,0,0,True,1,0.018665287269336629,0.013551443773309906,0.033826139753163662,0.008859264231028615
10000,0,single,gaussian_matched,0.050000000000000003,259,12,0.02,5.6836324297331409,5-<10%,True,False,2,0.065116158718995815,0.49748499481718406,0.17128150665063335,0.12130758058141795,1.5390572625695536,1.4451069375084287,1.4289974880844727,0.98885241707320914,,1.0073082440594563,False,False,False,,-1,,,False,1,0.017530182097648502,0.042870708083082493,0.065116158718995815,0.010089339707182609
10000,0,single,gaussian_matched,0.050000000000000003,259,12,0.050000000000000003,5.6836324297331409,5-<10%,True,False,3,0.065116158718995815,0.49748499481718406,0.17128150665063335,0.12130758058141795,1.5390572625695536,1.4451069375084287,1.4289974880844727,0.98885241707320914,,1.0073082440594563,False,False,False,,-1,,,False,1,0.017530182097648502,0.042870708083082493,0.065116158718995815,0.010089339707182609
10000,0,single,gaussian_matched,0.050000000000000003,259,13,0.02,5.6836324297331409,5-<10%,True,False,2,0.036067683965521138,0.55173841222744746,0.030974175223824146,0.055125722745656879,1.5390572625695536,1.5857064919381858,1.5051472762538931,0.94919664131170556,,1.0137848908848106,False,False,False,,-1,,,False,1,0.016305857841927767,0.036067683965521138,0.021671229064756242,0.0058029770143663917
10000,0,single,gaussian_matched,0.050000000000000003,259,13,0.050000000000000003,5.6836324297331409,5-<10%,True,True,4,0.036067683965521138,0.55173841222744746,0.030974175223824146,0.055125722745656879,1.5390572625695536,1.5857064919381858,1.5051472762538931,0.94919664131170556,0.91364505508080562,1.0137848908848106,True,True,False,2>3>4>1,9,0,0,True,1,0.016305857841927767,0.036067683965521138,0.021671229064756242,0.0058029770143663917
10000,0,single,gaussian_matched,0.050000000000000003,259,14,0.02,5.6836324297331409,5-<10%,True,False,3,0.031983706260479694,0.49283148297559437,0.021020468904475405,0.029852987435860928,1.5390572625695536,1.5587452706442786,1.5009422963367522,0.96291698496468603,,0.994631792462909,False,False,False,,-1,,,False,1,0.019805310230649326,0.015517918509795621,0.031983706260479694,0.010047085235826233
10000,0,single,gaussian_matched,0.050000000000000003,259,14,0.050000000000000003,5.6836324297331409,5-<10%,True,True,4,0.031983706260479694,0.49283148297559437,0.021020468904475405,0.029852987435860928,1.5390572625695536,1.5587452706442786,1.5009422963367522,0.96291698496468603,0.93052929096866721,0.994631792462909,True,True,False,2>3>4>1,9,0,0,True,1,0.019805310230649326,0.015517918509795621,0.031983706260479694,0.010047085235826233
10000,0,single,gaussian_matched,0.050000000000000003,259,15,0.02,5.6836324297331409,5-<10%,True,False,2,0.046657482870448568,0.57339988656759933,0.11137336772159227,0.095677759242293256,1.5390572625695536,1.5330000701137034,1.472652934414719,0.96063461647819204,,1.0190203651283156,False,False,False,,-1,,,False,1,0.012379435878756692,0.046657482870448568,0.033248138753363653,0.002926474931923299
10000,0,single,gaussian_matched,0.050000000000000003,259,15,0.050000000000000003,5.6836324297331409,5-<10%,True,True,4,0.046657482870448568,0.57339988656759933,0.11137336772159227,0.095677759242293256,1.5390572625695536,1.5330000701137034,1.472652934414719,0.96063461647819204,0.91460217255564535,1.0190203651283156,True,True,False,2>3>4>1,9,0,0.54209625752441593,True,1,0.012379435878756692,0.046657482870448568,0.033248138753363653,0.002926474931923299
10000,0,single,gaussian_matched,0.050000000000000003,259,16,0.02,5.6836324297331409,5-<10%,True,False,2,0.034111382736429968,0.46709066352353584,-0.00081165183497815263,0.060537991290760325,1.5390572625695536,1.5636700030270902,1.5095639000730217,0.96539800415092369,,1.0201711980114356,False,False,False,,-1,,,False,1,0.021395623832997552,0.01950945530546783,0.034111382736429968,0.012208890425146602
10000,0,single,gaussian_matched,0.050000000000000003,259,16,0.050000000000000003,5.6836324297331409,5-<10%,True,True,4,0.034111382736429968,0.46709066352353584,-0.00081165183497815263,0.060537991290760325,1.5390572625695536,1.5636700030270902,1.5095639000730217,0.96539800415092369,0.93637724824619928,1.0201711980114356,True,True,False,2>3>4>1,9,0,0,True,1,0.021395623832997552,0.01950945530546783,0.034111382736429968,0.012208890425146602
10000,0,single,gaussian_matched,0.050000000000000003,259,17,0.02,5.6836324297331409,5-<10%,True,False,2,0.035691941363344359,0.55600647855154084,0.045579386502360882,0.056180668057969133,1.5390572625695536,1.5772051660600428,1.4988737736740574,0.95033531840270213,,1.0103941416291196,False,False,False,,-1,,,False,1,0.015503225950117851,0.035691941363344359,0.023267433758233487,0.0050993974040896353
10000,0,single,gaussian_matched,0.050000000000000003,259,17,0.050000000000000003,5.6836324297331409,5-<10%,True,True,4,0.035691941363344359,0.55600647855154084,0.045579386502360882,0.056180668057969133,1.5390572625695536,1.5772051660600428,1.4988737736740574,0.95033531840270213,0.91293332315568698,1.0103941416291196,True,True,False,2>3>4>1,9,0,0,True,1,0.015503225950117851,0.035691941363344359,0.023267433758233487,0.0050993974040896353
10000,0,single,gaussian_matched,0.050000000000000003,259,18,0.02,5.6836324297331409,5-<10%,True,False,2,0.031219191148607241,0.51979795824340402,0.049558466053999932,0.019802881175047225,1.5390572625695536,1.5512956044892823,1.4904304273570739,0.96076493934742602,,0.98127168186756808,False,False,False,,-1,,,False,1,0.017608715617703673,0.020278459426076128,0.031219191148607241,0.0076457441744791415
10000,0,single,gaussian_matched,0.050000000000000003,259,18,0.050000000000000003,5.6836324297331409,5-<10%,True,True,4,0.031219191148607241,0.51979795824340402,0.049558466053999932,0.019802881175047225,1.5390572625695536,1.5512956044892823,1.4904304273570739,0.96076493934742602,0.92414348124121004,0.98127168186756808,True,True,False,2>3>4>1,9,0,0,True,1,0.017608715617703673,0.020278459426076128,0.031219191148607241,0.0076457441744791415
10000,0,single,gaussian_matched,0.050000000000000003,259,19,0.02,5.6836324297331409,5-<10%,True,False,2,0.04338698939169143,0.45599906609532254,0.039133135288366497,0.045322962537159242,1.5390572625695536,1.5236705093799885,1.4869417058623735,0.97589452359187512,,0.99558652277909387,False,False,False,,-1,,,False,1,0.021009513972290138,0.00074908932497623763,0.04338698939169143,0.011813728129389089
10000,0,single,gaussian_matched,0.050000000000000003,259,19,0.050000000000000003,5.6836324297331409,5-<10%,True,True,4,0.04338698939169143,0.45599906609532254,0.039133135288366497,0.045322962537159242,1.5390572625695536,1.5236705093799885,1.4869417058623735,0.97589452359187512,0.94253536341788868,0.99558652277909387,True,True,False,2>3>4>1,9,0,0,True,1,0.021009513972290138,0.00074908932497623763,0.04338698939169143,0.011813728129389089
10000,0,single,gaussian_matched,0.050000000000000003,259,20,0.02,5.6836324297331409,5-<10%,True,False,2,0.035723503715650341,0.54597614307681985,0.021213469585048772,0.054244539499853091,1.5390572625695536,1.5897427266823496,1.5089536165208433,0.94918101601879568,,1.0156855069907134,False,False,False,,-1,,,False,1,0.017014208666825369,0.035723503715650341,0.021292804447176922,0.006519295960791276
10000,0,single,gaussian_matched,0.050000000000000003,259,20,0.050000000000000003,5.6836324297331409,5-<10%,True,True,4,0.035723503715650341,0.54597614307681985,0.021213469585048772,0.054244539499853091,1.5390572625695536,1.5897427266823496,1.5089536165208433,0.94918101601879568,0.91496108414798027,1.0156855069907134,True,True,False,2>3>4>1,9,0,0,True,1,0.017014208666825369,0.035723503715650341,0.021292804447176922,0.006519295960791276
10000,0,single,gaussian_matched,0.050000000000000003,259,21,0.02,5.6836324297331409,5-<10%,True,False,2,0.033706438188619278,0.52147498986735519,-0.0021487682367569566,0.056397422090145213,1.5390572625695536,1.5940096080058059,1.5170191111026761,0.95170010486985135,,1.0223248812496442,False,False,False,,-1,,,False,1,0.01913977253522383,0.033706438188619278,0.022878248724357269,0.0090135311398403268
10000,0,single,gaussian_matched,0.050000000000000003,259,21,0.050000000000000003,5.6836324297331409,5-<10%,True,True,4,0.033706438188619278,0.52147498986735519,-0.0021487682367569566,0.056397422090145213,1.5390572625695536,1.5940096080058059,1.5170191111026761,0.95170010486985135,0.92101562995973019,1.0223248812496442,True,True,False,2>3>4>1,9,0,0,True,1,0.01913977253522383,0.033706438188619278,0.022878248724357269,0.0090135311398403268
10000,0,single,gaussian_matched,0.050000000000000003,259,22,0.02,5.6836324297331409,5-<10%,True,False,3,0.051587899200127359,0.48159032171457361,0.10564395481206332,0.058610288872345991,1.5390572625695536,1.4835739717044292,1.4565484147711127,0.98178347864766891,,0.98447194948016781,False,False,False,,-1,,,False,1,0.018600957094673857,0.019056630729522739,0.051587899200127359,0.0099206018925140811
10000,0,single,gaussian_matched,0.050000000000000003,259,22,0.050000000000000003,5.6836324297331409,5-<10%,True,False,3,0.051587899200127359,0.48159032171457361,0.10564395481206332,0.058610288872345991,1.5390572625695536,1.4835739717044292,1.4565484147711127,0.98178347864766891,,0.98447194948016781,False,False,False,,-1,,,False,1,0.018600957094673857,0.019056630729522739,0.051587899200127359,0.0099206018925140811
10000,0,single,gaussian_matched,0.050000000000000003,259,23,0.02,5.6836324297331409,5-<10%,True,False,3,0.049255047610652497,0.47722341416973879,0.091144448032025913,0.04702806041017784,1.5390572625695536,1.4924232295747402,1.462978172224533,0.980270303512632,,0.98112413966564171,False,False,False,,-1,,,False,1,0.019044926657874581,0.013873175752222801,0.049255047610652497,0.0101445181210851
10000,0,single,gaussian_matched,0.050000000000000003,259,23,0.050000000000000003,5.6836324297331409,5-<10%,True,True,4,0.049255047610652497,0.47722341416973879,0.091144448032025913,0.04702806041017784,1.5390572625695536,1.4924232295747402,1.462978172224533,0.980270303512632,0.93997302340098332,0.98112413966564171,True,True,False,2>3>4>1,9,0,0,True,1,0.019044926657874581,0.013873175752222801,0.049255047610652497,0.0101445181210851
10000,0,single,gaussian_matched,0.050000000000000003,259,24,0.02,5.6836324297331409,5-<10%,True,False,2,0.039347132225139456,0.55392745424623435,0.10514505947500181,0.077130719599788428,1.5390572625695536,1.5318018982585373,1.4709089149859969,0.96024748151718053,,1.0058362818815689,False,False,False,,-1,,,False,1,0.013965553534905055,0.039347132225139456,0.035593398377033694,0.0045658163028167269
10000,0,single,gaussian_matched,0.050000000000000003,259,24,0.050000000000000003,5.6836324297331409,5-<10%,True,True,4,0.039347132225139456,0.55392745424623435,0.10514505947500181,0.077130719599788428,1.5390572625695536,1.5318018982585373,1.4709089149859969,0.96024748151718053,0.91585231396088906,1.0058362818815689,True,True,False,2>3>4>1,9,0,0,True,1,0.013965553534905055,0.039347132225139456,0.035593398377033694,0.0045658163028167269
10000,0,single,gaussian_matched,0.050000000000000003,259,25,0.02,5.6836324297331409,5-<10%,True,False,2,0.033672232096254785,0.55298684078680915,0.058136110818235207,0.053607850132357165,1.5390572625695536,1.5657144031305363,1.4923214068396518,0.95312491464334725,,1.0044650673952067,False,False,False,,-1,,,False,1,0.015277338033231721,0.033672232096254785,0.026116225927482414,0.0050671507370021835
10000,0,single,gaussian_matched,0.050000000000000003,259,25,0.050000000000000003,5.6836324297331409,5-<10%,True,True,4,0.033672232096254785,0.55298684078680915,0.058136110818235207,0.053607850132357165,1.5390572625695536,1.5657144031305363,1.4923214068396518,0.95312491464334725,0.91435598780992788,1.0044650673952067,True,True,False,2>3>4>1,9,0,0,True,1,0.015277338033231721,0.033672232096254785,0.026116225927482414,0.0050671507370021835
10000,0,single,gaussian_matched,0.050000000000000003,259,26,0.02,5.6836324297331409,5-<10%,True,False,1,0.044403011033740912,0.45823457374108656,-0.055342172841174819,0.11331956675476962,1.5390572625695536,1.6073923146277596,1.5392017176392825,0.95757688003860542,,1.0737230670904754,False,False,False,,-1,,,False,1,0.023822627010461696,0.044403011033740912,0.029486876724203585,0.015057500158970782
10000,0,single,gaussian_matched,0.050000000000000003,259,26,0.050000000000000003,5.6836324297331409,5-<10%,True,True,4,0.044403011033740912,0.45823457374108656,-0.055342172841174819,0.11331956675476962,1.5390572625695536,1.6073923146277596,1.5392017176392825,0.95757688003860542,0.93490820395803831,1.0737230670904754,True,True,False,2>3>4>1,9,0,0,True,1,0.023822627010461696,0.044403011033740912,0.029486876724203585,0.015057500158970782
10000,0,single,gaussian_matched,0.050000000000000003,259,27,0.02,5.6836324297331409,5-<10%,True,False,2,0.062257563487371853,0.40038056368185315,0.0650294879903347,0.1007467994608113,1.5390572625695536,1.4738727726466601,1.4681151231775527,0.99609352341941404,,1.0193655303111007,False,False,False,,-1,,,False,1,0.022672388698993632,0.01527246167854418,0.062257563487371853,0.014359770899376357
10000,0,single,gaussian_matched,0.050000000000000003,259,27,0.050000000000000003,5.6836324297331409,5-<10%,True,False,3,0.062257563487371853,0.40038056368185315,0.0650294879903347,0.1007467994608113,1.5390572625695536,1.4738727726466601,1.4681151231775527,0.99609352341941404,,1.0193655303111007,False,False,False,,-1,,,False,1,0.022672388698993632,0.01527246167854418,0.062257563487371853,0.014359770899376357
10000,0,single,gaussian_matched,0.050000000000000003,259,28,0.02,5.6836324297331409,5-<10%,True,False,3,0.035433601651800525,0.48728338094900558,0.034348089583057739,0.020166672997500103,1.5390572625695536,1.5445841384973393,1.4932475562764809,0.96676349255353511,,0.98333848004280233,False,False,False,,-1,,,False,1,0.019722975273500507,0.0088723315125322777,0.035433601651800525,0.010066399039019453
10000,0,single,gaussian_matched,0.050000000000000003,259,28,0.050000000000000003,5.6836324297331409,5-<10%,True,True,4,0.035433601651800525,0.48728338094900558,0.034348089583057739,0.020166672997500103,1.5390572625695536,1.5445841384973393,1.4932475562764809,0.96676349255353511,0.93299974267573793,0.98333848004280233,True,True,False,2>3>4>1,9,0,0,True,1,0.019722975273500507,0.0088723315125322777,0.035433601651800525,0.010066399039019453
10000,0,single,gaussian_matched,0.050000000000000003,259,29,0.02,5.6836324297331409,5-<10%,True,False,3,0.063807786461306568,0.62710506457209692,0.060892170567574441,0.12757090898614018,1.5390572625695536,1.548824470546625,1.5065940961164306,0.9727339183792143,,1.0617961039176858,False,False,False,,-1,,,False,1,0.0094506378325311616,0.063807786461306568,0.013709594974351197,0.0013235180675785316
10000,0,single,gaussian_matched,0.050000000000000003,259,29,0.050000000000000003,5.6836324297331409,5-<10%,True,False,3,0.063807786461306568,0.62710506457209692,0.060892170567574441,0.12757090898614018,1.5390572625695536,1.548824470546625,1.5065940961164306,0.9727339183792143,,1.0617961039176858,False,False,False,,-1,,,False,1,0.0094506378325311616,0.063807786461306568,0.013709594974351197,0.0013235180675785316
10000,0,single,gaussian_matched,0.050000000000000003,259,30,0.02,5.6836324297331409,5-<10%,True,False,2,0.036064492728941362,0.54852266070642852,0.097921895143674817,0.068197922521089638,1.5390572625695536,1.5332478716576019,1.4729722988145322,0.96068765268990364,,1.0013728915859443,False,False,False,,-1,,,False,1,0.014501483168158196,0.036064492728941362,0.035069839852725049,0.0050102736128332936
10000,0,single,gaussian_matched,0.050000000000000003,259,30,0.050000000000000003,5.6836324297331409,5-<10%,True,True,4,0.036064492728941362,0.54852266070642852,0.097921895143674817,0.068197922521089638,1.5390572625695536,1.5332478716576019,1.4729722988145322,0.96068765268990364,0.91733923500905756,1.0013728915859443,True,True,False,2>3>4>1,9,0,0,True,1,0.014501483168158196,0.036064492728941362,0.035069839852725049,0.0050102736128332936
10000,0,single,gaussian_matched,0.050000000000000003,259,31,0.02,5.6836324297331409,5-<10%,True,False,2,0.049144093183502838,0.44624268776088899,0.056412117359721597,0.054138377037071563,1.5390572625695536,1.5038387115644034,1.4767685974707201,0.9819993235408051,,0.99470436333983148,False,False,False,,-1,,,False,1,0.021094313549141853,0.0048096934210181607,0.049144093183502838,0.01212178896794509
10000,0,single,gaussian_matched,0.050000000000000003,259,31,0.050000000000000003,5.6836324297331409,5-<10%,True,True,4,0.049144093183502838,0.44624268776088899,0.056412117359721597,0.054138377037071563,1.5390572625695536,1.5038387115644034,1.4767685974707201,0.9819993235408051,0.94683533163555078,0.99470436333983148,True,True,False,2>3>4>1,9,0,0,True,1,0.021094313549141853,0.0048096934210181607,0.049144093183502838,0.01212178896794509
10000,0,single,gaussian_matched,0.050000000000000003,260,0,0.02,3.3469608012058973,1-<5%,True,True,4,0.019547373134140782,0.46699770332549118,0.11269497661216976,0.070850629342249394,1.2517133056386625,1.1834506740456918,1.2014901515701735,1.015243117368646,1.0096719079077094,1.0164793928296829,True,True,False,1>3>2>4,2,0,0,True,2,0.019547373134140782,0.011831112292450591,0.0045063931777945083,0.016357680156182781
10000,0,single,gaussian_matched,0.050000000000000003,260,0,0.050000000000000003,3.3469608012058973,1-<5%,True,True,4,0.019547373134140782,0.46699770332549118,0.11269497661216976,0.070850629342249394,1.2517133056386625,1.1834506740456918,1.2014901515701735,1.015243117368646,0.98089641427044283,1.0164793928296829,True,True,False,1>3>2>4,2,0,0,True,2,0.019547373134140782,0.011831112292450591,0.0045063931777945083,0.016357680156182781
10000,0,single,gaussian_matched,0.050000000000000003,260,1,0.02,3.3469608012058973,1-<5%,True,False,2,0.028227199842948678,0.53596474720862064,0.044535821912169427,0.036377469455083238,1.2517133056386625,1.2803930813361637,1.2560485970350308,0.98098671052195308,,1.0325256276082155,False,False,False,,-1,,,False,2,0.028227199842948678,0.026542462751335125,0.019764460499778713,0.0057332484629098093
10000,0,single,gaussian_matched,0.050000000000000003,260,1,0.050000000000000003,3.3469608012058973,1-<5%,True,True,4,0.028227199842948678,0.53596474720862064,0.044535821912169427,0.036377469455083238,1.2517133056386625,1.2803930813361637,1.2560485970350308,0.98098671052195308,0.93518876044965704,1.0325256276082155,True,True,False,1>3>2>4,2,0,0,True,2,0.028227199842948678,0.026542462751335125,0.019764460499778713,0.0057332484629098093
10000,0,single,gaussian_matched,0.050000000000000003,260,2,0.02,3.3469608012058973,1-<5%,True,False,3,0.037707317468806137,0.52218691087837765,0.083087341498895545,0.039837559937697081,1.2517133056386625,1.2446520656745088,1.2344098327801134,0.99177100719401057,,1.0180025945059763,False,False,False,,-1,,,False,2,0.037707317468806137,0.008313851255589479,0.017121316058733654,0.0097270210389006594
10000,0,single,gaussian_matched,0.050000000000000003,260,2,0.050000000000000003,3.3469608012058973,1-<5%,True,True,4,0.037707317468806137,0.52218691087837765,0.083087341498895545,0.039837559937697081,1.2517133056386625,1.2446520656745088,1.2344098327801134,0.99177100719401057,0.949320088223223,1.0180025945059763,True,True,False,1>3>2>4,2,0,0,True,2,0.037707317468806137,0.008313851255589479,0.017121316058733654,0.0097270210389006594
10000,0,single,gaussian_matched,0.050000000000000003,260,3,0.02,3.3469608012058973,1-<5%,True,True,4,0.017219873225625702,0.51162731539914696,0.053774109834134803,0.012224498698570554,1.2517133056386625,1.2566696901133623,1.2485311285377132,0.99352370663534118,0.97373768824925311,1.0072239558027287,True,True,False,1>3>2>4,2,0,0,True,2,0.017219873225625702,0.012512432761318793,0.010145762349062608,0.0064852012643952933
10000,0,single,gaussian_matched,0.050000000000000003,260,3,0.050000000000000003,3.3469608012058973,1-<5%,True,True,4,0.017219873225625702,0.51162731539914696,0.053774109834134803,0.012224498698570554,1.2517133056386625,1.2566696901133623,1.2485311285377132,0.99352370663534118,0.94948958354457647,1.0072239558027287,True,True,False,1>3>2>4,2,0,0,True,2,0.017219873225625702,0.012512432761318793,0.010145762349062608,0.0064852012643952933
10000,0,single,gaussian_matched,0.050000000000000003,260,4,0.02,3.3469608012058973,1-<5%,True,False,1,0.053405242124286628,0.56794069965687033,0.011690020011578518,0.077997392498584936,1.2517133056386625,1.3262089072186856,1.269208358873676,0.95701993250478867,,1.0762893909519282,False,False,False,,-1,,,False,2,0.035207571492102165,0.053405242124286628,0.033307234496394812,0.0053821840750348012
10000,0,single,gaussian_matched,0.050000000000000003,260,4,0.050000000000000003,3.3469608012058973,1-<5%,True,False,3,0.053405242124286628,0.56794069965687033,0.011690020011578518,0.077997392498584936,1.2517133056386625,1.3262089072186856,1.269208358873676,0.95701993250478867,,1.0762893909519282,False,False,False,,-1,,,False,2,0.035207571492102165,0.053405242124286628,0.033307234496394812,0.0053821840750348012
10000,0,single,gaussian_matched,0.050000000000000003,260,5,0.02,3.3469608012058973,1-<5%,True,False,3,0.031017451256117278,0.52576707508275344,0.018890464412548203,0.040394868025371532,1.2517133056386625,1.2921057151535018,1.2676393182883372,0.98106470966095993,,1.0449950323459329,False,False,False,,-1,,,False,2,0.011118964307463855,0.031017451256117278,0.01665466716939001,0.0036439512162008084
10000,0,single,gaussian_matched,0.050000000000000003,260,5,0.050000000000000003,3.3469608012058973,1-<5%,True,True,4,0.031017451256117278,0.52576707508275344,0.018890464412548203,0.040394868025371532,1.2517133056386625,1.2921057151535018,1.2676393182883372,0.98106470966095993,0.93463341099637331,1.0449950323459329,True,True,False,1>3>2>4,2,0,0,True,2,0.011118964307463855,0.031017451256117278,0.01665466716939001,0.0036439512162008084
10000,0,single,gaussian_matched,0.050000000000000003,260,6,0.02,3.3469608012058973,1-<5%,True,True,4,0.011645471262333774,0.48749438084021063,0.029124287164703094,0.024334869980163674,1.2517133056386625,1.2607971993479838,1.2571530342211616,0.9971096341832717,0.97705881945112349,1.0237870752260407,True,True,False,1>3>2>4,2,0,0,True,2,0.0076862537009142907,0.011645471262333774,0.0035578252356204426,0.0042025660740720823
10000,0,single,gaussian_matched,0.050000000000000003,260,6,0.050000000000000003,3.3469608012058973,1-<5%,True,True,4,0.011645471262333774,0.48749438084021063,0.029124287164703094,0.024334869980163674,1.2517133056386625,1.2607971993479838,1.2571530342211616,0.9971096341832717,0.95313414976354005,1.0237870752260407,True,True,False,1>3>2>4,2,0,0,True,2,0.0076862537009142907,0.011645471262333774,0.0035578252356204426,0.0042025660740720823
10000,0,single,gaussian_matched,0.050000000000000003,260,7,0.02,3.3469608012058973,1-<5%,True,False,3,0.024357308109867845,0.41383500869682283,0.089668892091225083,0.094857929167897495,1.2517133056386625,1.1724208958635529,1.2004972411903678,1.0239473259354825,,1.034865703290847,False,False,False,,-1,,,False,2,0.024357308109867845,0.0067591921260547732,0.013699090680056871,0.016920673758417819
10000,0,single,gaussian_matched,0.050000000000000003,260,7,0.050000000000000003,3.3469608012058973,1-<5%,True,True,4,0.024357308109867845,0.41383500869682283,0.089668892091225083,0.094857929167897495,1.2517133056386625,1.1724208958635529,1.2004972411903678,1.0239473259354825,0.99168336363978471,1.034865703290847,True,True,False,1>3>2>4,2,0,0,True,2,0.024357308109867845,0.0067591921260547732,0.013699090680056871,0.016920673758417819
10000,0,single,gaussian_matched,0.050000000000000003,260,8,0.02,3.3469608012058973,1-<5%,True,False,2,0.037242522272038017,0.49961165625171111,-0.028343399457256516,0.078344361950213728,1.2517133056386625,1.3161156743875206,1.2875984206342042,0.97833225885210473,,1.0912584985964275,False,False,False,,-1,,,False,2,0.020682729869026278,0.037242522272038017,0.014897809476969628,0.00020633336343996113
10000,0,single,gaussian_matched,0.050000000000000003,260,8,0.050000000000000003,3.3469608012058973,1-<5%,True,True,4,0.037242522272038017,0.49961165625171111,-0.028343399457256516,0.078344361950213728,1.2517133056386625,1.3161156743875206,1.2875984206342042,0.97833225885210473,0.9315346760040879,1.0912584985964275,True,True,False,1>3>2>4,2,0,0,True,2,0.020682729869026278,0.037242522272038017,0.014897809476969628,0.00020633336343996113
10000,0,single,gaussian_matched,0.050000000000000003,260,9,0.02,3.3469608012058973,1-<5%,True,False,3,0.025781525499570392,0.38964473516133913,0.15136855836919863,0.14984615144694444,1.2517133056386625,1.1061489159247924,1.152667668607084,1.0420546926481411,,1.0405847842205735,False,False,False,,-1,,,False,2,0.0092957903171966439,0.013417859551227623,0.0078117900758242721,0.025781525499570392
10000,0,single,gaussian_matched,0.050000000000000003,260,9,0.050000000000000003,3.3469608012058973,1-<5%,True,True,4,0.025781525499570392,0.38964473516133913,0.15136855836919863,0.14984615144694444,1.2517133056386625,1.1061489159247924,1.152667668607084,1.0420546926481411,1.0159806979094195,1.0405847842205735,True,True,False,1>3>2>4,2,0,0,True,2,0.0092957903171966439,0.013417859551227623,0.0078117900758242721,0.025781525499570392
10000,0,single,gaussian_matched,0.050000000000000003,260,10,0.02,3.3469608012058973,1-<5%,True,True,4,0.01433187201313248,0.44851622063558855,0.066164845688898077,0.053961854803085539,1.2517133056386625,1.2087012011698133,1.2254014074516255,1.0138166539965785,1.0026426950116718,1.0220896881829828,True,True,False,1>3>2>4,2,0,0,True,2,0.01433187201313248,0.0022694342824313763,0.010370066754057085,0.010779494355893902
10000,0,single,gaussian_matched,0.050000000000000003,260,10,0.050000000000000003,3.3469608012058973,1-<5%,True,True,4,0.01433187201313248,0.44851622063558855,0.066164845688898077,0.053961854803085539,1.2517133056386625,1.2087012011698133,1.2254014074516255,1.0138166539965785,0.97659292910830564,1.0220896881829828,True,True,False,1>3>2>4,2,0,0,True,2,0.01433187201313248,0.0022694342824313763,0.010370066754057085,0.010779494355893902
10000,0,single,gaussian_matched,0.050000000000000003,260,11,0.02,3.3469608012058973,1-<5%,True,False,3,0.024894337733632057,0.46201482180280373,0.022480737624468519,0.046906114360135365,1.2517133056386625,1.2535499679046724,1.2551905956228853,1.0013087852580422,,1.0402515529054401,False,False,False,,-1,,,False,2,0.024894337733632057,0.0094640876120020093,0.0021261193410783545,0.0042849906058192435
10000,0,single,gaussian_matched,0.050000000000000003,260,11,0.050000000000000003,3.3469608012058973,1-<5%,True,True,4,0.024894337733632057,0.46201482180280373,0.022480737624468519,0.046906114360135365,1.2517133056386625,1.2535499679046724,1.2551905956228853,1.0013087852580422,0.95899826815091038,1.0402515529054401,True,True,False,1>3>2>4,2,0,0,True,2,0.024894337733632057,0.0094640876120020093,0.0021261193410783545,0.0042849906058192435
10000,0,single,gaussian_matched,0.050000000000000003,260,12,0.02,3.3469608012058973,1-<5%,True,True,4,0.011224669308988171,0.49801791399333989,0.058833703770437958,0.0090533412197733691,1.2517133056386625,1.2437416536539148,1.2430426508511543,0.999437983924791,0.98140210565564989,1.0003057300985307,True,True,False,1>3>2>4,2,0,0,True,2,0.011224669308988171,0.0057745414751977095,0.0051683315453318092,0.0072228575903359815
10000,0,single,gaussian_matched,0.050000000000000003,260,12,0.050000000000000003,3.3469608012058973,1-<5%,True,True,4,0.011224669308988171,0.49801791399333989,0.058833703770437958,0.0090533412197733691,1.2517133056386625,1.2437416536539148,1.2430426508511543,0.999437983924791,0.95677836626644164,1.0003057300985307,True,True,False,1>3>2>4,2,0,0,True,2,0.011224669308988171,0.0057745414751977095,0.0051683315453318092,0.0072228575903359815
10000,0,single,gaussian_matched,0.050000000000000003,260,13,0.02,3.3469608012058973,1-<5%,True,False,2,0.052488874861900486,0.51641213271660313,0.1167950410618071,0.068781797088734831,1.2517133056386625,1.2207504915983092,1.213550643680791,0.99410211343999422,,1.0244617797006164,False,False,False,,-1,,,False,2,0.052488874861900486,0.0025733370664419173,0.022386194758199866,0.014397953281801042
10000,0,single,gaussian_matched,0.050000000000000003,260,13,0.050000000000000003,3.3469608012058973,1-<5%,True,False,3,0.052488874861900486,0.51641213271660313,0.1167950410618071,0.068781797088734831,1.2517133056386625,1.2207504915983092,1.213550643680791,0.99410211343999422,,1.0244617797006164,False,False,False,,-1,,,False,2,0.052488874861900486,0.0025733370664419173,0.022386194758199866,0.014397953281801042
10000,0,single,gaussian_matched,0.050000000000000003,260,14,0.02,3.3469608012058973,1-<5%,True,False,1,0.097401835514246651,0.6075317980540178,0.085980183235554619,0.11339162746161707,1.2517133056386625,1.3155985397562673,1.2311201998688119,0.9357871437717572,,1.0741372016049777,False,False,False,,-1,,,False,2,0.097401835514246651,0.050893292335651097,0.059642471589046023,0.012001045987131831
10000,0,single,gaussian_matched,0.050000000000000003,260,14,0.050000000000000003,3.3469608012058973,1-<5%,True,False,1,0.097401835514246651,0.6075317980540178,0.085980183235554619,0.11339162746161707,1.2517133056386625,1.3155985397562673,1.2311201998688119,0.9357871437717572,,1.0741372016049777,False,False,False,,-1,,,False,2,0.097401835514246651,0.050893292335651097,0.059642471589046023,0.012001045987131831
10000,0,single,gaussian_matched,0.050000000000000003,260,15,0.02,3.3469608012058973,1-<5%,True,False,1,0.095485953865689949,0.61104536938838416,-0.038628430578690004,0.14207769976123755,1.2517133056386625,1.3922330031556567,1.2567526824186186,0.90268847209486036,,1.1175325658666944,False,False,False,,-1,,,False,2,0.044340829543438369,0.095485953865689949,0.052808996175143438,0.0038466637751782599
10000,0,single,gaussian_matched,0.050000000000000003,260,15,0.050000000000000003,3.3469608012058973,1-<5%,True,False,2,0.095485953865689949,0.61104536938838416,-0.038628430578690004,0.14207769976123755,1.2517133056386625,1.3922330031556567,1.2567526824186186,0.90268847209486036,,1.1175325658666944,False,False,False,,-1,,,False,2,0.044340829543438369,0.095485953865689949,0.052808996175143438,0.0038466637751782599
10000,0,single,gaussian_matched,0.050000000000000003,260,16,0.02,3.3469608012058973,1-<5%,True,False,2,0.045715438894905813,0.53320218782526574,0.084970582613942441,0.048221643737462933,1.2517133056386625,1.2522951456003681,1.2350001751435629,0.9861893815387156,,1.0251723083076814,False,False,False,,-1,,,False,2,0.045715438894905813,0.012465764177641595,0.02233164334320412,0.0098416120706916153
10000,0,single,gaussian_matched,0.050000000000000003,260,16,0.050000000000000003,3.3469608012058973,1-<5%,True,True,4,0.045715438894905813,0.53320218782526574,0.084970582613942441,0.048221643737462933,1.2517133056386625,1.2522951456003681,1.2350001751435629,0.9861893815387156,0.94313738458633356,1.0251723083076814,True,True,False,1>3>2>4,2,0,0,True,2,0.045715438894905813,0.012465764177641595,0.02233164334320412,0.0098416120706916153
10000,0,single,gaussian_matched,0.050000000000000003,260,17,0.02,3.3469608012058973,1-<5%,True,False,3,0.031593648210159204,0.44136889408278224,0.033894787551323663,0.060802832574584936,1.2517133056386625,1.2344647942867926,1.2434234087828531,1.0072570838289774,,1.0419528461367451,False,False,False,,-1,,,False,2,0.031593648210159204,0.0049023737997944501,0.0085214450792281231,0.0067236095480961737
10000,0,single,gaussian_matched,0.050000000000000003,260,17,0.050000000000000003,3.3469608012058973,1-<5%,True,True,4,0.031593648210159204,0.44136889408278224,0.033894787551323663,0.060802832574584936,1.2517133056386625,1.2344647942867926,1.2434234087828531,1.0072570838289774,0.96790243791344488,1.0419528461367451,True,True,False,1>3>2>4,2,0,0,True,2,0.031593648210159204,0.0049023737997944501,0.0085214450792281231,0.0067236095480961737
10000,0,single,gaussian_matched,0.050000000000000003,260,18,0.02,3.3469608012058973,1-<5%,True,False,3,0.064322212650792576,0.41621499715074012,-0.020183843887964154,0.10929637983639079,1.2517133056386625,1.2787610324408076,1.2702646298550548,0.99335575422599842,,1.1021381681227327,False,False,False,,-1,,,False,2,0.064322212650792576,0.016406515980830733,0.005828520897988838,0.0017038238337659581
10000,0,single,gaussian_matched,0.050000000000000003,260,18,0.050000000000000003,3.3469608012058973,1-<5%,True,False,3,0.064322212650792576,0.41621499715074012,-0.020183843887964154,0.10929637983639079,1.2517133056386625,1.2787610324408076,1.2702646298550548,0.99335575422599842,,1.1021381681227327,False,False,False,,-1,,,False,2,0.064322212650792576,0.016406515980830733,0.005828520897988838,0.0017038238337659581
10000,0,single,gaussian_matched,0.050000000000000003,260,19,0.02,3.3469608012058973,1-<5%,True,False,3,0.041620947127451596,0.51999364475828136,-0.015611389867442663,0.068590089014797975,1.2517133056386625,1.3160666130535927,1.2828322034286577,0.97474716758612756,,1.0796580066342896,False,False,False,,-1,,,False,2,0.0047884302512343577,0.041620947127451596,0.018694766148918334,0.0014877845064443485
10000,0,single,gaussian_matched,0.050000000000000003,260,19,0.050000000000000003,3.3469608012058973,1-<5%,True,True,4,0.041620947127451596,0.51999364475828136,-0.015611389867442663,0.068590089014797975,1.2517133056386625,1.3160666130535927,1.2828322034286577,0.97474716758612756,0.92763988849305801,1.0796580066342896,True,True,False,1>3>2>4,2,0,0,True,2,0.0047884302512343577,0.041620947127451596,0.018694766148918334,0.0014877845064443485
10000,0,single,gaussian_matched,0.050000000000000003,260,20,0.02,3.3469608012058973,1-<5%,True,False,1,0.043149555179384139,0.55562947597005008,0.049408765461833565,0.055632617725409075,1.2517133056386625,1.2918400898213649,1.2547516677014532,0.9712902375362571,,1.0468725382433033,False,False,False,,-1,,,False,2,0.043149555179384139,0.033746533783965985,0.028615273469662177,0.0065250091897451406
10000,0,single,gaussian_matched,0.050000000000000003,260,20,0.050000000000000003,3.3469608012058973,1-<5%,True,True,4,0.043149555179384139,0.55562947597005008,0.049408765461833565,0.055632617725409075,1.2517133056386625,1.2918400898213649,1.2547516677014532,0.9712902375362571,0.9252279993103194,1.0468725382433033,True,True,False,1>3>2>4,2,0,0,True,2,0.043149555179384139,0.033746533783965985,0.028615273469662177,0.0065250091897451406
10000,0,single,gaussian_matched,0.050000000000000003,260,21,0.02,3.3469608012058973,1-<5%,True,False,2,0.053300290844108228,0.52964955023653193,-0.033896394135681532,0.088981463115630155,1.2517133056386625,1.336616485932403,1.2897147535635933,0.96491010483377981,,1.1014472806740443,False,False,False,,-1,,,False,2,0.0047319306835679892,0.053300290844108228,0.024092940394822134,0.0011205201403789063
10000,0,single,gaussian_matched,0.050000000000000003,260,21,0.050000000000000003,3.3469608012058973,1-<5%,True,False,3,0.053300290844108228,0.52964955023653193,-0.033896394135681532,0.088981463115630155,1.2517133056386625,1.336616485932403,1.2897147535635933,0.96491010483377981,,1.1014472806740443,False,False,False,,-1,,,False,2,0.0047319306835679892,0.053300290844108228,0.024092940394822134,0.0011205201403789063
10000,0,single,gaussian_matched,0.050000000000000003,260,22,0.02,3.3469608012058973,1-<5%,True,False,3,0.023096066688465908,0.46224839757153852,0.02669083388700165,0.044367789113274166,1.2517133056386625,1.249918277954662,1.2528314838028565,1.0023307170553275,,1.0363389660176696,False,False,False,,-1,,,False,2,0.023096066688465908,0.0083968500140005412,0.0026675279338534749,0.0047624785971166796
10000,0,single,gaussian_matched,0.050000000000000003,260,22,0.050000000000000003,3.3469608012058973,1-<5%,True,True,4,0.023096066688465908,0.46224839757153852,0.02669083388700165,0.044367789113274166,1.2517133056386625,1.249918277954662,1.2528314838028565,1.0023307170553275,0.96031728142478212,1.0363389660176696,True,True,False,1>3>2>4,2,0,0,True,2,0.023096066688465908,0.0083968500140005412,0.0026675279338534749,0.0047624785971166796
10000,0,single,gaussian_matched,0.050000000000000003,260,23,0.02,3.3469608012058973,1-<5%,True,True,4,0.015225048124792841,0.44310387039421861,0.093275726658966315,0.071483970804505817,1.2517133056386625,1.1827921972461735,1.2066190756684634,1.0201446023044154,1.0137757627145565,1.0210828955124367,True,True,False,1>3>2>4,2,0,0,True,2,0.0048698286541993402,0.0083143288787001449,0.0061735753995543711,0.015225048124792841
10000,0,single,gaussian_matched,0.050000000000000003,260,23,0.050000000000000003,3.3469608012058973,1-<5%,True,True,4,0.015225048124792841,0.44310387039421861,0.093275726658966315,0.071483970804505817,1.2517133056386625,1.1827921972461735,1.2066190756684634,1.0201446023044154,0.98587827922356364,1.0210828955124367,True,True,False,1>3>2>4,2,0,0,True,2,0.0048698286541993402,0.0083143288787001449,0.0061735753995543711,0.015225048124792841
10000,0,single,gaussian_matched,0.050000000000000003,260,24,0.02,3.3469608012058973,1-<5%,True,True,4,0.015280398114703726,0.45771034647247677,0.051052144392470279,0.042302739902996406,1.2517133056386625,1.2263859952800777,1.2372625389431393,1.0088687768002256,0.99448435929220813,1.0222510802449787,True,True,False,1>3>2>4,2,0,0,True,2,0.015280398114703726,0.001956263171975827,0.0068973165640846936,0.0079385410732939008
10000,0,single,gaussian_matched,0.050000000000000003,260,24,0.050000000000000003,3.3469608012058973,1-<5%,True,True,4,0.015280398114703726,0.45771034647247677,0.051052144392470279,0.042302739902996406,1.2517133056386625,1.2263859952800777,1.2372625389431393,1.0088687768002256,0.96935910050811291,1.0222510802449787,True,True,False,1>3>2>4,2,0,0,True,2,0.015280398114703726,0.001956263171975827,0.0068973165640846936,0.0079385410732939008
10000,0,single,gaussian_matched,0.050000000000000003,260,25,0.02,3.3469608012058973,1-<5%,True,True,4,0.01736599978057558,0.47990428610752389,0.015437638486661971,0.039979926841190283,1.2517133056386625,1.2683312780575153,1.2629876399885984,0.99578687511586028,0.97524945403587515,1.0409472847817773,True,True,False,1>3>2>4,2,0,0,True,2,0.01736599978057558,0.014020663803075008,0.0032975916398844604,0.002974706029288671
10000,0,single,gaussian_matched,0.050000000000000003,260,25,0.050000000000000003,3.3469608012058973,1-<5%,True,True,4,0.01736599978057558,0.47990428610752389,0.015437638486661971,0.039979926841190283,1.2517133056386625,1.2683312780575153,1.2629876399885984,0.99578687511586028,0.95154388777685495,1.0409472847817773,True,True,False,1>3>2>4,2,0,0,True,2,0.01736599978057558,0.014020663803075008,0.0032975916398844604,0.002974706029288671
10000,0,single,gaussian_matched,0.050000000000000003,260,26,0.02,3.3469608012058973,1-<5%,True,False,1,0.040325576421788988,0.55300973811859155,0.046999589290034179,0.053094583526289534,1.2517133056386625,1.2913876518730167,1.2557987936642694,0.97244138260333401,,1.0456814442207447,False,False,False,,-1,,,False,2,0.040325576421788988,0.033380435090783207,0.027281595137751156,0.0062712692785937317
10000,0,single,gaussian_matched,0.050000000000000003,260,26,0.050000000000000003,3.3469608012058973,1-<5%,True,True,4,0.040325576421788988,0.55300973811859155,0.046999589290034179,0.053094583526289534,1.2517133056386625,1.2913876518730167,1.2557987936642694,0.97244138260333401,0.92632565180893101,1.0456814442207447,True,True,False,1>3>2>4,2,0,0,True,2,0.040325576421788988,0.033380435090783207,0.027281595137751156,0.0062712692785937317
10000,0,single,gaussian_matched,0.050000000000000003,260,27,0.02,3.3469608012058973,1-<5%,True,False,3,0.033799617952948502,0.52904957686738341,0.015455583392235413,0.045135292565184726,1.2517133056386625,1.2968482043268792,1.2694301876780523,0.97885795996991176,,1.0502129156264783,False,False,False,,-1,,,False,2,0.011800184331841313,0.033799617952948502,0.018085858420394327,0.0034951295351878325
10000,0,single,gaussian_matched,0.050000000000000003,260,27,0.050000000000000003,3.3469608012058973,1-<5%,True,True,4,0.033799617952948502,0.52904957686738341,0.015455583392235413,0.045135292565184726,1.2517133056386625,1.2968482043268792,1.2694301876780523,0.97885795996991176,0.93222920090948447,1.0502129156264783,True,True,False,1>3>2>4,2,0,0,True,2,0.011800184331841313,0.033799617952948502,0.018085858420394327,0.0034951295351878325
10000,0,single,gaussian_matched,0.050000000000000003,260,28,0.02,3.3469608012058973,1-<5%,True,False,2,0.048974594242182,0.52839548752477972,0.097150256197797907,0.055040443051340891,1.2517133056386625,1.2413787090043247,1.2275832278267211,0.98888696811252019,,1.0246944448861859,False,False,False,,-1,,,False,2,0.048974594242182,0.0070253678058650902,0.02252164278825312,0.011450121001738634
10000,0,single,gaussian_matched,0.050000000000000003,260,28,0.050000000000000003,3.3469608012058973,1-<5%,True,True,4,0.048974594242182,0.52839548752477972,0.097150256197797907,0.055040443051340891,1.2517133056386625,1.2413787090043247,1.2275832278267211,0.98888696811252019,0.94733169703546649,1.0246944448861859,True,True,False,1>3>2>4,2,0,0,True,2,0.048974594242182,0.0070253678058650902,0.02252164278825312,0.011450121001738634
10000,0,single,gaussian_matched,0.050000000000000003,260,29,0.02,3.3469608012058973,1-<5%,True,False,1,0.05124064366644851,0.56622815019361539,0.014855017322985192,0.074975580594189128,1.2517133056386625,1.3227792669507146,1.2684450633357487,0.9589242098266193,,1.0732654497464844,False,False,False,,-1,,,False,2,0.035333978378734608,0.05124064366644851,0.032520709566898238,0.005357317518262429
10000,0,single,gaussian_matched,0.050000000000000003,260,29,0.050000000000000003,3.3469608012058973,1-<5%,True,False,3,0.05124064366644851,0.56622815019361539,0.014855017322985192,0.074975580594189128,1.2517133056386625,1.3227792669507146,1.2684450633357487,0.9589242098266193,,1.0732654497464844,False,False,False,,-1,,,False,2,0.035333978378734608,0.05124064366644851,0.032520709566898238,0.005357317518262429
10000,0,single,gaussian_matched,0.050000000000000003,260,30,0.02,3.3469608012058973,1-<5%,True,False,3,0.020897639503427431,0.49854391165266432,0.012567829859821543,0.037460479904540926,1.2517133056386625,1.2807018645355472,1.267799008075571,0.98992516774022543,,1.0427783120146099,False,False,False,,-1,,,False,2,0.0076425534919226839,0.020897639503427431,0.0087192376634814307,0.0027299509697894502
10000,0,single,gaussian_matched,0.050000000000000003,260,30,0.050000000000000003,3.3469608012058973,1-<5%,True,True,4,0.020897639503427431,0.49854391165266432,0.012567829859821543,0.037460479904540926,1.2517133056386625,1.2807018645355472,1.267799008075571,0.98992516774022543,0.94442310028396403,1.0427783120146099,True,True,False,1>3>2>4,2,0,0,True,2,0.0076425534919226839,0.020897639503427431,0.0087192376634814307,0.0027299509697894502
10000,0,single,gaussian_matched,0.050000000000000003,260,31,0.02,3.3469608012058973,1-<5%,True,False,1,0.057381410312232616,0.58028772449763066,0.044149898040164906,0.080500573898251868,1.2517133056386625,1.3144346759668264,1.2553526706185156,0.95505139477178413,,1.0672198166297946,False,False,False,,-1,,,False,2,0.057381410312232616,0.047814038207224206,0.039828097931039981,0.0076562503599931463
10000,0,single,gaussian_matched,0.050000000000000003,260,31,0.050000000000000003,3.3469608012058973,1-<5%,True,False,3,0.057381410312232616,0.58028772449763066,0.044149898040164906,0.080500573898251868,1.2517133056386625,1.3144346759668264,1.2553526706185156,0.95505139477178413,,1.0672198166297946,False,False,False,,-1,,,False,2,0.057381410312232616,0.047814038207224206,0.039828097931039981,0.0076562503599931463
10000,0,single,gaussian_matched,0.050000000000000003,261,0,0.02,9.3237170060073691,5-<10%,True,False,3,0.044682782837192257,0.50187082875911626,-0.05073267891258447,0.10075005012977302,1.4503024518072027,1.5068839367095945,1.4916803572406714,0.98991058362323414,,1.0979988383706709,False,False,False,,-1,,,False,1,0.0037274683758096957,0.0084810997383850291,0.044682782837192257,0.011278039888195694
10000,0,single,gaussian_matched,0.050000000000000003,261,0,0.050000000000000003,9.3237170060073691,5-<10%,True,True,4,0.044682782837192257,0.50187082875911626,-0.05073267891258447,0.10075005012977302,1.4503024518072027,1.5068839367095945,1.4916803572406714,0.98991058362323414,0.96187443741137391,1.0979988383706709,True,True,False,3>4>1>2,16,0,0,True,1,0.0037274683758096957,0.0084810997383850291,0.044682782837192257,0.011278039888195694
10000,0,single,gaussian_matched,0.050000000000000003,261,1,0.02,9.3237170060073691,5-<10%,True,False,3,0.042096457702581011,0.45304736080599689,0.084682886810289293,0.058373392609797618,1.4503024518072027,1.393009496650031,1.410317761205484,1.0124250872639968,,1.0126792187279039,False,False,False,,-1,,,False,1,0.0015766249109230572,0.0026964522559598473,0.011143012209967433,0.042096457702581011
10000,0,single,gaussian_matched,0.050000000000000003,261,1,0.050000000000000003,9.3237170060073691,5-<10%,True,True,4,0.042096457702581011,0.45304736080599689,0.084682886810289293,0.058373392609797618,1.4503024518072027,1.393009496650031,1.410317761205484,1.0124250872639968,0.97246184654314394,1.0126792187279039,True,True,False,3>4>1>2,16,0,0,True,1,0.0015766249109230572,0.0026964522559598473,0.011143012209967433,0.042096457702581011
10000,0,single,gaussian_matched,0.050000000000000003,261,2,0.02,9.3237170060073691,5-<10%,True,False,3,0.036367312101768037,0.48599713273351308,-0.038827027570155145,0.089923974103861506,1.4503024518072027,1.4870607051645568,1.4828357567379591,0.99715885947902161,,1.0844356836617255,False,False,False,,-1,,,False,1,0.0025414146680034274,0.0081791261152815448,0.036367312101768037,0.0045745684252008027
10000,0,single,gaussian_matched,0.050000000000000003,261,2,0.050000000000000003,9.3237170060073691,5-<10%,True,True,4,0.036367312101768037,0.48599713273351308,-0.038827027570155145,0.089923974103861506,1.4503024518072027,1.4870607051645568,1.4828357567379591,0.99715885947902161,0.96869391000197724,1.0844356836617255,True,True,False,3>4>1>2,16,0,0,True,1,0.0025414146680034274,0.0081791261152815448,0.036367312101768037,0.0045745684252008027
10000,0,single,gaussian_matched,0.050000000000000003,261,3,0.02,9.3237170060073691,5-<10%,True,False,3,0.022394093650266924,0.45213377120009474,0.028597348157543029,0.052433284900092872,1.4503024518072027,1.419568216854763,1.4411018704812801,1.0151691573330852,,1.0298094397622362,False,False,False,,-1,,,False,1,0.00044252146813305101,0.0028695148906119081,0.00050604500560439097,0.022394093650266924
10000,0,single,gaussian_matched,0.050000000000000003,261,3,0.050000000000000003,9.3237170060073691,5-<10%,True,True,4,0.022394093650266924,0.45213377120009474,0.028597348157543029,0.052433284900092872,1.4503024518072027,1.419568216854763,1.4411018704812801,1.0151691573330852,0.98141690662359793,1.0298094397622362,True,True,False,3>4>1>2,16,0,0,True,1,0.00044252146813305101,0.0028695148906119081,0.00050604500560439097,0.022394093650266924
10000,0,single,gaussian_matched,0.050000000000000003,261,4,0.02,9.3237170060073691,5-<10%,True,False,3,0.034054200193098773,0.47446342389280494,-0.036366985100411614,0.090063160252199057,1.4503024518072027,1.476631496290751,1.4798496933214835,1.0021794178431225,,1.0824727294761414,False,False,False,,-1,,,False,1,0.0015688481659033792,0.0087428484344347149,0.034054200193098773,0.0004511178951731271
10000,0,single,gaussian_matched,0.050000000000000003,261,4,0.050000000000000003,9.3237170060073691,5-<10%,True,True,4,0.034054200193098773,0.47446342389280494,-0.036366985100411614,0.090063160252199057,1.4503024518072027,1.476631496290751,1.4798496933214835,1.0021794178431225,0.9740292144993955,1.0824727294761414,True,True,False,3>4>1>2,16,0,0,True,1,0.0015688481659033792,0.0087428484344347149,0.034054200193098773,0.0004511178951731271
10000,0,single,gaussian_matched,0.050000000000000003,261,5,0.02,9.3237170060073691,5-<10%,True,False,3,0.024855106579285313,0.53332421914547778,0.038807775928560426,0.035153512787787507,1.4503024518072027,1.4851590800194481,1.4458791495357255,0.97355170162430804,,1.021188828908079,False,False,False,,-1,,,False,1,0.010625502197522051,0.0078116470729962112,0.024855106579285313,0.0076960309864951186
10000,0,single,gaussian_matched,0.050000000000000003,261,5,0.050000000000000003,9.3237170060073691,5-<10%,True,True,4,0.024855106579285313,0.53332421914547778,0.038807775928560426,0.035153512787787507,1.4503024518072027,1.4851590800194481,1.4458791495357255,0.97355170162430804,0.93477730980788099,1.021188828908079,True,True,False,3>4>1>2,16,0,0,True,1,0.010625502197522051,0.0078116470729962112,0.024855106579285313,0.0076960309864951186
10000,0,single,gaussian_matched,0.050000000000000003,261,6,0.02,9.3237170060073691,5-<10%,True,True,4,0.010088956237925269,0.50748897677455707,0.035745120599970696,0.016102371248956939,1.4503024518072027,1.4634719400892886,1.4443697487816698,0.98694734706942633,0.97050419296080004,1.0070121016555904,True,True,False,3>4>1>2,16,0,0,True,1,0.0069443776496368702,0.005710162501805954,0.0078190075434293408,0.010088956237925269
10000,0,single,gaussian_matched,0.050000000000000003,261,6,0.050000000000000003,9.3237170060073691,5-<10%,True,True,4,0.010088956237925269,0.50748897677455707,0.035745120599970696,0.016102371248956939,1.4503024518072027,1.4634719400892886,1.4443697487816698,0.98694734706942633,0.9496884538309931,1.0070121016555904,True,True,False,3>4>1>2,16,0,0,True,1,0.0069443776496368702,0.005710162501805954,0.0078190075434293408,0.010088956237925269
10000,0,single,gaussian_matched,0.050000000000000003,261,7,0.02,9.3237170060073691,5-<10%,True,False,3,0.043367602793543188,0.41855843388230779,0.061937364231969438,0.082311781395551967,1.4503024518072027,1.3732676936405217,1.419232421603867,1.0334710618885188,,1.0353317689895405,False,False,False,,-1,,,False,1,0.0029331025280959549,0.0013335952891819335,0.011292790671048027,0.043367602793543188
10000,0,single,gaussian_matched,0.050000000000000003,261,7,0.050000000000000003,9.3237170060073691,5-<10%,True,True,4,0.043367602793543188,0.41855843388230779,0.061937364231969438,0.082311781395551967,1.4503024518072027,1.3732676936405217,1.419232421603867,1.0334710618885188,0.99802553439660069,1.0353317689895405,True,True,False,3>4>1>2,16,0,0,True,1,0.0029331025280959549,0.0013335952891819335,0.011292790671048027,0.043367602793543188
10000,0,single,gaussian_matched,0.050000000000000003,261,8,0.02,9.3237170060073691,5-<10%,True,True,4,0.014224636082511557,0.47752617209417786,0.0017366563931182008,0.053239301994451885,1.4503024518072027,1.455712240974905,1.4592925989143346,1.0024595231383311,0.99095239948933778,1.0429079113974058,True,True,False,3>4>1>2,16,0,0,True,1,0.0025462656800375174,0.0043739234869877106,0.014224636082511557,0.0063234180753587079
10000,0,single,gaussian_matched,0.050000000000000003,261,8,0.050000000000000003,9.3237170060073691,5-<10%,True,True,4,0.014224636082511557,0.47752617209417786,0.0017366563931182008,0.053239301994451885,1.4503024518072027,1.455712240974905,1.4592925989143346,1.0024595231383311,0.97025377791584044,1.0429079113974058,True,True,False,3>4>1>2,16,0,0,True,1,0.0025462656800375174,0.0043739234869877106,0.014224636082511557,0.0063234180753587079
10000,0,single,gaussian_matched,0.050000000000000003,261,9,0.02,9.3237170060073691,5-<10%,True,False,3,0.020556508039788066,0.44862988041448126,0.019118264812378223,0.059938057646447745,1.4503024518072027,1.4220890496570036,1.4458536003081925,1.0167110144452072,,1.0382604373855213,False,False,False,,-1,,,False,1,4.9209724562612196e-05,0.0040467273255979609,0.0042338428264605474,0.020556508039788066
10000,0,single,gaussian_matched,0.050000000000000003,261,9,0.050000000000000003,9.3237170060073691,5-<10%,True,True,4,0.020556508039788066,0.44862988041448126,0.019118264812378223,0.059938057646447745,1.4503024518072027,1.4220890496570036,1.4458536003081925,1.0167110144452072,0.98414989229506378,1.0382604373855213,True,True,False,3>4>1>2,16,0,0,True,1,4.9209724562612196e-05,0.0040467273255979609,0.0042338428264605474,0.020556508039788066
10000,0,single,gaussian_matched,0.050000000000000003,261,10,0.02,9.3237170060073691,5-<10%,True,False,3,0.029528535039359122,0.42709718263571606,0.026620761526807264,0.076559843072178224,1.4503024518072027,1.4002870039148956,1.4391708506548202,1.0277684836260095,,1.0451135153486546,False,False,False,,-1,,,False,1,0.0021529167844030407,0.0049763230088116566,4.9118528318240061e-05,0.029528535039359122
10000,0,single,gaussian_matched,0.050000000000000003,261,10,0.050000000000000003,9.3237170060073691,5-<10%,True,True,4,0.029528535039359122,0.42709718263571606,0.026620761526807264,0.076559843072178224,1.4503024518072027,1.4002870039148956,1.4391708506548202,1.0277684836260095,0.99559658111419158,1.0451135153486546,True,True,False,3>4>1>2,16,0,0,True,1,0.0021529167844030407,0.0049763230088116566,4.9118528318240061e-05,0.029528535039359122
10000,0,single,gaussian_matched,0.050000000000000003,261,11,0.02,9.3237170060073691,5-<10%,True,False,3,0.026772934892611858,0.43020146869580922,0.020540442756535382,0.075760811012046778,1.4503024518072027,1.4064344529627872,1.4428295956211925,1.0258775960598345,,1.0470853198523824,False,False,False,,-1,,,False,1,0.0018773647924281689,0.0054424062560742741,0.0031016456613078593,0.026772934892611858
10000,0,single,gaussian_matched,0.050000000000000003,261,11,0.050000000000000003,9.3237170060073691,5-<10%,True,True,4,0.026772934892611858,0.43020146869580922,0.020540442756535382,0.075760811012046778,1.4503024518072027,1.4064344529627872,1.4428295956211925,1.0258775960598345,0.994169138384706,1.0470853198523824,True,True,False,3>4>1>2,16,0,0,True,1,0.0018773647924281689,0.0054424062560742741,0.0031016456613078593,0.026772934892611858
10000,0,single,gaussian_matched,0.050000000000000003,261,12,0.02,9.3237170060073691,5-<10%,True,False,3,0.030956924723275929,0.54202111035287803,0.040817976356587828,0.043012594358826269,1.4503024518072027,1.4921679979073332,1.4457712016854001,0.96890645270036513,,1.0265333235761083,False,False,False,,-1,,,False,1,0.012079149400087618,0.0086415113952450131,0.030956924723275929,0.0076317324029535113
10000,0,single,gaussian_matched,0.050000000000000003,261,12,0.050000000000000003,9.3237170060073691,5-<10%,True,True,4,0.030956924723275929,0.54202111035287803,0.040817976356587828,0.043012594358826269,1.4503024518072027,1.4921679979073332,1.4457712016854001,0.96890645270036513,0.92953492226067447,1.0265333235761083,True,True,False,3>4>1>2,16,0,0,True,1,0.012079149400087618,0.0086415113952450131,0.030956924723275929,0.0076317324029535113
10000,0,single,gaussian_matched,0.050000000000000003,261,13,0.02,9.3237170060073691,5-<10%,True,False,3,0.027704130791264232,0.4173598789675369,0.008941165970560265,0.092277935911664319,1.4503024518072027,1.4037847954331162,1.4476905447196398,1.0312766952807586,,1.0618257444937569,False,False,False,,-1,,,False,1,0.0031600489163862424,0.0082085933174575621,0.0084283558008150534,0.027704130791264232
10000,0,single,gaussian_matched,0.050000000000000003,261,13,0.050000000000000003,9.3237170060073691,5-<10%,True,True,4,0.027704130791264232,0.4173598789675369,0.008941165970560265,0.092277935911664319,1.4503024518072027,1.4037847954331162,1.4476905447196398,1.0312766952807586,1.0015053337019895,1.0618257444937569,True,True,False,3>4>1>2,16,0,0,True,1,0.0031600489163862424,0.0082085933174575621,0.0084283558008150534,0.027704130791264232
10000,0,single,gaussian_matched,0.050000000000000003,261,14,0.02,9.3237170060073691,5-<10%,True,True,4,0.018431498040812174,0.45109745312689387,-0.008753236169668964,0.076442147085787962,1.4503024518072027,1.4410044918079881,1.4614628740205413,1.014197306343497,1.0052519376117941,1.0604029657330898,True,True,False,3>4>1>2,16,0,0,True,1,0.00014716185673072579,0.0072341884481640908,0.018431498040812174,0.012390642947808185
10000,0,single,gaussian_matched,0.050000000000000003,261,14,0.050000000000000003,9.3237170060073691,5-<10%,True,True,4,0.018431498040812174,0.45109745312689387,-0.008753236169668964,0.076442147085787962,1.4503024518072027,1.4410044918079881,1.4614628740205413,1.014197306343497,0.98441173629975376,1.0604029657330898,True,True,False,3>4>1>2,16,0,0,True,1,0.00014716185673072579,0.0072341884481640908,0.018431498040812174,0.012390642947808185
10000,0,single,gaussian_matched,0.050000000000000003,261,15,0.02,9.3237170060073691,5-<10%,True,True,4,0.016731988487518074,0.51708101951158325,0.012252256115693312,0.041432516166777768,1.4503024518072027,1.4832967278886866,1.458955955714329,0.98359008570793249,0.96892883149656039,1.0345348792670745,True,True,False,3>4>1>2,16,0,0,True,1,0.0071863321522115239,0.005825212242969292,0.016731988487518074,0.0009160955749591516
10000,0,single,gaussian_matched,0.050000000000000003,261,15,0.050000000000000003,9.3237170060073691,5-<10%,True,True,4,0.016731988487518074,0.51708101951158325,0.012252256115693312,0.041432516166777768,1.4503024518072027,1.4832967278886866,1.458955955714329,0.98359008570793249,0.94837824245346314,1.0345348792670745,True,True,False,3>4>1>2,16,0,0,True,1,0.0071863321522115239,0.005825212242969292,0.016731988487518074,0.0009160955749591516
10000,0,single,gaussian_matched,0.050000000000000003,261,16,0.02,9.3237170060073691,5-<10%,True,True,4,0.01044423489591427,0.4747535167869425,0.012675137526818252,0.045061405584703257,1.4503024518072027,1.4472233009231452,1.452866928080299,1.0038996243036951,0.99150234595562814,1.032838586046968,True,True,False,3>4>1>2,16,0,0,True,1,0.0025011925620874835,0.0036521037826831551,0.0083245359096434692,0.01044423489591427
10000,0,single,gaussian_matched,0.050000000000000003,261,16,0.050000000000000003,9.3237170060073691,5-<10%,True,True,4,0.01044423489591427,0.4747535167869425,0.012675137526818252,0.045061405584703257,1.4503024518072027,1.4472233009231452,1.452866928080299,1.0038996243036951,0.97068352564918281,1.032838586046968,True,True,False,3>4>1>2,16,0,0,True,1,0.0025011925620874835,0.0036521037826831551,0.0083245359096434692,0.01044423489591427
10000,0,single,gaussian_matched,0.050000000000000003,261,17,0.02,9.3237170060073691,5-<10%,True,False,3,0.035279131129739426,0.51550379605520924,-0.028845879700145433,0.080355711917768038,1.4503024518072027,1.5043853356750385,1.4816194385768089,0.98486697752340546,,1.0769995931181253,False,False,False,,-1,,,False,1,0.0055773770859949973,0.0058707724211926361,0.035279131129739426,0.013342923266541015
10000,0,single,gaussian_matched,0.050000000000000003,261,17,0.050000000000000003,9.3237170060073691,5-<10%,True,True,4,0.035279131129739426,0.51550379605520924,-0.028845879700145433,0.080355711917768038,1.4503024518072027,1.5043853356750385,1.4816194385768089,0.98486697752340546,0.95398432877313954,1.0769995931181253,True,True,False,3>4>1>2,16,0,0,True,1,0.0055773770859949973,0.0058707724211926361,0.035279131129739426,0.013342923266541015
10000,0,single,gaussian_matched,0.050000000000000003,261,18,0.02,9.3237170060073691,5-<10%,True,False,2,0.046214175302997748,0.47778823896731509,0.10866555176094542,0.062729652410875553,1.4503024518072027,1.4073832718330295,1.3989969553267501,0.99404119924250856,,1.007877085166744,False,False,False,,-1,,,False,1,0.0062839026661199778,0.0051534431864601032,0.032077176093510344,0.046214175302997748
10000,0,single,gaussian_matched,0.050000000000000003,261,18,0.050000000000000003,9.3237170060073691,5-<10%,True,True,4,0.046214175302997748,0.47778823896731509,0.10866555176094542,0.062729652410875553,1.4503024518072027,1.4073832718330295,1.3989969553267501,0.99404119924250856,0.95006410274593034,1.007877085166744,True,True,False,3>4>1>2,16,0,0,True,1,0.0062839026661199778,0.0051534431864601032,0.032077176093510344,0.046214175302997748
10000,0,single,gaussian_matched,0.050000000000000003,261,19,0.02,9.3237170060073691,5-<10%,True,False,3,0.022041117650681629,0.43724962273828166,0.011671888288168238,0.073529953038762599,1.4503024518072027,1.4174352533132197,1.448505148178068,1.0219197983062882,,1.0494604758615989,False,False,False,,-1,,,False,1,0.0012494315743351292,0.0058977053805596286,0.0076713401860169124,0.022041117650681629
10000,0,single,gaussian_matched,0.050000000000000003,261,19,0.050000000000000003,9.3237170060073691,5-<10%,True,True,4,0.022041117650681629,0.43724962273828166,0.011671888288168238,0.073529953038762599,1.4503024518072027,1.4174352533132197,1.448505148178068,1.0219197983062882,0.99075025750486823,1.0494604758615989,True,True,False,3>4>1>2,16,0,0,True,1,0.0012494315743351292,0.0058977053805596286,0.0076713401860169124,0.022041117650681629
10000,0,single,gaussian_matched,0.050000000000000003,261,20,0.02,9.3237170060073691,5-<10%,True,False,3,0.025930241916209976,0.48036336914402539,0.060402788517846348,0.022221954916722561,1.4503024518072027,1.4280889085966897,1.4269524961472595,0.9992042425071791,,0.99922223068587179,False,False,False,,-1,,,False,1,0.004410373827931832,0.0042922467264793528,0.0080244320274819956,0.025930241916209976
10000,0,single,gaussian_matched,0.050000000000000003,261,20,0.050000000000000003,9.3237170060073691,5-<10%,True,True,4,0.025930241916209976,0.48036336914402539,0.060402788517846348,0.022221954916722561,1.4503024518072027,1.4280889085966897,1.4269524961472595,0.9992042425071791,0.96056187881737276,0.99922223068587179,True,True,False,3>4>1>2,16,0,0,True,1,0.004410373827931832,0.0042922467264793528,0.0080244320274819956,0.025930241916209976
10000,0,single,gaussian_matched,0.050000000000000003,261,21,0.02,9.3237170060073691,5-<10%,True,False,3,0.02003538870433038,0.48049772779686828,0.045052512367842162,0.020120046097248361,1.4503024518072027,1.4352930561726303,1.4356157031976866,1.0002247952246885,,1.0037463202802712,False,False,False,,-1,,,False,1,0.0039545672357069904,0.0040230897734004102,0.00062083501708530651,0.02003538870433038
10000,0,single,gaussian_matched,0.050000000000000003,261,21,0.050000000000000003,9.3237170060073691,5-<10%,True,True,4,0.02003538870433038,0.48049772779686828,0.045052512367842162,0.020120046097248361,1.4503024518072027,1.4352930561726303,1.4356157031976866,1.0002247952246885,0.96325726374211862,1.0037463202802712,True,True,False,3>4>1>2,16,0,0,True,1,0.0039545672357069904,0.0040230897734004102,0.00062083501708530651,0.02003538870433038
10000,0,single,gaussian_matched,0.050000000000000003,261,22,0.02,9.3237170060073691,5-<10%,True,False,3,0.030654283837180503,0.47259841282969384,-0.030138056844829578,0.084693300409873176,1.4503024518072027,1.4711979809734799,1.4761588877947998,1.0033720185083705,,1.0762252978747402,False,False,False,,-1,,,False,1,0.0014989170373783912,0.008129442470166651,0.030654283837180503,0.0011225817742801379
10000,0,single,gaussian_matched,0.050000000000000003,261,22,0.050000000000000003,9.3237170060073691,5-<10%,True,True,4,0.030654283837180503,0.47259841282969384,-0.030138056844829578,0.084693300409873176,1.4503024518072027,1.4711979809734799,1.4761588877947998,1.0033720185083705,0.97468568240520559,1.0762252978747402,True,True,False,3>4>1>2,16,0,0,True,1,0.0014989170373783912,0.008129442470166651,0.030654283837180503,0.0011225817742801379
10000,0,single,gaussian_matched,0.050000000000000003,261,23,0.02,9.3237170060073691,5-<10%,True,False,3,0.040168262468221326,0.55457836276934547,0.044453385609455422,0.05485948061893834,1.4503024518072027,1.5021306764227029,1.4451034848318116,0.96203579855868426,,1.0342414877542723,False,False,False,,-1,,,False,1,0.014436588801771972,0.0099826633588171558,0.040168262468221326,0.0077489052896896216
10000,0,single,gaussian_matched,0.050000000000000003,261,23,0.050000000000000003,9.3237170060073691,5-<10%,True,True,4,0.040168262468221326,0.55457836276934547,0.044453385609455422,0.05485948061893834,1.4503024518072027,1.5021306764227029,1.4451034848318116,0.96203579855868426,0.92174862819857428,1.0342414877542723,True,True,False,3>4>1>2,16,0,0,True,1,0.014436588801771972,0.0099826633588171558,0.040168262468221326,0.0077489052896896216
10000,0,single,gaussian_matched,0.050000000000000003,261,24,0.02,9.3237170060073691,5-<10%,True,True,4,0.013446055661893911,0.51503062327810245,0.019655210516086652,0.033863341314041263,1.4503024518072027,1.4778217095582908,1.4544987809190539,0.98421803625674986,0.96895173730555306,1.0262425746977581,True,True,False,3>4>1>2,16,0,0,True,1,0.0072342735431849504,0.0058587288458139819,0.013446055661893911,0.0023228125436334916
10000,0,single,gaussian_matched,0.050000000000000003,261,24,0.050000000000000003,9.3237170060073691,5-<10%,True,True,4,0.013446055661893911,0.51503062327810245,0.019655210516086652,0.033863341314041263,1.4503024518072027,1.4778217095582908,1.4544987809190539,0.98421803625674986,0.94832071006133034,1.0262425746977581,True,True,False,3>4>1>2,16,0,0,True,1,0.0072342735431849504,0.0058587288458139819,0.013446055661893911,0.0023228125436334916
10000,0,single,gaussian_matched,0.050000000000000003,261,25,0.02,9.3237170060073691,5-<10%,True,False,3,0.047732195827912702,0.36111546385721605,0.013445564401748843,0.1436145575542499,1.4503024518072027,1.3604384442537443,1.4410252957201652,1.0592359410356313,,1.0926271629064797,False,False,False,,-1,,,False,1,0.0086177535927392176,0.01419154768321163,0.0046104844650485532,0.047732195827912702
10000,0,single,gaussian_matched,0.050000000000000003,261,25,0.050000000000000003,9.3237170060073691,5-<10%,True,True,4,0.047732195827912702,0.36111546385721605,0.013445564401748843,0.1436145575542499,1.4503024518072027,1.3604384442537443,1.4410252957201652,1.0592359410356313,1.0327301634337522,1.0926271629064797,True,True,False,3>4>1>2,16,0,0,True,1,0.0086177535927392176,0.01419154768321163,0.0046104844650485532,0.047732195827912702
10000,0,single,gaussian_matched,0.050000000000000003,261,26,0.02,9.3237170060073691,5-<10%,True,False,2,0.070428063627910362,0.5520498306020879,-0.076300494138671807,0.13660526961057803,1.4503024518072027,1.5620627699523129,1.5132252691711066,0.96873525077183853,,1.13757688041267,False,False,False,,-1,,,False,1,0.0077919246872947337,0.0086646994184397894,0.070428063627910362,0.030800871530756276
10000,0,single,gaussian_matched,0.050000000000000003,261,26,0.050000000000000003,9.3237170060073691,5-<10%,True,False,3,0.070428063627910362,0.5520498306020879,-0.076300494138671807,0.13660526961057803,1.4503024518072027,1.5620627699523129,1.5132252691711066,0.96873525077183853,,1.13757688041267,False,False,False,,-1,,,False,1,0.0077919246872947337,0.0086646994184397894,0.070428063627910362,0.030800871530756276
10000,0,single,gaussian_matched,0.050000000000000003,261,27,0.02,9.3237170060073691,5-<10%,True,False,2,0.042097627103026322,0.49684201078514734,0.10753078765699321,0.057617396889439287,1.4503024518072027,1.4258749568702811,1.4012845238294682,0.98275414479907297,,1.0059294314099718,False,False,False,,-1,,,False,1,0.0094005809855868972,0.0068870113142204476,0.038227913473579914,0.042097627103026322
10000,0,single,gaussian_matched,0.050000000000000003,261,27,0.050000000000000003,9.3237170060073691,5-<10%,True,True,4,0.042097627103026322,0.49684201078514734,0.10753078765699321,0.057617396889439287,1.4503024518072027,1.4258749568702811,1.4012845238294682,0.98275414479907297,0.93801616312962144,1.0059294314099718,True,True,False,3>4>1>2,16,0,0,True,1,0.0094005809855868972,0.0068870113142204476,0.038227913473579914,0.042097627103026322
10000,0,single,gaussian_matched,0.050000000000000003,261,28,0.02,9.3237170060073691,5-<10%,True,True,4,0.017641315231443994,0.49567655178002668,0.048438175556955912,0.0045969011411689615,1.4503024518072027,1.4471398931737891,1.4356311295509261,0.99204723490994184,0.97496278276420312,0.993053572306553,True,True,False,3>4>1>2,16,0,0,True,1,0.0059374612962344768,0.0051502306135054023,0.0076621638029287682,0.017641315231443994
10000,0,single,gaussian_matched,0.050000000000000003,261,28,0.050000000000000003,9.3237170060073691,5-<10%,True,True,4,0.017641315231443994,0.49567655178002668,0.048438175556955912,0.0045969011411689615,1.4503024518072027,1.4471398931737891,1.4356311295509261,0.99204723490994184,0.95397577505107078,0.993053572306553,True,True,False,3>4>1>2,16,0,0,True,1,0.0059374612962344768,0.0051502306135054023,0.0076621638029287682,0.017641315231443994
10000,0,single,gaussian_matched,0.050000000000000003,261,29,0.02,9.3237170060073691,5-<10%,True,False,2,0.080219607628572262,0.59778611974110551,0.077513216150712411,0.10158298222132311,1.4503024518072027,1.5161317555547633,1.4278971721191462,0.94180282609849342,,1.0545939244842373,False,False,False,,-1,,,False,1,0.027902181418420571,0.01786703086348386,0.080219607628572262,0.017365376458343039
10000,0,single,gaussian_matched,0.050000000000000003,261,29,0.050000000000000003,9.3237170060073691,5-<10%,True,False,3,0.080219607628572262,0.59778611974110551,0.077513216150712411,0.10158298222132311,1.4503024518072027,1.5161317555547633,1.4278971721191462,0.94180282609849342,,1.0545939244842373,False,False,False,,-1,,,False,1,0.027902181418420571,0.01786703086348386,0.080219607628572262,0.017365376458343039
10000,0,single,gaussian_matched,0.050000000000000003,261,30,0.02,9.3237170060073691,5-<10%,True,False,2,0.057481959193955143,0.44895580325046625,0.12063105193389126,0.087145025785142521,1.4503024518072027,1.3762660583396404,1.3899288777485346,1.0099274550339323,,1.0184592197945435,False,False,False,,-1,,,False,1,0.0022598145795465038,0.0028753207052817911,0.02910225879489409,0.057481959193955143
10000,0,single,gaussian_matched,0.050000000000000003,261,30,0.050000000000000003,9.3237170060073691,5-<10%,True,False,3,0.057481959193955143,0.44895580325046625,0.12063105193389126,0.087145025785142521,1.4503024518072027,1.3762660583396404,1.3899288777485346,1.0099274550339323,,1.0184592197945435,False,False,False,,-1,,,False,1,0.0022598145795465038,0.0028753207052817911,0.02910225879489409,0.057481959193955143
10000,0,single,gaussian_matched,0.050000000000000003,261,31,0.02,9.3237170060073691,5-<10%,True,False,2,0.068340914381882764,0.41316161644270494,0.12562774785867695,0.11515407550329909,1.4503024518072027,1.3407281029935187,1.3847937364920822,1.0328669425218846,,1.0342310392748189,False,False,False,,-1,,,False,1,0.0033031852158275574,0.000125822556532479,0.021043377079754379,0.068340914381882764
10000,0,single,gaussian_matched,0.050000000000000003,261,31,0.050000000000000003,9.3237170060073691,5-<10%,True,False,3,0.068340914381882764,0.41316161644270494,0.12562774785867695,0.11515407550329909,1.4503024518072027,1.3407281029935187,1.3847937364920822,1.0328669425218846,,1.0342310392748189,False,False,False,,-1,,,False,1,0.0033031852158275574,0.000125822556532479,0.021043377079754379,0.068340914381882764
10000,0,single,gaussian_matched,0.050000000000000003,262,0,0.02,2.7452361504038225,1-<5%,True,False,3,0.034015052000576022,0.48957573475541566,0.051987245091097943,0.010611995521179883,1.5692597681420231,1.5623904089964786,1.5602366440531659,0.99862149375027454,,1.0010124973981867,False,False,False,,-1,,,False,2,0.034015052000576022,0.0072304222933873077,0.00098963560916956678,0.0063928792962670827
10000,0,single,gaussian_matched,0.050000000000000003,262,0,0.050000000000000003,2.7452361504038225,1-<5%,True,True,4,0.034015052000576022,0.48957573475541566,0.051987245091097943,0.010611995521179883,1.5692597681420231,1.5623904089964786,1.5602366440531659,0.99862149375027454,0.96525434896697249,1.0010124973981867,True,True,False,4>1>3>2,19,0,0,True,2,0.034015052000576022,0.0072304222933873077,0.00098963560916956678,0.0063928792962670827
10000,0,single,gaussian_matched,0.050000000000000003,262,1,0.02,2.7452361504038225,1-<5%,True,False,3,0.021457845082845449,0.53373517394347958,0.074911125359459416,0.041935976531750463,1.5692597681420231,1.5672856191489792,1.5546528874169483,0.99193973862984186,,1.0174152784398678,False,False,False,,-1,,,False,2,0.012871507474004135,0.0083531853384353604,0.0077256776388663151,0.021457845082845449
10000,0,single,gaussian_matched,0.050000000000000003,262,1,0.050000000000000003,2.7452361504038225,1-<5%,True,True,4,0.021457845082845449,0.53373517394347958,0.074911125359459416,0.041935976531750463,1.5692597681420231,1.5672856191489792,1.5546528874169483,0.99193973862984186,0.95562338997038287,1.0174152784398678,True,True,False,4>1>3>2,19,0,0,True,2,0.012871507474004135,0.0083531853384353604,0.0077256776388663151,0.021457845082845449
10000,0,single,gaussian_matched,0.050000000000000003,262,2,0.02,2.7452361504038225,1-<5%,True,False,3,0.027901439089774334,0.53122408388527542,0.099335667387474111,0.058386226895066548,1.5692597681420231,1.5465851808974123,1.5389795559127775,0.99508231096574873,,1.0179103646422403,False,False,False,,-1,,,False,2,0.0084632421633054431,0.011498275471815306,0.009996660216882244,0.027901439089774334
10000,0,single,gaussian_matched,0.050000000000000003,262,2,0.050000000000000003,2.7452361504038225,1-<5%,True,True,4,0.027901439089774334,0.53122408388527542,0.099335667387474111,0.058386226895066548,1.5692597681420231,1.5465851808974123,1.5389795559127775,0.99508231096574873,0.95919193539636782,1.0179103646422403,True,True,False,4>1>3>2,19,0,0,True,2,0.0084632421633054431,0.011498275471815306,0.009996660216882244,0.027901439089774334
10000,0,single,gaussian_matched,0.050000000000000003,262,3,0.02,2.7452361504038225,1-<5%,True,False,2,0.02872750633522839,0.43866925658285544,0.16069068741831904,0.12654599309831835,1.5692597681420231,1.4427606852213299,1.480961794911507,1.0264777867053654,,1.0243732877400453,False,False,False,,-1,,,False,2,0.02872750633522839,0.025360159183309031,0.010134526259228413,0.0015193207622466631
10000,0,single,gaussian_matched,0.050000000000000003,262,3,0.050000000000000003,2.7452361504038225,1-<5%,True,True,4,0.02872750633522839,0.43866925658285544,0.16069068741831904,0.12654599309831835,1.5692597681420231,1.4427606852213299,1.480961794911507,1.0264777867053654,1.0004389237645881,1.0243732877400453,True,True,False,4>1>3>2,19,0,0,True,2,0.02872750633522839,0.025360159183309031,0.010134526259228413,0.0015193207622466631
10000,0,single,gaussian_matched,0.050000000000000003,262,4,0.02,2.7452361504038225,1-<5%,True,False,2,0.069051984728176891,0.39361351657442911,0.040530656670903553,0.10680707990926244,1.5692597681420231,1.5392479008467697,1.5561022778886966,1.010949748271643,,1.0596775572516051,False,False,False,,-1,,,False,2,0.069051984728176891,0.014828178653068161,0.010978205684907986,0.058589248652396238
10000,0,single,gaussian_matched,0.050000000000000003,262,4,0.050000000000000003,2.7452361504038225,1-<5%,True,False,2,0.069051984728176891,0.39361351657442911,0.040530656670903553,0.10680707990926244,1.5692597681420231,1.5392479008467697,1.5561022778886966,1.010949748271643,,1.0596775572516051,False,False,False,,-1,,,False,2,0.069051984728176891,0.014828178653068161,0.010978205684907986,0.058589248652396238
10000,0,single,gaussian_matched,0.050000000000000003,262,5,0.02,2.7452361504038225,1-<5%,True,False,3,0.038826261313354898,0.46219828061945922,0.0762856675685121,0.046042440287711518,1.5692597681420231,1.5281453661362079,1.5397922176418262,1.0076215599403782,,1.0105622345796446,False,False,False,,-1,,,False,2,0.038826261313354898,0.011706869811905876,0.0057572057024383918,0.013425003693844476
10000,0,single,gaussian_matched,0.050000000000000003,262,5,0.050000000000000003,2.7452361504038225,1-<5%,True,True,4,0.038826261313354898,0.46219828061945922,0.0762856675685121,0.046042440287711518,1.5692597681420231,1.5281453661362079,1.5397922176418262,1.0076215599403782,0.97648256045788462,1.0105622345796446,True,True,False,4>1>3>2,19,0,0,True,2,0.038826261313354898,0.011706869811905876,0.0057572057024383918,0.013425003693844476
10000,0,single,gaussian_matched,0.050000000000000003,262,6,0.02,2.7452361504038225,1-<5%,True,False,3,0.036609452700856568,0.50614588099233249,0.0094511902049143684,0.041011923009899774,1.5692597681420231,1.6076892499120499,1.5905400729537009,0.98933302753670394,,1.0396952939762998,False,False,False,,-1,,,False,2,0.036609452700856568,0.0016632435926141609,0.012611256467411271,0.0065746567005683541
10000,0,single,gaussian_matched,0.050000000000000003,262,6,0.050000000000000003,2.7452361504038225,1-<5%,True,True,4,0.036609452700856568,0.50614588099233249,0.0094511902049143684,0.041011923009899774,1.5692597681420231,1.6076892499120499,1.5905400729537009,0.98933302753670394,0.95509164138675862,1.0396952939762998,True,True,False,4>1>3>2,19,0,0,True,2,0.036609452700856568,0.0016632435926141609,0.012611256467411271,0.0065746567005683541
10000,0,single,gaussian_matched,0.050000000000000003,262,7,0.02,2.7452361504038225,1-<5%,True,False,2,0.055106053970455864,0.46669253003990929,-0.014824036345184602,0.07288033509269945,1.5692597681420231,1.6134174343324361,1.6006878950259336,0.99211020097116431,,1.0664698503678007,False,False,False,,-1,,,False,2,0.055106053970455864,0.00072287898158005393,0.015302055621388656,0.029658721230160407
10000,0,single,gaussian_matched,0.050000000000000003,262,7,0.050000000000000003,2.7452361504038225,1-<5%,True,False,3,0.055106053970455864,0.46669253003990929,-0.014824036345184602,0.07288033509269945,1.5692597681420231,1.6134174343324361,1.6006878950259336,0.99211020097116431,,1.0664698503678007,False,False,False,,-1,,,False,2,0.055106053970455864,0.00072287898158005393,0.015302055621388656,0.029658721230160407
10000,0,single,gaussian_matched,0.050000000000000003,262,8,0.02,2.7452361504038225,1-<5%,True,False,2,0.048341534574311305,0.44265759154875456,0.062707227095788506,0.0587335119625364,1.5692597681420231,1.5324781330860864,1.5459137958481719,1.0087672786136459,,1.0225504663963849,False,False,False,,-1,,,False,2,0.048341534574311305,0.01159011322697394,0.0095056985159483187,0.027200031883216069
10000,0,single,gaussian_matched,0.050000000000000003,262,8,0.050000000000000003,2.7452361504038225,1-<5%,True,True,4,0.048341534574311305,0.44265759154875456,0.062707227095788506,0.0587335119625364,1.5692597681420231,1.5324781330860864,1.5459137958481719,1.0087672786136459,0.97900724500786407,1.0225504663963849,True,True,False,4>1>3>2,19,0,0,True,2,0.048341534574311305,0.01159011322697394,0.0095056985159483187,0.027200031883216069
10000,0,single,gaussian_matched,0.050000000000000003,262,9,0.02,2.7452361504038225,1-<5%,True,False,2,0.052979321983958882,0.43943824372011175,0.044723605414921923,0.060791172578936369,1.5692597681420231,1.5480777640947765,1.5575603565309184,1.006125397997488,,1.0312833872150788,False,False,False,,-1,,,False,2,0.052979321983958882,0.0096877341560236956,0.0049080099775166419,0.033598189790866158
10000,0,single,gaussian_matched,0.050000000000000003,262,9,0.050000000000000003,2.7452361504038225,1-<5%,True,False,3,0.052979321983958882,0.43943824372011175,0.044723605414921923,0.060791172578936369,1.5692597681420231,1.5480777640947765,1.5575603565309184,1.006125397997488,,1.0312833872150788,False,False,False,,-1,,,False,2,0.052979321983958882,0.0096877341560236956,0.0049080099775166419,0.033598189790866158
10000,0,single,gaussian_matched,0.050000000000000003,262,10,0.02,2.7452361504038225,1-<5%,True,True,4,0.019416331652295928,0.51158862962507146,0.083393736317462497,0.035347389745599284,1.5692597681420231,1.5473670505850163,1.5444743364314535,0.99813055722462929,0.98392242565792609,1.0067305351538676,True,True,False,4>1>3>2,19,0,0,True,2,0.019416331652295928,0.010137089650103246,0.0034330420767301559,0.013218579633439639
10000,0,single,gaussian_matched,0.050000000000000003,262,10,0.050000000000000003,2.7452361504038225,1-<5%,True,True,4,0.019416331652295928,0.51158862962507146,0.083393736317462497,0.035347389745599284,1.5692597681420231,1.5473670505850163,1.5444743364314535,0.99813055722462929,0.96341186925928501,1.0067305351538676,True,True,False,4>1>3>2,19,0,0,True,2,0.019416331652295928,0.010137089650103246,0.0034330420767301559,0.013218579633439639
10000,0,single,gaussian_matched,0.050000000000000003,262,11,0.02,2.7452361504038225,1-<5%,True,False,2,0.057607247506277971,0.40775062102207738,0.07524217594020978,0.095640552947005172,1.5692597681420231,1.5090900201549082,1.5334273313786135,1.0161271434431771,,1.0381123109110275,False,False,False,,-1,,,False,2,0.057607247506277971,0.017083263605537458,0.012350759845133438,0.042176335437656566
10000,0,single,gaussian_matched,0.050000000000000003,262,11,0.050000000000000003,2.7452361504038225,1-<5%,True,False,3,0.057607247506277971,0.40775062102207738,0.07524217594020978,0.095640552947005172,1.5692597681420231,1.5090900201549082,1.5334273313786135,1.0161271434431771,,1.0381123109110275,False,False,False,,-1,,,False,2,0.057607247506277971,0.017083263605537458,0.012350759845133438,0.042176335437656566
10000,0,single,gaussian_matched,0.050000000000000003,262,12,0.02,2.7452361504038225,1-<5%,True,False,1,0.050407703749334738,0.48607731636524937,-0.025066314961877459,0.076346530776120677,1.5692597681420231,1.6302026902369,1.6099183673025728,0.987557177364626,,1.0745607147471845,False,False,False,,-1,,,False,2,0.050407703749334738,0.0012518499149150723,0.020325732837857647,0.021011850514878583
10000,0,single,gaussian_matched,0.050000000000000003,262,12,0.050000000000000003,2.7452361504038225,1-<5%,True,False,3,0.050407703749334738,0.48607731636524937,-0.025066314961877459,0.076346530776120677,1.5692597681420231,1.6302026902369,1.6099183673025728,0.987557177364626,,1.0745607147471845,False,False,False,,-1,,,False,2,0.050407703749334738,0.0012518499149150723,0.020325732837857647,0.021011850514878583
10000,0,single,gaussian_matched,0.050000000000000003,262,13,0.02,2.7452361504038225,1-<5%,True,False,3,0.044012754781325367,0.4930657677317607,-0.0046436271314977198,0.055081844225080605,1.5692597681420231,1.6144349915012273,1.5975723336792045,0.98955507164376899,,1.053142514359493,False,False,False,,-1,,,False,2,0.044012754781325367,0.0006381490740318956,0.015268762180573089,0.015076583108438067
10000,0,single,gaussian_matched,0.050000000000000003,262,13,0.050000000000000003,2.7452361504038225,1-<5%,True,True,4,0.044012754781325367,0.4930657677317607,-0.0046436271314977198,0.055081844225080605,1.5692597681420231,1.6144349915012273,1.5975723336792045,0.98955507164376899,0.95637360119750137,1.053142514359493,True,True,False,4>1>3>2,19,0,0,True,2,0.044012754781325367,0.0006381490740318956,0.015268762180573089,0.015076583108438067
10000,0,single,gaussian_matched,0.050000000000000003,262,14,0.02,2.7452361504038225,1-<5%,True,False,1,0.064996715487462678,0.45569344083582253,-0.047479389077959358,0.10707615271376228,1.5692597681420231,1.6405199774556798,1.6212624780426852,0.98826134416061084,,1.1013719116770393,False,False,False,,-1,,,False,2,0.064996715487462678,0.0024190839077981962,0.022845387987400847,0.038659363131538817
10000,0,single,gaussian_matched,0.050000000000000003,262,14,0.050000000000000003,2.7452361504038225,1-<5%,True,False,3,0.064996715487462678,0.45569344083582253,-0.047479389077959358,0.10707615271376228,1.5692597681420231,1.6405199774556798,1.6212624780426852,0.98826134416061084,,1.1013719116770393,False,False,False,,-1,,,False,2,0.064996715487462678,0.0024190839077981962,0.022845387987400847,0.038659363131538817
10000,0,single,gaussian_matched,0.050000000000000003,262,15,0.02,2.7452361504038225,1-<5%,True,False,2,0.05691782265326302,0.41473933323582535,0.066992679080039405,0.086937520319990982,1.5692597681420231,1.5190151015165754,1.5397312210938789,1.0136378628208638,,1.0365834735824637,False,False,False,,-1,,,False,2,0.05691782265326302,0.015183782734843183,0.013185630823205091,0.040641617326494656
10000,0,single,gaussian_matched,0.050000000000000003,262,15,0.050000000000000003,2.7452361504038225,1-<5%,True,False,3,0.05691782265326302,0.41473933323582535,0.066992679080039405,0.086937520319990982,1.5692597681420231,1.5190151015165754,1.5397312210938789,1.0136378628208638,,1.0365834735824637,False,False,False,,-1,,,False,2,0.05691782265326302,0.015183782734843183,0.013185630823205091,0.040641617326494656
10000,0,single,gaussian_matched,0.050000000000000003,262,16,0.02,2.7452361504038225,1-<5%,True,True,4,0.018626662544371116,0.52438643791993966,0.064561837699844776,0.028403265157718956,1.5692597681420231,1.5701337149286803,1.5590310053876881,0.99292881272758582,0.97685670219328857,1.0115815767232101,True,True,False,4>1>3>2,19,0,0,True,2,0.018626662544371116,0.0073723836308883682,0.0047687195136019876,0.014074187135352936
10000,0,single,gaussian_matched,0.050000000000000003,262,16,0.050000000000000003,2.7452361504038225,1-<5%,True,True,4,0.018626662544371116,0.52438643791993966,0.064561837699844776,0.028403265157718956,1.5692597681420231,1.5701337149286803,1.5590310053876881,0.99292881272758582,0.95719567062694744,1.0115815767232101,True,True,False,4>1>3>2,19,0,0,True,2,0.018626662544371116,0.0073723836308883682,0.0047687195136019876,0.014074187135352936
10000,0,single,gaussian_matched,0.050000000000000003,262,17,0.02,2.7452361504038225,1-<5%,True,False,3,0.021506709134679659,0.54409917104317329,0.016550385131124556,0.055349919797332559,1.5692597681420231,1.6209373421772628,1.5931996747805746,0.98288788426613038,,1.0505268968500747,False,False,False,,-1,,,False,2,0.021506709134679659,0.0012784324746940188,0.017157203914532054,0.013173783178237137
10000,0,single,gaussian_matched,0.050000000000000003,262,17,0.050000000000000003,2.7452361504038225,1-<5%,True,True,4,0.021506709134679659,0.54409917104317329,0.016550385131124556,0.055349919797332559,1.5692597681420231,1.6209373421772628,1.5931996747805746,0.98288788426613038,0.94612723386398023,1.0505268968500747,True,True,False,4>1>3>2,19,0,0,True,2,0.021506709134679659,0.0012784324746940188,0.017157203914532054,0.013173783178237137
10000,0,single,gaussian_matched,0.050000000000000003,262,18,0.02,2.7452361504038225,1-<5%,True,False,2,0.053108809721421693,0.46673036583489391,-0.0044315497698862866,0.06379390384536443,1.5692597681420231,1.6037525695810291,1.5937952461404834,0.99379123461473429,,1.0562872913949775,False,False,False,,-1,,,False,2,0.053108809721421693,0.0018569944863116368,0.012431643709971225,0.028398452791426148
10000,0,single,gaussian_matched,0.050000000000000003,262,18,0.050000000000000003,2.7452361504038225,1-<5%,True,False,3,0.053108809721421693,0.46673036583489391,-0.0044315497698862866,0.06379390384536443,1.5692597681420231,1.6037525695810291,1.5937952461404834,0.99379123461473429,,1.0562872913949775,False,False,False,,-1,,,False,2,0.053108809721421693,0.0018569944863116368,0.012431643709971225,0.028398452791426148
10000,0,single,gaussian_matched,0.050000000000000003,262,19,0.02,2.7452361504038225,1-<5%,True,False,2,0.04070456045556041,0.42387301393596055,0.13019700866057793,0.11057521514923345,1.5692597681420231,1.4630147644427751,1.4985035028664861,1.0242572660824976,,1.0253743520875716,False,False,False,,-1,,,False,2,0.04070456045556041,0.022536606027958841,0.001194612580600703,0.016987887889822369
10000,0,single,gaussian_matched,0.050000000000000003,262,19,0.050000000000000003,2.7452361504038225,1-<5%,True,True,4,0.04070456045556041,0.42387301393596055,0.13019700866057793,0.11057521514923345,1.5692597681420231,1.4630147644427751,1.4985035028664861,1.0242572660824976,0.99811966811409991,1.0253743520875716,True,True,False,4>1>3>2,19,0,0,True,2,0.04070456045556041,0.022536606027958841,0.001194612580600703,0.016987887889822369
10000,0,single,gaussian_matched,0.050000000000000003,262,20,0.02,2.7452361504038225,1-<5%,True,True,4,0.019992010971765319,0.55267331571991229,0.012106114636225879,0.0648877857296149,1.5692597681420231,1.6293890839036886,1.597766509134996,0.98059237349686224,0.96177356012894888,1.0595150201506569,True,True,False,4>1>3>2,19,0,0,True,2,0.01935540065292439,0.00059389194710378638,0.019992010971765319,0.016575144695143217
10000,0,single,gaussian_matched,0.050000000000000003,262,20,0.050000000000000003,2.7452361504038225,1-<5%,True,True,4,0.019992010971765319,0.55267331571991229,0.012106114636225879,0.0648877857296149,1.5692597681420231,1.6293890839036886,1.597766509134996,0.98059237349686224,0.94335846936929801,1.0595150201506569,True,True,False,4>1>3>2,19,0,0,True,2,0.01935540065292439,0.00059389194710378638,0.019992010971765319,0.016575144695143217
10000,0,single,gaussian_matched,0.050000000000000003,262,21,0.02,2.7452361504038225,1-<5%,True,False,2,0.053184475876604645,0.59029958630459822,0.09092114198656058,0.099139069736738167,1.5692597681420231,1.5929180625138031,1.5591656941523211,0.9788109827141912,,1.0567433114355975,False,False,False,,-1,,,False,2,0.013032449928842348,0.0096488870986254534,0.025435363679782018,0.053184475876604645
10000,0,single,gaussian_matched,0.050000000000000003,262,21,0.050000000000000003,2.7452361504038225,1-<5%,True,False,3,0.053184475876604645,0.59029958630459822,0.09092114198656058,0.099139069736738167,1.5692597681420231,1.5929180625138031,1.5591656941523211,0.9788109827141912,,1.0567433114355975,False,False,False,,-1,,,False,2,0.013032449928842348,0.0096488870986254534,0.025435363679782018,0.053184475876604645
10000,0,single,gaussian_matched,0.050000000000000003,262,22,0.02,2.7452361504038225,1-<5%,True,False,2,0.030453142185179118,0.44269625001176804,0.14692902278700043,0.11260086687568903,1.5692597681420231,1.4566622777256506,1.4905186864312916,1.0232424558687017,,1.0215769153408214,False,False,False,,-1,,,False,2,0.030453142185179118,0.022988629002818818,0.0072747521158339785,0.0011781863087532924
10000,0,single,gaussian_matched,0.050000000000000003,262,22,0.050000000000000003,2.7452361504038225,1-<5%,True,True,4,0.030453142185179118,0.44269625001176804,0.14692902278700043,0.11260086687568903,1.5692597681420231,1.4566622777256506,1.4905186864312916,1.0232424558687017,0.99604742844278782,1.0215769153408214,True,True,False,4>1>3>2,19,0,0,True,2,0.030453142185179118,0.022988629002818818,0.0072747521158339785,0.0011781863087532924
10000,0,single,gaussian_matched,0.050000000000000003,262,23,0.02,2.7452361504038225,1-<5%,True,True,4,0.019682984803181553,0.5083760041646227,0.10827617171562476,0.05887503406024288,1.5692597681420231,1.5253772306448234,1.5281661741845498,1.0018283631640073,0.9896292458965994,1.0113311004740932,True,True,False,4>1>3>2,19,0,0,True,2,0.015219482622808657,0.013459058070528981,0.007268396596623242,0.019682984803181553
10000,0,single,gaussian_matched,0.050000000000000003,262,23,0.050000000000000003,2.7452361504038225,1-<5%,True,True,4,0.019682984803181553,0.5083760041646227,0.10827617171562476,0.05887503406024288,1.5692597681420231,1.5253772306448234,1.5281661741845498,1.0018283631640073,0.96773928352909566,1.0113311004740932,True,True,False,4>1>3>2,19,0,0,True,2,0.015219482622808657,0.013459058070528981,0.007268396596623242,0.019682984803181553
10000,0,single,gaussian_matched,0.050000000000000003,262,24,0.02,2.7452361504038225,1-<5%,True,True,4,0.018477756688569966,0.48882130094095316,0.12645959654215022,0.077272460916170682,1.5692597681420231,1.4991026894651143,1.5124879951742911,1.0089288784572541,1.0010215731922274,1.0130639224713645,True,True,False,4>1>3>2,19,0,0,True,2,0.018477756688569966,0.016787946799981499,0.008729228032141852,0.015884384559695073
10000,0,single,gaussian_matched,0.050000000000000003,262,24,0.050000000000000003,2.7452361504038225,1-<5%,True,True,4,0.018477756688569966,0.48882130094095316,0.12645959654215022,0.077272460916170682,1.5692597681420231,1.4991026894651143,1.5124879951742911,1.0089288784572541,0.97682371797806022,1.0130639224713645,True,True,False,4>1>3>2,19,0,0,True,2,0.018477756688569966,0.016787946799981499,0.008729228032141852,0.015884384559695073
10000,0,single,gaussian_matched,0.050000000000000003,262,25,0.02,2.7452361504038225,1-<5%,True,False,2,0.074508142798902319,0.41780663760906278,-0.030763584983713649,0.11523239770372511,1.5692597681420231,1.6141359620116704,1.6068433379492286,0.99548202615264636,,1.0973809248241049,False,False,False,,-1,,,False,2,0.074508142798902319,0.0057345172089500037,0.012737161503080251,0.056881606139203886
10000,0,single,gaussian_matched,0.050000000000000003,262,25,0.050000000000000003,2.7452361504038225,1-<5%,True,False,2,0.074508142798902319,0.41780663760906278,-0.030763584983713649,0.11523239770372511,1.5692597681420231,1.6141359620116704,1.6068433379492286,0.99548202615264636,,1.0973809248241049,False,False,False,,-1,,,False,2,0.074508142798902319,0.0057345172089500037,0.012737161503080251,0.056881606139203886
10000,0,single,gaussian_matched,0.050000000000000003,262,26,0.02,2.7452361504038225,1-<5%,True,False,2,0.073108008356514834,0.37868829735627374,0.044939898546446713,0.12141718916627955,1.5692597681420231,1.5320981008643353,1.5521978231206033,1.0131190830697647,,1.0664996619829328,False,False,False,,-1,,,False,2,0.073108008356514834,0.017458423463321451,0.014819531972373184,0.065625372635423521
10000,0,single,gaussian_matched,0.050000000000000003,262,26,0.050000000000000003,2.7452361504038225,1-<5%,True,False,2,0.073108008356514834,0.37868829735627374,0.044939898546446713,0.12141718916627955,1.5692597681420231,1.5320981008643353,1.5521978231206033,1.0131190830697647,,1.0664996619829328,False,False,False,,-1,,,False,2,0.073108008356514834,0.017458423463321451,0.014819531972373184,0.065625372635423521
10000,0,single,gaussian_matched,0.050000000000000003,262,27,0.02,2.7452361504038225,1-<5%,True,False,3,0.040543897726447425,0.49187993340741243,0.015132113673787612,0.035800907507013362,1.5692597681420231,1.5961181242090376,1.5845243059975092,0.99273624048516218,,1.032541104028277,False,False,False,,-1,,,False,2,0.040543897726447425,0.0028658023010232911,0.0096217139884097851,0.012839587766966113
10000,0,single,gaussian_matched,0.050000000000000003,262,27,0.050000000000000003,2.7452361504038225,1-<5%,True,True,4,0.040543897726447425,0.49187993340741243,0.015132113673787612,0.035800907507013362,1.5692597681420231,1.5961181242090376,1.5845243059975092,0.99273624048516218,0.95936991209414657,1.032541104028277,True,True,False,4>1>3>2,19,0,0,True,2,0.040543897726447425,0.0028658023010232911,0.0096217139884097851,0.012839587766966113
10000,0,single,gaussian_matched,0.050000000000000003,262,28,0.02,2.7452361504038225,1-<5%,True,False,3,0.032001973643005929,0.48808639684993799,0.064527088311945507,0.018787502091556271,1.5692597681420231,1.5507238712355313,1.551870299825197,1.0007392860914381,,1.0008908874127229,False,False,False,,-1,,,False,2,0.032001973643005929,0.0088163767688081186,0.0039151219561199702,0.0038995231514734846
10000,0,single,gaussian_matched,0.050000000000000003,262,28,0.050000000000000003,2.7452361504038225,1-<5%,True,True,4,0.032001973643005929,0.48808639684993799,0.064527088311945507,0.018787502091556271,1.5692597681420231,1.5507238712355313,1.551870299825197,1.0007392860914381,0.96753163788401875,1.0008908874127229,True,True,False,4>1>3>2,19,0,0,True,2,0.032001973643005929,0.0088163767688081186,0.0039151219561199702,0.0038995231514734846
10000,0,single,gaussian_matched,0.050000000000000003,262,29,0.02,2.7452361504038225,1-<5%,True,False,3,0.027861239626832141,0.50161280193425595,0.060742929954992309,0.010863317821780356,1.5692597681420231,1.5608588800403425,1.5568194995537814,0.99741207835108281,,0.9989950989641897,False,False,False,,-1,,,False,2,0.027861239626832141,0.0077526901811700161,0.0015113416714660705,0.0017917056416400915
10000,0,single,gaussian_matched,0.050000000000000003,262,29,0.050000000000000003,2.7452361504038225,1-<5%,True,True,4,0.027861239626832141,0.50161280193425595,0.060742929954992309,0.010863317821780356,1.5692597681420231,1.5608588800403425,1.5568194995537814,0.99741207835108281,0.96322615178535831,0.9989950989641897,True,True,False,4>1>3>2,19,0,0,True,2,0.027861239626832141,0.0077526901811700161,0.0015113416714660705,0.0017917056416400915
10000,0,single,gaussian_matched,0.050000000000000003,262,30,0.02,2.7452361504038225,1-<5%,True,False,3,0.03002896318009126,0.54551881543659253,0.084616207915268804,0.057186050826960357,1.5692597681420231,1.5670416209791163,1.5514474479773144,0.99004865423289878,,1.0250906392055597,False,False,False,,-1,,,False,2,0.006200042220127093,0.0092666476400547221,0.011649823500050475,0.03002896318009126
10000,0,single,gaussian_matched,0.050000000000000003,262,30,0.050000000000000003,2.7452361504038225,1-<5%,True,True,4,0.03002896318009126,0.54551881543659253,0.084616207915268804,0.057186050826960357,1.5692597681420231,1.5670416209791163,1.5514474479773144,0.99004865423289878,0.95300865435552795,1.0250906392055597,True,True,False,4>1>3>2,19,0,0,True,2,0.006200042220127093,0.0092666476400547221,0.011649823500050475,0.03002896318009126
10000,0,single,gaussian_matched,0.050000000000000003,262,31,0.02,2.7452361504038225,1-<5%,True,False,3,0.028671301030656307,0.50840445798121137,0.13446855691938703,0.084885640846975252,1.5692597681420231,1.5050077938717896,1.5118788373756591,1.0045654537683111,,1.017527187428743,False,False,False,,-1,,,False,2,0.0092925292034438615,0.016989359148684765,0.013304220319669978,0.028671301030656307
10000,0,single,gaussian_matched,0.050000000000000003,262,31,0.050000000000000003,2.7452361504038225,1-<5%,True,True,4,0.028671301030656307,0.50840445798121137,0.13446855691938703,0.084885640846975252,1.5692597681420231,1.5050077938717896,1.5118788373756591,1.0045654537683111,0.97117092035193286,1.017527187428743,True,True,False,4>1>3>2,19,0,0,True,2,0.0092925292034438615,0.016989359148684765,0.013304220319669978,0.028671301030656307
10000,0,single,gaussian_matched,0.050000000000000003,263,0,0.02,19.621087937665099,>=10%,True,False,1,0.02950135493496945,0.52353810992298555,-0.061263617660645614,0.11372614138218566,1.0580421891569267,1.1592093268766916,1.1365579186390344,0.98045960491131667,,1.1816958461906668,False,False,False,,-1,,,False,1,0.02224027907663334,0.024242375111489925,0.02950135493496945,0.014730432485028694
10000,0,single,gaussian_matched,0.050000000000000003,263,0,0.050000000000000003,19.621087937665099,>=10%,True,True,4,0.02950135493496945,0.52353810992298555,-0.061263617660645614,0.11372614138218566,1.0580421891569267,1.1592093268766916,1.1365579186390344,0.98045960491131667,0.94195307247642102,1.1816958461906668,True,True,False,3>1>2>4,12,0,0,True,1,0.02224027907663334,0.024242375111489925,0.02950135493496945,0.014730432485028694
10000,0,single,gaussian_matched,0.050000000000000003,263,1,0.02,19.621087937665099,>=10%,True,True,4,0.0061189743007182447,0.48758547896433874,0.0085884772186450437,0.043232332248163023,1.0580421891569267,1.0815733820289715,1.0899432361365617,1.0077385910624843,0.9931613951338859,1.0710117044459881,True,True,False,3>1>2>4,12,0,0,True,1,0.0023600021376808428,0.0032648084009094429,0.0011478694474923582,0.0061189743007182447
10000,0,single,gaussian_matched,0.050000000000000003,263,1,0.050000000000000003,19.621087937665099,>=10%,True,True,4,0.0061189743007182447,0.48758547896433874,0.0085884772186450437,0.043232332248163023,1.0580421891569267,1.0815733820289715,1.0899432361365617,1.0077385910624843,0.96514582745098043,1.0710117044459881,True,True,False,3>1>2>4,12,0,0,True,1,0.0023600021376808428,0.0032648084009094429,0.0011478694474923582,0.0061189743007182447
10000,0,single,gaussian_matched,0.050000000000000003,263,2,0.02,19.621087937665099,>=10%,True,False,2,0.028356426505155463,0.42511327094140916,0.1034866936672868,0.092026347252039578,1.0580421891569267,0.96832188181228429,1.0243380388675942,1.0578486948477004,,1.0551227517772042,False,False,False,,-1,,,False,1,0.028356426505155463,0.021408392598233413,0.011261297511451891,0.012147297306189079
10000,0,single,gaussian_matched,0.050000000000000003,263,2,0.050000000000000003,19.621087937665099,>=10%,True,True,4,0.028356426505155463,0.42511327094140916,0.1034866936672868,0.092026347252039578,1.0580421891569267,0.96832188181228429,1.0243380388675942,1.0578486948477004,1.0175884894998226,1.0551227517772042,True,True,False,3>1>2>4,12,0,0,True,1,0.028356426505155463,0.021408392598233413,0.011261297511451891,0.012147297306189079
10000,0,single,gaussian_matched,0.050000000000000003,263,3,0.02,19.621087937665099,>=10%,True,False,3,0.033885526023136887,0.5583601780651285,0.087321645131296921,0.069273483953818618,1.0580421891569267,1.0787500701052031,1.0552542350574923,0.97821938955200305,,1.0628382596986625,False,False,False,,-1,,,False,1,0.0019518157634408439,0.0035389461208543633,0.033885526023136887,0.0017421259435895754
10000,0,single,gaussian_matched,0.050000000000000003,263,3,0.050000000000000003,19.621087937665099,>=10%,True,True,4,0.033885526023136887,0.5583601780651285,0.087321645131296921,0.069273483953818618,1.0580421891569267,1.0787500701052031,1.0552542350574923,0.97821938955200305,0.92033544424907066,1.0628382596986625,True,True,False,3>1>2>4,12,0,0,True,1,0.0019518157634408439,0.0035389461208543633,0.033885526023136887,0.0017421259435895754
10000,0,single,gaussian_matched,0.050000000000000003,263,4,0.02,19.621087937665099,>=10%,True,False,3,0.020638156031988451,0.43611126898416308,-0.066843546656097819,0.13316975762533201,1.0580421891569267,1.1212569703690998,1.1345879355317614,1.0118893041603776,,1.1982109089310258,False,False,False,,-1,,,False,1,0.0079137777899949083,0.013806029698663262,0.0086507287849350682,0.020638156031988451
10000,0,single,gaussian_matched,0.050000000000000003,263,4,0.050000000000000003,19.621087937665099,>=10%,True,True,4,0.020638156031988451,0.43611126898416308,-0.066843546656097819,0.13316975762533201,1.0580421891569267,1.1212569703690998,1.1345879355317614,1.0118893041603776,0.9842239493237237,1.1982109089310258,True,True,False,3>1>2>4,12,0,0,True,1,0.0079137777899949083,0.013806029698663262,0.0086507287849350682,0.020638156031988451
10000,0,single,gaussian_matched,0.050000000000000003,263,5,0.02,19.621087937665099,>=10%,True,True,4,0.0069633774344543689,0.49215670456937927,0.054943156448686081,0.0092710344022758785,1.0580421891569267,1.0490564568418868,1.0624634662927868,1.0127800647557719,0.99383111720961026,1.0129411772786172,True,True,False,3>1>2>4,12,0,0,True,1,0.0059764322840321574,0.0069633774344543689,0.0010564290168788351,0.00017446583073318662
10000,0,single,gaussian_matched,0.050000000000000003,263,5,0.050000000000000003,19.621087937665099,>=10%,True,True,4,0.0069633774344543689,0.49215670456937927,0.054943156448686081,0.0092710344022758785,1.0580421891569267,1.0490564568418868,1.0624634662927868,1.0127800647557719,0.9652322865619114,1.0129411772786172,True,True,False,3>1>2>4,12,0,0,True,1,0.0059764322840321574,0.0069633774344543689,0.0010564290168788351,0.00017446583073318662
10000,0,single,gaussian_matched,0.050000000000000003,263,6,0.02,19.621087937665099,>=10%,True,True,4,0.012003879446921195,0.46203576110559613,0.056798445119965853,0.038568151250488465,1.0580421891569267,1.0278418907841167,1.057496629067717,1.0288514591100946,1.0146897443133793,1.0359367438755691,True,True,False,3>1>2>4,12,0,0,True,1,0.011736560213608024,0.0096602031287769414,0.012003879446921195,0.0054847461904443135
10000,0,single,gaussian_matched,0.050000000000000003,263,6,0.050000000000000003,19.621087937665099,>=10%,True,True,4,0.012003879446921195,0.46203576110559613,0.056798445119965853,0.038568151250488465,1.0580421891569267,1.0278418907841167,1.057496629067717,1.0288514591100946,0.98547723758961603,1.0359367438755691,True,True,False,3>1>2>4,12,0,0,True,1,0.011736560213608024,0.0096602031287769414,0.012003879446921195,0.0054847461904443135
10000,0,single,gaussian_matched,0.050000000000000003,263,7,0.02,19.621087937665099,>=10%,True,True,4,0.012780703897768782,0.51987949275195688,0.014522869127964522,0.040667198661656537,1.0580421891569267,1.0975696881971133,1.0902292733728518,0.99331211958274923,0.97388448789931537,1.0688576350019026,True,True,False,3>1>2>4,12,0,0,True,1,0.0067026272792202459,0.0051866815669791757,0.012780703897768782,0.0055614009107496356
10000,0,single,gaussian_matched,0.050000000000000003,263,7,0.050000000000000003,19.621087937665099,>=10%,True,True,4,0.012780703897768782,0.51987949275195688,0.014522869127964522,0.040667198661656537,1.0580421891569267,1.0975696881971133,1.0902292733728518,0.99331211958274923,0.94617225570191354,1.0688576350019026,True,True,False,3>1>2>4,12,0,0,True,1,0.0067026272792202459,0.0051866815669791757,0.012780703897768782,0.0055614009107496356
10000,0,single,gaussian_matched,0.050000000000000003,263,8,0.02,19.621087937665099,>=10%,True,True,4,0.011713936835888195,0.51965223212254119,0.018638094441629033,0.037010530226550653,1.0580421891569267,1.0943705593938067,1.0877619138487669,0.99396123599240416,0.97414418180693363,1.0630695596094926,True,True,False,3>1>2>4,12,0,0,True,1,0.0058500276976969417,0.0041442650082613901,0.011713936835888195,0.0050776132035520033
10000,0,single,gaussian_matched,0.050000000000000003,263,8,0.050000000000000003,19.621087937665099,>=10%,True,True,4,0.011713936835888195,0.51965223212254119,0.018638094441629033,0.037010530226550653,1.0580421891569267,1.0943705593938067,1.0877619138487669,0.99396123599240416,0.94641926397707443,1.0630695596094926,True,True,False,3>1>2>4,12,0,0,True,1,0.0058500276976969417,0.0041442650082613901,0.011713936835888195,0.0050776132035520033
10000,0,single,gaussian_matched,0.050000000000000003,263,9,0.02,19.621087937665099,>=10%,True,True,4,0.0040676722750322561,0.49594737910216735,0.043703929211654419,0.0074876059934673705,1.0580421891569267,1.0598761545958357,1.0696786198109023,1.0092486892667234,0.99050662866333627,1.018074928243345,True,True,False,3>1>2>4,12,0,0,True,1,0.0031310470373984204,0.0040676722750322561,0.0037524988849170727,0.00145040149790228
10000,0,single,gaussian_matched,0.050000000000000003,263,9,0.050000000000000003,19.621087937665099,>=10%,True,True,4,0.0040676722750322561,0.49594737910216735,0.043703929211654419,0.0074876059934673705,1.0580421891569267,1.0598761545958357,1.0696786198109023,1.0092486892667234,0.96218707615329913,1.018074928243345,True,True,False,3>1>2>4,12,0,0,True,1,0.0031310470373984204,0.0040676722750322561,0.0037524988849170727,0.00145040149790228
10000,0,single,gaussian_matched,0.050000000000000003,263,10,0.02,19.621087937665099,>=10%,True,True,4,0.0090346037985046378,0.50082295886277628,0.066813993406205863,0.016834121169629145,1.0580421891569267,1.0467250589024197,1.0567096815636312,1.0095389162381201,0.98854621733081471,1.0146512244362258,True,True,False,3>1>2>4,12,0,0,True,1,0.0062929364932285299,0.0090346037985046378,0.0062749121085817171,0.00095607717056342769
10000,0,single,gaussian_matched,0.050000000000000003,263,10,0.050000000000000003,19.621087937665099,>=10%,True,True,4,0.0090346037985046378,0.50082295886277628,0.066813993406205863,0.016834121169629145,1.0580421891569267,1.0467250589024197,1.0567096815636312,1.0095389162381201,0.95985977709405024,1.0146512244362258,True,True,False,3>1>2>4,12,0,0,True,1,0.0062929364932285299,0.0090346037985046378,0.0062749121085817171,0.00095607717056342769
10000,0,single,gaussian_matched,0.050000000000000003,263,11,0.02,19.621087937665099,>=10%,True,False,3,0.0343745509470414,0.56144516078973172,0.0064719295115211739,0.075300735088881868,1.0580421891569267,1.1322488206412902,1.1008404800651048,0.97226021347640168,,1.1116203372676132,False,False,False,,-1,,,False,1,0.015390706367754046,0.013107969461994341,0.0343745509470414,0.0085607389661757748
10000,0,single,gaussian_matched,0.050000000000000003,263,11,0.050000000000000003,19.621087937665099,>=10%,True,True,4,0.0343745509470414,0.56144516078973172,0.0064719295115211739,0.075300735088881868,1.0580421891569267,1.1322488206412902,1.1008404800651048,0.97226021347640168,0.9216918750225318,1.1116203372676132,True,True,False,3>1>2>4,12,0,0,True,1,0.015390706367754046,0.013107969461994341,0.0343745509470414,0.0085607389661757748
10000,0,single,gaussian_matched,0.050000000000000003,263,12,0.02,19.621087937665099,>=10%,True,False,3,0.03872786178329287,0.55334337519922261,0.10684366557438131,0.077953306495472913,1.0580421891569267,1.0639756352626528,1.0436439653054739,0.9808908500501895,,1.0600685712680913,False,False,False,,-1,,,False,1,0.0019773803351902015,0.007901019605795612,0.03872786178329287,0.0042709336839828749
10000,0,single,gaussian_matched,0.050000000000000003,263,12,0.050000000000000003,19.621087937665099,>=10%,True,True,4,0.03872786178329287,0.55334337519922261,0.10684366557438131,0.077953306495472913,1.0580421891569267,1.0639756352626528,1.0436439653054739,0.9808908500501895,0.92221085634962763,1.0600685712680913,True,True,False,3>1>2>4,12,0,0,True,1,0.0019773803351902015,0.007901019605795612,0.03872786178329287,0.0042709336839828749
10000,0,single,gaussian_matched,0.050000000000000003,263,13,0.02,19.621087937665099,>=10%,True,True,4,0.0061503890422216325,0.49288149050944674,0.051641127395420504,0.0073052362381442878,1.0580421891569267,1.0519616790095678,1.0645297261247639,1.0119472480471237,0.99310532138716545,1.0130361278097728,True,True,False,3>1>2>4,12,0,0,True,1,0.0052170749242913322,0.0061503890422216325,0.0019579382577467846,0.00052917807645390998
10000,0,single,gaussian_matched,0.050000000000000003,263,13,0.050000000000000003,19.621087937665099,>=10%,True,True,4,0.0061503890422216325,0.49288149050944674,0.051641127395420504,0.0073052362381442878,1.0580421891569267,1.0519616790095678,1.0645297261247639,1.0119472480471237,0.96458689833090783,1.0130361278097728,True,True,False,3>1>2>4,12,0,0,True,1,0.0052170749242913322,0.0061503890422216325,0.0019579382577467846,0.00052917807645390998
10000,0,single,gaussian_matched,0.050000000000000003,263,14,0.02,19.621087937665099,>=10%,True,False,3,0.032689881041249896,0.56000566469499136,0.080527853571271207,0.067324807011655871,1.0580421891569267,1.0839450221935718,1.0592831149149151,0.97724800910220655,,1.0648043466246644,False,False,False,,-1,,,False,1,0.0032999374811041363,0.0020176829418948362,0.032689881041249896,0.00084684078886259066
10000,0,single,gaussian_matched,0.050000000000000003,263,14,0.050000000000000003,19.621087937665099,>=10%,True,True,4,0.032689881041249896,0.56000566469499136,0.080527853571271207,0.067324807011655871,1.0580421891569267,1.0839450221935718,1.0592831149149151,0.97724800910220655,0.91970330551065538,1.0648043466246644,True,True,False,3>1>2>4,12,0,0,True,1,0.0032999374811041363,0.0020176829418948362,0.032689881041249896,0.00084684078886259066
10000,0,single,gaussian_matched,0.050000000000000003,263,15,0.02,19.621087937665099,>=10%,True,False,2,0.042341260195746785,0.38863649774059017,0.061039004165046748,0.11190929026867026,1.0580421891569267,0.98511785525595408,1.0480122217783987,1.0638445097577724,,1.096290416331434,False,False,False,,-1,,,False,1,0.026599722089011658,0.015326104667202776,0.042341260195746785,0.019989151173804953
10000,0,single,gaussian_matched,0.050000000000000003,263,15,0.050000000000000003,19.621087937665099,>=10%,True,True,4,0.042341260195746785,0.38863649774059017,0.061039004165046748,0.11190929026867026,1.0580421891569267,0.98511785525595408,1.0480122217783987,1.0638445097577724,1.0333031997839841,1.096290416331434,True,True,False,3>1>2>4,12,0,0,True,1,0.026599722089011658,0.015326104667202776,0.042341260195746785,0.019989151173804953
10000,0,single,gaussian_matched,0.050000000000000003,263,16,0.02,19.621087937665099,>=10%,True,False,3,0.022824976077808864,0.54862223754052741,0.034349119180902964,0.05107907647815349,1.0580421891569267,1.1038281260802165,1.0829651185687013,0.98109940576926458,,1.0718326798957689,False,False,False,,-1,,,False,1,0.0081944336316733032,0.0046972400594714565,0.022824976077808864,0.0044356518279271475
10000,0,single,gaussian_matched,0.050000000000000003,263,16,0.050000000000000003,19.621087937665099,>=10%,True,True,4,0.022824976077808864,0.54862223754052741,0.034349119180902964,0.05107907647815349,1.0580421891569267,1.1038281260802165,1.0829651185687013,0.98109940576926458,0.92880488119630567,1.0718326798957689,True,True,False,3>1>2>4,12,0,0,True,1,0.0081944336316733032,0.0046972400594714565,0.022824976077808864,0.0044356518279271475
10000,0,single,gaussian_matched,0.050000000000000003,263,17,0.02,19.621087937665099,>=10%,True,True,4,0.0054610882358997366,0.49461543664225649,0.010840346878850854,0.039528116007751753,1.0580421891569267,1.0840864206335321,1.0893381559939828,1.004844388104577,0.98907840001502456,1.0669388078950257,True,True,False,3>1>2>4,12,0,0,True,1,0.0031434905437614006,0.0034518122519230574,0.0016576112600300405,0.0054610882358997366
10000,0,single,gaussian_matched,0.050000000000000003,263,17,0.050000000000000003,19.621087937665099,>=10%,True,True,4,0.0054610882358997366,0.49461543664225649,0.010840346878850854,0.039528116007751753,1.0580421891569267,1.0840864206335321,1.0893381559939828,1.004844388104577,0.96112214732761103,1.0669388078950257,True,True,False,3>1>2>4,12,0,0,True,1,0.0031434905437614006,0.0034518122519230574,0.0016576112600300405,0.0054610882358997366
10000,0,single,gaussian_matched,0.050000000000000003,263,18,0.02,19.621087937665099,>=10%,True,False,3,0.020283495273644783,0.45727282355475124,0.096522748297015848,0.063166270398773039,1.0580421891569267,0.99489301612179848,1.0327503864741603,1.0380516997696234,,1.0357967462017614,False,False,False,,-1,,,False,1,0.020283495273644783,0.018357719431403342,0.00023845978288752412,0.0066258695260158502
10000,0,single,gaussian_matched,0.050000000000000003,263,18,0.050000000000000003,19.621087937665099,>=10%,True,True,4,0.020283495273644783,0.45727282355475124,0.096522748297015848,0.063166270398773039,1.0580421891569267,0.99489301612179848,1.0327503864741603,1.0380516997696234,0.99254993562419125,1.0357967462017614,True,True,False,3>1>2>4,12,0,0,True,1,0.020283495273644783,0.018357719431403342,0.00023845978288752412,0.0066258695260158502
10000,0,single,gaussian_matched,0.050000000000000003,263,19,0.02,19.621087937665099,>=10%,True,False,3,0.02658467718969789,0.54203637837046037,-0.00030948873273093508,0.065559909724261289,1.0580421891569267,1.1234796063129311,1.1019524251417385,0.98083883227587809,,1.1034648209976403,False,False,False,,-1,,,False,1,0.013338783939427744,0.011645489330357254,0.02658467718969789,0.0083534633948816155
10000,0,single,gaussian_matched,0.050000000000000003,263,19,0.050000000000000003,19.621087937665099,>=10%,True,True,4,0.02658467718969789,0.54203637837046037,-0.00030948873273093508,0.065559909724261289,1.0580421891569267,1.1234796063129311,1.1019524251417385,0.98083883227587809,0.93293907663037956,1.1034648209976403,True,True,False,3>1>2>4,12,0,0,True,1,0.013338783939427744,0.011645489330357254,0.02658467718969789,0.0083534633948816155
10000,0,single,gaussian_matched,0.050000000000000003,263,20,0.02,19.621087937665099,>=10%,True,False,2,0.040812493269848607,0.39122929204760659,-0.010053206142765392,0.12424755320122137,1.0580421891569267,1.0519791407861572,1.0950756403044819,1.0409670665961286,,1.1524334341310993,False,False,False,,-1,,,False,1,0.011439084818350733,0.0018470361246619691,0.040812493269848607,0.022975850379639864
10000,0,single,gaussian_matched,0.050000000000000003,263,20,0.050000000000000003,19.621087937665099,>=10%,True,True,4,0.040812493269848607,0.39122929204760659,-0.010053206142765392,0.12424755320122137,1.0580421891569267,1.0519791407861572,1.0950756403044819,1.0409670665961286,1.0151058449497281,1.1524334341310993,True,True,False,3>1>2>4,12,0,0,True,1,0.011439084818350733,0.0018470361246619691,0.040812493269848607,0.022975850379639864
10000,0,single,gaussian_matched,0.050000000000000003,263,21,0.02,19.621087937665099,>=10%,True,True,4,0.007965132466514438,0.51528695892678622,0.025638169447604411,0.028760909253583836,1.0580421891569267,1.0862630539209726,1.0830288022491417,0.99702258890224005,0.97709064517150168,1.0507990351392567,True,True,False,3>1>2>4,12,0,0,True,1,0.0037357014307047884,0.0019859298912483538,0.007965132466514438,0.0041035683929192919
10000,0,single,gaussian_matched,0.050000000000000003,263,21,0.050000000000000003,19.621087937665099,>=10%,True,True,4,0.007965132466514438,0.51528695892678622,0.025638169447604411,0.028760909253583836,1.0580421891569267,1.0862630539209726,1.0830288022491417,0.99702258890224005,0.94927817511196166,1.0507990351392567,True,True,False,3>1>2>4,12,0,0,True,1,0.0037357014307047884,0.0019859298912483538,0.007965132466514438,0.0041035683929192919
10000,0,single,gaussian_matched,0.050000000000000003,263,22,0.02,19.621087937665099,>=10%,True,True,4,0.0048431499672255511,0.50945471561176392,0.027165490129139328,0.02471449955677367,1.0580421891569267,1.0811999805661567,1.081336750908191,1.0001264986538039,0.98082848847846027,1.0453753751977439,True,True,False,3>1>2>4,12,0,0,True,1,0.002446045732581423,0.0010543825241813049,0.0048431499672255511,0.0037164633228484751
10000,0,single,gaussian_matched,0.050000000000000003,263,22,0.050000000000000003,19.621087937665099,>=10%,True,True,4,0.0048431499672255511,0.50945471561176392,0.027165490129139328,0.02471449955677367,1.0580421891569267,1.0811999805661567,1.081336750908191,1.0001264986538039,0.95292760530632759,1.0453753751977439,True,True,False,3>1>2>4,12,0,0,True,1,0.002446045732581423,0.0010543825241813049,0.0048431499672255511,0.0037164633228484751
10000,0,single,gaussian_matched,0.050000000000000003,263,23,0.02,19.621087937665099,>=10%,True,False,3,0.041735296684721132,0.40966414631517967,0.033327974691435988,0.091861433087311817,1.0580421891569267,1.019216757225248,1.0674772521979712,1.0473505705539117,,1.0957395623411499,False,False,False,,-1,,,False,1,0.016906505912662049,0.0086929547990138231,0.041735296684721132,0.016760064027419141
10000,0,single,gaussian_matched,0.050000000000000003,263,23,0.050000000000000003,19.621087937665099,>=10%,True,True,4,0.041735296684721132,0.40966414631517967,0.033327974691435988,0.091861433087311817,1.0580421891569267,1.019216757225248,1.0674772521979712,1.0473505705539117,1.0147317888488208,1.0957395623411499,True,True,False,3>1>2>4,12,0,0,True,1,0.016906505912662049,0.0086929547990138231,0.041735296684721132,0.016760064027419141
10000,0,single,gaussian_matched,0.050000000000000003,263,24,0.02,19.621087937665099,>=10%,True,True,4,0.0054060285767617584,0.49738620506152142,0.050001169153385427,0.0026137951999603676,1.0580421891569267,1.0562399109290574,1.0661252880654337,1.0093590263292374,0.98995355208191349,1.0101100827718323,True,True,False,3>1>2>4,12,0,0,True,1,0.0040926135946501739,0.0054060285767617584,0.000957808720949064,0.00080048266515041298
10000,0,single,gaussian_matched,0.050000000000000003,263,24,0.050000000000000003,19.621087937665099,>=10%,True,True,4,0.0054060285767617584,0.49738620506152142,0.050001169153385427,0.0026137951999603676,1.0580421891569267,1.0562399109290574,1.0661252880654337,1.0093590263292374,0.96154875785685889,1.0101100827718323,True,True,False,3>1>2>4,12,0,0,True,1,0.0040926135946501739,0.0054060285767617584,0.000957808720949064,0.00080048266515041298
10000,0,single,gaussian_matched,0.050000000000000003,263,25,0.02,19.621087937665099,>=10%,True,False,3,0.026060951659672222,0.53477150331974066,-0.014742707734785004,0.073489289341689287,1.0580421891569267,1.1293773988746363,1.1095149704064904,0.98241293965335441,,1.1181068882431102,False,False,False,,-1,,,False,1,0.015003537876238593,0.014310161594794106,0.026060951659672222,0.0097012080290335492
10000,0,single,gaussian_matched,0.050000000000000003,263,25,0.050000000000000003,19.621087937665099,>=10%,True,True,4,0.026060951659672222,0.53477150331974066,-0.014742707734785004,0.073489289341689287,1.0580421891569267,1.1293773988746363,1.1095149704064904,0.98241293965335441,0.93693693599423222,1.1181068882431102,True,True,False,3>1>2>4,12,0,0,True,1,0.015003537876238593,0.014310161594794106,0.026060951659672222,0.0097012080290335492
10000,0,single,gaussian_matched,0.050000000000000003,263,26,0.02,19.621087937665099,>=10%,True,False,1,0.026778127878284302,0.47915789570561829,0.14464901923477647,0.096916614434899503,1.0580421891569267,0.98105744793930838,1.008171016746902,1.0276370857430879,,1.0444646182420776,False,False,False,,-1,,,False,1,0.023076617466531817,0.026778127878284302,0.026432213240951498,0.0095316782666283219
10000,0,single,gaussian_matched,0.050000000000000003,263,26,0.050000000000000003,19.621087937665099,>=10%,True,True,4,0.026778127878284302,0.47915789570561829,0.14464901923477647,0.096916614434899503,1.0580421891569267,0.98105744793930838,1.008171016746902,1.0276370857430879,0.97613998647510081,1.0444646182420776,True,True,False,3>1>2>4,12,0,0,True,1,0.023076617466531817,0.026778127878284302,0.026432213240951498,0.0095316782666283219
10000,0,single,gaussian_matched,0.050000000000000003,263,27,0.02,19.621087937665099,>=10%,True,True,4,0.011364384398057108,0.49258403680329693,0.074467649997771154,0.025566822378783896,1.0580421891569267,1.0354812127707351,1.0509760140246944,1.0149638651699904,0.99482535241753667,1.0174857368034571,True,True,False,3>1>2>4,12,0,0,True,1,0.0091758701135336001,0.011364384398057108,0.0058967020274690411,0.0019723056163432951
10000,0,single,gaussian_matched,0.050000000000000003,263,27,0.050000000000000003,19.621087937665099,>=10%,True,True,4,0.011364384398057108,0.49258403680329693,0.074467649997771154,0.025566822378783896,1.0580421891569267,1.0354812127707351,1.0509760140246944,1.0149638651699904,0.96577101327299575,1.0174857368034571,True,True,False,3>1>2>4,12,0,0,True,1,0.0091758701135336001,0.011364384398057108,0.0058967020274690411,0.0019723056163432951
10000,0,single,gaussian_matched,0.050000000000000003,263,28,0.02,19.621087937665099,>=10%,True,True,4,0.0031798606435628164,0.5050773903700827,0.030595342343938344,0.020057931890380944,1.0580421891569267,1.0757209522068893,1.0787134347855827,1.0027818390750447,0.98377961379075152,1.0384948520356176,True,True,False,3>1>2>4,12,0,0,True,1,0.0010228018666742131,0.000177606546183244,0.0019342020914394646,0.0031798606435628164
10000,0,single,gaussian_matched,0.050000000000000003,263,28,0.050000000000000003,19.621087937665099,>=10%,True,True,4,0.0031798606435628164,0.5050773903700827,0.030595342343938344,0.020057931890380944,1.0580421891569267,1.0757209522068893,1.0787134347855827,1.0027818390750447,0.95578448439259212,1.0384948520356176,True,True,False,3>1>2>4,12,0,0,True,1,0.0010228018666742131,0.000177606546183244,0.0019342020914394646,0.0031798606435628164
10000,0,single,gaussian_matched,0.050000000000000003,263,29,0.02,19.621087937665099,>=10%,True,True,4,0.0074666511902636706,0.48656690450414358,0.042526213474777683,0.015372232746917172,1.0580421891569267,1.0545268980837164,1.0691650611498411,1.0138812609642534,0.99663210770985589,1.0250416335107995,True,True,False,3>1>2>4,12,0,0,True,1,0.0045235569263593744,0.0045916715512516384,0.0074666511902636706,0.0021906895798711038
10000,0,single,gaussian_matched,0.050000000000000003,263,29,0.050000000000000003,19.621087937665099,>=10%,True,True,4,0.0074666511902636706,0.48656690450414358,0.042526213474777683,0.015372232746917172,1.0580421891569267,1.0545268980837164,1.0691650611498411,1.0138812609642534,0.96817355186260967,1.0250416335107995,True,True,False,3>1>2>4,12,0,0,True,1,0.0045235569263593744,0.0045916715512516384,0.0074666511902636706,0.0021906895798711038
10000,0,single,gaussian_matched,0.050000000000000003,263,30,0.02,19.621087937665099,>=10%,True,True,4,0.0072622014322427722,0.51713907957055039,0.032286138437761069,0.024648102157606853,1.0580421891569267,1.0826899655443414,1.0793646335242655,0.99692863873694071,0.97615046385952153,1.0434486894719917,True,True,False,3>1>2>4,12,0,0,True,1,0.0027769751234151081,0.00055107305235859241,0.0072622014322427722,0.0034123532248140375
10000,0,single,gaussian_matched,0.050000000000000003,263,30,0.050000000000000003,19.621087937665099,>=10%,True,True,4,0.0072622014322427722,0.51713907957055039,0.032286138437761069,0.024648102157606853,1.0580421891569267,1.0826899655443414,1.0793646335242655,0.99692863873694071,0.94831071336569506,1.0434486894719917,True,True,False,3>1>2>4,12,0,0,True,1,0.0027769751234151081,0.00055107305235859241,0.0072622014322427722,0.0034123532248140375
10000,0,single,gaussian_matched,0.050000000000000003,263,31,0.02,19.621087937665099,>=10%,True,True,4,0.0099954772488963992,0.47516632369046774,0.059832503690634746,0.026709354314040794,1.0580421891569267,1.0339929205825313,1.0572655798131381,1.0225075614806873,1.005960846405842,1.0245101237323211,True,True,False,3>1>2>4,12,0,0,True,1,0.0099954772488963992,0.0093596286654389488,0.005801155544384793,0.0029874892929998985
10000,0,single,gaussian_matched,0.050000000000000003,263,31,0.050000000000000003,19.621087937665099,>=10%,True,True,4,0.0099954772488963992,0.47516632369046774,0.059832503690634746,0.026709354314040794,1.0580421891569267,1.0339929205825313,1.0572655798131381,1.0225075614806873,0.97692229900791938,1.0245101237323211,True,True,False,3>1>2>4,12,0,0,True,1,0.0099954772488963992,0.0093596286654389488,0.005801155544384793,0.0029874892929998985
