budget,seed,mode,init_name,init_sigma,layout_index,draw_id,tolerance,gap_percent,gap_bin,numeric_valid,success,visited_count,worst_distance,initial_x,initial_y,initial_offset,optimal_nominal,optimal_sampled_start,path_length,path_length_ratio_sampled_start,completion_length_ratio_sampled_start,path_plus_connector_ratio_nominal,success_with_connector,order_evaluable,order_ambiguous,actual_order,order_class,order_excess_nominal_percent,order_excess_sampled_start_percent,success_nearopt_order,available_nearopt_center_orders,target_1_distance,target_2_distance,target_3_distance,target_4_distance
10000,0,single,gaussian_matched,0.050000000000000003,824,0,0.02,12.727265759694916,>=10%,True,True,4,0.011312952809787502,0.53007219559437657,0.079388052637469536,0.042047527700081508,0.82567819005268395,0.78432296444982474,0.80706282748408509,1.0289929838407976,0.99971393143601328,1.0283792952433291,True,True,False,1>4>2>3,4,0,0,True,1,0.0031156403558293255,0.0019652824587985018,0.011312952809787502,0.0024165228098854416
10000,0,single,gaussian_matched,0.050000000000000003,824,0,0.050000000000000003,12.727265759694916,>=10%,True,True,4,0.011312952809787502,0.53007219559437657,0.079388052637469536,0.042047527700081508,0.82567819005268395,0.78432296444982474,0.80706282748408509,1.0289929838407976,0.95863000107253515,1.0283792952433291,True,True,False,1>4>2>3,4,0,0,True,1,0.0031156403558293255,0.0019652824587985018,0.011312952809787502,0.0024165228098854416
10000,0,single,gaussian_matched,0.050000000000000003,824,1,0.02,12.727265759694916,>=10%,True,False,1,0.035423164866423995,0.40625647005159204,0.042568063145125554,0.094037668477067751,0.82567819005268395,0.89404011979260878,0.8568483877498283,0.95840037687412971,,1.1516424530557394,False,False,False,,-1,,,False,1,0.030365285193122031,0.020102677894924238,0.011588972834758815,0.035423164866423995
10000,0,single,gaussian_matched,0.050000000000000003,824,1,0.050000000000000003,12.727265759694916,>=10%,True,True,4,0.035423164866423995,0.40625647005159204,0.042568063145125554,0.094037668477067751,0.82567819005268395,0.89404011979260878,0.8568483877498283,0.95840037687412971,0.88761804436779201,1.1516424530557394,True,True,False,1>4>2>3,4,0,0,True,1,0.030365285193122031,0.020102677894924238,0.011588972834758815,0.035423164866423995
10000,0,single,gaussian_matched,0.050000000000000003,824,2,0.02,12.727265759694916,>=10%,True,True,4,0.012029296739943138,0.48020139292872643,0.018681910635690246,0.037051417832433556,0.82567819005268395,0.86266004652140749,0.8588658202939452,0.99560171327887259,0.96289670337152111,1.0850683098087077,True,True,False,1>4>2>3,4,0,0,True,1,0.0051125136132132423,0.012029296739943138,0.0068151577907191755,0.0070077205814037015
10000,0,single,gaussian_matched,0.050000000000000003,824,2,0.050000000000000003,12.727265759694916,>=10%,True,True,4,0.012029296739943138,0.48020139292872643,0.018681910635690246,0.037051417832433556,0.82567819005268395,0.86266004652140749,0.8588658202939452,0.99560171327887259,0.92728503171552679,1.0850683098087077,True,True,False,1>4>2>3,4,0,0,True,1,0.0051125136132132423,0.012029296739943138,0.0068151577907191755,0.0070077205814037015
10000,0,single,gaussian_matched,0.050000000000000003,824,3,0.02,12.727265759694916,>=10%,True,False,2,0.065798022883431853,0.63896035938365636,0.021052005762104937,0.14194353754374356,0.82567819005268395,0.80115598611013739,0.82614810263656291,1.0311950693244771,,1.1724805763835613,False,False,False,,-1,,,False,1,0.065798022883431853,0.0065207763513053137,0.0054032302134646524,0.029691137782442169
10000,0,single,gaussian_matched,0.050000000000000003,824,3,0.050000000000000003,12.727265759694916,>=10%,True,False,3,0.065798022883431853,0.63896035938365636,0.021052005762104937,0.14194353754374356,0.82567819005268395,0.80115598611013739,0.82614810263656291,1.0311950693244771,,1.1724805763835613,False,False,False,,-1,,,False,1,0.065798022883431853,0.0065207763513053137,0.0054032302134646524,0.029691137782442169
10000,0,single,gaussian_matched,0.050000000000000003,824,4,0.02,12.727265759694916,>=10%,True,True,4,0.012856673120859337,0.498082694856539,0.087514976647422527,0.037563939248563896,0.82567819005268395,0.79753797041170316,0.80914290279828927,1.0145509465594416,0.9840552496880105,1.0254683389333894,True,True,False,1>4>2>3,4,0,0,True,1,0.012856673120859337,0.0047599798354669163,0.012598521999384462,0.0064858359539019658
10000,0,single,gaussian_matched,0.050000000000000003,824,4,0.050000000000000003,12.727265759694916,>=10%,True,True,4,0.012856673120859337,0.498082694856539,0.087514976647422527,0.037563939248563896,0.82567819005268395,0.79753797041170316,0.80914290279828927,1.0145509465594416,0.94282985046726275,1.0254683389333894,True,True,False,1>4>2>3,4,0,0,True,1,0.012856673120859337,0.0047599798354669163,0.012598521999384462,0.0064858359539019658
10000,0,single,gaussian_matched,0.050000000000000003,824,5,0.02,12.727265759694916,>=10%,True,True,4,0.013936709148168207,0.47512136215882539,0.0017829352570928741,0.054257091271593456,0.82567819005268395,0.87940472324334018,0.87123952622759027,0.9907150862396602,0.95800581121791395,1.1208926536380122,True,True,False,1>4>2>3,4,0,0,True,1,0.01007268869386619,0.013936709148168207,0.0054720677210076648,0.0099459909043072142
10000,0,single,gaussian_matched,0.050000000000000003,824,5,0.050000000000000003,12.727265759694916,>=10%,True,True,4,0.013936709148168207,0.47512136215882539,0.0017829352570928741,0.054257091271593456,0.82567819005268395,0.87940472324334018,0.87123952622759027,0.9907150862396602,0.92337867674545404,1.1208926536380122,True,True,False,1>4>2>3,4,0,0,True,1,0.01007268869386619,0.013936709148168207,0.0054720677210076648,0.0099459909043072142
10000,0,single,gaussian_matched,0.050000000000000003,824,6,0.02,12.727265759694916,>=10%,True,True,4,0.014069150085534759,0.45577337966758957,0.045789755393271396,0.044426569816672395,0.82567819005268395,0.85683224410435033,0.84571664113020117,0.9870270953846183,0.95355942258968052,1.0780752376299008,True,True,False,1>4>2>3,4,0,0,True,1,0.013220898971285826,0.012800694346968507,0.0099430040657513697,0.014069150085534759
10000,0,single,gaussian_matched,0.050000000000000003,824,6,0.050000000000000003,12.727265759694916,>=10%,True,True,4,0.014069150085534759,0.45577337966758957,0.045789755393271396,0.044426569816672395,0.82567819005268395,0.85683224410435033,0.84571664113020117,0.9870270953846183,0.91661982478256299,1.0780752376299008,True,True,False,1>4>2>3,4,0,0,True,1,0.013220898971285826,0.012800694346968507,0.0099430040657513697,0.014069150085534759
10000,0,single,gaussian_matched,0.050000000000000003,824,7,0.02,12.727265759694916,>=10%,True,False,2,0.027728651245200023,0.44870487101507917,0.076860624792253682,0.057902361107384032,0.82567819005268395,0.83959117293116026,0.82702046030916843,0.98502757886543124,,1.0717526901856136,False,False,False,,-1,,,False,1,0.027728651245200023,0.011951927843636122,0.012993439727622964,0.020396437269879806
10000,0,single,gaussian_matched,0.050000000000000003,824,7,0.050000000000000003,12.727265759694916,>=10%,True,True,4,0.027728651245200023,0.44870487101507917,0.076860624792253682,0.057902361107384032,0.82567819005268395,0.83959117293116026,0.82702046030916843,0.98502757886543124,0.91312090963736559,1.0717526901856136,True,True,False,1>4>2>3,4,0,0,True,1,0.027728651245200023,0.011951927843636122,0.012993439727622964,0.020396437269879806
10000,0,single,gaussian_matched,0.050000000000000003,824,8,0.02,12.727265759694916,>=10%,True,False,3,0.045837596752270636,0.58917887571892968,0.017213782179677312,0.095014777553041468,0.82567819005268395,0.81515886030308105,0.83674460218097813,1.0264804112782033,,1.1284776453578929,False,False,False,,-1,,,False,1,0.045837596752270636,0.0077982840315090106,0.0046532239677774005,0.019026918057792757
10000,0,single,gaussian_matched,0.050000000000000003,824,8,0.050000000000000003,12.727265759694916,>=10%,True,True,4,0.045837596752270636,0.58917887571892968,0.017213782179677312,0.095014777553041468,0.82567819005268395,0.81515886030308105,0.83674460218097813,1.0264804112782033,0.96325298443949958,1.1284776453578929,True,True,False,1>4>2>3,4,0,0,True,1,0.045837596752270636,0.0077982840315090106,0.0046532239677774005,0.019026918057792757
10000,0,single,gaussian_matched,0.050000000000000003,824,9,0.02,12.727265759694916,>=10%,True,False,3,0.026019954864744052,0.51068455150015524,-0.01049859953786151,0.061434845053943178,0.82567819005268395,0.87125434469114393,0.87230102220913919,1.0012013455363213,,1.1308714200183774,False,False,False,,-1,,,False,1,0.026019954864744052,0.013105569253157442,0.0034440131892197637,0.001312189466398781
10000,0,single,gaussian_matched,0.050000000000000003,824,9,0.050000000000000003,12.727265759694916,>=10%,True,True,4,0.026019954864744052,0.51068455150015524,-0.01049859953786151,0.061434845053943178,0.82567819005268395,0.87125434469114393,0.87230102220913919,1.0012013455363213,0.93589304224993919,1.1308714200183774,True,True,False,1>4>2>3,4,0,0,True,1,0.026019954864744052,0.013105569253157442,0.0034440131892197637,0.001312189466398781
10000,0,single,gaussian_matched,0.050000000000000003,824,10,0.02,12.727265759694916,>=10%,True,True,4,0.013432299431008982,0.47129929998075959,0.058688258316830569,0.029986930722806594,0.82567819005268395,0.83687220394211415,0.83406279147082918,0.99664296118564921,0.9639390095698247,1.0464727451968949,True,True,False,1>4>2>3,4,0,0,True,1,0.013432299431008982,0.010021959257925693,0.010607584382011594,0.0085827891637804219
10000,0,single,gaussian_matched,0.050000000000000003,824,10,0.050000000000000003,12.727265759694916,>=10%,True,True,4,0.013432299431008982,0.47129929998075959,0.058688258316830569,0.029986930722806594,0.82567819005268395,0.83687220394211415,0.83406279147082918,0.99664296118564921,0.92580360991841271,1.0464727451968949,True,True,False,1>4>2>3,4,0,0,True,1,0.013432299431008982,0.010021959257925693,0.010607584382011594,0.0085827891637804219
10000,0,single,gaussian_matched,0.050000000000000003,824,11,0.02,12.727265759694916,>=10%,True,True,4,0.013430738305225584,0.50659805673660185,0.097934536636191394,0.048386507987514364,0.82567819005268395,0.78408976394000041,0.80025021942329533,1.0206104660799162,0.99120595653101007,1.027805672518322,True,True,False,1>4>2>3,4,0,0,True,1,0.012725277211015379,0.0029661239781819159,0.013430738305225584,0.0081531977681539025
10000,0,single,gaussian_matched,0.050000000000000003,824,11,0.050000000000000003,12.727265759694916,>=10%,True,True,4,0.013430738305225584,0.50659805673660185,0.097934536636191394,0.048386507987514364,0.82567819005268395,0.78408976394000041,0.80025021942329533,1.0206104660799162,0.94863871461448246,1.027805672518322,True,True,False,1>4>2>3,4,0,0,True,1,0.012725277211015379,0.0029661239781819159,0.013430738305225584,0.0081531977681539025
10000,0,single,gaussian_matched,0.050000000000000003,824,12,0.02,12.727265759694916,>=10%,True,True,4,0.010805087374638551,0.47954702754631695,0.034210705422856175,0.025838457876485994,0.82567819005268395,0.85056150477780634,0.84860064366185184,0.99769462748438542,0.96493051418429454,1.0590555885732462,True,True,False,1>4>2>3,4,0,0,True,1,0.0011818357881077115,0.010805087374638551,0.0082018606184156451,0.0059949378575428133
10000,0,single,gaussian_matched,0.050000000000000003,824,12,0.050000000000000003,12.727265759694916,>=10%,True,True,4,0.010805087374638551,0.47954702754631695,0.034210705422856175,0.025838457876485994,0.82567819005268395,0.85056150477780634,0.84860064366185184,0.99769462748438542,0.92839405643404194,1.0590555885732462,True,True,False,1>4>2>3,4,0,0,True,1,0.0011818357881077115,0.010805087374638551,0.0082018606184156451,0.0059949378575428133
10000,0,single,gaussian_matched,0.050000000000000003,824,13,0.02,12.727265759694916,>=10%,True,True,4,0.019596759564757031,0.45711053624639592,0.063126780104707902,0.0448532992876675,0.82567819005268395,0.84323632606427501,0.83410766201333297,0.98917425190450559,0.9562102848019246,1.0645321287279208,True,True,False,1>4>2>3,4,0,0,True,1,0.019596759564757031,0.011630858172649501,0.011448605508353148,0.014843989456025487
10000,0,single,gaussian_matched,0.050000000000000003,824,13,0.050000000000000003,12.727265759694916,>=10%,True,True,4,0.019596759564757031,0.45711053624639592,0.063126780104707902,0.0448532992876675,0.82567819005268395,0.84323632606427501,0.83410766201333297,0.98917425190450559,0.9179213173157762,1.0645321287279208,True,True,False,1>4>2>3,4,0,0,True,1,0.019596759564757031,0.011630858172649501,0.011448605508353148,0.014843989456025487
10000,0,single,gaussian_matched,0.050000000000000003,824,14,0.02,12.727265759694916,>=10%,True,False,2,0.047091638119034163,0.41850301542325252,0.099634200643323942,0.095421760456430249,0.82567819005268395,0.84833455386168,0.81963292426538725,0.96616708648063332,,1.108246161453569,False,False,False,,-1,,,False,1,0.047091638119034163,0.014341879046433116,0.016406331622472705,0.037407554171816224
10000,0,single,gaussian_matched,0.050000000000000003,824,14,0.050000000000000003,12.727265759694916,>=10%,True,True,4,0.047091638119034163,0.41850301542325252,0.099634200643323942,0.095421760456430249,0.82567819005268395,0.84833455386168,0.81963292426538725,0.96616708648063332,0.89374587818504503,1.108246161453569,True,True,False,1>4>2>3,4,0,0,True,1,0.047091638119034163,0.014341879046433116,0.016406331622472705,0.037407554171816224
10000,0,single,gaussian_matched,0.050000000000000003,824,15,0.02,12.727265759694916,>=10%,True,True,4,0.011862158756551233,0.49092579101015482,0.011268278772676846,0.039780491425100095,0.82567819005268395,0.86270434942635865,0.86166246753500308,0.99879230713042266,0.96664775041749695,1.0917606518134928,True,True,False,1>4>2>3,4,0,0,True,1,0.011344592416012537,0.011862158756551233,0.0058805771237046712,0.0045428279392684418
10000,0,single,gaussian_matched,0.050000000000000003,824,15,0.050000000000000003,12.727265759694916,>=10%,True,True,4,0.011862158756551233,0.49092579101015482,0.011268278772676846,0.039780491425100095,0.82567819005268395,0.86270434942635865,0.86166246753500308,0.99879230713042266,0.9312635222889204,1.0917606518134928,True,True,False,1>4>2>3,4,0,0,True,1,0.011344592416012537,0.011862158756551233,0.0058805771237046712,0.0045428279392684418
10000,0,single,gaussian_matched,0.050000000000000003,824,16,0.02,12.727265759694916,>=10%,True,False,3,0.021290301967562961,0.4373427634400141,0.027761004473477832,0.066486857463431873,0.82567819005268395,0.8825664570402818,0.86108142821917311,0.97565619149728455,,1.1234017040263831,False,False,False,,-1,,,False,1,0.012741691926420679,0.016266975760833774,0.0090092378626075945,0.021290301967562961
10000,0,single,gaussian_matched,0.050000000000000003,824,16,0.050000000000000003,12.727265759694916,>=10%,True,True,4,0.021290301967562961,0.4373427634400141,0.027761004473477832,0.066486857463431873,0.82567819005268395,0.8825664570402818,0.86108142821917311,0.97565619149728455,0.90594677300562287,1.1234017040263831,True,True,False,1>4>2>3,4,0,0,True,1,0.012741691926420679,0.016266975760833774,0.0090092378626075945,0.021290301967562961
10000,0,single,gaussian_matched,0.050000000000000003,824,17,0.02,12.727265759694916,>=10%,True,False,2,0.028595075503842552,0.49798257843932631,0.13299037602494818,0.08301489325726899,0.82567819005268395,0.76537981419439927,0.77941084180520392,1.0183321108691283,,1.0445058927951629,False,False,False,,-1,,,False,1,0.028595075503842552,0.0014012315139223285,0.017125163206090799,0.021744782097193899
10000,0,single,gaussian_matched,0.050000000000000003,824,17,0.050000000000000003,12.727265759694916,>=10%,True,True,4,0.028595075503842552,0.49798257843932631,0.13299037602494818,0.08301489325726899,0.82567819005268395,0.76537981419439927,0.77941084180520392,1.0183321108691283,0.94510312210871894,1.0445058927951629,True,True,False,1>4>2>3,4,0,0,True,1,0.028595075503842552,0.0014012315139223285,0.017125163206090799,0.021744782097193899
10000,0,single,gaussian_matched,0.050000000000000003,824,18,0.02,12.727265759694916,>=10%,True,False,3,0.022255038063108336,0.55118180761128588,0.04587660111779944,0.051347637226073155,0.82567819005268395,0.80254142196949663,0.82488219565957621,1.027837533463698,,1.0612243891651538,False,False,False,,-1,,,False,1,0.022255038063108336,0.0047004636769424034,0.0078833199738452438,0.013965030036992091
10000,0,single,gaussian_matched,0.050000000000000003,824,18,0.050000000000000003,12.727265759694916,>=10%,True,True,4,0.022255038063108336,0.55118180761128588,0.04587660111779944,0.051347637226073155,0.82567819005268395,0.80254142196949663,0.82488219565957621,1.027837533463698,0.96032959870476275,1.0612243891651538,True,True,False,1>4>2>3,4,0,0,True,1,0.022255038063108336,0.0047004636769424034,0.0078833199738452438,0.013965030036992091
10000,0,single,gaussian_matched,0.050000000000000003,824,19,0.02,12.727265759694916,>=10%,True,True,4,0.012605921670495138,0.5313332364488027,0.093079286551672233,0.053269096445853724,0.82567819005268395,0.77240909360697141,0.79757020239940557,1.0325748479668171,1.0041554779055326,1.0304732631861935,True,True,False,1>4>2>3,4,0,0,True,1,0.00083398506718055277,0.00049415231038214586,0.012605921670495138,0.0018078105937345621
10000,0,single,gaussian_matched,0.050000000000000003,824,19,0.050000000000000003,12.727265759694916,>=10%,True,True,4,0.012605921670495138,0.5313332364488027,0.093079286551672233,0.053269096445853724,0.82567819005268395,0.77240909360697141,0.79757020239940557,1.0325748479668171,0.96158591532781779,1.0304732631861935,True,True,False,1>4>2>3,4,0,0,True,1,0.00083398506718055277,0.00049415231038214586,0.012605921670495138,0.0018078105937345621
10000,0,single,gaussian_matched,0.050000000000000003,824,20,0.02,12.727265759694916,>=10%,True,False,2,0.029228951832214998,0.43716361292010364,0.070797305426848423,0.066188665602746402,0.82567819005268395,0.85218153817796272,0.83331919637753771,0.97786581736943712,,1.0894170063071296,False,False,False,,-1,,,False,1,0.029228951832214998,0.013900965686020157,0.012883663644618262,0.024313732890850651
10000,0,single,gaussian_matched,0.050000000000000003,824,20,0.050000000000000003,12.727265759694916,>=10%,True,True,4,0.029228951832214998,0.43716361292010364,0.070797305426848423,0.066188665602746402,0.82567819005268395,0.85218153817796272,0.83331919637753771,0.97786581736943712,0.90615474014351682,1.0894170063071296,True,True,False,1>4>2>3,4,0,0,True,1,0.029228951832214998,0.013900965686020157,0.012883663644618262,0.024313732890850651
10000,0,single,gaussian_matched,0.050000000000000003,824,21,0.02,12.727265759694916,>=10%,True,True,4,0.016733112718516387,0.50742349161993172,0.010952708231020819,0.039746688193143663,0.82567819005268395,0.85421358977879613,0.8583868479595631,1.004885497293303,0.97355558892760541,1.0877525251035147,True,True,False,1>4>2>3,4,0,0,True,1,0.016733112718516387,0.010872837362651462,0.0054565404832036136,0.00014360584856896181
10000,0,single,gaussian_matched,0.050000000000000003,824,21,0.050000000000000003,12.727265759694916,>=10%,True,True,4,0.016733112718516387,0.50742349161993172,0.010952708231020819,0.039746688193143663,0.82567819005268395,0.85421358977879613,0.8583868479595631,1.004885497293303,0.93790992129077999,1.0877525251035147,True,True,False,1>4>2>3,4,0,0,True,1,0.016733112718516387,0.010872837362651462,0.0054565404832036136,0.00014360584856896181
10000,0,single,gaussian_matched,0.050000000000000003,824,22,0.02,12.727265759694916,>=10%,True,False,3,0.021316053546976403,0.44381936999042793,-0.017761507291452941,0.088022071429170873,0.82567819005268395,0.91356469435929988,0.89017295938009244,0.97439509744231911,,1.1847170515026535,False,False,False,,-1,,,False,1,0.0066712577315767348,0.01838120460447034,0.0047542964493027546,0.021316053546976403
10000,0,single,gaussian_matched,0.050000000000000003,824,22,0.050000000000000003,12.727265759694916,>=10%,True,True,4,0.021316053546976403,0.44381936999042793,-0.017761507291452941,0.088022071429170873,0.82567819005268395,0.91356469435929988,0.89017295938009244,0.97439509744231911,0.90757775751910652,1.1847170515026535,True,True,False,1>4>2>3,4,0,0,True,1,0.0066712577315767348,0.01838120460447034,0.0047542964493027546,0.021316053546976403
10000,0,single,gaussian_matched,0.050000000000000003,824,23,0.02,12.727265759694916,>=10%,True,False,3,0.046916071221153689,0.54091470675477471,-0.039418902151926366,0.098334903726423561,0.82567819005268395,0.88463738068835762,0.88597247357471809,1.0015091979103592,,1.1921198708643814,False,False,False,,-1,,,False,1,0.046916071221153689,0.016054833498564153,4.8436147735385803e-05,0.0035303464404402448
10000,0,single,gaussian_matched,0.050000000000000003,824,23,0.050000000000000003,12.727265759694916,>=10%,True,True,4,0.046916071221153689,0.54091470675477471,-0.039418902151926366,0.098334903726423561,0.82567819005268395,0.88463738068835762,0.88597247357471809,1.0015091979103592,0.93990684404218083,1.1921198708643814,True,True,False,1>4>2>3,4,0,0,True,1,0.046916071221153689,0.016054833498564153,4.8436147735385803e-05,0.0035303464404402448
10000,0,single,gaussian_matched,0.050000000000000003,824,24,0.02,12.727265759694916,>=10%,True,False,3,0.021665531063488622,0.53167905598143683,0.020999381331831803,0.042948788935329885,0.82567819005268395,0.83357967369422825,0.84621585236509156,1.0151589332965172,,1.0768900668717998,False,False,False,,-1,,,False,1,0.021665531063488622,0.0086099404139843329,0.0058688917065212436,0.0068172682341142718
10000,0,single,gaussian_matched,0.050000000000000003,824,24,0.050000000000000003,12.727265759694916,>=10%,True,True,4,0.021665531063488622,0.53167905598143683,0.020999381331831803,0.042948788935329885,0.82567819005268395,0.83357967369422825,0.84621585236509156,1.0151589332965172,0.94841691737309097,1.0768900668717998,True,True,False,1>4>2>3,4,0,0,True,1,0.021665531063488622,0.0086099404139843329,0.0058688917065212436,0.0068172682341142718
10000,0,single,gaussian_matched,0.050000000000000003,824,25,0.02,12.727265759694916,>=10%,True,False,2,0.03091997207173652,0.41451849528102963,0.02915619860008431,0.08798608813794645,0.82567819005268395,0.89732603747258488,0.86410255192576735,0.96297501224817339,,1.1530989331363639,False,False,False,,-1,,,False,1,0.02206968500884951,0.019517328959784974,0.010030008755598216,0.03091997207173652
10000,0,single,gaussian_matched,0.050000000000000003,824,25,0.050000000000000003,12.727265759694916,>=10%,True,True,4,0.03091997207173652,0.41451849528102963,0.02915619860008431,0.08798608813794645,0.82567819005268395,0.89732603747258488,0.86410255192576735,0.96297501224817339,0.89287942690559929,1.1530989331363639,True,True,False,1>4>2>3,4,0,0,True,1,0.02206968500884951,0.019517328959784974,0.010030008755598216,0.03091997207173652
10000,0,single,gaussian_matched,0.050000000000000003,824,26,0.02,12.727265759694916,>=10%,True,True,4,0.019356870008414982,0.56466171683003841,0.07394006209535213,0.068951172553752757,0.82567819005268395,0.77141265141984916,0.80277744159695852,1.040658900420391,1.0134533492817057,1.0557728478877333,True,True,False,1>4>2>3,4,0,0,True,1,0.019356870008414982,0.00032290225949211331,0.010432024476351517,0.010464362205667172
10000,0,single,gaussian_matched,0.050000000000000003,824,26,0.050000000000000003,12.727265759694916,>=10%,True,True,4,0.019356870008414982,0.56466171683003841,0.07394006209535213,0.068951172553752757,0.82567819005268395,0.77141265141984916,0.80277744159695852,1.040658900420391,0.97217963037439814,1.0557728478877333,True,True,False,1>4>2>3,4,0,0,True,1,0.019356870008414982,0.00032290225949211331,0.010432024476351517,0.010464362205667172
10000,0,single,gaussian_matched,0.050000000000000003,824,27,0.02,12.727265759694916,>=10%,True,True,4,0.014207531146295339,0.51501714304837787,0.107296863117333,0.059232129021518698,0.82567819005268395,0.7714995429380016,0.79201828552046827,1.0265959231865878,0.99841703548093774,1.0309711759343811,True,True,False,1>4>2>3,4,0,0,True,1,0.01239820655054652,0.0012364469284937992,0.014207531146295339,0.0095855774872480436
10000,0,single,gaussian_matched,0.050000000000000003,824,27,0.050000000000000003,12.727265759694916,>=10%,True,True,4,0.014207531146295339,0.51501714304837787,0.107296863117333,0.059232129021518698,0.82567819005268395,0.7714995429380016,0.79201828552046827,1.0265959231865878,0.95447100473288782,1.0309711759343811,True,True,False,1>4>2>3,4,0,0,True,1,0.01239820655054652,0.0012364469284937992,0.014207531146295339,0.0095855774872480436
10000,0,single,gaussian_matched,0.050000000000000003,824,28,0.02,12.727265759694916,>=10%,True,False,3,0.021860164142871071,0.47873783778392709,0.089617671096219875,0.044962644552904739,0.82567819005268395,0.80917040688061137,0.81218244067535295,1.0037223726536826,,1.0381103625536796,False,False,False,,-1,,,False,1,0.021860164142871071,0.007124265453371431,0.013234712247516328,0.012081359566501516
10000,0,single,gaussian_matched,0.050000000000000003,824,28,0.050000000000000003,12.727265759694916,>=10%,True,True,4,0.021860164142871071,0.47873783778392709,0.089617671096219875,0.044962644552904739,0.82567819005268395,0.80917040688061137,0.81218244067535295,1.0037223726536826,0.93156008268332502,1.0381103625536796,True,True,False,1>4>2>3,4,0,0,True,1,0.021860164142871071,0.007124265453371431,0.013234712247516328,0.012081359566501516
10000,0,single,gaussian_matched,0.050000000000000003,824,29,0.02,12.727265759694916,>=10%,True,True,4,0.014829889544427224,0.51525188901025765,0.02314596699403872,0.030882992197429252,0.82567819005268395,0.83973200404530612,0.84840605277740044,1.0103295440572804,0.97926995622517865,1.0649294792668862,True,True,False,1>4>2>3,4,0,0,True,1,0.014829889544427224,0.0091205438072027509,0.0063849179529000101,0.0030523125139681941
10000,0,single,gaussian_matched,0.050000000000000003,824,29,0.050000000000000003,12.727265759694916,>=10%,True,True,4,0.014829889544427224,0.51525188901025765,0.02314596699403872,0.030882992197429252,0.82567819005268395,0.83973200404530612,0.84840605277740044,1.0103295440572804,0.94279728244066952,1.0649294792668862,True,True,False,1>4>2>3,4,0,0,True,1,0.014829889544427224,0.0091205438072027509,0.0063849179529000101,0.0030523125139681941
10000,0,single,gaussian_matched,0.050000000000000003,824,30,0.02,12.727265759694916,>=10%,True,False,3,0.029695507740426813,0.46725688727628595,-0.057123471445088655,0.11201584515274868,0.82567819005268395,0.93325549726330403,0.91264109984134323,0.9779113035150494,,1.2409882655719799,False,False,False,,-1,,,False,1,0.029695507740426813,0.019981342515469805,0.00046710188846755152,0.016951624464099008
10000,0,single,gaussian_matched,0.050000000000000003,824,30,0.050000000000000003,12.727265759694916,>=10%,True,True,4,0.029695507740426813,0.46725688727628595,-0.057123471445088655,0.11201584515274868,0.82567819005268395,0.93325549726330403,0.91264109984134323,0.9779113035150494,0.91465763813406031,1.2409882655719799,True,True,False,1>4>2>3,4,0,0,True,1,0.029695507740426813,0.019981342515469805,0.00046710188846755152,0.016951624464099008
10000,0,single,gaussian_matched,0.050000000000000003,824,31,0.02,12.727265759694916,>=10%,True,False,3,0.025839323474550022,0.56843643208773464,0.05813824234034777,0.068918620308950948,0.82567819005268395,0.78406108698041355,0.81271300464885465,1.0365429660318761,,1.0677666378732269,False,False,False,,-1,,,False,1,0.025839323474550022,0.0023905051820351866,0.0088695194074594006,0.016370669070044207
10000,0,single,gaussian_matched,0.050000000000000003,824,31,0.050000000000000003,12.727265759694916,>=10%,True,True,4,0.025839323474550022,0.56843643208773464,0.05813824234034777,0.068918620308950948,0.82567819005268395,0.78406108698041355,0.81271300464885465,1.0365429660318761,0.96919342401410435,1.0677666378732269,True,True,False,1>4>2>3,4,0,0,True,1,0.025839323474550022,0.0023905051820351866,0.0088695194074594006,0.016370669070044207
10000,0,single,gaussian_matched,0.050000000000000003,825,0,0.02,12.589573811689789,>=10%,True,False,2,0.033353133297135164,0.44731104148778944,0.094829127962348547,0.06917931094601959,1.3625481724921726,1.3680675885364137,1.3529896635551419,0.98897866954263391,,1.0437568397306198,False,False,False,,-1,,,False,1,0.020331102632690348,0.0089472730825347433,0.011664741844904387,0.033353133297135164
10000,0,single,gaussian_matched,0.050000000000000003,825,0,0.050000000000000003,12.589573811689789,>=10%,True,True,4,0.033353133297135164,0.44731104148778944,0.094829127962348547,0.06917931094601959,1.3625481724921726,1.3680675885364137,1.3529896635551419,0.98897866954263391,0.9533139928482014,1.0437568397306198,True,True,False,4>1>2>3,18,0,0,True,1,0.020331102632690348,0.0089472730825347433,0.011664741844904387,0.033353133297135164
10000,0,single,gaussian_matched,0.050000000000000003,825,1,0.02,12.589573811689789,>=10%,True,False,3,0.023222920417276114,0.51964669176124445,0.024540126048453577,0.03215894399370077,1.3625481724921726,1.371717834670491,1.3748357200178667,1.0022729786466067,,1.032620124863622,False,False,False,,-1,,,False,1,0.0028963820298714329,0.0018996871414017329,0.0016699536106225224,0.023222920417276114
10000,0,single,gaussian_matched,0.050000000000000003,825,1,0.050000000000000003,12.589573811689789,>=10%,True,True,4,0.023222920417276114,0.51964669176124445,0.024540126048453577,0.03215894399370077,1.3625481724921726,1.371717834670491,1.3748357200178667,1.0022729786466067,0.96700588099162699,1.032620124863622,True,True,False,4>1>2>3,18,0,0,True,1,0.0028963820298714329,0.0018996871414017329,0.0016699536106225224,0.023222920417276114
10000,0,single,gaussian_matched,0.050000000000000003,825,2,0.02,12.589573811689789,>=10%,True,False,3,0.047679255152594045,0.59609314770056421,0.063468042678793329,0.097032371962145952,1.3625481724921726,1.3011806634299488,1.3326348574050924,1.0241735793185163,,1.0492599514865601,False,False,False,,-1,,,False,1,0.018009325840076786,0.0011128162478411137,0.0091598228534171093,0.047679255152594045
10000,0,single,gaussian_matched,0.050000000000000003,825,2,0.050000000000000003,12.589573811689789,>=10%,True,True,4,0.047679255152594045,0.59609314770056421,0.063468042678793329,0.097032371962145952,1.3625481724921726,1.3011806634299488,1.3326348574050924,1.0241735793185163,0.99273894413485531,1.0492599514865601,True,True,False,4>1>2>3,18,0,0,True,1,0.018009325840076786,0.0011128162478411137,0.0091598228534171093,0.047679255152594045
10000,0,single,gaussian_matched,0.050000000000000003,825,3,0.02,12.589573811689789,>=10%,True,True,4,0.010889657587187674,0.51632670646360856,0.094583242495483708,0.047478698964482396,1.3625481724921726,1.3179493643702582,1.3342075804113716,1.012335994447618,1.0020736706908087,1.0140458203754197,True,True,False,4>1>2>3,18,0,0,True,1,0.001322474445959405,0.010889657587187674,0.0088240743334103717,0.0028242485118736556
10000,0,single,gaussian_matched,0.050000000000000003,825,3,0.050000000000000003,12.589573811689789,>=10%,True,True,4,0.010889657587187674,0.51632670646360856,0.094583242495483708,0.047478698964482396,1.3625481724921726,1.3179493643702582,1.3342075804113716,1.012335994447618,0.97863262906605841,1.0140458203754197,True,True,False,4>1>2>3,18,0,0,True,1,0.001322474445959405,0.010889657587187674,0.0088240743334103717,0.0028242485118736556
10000,0,single,gaussian_matched,0.050000000000000003,825,4,0.02,12.589573811689789,>=10%,True,False,3,0.024317050243444913,0.49813068216636869,-0.02477617085598384,0.074799532599117355,1.3625481724921726,1.4249025099655688,1.4104710907316123,0.98987199535896297,,1.0900683390988599,False,False,False,,-1,,,False,1,0.017339248892407951,0.01012558253729666,0.0029114152999205399,0.024317050243444913
10000,0,single,gaussian_matched,0.050000000000000003,825,4,0.050000000000000003,12.589573811689789,>=10%,True,True,4,0.024317050243444913,0.49813068216636869,-0.02477617085598384,0.074799532599117355,1.3625481724921726,1.4249025099655688,1.4104710907316123,0.98987199535896297,0.95318769106390211,1.0900683390988599,True,True,False,4>1>2>3,18,0,0,True,1,0.017339248892407951,0.01012558253729666,0.0029114152999205399,0.024317050243444913
10000,0,single,gaussian_matched,0.050000000000000003,825,5,0.02,12.589573811689789,>=10%,True,False,3,0.02787238598466028,0.44857637138053286,-0.030866168320340712,0.095831762788788119,1.3625481724921726,1.4579578748904005,1.4256891233143008,0.97786715780212408,,1.1166730959098106,False,False,False,,-1,,,False,1,0.02787238598466028,0.010983428366442716,0.00050222970386750484,0.00016444424846299256
10000,0,single,gaussian_matched,0.050000000000000003,825,5,0.050000000000000003,12.589573811689789,>=10%,True,True,4,0.02787238598466028,0.44857637138053286,-0.030866168320340712,0.095831762788788119,1.3625481724921726,1.4579578748904005,1.4256891233143008,0.97786715780212408,0.93914674460523495,1.1166730959098106,True,True,False,4>1>2>3,18,0,0,True,1,0.02787238598466028,0.010983428366442716,0.00050222970386750484,0.00016444424846299256
10000,0,single,gaussian_matched,0.050000000000000003,825,6,0.02,12.589573811689789,>=10%,True,False,2,0.039720923593009064,0.42858061780954393,0.085351668552551219,0.079689827593714069,1.3625481724921726,1.3886369074951523,1.363317305697155,0.98176657867774142,,1.0590503605105812,False,False,False,,-1,,,False,1,0.024725494651477376,0.0065635984302324342,0.011942892638540308,0.039720923593009064
10000,0,single,gaussian_matched,0.050000000000000003,825,6,0.050000000000000003,12.589573811689789,>=10%,True,True,4,0.039720923593009064,0.42858061780954393,0.085351668552551219,0.079689827593714069,1.3625481724921726,1.3886369074951523,1.363317305697155,0.98176657867774142,0.94519103309658214,1.0590503605105812,True,True,False,4>1>2>3,18,0,0,True,1,0.024725494651477376,0.0065635984302324342,0.011942892638540308,0.039720923593009064
10000,0,single,gaussian_matched,0.050000000000000003,825,7,0.02,12.589573811689789,>=10%,True,False,2,0.04000636387763562,0.41622581531829078,0.064107331279133761,0.08495369806491268,1.3625481724921726,1.4115666080632778,1.3782981624394255,0.97643154390744769,,1.0739083505781473,False,False,False,,-1,,,False,1,0.02714687026592991,0.0026145610962957835,0.010628039781381569,0.04000636387763562
10000,0,single,gaussian_matched,0.050000000000000003,825,7,0.050000000000000003,12.589573811689789,>=10%,True,True,4,0.04000636387763562,0.41622581531829078,0.064107331279133761,0.08495369806491268,1.3625481724921726,1.4115666080632778,1.3782981624394255,0.97643154390744769,0.93865434394614666,1.0739083505781473,True,True,False,4>1>2>3,18,0,0,True,1,0.02714687026592991,0.0026145610962957835,0.010628039781381569,0.04000636387763562
10000,0,single,gaussian_matched,0.050000000000000003,825,8,0.02,12.589573811689789,>=10%,True,False,3,0.02952988599892991,0.45340788986788894,0.092024926707279076,0.062744873824998201,1.3625481724921726,1.3651231927794116,1.3528471344828619,0.99100736229412711,,1.038929879241383,False,False,False,,-1,,,False,1,0.01830774828778578,0.0087698021716473545,0.010997584875975536,0.02952988599892991
10000,0,single,gaussian_matched,0.050000000000000003,825,8,0.050000000000000003,12.589573811689789,>=10%,True,True,4,0.02952988599892991,0.45340788986788894,0.092024926707279076,0.062744873824998201,1.3625481724921726,1.3651231927794116,1.3528471344828619,0.99100736229412711,0.95539155562726097,1.038929879241383,True,True,False,4>1>2>3,18,0,0,True,1,0.01830774828778578,0.0087698021716473545,0.010997584875975536,0.02952988599892991
10000,0,single,gaussian_matched,0.050000000000000003,825,9,0.02,12.589573811689789,>=10%,True,False,2,0.021286702048168758,0.53269313440040078,0.15596764155120035,0.11089626726290815,1.3625481724921726,1.2632867445811695,1.2958477960448334,1.0257748698807563,,1.0324362042442377,False,False,False,,-1,,,False,1,0.0039696623670556477,0.020611579503096372,0.015389988415226249,0.021286702048168758
10000,0,single,gaussian_matched,0.050000000000000003,825,9,0.050000000000000003,12.589573811689789,>=10%,True,True,4,0.021286702048168758,0.53269313440040078,0.15596764155120035,0.11089626726290815,1.3625481724921726,1.2632867445811695,1.2958477960448334,1.0257748698807563,0.99503045485012021,1.0324362042442377,True,True,False,4>1>2>3,18,0,0,True,1,0.0039696623670556477,0.020611579503096372,0.015389988415226249,0.021286702048168758
10000,0,single,gaussian_matched,0.050000000000000003,825,10,0.02,12.589573811689789,>=10%,True,False,3,0.023439043248927271,0.45268120134777978,0.071117410522595806,0.051817118147087241,1.3625481724921726,1.3794443232593572,1.3647182461098706,0.98932463101178902,,1.0396222261015842,False,False,False,,-1,,,False,1,0.016462157109786775,0.005402129421329711,0.0089852372563927248,0.023439043248927271
10000,0,single,gaussian_matched,0.050000000000000003,825,10,0.050000000000000003,12.589573811689789,>=10%,True,True,4,0.023439043248927271,0.45268120134777978,0.071117410522595806,0.051817118147087241,1.3625481724921726,1.3794443232593572,1.3647182461098706,0.98932463101178902,0.95290635478771235,1.0396222261015842,True,True,False,4>1>2>3,18,0,0,True,1,0.016462157109786775,0.005402129421329711,0.0089852372563927248,0.023439043248927271
10000,0,single,gaussian_matched,0.050000000000000003,825,11,0.02,12.589573811689789,>=10%,True,True,4,0.016540290543227996,0.46677628550336392,0.0066765362914921328,0.054596132762828403,1.3625481724921726,1.4171353834290457,1.3987067064918177,0.98699582470897307,0.97069318578817254,1.066606574794694,True,True,False,4>1>2>3,18,0,0,True,1,0.016540290543227996,0.0043460650602864075,0.0019291704314446981,0.00088460767121299223
10000,0,single,gaussian_matched,0.050000000000000003,825,11,0.050000000000000003,12.589573811689789,>=10%,True,True,4,0.016540290543227996,0.46677628550336392,0.0066765362914921328,0.054596132762828403,1.3625481724921726,1.4171353834290457,1.3987067064918177,0.98699582470897307,0.94946160020897086,1.066606574794694,True,True,False,4>1>2>3,18,0,0,True,1,0.016540290543227996,0.0043460650602864075,0.0019291704314446981,0.00088460767121299223
10000,0,single,gaussian_matched,0.050000000000000003,825,12,0.02,12.589573811689789,>=10%,True,False,2,0.028633036221953082,0.43735925602849074,0.062259036495702892,0.063829043398026489,1.3625481724921726,1.3967427045743603,1.3737927982341374,0.98356898069697329,,1.0550979926109163,False,False,False,,-1,,,False,1,0.020545260425516094,0.003321914628594525,0.0090874916267982934,0.028633036221953082
10000,0,single,gaussian_matched,0.050000000000000003,825,12,0.050000000000000003,12.589573811689789,>=10%,True,True,4,0.028633036221953082,0.43735925602849074,0.062259036495702892,0.063829043398026489,1.3625481724921726,1.3967427045743603,1.3737927982341374,0.98356898069697329,0.94638127881365208,1.0550979926109163,True,True,False,4>1>2>3,18,0,0,True,1,0.020545260425516094,0.003321914628594525,0.0090874916267982934,0.028633036221953082
10000,0,single,gaussian_matched,0.050000000000000003,825,13,0.02,12.589573811689789,>=10%,True,False,2,0.038675711370319138,0.40676539984961702,-0.037477961215845831,0.12784789542140623,1.3625481724921726,1.4894658689178388,1.4388508025592546,0.96601797502392028,,1.1498299506835681,False,False,False,,-1,,,False,1,0.038675711370319138,0.013457365018340304,0.0014135473813967523,0.020942628797101286
10000,0,single,gaussian_matched,0.050000000000000003,825,13,0.050000000000000003,12.589573811689789,>=10%,True,True,4,0.038675711370319138,0.40676539984961702,-0.037477961215845831,0.12784789542140623,1.3625481724921726,1.4894658689178388,1.4388508025592546,0.96601797502392028,0.92551572799945148,1.1498299506835681,True,True,False,4>1>2>3,18,0,0,True,1,0.038675711370319138,0.013457365018340304,0.0014135473813967523,0.020942628797101286
10000,0,single,gaussian_matched,0.050000000000000003,825,14,0.02,12.589573811689789,>=10%,True,False,3,0.034533429383206554,0.4169068048208926,-0.028526085490054476,0.11432770962222844,1.3625481724921726,1.4760600257860832,1.4313835090091416,0.96973258810857033,,1.134426840706984,False,False,False,,-1,,,False,1,0.034533429383206554,0.011632794761896364,0.0016292527468871095,0.017451931253645053
10000,0,single,gaussian_matched,0.050000000000000003,825,14,0.050000000000000003,12.589573811689789,>=10%,True,True,4,0.034533429383206554,0.4169068048208926,-0.028526085490054476,0.11432770962222844,1.3625481724921726,1.4760600257860832,1.4313835090091416,0.96973258810857033,0.92976049532729932,1.134426840706984,True,True,False,4>1>2>3,18,0,0,True,1,0.034533429383206554,0.011632794761896364,0.0016292527468871095,0.017451931253645053
10000,0,single,gaussian_matched,0.050000000000000003,825,15,0.02,12.589573811689789,>=10%,True,False,2,0.03721100215796775,0.43774883677425597,0.092300607248419042,0.075263196162156362,1.3625481724921726,1.3771340696409151,1.3570129457455595,0.98538913215573698,,1.051174681984276,False,False,False,,-1,,,False,1,0.022769329425511905,0.0081035107012766058,0.012036982340167731,0.03721100215796775
10000,0,single,gaussian_matched,0.050000000000000003,825,15,0.050000000000000003,12.589573811689789,>=10%,True,True,4,0.03721100215796775,0.43774883677425597,0.092300607248419042,0.075263196162156362,1.3625481724921726,1.3771340696409151,1.3570129457455595,0.98538913215573698,0.94935982615277392,1.051174681984276,True,True,False,4>1>2>3,18,0,0,True,1,0.022769329425511905,0.0081035107012766058,0.012036982340167731,0.03721100215796775
10000,0,single,gaussian_matched,0.050000000000000003,825,16,0.02,12.589573811689789,>=10%,True,True,4,0.0097958695857190241,0.49156347715331689,0.022029383273427267,0.029215241190300598,1.3625481724921726,1.3898447850605973,1.3833197453814936,0.99530520260302369,0.9805871673220824,1.0366862728883874,True,True,False,4>1>2>3,18,0,0,True,1,0.0083600351978375328,0.0014481258920403515,0.0018678765369702756,0.0097958695857190241
10000,0,single,gaussian_matched,0.050000000000000003,825,16,0.050000000000000003,12.589573811689789,>=10%,True,True,4,0.0097958695857190241,0.49156347715331689,0.022029383273427267,0.029215241190300598,1.3625481724921726,1.3898447850605973,1.3833197453814936,0.99530520260302369,0.95894237882816291,1.0366862728883874,True,True,False,4>1>2>3,18,0,0,True,1,0.0083600351978375328,0.0014481258920403515,0.0018678765369702756,0.0097958695857190241
10000,0,single,gaussian_matched,0.050000000000000003,825,17,0.02,12.589573811689789,>=10%,True,False,3,0.046032142459332751,0.55713049337754572,0.009391084563301344,0.070092633610863403,1.3625481724921726,1.3665365418670061,1.3753453129888278,1.0064460560343207,,1.0608343805972811,False,False,False,,-1,,,False,1,0.00016894137808602352,0.0074483517521272526,0.0049240655970291328,0.046032142459332751
10000,0,single,gaussian_matched,0.050000000000000003,825,17,0.050000000000000003,12.589573811689789,>=10%,True,True,4,0.046032142459332751,0.55713049337754572,0.009391084563301344,0.070092633610863403,1.3625481724921726,1.3665365418670061,1.3753453129888278,1.0064460560343207,0.97252480216910675,1.0608343805972811,True,True,False,4>1>2>3,18,0,0,True,1,0.00016894137808602352,0.0074483517521272526,0.0049240655970291328,0.046032142459332751
10000,0,single,gaussian_matched,0.050000000000000003,825,18,0.02,12.589573811689789,>=10%,True,True,4,0.017600819266071838,0.46481650376367067,0.0032468139977386151,0.058512723477666374,1.3625481724921726,1.4210406287883559,1.4012474415634752,0.98607134319462963,0.96957311642144606,1.0713457289155239,True,True,False,4>1>2>3,18,0,0,True,1,0.017600819266071838,0.0049632009109775088,0.0017237080034392233,0.00067857455598258217
10000,0,single,gaussian_matched,0.050000000000000003,825,18,0.050000000000000003,12.589573811689789,>=10%,True,True,4,0.017600819266071838,0.46481650376367067,0.0032468139977386151,0.058512723477666374,1.3625481724921726,1.4210406287883559,1.4012474415634752,0.98607134319462963,0.9484097596806248,1.0713457289155239,True,True,False,4>1>2>3,18,0,0,True,1,0.017600819266071838,0.0049632009109775088,0.0017237080034392233,0.00067857455598258217
10000,0,single,gaussian_matched,0.050000000000000003,825,19,0.02,12.589573811689789,>=10%,True,True,4,0.015243407129609216,0.53251505954578304,0.066405602289218379,0.036419402572500065,1.3625481724921726,1.3298551045716751,1.3463729370272102,1.0124207760670703,1.0011884838120031,1.0148575789951777,True,True,False,4>1>2>3,18,0,0,True,1,0.0059141163295309569,0.0046324755761302065,0.0058775270068131521,0.015243407129609216
10000,0,single,gaussian_matched,0.050000000000000003,825,19,0.050000000000000003,12.589573811689789,>=10%,True,True,4,0.015243407129609216,0.53251505954578304,0.066405602289218379,0.036419402572500065,1.3625481724921726,1.3298551045716751,1.3463729370272102,1.0124207760670703,0.97846137838189573,1.0148575789951777,True,True,False,4>1>2>3,18,0,0,True,1,0.0059141163295309569,0.0046324755761302065,0.0058775270068131521,0.015243407129609216
10000,0,single,gaussian_matched,0.050000000000000003,825,20,0.02,12.589573811689789,>=10%,True,False,3,0.029241503421081675,0.50806073399898888,-0.023861108452306018,0.074299655277839396,1.3625481724921726,1.4190023082882102,1.4075970738061916,0.99196249758340627,,1.0875921739879211,False,False,False,,-1,,,False,1,0.015413636646754728,0.01027890746813237,0.0034352938075461379,0.029241503421081675
10000,0,single,gaussian_matched,0.050000000000000003,825,20,0.050000000000000003,12.589573811689789,>=10%,True,True,4,0.029241503421081675,0.50806073399898888,-0.023861108452306018,0.074299655277839396,1.3625481724921726,1.4190023082882102,1.4075970738061916,0.99196249758340627,0.95569091652198135,1.0875921739879211,True,True,False,4>1>2>3,18,0,0,True,1,0.015413636646754728,0.01027890746813237,0.0034352938075461379,0.029241503421081675
10000,0,single,gaussian_matched,0.050000000000000003,825,21,0.02,12.589573811689789,>=10%,True,False,3,0.031123827928871452,0.46078492892914535,0.10524454857834661,0.067747929464430715,1.3625481724921726,1.3510402867408495,1.3435374666938569,0.99444663484825324,,1.0357691747345505,False,False,False,,-1,,,False,1,0.017718705871871403,0.011229028177467345,0.01193425882891048,0.031123827928871452
10000,0,single,gaussian_matched,0.050000000000000003,825,21,0.050000000000000003,12.589573811689789,>=10%,True,True,4,0.031123827928871452,0.46078492892914535,0.10524454857834661,0.067747929464430715,1.3625481724921726,1.3510402867408495,1.3435374666938569,0.99444663484825324,0.9595840836031444,1.0357691747345505,True,True,False,4>1>2>3,18,0,0,True,1,0.017718705871871403,0.011229028177467345,0.01193425882891048,0.031123827928871452
10000,0,single,gaussian_matched,0.050000000000000003,825,22,0.02,12.589573811689789,>=10%,True,False,2,0.059874591449590793,0.41162058572437171,0.1230732225634904,0.11467613842258786,1.3625481724921726,1.3812503616554443,1.3479837040937905,0.97591554834289174,,1.073473857325056,False,False,False,,-1,,,False,1,0.033839582314971521,0.01180988660276676,0.016921770926391182,0.059874591449590793
10000,0,single,gaussian_matched,0.050000000000000003,825,22,0.050000000000000003,12.589573811689789,>=10%,True,False,3,0.059874591449590793,0.41162058572437171,0.1230732225634904,0.11467613842258786,1.3625481724921726,1.3812503616554443,1.3479837040937905,0.97591554834289174,,1.073473857325056,False,False,False,,-1,,,False,1,0.033839582314971521,0.01180988660276676,0.016921770926391182,0.059874591449590793
10000,0,single,gaussian_matched,0.050000000000000003,825,23,0.02,12.589573811689789,>=10%,True,False,3,0.053129293310017554,0.55898776011379647,-0.014415646927435258,0.08734375428342199,1.3625481724921726,1.3873937379843599,1.3900713097162698,1.0019299292324901,,1.0843029948052563,False,False,False,,-1,,,False,1,0.0053388603077173863,0.011816435324518039,0.00627083801956645,0.053129293310017554
10000,0,single,gaussian_matched,0.050000000000000003,825,23,0.050000000000000003,12.589573811689789,>=10%,True,False,3,0.053129293310017554,0.55898776011379647,-0.014415646927435258,0.08734375428342199,1.3625481724921726,1.3873937379843599,1.3900713097162698,1.0019299292324901,,1.0843029948052563,False,False,False,,-1,,,False,1,0.0053388603077173863,0.011816435324518039,0.00627083801956645,0.053129293310017554
10000,0,single,gaussian_matched,0.050000000000000003,825,24,0.02,12.589573811689789,>=10%,True,True,4,0.015688402942734381,0.47311492579347814,0.0041146362047712118,0.053181517707852982,1.3625481724921726,1.4152607627797216,1.398698925853048,0.98829767816487446,0.97219184756484145,1.0655626515614012,True,True,False,4>1>2>3,18,0,0,True,1,0.015688402942734381,0.004686241790821939,0.0013050412910228151,0.0047799356815082074
10000,0,single,gaussian_matched,0.050000000000000003,825,24,0.050000000000000003,12.589573811689789,>=10%,True,True,4,0.015688402942734381,0.47311492579347814,0.0041146362047712118,0.053181517707852982,1.3625481724921726,1.4152607627797216,1.398698925853048,0.98829767816487446,0.95095977075963223,1.0655626515614012,True,True,False,4>1>2>3,18,0,0,True,1,0.015688402942734381,0.004686241790821939,0.0013050412910228151,0.0047799356815082074
10000,0,single,gaussian_matched,0.050000000000000003,825,25,0.02,12.589573811689789,>=10%,True,True,4,0.012110876099491182,0.51996933065722317,0.10292679528541221,0.056568717734110298,1.3625481724921726,1.309320503545039,1.3284841808861132,1.0146363531993792,1.0050309525765853,1.0165166462238826,True,True,False,4>1>2>3,18,0,0,True,1,0.0012375781251761449,0.012110876099491182,0.0096968532549645808,0.004448570258658583
10000,0,single,gaussian_matched,0.050000000000000003,825,25,0.050000000000000003,12.589573811689789,>=10%,True,True,4,0.012110876099491182,0.51996933065722317,0.10292679528541221,0.056568717734110298,1.3625481724921726,1.309320503545039,1.3284841808861132,1.0146363531993792,0.98132854767616151,1.0165166462238826,True,True,False,4>1>2>3,18,0,0,True,1,0.0012375781251761449,0.012110876099491182,0.0096968532549645808,0.004448570258658583
10000,0,single,gaussian_matched,0.050000000000000003,825,26,0.02,12.589573811689789,>=10%,True,False,3,0.022549139870477096,0.44695309432662378,0.057950012243469295,0.053639322294296243,1.3625481724921726,1.3926195758961533,1.373707457670257,0.98641975270688964,,1.04755692956812,False,False,False,,-1,,,False,1,0.017508651985323923,0.003071791641697985,0.0080603925236218069,0.022549139870477096
10000,0,single,gaussian_matched,0.050000000000000003,825,26,0.050000000000000003,12.589573811689789,>=10%,True,True,4,0.022549139870477096,0.44695309432662378,0.057950012243469295,0.053639322294296243,1.3625481724921726,1.3926195758961533,1.373707457670257,0.98641975270688964,0.94939405392873066,1.04755692956812,True,True,False,4>1>2>3,18,0,0,True,1,0.017508651985323923,0.003071791641697985,0.0080603925236218069,0.022549139870477096
10000,0,single,gaussian_matched,0.050000000000000003,825,27,0.02,12.589573811689789,>=10%,True,True,4,0.017093536765758754,0.45927948312204775,0.013446164728380769,0.054720593635963675,1.3625481724921726,1.4166331677307391,1.3965037276046888,0.98579064744171208,0.96940504114396819,1.0650811109204943,True,True,False,4>1>2>3,18,0,0,True,1,0.017093536765758754,0.0034272097390829525,0.0030229520348876268,0.0046338685580533711
10000,0,single,gaussian_matched,0.050000000000000003,825,27,0.050000000000000003,12.589573811689789,>=10%,True,True,4,0.017093536765758754,0.45927948312204775,0.013446164728380769,0.054720593635963675,1.3625481724921726,1.4166331677307391,1.3965037276046888,0.98579064744171208,0.94809745611435292,1.0650811109204943,True,True,False,4>1>2>3,18,0,0,True,1,0.017093536765758754,0.0034272097390829525,0.0030229520348876268,0.0046338685580533711
10000,0,single,gaussian_matched,0.050000000000000003,825,28,0.02,12.589573811689789,>=10%,True,False,3,0.023362981449717043,0.47380649316351742,0.099504211762453984,0.05600684585490194,1.3625481724921726,1.3447590227481818,1.3430628482073237,0.99873867770197833,,1.0268038387980465,False,False,False,,-1,,,False,1,0.013466461393935182,0.010856235944317859,0.010663796270619811,0.023362981449717043
10000,0,single,gaussian_matched,0.050000000000000003,825,28,0.050000000000000003,12.589573811689789,>=10%,True,True,4,0.023362981449717043,0.47380649316351742,0.099504211762453984,0.05600684585490194,1.3625481724921726,1.3447590227481818,1.3430628482073237,0.99873867770197833,0.96398063574985104,1.0268038387980465,True,True,False,4>1>2>3,18,0,0,True,1,0.013466461393935182,0.010856235944317859,0.010663796270619811,0.023362981449717043
10000,0,single,gaussian_matched,0.050000000000000003,825,29,0.02,12.589573811689789,>=10%,True,True,4,0.015931511065722707,0.5717031221783393,0.11403236917266345,0.096132627302004572,1.3625481724921726,1.2683695880737436,1.308478943961328,1.0316227669479983,1.0244093218931993,1.0308711278033009,True,True,False,4>1>2>3,18,0,0,True,1,0.011717097560560132,0.0099597476223149753,0.011396079027768326,0.015931511065722707
10000,0,single,gaussian_matched,0.050000000000000003,825,29,0.050000000000000003,12.589573811689789,>=10%,True,True,4,0.015931511065722707,0.5717031221783393,0.11403236917266345,0.096132627302004572,1.3625481724921726,1.2683695880737436,1.308478943961328,1.0316227669479983,1.0003995524726637,1.0308711278033009,True,True,False,4>1>2>3,18,0,0,True,1,0.011717097560560132,0.0099597476223149753,0.011396079027768326,0.015931511065722707
10000,0,single,gaussian_matched,0.050000000000000003,825,30,0.02,12.589573811689789,>=10%,True,True,4,0.011733860387314726,0.46670929600408817,0.045808371209558829,0.0335535501021915,1.3625481724921726,1.3874152678798735,1.3755420260900626,0.99144218600970524,0.97675356835066918,1.034162024242375,True,True,False,4>1>2>3,18,0,0,True,1,0.011733860387314726,0.0019962617836894988,0.0056579190393449049,0.0091723275169048133
10000,0,single,gaussian_matched,0.050000000000000003,825,30,0.050000000000000003,12.589573811689789,>=10%,True,True,4,0.011733860387314726,0.46670929600408817,0.045808371209558829,0.0335535501021915,1.3625481724921726,1.3874152678798735,1.3755420260900626,0.99144218600970524,0.95471667873119404,1.034162024242375,True,True,False,4>1>2>3,18,0,0,True,1,0.011733860387314726,0.0019962617836894988,0.0056579190393449049,0.0091723275169048133
10000,0,single,gaussian_matched,0.050000000000000003,825,31,0.02,12.589573811689789,>=10%,True,True,4,0.0114338842089487,0.50948584960720156,0.094764674662702608,0.045758687048778557,1.3625481724921726,1.3224298770080354,1.3359455643255538,1.0102203432881427,0.99976697224423283,1.0140590103666736,True,True,False,4>1>2>3,18,0,0,True,1,0.0031994978608646755,0.0114338842089487,0.00894757193651354,0.0059932445945590912
10000,0,single,gaussian_matched,0.050000000000000003,825,31,0.050000000000000003,12.589573811689789,>=10%,True,True,4,0.0114338842089487,0.50948584960720156,0.094764674662702608,0.045758687048778557,1.3625481724921726,1.3224298770080354,1.3359455643255538,1.0102203432881427,0.97631244447004162,1.0140590103666736,True,True,False,4>1>2>3,18,0,0,True,1,0.0031994978608646755,0.0114338842089487,0.00894757193651354,0.0059932445945590912
10000,0,single,gaussian_matched,0.050000000000000003,826,0,0.02,0.57331549040573604,<1%,True,False,3,0.034621278015688706,0.55222294032185493,0.078568071979166959,0.059526214666035041,1.4724892908335578,1.4231970220800052,1.4059309926476462,0.98786813830798725,,0.99522435676534138,False,False,False,,-1,,,False,2,0.0012513932393206021,0.034621278015688706,0.015097452624176687,0.010745717001258603
10000,0,single,gaussian_matched,0.050000000000000003,826,0,0.050000000000000003,0.57331549040573604,<1%,True,True,4,0.034621278015688706,0.55222294032185493,0.078568071979166959,0.059526214666035041,1.4724892908335578,1.4231970220800052,1.4059309926476462,0.98786813830798725,0.96334333965395202,0.99522435676534138,True,True,False,4>2>1>3,20,0.57331549040573471,0.59317220791934577,True,2,0.0012513932393206021,0.034621278015688706,0.015097452624176687,0.010745717001258603
10000,0,single,gaussian_matched,0.050000000000000003,826,1,0.02,0.57331549040573604,<1%,True,False,3,0.032091332618583282,0.53003329722422077,0.119001279999985,0.075254073536219393,1.4724892908335578,1.3977496148931559,1.3790704960434859,0.98663629118502905,,0.98766393659571561,False,False,False,,-1,,,False,2,0.0076747057362396513,0.032091332618583282,0.015328264391411408,0.010665135947212906
10000,0,single,gaussian_matched,0.050000000000000003,826,1,0.050000000000000003,0.57331549040573604,<1%,True,True,4,0.032091332618583282,0.53003329722422077,0.119001279999985,0.075254073536219393,1.4724892908335578,1.3977496148931559,1.3790704960434859,0.98663629118502905,0.96069125414536938,0.98766393659571561,True,True,False,4>2>1>3,20,0.57331549040573471,0.60397149167232822,True,2,0.0076747057362396513,0.032091332618583282,0.015328264391411408,0.010665135947212906
10000,0,single,gaussian_matched,0.050000000000000003,826,2,0.02,0.57331549040573604,<1%,True,True,4,0.019254703754427081,0.53428188305093516,0.018132124838491852,0.04680607837479512,1.4724892908335578,1.4856941354794724,1.4537746661421915,0.97851545040461529,0.97784394338667768,1.019077526647088,True,True,False,4>1>2>3,18,0,0,True,2,0.016351855574692556,0.0055083522133027472,0.019254703754427081,0.015229146947359922
10000,0,single,gaussian_matched,0.050000000000000003,826,2,0.050000000000000003,0.57331549040573604,<1%,True,True,4,0.019254703754427081,0.53428188305093516,0.018132124838491852,0.04680607837479512,1.4724892908335578,1.4856941354794724,1.4537746661421915,0.97851545040461529,0.95559815739574427,1.019077526647088,True,True,False,4>1>2>3,18,0,0,True,2,0.016351855574692556,0.0055083522133027472,0.019254703754427081,0.015229146947359922
10000,0,single,gaussian_matched,0.050000000000000003,826,3,0.02,0.57331549040573604,<1%,True,False,3,0.023755113071131668,0.49067911762608429,0.014526120866698765,0.036677989980265245,1.4724892908335578,1.5080372394038761,1.4582044269879044,0.96695518445176432,,1.0152076665507939,False,False,False,,-1,,,False,2,0.023755113071131668,0.010239867136307359,0.013432606052632388,0.0049550881456615261
10000,0,single,gaussian_matched,0.050000000000000003,826,3,0.050000000000000003,0.57331549040573604,<1%,True,True,4,0.023755113071131668,0.49067911762608429,0.014526120866698765,0.036677989980265245,1.4724892908335578,1.5080372394038761,1.4582044269879044,0.96695518445176432,0.94038576133390561,1.0152076665507939,True,True,False,4>2>1>3,20,0.57331549040573471,0.55980110957016826,True,2,0.023755113071131668,0.010239867136307359,0.013432606052632388,0.0049550881456615261
10000,0,single,gaussian_matched,0.050000000000000003,826,4,0.02,0.57331549040573604,<1%,True,True,4,0.01727198062211233,0.51177093810261964,0.04281692381466011,0.013789545579898565,1.4724892908335578,1.4731509450129794,1.4375789816200086,0.97585314423250946,0.97039361185157014,0.98565642292604083,True,True,False,4>1>2>3,18,0,0,True,2,0.013535369887388279,0.01727198062211233,0.012694818246416063,0.00052653628278215173
10000,0,single,gaussian_matched,0.050000000000000003,826,4,0.050000000000000003,0.57331549040573604,<1%,True,True,4,0.01727198062211233,0.51177093810261964,0.04281692381466011,0.013789545579898565,1.4724892908335578,1.4731509450129794,1.4375789816200086,0.97585314423250946,0.94957922435023501,0.98565642292604083,True,True,False,4>2>1>3,20,0.57331549040573471,0.57305799025502147,True,2,0.013535369887388279,0.01727198062211233,0.012694818246416063,0.00052653628278215173
10000,0,single,gaussian_matched,0.050000000000000003,826,5,0.02,0.57331549040573604,<1%,True,False,3,0.029599102852113889,0.48852984757651174,-0.010967465891806194,0.062037055812527123,1.4724892908335578,1.5315955635220209,1.4744489129035514,0.96268815868919311,,1.0434615574326473,False,False,False,,-1,,,False,2,0.029599102852113889,0.0038055665319870094,0.016292657217631488,0.0013190707968852022
10000,0,single,gaussian_matched,0.050000000000000003,826,5,0.050000000000000003,0.57331549040573604,<1%,True,True,4,0.029599102852113889,0.48852984757651174,-0.010967465891806194,0.062037055812527123,1.4724892908335578,1.5315955635220209,1.4744489129035514,0.96268815868919311,0.93721550271674647,1.0434615574326473,True,True,False,4>2>1>3,20,0.57331549040573471,0.55119049702005984,True,2,0.029599102852113889,0.0038055665319870094,0.016292657217631488,0.0013190707968852022
10000,0,single,gaussian_matched,0.050000000000000003,826,6,0.02,0.57331549040573604,<1%,True,False,3,0.046140663693703433,0.46753671321273549,-0.061052884867019652,0.11570051091641603,1.4724892908335578,1.5857574935131242,1.5033192583875872,0.94801334033560114,,1.0995120843204884,False,False,False,,-1,,,False,2,0.046140663693703433,0.0016715540445103047,0.016951960173127386,0.004376328731429284
10000,0,single,gaussian_matched,0.050000000000000003,826,6,0.050000000000000003,0.57331549040573604,<1%,True,True,4,0.046140663693703433,0.46753671321273549,-0.061052884867019652,0.11570051091641603,1.4724892908335578,1.5857574935131242,1.5033192583875872,0.94801334033560114,0.92172716461799287,1.0995120843204884,True,True,False,4>2>1>3,20,0.57331549040573471,0.53236445253754816,True,2,0.046140663693703433,0.0016715540445103047,0.016951960173127386,0.004376328731429284
10000,0,single,gaussian_matched,0.050000000000000003,826,7,0.02,0.57331549040573604,<1%,True,False,2,0.039417393026213478,0.58659634018114026,0.029199595405571946,0.089059435008648422,1.4724892908335578,1.4570544570524273,1.4425112796996089,0.99001878256339249,,1.0401234998736419,False,False,False,,-1,,,False,2,0.013510357721317848,0.0065375742586892471,0.022619391114136602,0.039417393026213478
10000,0,single,gaussian_matched,0.050000000000000003,826,7,0.050000000000000003,0.57331549040573604,<1%,True,True,4,0.039417393026213478,0.58659634018114026,0.029199595405571946,0.089059435008648422,1.4724892908335578,1.4570544570524273,1.4425112796996089,0.99001878256339249,0.96965832920784856,1.0401234998736419,True,True,False,4>1>2>3,18,0,0,True,2,0.013510357721317848,0.0065375742586892471,0.022619391114136602,0.039417393026213478
10000,0,single,gaussian_matched,0.050000000000000003,826,8,0.02,0.57331549040573604,<1%,True,True,4,0.016000592366082856,0.51641332154948161,0.027528295728115548,0.027827587340078681,1.4724892908335578,1.4846769417455019,1.448144189677198,0.97539346706270447,0.97161503909503688,1.002365033284383,True,True,False,4>1>2>3,18,0,0,True,2,0.016000592366082856,0.01085992654713179,0.015397083050145061,0.0047509886615198825
10000,0,single,gaussian_matched,0.050000000000000003,826,8,0.050000000000000003,0.57331549040573604,<1%,True,True,4,0.016000592366082856,0.51641332154948161,0.027528295728115548,0.027827587340078681,1.4724892908335578,1.4846769417455019,1.448144189677198,0.97539346706270447,0.95031602559259698,1.002365033284383,True,True,False,4>2>1>3,20,0.57331549040573471,0.56860916752632384,True,2,0.016000592366082856,0.01085992654713179,0.015397083050145061,0.0047509886615198825
10000,0,single,gaussian_matched,0.050000000000000003,826,9,0.02,0.57331549040573604,<1%,True,False,3,0.028079831203002611,0.51301508751327274,0.066806841771907322,0.02125705608319451,1.4724892908335578,1.4514591693696572,1.4196908745837005,0.97811285673316384,,0.97857956566271009,False,False,False,,-1,,,False,2,0.0087289472974322411,0.028079831203002611,0.01118444090473969,0.0054554167938354195
10000,0,single,gaussian_matched,0.050000000000000003,826,9,0.050000000000000003,0.57331549040573604,<1%,True,True,4,0.028079831203002611,0.51301508751327274,0.066806841771907322,0.02125705608319451,1.4724892908335578,1.4514591693696572,1.4196908745837005,0.97811285673316384,0.95130245235049082,0.97857956566271009,True,True,False,4>2>1>3,20,0.57331549040573471,0.58162223072253383,True,2,0.0087289472974322411,0.028079831203002611,0.01118444090473969,0.0054554167938354195
10000,0,single,gaussian_matched,0.050000000000000003,826,10,0.02,0.57331549040573604,<1%,True,False,2,0.047177593488391123,0.4791099556048446,-0.078444653014371243,0.13013232820023543,1.4724892908335578,1.5963964699291096,1.5139995348628155,0.94838566946345537,,1.1165662618383652,False,False,False,,-1,,,False,2,0.047177593488391123,0.0067083477388184629,0.020127379227719712,0.0034157908347247981
10000,0,single,gaussian_matched,0.050000000000000003,826,10,0.050000000000000003,0.57331549040573604,<1%,True,True,4,0.047177593488391123,0.4791099556048446,-0.078444653014371243,0.13013232820023543,1.4724892908335578,1.5963964699291096,1.5139995348628155,0.94838566946345537,0.92406356342135221,1.1165662618383652,True,True,False,4>2>1>3,20,0.57331549040573471,0.52881657895982315,True,2,0.047177593488391123,0.0067083477388184629,0.020127379227719712,0.0034157908347247981
10000,0,single,gaussian_matched,0.050000000000000003,826,11,0.02,0.57331549040573604,<1%,True,False,3,0.024050493406293113,0.48790682525734264,0.016364321526215864,0.035743583224800389,1.4724892908335578,1.5077508118639691,1.4571019622293164,0.96640767875161171,,1.0138243821176014,False,False,False,,-1,,,False,2,0.024050493406293113,0.011245256707185311,0.01273599525959419,0.0066063554600904913
10000,0,single,gaussian_matched,0.050000000000000003,826,11,0.050000000000000003,0.57331549040573604,<1%,True,True,4,0.024050493406293113,0.48790682525734264,0.016364321526215864,0.035743583224800389,1.4724892908335578,1.5077508118639691,1.4571019622293164,0.96640767875161171,0.93948309812186503,1.0138243821176014,True,True,False,4>2>1>3,20,0.57331549040573471,0.55990745503085027,True,2,0.024050493406293113,0.011245256707185311,0.01273599525959419,0.0066063554600904913
10000,0,single,gaussian_matched,0.050000000000000003,826,12,0.02,0.57331549040573604,<1%,True,False,2,0.020894344285676013,0.4822980109074525,0.042586954338852748,0.019191499780030867,1.4724892908335578,1.4878361004759486,1.4399712448887323,0.96782921480941031,,0.99094964815856101,False,False,False,,-1,,,False,2,0.020674062535681017,0.020894344285676013,0.0086701795378155231,0.014448909853729736
10000,0,single,gaussian_matched,0.050000000000000003,826,12,0.050000000000000003,0.57331549040573604,<1%,True,True,4,0.020894344285676013,0.4822980109074525,0.042586954338852748,0.019191499780030867,1.4724892908335578,1.4878361004759486,1.4399712448887323,0.96782921480941031,0.93935215417617601,0.99094964815856101,True,True,False,4>2>1>3,20,0.57331549040573471,0.56740182579342324,True,2,0.020674062535681017,0.020894344285676013,0.0086701795378155231,0.014448909853729736
10000,0,single,gaussian_matched,0.050000000000000003,826,13,0.02,0.57331549040573604,<1%,True,False,3,0.025308378727969979,0.48179057483138765,0.017852616633009424,0.036946412847738752,1.4724892908335578,1.5094356841651828,1.4563389950087575,0.96482348356181125,,1.0141231023902157,False,False,False,,-1,,,False,2,0.025308378727969979,0.01272401109249279,0.011536148747792015,0.0097457830991020157
10000,0,single,gaussian_matched,0.050000000000000003,826,13,0.050000000000000003,0.57331549040573604,<1%,True,True,4,0.025308378727969979,0.48179057483138765,0.017852616633009424,0.036946412847738752,1.4724892908335578,1.5094356841651828,1.4563389950087575,0.96482348356181125,0.93725607996841054,1.0141231023902157,True,True,False,4>2>1>3,20,0.57331549040573471,0.55928247142131848,True,2,0.025308378727969979,0.01272401109249279,0.011536148747792015,0.0097457830991020157
10000,0,single,gaussian_matched,0.050000000000000003,826,14,0.02,0.57331549040573604,<1%,True,False,2,0.040074308341898394,0.48901114642791865,0.15450398186125314,0.10508014621081267,1.4724892908335578,1.3926448405908649,1.363532725675219,0.979095808157883,,0.9973674382749963,False,False,False,,-1,,,False,2,0.020462026610270818,0.0086409041341751983,0.016460153823321479,0.040074308341898394
10000,0,single,gaussian_matched,0.050000000000000003,826,14,0.050000000000000003,0.57331549040573604,<1%,True,True,4,0.040074308341898394,0.48901114642791865,0.15450398186125314,0.10508014621081267,1.4724892908335578,1.3926448405908649,1.363532725675219,0.979095808157883,0.9511830214428223,0.9973674382749963,True,True,False,4>2>1>3,20,0.57331549040573471,0.60618536419756452,True,2,0.020462026610270818,0.0086409041341751983,0.016460153823321479,0.040074308341898394
10000,0,single,gaussian_matched,0.050000000000000003,826,15,0.02,0.57331549040573604,<1%,True,False,3,0.022270153445354469,0.50354009345603912,0.0085844762990050644,0.041566547428252498,1.4724892908335578,1.5073691232417767,1.461651491329572,0.96967057954996216,,1.0208685714154644,False,False,False,,-1,,,False,2,0.022270153445354469,0.0064792984684241594,0.016289036262815824,0.0022273351312548251
10000,0,single,gaussian_matched,0.050000000000000003,826,15,0.050000000000000003,0.57331549040573604,<1%,True,True,4,0.022270153445354469,0.50354009345603912,0.0085844762990050644,0.041566547428252498,1.4724892908335578,1.5073691232417767,1.461651491329572,0.96967057954996216,0.94466636502528722,1.0208685714154644,True,True,False,4>2>1>3,20,0.57331549040573471,0.56004923205266177,True,2,0.022270153445354469,0.0064792984684241594,0.016289036262815824,0.0022273351312548251
10000,0,single,gaussian_matched,0.050000000000000003,826,16,0.02,0.57331549040573604,<1%,True,False,2,0.048241447902463229,0.40935301507341826,0.045603308213950484,0.090753549654773571,1.4724892908335578,1.5273495488799058,1.4430869776300188,0.94483085334874284,,1.0416649797272919,False,False,False,,-1,,,False,2,0.044034685050716629,0.00060229206325737822,0.0035978842275747754,0.048241447902463229
10000,0,single,gaussian_matched,0.050000000000000003,826,16,0.050000000000000003,0.57331549040573604,<1%,True,True,4,0.048241447902463229,0.40935301507341826,0.045603308213950484,0.090753549654773571,1.4724892908335578,1.5273495488799058,1.4430869776300188,0.94483085334874284,0.91073181998695552,1.0416649797272919,True,True,False,4>2>1>3,20,0.57331549040573471,0.55272280042937272,True,2,0.044034685050716629,0.00060229206325737822,0.0035978842275747754,0.048241447902463229
10000,0,single,gaussian_matched,0.050000000000000003,826,17,0.02,0.57331549040573604,<1%,True,True,4,0.016383475538370194,0.50614725389424053,0.03426131323966998,0.016896597035499276,1.4724892908335578,1.4833412657425642,1.4440753976782319,0.97352876983121228,0.96812262332968402,0.99217834982466535,True,True,False,4>1>2>3,18,0,0,True,2,0.016383475538370194,0.014579610850896799,0.013034203331136812,0.0014999490082845868
10000,0,single,gaussian_matched,0.050000000000000003,826,17,0.050000000000000003,0.57331549040573604,<1%,True,True,4,0.016383475538370194,0.50614725389424053,0.03426131323966998,0.016896597035499276,1.4724892908335578,1.4833412657425642,1.4440753976782319,0.97352876983121228,0.94724059453321408,0.99217834982466535,True,True,False,4>2>1>3,20,0.57331549040573471,0.56912117217262637,True,2,0.016383475538370194,0.014579610850896799,0.013034203331136812,0.0014999490082845868
10000,0,single,gaussian_matched,0.050000000000000003,826,18,0.02,0.57331549040573604,<1%,True,False,2,0.029756107618193341,0.45664004398400165,0.059162659749599084,0.044317492250760697,1.4724892908335578,1.4880019627437426,1.4310562382075886,0.96173007431310698,,1.0019588866572733,False,False,False,,-1,,,False,2,0.026014163092784343,0.014076622034977846,0.0045260831588955878,0.029756107618193341
10000,0,single,gaussian_matched,0.050000000000000003,826,18,0.050000000000000003,0.57331549040573604,<1%,True,True,4,0.029756107618193341,0.45664004398400165,0.059162659749599084,0.044317492250760697,1.4724892908335578,1.4880019627437426,1.4310562382075886,0.96173007431310698,0.93115044320488649,1.0019588866572733,True,True,False,4>2>1>3,20,0.57331549040573471,0.56733857953708,True,2,0.026014163092784343,0.014076622034977846,0.0045260831588955878,0.029756107618193341
10000,0,single,gaussian_matched,0.050000000000000003,826,19,0.02,0.57331549040573604,<1%,True,False,3,0.026374693421442202,0.48056303987999022,0.090372137184651161,0.044807419916383755,1.4724892908335578,1.4487123621998241,1.4069898758348265,0.97120029658500096,,0.9859476091193613,False,False,False,,-1,,,False,2,0.015930975224653896,0.017711911990754194,0.0090702944844894967,0.026374693421442202
10000,0,single,gaussian_matched,0.050000000000000003,826,19,0.050000000000000003,0.57331549040573604,<1%,True,True,4,0.026374693421442202,0.48056303987999022,0.090372137184651161,0.044807419916383755,1.4724892908335578,1.4487123621998241,1.4069898758348265,0.97120029658500096,0.94238408094945747,0.9859476091193613,True,True,False,4>2>1>3,20,0.57331549040573471,0.58272500595601961,True,2,0.015930975224653896,0.017711911990754194,0.0090702944844894967,0.026374693421442202
10000,0,single,gaussian_matched,0.050000000000000003,826,20,0.02,0.57331549040573604,<1%,True,False,3,0.033143568827826313,0.51502349443731488,0.076974893527590474,0.030876370672941359,1.4724892908335578,1.44161406556927,1.4118057434383386,0.97932295276325532,,0.9797572879423766,False,False,False,,-1,,,False,2,0.006714524567888039,0.033143568827826313,0.011461726405640497,0.0070128727379794222
10000,0,single,gaussian_matched,0.050000000000000003,826,20,0.050000000000000003,0.57331549040573604,<1%,True,True,4,0.033143568827826313,0.51502349443731488,0.076974893527590474,0.030876370672941359,1.4724892908335578,1.44161406556927,1.4118057434383386,0.97932295276325532,0.95258765636280585,0.9797572879423766,True,True,False,4>2>1>3,20,0.57331549040573471,0.58559425858408787,True,2,0.006714524567888039,0.033143568827826313,0.011461726405640497,0.0070128727379794222
10000,0,single,gaussian_matched,0.050000000000000003,826,21,0.02,0.57331549040573604,<1%,True,False,1,0.037948023734136971,0.52597267731547692,-0.073961520393635002,0.12665322145620883,1.4724892908335578,1.574279006425269,1.5137020890605026,0.96152085042262048,,1.1140015215921379,False,False,False,,-1,,,False,2,0.037948023734136971,0.014210206178880282,0.027923587666732298,0.026188825387883526
10000,0,single,gaussian_matched,0.050000000000000003,826,21,0.050000000000000003,0.57331549040573604,<1%,True,True,4,0.037948023734136971,0.52597267731547692,-0.073961520393635002,0.12665322145620883,1.4724892908335578,1.574279006425269,1.5137020890605026,0.96152085042262048,0.94321715505823578,1.1140015215921379,True,True,False,4>1>2>3,18,0,0,True,2,0.037948023734136971,0.014210206178880282,0.027923587666732298,0.026188825387883526
10000,0,single,gaussian_matched,0.050000000000000003,826,22,0.02,0.57331549040573604,<1%,True,True,4,0.018469794512953726,0.52882411423410625,0.048911537003844437,0.028844658310938721,1.4724892908335578,1.4600148732061231,1.4317559623363103,0.98064477877012468,0.97624056225944011,0.99192614149364799,True,True,False,4>1>2>3,18,0,0,True,2,0.0096320995564879216,0.018469794512953726,0.014036038272031218,0.0063517593348447025
10000,0,single,gaussian_matched,0.050000000000000003,826,22,0.050000000000000003,0.57331549040573604,<1%,True,True,4,0.018469794512953726,0.52882411423410625,0.048911537003844437,0.028844658310938721,1.4724892908335578,1.4600148732061231,1.4317559623363103,0.98064477877012468,0.9552913081289478,0.99192614149364799,True,True,False,4>2>1>3,20,0.57331549040573471,0.57821391780590314,True,2,0.0096320995564879216,0.018469794512953726,0.014036038272031218,0.0063517593348447025
10000,0,single,gaussian_matched,0.050000000000000003,826,23,0.02,0.57331549040573604,<1%,True,False,1,0.036387115850899633,0.55893962397845465,-0.033413728088114311,0.10213583753159072,1.4724892908335578,1.5251203992741278,1.4877244169332036,0.97547998023059512,,1.0797092137524438,False,False,False,,-1,,,False,2,0.027578576294546013,0.011356949411512669,0.029699183381073468,0.036387115850899633
10000,0,single,gaussian_matched,0.050000000000000003,826,23,0.050000000000000003,0.57331549040573604,<1%,True,True,4,0.036387115850899633,0.55893962397845465,-0.033413728088114311,0.10213583753159072,1.4724892908335578,1.5251203992741278,1.4877244169332036,0.97547998023059512,0.9589689966552386,1.0797092137524438,True,True,False,4>1>2>3,18,0,0,True,2,0.027578576294546013,0.011356949411512669,0.029699183381073468,0.036387115850899633
10000,0,single,gaussian_matched,0.050000000000000003,826,24,0.02,0.57331549040573604,<1%,True,False,2,0.033923811445532165,0.44500093635194748,0.031371574202490052,0.058068194821742705,1.4724892908335578,1.5174662363162712,1.4492428647885101,0.95504125897827097,,1.0236482322781328,False,False,False,,-1,,,False,2,0.033923811445532165,0.013850404707743359,0.0035802948886852013,0.029331557992122736
10000,0,single,gaussian_matched,0.050000000000000003,826,24,0.050000000000000003,0.57331549040573604,<1%,True,True,4,0.033923811445532165,0.44500093635194748,0.031371574202490052,0.058068194821742705,1.4724892908335578,1.5174662363162712,1.4492428647885101,0.95504125897827097,0.92376326258545671,1.0236482322781328,True,True,False,4>2>1>3,20,0.57331549040573471,0.55632270404959439,True,2,0.033923811445532165,0.013850404707743359,0.0035802948886852013,0.029331557992122736
10000,0,single,gaussian_matched,0.050000000000000003,826,25,0.02,0.57331549040573604,<1%,True,False,3,0.029912074177940989,0.50570929072528892,0.076669526779322469,0.027273790701310082,1.4724892908335578,1.4465650213378138,1.4131944088403832,0.97693113547943466,,0.97825376965985411,False,False,False,,-1,,,False,2,0.009365737652499883,0.029912074177940989,0.010492588855805641,0.011330887008284366
10000,0,single,gaussian_matched,0.050000000000000003,826,25,0.050000000000000003,0.57331549040573604,<1%,True,True,4,0.029912074177940989,0.50570929072528892,0.076669526779322469,0.027273790701310082,1.4724892908335578,1.4465650213378138,1.4131944088403832,0.97693113547943466,0.94961116789271061,0.97825376965985411,True,True,False,4>2>1>3,20,0.57331549040573471,0.58359002702188523,True,2,0.009365737652499883,0.029912074177940989,0.010492588855805641,0.011330887008284366
10000,0,single,gaussian_matched,0.050000000000000003,826,26,0.02,0.57331549040573604,<1%,True,True,4,0.017832081753249466,0.49803020570013623,0.035869438069007067,0.014267195592316054,1.4724892908335578,1.4857818605793569,1.4435017701778867,0.97154354113262376,0.96523157256483583,0.99000310212441545,True,True,False,4>1>2>3,18,0,0,True,2,0.017832081753249466,0.016221792508788812,0.011689606959726656,0.005690427122033808
10000,0,single,gaussian_matched,0.050000000000000003,826,26,0.050000000000000003,0.57331549040573604,<1%,True,True,4,0.017832081753249466,0.49803020570013623,0.035869438069007067,0.014267195592316054,1.4724892908335578,1.4857818605793569,1.4435017701778867,0.97154354113262376,0.94453812467830844,0.99000310212441545,True,True,False,4>2>1>3,20,0.57331549040573471,0.56818631475434866,True,2,0.017832081753249466,0.016221792508788812,0.011689606959726656,0.005690427122033808
10000,0,single,gaussian_matched,0.050000000000000003,826,27,0.02,0.57331549040573604,<1%,True,False,3,0.021007792309624955,0.5041157743730611,0.013980325317246842,0.036254055813678493,1.4724892908335578,1.5022907347550778,1.4580491891621286,0.97055061009867571,,1.0148143380587173,False,False,False,,-1,,,False,2,0.021007792309624955,0.0080015034355640398,0.015618961088186263,0.0014646242033600355
10000,0,single,gaussian_matched,0.050000000000000003,826,27,0.050000000000000003,0.57331549040573604,<1%,True,True,4,0.021007792309624955,0.5041157743730611,0.013980325317246842,0.036254055813678493,1.4724892908335578,1.5022907347550778,1.4580491891621286,0.97055061009867571,0.94526839388333617,1.0148143380587173,True,True,False,4>2>1>3,20,0.57331549040573471,0.56194243921039444,True,2,0.021007792309624955,0.0080015034355640398,0.015618961088186263,0.0014646242033600355
10000,0,single,gaussian_matched,0.050000000000000003,826,28,0.02,0.57331549040573604,<1%,True,False,3,0.030698279503308369,0.51792905113310828,0.10023246857749427,0.0533362144693693,1.4724892908335578,1.4200715703559421,1.3942539724826859,0.98181950937389373,,0.9830904686122317,False,False,False,,-1,,,False,2,0.0056415316586717256,0.030698279503308369,0.012975205521138762,0.011575967538070603
10000,0,single,gaussian_matched,0.050000000000000003,826,28,0.050000000000000003,0.57331549040573604,<1%,True,True,4,0.030698279503308369,0.51792905113310828,0.10023246857749427,0.0533362144693693,1.4724892908335578,1.4200715703559421,1.3942539724826859,0.98181950937389373,0.95527946193650359,0.9830904686122317,True,True,False,4>2>1>3,20,0.57331549040573471,0.59447772740064408,True,2,0.0056415316586717256,0.030698279503308369,0.012975205521138762,0.011575967538070603
10000,0,single,gaussian_matched,0.050000000000000003,826,29,0.02,0.57331549040573604,<1%,True,False,2,0.036290078149377319,0.49457753662246512,-0.046780553908309555,0.096932340959454397,1.4724892908335578,1.5611653900911822,1.4964217324524727,0.95852863633178031,,1.0820819433667659,False,False,False,,-1,,,False,2,0.036290078149377319,0.0046564181637106196,0.020782026714064233,0.0071032531291168478
10000,0,single,gaussian_matched,0.050000000000000003,826,29,0.050000000000000003,0.57331549040573604,<1%,True,True,4,0.036290078149377319,0.49457753662246512,-0.046780553908309555,0.096932340959454397,1.4724892908335578,1.5611653900911822,1.4964217324524727,0.95852863633178031,0.93531652836628787,1.0820819433667659,True,True,False,4>2>1>3,20,0.57331549040573471,0.54075047093000705,True,2,0.036290078149377319,0.0046564181637106196,0.020782026714064233,0.0071032531291168478
10000,0,single,gaussian_matched,0.050000000000000003,826,30,0.02,0.57331549040573604,<1%,True,False,2,0.035490573671406338,0.43622961036472713,0.039716725107973319,0.064594181910908238,1.4724892908335578,1.5156900048317989,1.4447130471332461,0.95317185079251787,,1.0250038750297152,False,False,False,,-1,,,False,2,0.035490573671406338,0.0095713325466233439,0.0014383598646016329,0.034949208199084023
10000,0,single,gaussian_matched,0.050000000000000003,826,30,0.050000000000000003,0.57331549040573604,<1%,True,True,4,0.035490573671406338,0.43622961036472713,0.039716725107973319,0.064594181910908238,1.4724892908335578,1.5156900048317989,1.4447130471332461,0.95317185079251787,0.92109800870089287,1.0250038750297152,True,True,False,4>2>1>3,20,0.57331549040573471,0.55697465655921707,True,2,0.035490573671406338,0.0095713325466233439,0.0014383598646016329,0.034949208199084023
10000,0,single,gaussian_matched,0.050000000000000003,826,31,0.02,0.57331549040573604,<1%,True,True,4,0.016179548075054461,0.53787151373885178,0.045240053130985995,0.038169472711420516,1.4724892908335578,1.4594737925304109,1.4338163491994871,0.98242007258901209,0.97897491170559492,0.99965808313460458,True,True,False,4>1>2>3,18,0,0,True,2,0.0098976764658086028,0.016179548075054461,0.015449338524742175,0.011596220570138538
10000,0,single,gaussian_matched,0.050000000000000003,826,31,0.050000000000000003,0.57331549040573604,<1%,True,True,4,0.016179548075054461,0.53787151373885178,0.045240053130985995,0.038169472711420516,1.4724892908335578,1.4594737925304109,1.4338163491994871,0.98242007258901209,0.95783225772102942,0.99965808313460458,True,True,False,4>2>1>3,20,0.57331549040573471,0.57842828299627946,True,2,0.0098976764658086028,0.016179548075054461,0.015449338524742175,0.011596220570138538
10000,0,single,gaussian_matched,0.050000000000000003,827,0,0.02,1.9366980495520612,1-<5%,True,False,1,0.062907769515136658,0.40234881405062961,-0.027373339633094823,0.12458887511851431,1.2385751079866472,1.2572201334174848,1.2301404263610336,0.97846064795125354,,1.093780500466955,False,False,False,,-1,,,False,2,0.0077551574599872344,0.062907769515136658,0.044466413488180138,0.022801873111141756
10000,0,single,gaussian_matched,0.050000000000000003,827,0,0.050000000000000003,1.9366980495520612,1-<5%,True,False,3,0.062907769515136658,0.40234881405062961,-0.027373339633094823,0.12458887511851431,1.2385751079866472,1.2572201334174848,1.2301404263610336,0.97846064795125354,,1.093780500466955,False,False,False,,-1,,,False,2,0.0077551574599872344,0.062907769515136658,0.044466413488180138,0.022801873111141756
10000,0,single,gaussian_matched,0.050000000000000003,827,1,0.02,1.9366980495520612,1-<5%,True,False,1,0.064548013655445782,0.42619148921592209,0.080820171526176182,0.07998486880070671,1.2385751079866472,1.1674646182481139,1.1296291081405734,0.96759172867755416,,0.97661738003725551,False,False,False,,-1,,,False,2,0.064548013655445782,0.024023111599768693,0.034686683756908143,0.013047840529090143
10000,0,single,gaussian_matched,0.050000000000000003,827,1,0.050000000000000003,1.9366980495520612,1-<5%,True,False,3,0.064548013655445782,0.42619148921592209,0.080820171526176182,0.07998486880070671,1.2385751079866472,1.1674646182481139,1.1296291081405734,0.96759172867755416,,0.97661738003725551,False,False,False,,-1,,,False,2,0.064548013655445782,0.024023111599768693,0.034686683756908143,0.013047840529090143
10000,0,single,gaussian_matched,0.050000000000000003,827,2,0.02,1.9366980495520612,1-<5%,True,False,2,0.08265133673665169,0.50318852441943318,-0.017156707947612398,0.067232359101360023,1.2385751079866472,1.2918948072031962,1.2276485386429923,0.95026973697704564,,1.0454601334990756,False,False,False,,-1,,,False,2,0.0086182231850256193,0.0068046952013166954,0.08265133673665169,0.025500155397832097
10000,0,single,gaussian_matched,0.050000000000000003,827,2,0.050000000000000003,1.9366980495520612,1-<5%,True,False,3,0.08265133673665169,0.50318852441943318,-0.017156707947612398,0.067232359101360023,1.2385751079866472,1.2918948072031962,1.2276485386429923,0.95026973697704564,,1.0454601334990756,False,False,False,,-1,,,False,2,0.0086182231850256193,0.0068046952013166954,0.08265133673665169,0.025500155397832097
10000,0,single,gaussian_matched,0.050000000000000003,827,3,0.02,1.9366980495520612,1-<5%,True,False,1,0.04732165204898655,0.44968941131285001,0.051722749920235157,0.050340075499896254,1.2385751079866472,1.2047549371932786,1.1759882298971749,0.97612235782729251,,0.99011218414563185,False,False,False,,-1,,,False,2,0.012341582906672815,0.02711867578102085,0.04732165204898655,0.020286741146561992
10000,0,single,gaussian_matched,0.050000000000000003,827,3,0.050000000000000003,1.9366980495520612,1-<5%,True,True,4,0.04732165204898655,0.44968941131285001,0.051722749920235157,0.050340075499896254,1.2385751079866472,1.2047549371932786,1.1759882298971749,0.97612235782729251,0.93424699371938524,0.99011218414563185,True,True,False,2>3>1>4,8,1.9366980495520547,1.9910655037030489,True,2,0.012341582906672815,0.02711867578102085,0.04732165204898655,0.020286741146561992
10000,0,single,gaussian_matched,0.050000000000000003,827,4,0.02,1.9366980495520612,1-<5%,True,False,2,0.089126961060989496,0.54635858628175848,0.032327481816820748,0.049612865478402352,1.2385751079866472,1.2846390520841866,1.2036357342793145,0.93694468677917497,,1.0118470746557484,False,False,False,,-1,,,False,2,0.0009811346863840653,0.019152330087121607,0.089126961060989496,0.024774524904568478
10000,0,single,gaussian_matched,0.050000000000000003,827,4,0.050000000000000003,1.9366980495520612,1-<5%,True,False,3,0.089126961060989496,0.54635858628175848,0.032327481816820748,0.049612865478402352,1.2385751079866472,1.2846390520841866,1.2036357342793145,0.93694468677917497,,1.0118470746557484,False,False,False,,-1,,,False,2,0.0009811346863840653,0.019152330087121607,0.089126961060989496,0.024774524904568478
10000,0,single,gaussian_matched,0.050000000000000003,827,5,0.02,1.9366980495520612,1-<5%,True,False,2,0.070440977547627737,0.41256238780672655,0.1073768580920393,0.10458221584272967,1.2385751079866472,1.1378781445523238,1.0999148397241771,0.96663675718713926,,0.97248608324194763,False,False,False,,-1,,,False,2,0.070440977547627737,0.017093679661336399,0.031013804642588953,0.0038728866528963219
10000,0,single,gaussian_matched,0.050000000000000003,827,5,0.050000000000000003,1.9366980495520612,1-<5%,True,False,3,0.070440977547627737,0.41256238780672655,0.1073768580920393,0.10458221584272967,1.2385751079866472,1.1378781445523238,1.0999148397241771,0.96663675718713926,,0.97248608324194763,False,False,False,,-1,,,False,2,0.070440977547627737,0.017093679661336399,0.031013804642588953,0.0038728866528963219
10000,0,single,gaussian_matched,0.050000000000000003,827,6,0.02,1.9366980495520612,1-<5%,True,False,2,0.083837920102573321,0.53935986152898141,0.043802910320998346,0.03984473139663737,1.2385751079866472,1.271885956479792,1.1974870592529252,0.94150505644957261,,0.99899617122202178,False,False,False,,-1,,,False,2,5.0829040158371404e-05,0.016275367360762915,0.083837920102573321,0.024188922859840357
10000,0,single,gaussian_matched,0.050000000000000003,827,6,0.050000000000000003,1.9366980495520612,1-<5%,True,False,3,0.083837920102573321,0.53935986152898141,0.043802910320998346,0.03984473139663737,1.2385751079866472,1.271885956479792,1.1974870592529252,0.94150505644957261,,0.99899617122202178,False,False,False,,-1,,,False,2,5.0829040158371404e-05,0.016275367360762915,0.083837920102573321,0.024188922859840357
10000,0,single,gaussian_matched,0.050000000000000003,827,7,0.02,1.9366980495520612,1-<5%,True,False,2,0.073816083122790643,0.49770373984613581,0.016021938202472587,0.034055564805341526,1.2385751079866472,1.2622371065863329,1.2085121949494493,0.95743675149736296,,1.0032235847001914,False,False,False,,-1,,,False,2,0.0046059698729821472,0.010229367931486929,0.073816083122790643,0.024264987841144756
10000,0,single,gaussian_matched,0.050000000000000003,827,7,0.050000000000000003,1.9366980495520612,1-<5%,True,False,3,0.073816083122790643,0.49770373984613581,0.016021938202472587,0.034055564805341526,1.2385751079866472,1.2622371065863329,1.2085121949494493,0.95743675149736296,,1.0032235847001914,False,False,False,,-1,,,False,2,0.0046059698729821472,0.010229367931486929,0.073816083122790643,0.024264987841144756
10000,0,single,gaussian_matched,0.050000000000000003,827,8,0.02,1.9366980495520612,1-<5%,True,False,1,0.065497541266142462,0.46096437606956275,-0.015031158941229195,0.075847422954757923,1.2385751079866472,1.2675629818103684,1.225627661445126,0.96691657853138846,,1.0507841438178773,False,False,False,,-1,,,False,2,0.0084555359695705056,0.030810051076212659,0.065497541266142462,0.024321104625853893
10000,0,single,gaussian_matched,0.050000000000000003,827,8,0.050000000000000003,1.9366980495520612,1-<5%,True,False,3,0.065497541266142462,0.46096437606956275,-0.015031158941229195,0.075847422954757923,1.2385751079866472,1.2675629818103684,1.225627661445126,0.96691657853138846,,1.0507841438178773,False,False,False,,-1,,,False,2,0.0084555359695705056,0.030810051076212659,0.065497541266142462,0.024321104625853893
10000,0,single,gaussian_matched,0.050000000000000003,827,9,0.02,1.9366980495520612,1-<5%,True,False,1,0.054491797903469662,0.44771784288755806,0.01100977495830386,0.06522010120455328,1.2385751079866472,1.2383582279621699,1.2075905974586716,0.97515449907081475,,1.0276411098978318,False,False,False,,-1,,,False,2,0.0044702149151491857,0.038463318158851567,0.054491797903469662,0.022799299679208938
10000,0,single,gaussian_matched,0.050000000000000003,827,9,0.050000000000000003,1.9366980495520612,1-<5%,True,False,3,0.054491797903469662,0.44771784288755806,0.01100977495830386,0.06522010120455328,1.2385751079866472,1.2383582279621699,1.2075905974586716,0.97515449907081475,,1.0276411098978318,False,False,False,,-1,,,False,2,0.0044702149151491857,0.038463318158851567,0.054491797903469662,0.022799299679208938
10000,0,single,gaussian_matched,0.050000000000000003,827,10,0.02,1.9366980495520612,1-<5%,True,False,1,0.041855186443242487,0.44035999613211779,0.062639014626461736,0.06096453683978021,1.2385751079866472,1.1904679148964699,1.1598906304909637,0.97431490254975472,,0.98569328533922529,False,False,False,,-1,,,False,2,0.030066786556498255,0.026300397403526764,0.041855186443242487,0.018128141604970109
10000,0,single,gaussian_matched,0.050000000000000003,827,10,0.050000000000000003,1.9366980495520612,1-<5%,True,True,4,0.041855186443242487,0.44035999613211779,0.062639014626461736,0.06096453683978021,1.2385751079866472,1.1904679148964699,1.1598906304909637,0.97431490254975472,0.92884589779325721,0.98569328533922529,True,True,False,2>3>1>4,8,1.9366980495520547,2.0149606434962886,True,2,0.030066786556498255,0.026300397403526764,0.041855186443242487,0.018128141604970109
10000,0,single,gaussian_matched,0.050000000000000003,827,11,0.02,1.9366980495520612,1-<5%,True,False,2,0.076078760874662699,0.49442938854024387,-0.0014719258037424049,0.051772491324848659,1.2385751079866472,1.2740599753522193,1.2183611999921566,0.95628245417201463,,1.025479749372372,False,False,False,,-1,,,False,2,0.0066814329117503672,0.012301584241888151,0.076078760874662699,0.024778572917257831
10000,0,single,gaussian_matched,0.050000000000000003,827,11,0.050000000000000003,1.9366980495520612,1-<5%,True,False,3,0.076078760874662699,0.49442938854024387,-0.0014719258037424049,0.051772491324848659,1.2385751079866472,1.2740599753522193,1.2183611999921566,0.95628245417201463,,1.025479749372372,False,False,False,,-1,,,False,2,0.0066814329117503672,0.012301584241888151,0.076078760874662699,0.024778572917257831
10000,0,single,gaussian_matched,0.050000000000000003,827,12,0.02,1.9366980495520612,1-<5%,True,False,2,0.083596057528580126,0.54218552421318822,0.049581606665235145,0.042187598961354336,1.2385751079866472,1.2704385946097272,1.1950707060118475,0.94067569348282243,,0.99893684040236697,False,False,False,,-1,,,False,2,0.00075733159579547424,0.018753388376653812,0.083596057528580126,0.024011011209559091
10000,0,single,gaussian_matched,0.050000000000000003,827,12,0.050000000000000003,1.9366980495520612,1-<5%,True,False,3,0.083596057528580126,0.54218552421318822,0.049581606665235145,0.042187598961354336,1.2385751079866472,1.2704385946097272,1.1950707060118475,0.94067569348282243,,0.99893684040236697,False,False,False,,-1,,,False,2,0.00075733159579547424,0.018753388376653812,0.083596057528580126,0.024011011209559091
10000,0,single,gaussian_matched,0.050000000000000003,827,13,0.02,1.9366980495520612,1-<5%,True,False,2,0.093147295930098975,0.53963280875175856,0.0027238826534895927,0.061691091746819429,1.2385751079866472,1.3000702232787362,1.2176527121263534,0.93660533894505449,,1.0329158043171049,False,False,False,,-1,,,False,2,0.0052288151961387029,0.013825426177429845,0.093147295930098975,0.025740890148593633
10000,0,single,gaussian_matched,0.050000000000000003,827,13,0.050000000000000003,1.9366980495520612,1-<5%,True,False,3,0.093147295930098975,0.53963280875175856,0.0027238826534895927,0.061691091746819429,1.2385751079866472,1.3000702232787362,1.2176527121263534,0.93660533894505449,,1.0329158043171049,False,False,False,,-1,,,False,2,0.0052288151961387029,0.013825426177429845,0.093147295930098975,0.025740890148593633
10000,0,single,gaussian_matched,0.050000000000000003,827,14,0.02,1.9366980495520612,1-<5%,True,False,2,0.052870365075511593,0.47599735372274188,0.080448272970955748,0.038771437363412355,1.2385751079866472,1.2001390346516019,1.1625526516884745,0.96868164281146096,,0.96992429551138537,False,False,False,,-1,,,False,2,0.014431090590633517,0.0032821855711244871,0.052870365075511593,0.020016071742447645
10000,0,single,gaussian_matched,0.050000000000000003,827,14,0.050000000000000003,1.9366980495520612,1-<5%,True,False,3,0.052870365075511593,0.47599735372274188,0.080448272970955748,0.038771437363412355,1.2385751079866472,1.2001390346516019,1.1625526516884745,0.96868164281146096,,0.96992429551138537,False,False,False,,-1,,,False,2,0.014431090590633517,0.0032821855711244871,0.052870365075511593,0.020016071742447645
10000,0,single,gaussian_matched,0.050000000000000003,827,15,0.02,1.9366980495520612,1-<5%,True,False,1,0.040997266583825541,0.4382787348691593,0.062907763664742461,0.063056521725959297,1.2385751079866472,1.1890737793218886,1.1581551050521388,0.97399768222340055,,0.98598108334602808,False,False,False,,-1,,,False,2,0.032701186654343649,0.027061078635156655,0.040997266583825541,0.017805969346145673
10000,0,single,gaussian_matched,0.050000000000000003,827,15,0.050000000000000003,1.9366980495520612,1-<5%,True,True,4,0.040997266583825541,0.4382787348691593,0.062907763664742461,0.063056521725959297,1.2385751079866472,1.1890737793218886,1.1581551050521388,0.97399768222340055,0.92801379817218288,0.98598108334602808,True,True,False,2>3>1>4,8,1.9366980495520547,2.0173230943074438,True,2,0.032701186654343649,0.027061078635156655,0.040997266583825541,0.017805969346145673
10000,0,single,gaussian_matched,0.050000000000000003,827,16,0.02,1.9366980495520612,1-<5%,True,False,2,0.091559542714427122,0.52798999242439026,-0.012744393537912652,0.068704429233913872,1.2385751079866472,1.3037241316002319,1.2256618248162221,0.94012360062078959,,1.0450446207934694,False,False,False,,-1,,,False,2,0.0077527340605258056,0.0071819331647293089,0.091559542714427122,0.02598022920656309
10000,0,single,gaussian_matched,0.050000000000000003,827,16,0.050000000000000003,1.9366980495520612,1-<5%,True,False,3,0.091559542714427122,0.52798999242439026,-0.012744393537912652,0.068704429233913872,1.2385751079866472,1.3037241316002319,1.2256618248162221,0.94012360062078959,,1.0450446207934694,False,False,False,,-1,,,False,2,0.0077527340605258056,0.0071819331647293089,0.091559542714427122,0.02598022920656309
10000,0,single,gaussian_matched,0.050000000000000003,827,17,0.02,1.9366980495520612,1-<5%,True,False,2,0.082918889854952674,0.50344748998722211,-0.017999455586299659,0.068086791283222745,1.2385751079866472,1.2927296851078141,1.2281442270526275,0.95003947167052161,,1.0465501930221455,False,False,False,,-1,,,False,2,0.0087310213260193073,0.0066218910296161398,0.082918889854952674,0.025532917704533389
10000,0,single,gaussian_matched,0.050000000000000003,827,17,0.050000000000000003,1.9366980495520612,1-<5%,True,False,3,0.082918889854952674,0.50344748998722211,-0.017999455586299659,0.068086791283222745,1.2385751079866472,1.2927296851078141,1.2281442270526275,0.95003947167052161,,1.0465501930221455,False,False,False,,-1,,,False,2,0.0087310213260193073,0.0066218910296161398,0.082918889854952674,0.025532917704533389
10000,0,single,gaussian_matched,0.050000000000000003,827,18,0.02,1.9366980495520612,1-<5%,True,False,1,0.078948358128414192,0.57990548955178189,0.14105306851167176,0.12114267846593585,1.2385751079866472,1.2619112025477972,1.1579561102732419,0.9176209133696015,,1.0327179841506773,False,False,False,,-1,,,False,2,0.013102258938547688,0.070548656176835534,0.078948358128414192,0.020147934084077782
10000,0,single,gaussian_matched,0.050000000000000003,827,18,0.050000000000000003,1.9366980495520612,1-<5%,True,False,2,0.078948358128414192,0.57990548955178189,0.14105306851167176,0.12114267846593585,1.2385751079866472,1.2619112025477972,1.1579561102732419,0.9176209133696015,,1.0327179841506773,False,False,False,,-1,,,False,2,0.013102258938547688,0.070548656176835534,0.078948358128414192,0.020147934084077782
10000,0,single,gaussian_matched,0.050000000000000003,827,19,0.02,1.9366980495520612,1-<5%,True,False,2,0.063490060338619883,0.48260108968074528,0.036559920131630633,0.021985400318520837,1.2385751079866472,1.2367812571041206,1.1952606447499599,0.96642849160620392,,0.9827793544528457,False,False,False,,-1,,,False,2,0.0022116676468315294,0.017060375981566067,0.063490060338619883,0.022990478996215254
10000,0,single,gaussian_matched,0.050000000000000003,827,19,0.050000000000000003,1.9366980495520612,1-<5%,True,False,3,0.063490060338619883,0.48260108968074528,0.036559920131630633,0.021985400318520837,1.2385751079866472,1.2367812571041206,1.1952606447499599,0.96642849160620392,,0.9827793544528457,False,False,False,,-1,,,False,2,0.0022116676468315294,0.017060375981566067,0.063490060338619883,0.022990478996215254
10000,0,single,gaussian_matched,0.050000000000000003,827,20,0.02,1.9366980495520612,1-<5%,True,False,2,0.10893394290600235,0.35673086074786331,0.088740694388279889,0.14841458036100844,1.2385751079866472,1.1340320754146074,1.129994729095902,0.99643983057778218,,1.0321613127967793,False,False,False,,-1,,,False,2,0.10893394290600235,0.052949044021303272,0.011193441411105363,0.016138687725130822
10000,0,single,gaussian_matched,0.050000000000000003,827,20,0.050000000000000003,1.9366980495520612,1-<5%,True,False,2,0.10893394290600235,0.35673086074786331,0.088740694388279889,0.14841458036100844,1.2385751079866472,1.1340320754146074,1.129994729095902,0.99643983057778218,,1.0321613127967793,False,False,False,,-1,,,False,2,0.10893394290600235,0.052949044021303272,0.011193441411105363,0.016138687725130822
10000,0,single,gaussian_matched,0.050000000000000003,827,21,0.02,1.9366980495520612,1-<5%,True,False,2,0.064914131607616055,0.50335553573646707,0.069434852754884452,0.019722401519154491,1.2385751079866472,1.2278394304230726,1.1786292457078704,0.95992131911071954,,0.96752440728038913,False,False,False,,-1,,,False,2,0.0023463592504612421,0.0029793700001522453,0.064914131607616055,0.022139718941570147
10000,0,single,gaussian_matched,0.050000000000000003,827,21,0.050000000000000003,1.9366980495520612,1-<5%,True,False,3,0.064914131607616055,0.50335553573646707,0.069434852754884452,0.019722401519154491,1.2385751079866472,1.2278394304230726,1.1786292457078704,0.95992131911071954,,0.96752440728038913,False,False,False,,-1,,,False,2,0.0023463592504612421,0.0029793700001522453,0.064914131607616055,0.022139718941570147
10000,0,single,gaussian_matched,0.050000000000000003,827,22,0.02,1.9366980495520612,1-<5%,True,False,2,0.068005291345523355,0.49240188937477686,0.033572904188608893,0.018099192298822404,1.2385751079866472,1.2453976283901864,1.1981489150451816,0.96206134308599978,,0.98197364011381072,False,False,False,,-1,,,False,2,0.0026739152160508736,0.011895672420631317,0.068005291345523355,0.023440317839737167
10000,0,single,gaussian_matched,0.050000000000000003,827,22,0.050000000000000003,1.9366980495520612,1-<5%,True,False,3,0.068005291345523355,0.49240188937477686,0.033572904188608893,0.018099192298822404,1.2385751079866472,1.2453976283901864,1.1981489150451816,0.96206134308599978,,0.98197364011381072,False,False,False,,-1,,,False,2,0.0026739152160508736,0.011895672420631317,0.068005291345523355,0.023440317839737167
10000,0,single,gaussian_matched,0.050000000000000003,827,23,0.02,1.9366980495520612,1-<5%,True,False,1,0.063217390406667295,0.46006253517365325,-0.0061114036096323182,0.068873004230966595,1.2385751079866472,1.2593171693319727,1.2199943464067022,0.96877448836330093,,1.0406049195779283,False,False,False,,-1,,,False,2,0.0073604251048096665,0.031734907373257196,0.063217390406667295,0.023970595963659098
10000,0,single,gaussian_matched,0.050000000000000003,827,23,0.050000000000000003,1.9366980495520612,1-<5%,True,False,3,0.063217390406667295,0.46006253517365325,-0.0061114036096323182,0.068873004230966595,1.2385751079866472,1.2593171693319727,1.2199943464067022,0.96877448836330093,,1.0406049195779283,False,False,False,,-1,,,False,2,0.0073604251048096665,0.031734907373257196,0.063217390406667295,0.023970595963659098
10000,0,single,gaussian_matched,0.050000000000000003,827,24,0.02,1.9366980495520612,1-<5%,True,False,1,0.092533318924316724,0.55207191088514329,0.026833934727467978,0.056992547613188151,1.2385751079866472,1.292552870398199,1.2068081053796602,0.93366246984378809,,1.0203665848308596,False,False,False,,-1,,,False,2,0.0013169628445195243,0.022105401902333777,0.092533318924316724,0.025093885919698886
10000,0,single,gaussian_matched,0.050000000000000003,827,24,0.050000000000000003,1.9366980495520612,1-<5%,True,False,3,0.092533318924316724,0.55207191088514329,0.026833934727467978,0.056992547613188151,1.2385751079866472,1.292552870398199,1.2068081053796602,0.93366246984378809,,1.0203665848308596,False,False,False,,-1,,,False,2,0.0013169628445195243,0.022105401902333777,0.092533318924316724,0.025093885919698886
10000,0,single,gaussian_matched,0.050000000000000003,827,25,0.02,1.9366980495520612,1-<5%,True,False,1,0.063772346275067379,0.45971619590155777,-0.0093705752681749882,0.071747125937668771,1.2385751079866472,1.261997551879489,1.2220382623987109,0.96833647623066554,,1.0445756417949323,False,False,False,,-1,,,False,2,0.0077604526360617902,0.031807727145336813,0.063772346275067379,0.024080396994994452
10000,0,single,gaussian_matched,0.050000000000000003,827,25,0.050000000000000003,1.9366980495520612,1-<5%,True,False,3,0.063772346275067379,0.45971619590155777,-0.0093705752681749882,0.071747125937668771,1.2385751079866472,1.261997551879489,1.2220382623987109,0.96833647623066554,,1.0445756417949323,False,False,False,,-1,,,False,2,0.0077604526360617902,0.031807727145336813,0.063772346275067379,0.024080396994994452
10000,0,single,gaussian_matched,0.050000000000000003,827,26,0.02,1.9366980495520612,1-<5%,True,False,1,0.074950118259216519,0.54252292476862263,0.092462083142859169,0.060093490793171805,1.2385751079866472,1.2465201599117921,1.1735500682153119,0.94146096144835412,,0.99601836905459873,False,False,False,,-1,,,False,2,0.0058337847460249491,0.030467269945055706,0.074950118259216519,0.022136006084886344
10000,0,single,gaussian_matched,0.050000000000000003,827,26,0.050000000000000003,1.9366980495520612,1-<5%,True,False,3,0.074950118259216519,0.54252292476862263,0.092462083142859169,0.060093490793171805,1.2385751079866472,1.2465201599117921,1.1735500682153119,0.94146096144835412,,0.99601836905459873,False,False,False,,-1,,,False,2,0.0058337847460249491,0.030467269945055706,0.074950118259216519,0.022136006084886344
10000,0,single,gaussian_matched,0.050000000000000003,827,27,0.02,1.9366980495520612,1-<5%,True,False,2,0.071507755169615536,0.52543520652898679,0.077641131956491166,0.037563039107723552,1.2385751079866472,1.2401811360596589,1.1781988939178505,0.9500216215683297,,0.98158111299511186,False,False,False,,-1,,,False,2,0.003263718307613558,0.016338331557694177,0.071507755169615536,0.022423389442915217
10000,0,single,gaussian_matched,0.050000000000000003,827,27,0.050000000000000003,1.9366980495520612,1-<5%,True,False,3,0.071507755169615536,0.52543520652898679,0.077641131956491166,0.037563039107723552,1.2385751079866472,1.2401811360596589,1.1781988939178505,0.9500216215683297,,0.98158111299511186,False,False,False,,-1,,,False,2,0.003263718307613558,0.016338331557694177,0.071507755169615536,0.022423389442915217
10000,0,single,gaussian_matched,0.050000000000000003,827,28,0.02,1.9366980495520612,1-<5%,True,False,1,0.076265872585888697,0.56172900134972814,0.12296689633638144,0.095575297899608849,1.2385751079866472,1.250532485773312,1.1619351124963153,0.9291522817000557,,1.0152879726769717,False,False,False,,-1,,,False,2,0.0043737296311670473,0.053210723026326325,0.076265872585888697,0.020932503483822178
10000,0,single,gaussian_matched,0.050000000000000003,827,28,0.050000000000000003,1.9366980495520612,1-<5%,True,False,2,0.076265872585888697,0.56172900134972814,0.12296689633638144,0.095575297899608849,1.2385751079866472,1.250532485773312,1.1619351124963153,0.9291522817000557,,1.0152879726769717,False,False,False,,-1,,,False,2,0.0043737296311670473,0.053210723026326325,0.076265872585888697,0.020932503483822178
10000,0,single,gaussian_matched,0.050000000000000003,827,29,0.02,1.9366980495520612,1-<5%,True,False,2,0.061535215372016498,0.50178108419459744,0.085304415527053284,0.035349314231185383,1.2385751079866472,1.2166069566486002,1.167982622049565,0.96003283202244616,,0.97154538995767004,False,False,False,,-1,,,False,2,0.0067875921431257025,0.0094750633631938575,0.061535215372016498,0.021191645827115944
10000,0,single,gaussian_matched,0.050000000000000003,827,29,0.050000000000000003,1.9366980495520612,1-<5%,True,False,3,0.061535215372016498,0.50178108419459744,0.085304415527053284,0.035349314231185383,1.2385751079866472,1.2166069566486002,1.167982622049565,0.96003283202244616,,0.97154538995767004,False,False,False,,-1,,,False,2,0.0067875921431257025,0.0094750633631938575,0.061535215372016498,0.021191645827115944
10000,0,single,gaussian_matched,0.050000000000000003,827,30,0.02,1.9366980495520612,1-<5%,True,False,2,0.073795878654376243,0.50256662027699928,0.025193131492665048,0.024939291585498385,1.2385751079866472,1.2583991742945717,1.2037195368839571,0.95654825708125024,,0.9919938004136778,False,False,False,,-1,,,False,2,0.0034910025878950976,0.0069163894798039208,0.073795878654376243,0.024057547854552358
10000,0,single,gaussian_matched,0.050000000000000003,827,30,0.050000000000000003,1.9366980495520612,1-<5%,True,False,3,0.073795878654376243,0.50256662027699928,0.025193131492665048,0.024939291585498385,1.2385751079866472,1.2583991742945717,1.2037195368839571,0.95654825708125024,,0.9919938004136778,False,False,False,,-1,,,False,2,0.0034910025878950976,0.0069163894798039208,0.073795878654376243,0.024057547854552358
10000,0,single,gaussian_matched,0.050000000000000003,827,31,0.02,1.9366980495520612,1-<5%,True,False,1,0.075377280478375955,0.37736429696683654,0.0081650797245777229,0.12957498297468226,1.2385751079866472,1.2169540241705052,1.1821303399257577,0.9713845522894885,,1.0590438274128315,False,False,False,,-1,,,False,2,0.042055530755842348,0.075377280478375955,0.024511748507988373,0.01702366243867787
10000,0,single,gaussian_matched,0.050000000000000003,827,31,0.050000000000000003,1.9366980495520612,1-<5%,True,False,3,0.075377280478375955,0.37736429696683654,0.0081650797245777229,0.12957498297468226,1.2385751079866472,1.2169540241705052,1.1821303399257577,0.9713845522894885,,1.0590438274128315,False,False,False,,-1,,,False,2,0.042055530755842348,0.075377280478375955,0.024511748507988373,0.01702366243867787
10000,0,single,gaussian_matched,0.050000000000000003,828,0,0.02,5.1527281718873414,5-<10%,True,False,3,0.040406196628056626,0.46194063901960458,-0.067728904823833161,0.12372796769225304,1.3708378210739247,1.4918860419250177,1.4396372333148659,0.96497801632171998,,1.1404450453390371,False,False,False,,-1,,,False,1,0.040406196628056626,0.0011213213860508057,0.0066001069378673139,0.012771896487888148
10000,0,single,gaussian_matched,0.050000000000000003,828,0,0.050000000000000003,5.1527281718873414,5-<10%,True,True,4,0.040406196628056626,0.46194063901960458,-0.067728904823833161,0.12372796769225304,1.3708378210739247,1.4918860419250177,1.4396372333148659,0.96497801632171998,0.92802816835236523,1.1404450453390371,True,True,False,3>1>4>2,13,0,0,True,1,0.040406196628056626,0.0011213213860508057,0.0066001069378673139,0.012771896487888148
10000,0,single,gaussian_matched,0.050000000000000003,828,1,0.02,5.1527281718873414,5-<10%,True,True,4,0.019925264719322634,0.47685372259263586,-0.0015838933827650448,0.056538908853488917,1.3708378210739247,1.4269847762968206,1.4032678803893512,0.98337971343393216,0.96809652325745643,1.0649011624870521,True,True,False,3>1>4>2,13,0,0,True,1,0.019925264719322634,0.0042682795914959553,0.00017787154152008243,0.0043740498758551415
10000,0,single,gaussian_matched,0.050000000000000003,828,1,0.050000000000000003,5.1527281718873414,5-<10%,True,True,4,0.019925264719322634,0.47685372259263586,-0.0015838933827650448,0.056538908853488917,1.3708378210739247,1.4269847762968206,1.4032678803893512,0.98337971343393216,0.94687695115702797,1.0649011624870521,True,True,False,3>1>4>2,13,0,0,True,1,0.019925264719322634,0.0042682795914959553,0.00017787154152008243,0.0043740498758551415
10000,0,single,gaussian_matched,0.050000000000000003,828,2,0.02,5.1527281718873414,5-<10%,True,True,4,0.019437114458287982,0.49670879688172337,0.12026785911239241,0.070344893504822231,1.3708378210739247,1.3143333870579654,1.3387559961399371,1.0185817459424353,1.0120077943574337,1.027912177489281,True,True,False,3>1>4>2,13,0,0,True,1,0.015206196824821923,0.015592418587597016,0.019437114458287982,0.012322530792982475
10000,0,single,gaussian_matched,0.050000000000000003,828,2,0.050000000000000003,5.1527281718873414,5-<10%,True,True,4,0.019437114458287982,0.49670879688172337,0.12026785911239241,0.070344893504822231,1.3708378210739247,1.3143333870579654,1.3387559961399371,1.0185817459424353,0.98589475890709832,1.027912177489281,True,True,False,3>1>4>2,13,0,0,True,1,0.015206196824821923,0.015592418587597016,0.019437114458287982,0.012322530792982475
10000,0,single,gaussian_matched,0.050000000000000003,828,3,0.02,5.1527281718873414,5-<10%,True,False,2,0.032074020327291224,0.45095970544918024,0.098607338519087068,0.069047982211939307,1.3708378210739247,1.359610534761464,1.357935078283524,0.99876769381002628,,1.0409568794779487,False,False,False,,-1,,,False,1,0.026150769647111598,0.017855817719384205,0.032074020327291224,0.0089333566070421491
10000,0,single,gaussian_matched,0.050000000000000003,828,3,0.050000000000000003,5.1527281718873414,5-<10%,True,True,4,0.032074020327291224,0.45095970544918024,0.098607338519087068,0.069047982211939307,1.3708378210739247,1.359610534761464,1.357935078283524,0.99876769381002628,0.96527238554545181,1.0409568794779487,True,True,False,3>1>4>2,13,0,0,True,1,0.026150769647111598,0.017855817719384205,0.032074020327291224,0.0089333566070421491
10000,0,single,gaussian_matched,0.050000000000000003,828,4,0.02,5.1527281718873414,5-<10%,True,True,4,0.01703656064832515,0.53957459620874559,0.038405095303792353,0.041238216256276161,1.3708378210739247,1.3618688105667531,1.3749894485223053,1.0096342891868504,0.99724683529854508,1.0331110237891583,True,True,False,3>1>4>2,13,0,0,True,1,0.00098879263397017047,0.0036643500004861947,0.01703656064832515,0.00054338929478679114
10000,0,single,gaussian_matched,0.050000000000000003,828,4,0.050000000000000003,5.1527281718873414,5-<10%,True,True,4,0.01703656064832515,0.53957459620874559,0.038405095303792353,0.041238216256276161,1.3708378210739247,1.3618688105667531,1.3749894485223053,1.0096342891868504,0.97516878909938465,1.0331110237891583,True,True,False,3>1>4>2,13,0,0,True,1,0.00098879263397017047,0.0036643500004861947,0.01703656064832515,0.00054338929478679114
10000,0,single,gaussian_matched,0.050000000000000003,828,5,0.02,5.1527281718873414,5-<10%,True,True,4,0.010350208863531565,0.51496167057455755,0.021867369679748946,0.031863717220649103,1.3708378210739247,1.3878567993991417,1.3862840091473965,0.99886674889482385,0.98520685083045534,1.0345116720350318,True,True,False,3>1>4>2,13,0,0,True,1,0.0065859801826868517,0.003009220326771768,0.010350208863531565,0.0014991786988398561
10000,0,single,gaussian_matched,0.050000000000000003,828,5,0.050000000000000003,5.1527281718873414,5-<10%,True,True,4,0.010350208863531565,0.51496167057455755,0.021867369679748946,0.031863717220649103,1.3708378210739247,1.3878567993991417,1.3862840091473965,0.99886674889482385,0.96349756302446032,1.0345116720350318,True,True,False,3>1>4>2,13,0,0,True,1,0.0065859801826868517,0.003009220326771768,0.010350208863531565,0.0014991786988398561
10000,0,single,gaussian_matched,0.050000000000000003,828,6,0.02,5.1527281718873414,5-<10%,True,True,4,0.019108194719317892,0.51526630782358507,0.14739380257662807,0.098583025592135581,1.3708378210739247,1.2814942709189041,1.3226442261072819,1.0321109162344291,1.028258586394406,1.0367581269285504,True,True,False,3>1>4>2,13,0,0,True,1,0.013717069174878223,0.017370323895927121,0.019108194719317892,0.016670871386715747
10000,0,single,gaussian_matched,0.050000000000000003,828,6,0.050000000000000003,5.1527281718873414,5-<10%,True,True,4,0.019108194719317892,0.51526630782358507,0.14739380257662807,0.098583025592135581,1.3708378210739247,1.2814942709189041,1.3226442261072819,1.0321109162344291,1.0009206256173029,1.0367581269285504,True,True,False,3>1>4>2,13,0,0,True,1,0.013717069174878223,0.017370323895927121,0.019108194719317892,0.016670871386715747
10000,0,single,gaussian_matched,0.050000000000000003,828,7,0.02,5.1527281718873414,5-<10%,True,True,4,0.012444582166470325,0.4758737715817129,0.056351283016084511,0.02494822024998512,1.3708378210739247,1.3785313173372997,1.3737395227711833,0.99652398570431322,0.98418539797094484,1.0203159859752233,True,True,False,3>1>4>2,13,0,0,True,1,0.012444582166470325,0.010312019553303025,0.012309076308586971,0.0031416331258904634
10000,0,single,gaussian_matched,0.050000000000000003,828,7,0.050000000000000003,5.1527281718873414,5-<10%,True,True,4,0.012444582166470325,0.4758737715817129,0.056351283016084511,0.02494822024998512,1.3708378210739247,1.3785313173372997,1.3737395227711833,0.99652398570431322,0.96113320549415493,1.0203159859752233,True,True,False,3>1>4>2,13,0,0,True,1,0.012444582166470325,0.010312019553303025,0.012309076308586971,0.0031416331258904634
10000,0,single,gaussian_matched,0.050000000000000003,828,8,0.02,5.1527281718873414,5-<10%,True,True,4,0.010381883707901931,0.50903200036964491,0.085634096333661869,0.036760928336944373,1.3708378210739247,1.335828719599006,1.35390938228654,1.0135351654162381,1.003069308955401,1.0144674222177665,True,True,False,3>1>4>2,13,0,0,True,1,0.005063291742637155,0.010381883707901931,0.00575566768446712,0.0073288186832337439
10000,0,single,gaussian_matched,0.050000000000000003,828,8,0.050000000000000003,5.1527281718873414,5-<10%,True,True,4,0.010381883707901931,0.50903200036964491,0.085634096333661869,0.036760928336944373,1.3708378210739247,1.335828719599006,1.35390938228654,1.0135351654162381,0.9794239682311966,1.0144674222177665,True,True,False,3>1>4>2,13,0,0,True,1,0.005063291742637155,0.010381883707901931,0.00575566768446712,0.0073288186832337439
10000,0,single,gaussian_matched,0.050000000000000003,828,9,0.02,5.1527281718873414,5-<10%,True,False,3,0.038408653386307189,0.57594632805316215,0.0051336486253248728,0.08820903712451654,1.3708378210739247,1.3777566168583035,1.3904260899436029,1.0091957265385447,,1.078636075206727,False,False,False,,-1,,,False,1,0.0058433873363682,0.0058803805125620936,0.038408653386307189,0.0078179888753032341
10000,0,single,gaussian_matched,0.050000000000000003,828,9,0.050000000000000003,5.1527281718873414,5-<10%,True,True,4,0.038408653386307189,0.57594632805316215,0.0051336486253248728,0.08820903712451654,1.3708378210739247,1.3777566168583035,1.3904260899436029,1.0091957265385447,0.97595266455280072,1.078636075206727,True,True,False,3>1>4>2,13,0,0,True,1,0.0058433873363682,0.0058803805125620936,0.038408653386307189,0.0078179888753032341
10000,0,single,gaussian_matched,0.050000000000000003,828,10,0.02,5.1527281718873414,5-<10%,True,False,3,0.021103657780431748,0.55480466973918774,0.04924823886423,0.054809825488015329,1.3708378210739247,1.3454606592392129,1.3677509815607918,1.0165670561740414,,1.0377309300777551,False,False,False,,-1,,,False,1,0.0055074034313372586,0.0047288190243450681,0.021103657780431748,0.0017090232707313573
10000,0,single,gaussian_matched,0.050000000000000003,828,10,0.050000000000000003,5.1527281718873414,5-<10%,True,True,4,0.021103657780431748,0.55480466973918774,0.04924823886423,0.054809825488015329,1.3708378210739247,1.3454606592392129,1.3677509815607918,1.0165670561740414,0.98272490901611154,1.0377309300777551,True,True,False,3>1>4>2,13,0,0,True,1,0.0055074034313372586,0.0047288190243450681,0.021103657780431748,0.0017090232707313573
10000,0,single,gaussian_matched,0.050000000000000003,828,11,0.02,5.1527281718873414,5-<10%,True,False,3,0.031803706515208988,0.43026320100081195,0.0034820827545277017,0.083828024905217499,1.3708378210739247,1.4462577470792688,1.4081496825528066,0.97365057189603876,,1.0883692326851599,False,False,False,,-1,,,False,1,0.031803706515208988,0.0093577354286445511,0.017878610435150811,0.0037400476991491091
10000,0,single,gaussian_matched,0.050000000000000003,828,11,0.050000000000000003,5.1527281718873414,5-<10%,True,True,4,0.031803706515208988,0.43026320100081195,0.0034820827545277017,0.083828024905217499,1.3708378210739247,1.4462577470792688,1.4081496825528066,0.97365057189603876,0.93655209883899915,1.0883692326851599,True,True,False,3>1>4>2,13,0,0.11641380695328607,True,1,0.031803706515208988,0.0093577354286445511,0.017878610435150811,0.0037400476991491091
10000,0,single,gaussian_matched,0.050000000000000003,828,12,0.02,5.1527281718873414,5-<10%,True,True,4,0.012151085418471224,0.4794832780667258,0.034339460290210747,0.025810625387409362,1.3708378210739247,1.394965607996852,1.3843309602875,0.9923764086738861,0.97863937539994661,1.0286713453603096,True,True,False,3>1>4>2,13,0,0,True,1,0.012151085418471224,0.0076514622717267335,0.0061227946423683547,0.00026223678547050705
10000,0,single,gaussian_matched,0.050000000000000003,828,12,0.050000000000000003,5.1527281718873414,5-<10%,True,True,4,0.012151085418471224,0.4794832780667258,0.034339460290210747,0.025810625387409362,1.3708378210739247,1.394965607996852,1.3843309602875,0.9923764086738861,0.95646682364140811,1.0286713453603096,True,True,False,3>1>4>2,13,0,0,True,1,0.012151085418471224,0.0076514622717267335,0.0061227946423683547,0.00026223678547050705
10000,0,single,gaussian_matched,0.050000000000000003,828,13,0.02,5.1527281718873414,5-<10%,True,True,4,0.0097933730165449453,0.54606239190883443,0.10057858591901143,0.068410067255703505,1.3708378210739247,1.3038965139553911,1.3415439316869975,1.02887301049483,1.019553850297263,1.0285345044230925,True,True,False,3>1>4>2,13,0,0,True,1,0.0046550982078490486,0.0097933730165449453,0.0060976603061034858,0.0096105712766926896
10000,0,single,gaussian_matched,0.050000000000000003,828,13,0.050000000000000003,5.1527281718873414,5-<10%,True,True,4,0.0097933730165449453,0.54606239190883443,0.10057858591901143,0.068410067255703505,1.3708378210739247,1.3038965139553911,1.3415439316869975,1.02887301049483,0.9958819641941753,1.0285345044230925,True,True,False,3>1>4>2,13,0,0,True,1,0.0046550982078490486,0.0097933730165449453,0.0060976603061034858,0.0096105712766926896
10000,0,single,gaussian_matched,0.050000000000000003,828,14,0.02,5.1527281718873414,5-<10%,True,True,4,0.0095148621754006305,0.50406431906516225,0.074253299934582864,0.024591487290936232,1.3708378210739247,1.3480941093327841,1.3603745456534493,1.009109479995238,0.99783712936902014,1.0103062606336559,True,True,False,3>1>4>2,13,0,0,True,1,0.0048477999672693079,0.0095148621754006305,0.0051230600123056413,0.0057043145518681643
10000,0,single,gaussian_matched,0.050000000000000003,828,14,0.050000000000000003,5.1527281718873414,5-<10%,True,True,4,0.0095148621754006305,0.50406431906516225,0.074253299934582864,0.024591487290936232,1.3708378210739247,1.3480941093327841,1.3603745456534493,1.009109479995238,0.97456755253516669,1.0103062606336559,True,True,False,3>1>4>2,13,0,0,True,1,0.0048477999672693079,0.0095148621754006305,0.0051230600123056413,0.0057043145518681643
10000,0,single,gaussian_matched,0.050000000000000003,828,15,0.02,5.1527281718873414,5-<10%,True,True,4,0.01706574477091969,0.53832242552746257,0.14897730482964422,0.10613724685353501,1.3708378210739247,1.2668203334008439,1.3183025121160992,1.0406388951597016,1.0357526605488292,1.0391015896057765,True,True,False,3>1>4>2,13,0,0,True,1,0.0058396755203422301,0.015878766314174116,0.0095867360860494438,0.01706574477091969
10000,0,single,gaussian_matched,0.050000000000000003,828,15,0.050000000000000003,5.1527281718873414,5-<10%,True,True,4,0.01706574477091969,0.53832242552746257,0.14897730482964422,0.10613724685353501,1.3708378210739247,1.2668203334008439,1.3183025121160992,1.0406388951597016,1.0095609507758203,1.0391015896057765,True,True,False,3>1>4>2,13,0,0,True,1,0.0058396755203422301,0.015878766314174116,0.0095867360860494438,0.01706574477091969
10000,0,single,gaussian_matched,0.050000000000000003,828,16,0.02,5.1527281718873414,5-<10%,True,False,3,0.039354274286090861,0.42718450368846173,-0.033099269853743285,0.11048794121224674,1.3708378210739247,1.478019209665808,1.4268746830909698,0.96539657519985655,,1.121476662424469,False,False,False,,-1,,,False,1,0.039354274286090861,0.0056282743194908946,0.011665989337710002,0.008154313919840674
10000,0,single,gaussian_matched,0.050000000000000003,828,16,0.050000000000000003,5.1527281718873414,5-<10%,True,True,4,0.039354274286090861,0.42718450368846173,-0.033099269853743285,0.11048794121224674,1.3708378210739247,1.478019209665808,1.4268746830909698,0.96539657519985655,0.92772902901579657,1.121476662424469,True,True,False,3>1>4>2,13,0,0.13264598182818332,True,1,0.039354274286090861,0.0056282743194908946,0.011665989337710002,0.008154313919840674
10000,0,single,gaussian_matched,0.050000000000000003,828,17,0.02,5.1527281718873414,5-<10%,True,True,4,0.0058929078156570239,0.49963630917607754,0.03688421835375294,0.013120823114707275,1.3708378210739247,1.3822764187153969,1.380194962183265,0.99849418213032515,0.98506947645391063,1.0163972454498214,True,True,False,3>1>4>2,13,0,0,True,1,0.0055202203541710026,0.0058929078156570239,0.001208886139160259,0.00058168165049315307
10000,0,single,gaussian_matched,0.050000000000000003,828,17,0.050000000000000003,5.1527281718873414,5-<10%,True,True,4,0.0058929078156570239,0.49963630917607754,0.03688421835375294,0.013120823114707275,1.3708378210739247,1.3822764187153969,1.380194962183265,0.99849418213032515,0.96297869870898722,1.0163972454498214,True,True,False,3>1>4>2,13,0,0,True,1,0.0055202203541710026,0.0058929078156570239,0.001208886139160259,0.00058168165049315307
10000,0,single,gaussian_matched,0.050000000000000003,828,18,0.02,5.1527281718873414,5-<10%,True,True,4,0.0073206163203448586,0.49370670551238749,0.045180090099430366,0.0079269847330131291,1.3708378210739247,1.3782342641102456,1.37669996393605,0.99888676387305886,0.98580653173614141,1.0100589051331659,True,True,False,3>1>4>2,13,0,0,True,1,0.0062674716030852165,0.0073206163203448586,0.0028813053820769146,0.0017052651465819587
10000,0,single,gaussian_matched,0.050000000000000003,828,18,0.050000000000000003,5.1527281718873414,5-<10%,True,True,4,0.0073206163203448586,0.49370670551238749,0.045180090099430366,0.0079269847330131291,1.3708378210739247,1.3782342641102456,1.37669996393605,0.99888676387305886,0.96342851207717806,1.0100589051331659,True,True,False,3>1>4>2,13,0,0,True,1,0.0062674716030852165,0.0073206163203448586,0.0028813053820769146,0.0017052651465819587
10000,0,single,gaussian_matched,0.050000000000000003,828,19,0.02,5.1527281718873414,5-<10%,True,False,3,0.032667051422327113,0.42860751762358312,0.00098566409270090666,0.086598450703811919,1.3708378210739247,1.4477725087700901,1.4096860127433195,0.97369303823904918,,1.0915109288967026,False,False,False,,-1,,,False,1,0.032667051422327113,0.0092476541229546735,0.017947964745462501,0.0040484894822815773
10000,0,single,gaussian_matched,0.050000000000000003,828,19,0.050000000000000003,5.1527281718873414,5-<10%,True,True,4,0.032667051422327113,0.42860751762358312,0.00098566409270090666,0.086598450703811919,1.3708378210739247,1.4477725087700901,1.4096860127433195,0.97369303823904918,0.93649463353105655,1.0915109288967026,True,True,False,3>1>4>2,13,0,0.21851293826149476,True,1,0.032667051422327113,0.0092476541229546735,0.017947964745462501,0.0040484894822815773
10000,0,single,gaussian_matched,0.050000000000000003,828,20,0.02,5.1527281718873414,5-<10%,True,True,4,0.017380844046087293,0.47352754246080681,0.074620275407432601,0.036151749187310664,1.3708378210739247,1.3648768490140135,1.3650532288220045,1.0001292276355325,0.98937291450294074,1.0221522608061693,True,True,False,3>1>4>2,13,0,0,True,1,0.014920793136282248,0.012547142606861524,0.017380844046087293,0.0055910698136530396
10000,0,single,gaussian_matched,0.050000000000000003,828,20,0.050000000000000003,5.1527281718873414,5-<10%,True,True,4,0.017380844046087293,0.47352754246080681,0.074620275407432601,0.036151749187310664,1.3708378210739247,1.3648768490140135,1.3650532288220045,1.0001292276355325,0.96534983006168562,1.0221522608061693,True,True,False,3>1>4>2,13,0,0,True,1,0.014920793136282248,0.012547142606861524,0.017380844046087293,0.0055910698136530396
10000,0,single,gaussian_matched,0.050000000000000003,828,21,0.02,5.1527281718873414,5-<10%,True,True,4,0.015949116577090156,0.53854173706452968,0.0416605104554435,0.039433647838046988,1.3708378210739247,1.359420596162433,1.3733406902183383,1.0102397257296241,0.99792095072046283,1.0305918879226772,True,True,False,3>1>4>2,13,0,0,True,1,0.0018611137076920529,0.0039677517294240154,0.015949116577090156,0.0010385951006322686
10000,0,single,gaussian_matched,0.050000000000000003,828,21,0.050000000000000003,5.1527281718873414,5-<10%,True,True,4,0.015949116577090156,0.53854173706452968,0.0416605104554435,0.039433647838046988,1.3708378210739247,1.359420596162433,1.3733406902183383,1.0102397257296241,0.97578239716576831,1.0305918879226772,True,True,False,3>1>4>2,13,0,0,True,1,0.0018611137076920529,0.0039677517294240154,0.015949116577090156,0.0010385951006322686
10000,0,single,gaussian_matched,0.050000000000000003,828,22,0.02,5.1527281718873414,5-<10%,True,True,4,0.0062907610721956112,0.50336065832988086,0.044006142785780369,0.0068717063903116788,1.3708378210739247,1.3742502060652908,1.37601092358606,1.0012812204888151,0.98823998248943545,1.0087864579728409,True,True,False,3>1>4>2,13,0,0,True,1,0.0031378477017467627,0.0062907610721956112,0.0011982417629572463,0.0015374240423206311
10000,0,single,gaussian_matched,0.050000000000000003,828,22,0.050000000000000003,5.1527281718873414,5-<10%,True,True,4,0.0062907610721956112,0.50336065832988086,0.044006142785780369,0.0068717063903116788,1.3708378210739247,1.3742502060652908,1.37601092358606,1.0012812204888151,0.96597373435642042,1.0087864579728409,True,True,False,3>1>4>2,13,0,0,True,1,0.0031378477017467627,0.0062907610721956112,0.0011982417629572463,0.0015374240423206311
10000,0,single,gaussian_matched,0.050000000000000003,828,23,0.02,5.1527281718873414,5-<10%,True,True,4,0.017531424222082564,0.52328415622545033,0.0018802611458657859,0.053457096802213749,1.3708378210739247,1.4018289067350205,1.3961699116041717,0.99596313422867766,0.98209690128878002,1.0574752068561522,True,True,False,3>1>4>2,13,0,0,True,1,0.01147289269906044,0.00059809843472045433,0.017531424222082564,0.0044918044535956205
10000,0,single,gaussian_matched,0.050000000000000003,828,23,0.050000000000000003,5.1527281718873414,5-<10%,True,True,4,0.017531424222082564,0.52328415622545033,0.0018802611458657859,0.053457096802213749,1.3708378210739247,1.4018289067350205,1.3961699116041717,0.99596313422867766,0.96069553513136374,1.0574752068561522,True,True,False,3>1>4>2,13,0,0,True,1,0.01147289269906044,0.00059809843472045433,0.017531424222082564,0.0044918044535956205
10000,0,single,gaussian_matched,0.050000000000000003,828,24,0.02,5.1527281718873414,5-<10%,True,False,3,0.020931964117147123,0.57966296387639027,0.098711034687698318,0.093375332470182981,1.3708378210739247,1.2901197075869724,1.3388172339744071,1.0377465177076615,,1.0447571145378813,False,False,False,,-1,,,False,1,0.016138997090840976,0.0092120383386662345,0.020931964117147123,0.0074059925733007039
10000,0,single,gaussian_matched,0.050000000000000003,828,24,0.050000000000000003,5.1527281718873414,5-<10%,True,True,4,0.020931964117147123,0.57966296387639027,0.098711034687698318,0.093375332470182981,1.3708378210739247,1.2901197075869724,1.3388172339744071,1.0377465177076615,1.0055824248764389,1.0447571145378813,True,True,False,3>1>4>2,13,0,0,True,1,0.016138997090840976,0.0092120383386662345,0.020931964117147123,0.0074059925733007039
10000,0,single,gaussian_matched,0.050000000000000003,828,25,0.02,5.1527281718873414,5-<10%,True,True,4,0.012254819615045027,0.51540113662804232,0.10611435460104229,0.05818948188227098,1.3708378210739247,1.3151906454192956,1.3427303374939044,1.0209396958308115,1.0121110758997411,1.0219442430313779,True,True,False,3>1>4>2,13,0,0,True,1,0.006460481225014021,0.012254819615045027,0.0081166977212378758,0.010328891001741025
10000,0,single,gaussian_matched,0.050000000000000003,828,25,0.050000000000000003,5.1527281718873414,5-<10%,True,True,4,0.012254819615045027,0.51540113662804232,0.10611435460104229,0.05818948188227098,1.3708378210739247,1.3151906454192956,1.3427303374939044,1.0209396958308115,0.98766180790796798,1.0219442430313779,True,True,False,3>1>4>2,13,0,0,True,1,0.006460481225014021,0.012254819615045027,0.0081166977212378758,0.010328891001741025
10000,0,single,gaussian_matched,0.050000000000000003,828,26,0.02,5.1527281718873414,5-<10%,True,True,4,0.01219043920275407,0.5561729131305303,0.11740005154486403,0.08773917664202481,1.3708378210739247,1.2842776207526883,1.3317033350241669,1.0369279301493111,1.0288628660538064,1.0354561931725736,True,True,False,3>1>4>2,13,0,0,True,1,0.0054664374680676101,0.011296759316614464,0.0063623260910562274,0.01219043920275407
10000,0,single,gaussian_matched,0.050000000000000003,828,26,0.050000000000000003,5.1527281718873414,5-<10%,True,True,4,0.01219043920275407,0.5561729131305303,0.11740005154486403,0.08773917664202481,1.3708378210739247,1.2842776207526883,1.3317033350241669,1.0369279301493111,1.0047023230133985,1.0354561931725736,True,True,False,3>1>4>2,13,0,0,True,1,0.0054664374680676101,0.011296759316614464,0.0063623260910562274,0.01219043920275407
10000,0,single,gaussian_matched,0.050000000000000003,828,27,0.02,5.1527281718873414,5-<10%,True,False,2,0.039385083079509782,0.40268893708898718,0.013824629690878269,0.10381763040001049,1.3708378210739247,1.4251752595448983,1.408495454192326,0.98829631286337472,,1.1032035017881101,False,False,False,,-1,,,False,1,0.039385083079509782,0.01339830012037537,0.029919923954918871,0.0026428468704225035
10000,0,single,gaussian_matched,0.050000000000000003,828,27,0.050000000000000003,5.1527281718873414,5-<10%,True,True,4,0.039385083079509782,0.40268893708898718,0.013824629690878269,0.10381763040001049,1.3708378210739247,1.4251752595448983,1.408495454192326,0.98829631286337472,0.95065983325823866,1.1032035017881101,True,True,False,3>1>4>2,13,0,2.1611387859061137,True,1,0.039385083079509782,0.01339830012037537,0.029919923954918871,0.0026428468704225035
10000,0,single,gaussian_matched,0.050000000000000003,828,28,0.02,5.1527281718873414,5-<10%,True,True,4,0.0063262327660309542,0.50380749893789267,0.044721943204424471,0.0065080666637162598,1.3708378210739247,1.3734066288849414,1.3755815711022998,1.0015836112711385,0.98858274849019478,1.0082079853058596,True,True,False,3>1>4>2,13,0,0,True,1,0.0028980670964438892,0.0063262327660309542,0.0012261092707509203,0.0016340405016964756
10000,0,single,gaussian_matched,0.050000000000000003,828,28,0.050000000000000003,5.1527281718873414,5-<10%,True,True,4,0.0063262327660309542,0.50380749893789267,0.044721943204424471,0.0065080666637162598,1.3708378210739247,1.3734066288849414,1.3755815711022998,1.0015836112711385,0.96629908936697528,1.0082079853058596,True,True,False,3>1>4>2,13,0,0,True,1,0.0028980670964438892,0.0063262327660309542,0.0012261092707509203,0.0016340405016964756
10000,0,single,gaussian_matched,0.050000000000000003,828,29,0.02,5.1527281718873414,5-<10%,True,False,3,0.022718440876285197,0.44896956101529206,0.02955389034836705,0.054974076643983738,1.3708378210739247,1.415855638975362,1.3918008541141851,0.98301042549889828,,1.055394670702005,False,False,False,,-1,,,False,1,0.022718440876285197,0.010292721702579123,0.016636034700308579,0.0004475139719152639
10000,0,single,gaussian_matched,0.050000000000000003,828,29,0.050000000000000003,5.1527281718873414,5-<10%,True,True,4,0.022718440876285197,0.44896956101529206,0.02955389034836705,0.054974076643983738,1.3708378210739247,1.415855638975362,1.3918008541141851,0.98301042549889828,0.94667957504348343,1.055394670702005,True,True,False,3>1>4>2,13,0,0,True,1,0.022718440876285197,0.010292721702579123,0.016636034700308579,0.0004475139719152639
10000,0,single,gaussian_matched,0.050000000000000003,828,30,0.02,5.1527281718873414,5-<10%,True,True,4,0.0086560595587981733,0.5270386341471196,0.081881788918820225,0.041803542926479212,1.3708378210739247,1.3295974883381612,1.3534485284715001,1.0179385418087319,1.0072403905881917,1.0178097291661592,True,True,False,3>1>4>2,13,0,0,True,1,0.0013817070986245012,0.0086560595587981733,0.0024950260989153377,0.0068400316494998149
10000,0,single,gaussian_matched,0.050000000000000003,828,30,0.050000000000000003,5.1527281718873414,5-<10%,True,True,4,0.0086560595587981733,0.5270386341471196,0.081881788918820225,0.041803542926479212,1.3708378210739247,1.3295974883381612,1.3534485284715001,1.0179385418087319,0.98400376796272448,1.0178097291661592,True,True,False,3>1>4>2,13,0,0,True,1,0.0013817070986245012,0.0086560595587981733,0.0024950260989153377,0.0068400316494998149
10000,0,single,gaussian_matched,0.050000000000000003,828,31,0.02,5.1527281718873414,5-<10%,True,True,4,0.016063057144591008,0.52925135362949516,0.022070990885509335,0.040443432585218111,1.3708378210739247,1.3810954977317231,1.3847385949242499,1.0026378314884887,0.98943407984067355,1.0396430603242108,True,True,False,3>1>4>2,13,0,0,True,1,0.0048784570350454458,0.0022942968417150309,0.016063057144591008,0.0016541255404481749
10000,0,single,gaussian_matched,0.050000000000000003,828,31,0.050000000000000003,5.1527281718873414,5-<10%,True,True,4,0.016063057144591008,0.52925135362949516,0.022070990885509335,0.040443432585218111,1.3708378210739247,1.3810954977317231,1.3847385949242499,1.0026378314884887,0.9676849904343422,1.0396430603242108,True,True,False,3>1>4>2,13,0,0,True,1,0.0048784570350454458,0.0022942968417150309,0.016063057144591008,0.0016541255404481749
10000,0,single,gaussian_matched,0.050000000000000003,829,0,0.02,16.725066968841077,>=10%,True,False,2,0.049415849394090341,0.404782263770745,0.17184526550739568,0.15463727241254524,1.2270331744522864,1.0754989035318374,1.150194198669555,1.0694517631700275,,1.0634035804814657,False,False,False,,-1,,,False,1,0.0090845294291918479,0.0046182140060943445,0.049415849394090341,0.025234985850361082
10000,0,single,gaussian_matched,0.050000000000000003,829,0,0.050000000000000003,16.725066968841077,>=10%,True,True,4,0.049415849394090341,0.404782263770745,0.17184526550739568,0.15463727241254524,1.2270331744522864,1.0754989035318374,1.150194198669555,1.0694517631700275,1.0260805057410352,1.0634035804814657,True,True,False,1>3>4>2,3,0,0,True,1,0.0090845294291918479,0.0046182140060943445,0.049415849394090341,0.025234985850361082
10000,0,single,gaussian_matched,0.050000000000000003,829,1,0.02,16.725066968841077,>=10%,True,True,4,0.018217010972883113,0.43347543962713986,0.047391998899934402,0.066575662238841135,1.2270331744522864,1.182773150647616,1.2218397480752761,1.033029662033053,1.0238798462216407,1.0500249195701088,True,True,False,1>3>4>2,3,0,0,True,1,0.018217010972883113,0.0098344586696256838,0.0082607301186516553,0.005486681281092364
10000,0,single,gaussian_matched,0.050000000000000003,829,1,0.050000000000000003,16.725066968841077,>=10%,True,True,4,0.018217010972883113,0.43347543962713986,0.047391998899934402,0.066575662238841135,1.2270331744522864,1.182773150647616,1.2218397480752761,1.033029662033053,0.99822680934369246,1.0500249195701088,True,True,False,1>3>4>2,3,0,0,True,1,0.018217010972883113,0.0098344586696256838,0.0082607301186516553,0.005486681281092364
10000,0,single,gaussian_matched,0.050000000000000003,829,2,0.02,16.725066968841077,>=10%,True,True,4,0.0060581349860807663,0.49524820629009397,0.072379364649385436,0.022878275843508506,1.2270331744522864,1.2085651390952035,1.2178320247925929,1.007667675822858,0.99104332864989131,1.0111465007373741,True,True,False,1>3>4>2,3,0,0,True,1,0.0035534810762453011,0.0060581349860807663,0.0055795727627402196,0.0021854431852076531
10000,0,single,gaussian_matched,0.050000000000000003,829,2,0.050000000000000003,16.725066968841077,>=10%,True,True,4,0.0060581349860807663,0.49524820629009397,0.072379364649385436,0.022878275843508506,1.2270331744522864,1.2085651390952035,1.2178320247925929,1.007667675822858,0.96575776571072847,1.0111465007373741,True,True,False,1>3>4>2,3,0,0,True,1,0.0035534810762453011,0.0060581349860807663,0.0055795727627402196,0.0021854431852076531
10000,0,single,gaussian_matched,0.050000000000000003,829,3,0.02,16.725066968841077,>=10%,True,True,4,0.0096637433971898251,0.49183310196146407,0.018617120969043659,0.032428125444488483,1.2270331744522864,1.2432347966353867,1.2464046142861012,1.0025496532588156,0.99129597264244895,1.0422152932429272,True,True,False,1>3>4>2,3,0,0,True,1,0.0055885107552324518,0.0095434075620229996,0.0096637433971898251,0.0051428355946707615
10000,0,single,gaussian_matched,0.050000000000000003,829,3,0.050000000000000003,16.725066968841077,>=10%,True,True,4,0.0096637433971898251,0.49183310196146407,0.018617120969043659,0.032428125444488483,1.2270331744522864,1.2432347966353867,1.2464046142861012,1.0025496532588156,0.96620490773297896,1.0422152932429272,True,True,False,1>3>4>2,3,0,0,True,1,0.0055885107552324518,0.0095434075620229996,0.0096637433971898251,0.0051428355946707615
10000,0,single,gaussian_matched,0.050000000000000003,829,4,0.02,16.725066968841077,>=10%,True,False,2,0.031927561869880744,0.52487967282968151,-0.035032823092319185,0.088597850556103461,1.2270331744522864,1.3050331048198225,1.2813115928012884,0.98182305726121089,,1.1164404287348477,False,False,False,,-1,,,False,1,0.031927561869880744,0.013693878201331741,0.030714689925321483,0.016138531674945684
10000,0,single,gaussian_matched,0.050000000000000003,829,4,0.050000000000000003,16.725066968841077,>=10%,True,True,4,0.031927561869880744,0.52487967282968151,-0.035032823092319185,0.088597850556103461,1.2270331744522864,1.3050331048198225,1.2813115928012884,0.98182305726121089,0.94897071119880716,1.1164404287348477,True,True,False,1>3>4>2,3,0,0,True,1,0.031927561869880744,0.013693878201331741,0.030714689925321483,0.016138531674945684
10000,0,single,gaussian_matched,0.050000000000000003,829,5,0.02,16.725066968841077,>=10%,True,True,4,0.014987874179443398,0.52898805980107366,0.078674213861276043,0.040773988664255273,1.2270331744522864,1.2307550791459969,1.2209858481021687,0.99206240850892369,0.9721563514680357,1.0283013230914793,True,True,False,1>3>4>2,3,0,0,True,1,0.014987874179443398,0.0070293505618524328,0.0016630097406580857,0.00091468271249373501
10000,0,single,gaussian_matched,0.050000000000000003,829,5,0.050000000000000003,16.725066968841077,>=10%,True,True,4,0.014987874179443398,0.52898805980107366,0.078674213861276043,0.040773988664255273,1.2270331744522864,1.2307550791459969,1.2209858481021687,0.99206240850892369,0.9471585226239283,1.0283013230914793,True,True,False,1>3>4>2,3,0,0,True,1,0.014987874179443398,0.0070293505618524328,0.0016630097406580857,0.00091468271249373501
10000,0,single,gaussian_matched,0.050000000000000003,829,6,0.02,16.725066968841077,>=10%,True,True,4,0.010519877450771428,0.47534722626565246,0.01275771609019518,0.044662590202712647,1.2270331744522864,1.2363828092818907,1.2473088867831645,1.0088371315253242,0.99939439643688499,1.052923021060598,True,True,False,1>3>4>2,3,0,0,True,1,0.0032377287827805969,0.010519877450771428,0.0086918032288407481,0.0039451403168829198
10000,0,single,gaussian_matched,0.050000000000000003,829,6,0.050000000000000003,16.725066968841077,>=10%,True,True,4,0.010519877450771428,0.47534722626565246,0.01275771609019518,0.044662590202712647,1.2270331744522864,1.2363828092818907,1.2473088867831645,1.0088371315253242,0.97426144534484815,1.052923021060598,True,True,False,1>3>4>2,3,0,0,True,1,0.0032377287827805969,0.010519877450771428,0.0086918032288407481,0.0039451403168829198
10000,0,single,gaussian_matched,0.050000000000000003,829,7,0.02,16.725066968841077,>=10%,True,False,2,0.030124705848207301,0.5163325565776854,-0.037000411454947757,0.088520189774387054,1.2270331744522864,1.3008089656552666,1.2812455421528384,0.98496057144519034,,1.1163233076714905,False,False,False,,-1,,,False,1,0.030124705848207301,0.013965715175731927,0.029901751179370897,0.015289669054853943
10000,0,single,gaussian_matched,0.050000000000000003,829,7,0.050000000000000003,16.725066968841077,>=10%,True,True,4,0.030124705848207301,0.5163325565776854,-0.037000411454947757,0.088520189774387054,1.2270331744522864,1.3008089656552666,1.2812455421528384,0.98496057144519034,0.95285839103557379,1.1163233076714905,True,True,False,1>3>4>2,3,0,0,True,1,0.030124705848207301,0.013965715175731927,0.029901751179370897,0.015289669054853943
10000,0,single,gaussian_matched,0.050000000000000003,829,8,0.02,16.725066968841077,>=10%,True,False,3,0.023977967763512267,0.5321596987452466,0.10552252416139532,0.06416382869372543,1.2270331744522864,1.2175904007466607,1.2083789930328739,0.99243472377234732,,1.0370891742960635,False,False,False,,-1,,,False,1,0.023977967763512267,0.0056434975071222235,0.0088897247546818343,0.0049562441821790273
10000,0,single,gaussian_matched,0.050000000000000003,829,8,0.050000000000000003,16.725066968841077,>=10%,True,True,4,0.023977967763512267,0.5321596987452466,0.10552252416139532,0.06416382869372543,1.2270331744522864,1.2175904007466607,1.2083789930328739,0.99243472377234732,0.9448068886451515,1.0370891742960635,True,True,False,1>3>4>2,3,0,0,True,1,0.023977967763512267,0.0056434975071222235,0.0088897247546818343,0.0049562441821790273
10000,0,single,gaussian_matched,0.050000000000000003,829,9,0.02,16.725066968841077,>=10%,True,False,0,0.063307123504429907,0.52625375678536868,-0.13919461781011055,0.19100749501959102,1.2270331744522864,1.3871336743762566,1.3422381883253638,0.96763434780639968,,1.2495551997030179,False,False,False,,-1,,,False,1,0.063307123504429907,0.024347733704606224,0.061078791223889151,0.028442677848273323
10000,0,single,gaussian_matched,0.050000000000000003,829,9,0.050000000000000003,16.725066968841077,>=10%,True,False,2,0.063307123504429907,0.52625375678536868,-0.13919461781011055,0.19100749501959102,1.2270331744522864,1.3871336743762566,1.3422381883253638,0.96763434780639968,,1.2495551997030179,False,False,False,,-1,,,False,1,0.063307123504429907,0.024347733704606224,0.061078791223889151,0.028442677848273323
10000,0,single,gaussian_matched,0.050000000000000003,829,10,0.02,16.725066968841077,>=10%,True,False,2,0.037635776600689883,0.50022297627938406,-0.072389466700142999,0.12238966981557954,1.2270331744522864,1.3179416395673691,1.2997521155505554,0.98619853605749597,,1.159008423713515,False,False,False,,-1,,,False,1,0.036573952707192429,0.017971174152193136,0.037635776600689883,0.017384826288561361
10000,0,single,gaussian_matched,0.050000000000000003,829,10,0.050000000000000003,16.725066968841077,>=10%,True,True,4,0.037635776600689883,0.50022297627938406,-0.072389466700142999,0.12238966981557954,1.2270331744522864,1.3179416395673691,1.2997521155505554,0.98619853605749597,0.95896659849173871,1.159008423713515,True,True,False,1>3>4>2,3,0,0,True,1,0.036573952707192429,0.017971174152193136,0.037635776600689883,0.017384826288561361
10000,0,single,gaussian_matched,0.050000000000000003,829,11,0.02,16.725066968841077,>=10%,True,False,3,0.020499552402516656,0.42459533387991089,0.066271629024234821,0.07714032398029215,1.2270331744522864,1.1626780097493348,1.2099070709430659,1.0406209292664901,,1.0489100227447887,False,False,False,,-1,,,False,1,0.020499552402516656,0.0088749548111593905,0.015230099341354058,0.0089303274631646074
10000,0,single,gaussian_matched,0.050000000000000003,829,11,0.050000000000000003,16.725066968841077,>=10%,True,True,4,0.020499552402516656,0.42459533387991089,0.066271629024234821,0.07714032398029215,1.2270331744522864,1.1626780097493348,1.2099070709430659,1.0406209292664901,1.0047601117931577,1.0489100227447887,True,True,False,1>3>4>2,3,0,0,True,1,0.020499552402516656,0.0088749548111593905,0.015230099341354058,0.0089303274631646074
10000,0,single,gaussian_matched,0.050000000000000003,829,12,0.02,16.725066968841077,>=10%,True,True,4,0.012702527404060974,0.47550019458227372,-0.00080754018039271708,0.056406086592571465,1.2270331744522864,1.2467163810633208,1.2550701441847405,1.0067006123030924,0.99857112827089589,1.0688188861419485,True,True,False,1>3>4>2,3,0,0,True,1,0.007679332318273847,0.011805433091707776,0.012702527404060974,0.0056521526602429824
10000,0,single,gaussian_matched,0.050000000000000003,829,12,0.050000000000000003,16.725066968841077,>=10%,True,True,4,0.012702527404060974,0.47550019458227372,-0.00080754018039271708,0.056406086592571465,1.2270331744522864,1.2467163810633208,1.2550701441847405,1.0067006123030924,0.97349362539464879,1.0688188861419485,True,True,False,1>3>4>2,3,0,0,True,1,0.007679332318273847,0.011805433091707776,0.012702527404060974,0.0056521526602429824
10000,0,single,gaussian_matched,0.050000000000000003,829,13,0.02,16.725066968841077,>=10%,True,False,3,0.023778048184827979,0.41726816486378626,0.053046008925151031,0.082787889907750087,1.2270331744522864,1.1680667353210157,1.216465359288756,1.0414348106184526,,1.0588574752890905,False,False,False,,-1,,,False,1,0.023778048184827979,0.010782713700856698,0.01248363958909833,0.0081613819361180187
10000,0,single,gaussian_matched,0.050000000000000003,829,13,0.050000000000000003,16.725066968841077,>=10%,True,True,4,0.023778048184827979,0.41726816486378626,0.053046008925151031,0.082787889907750087,1.2270331744522864,1.1680667353210157,1.216465359288756,1.0414348106184526,1.0073977589527512,1.0588574752890905,True,True,False,1>3>4>2,3,0,0,True,1,0.023778048184827979,0.010782713700856698,0.01248363958909833,0.0081613819361180187
10000,0,single,gaussian_matched,0.050000000000000003,829,14,0.02,16.725066968841077,>=10%,True,True,4,0.015385096704460975,0.51453618775692855,0.09307253848064459,0.045459260065153814,1.2270331744522864,1.2105362749601258,1.210862278509673,1.00026930506445,0.98020495794208162,1.0238692520563788,True,True,False,1>3>4>2,3,0,0,True,1,0.015385096704460975,0.0056836756226874476,0.0084189533047151644,0.0040094533693357812
10000,0,single,gaussian_matched,0.050000000000000003,829,14,0.050000000000000003,16.725066968841077,>=10%,True,True,4,0.015385096704460975,0.51453618775692855,0.09307253848064459,0.045459260065153814,1.2270331744522864,1.2105362749601258,1.210862278509673,1.00026930506445,0.95501783724992251,1.0238692520563788,True,True,False,1>3>4>2,3,0,0,True,1,0.015385096704460975,0.0056836756226874476,0.0084189533047151644,0.0040094533693357812
10000,0,single,gaussian_matched,0.050000000000000003,829,15,0.02,16.725066968841077,>=10%,True,False,3,0.039666553438525057,0.44576182774574391,0.15962128233728134,0.12230537547774548,1.2270331744522864,1.1157562620679835,1.16399109232811,1.0432306157715183,,1.0482980367503287,False,False,False,,-1,,,False,1,0.017735206326706103,0.0008648941466098748,0.039666553438525057,0.019312534762366561
10000,0,single,gaussian_matched,0.050000000000000003,829,15,0.050000000000000003,16.725066968841077,>=10%,True,True,4,0.039666553438525057,0.44576182774574391,0.15962128233728134,0.12230537547774548,1.2270331744522864,1.1157562620679835,1.16399109232811,1.0432306157715183,0.9974053580990403,1.0482980367503287,True,True,False,1>3>4>2,3,0,0,True,1,0.017735206326706103,0.0008648941466098748,0.039666553438525057,0.019312534762366561
10000,0,single,gaussian_matched,0.050000000000000003,829,16,0.02,16.725066968841077,>=10%,True,True,4,0.011463921613113,0.46180120652245565,0.0099352078717635101,0.055356439475628176,1.2270331744522864,1.2296657847626336,1.2470844598785205,1.0141653734955709,1.0060271591468979,1.0614553269397318,True,True,False,1>3>4>2,3,0,0,True,1,0.00077369778698248173,0.011463921613113,0.0073270539447159366,0.0026261546802339012
10000,0,single,gaussian_matched,0.050000000000000003,829,16,0.050000000000000003,16.725066968841077,>=10%,True,True,4,0.011463921613113,0.46180120652245565,0.0099352078717635101,0.055356439475628176,1.2270331744522864,1.2296657847626336,1.2470844598785205,1.0141653734955709,0.9808547982821183,1.0614553269397318,True,True,False,1>3>4>2,3,0,0,True,1,0.00077369778698248173,0.011463921613113,0.0073270539447159366,0.0026261546802339012
10000,0,single,gaussian_matched,0.050000000000000003,829,17,0.02,16.725066968841077,>=10%,True,True,4,0.0071969960768194282,0.47510798339547067,0.066575302541642886,0.029905737659973494,1.2270331744522864,1.1975291302106892,1.2174378420639012,1.0166248246919132,1.0022062654147805,1.0165524500025471,True,True,False,1>3>4>2,3,0,0,True,1,0.0041958499419053625,0.005879031381678012,0.0071969960768194282,0.003215828505241749
10000,0,single,gaussian_matched,0.050000000000000003,829,17,0.050000000000000003,16.725066968841077,>=10%,True,True,4,0.0071969960768194282,0.47510798339547067,0.066575302541642886,0.029905737659973494,1.2270331744522864,1.1975291302106892,1.2174378420639012,1.0166248246919132,0.97676593275226042,1.0165524500025471,True,True,False,1>3>4>2,3,0,0,True,1,0.0041958499419053625,0.005879031381678012,0.0071969960768194282,0.003215828505241749
10000,0,single,gaussian_matched,0.050000000000000003,829,18,0.02,16.725066968841077,>=10%,True,True,4,0.017225876590190922,0.54071588454486041,0.035505695966504172,0.043218839684630785,1.2270331744522864,1.267077837179732,1.2454058201588738,0.98289606495754367,0.96640161799682633,1.0501954524731663,True,True,False,1>3>4>2,3,0,0,True,1,0.017225876590190922,0.0097802322488190641,0.012915699585969442,0.0066528175549953874
10000,0,single,gaussian_matched,0.050000000000000003,829,18,0.050000000000000003,16.725066968841077,>=10%,True,True,4,0.017225876590190922,0.54071588454486041,0.035505695966504172,0.043218839684630785,1.2270331744522864,1.267077837179732,1.2454058201588738,0.98289606495754367,0.94148749391451614,1.0501954524731663,True,True,False,1>3>4>2,3,0,0,True,1,0.017225876590190922,0.0097802322488190641,0.012915699585969442,0.0066528175549953874
10000,0,single,gaussian_matched,0.050000000000000003,829,19,0.02,16.725066968841077,>=10%,True,True,4,0.012704326187872017,0.46748109953059364,-0.0052216952667639496,0.064085212926809396,1.2270331744522864,1.2449572995042903,1.2565684510520518,1.0093265460208032,1.0022155104772119,1.0762982545833486,True,True,False,1>3>4>2,3,0,0,True,1,0.0070691245924960682,0.012640002925596801,0.012704326187872017,0.0051862369921545784
10000,0,single,gaussian_matched,0.050000000000000003,829,19,0.050000000000000003,16.725066968841077,>=10%,True,True,4,0.012704326187872017,0.46748109953059364,-0.0052216952667639496,0.064085212926809396,1.2270331744522864,1.2449572995042903,1.2565684510520518,1.0093265460208032,0.97713710907229168,1.0762982545833486,True,True,False,1>3>4>2,3,0,0,True,1,0.0070691245924960682,0.012640002925596801,0.012704326187872017,0.0051862369921545784
10000,0,single,gaussian_matched,0.050000000000000003,829,20,0.02,16.725066968841077,>=10%,True,False,3,0.046637460003988739,0.59199833506767308,0.12318145053349443,0.11755517154685342,1.2270331744522864,1.259561768956724,1.2138928289045163,0.96374219893158986,,1.0850953569741024,False,False,False,,-1,,,False,1,0.046637460003988739,0.0067366966192903537,0.00074842204618143574,0.0044363529243720669
10000,0,single,gaussian_matched,0.050000000000000003,829,20,0.050000000000000003,16.725066968841077,>=10%,True,True,4,0.046637460003988739,0.59199833506767308,0.12318145053349443,0.11755517154685342,1.2270331744522864,1.259561768956724,1.2138928289045163,0.96374219893158986,0.91062885236780999,1.0850953569741024,True,True,False,1>3>4>2,3,0,0,True,1,0.046637460003988739,0.0067366966192903537,0.00074842204618143574,0.0044363529243720669
10000,0,single,gaussian_matched,0.050000000000000003,829,21,0.02,16.725066968841077,>=10%,True,True,4,0.011097433231237552,0.48822991126956844,0.011713288243608053,0.040055053187322991,1.2270331744522864,1.2458034766016528,1.2497340465552724,1.0031550481496019,0.99285298286782431,1.0511444405880235,True,True,False,1>3>4>2,3,0,0,True,1,0.006889884420465878,0.010198492702448589,0.011097433231237552,0.005629612612878772
10000,0,single,gaussian_matched,0.050000000000000003,829,21,0.050000000000000003,16.725066968841077,>=10%,True,True,4,0.011097433231237552,0.48822991126956844,0.011713288243608053,0.040055053187322991,1.2270331744522864,1.2458034766016528,1.2497340465552724,1.0031550481496019,0.96776936098167277,1.0511444405880235,True,True,False,1>3>4>2,3,0,0,True,1,0.006889884420465878,0.010198492702448589,0.011097433231237552,0.005629612612878772
10000,0,single,gaussian_matched,0.050000000000000003,829,22,0.02,16.725066968841077,>=10%,True,True,4,0.0147203611988906,0.47523427557899051,0.09205865595359275,0.048808520226698827,1.2270331744522864,1.1805559550076987,1.2039004449873854,1.0197741495273169,1.0031432926245405,1.0209250990897281,True,True,False,1>3>4>2,3,0,0,True,1,0.0037182150928512848,0.0041970155737378776,0.0147203611988906,0.0068053603022930099
10000,0,single,gaussian_matched,0.050000000000000003,829,22,0.050000000000000003,16.725066968841077,>=10%,True,True,4,0.0147203611988906,0.47523427557899051,0.09205865595359275,0.048808520226698827,1.2270331744522864,1.1805559550076987,1.2039004449873854,1.0197741495273169,0.97751048449231104,1.0209250990897281,True,True,False,1>3>4>2,3,0,0,True,1,0.0037182150928512848,0.0041970155737378776,0.0147203611988906,0.0068053603022930099
10000,0,single,gaussian_matched,0.050000000000000003,829,23,0.02,16.725066968841077,>=10%,True,True,4,0.015082368735976265,0.53777108134402418,0.062169085621371786,0.03968300934603082,1.2270331744522864,1.2478267703395018,1.2310742136163573,0.98657461346290354,0.96758599127235789,1.0356339579242582,True,True,False,1>3>4>2,3,0,0,True,1,0.015082368735976265,0.0082599016403414778,0.0046873040868812546,0.0022167552425068136
10000,0,single,gaussian_matched,0.050000000000000003,829,23,0.050000000000000003,16.725066968841077,>=10%,True,True,4,0.015082368735976265,0.53777108134402418,0.062169085621371786,0.03968300934603082,1.2270331744522864,1.2478267703395018,1.2310742136163573,0.98657461346290354,0.94267672250222745,1.0356339579242582,True,True,False,1>3>4>2,3,0,0,True,1,0.015082368735976265,0.0082599016403414778,0.0046873040868812546,0.0022167552425068136
10000,0,single,gaussian_matched,0.050000000000000003,829,24,0.02,16.725066968841077,>=10%,True,False,3,0.028882398345995826,0.46825942008666849,0.13567835125256583,0.091368727071097097,1.2270331744522864,1.1479824594822217,1.1802972439880506,1.0281491970882586,,1.0363745638961912,False,False,False,,-1,,,False,1,0.015948452881114124,0.0014553362284568058,0.028882398345995826,0.013766439046174507
10000,0,single,gaussian_matched,0.050000000000000003,829,24,0.050000000000000003,16.725066968841077,>=10%,True,True,4,0.028882398345995826,0.46825942008666849,0.13567835125256583,0.091368727071097097,1.2270331744522864,1.1479824594822217,1.1802972439880506,1.0281491970882586,0.98254028468936072,1.0363745638961912,True,True,False,1>3>4>2,3,0,0,True,1,0.015948452881114124,0.0014553362284568058,0.028882398345995826,0.013766439046174507
10000,0,single,gaussian_matched,0.050000000000000003,829,25,0.02,16.725066968841077,>=10%,True,True,4,0.015490478103833201,0.45885343488061003,-0.019384042940406146,0.08066712611640707,1.2270331744522864,1.2507061137771518,1.2637806150002076,1.0104536957795549,1.0053439737222736,1.0956898062000149,True,True,False,1>3>4>2,3,0,0,True,1,0.0094027379319743514,0.01457861439400935,0.015490478103833201,0.0057961420413054276
10000,0,single,gaussian_matched,0.050000000000000003,829,25,0.050000000000000003,16.725066968841077,>=10%,True,True,4,0.015490478103833201,0.45885343488061003,-0.019384042940406146,0.08066712611640707,1.2270331744522864,1.2507061137771518,1.2637806150002076,1.0104536957795549,0.980313787180767,1.0956898062000149,True,True,False,1>3>4>2,3,0,0,True,1,0.0094027379319743514,0.01457861439400935,0.015490478103833201,0.0057961420413054276
10000,0,single,gaussian_matched,0.050000000000000003,829,26,0.02,16.725066968841077,>=10%,True,False,3,0.020214174493062266,0.45434826335531953,0.09912595475128004,0.067062959142138029,1.2270331744522864,1.1601999593930852,1.1964997771499783,1.0312875530317049,,1.0297706391321781,False,False,False,,-1,,,False,1,0.00042661939701627732,0.0035737141027398305,0.020214174493062266,0.0098691971030855502
10000,0,single,gaussian_matched,0.050000000000000003,829,26,0.050000000000000003,16.725066968841077,>=10%,True,True,4,0.020214174493062266,0.45434826335531953,0.09912595475128004,0.067062959142138029,1.2270331744522864,1.1601999593930852,1.1964997771499783,1.0312875530317049,0.99000187316522104,1.0297706391321781,True,True,False,1>3>4>2,3,0,0,True,1,0.00042661939701627732,0.0035737141027398305,0.020214174493062266,0.0098691971030855502
10000,0,single,gaussian_matched,0.050000000000000003,829,27,0.02,16.725066968841077,>=10%,True,False,3,0.022024231182156136,0.499060010726189,-0.019576772689534477,0.069583122075155782,1.2270331744522864,1.2763208810067646,1.268972911296629,0.99424285082263997,,1.0908882182173103,False,False,False,,-1,,,False,1,0.019866276638637718,0.01274439924165338,0.022024231182156136,0.010929190173087237
10000,0,single,gaussian_matched,0.050000000000000003,829,27,0.050000000000000003,16.725066968841077,>=10%,True,True,4,0.022024231182156136,0.499060010726189,-0.019576772689534477,0.069583122075155782,1.2270331744522864,1.2763208810067646,1.268972911296629,0.99424285082263997,0.96137881349820187,1.0908882182173103,True,True,False,1>3>4>2,3,0,0,True,1,0.019866276638637718,0.01274439924165338,0.022024231182156136,0.010929190173087237
10000,0,single,gaussian_matched,0.050000000000000003,829,28,0.02,16.725066968841077,>=10%,True,False,3,0.024259736306251382,0.55927912852965911,0.044456322894964893,0.059537781576749521,1.2270331744522864,1.2756850040826058,1.2442799169143641,0.97538178541902176,,1.0625773822888707,False,False,False,,-1,,,False,1,0.024259736306251382,0.010028244499376646,0.013642414110349782,0.0063995452001439921
10000,0,single,gaussian_matched,0.050000000000000003,829,28,0.050000000000000003,16.725066968841077,>=10%,True,True,4,0.024259736306251382,0.55927912852965911,0.044456322894964893,0.059537781576749521,1.2270331744522864,1.2756850040826058,1.2442799169143641,0.97538178541902176,0.9318602975682545,1.0625773822888707,True,True,False,1>3>4>2,3,0,0,True,1,0.024259736306251382,0.010028244499376646,0.013642414110349782,0.0063995452001439921
10000,0,single,gaussian_matched,0.050000000000000003,829,29,0.02,16.725066968841077,>=10%,True,False,3,0.029366228558794425,0.45167939215215941,0.12841930599465767,0.092111175736001472,1.2270331744522864,1.1392095458441065,1.180758056605534,1.0364713506070928,,1.0373551904248302,False,False,False,,-1,,,False,1,0.0085679977036974969,0.0012304919192737559,0.029366228558794425,0.014246648180209527
10000,0,single,gaussian_matched,0.050000000000000003,829,29,0.050000000000000003,16.725066968841077,>=10%,True,True,4,0.029366228558794425,0.45167939215215941,0.12841930599465767,0.092111175736001472,1.2270331744522864,1.1392095458441065,1.180758056605534,1.0364713506070928,0.99279488137082084,1.0373551904248302,True,True,False,1>3>4>2,3,0,0,True,1,0.0085679977036974969,0.0012304919192737559,0.029366228558794425,0.014246648180209527
10000,0,single,gaussian_matched,0.050000000000000003,829,30,0.02,16.725066968841077,>=10%,True,True,4,0.0082515896152987808,0.48898474854206303,0.035043424389727545,0.018575115576151324,1.2270331744522864,1.2294802829244267,1.2368734140221538,1.0060132164788702,0.99337457668926399,1.0231577725343102,True,True,False,1>3>4>2,3,0,0,True,1,0.00053339186383673503,0.0082515896152987808,0.0043736889181579235,0.0025957541578927896
10000,0,single,gaussian_matched,0.050000000000000003,829,30,0.050000000000000003,16.725066968841077,>=10%,True,True,4,0.0082515896152987808,0.48898474854206303,0.035043424389727545,0.018575115576151324,1.2270331744522864,1.2294802829244267,1.2368734140221538,1.0060132164788702,0.96821318838131021,1.0231577725343102,True,True,False,1>3>4>2,3,0,0,True,1,0.00053339186383673503,0.0082515896152987808,0.0043736889181579235,0.0025957541578927896
10000,0,single,gaussian_matched,0.050000000000000003,829,31,0.02,16.725066968841077,>=10%,True,True,4,0.017698101046713793,0.54215656581131344,0.069186225119816008,0.046317245981943485,1.2270331744522864,1.2469791382952309,1.2283850072927209,0.98508865911908494,0.96508882000055018,1.038849054626136,True,True,False,1>3>4>2,3,0,0,True,1,0.017698101046713793,0.0080466896599870087,0.0034502436246836286,0.0013684565128789477
10000,0,single,gaussian_matched,0.050000000000000003,829,31,0.050000000000000003,16.725066968841077,>=10%,True,True,4,0.017698101046713793,0.54215656581131344,0.069186225119816008,0.046317245981943485,1.2270331744522864,1.2469791382952309,1.2283850072927209,0.98508865911908494,0.94021001395393922,1.038849054626136,True,True,False,1>3>4>2,3,0,0,True,1,0.017698101046713793,0.0080466896599870087,0.0034502436246836286,0.0013684565128789477
10000,0,single,gaussian_matched,0.050000000000000003,830,0,0.02,8.9735949700787945,5-<10%,True,False,1,0.045856629723658227,0.52132706494372327,0.12995102599935693,0.082746663119811895,1.3919195058523188,1.3243687472392422,1.3426689261463964,1.0138180389300959,,1.0240646698843254,False,False,False,,-1,,,False,1,0.016871797833391607,0.028264994517192152,0.045856629723658227,0.029345902986206839
10000,0,single,gaussian_matched,0.050000000000000003,830,0,0.050000000000000003,8.9735949700787945,5-<10%,True,True,4,0.045856629723658227,0.52132706494372327,0.12995102599935693,0.082746663119811895,1.3919195058523188,1.3243687472392422,1.3426689261463964,1.0138180389300959,0.96503061444367466,1.0240646698843254,True,True,False,2>3>4>1,9,0,0,True,1,0.016871797833391607,0.028264994517192152,0.045856629723658227,0.029345902986206839
10000,0,single,gaussian_matched,0.050000000000000003,830,1,0.02,8.9735949700787945,5-<10%,True,False,3,0.033277900036285571,0.52602542988338996,0.0068815099052433742,0.050363947310222548,1.3919195058523188,1.4076497010047504,1.3983689961456396,0.99340695000149082,,1.0408166114237725,False,False,False,,-1,,,False,1,0.0077734999524421752,0.033277900036285571,0.0093554314884260019,0.012603840683663761
10000,0,single,gaussian_matched,0.050000000000000003,830,1,0.050000000000000003,8.9735949700787945,5-<10%,True,True,4,0.033277900036285571,0.52602542988338996,0.0068815099052433742,0.050363947310222548,1.3919195058523188,1.4076497010047504,1.3983689961456396,0.99340695000149082,0.9551308590065094,1.0408166114237725,True,True,False,2>3>4>1,9,0,0,True,1,0.0077734999524421752,0.033277900036285571,0.0093554314884260019,0.012603840683663761
10000,0,single,gaussian_matched,0.050000000000000003,830,2,0.02,8.9735949700787945,5-<10%,True,False,2,0.028763998392714728,0.54646655823572921,0.088667096289791372,0.060450685436630167,1.3919195058523188,1.331753632039697,1.3627027399516987,1.0232393643744755,,1.0224394581760563,False,False,False,,-1,,,False,1,0.010243143399412321,0.0043400411887547985,0.028763998392714728,0.02628910707366133
10000,0,single,gaussian_matched,0.050000000000000003,830,2,0.050000000000000003,8.9735949700787945,5-<10%,True,True,4,0.028763998392714728,0.54646655823572921,0.088667096289791372,0.060450685436630167,1.3919195058523188,1.331753632039697,1.3627027399516987,1.0232393643744755,0.97555600826875633,1.0224394581760563,True,True,False,2>3>4>1,9,0,0,True,1,0.010243143399412321,0.0043400411887547985,0.028763998392714728,0.02628910707366133
10000,0,single,gaussian_matched,0.050000000000000003,830,3,0.02,8.9735949700787945,5-<10%,True,False,2,0.033254823909175002,0.48701452639257542,0.1073432001500258,0.058795111431606616,1.3919195058523188,1.3654564718892932,1.3463375353578906,0.98599813547703286,,1.0094927478791869,False,False,False,,-1,,,False,1,0.019970906686076054,0.032411920820085392,0.033254823909175002,0.017651077224219918
10000,0,single,gaussian_matched,0.050000000000000003,830,3,0.050000000000000003,8.9735949700787945,5-<10%,True,True,4,0.033254823909175002,0.48701452639257542,0.1073432001500258,0.058795111431606616,1.3919195058523188,1.3654564718892932,1.3463375353578906,0.98599813547703286,0.94391391200255048,1.0094927478791869,True,True,False,2>3>4>1,9,0,0,True,1,0.019970906686076054,0.032411920820085392,0.033254823909175002,0.017651077224219918
10000,0,single,gaussian_matched,0.050000000000000003,830,4,0.02,8.9735949700787945,5-<10%,True,False,0,0.10963220830576702,0.36514994450628568,0.012399975230461706,0.13999392604440997,1.3919195058523188,1.5197147578485719,1.3811393623193968,0.90881486488599128,,1.0928313612735574,False,False,False,,-1,,,False,1,0.036177754436011123,0.10963220830576702,0.020512686428887709,0.031080774497883448
10000,0,single,gaussian_matched,0.050000000000000003,830,4,0.050000000000000003,8.9735949700787945,5-<10%,True,False,3,0.10963220830576702,0.36514994450628568,0.012399975230461706,0.13999392604440997,1.3919195058523188,1.5197147578485719,1.3811393623193968,0.90881486488599128,,1.0928313612735574,False,False,False,,-1,,,False,1,0.036177754436011123,0.10963220830576702,0.020512686428887709,0.031080774497883448
10000,0,single,gaussian_matched,0.050000000000000003,830,5,0.02,8.9735949700787945,5-<10%,True,False,3,0.020590469471911173,0.51176489260442282,0.077164175100630145,0.029602451028441838,1.3919195058523188,1.364670932787325,1.3631135409535111,0.99885877848175975,,1.0005722214009396,False,False,False,,-1,,,False,1,0.013869844771775242,0.0056456956803394185,0.020590469471911173,0.015025347655738595
10000,0,single,gaussian_matched,0.050000000000000003,830,5,0.050000000000000003,8.9735949700787945,5-<10%,True,True,4,0.020590469471911173,0.51176489260442282,0.077164175100630145,0.029602451028441838,1.3919195058523188,1.364670932787325,1.3631135409535111,0.99885877848175975,0.95580680296507192,1.0005722214009396,True,True,False,2>3>4>1,9,0,0,True,1,0.013869844771775242,0.0056456956803394185,0.020590469471911173,0.015025347655738595
10000,0,single,gaussian_matched,0.050000000000000003,830,6,0.02,8.9735949700787945,5-<10%,True,False,0,0.051536961596867971,0.4907946098096001,0.14418095567249678,0.094629760751796854,1.3919195058523188,1.3433451400600007,1.3327747929094613,0.99213132438170937,,1.0254936062464408,False,False,False,,-1,,,False,1,0.022859978305431496,0.049303756358281547,0.051536961596867971,0.029002379203372512
10000,0,single,gaussian_matched,0.050000000000000003,830,6,0.050000000000000003,8.9735949700787945,5-<10%,True,False,3,0.051536961596867971,0.4907946098096001,0.14418095567249678,0.094629760751796854,1.3919195058523188,1.3433451400600007,1.3327747929094613,0.99213132438170937,,1.0254936062464408,False,False,False,,-1,,,False,1,0.022859978305431496,0.049303756358281547,0.051536961596867971,0.029002379203372512
10000,0,single,gaussian_matched,0.050000000000000003,830,7,0.02,8.9735949700787945,5-<10%,True,False,1,0.036998019946600819,0.5058077617198441,0.11316492677666422,0.063431365040458015,1.3919195058523188,1.3466893501772947,1.3470877702277084,1.0002958514897005,,1.0133625754489721,False,False,False,,-1,,,False,1,0.017581045201456071,0.026138580833948058,0.036998019946600819,0.02218766065013086
10000,0,single,gaussian_matched,0.050000000000000003,830,7,0.050000000000000003,8.9735949700787945,5-<10%,True,True,4,0.036998019946600819,0.5058077617198441,0.11316492677666422,0.063431365040458015,1.3919195058523188,1.3466893501772947,1.3470877702277084,1.0002958514897005,0.95501740410906832,1.0133625754489721,True,True,False,2>3>4>1,9,0,0,True,1,0.017581045201456071,0.026138580833948058,0.036998019946600819,0.02218766065013086
10000,0,single,gaussian_matched,0.050000000000000003,830,8,0.02,8.9735949700787945,5-<10%,True,True,4,0.01426376281752245,0.49896711419849893,0.05695400230555895,0.0070302916827583804,1.3919195058523188,1.3878145881608615,1.3702285601472459,0.98732825828202264,0.97192959186147521,0.98946731189506743,True,True,False,2>3>4>1,9,0,0,True,1,0.01426376281752245,0.0081771950552103397,0.010147500093745649,0.0075290308736616724
10000,0,single,gaussian_matched,0.050000000000000003,830,8,0.050000000000000003,8.9735949700787945,5-<10%,True,True,4,0.01426376281752245,0.49896711419849893,0.05695400230555895,0.0070302916827583804,1.3919195058523188,1.3878145881608615,1.3702285601472459,0.98732825828202264,0.94742437974458726,0.98946731189506743,True,True,False,2>3>4>1,9,0,0,True,1,0.01426376281752245,0.0081771950552103397,0.010147500093745649,0.0075290308736616724
10000,0,single,gaussian_matched,0.050000000000000003,830,9,0.02,8.9735949700787945,5-<10%,True,False,1,0.048105216656019301,0.45242250169417902,0.089979867399892707,0.062145057264060839,1.3919195058523188,1.4038809649878397,1.3467688204114854,0.95931838524724999,,1.0122093064661963,False,False,False,,-1,,,False,1,0.024596086207834759,0.048105216656019301,0.023160637071712807,0.0086789657010990697
10000,0,single,gaussian_matched,0.050000000000000003,830,9,0.050000000000000003,8.9735949700787945,5-<10%,True,True,4,0.048105216656019301,0.45242250169417902,0.089979867399892707,0.062145057264060839,1.3919195058523188,1.4038809649878397,1.3467688204114854,0.95931838524724999,0.92441346920032486,1.0122093064661963,True,True,False,2>3>4>1,9,0,0,True,1,0.024596086207834759,0.048105216656019301,0.023160637071712807,0.0086789657010990697
10000,0,single,gaussian_matched,0.050000000000000003,830,10,0.02,8.9735949700787945,5-<10%,True,False,3,0.025147909034000805,0.51513556934666316,0.086512321641051729,0.039525119747665073,1.3919195058523188,1.3559219564906888,1.3595534615829168,1.0026782552453291,,1.005143311411445,False,False,False,,-1,,,False,1,0.014101910524075388,0.008554138953156442,0.025147909034000805,0.017800777259902475
10000,0,single,gaussian_matched,0.050000000000000003,830,10,0.050000000000000003,8.9735949700787945,5-<10%,True,True,4,0.025147909034000805,0.51513556934666316,0.086512321641051729,0.039525119747665073,1.3919195058523188,1.3559219564906888,1.3595534615829168,1.0026782552453291,0.95844088335551392,1.005143311411445,True,True,False,2>3>4>1,9,0,0,True,1,0.014101910524075388,0.008554138953156442,0.025147909034000805,0.017800777259902475
10000,0,single,gaussian_matched,0.050000000000000003,830,11,0.02,8.9735949700787945,5-<10%,True,False,3,0.038091134192173921,0.46193119091380569,0.040837021296501436,0.039156026406696055,1.3919195058523188,1.4260386851729436,1.3711198585081017,0.96148854358871649,,1.0131878165262429,False,False,False,,-1,,,False,1,0.019046480873898368,0.038091134192173921,0.00098887626268571224,0.0046923288542637907
10000,0,single,gaussian_matched,0.050000000000000003,830,11,0.050000000000000003,8.9735949700787945,5-<10%,True,True,4,0.038091134192173921,0.46193119091380569,0.040837021296501436,0.039156026406696055,1.3919195058523188,1.4260386851729436,1.3711198585081017,0.96148854358871649,0.92780118371026143,1.0131878165262429,True,True,False,2>3>4>1,9,0,0,True,1,0.019046480873898368,0.038091134192173921,0.00098887626268571224,0.0046923288542637907
10000,0,single,gaussian_matched,0.050000000000000003,830,12,0.02,8.9735949700787945,5-<10%,True,False,3,0.020832107490063135,0.48624295012353663,0.041971316984015933,0.015928470493887723,1.3919195058523188,1.4073688117585619,1.3751183185156899,0.97708454743815609,,0.99937301198878825,False,False,False,,-1,,,False,1,0.015181783060482141,0.020832107490063135,0.0018709484044798876,0.00078062740643909233
10000,0,single,gaussian_matched,0.050000000000000003,830,12,0.050000000000000003,8.9735949700787945,5-<10%,True,True,4,0.020832107490063135,0.48624295012353663,0.041971316984015933,0.015928470493887723,1.3919195058523188,1.4073688117585619,1.3751183185156899,0.97708454743815609,0.93990542471547966,0.99937301198878825,True,True,False,2>3>4>1,9,0,0,True,1,0.015181783060482141,0.020832107490063135,0.0018709484044798876,0.00078062740643909233
10000,0,single,gaussian_matched,0.050000000000000003,830,13,0.02,8.9735949700787945,5-<10%,True,False,1,0.045840265357771269,0.45379913240382658,0.085182463782218568,0.058071730854403404,1.3919195058523188,1.405385348964896,1.3491054487696381,0.95995411490755223,,1.01096160640581,False,False,False,,-1,,,False,1,0.023905836130858275,0.045840265357771269,0.020775770310693345,0.0073589493257975981
10000,0,single,gaussian_matched,0.050000000000000003,830,13,0.050000000000000003,8.9735949700787945,5-<10%,True,True,4,0.045840265357771269,0.45379913240382658,0.085182463782218568,0.058071730854403404,1.3919195058523188,1.405385348964896,1.3491054487696381,0.95995411490755223,0.92501902691420279,1.01096160640581,True,True,False,2>3>4>1,9,0,0,True,1,0.023905836130858275,0.045840265357771269,0.020775770310693345,0.0073589493257975981
10000,0,single,gaussian_matched,0.050000000000000003,830,14,0.02,8.9735949700787945,5-<10%,True,False,1,0.065716732850930645,0.43864529773452926,0.1132026928297748,0.088085071783017957,1.3919195058523188,1.4039215944292898,1.3345785094886291,0.95060758007013246,,1.022087538316738,False,False,False,,-1,,,False,1,0.029660037159994882,0.065716732850930645,0.034881653620572148,0.01459949666999664
10000,0,single,gaussian_matched,0.050000000000000003,830,14,0.050000000000000003,8.9735949700787945,5-<10%,True,False,3,0.065716732850930645,0.43864529773452926,0.1132026928297748,0.088085071783017957,1.3919195058523188,1.4039215944292898,1.3345785094886291,0.95060758007013246,,1.022087538316738,False,False,False,,-1,,,False,1,0.029660037159994882,0.065716732850930645,0.034881653620572148,0.01459949666999664
10000,0,single,gaussian_matched,0.050000000000000003,830,15,0.02,8.9735949700787945,5-<10%,True,False,1,0.077328175179808195,0.44758038452469973,-0.040098404922406614,0.10423789453044553,1.3919195058523188,1.4934952223391864,1.412203669371392,0.94556959289064779,,1.0894606746481865,False,False,False,,-1,,,False,1,0.018889575098588782,0.077328175179808195,0.042062490701403589,0.021737015140759978
10000,0,single,gaussian_matched,0.050000000000000003,830,15,0.050000000000000003,8.9735949700787945,5-<10%,True,False,3,0.077328175179808195,0.44758038452469973,-0.040098404922406614,0.10423789453044553,1.3919195058523188,1.4934952223391864,1.412203669371392,0.94556959289064779,,1.0894606746481865,False,False,False,,-1,,,False,1,0.018889575098588782,0.077328175179808195,0.042062490701403589,0.021737015140759978
10000,0,single,gaussian_matched,0.050000000000000003,830,16,0.02,8.9735949700787945,5-<10%,True,False,3,0.025267202846545128,0.52894577213561933,0.020916024038640613,0.041033344760671497,1.3919195058523188,1.394660618731266,1.3917166140048192,0.99788908879557736,,1.0293339181910306,False,False,False,,-1,,,False,1,0.0081141507318994843,0.025267202846545128,0.002773595881054863,0.014111214583791854
10000,0,single,gaussian_matched,0.050000000000000003,830,16,0.050000000000000003,8.9735949700787945,5-<10%,True,True,4,0.025267202846545128,0.52894577213561933,0.020916024038640613,0.041033344760671497,1.3919195058523188,1.394660618731266,1.3917166140048192,0.99788908879557736,0.9581327900443013,1.0293339181910306,True,True,False,2>3>4>1,9,0,0,True,1,0.0081141507318994843,0.025267202846545128,0.002773595881054863,0.014111214583791854
10000,0,single,gaussian_matched,0.050000000000000003,830,17,0.02,8.9735949700787945,5-<10%,True,False,3,0.028925747024297822,0.47351622116759517,0.043451121291175371,0.027281465385617217,1.3919195058523188,1.4156502679712613,1.3720843525061954,0.96922550968220478,,1.0053496714488057,False,False,False,,-1,,,False,1,0.017281008135471777,0.028925747024297822,0.0013563504948413171,0.0020396404443731521
10000,0,single,gaussian_matched,0.050000000000000003,830,17,0.050000000000000003,8.9735949700787945,5-<10%,True,True,4,0.028925747024297822,0.47351622116759517,0.043451121291175371,0.027281465385617217,1.3919195058523188,1.4156502679712613,1.3720843525061954,0.96922550968220478,0.93363673225153221,1.0053496714488057,True,True,False,2>3>4>1,9,0,0,True,1,0.017281008135471777,0.028925747024297822,0.0013563504948413171,0.0020396404443731521
10000,0,single,gaussian_matched,0.050000000000000003,830,18,0.02,8.9735949700787945,5-<10%,True,False,1,0.078380937678254381,0.41696844897158081,0.10374330797161702,0.098906934124544835,1.3919195058523188,1.4275048196543649,1.3355948272917546,0.93561493376613325,,1.0305924698841733,False,False,False,,-1,,,False,1,0.032904734508855296,0.078380937678254381,0.029787781693037915,0.0089663733906605956
10000,0,single,gaussian_matched,0.050000000000000003,830,18,0.050000000000000003,8.9735949700787945,5-<10%,True,False,3,0.078380937678254381,0.41696844897158081,0.10374330797161702,0.098906934124544835,1.3919195058523188,1.4275048196543649,1.3355948272917546,0.93561493376613325,,1.0305924698841733,False,False,False,,-1,,,False,1,0.032904734508855296,0.078380937678254381,0.029787781693037915,0.0089663733906605956
10000,0,single,gaussian_matched,0.050000000000000003,830,19,0.02,8.9735949700787945,5-<10%,True,False,3,0.033199945827889182,0.4988102238153897,0.0085493556950790306,0.041467716125469747,1.3919195058523188,1.4231912262693309,1.3938338693554895,0.97937216280429362,,1.031167089365614,False,False,False,,-1,,,False,1,0.011473385820268099,0.033199945827889182,0.012427651789631884,0.0020514360995292778
10000,0,single,gaussian_matched,0.050000000000000003,830,19,0.050000000000000003,8.9735949700787945,5-<10%,True,True,4,0.033199945827889182,0.4988102238153897,0.0085493556950790306,0.041467716125469747,1.3919195058523188,1.4231912262693309,1.3938338693554895,0.97937216280429362,0.94342750486256188,1.031167089365614,True,True,False,2>3>4>1,9,0,0,True,1,0.011473385820268099,0.033199945827889182,0.012427651789631884,0.0020514360995292778
10000,0,single,gaussian_matched,0.050000000000000003,830,20,0.02,8.9735949700787945,5-<10%,True,True,4,0.011892810067918286,0.51052477560694209,0.045133968267098819,0.0115952217056029,1.3919195058523188,1.3880691837698633,1.3775459593826971,0.99241880411278482,0.97569330523788345,0.99800396161391713,True,True,False,2>3>4>1,9,0,0,True,1,0.011892810067918286,0.010282930172399793,0.0058381703284707022,0.0092049269705226748
10000,0,single,gaussian_matched,0.050000000000000003,830,20,0.050000000000000003,8.9735949700787945,5-<10%,True,True,4,0.011892810067918286,0.51052477560694209,0.045133968267098819,0.0115952217056029,1.3919195058523188,1.3880691837698633,1.3775459593826971,0.99241880411278482,0.95222800256363282,0.99800396161391713,True,True,False,2>3>4>1,9,0,0,True,1,0.011892810067918286,0.010282930172399793,0.0058381703284707022,0.0092049269705226748
10000,0,single,gaussian_matched,0.050000000000000003,830,21,0.02,8.9735949700787945,5-<10%,True,False,3,0.033756114601183072,0.58580604887477672,0.040991843756375199,0.086277603712725637,1.3919195058523188,1.3463910023601735,1.388682480837649,1.0314109930943836,,1.0596590380039306,False,False,False,,-1,,,False,1,0.0025253800448297157,0.015564387975155374,0.01318553627053913,0.033756114601183072
10000,0,single,gaussian_matched,0.050000000000000003,830,21,0.050000000000000003,8.9735949700787945,5-<10%,True,True,4,0.033756114601183072,0.58580604887477672,0.040991843756375199,0.086277603712725637,1.3919195058523188,1.3463910023601735,1.388682480837649,1.0314109930943836,0.98602456712104292,1.0596590380039306,True,True,False,2>3>4>1,9,0,0,True,1,0.0025253800448297157,0.015564387975155374,0.01318553627053913,0.033756114601183072
10000,0,single,gaussian_matched,0.050000000000000003,830,22,0.02,8.9735949700787945,5-<10%,True,False,1,0.038851576231761005,0.49553046663381434,0.1180886054894167,0.0682351443612811,1.3919195058523188,1.3524183787612727,1.3435202958127133,0.99342061370335011,,1.0142507768863613,False,False,False,,-1,,,False,1,0.019572029599416084,0.033481286063667431,0.038851576231761005,0.021881327792247017
10000,0,single,gaussian_matched,0.050000000000000003,830,22,0.050000000000000003,8.9735949700787945,5-<10%,True,True,4,0.038851576231761005,0.49553046663381434,0.1180886054894167,0.0682351443612811,1.3919195058523188,1.3524183787612727,1.3435202958127133,0.99342061370335011,0.94925925752957341,1.0142507768863613,True,True,False,2>3>4>1,9,0,0,True,1,0.019572029599416084,0.033481286063667431,0.038851576231761005,0.021881327792247017
10000,0,single,gaussian_matched,0.050000000000000003,830,23,0.02,8.9735949700787945,5-<10%,True,False,2,0.030113465656572341,0.53829836927149355,0.093339409656539904,0.057836575955298959,1.3919195058523188,1.3342414003929162,1.3597039945716629,1.0190839485053067,,1.0184070016742488,False,False,False,,-1,,,False,1,0.011601688291974527,0.0016141733955866054,0.030113465656572341,0.024911459236901169
10000,0,single,gaussian_matched,0.050000000000000003,830,23,0.050000000000000003,8.9735949700787945,5-<10%,True,True,4,0.030113465656572341,0.53829836927149355,0.093339409656539904,0.057836575955298959,1.3919195058523188,1.3342414003929162,1.3597039945716629,1.0190839485053067,0.97172896233825223,1.0184070016742488,True,True,False,2>3>4>1,9,0,0,True,1,0.011601688291974527,0.0016141733955866054,0.030113465656572341,0.024911459236901169
10000,0,single,gaussian_matched,0.050000000000000003,830,24,0.02,8.9735949700787945,5-<10%,True,False,2,0.073610591042376092,0.41434896407204952,0.056406317380982583,0.08589028383884259,1.3919195058523188,1.4541868365803874,1.3566605088004513,0.93293411456723441,,1.0363751542916786,False,False,False,,-1,,,False,1,0.028839655880397611,0.073610591042376092,0.0046125939252350109,0.0068690271380664565
10000,0,single,gaussian_matched,0.050000000000000003,830,24,0.050000000000000003,8.9735949700787945,5-<10%,True,False,3,0.073610591042376092,0.41434896407204952,0.056406317380982583,0.08589028383884259,1.3919195058523188,1.4541868365803874,1.3566605088004513,0.93293411456723441,,1.0363751542916786,False,False,False,,-1,,,False,1,0.028839655880397611,0.073610591042376092,0.0046125939252350109,0.0068690271380664565
10000,0,single,gaussian_matched,0.050000000000000003,830,25,0.02,8.9735949700787945,5-<10%,True,False,3,0.022209274824514801,0.53834498663643737,0.027295164291060183,0.044562849602763396,1.3919195058523188,1.3839091980661706,1.3897278517110014,1.0042045053627517,,1.0304408374789609,False,False,False,,-1,,,False,1,0.0072887708436345554,0.022209274824514801,0.0012443291290878818,0.017738664538163772
10000,0,single,gaussian_matched,0.050000000000000003,830,25,0.050000000000000003,8.9735949700787945,5-<10%,True,True,4,0.022209274824514801,0.53834498663643737,0.027295164291060183,0.044562849602763396,1.3919195058523188,1.3839091980661706,1.3897278517110014,1.0042045053627517,0.9631259569252838,1.0304408374789609,True,True,False,2>3>4>1,9,0,0,True,1,0.0072887708436345554,0.022209274824514801,0.0012443291290878818,0.017738664538163772
10000,0,single,gaussian_matched,0.050000000000000003,830,26,0.02,8.9735949700787945,5-<10%,True,False,0,0.071042434313715,0.43403692343790351,-0.0063256270044632773,0.086739285949233677,1.3919195058523188,1.4784757006574947,1.3911309895217507,0.94092245743578962,,1.0617498133026271,False,False,False,,-1,,,False,1,0.022051266677254096,0.071042434313715,0.026458725198133713,0.022783453123701159
10000,0,single,gaussian_matched,0.050000000000000003,830,26,0.050000000000000003,8.9735949700787945,5-<10%,True,False,3,0.071042434313715,0.43403692343790351,-0.0063256270044632773,0.086739285949233677,1.3919195058523188,1.4784757006574947,1.3911309895217507,0.94092245743578962,,1.0617498133026271,False,False,False,,-1,,,False,1,0.022051266677254096,0.071042434313715,0.026458725198133713,0.022783453123701159
10000,0,single,gaussian_matched,0.050000000000000003,830,27,0.02,8.9735949700787945,5-<10%,True,False,2,0.021631807854465484,0.53706566500321651,0.074513182374843681,0.044438267656075614,1.3919195058523188,1.3484843616269426,1.3676995131868808,1.0142494433800886,,1.0145254627912246,False,False,False,,-1,,,False,1,0.010379947488079728,0.0058858277392142234,0.021631807854465484,0.02154510222735195
10000,0,single,gaussian_matched,0.050000000000000003,830,27,0.050000000000000003,8.9735949700787945,5-<10%,True,True,4,0.021631807854465484,0.53706566500321651,0.074513182374843681,0.044438267656075614,1.3919195058523188,1.3484843616269426,1.3676995131868808,1.0142494433800886,0.96883231290885963,1.0145254627912246,True,True,False,2>3>4>1,9,0,0,True,1,0.010379947488079728,0.0058858277392142234,0.021631807854465484,0.02154510222735195
10000,0,single,gaussian_matched,0.050000000000000003,830,28,0.02,8.9735949700787945,5-<10%,True,False,2,0.030539008577967652,0.48913521956289119,0.10151189195563233,0.05264521314227269,1.3919195058523188,1.3670301707000474,1.3490862741942691,0.98687381091480275,,1.0070492449045858,False,False,False,,-1,,,False,1,0.019124379733802942,0.028469257077653565,0.030539008577967652,0.01632045382338811
10000,0,single,gaussian_matched,0.050000000000000003,830,28,0.050000000000000003,8.9735949700787945,5-<10%,True,True,4,0.030539008577967652,0.48913521956289119,0.10151189195563233,0.05264521314227269,1.3919195058523188,1.3670301707000474,1.3490862741942691,0.98687381091480275,0.94487100216596298,1.0070492449045858,True,True,False,2>3>4>1,9,0,0,True,1,0.019124379733802942,0.028469257077653565,0.030539008577967652,0.01632045382338811
10000,0,single,gaussian_matched,0.050000000000000003,830,29,0.02,8.9735949700787945,5-<10%,True,False,0,0.071121566506727879,0.43397698162114989,-0.0064438982978613085,0.086861686668595672,1.3919195058523188,1.4786008026661892,1.391188827078869,0.94088196392853274,,1.0618793023109514,False,False,False,,-1,,,False,1,0.022060759797217992,0.071121566506727879,0.026519387608445161,0.022829260476890451
10000,0,single,gaussian_matched,0.050000000000000003,830,29,0.050000000000000003,8.9735949700787945,5-<10%,True,False,3,0.071121566506727879,0.43397698162114989,-0.0064438982978613085,0.086861686668595672,1.3919195058523188,1.4786008026661892,1.391188827078869,0.94088196392853274,,1.0618793023109514,False,False,False,,-1,,,False,1,0.022060759797217992,0.071121566506727879,0.026519387608445161,0.022829260476890451
10000,0,single,gaussian_matched,0.050000000000000003,830,30,0.02,8.9735949700787945,5-<10%,True,False,3,0.029677285438509976,0.56935336660049563,0.058932206436598793,0.069926202318220873,1.3919195058523188,1.3400920476816485,1.3784998206886687,1.0286605484104361,,1.0405961098447067,False,False,False,,-1,,,False,1,0.0054917447410779974,0.0049196827575453059,0.018435355256596158,0.029677285438509976
10000,0,single,gaussian_matched,0.050000000000000003,830,30,0.050000000000000003,8.9735949700787945,5-<10%,True,True,4,0.029677285438509976,0.56935336660049563,0.058932206436598793,0.069926202318220873,1.3919195058523188,1.3400920476816485,1.3784998206886687,1.0286605484104361,0.98226795028424296,1.0405961098447067,True,True,False,2>3>4>1,9,0,0,True,1,0.0054917447410779974,0.0049196827575453059,0.018435355256596158,0.029677285438509976
10000,0,single,gaussian_matched,0.050000000000000003,830,31,0.02,8.9735949700787945,5-<10%,True,False,2,0.060527738452302672,0.58464435532751591,-0.038035408237471868,0.12212657365352186,1.3919195058523188,1.4178506434169882,1.4275776105782176,1.0068603609318028,,1.1133576171007129,False,False,False,,-1,,,False,1,0.0010715493831034504,0.060527738452302672,0.018210245029067672,0.031427709137609609
10000,0,single,gaussian_matched,0.050000000000000003,830,31,0.050000000000000003,8.9735949700787945,5-<10%,True,False,3,0.060527738452302672,0.58464435532751591,-0.038035408237471868,0.12212657365352186,1.3919195058523188,1.4178506434169882,1.4275776105782176,1.0068603609318028,,1.1133576171007129,False,False,False,,-1,,,False,1,0.0010715493831034504,0.060527738452302672,0.018210245029067672,0.031427709137609609
10000,0,single,gaussian_matched,0.050000000000000003,831,0,0.02,2.2218730271217,1-<5%,True,False,3,0.020431867576558953,0.5098211799108624,0.097457030304967079,0.048462617554235456,1.3546892411204203,1.3095480208839709,1.2897149721271584,0.9848550427777174,,0.9878114840379405,False,False,False,,-1,,,False,2,0.020431867576558953,0.0069238936873330824,0.0068599462637296375,0.013940954197172081
10000,0,single,gaussian_matched,0.050000000000000003,831,0,0.050000000000000003,2.2218730271217,1-<5%,True,True,4,0.020431867576558953,0.5098211799108624,0.097457030304967079,0.048462617554235456,1.3546892411204203,1.3095480208839709,1.2897149721271584,0.9848550427777174,0.94441844706564704,0.9878114840379405,True,True,False,4>1>2>3,18,0,0,True,2,0.020431867576558953,0.0069238936873330824,0.0068599462637296375,0.013940954197172081
10000,0,single,gaussian_matched,0.050000000000000003,831,1,0.02,2.2218730271217,1-<5%,True,False,1,0.058530583316890615,0.48331572574819875,-0.048842765394888757,0.10024099599574186,1.3546892411204203,1.4497468051839415,1.3638712016696379,0.94076510242531086,,1.0807734742578003,False,False,False,,-1,,,False,2,0.058530583316890615,0.017442137409048843,0.022375974375641084,0.026940764867856064
10000,0,single,gaussian_matched,0.050000000000000003,831,1,0.050000000000000003,2.2218730271217,1-<5%,True,False,3,0.058530583316890615,0.48331572574819875,-0.048842765394888757,0.10024099599574186,1.3546892411204203,1.4497468051839415,1.3638712016696379,0.94076510242531086,,1.0807734742578003,False,False,False,,-1,,,False,2,0.058530583316890615,0.017442137409048843,0.022375974375641084,0.026940764867856064
10000,0,single,gaussian_matched,0.050000000000000003,831,2,0.02,2.2218730271217,1-<5%,True,False,3,0.035447253729699556,0.47984689062297681,0.028562629372322162,0.029422927743354921,1.3546892411204203,1.3835202549763237,1.328092317245801,0.95993702475178344,,1.0020860901400519,False,False,False,,-1,,,False,2,0.035447253729699556,0.0098626722947676403,0.013177573688913046,0.0039410410530459393
10000,0,single,gaussian_matched,0.050000000000000003,831,2,0.050000000000000003,2.2218730271217,1-<5%,True,True,4,0.035447253729699556,0.47984689062297681,0.028562629372322162,0.029422927743354921,1.3546892411204203,1.3835202549763237,1.328092317245801,0.95993702475178344,0.92783696662081727,1.0020860901400519,True,True,False,4>1>2>3,18,0,0,True,2,0.035447253729699556,0.0098626722947676403,0.013177573688913046,0.0039410410530459393
10000,0,single,gaussian_matched,0.050000000000000003,831,3,0.02,2.2218730271217,1-<5%,True,False,3,0.036287658349847658,0.47381503720750945,0.032992360613172816,0.03122358201674609,1.3546892411204203,1.3830877120463825,1.3284476994787762,0.96049418117758978,,1.0036776260000275,False,False,False,,-1,,,False,2,0.036287658349847658,0.0098946040359193643,0.013140991925587821,0.00035246090797029565
10000,0,single,gaussian_matched,0.050000000000000003,831,3,0.050000000000000003,2.2218730271217,1-<5%,True,True,4,0.036287658349847658,0.47381503720750945,0.032992360613172816,0.03122358201674609,1.3546892411204203,1.3830877120463825,1.3284476994787762,0.96049418117758978,0.92788601234237211,1.0036776260000275,True,True,False,4>1>2>3,18,0,0,True,2,0.036287658349847658,0.0098946040359193643,0.013140991925587821,0.00035246090797029565
10000,0,single,gaussian_matched,0.050000000000000003,831,4,0.02,2.2218730271217,1-<5%,True,False,1,0.042503489992449364,0.52117629032276924,0.19223441502527167,0.14380216997464065,1.3546892411204203,1.2322063352275197,1.2464038625577527,1.011522037279261,,1.0262176669998486,False,False,False,,-1,,,False,2,0.042503489992449364,0.031428738999415874,0.0019966389756406531,0.031505383080074653
10000,0,single,gaussian_matched,0.050000000000000003,831,4,0.050000000000000003,2.2218730271217,1-<5%,True,True,4,0.042503489992449364,0.52117629032276924,0.19223441502527167,0.14380216997464065,1.3546892411204203,1.2322063352275197,1.2464038625577527,1.011522037279261,0.96106705762542666,1.0262176669998486,True,True,False,4>1>2>3,18,0,0,True,2,0.042503489992449364,0.031428738999415874,0.0019966389756406531,0.031505383080074653
10000,0,single,gaussian_matched,0.050000000000000003,831,5,0.02,2.2218730271217,1-<5%,True,False,3,0.028526545470905749,0.48661136011257811,0.05380472818825751,0.013918751187573753,1.3546892411204203,1.3586738865317447,1.3154687447676834,0.96820050624925891,,0.98132284187609187,False,False,False,,-1,,,False,2,0.028526545470905749,0.0039358001033620192,0.010697154717021018,0.0043246042771912215
10000,0,single,gaussian_matched,0.050000000000000003,831,5,0.050000000000000003,2.2218730271217,1-<5%,True,True,4,0.028526545470905749,0.48661136011257811,0.05380472818825751,0.013918751187573753,1.3546892411204203,1.3586738865317447,1.3154687447676834,0.96820050624925891,0.93288334189076882,0.98132284187609187,True,True,False,4>1>2>3,18,0,0,True,2,0.028526545470905749,0.0039358001033620192,0.010697154717021018,0.0043246042771912215
10000,0,single,gaussian_matched,0.050000000000000003,831,6,0.02,2.2218730271217,1-<5%,True,False,2,0.052666910082079896,0.55762073864445505,-0.0096628158501908673,0.082944566531547942,1.3546892411204203,1.3865318200532344,1.3177764810618018,0.95041200065008768,,1.0339796058576933,False,False,False,,-1,,,False,2,0.032228901147743114,0.0029429633935434268,0.015096067738705726,0.052666910082079896
10000,0,single,gaussian_matched,0.050000000000000003,831,6,0.050000000000000003,2.2218730271217,1-<5%,True,False,3,0.052666910082079896,0.55762073864445505,-0.0096628158501908673,0.082944566531547942,1.3546892411204203,1.3865318200532344,1.3177764810618018,0.95041200065008768,,1.0339796058576933,False,False,False,,-1,,,False,2,0.032228901147743114,0.0029429633935434268,0.015096067738705726,0.052666910082079896
10000,0,single,gaussian_matched,0.050000000000000003,831,7,0.02,2.2218730271217,1-<5%,True,True,4,0.013692175764907701,0.5325056365250419,0.089103101777600446,0.050849473689778907,1.3546892411204203,1.3045397464618569,1.284052573239477,0.98429547794312533,0.96833747161094819,0.98539355477954549,True,True,False,4>1>2>3,18,0,0,True,2,0.013692175764907701,0.0063278963481246562,0.0062233230546650036,0.00063061175423522148
10000,0,single,gaussian_matched,0.050000000000000003,831,7,0.050000000000000003,2.2218730271217,1-<5%,True,True,4,0.013692175764907701,0.5325056365250419,0.089103101777600446,0.050849473689778907,1.3546892411204203,1.3045397464618569,1.284052573239477,0.98429547794312533,0.94485171261078427,0.98539355477954549,True,True,False,4>1>2>3,18,0,0,True,2,0.013692175764907701,0.0063278963481246562,0.0062233230546650036,0.00063061175423522148
10000,0,single,gaussian_matched,0.050000000000000003,831,8,0.02,2.2218730271217,1-<5%,True,False,2,0.026797363077574677,0.51851856115590567,0.023184045622735058,0.032588840366735559,1.3546892411204203,1.3695829284720398,1.316271784531037,0.96107490621215708,,0.99569745145548871,False,False,False,,-1,,,False,2,0.026797363077574677,0.0047909642239984986,0.011849324206962069,0.021955486655459648
10000,0,single,gaussian_matched,0.050000000000000003,831,8,0.050000000000000003,2.2218730271217,1-<5%,True,True,4,0.026797363077574677,0.51851856115590567,0.023184045622735058,0.032588840366735559,1.3546892411204203,1.3695829284720398,1.316271784531037,0.96107490621215708,0.92951182163456403,0.99569745145548871,True,True,False,4>1>2>3,18,0,0,True,2,0.026797363077574677,0.0047909642239984986,0.011849324206962069,0.021955486655459648
10000,0,single,gaussian_matched,0.050000000000000003,831,9,0.02,2.2218730271217,1-<5%,True,False,2,0.046382638927295196,0.49785066653446808,-0.023223978870437492,0.073255516624786229,1.3546892411204203,1.4203740925822905,1.3453538062349166,0.94718272690331573,,1.0471843134196712,False,False,False,,-1,,,False,2,0.046382638927295196,0.012575492005782283,0.018515636764802928,0.032456256846233406
10000,0,single,gaussian_matched,0.050000000000000003,831,9,0.050000000000000003,2.2218730271217,1-<5%,True,True,4,0.046382638927295196,0.49785066653446808,-0.023223978870437492,0.073255516624786229,1.3546892411204203,1.4203740925822905,1.3453538062349166,0.94718272690331573,0.9216746534456941,1.0471843134196712,True,True,False,4>1>2>3,18,0,0,True,2,0.046382638927295196,0.012575492005782283,0.018515636764802928,0.032456256846233406
10000,0,single,gaussian_matched,0.050000000000000003,831,10,0.02,2.2218730271217,1-<5%,True,False,2,0.024735480684558719,0.50379258755254808,0.11577873973822586,0.065887983137238287,1.3546892411204203,1.2985658736866941,1.2848668334395978,0.98945063895125784,,0.99709569957141597,False,False,False,,-1,,,False,2,0.024735480684558719,0.010675497695566857,0.0060498540069072789,0.022819106450063908
10000,0,single,gaussian_matched,0.050000000000000003,831,10,0.050000000000000003,2.2218730271217,1-<5%,True,True,4,0.024735480684558719,0.50379258755254808,0.11577873973822586,0.065887983137238287,1.3546892411204203,1.2985658736866941,1.2848668334395978,0.98945063895125784,0.94699210444033344,0.99709569957141597,True,True,False,4>1>2>3,18,0,0,True,2,0.024735480684558719,0.010675497695566857,0.0060498540069072789,0.022819106450063908
10000,0,single,gaussian_matched,0.050000000000000003,831,11,0.02,2.2218730271217,1-<5%,True,False,2,0.046831519968269765,0.43282718603007758,0.067131225330635147,0.069322909762695326,1.3546892411204203,1.3820527122607769,1.3285481240282646,0.96128614505231946,,1.0318757921446438,False,False,False,,-1,,,False,2,0.046831519968269765,0.0048362452128464135,0.01422509770090385,0.031391210779660693
10000,0,single,gaussian_matched,0.050000000000000003,831,11,0.050000000000000003,2.2218730271217,1-<5%,True,True,4,0.046831519968269765,0.43282718603007758,0.067131225330635147,0.069322909762695326,1.3546892411204203,1.3820527122607769,1.3285481240282646,0.96128614505231946,0.92500971411212229,1.0318757921446438,True,True,False,4>1>2>3,18,0,0,True,2,0.046831519968269765,0.0048362452128464135,0.01422509770090385,0.031391210779660693
10000,0,single,gaussian_matched,0.050000000000000003,831,12,0.02,2.2218730271217,1-<5%,True,False,1,0.047370678313190091,0.52826867184386683,-0.040010272525061202,0.094344936100736312,1.3546892411204203,1.4243995215593845,1.3425531240442079,0.94253971847338591,,1.0606846327033139,False,False,False,,-1,,,False,2,0.047370678313190091,0.009873990715895696,0.020171011922070881,0.03764271745997684
10000,0,single,gaussian_matched,0.050000000000000003,831,12,0.050000000000000003,2.2218730271217,1-<5%,True,True,4,0.047370678313190091,0.52826867184386683,-0.040010272525061202,0.094344936100736312,1.3546892411204203,1.4243995215593845,1.3425531240442079,0.94253971847338591,0.91928896869959853,1.0606846327033139,True,True,False,1>4>2>3,4,2.2218730271216902,0.42208009411954794,True,2,0.047370678313190091,0.009873990715895696,0.020171011922070881,0.03764271745997684
10000,0,single,gaussian_matched,0.050000000000000003,831,13,0.02,2.2218730271217,1-<5%,True,False,2,0.025801947835541583,0.50600221061980732,0.12366015035308447,0.07390429136635801,1.3546892411204203,1.2910810155561081,1.2807460659857997,0.99199511924830153,,0.99997129690922282,False,False,False,,-1,,,False,2,0.025801947835541583,0.012498080202997818,0.0054127752014906383,0.02374696578179614
10000,0,single,gaussian_matched,0.050000000000000003,831,13,0.050000000000000003,2.2218730271217,1-<5%,True,True,4,0.025801947835541583,0.50600221061980732,0.12366015035308447,0.07390429136635801,1.3546892411204203,1.2910810155561081,1.2807460659857997,0.99199511924830153,0.94868021589125651,0.99997129690922282,True,True,False,4>1>2>3,18,0,0,True,2,0.025801947835541583,0.012498080202997818,0.0054127752014906383,0.02374696578179614
10000,0,single,gaussian_matched,0.050000000000000003,831,14,0.02,2.2218730271217,1-<5%,True,False,2,0.037829640244199027,0.54262333149455055,0.0097288502257863174,0.058638842858906214,1.3546892411204203,1.3727304682218713,1.3138014711281101,0.95707169145149573,,1.0131034279506896,False,False,False,,-1,,,False,2,0.026806422192960203,0.0030015417035233988,0.012718828710804701,0.037829640244199027
10000,0,single,gaussian_matched,0.050000000000000003,831,14,0.050000000000000003,2.2218730271217,1-<5%,True,True,4,0.037829640244199027,0.54262333149455055,0.0097288502257863174,0.058638842858906214,1.3546892411204203,1.3727304682218713,1.3138014711281101,0.95707169145149573,0.92730706160843634,1.0131034279506896,True,True,False,4>1>2>3,18,0,0,True,2,0.026806422192960203,0.0030015417035233988,0.012718828710804701,0.037829640244199027
10000,0,single,gaussian_matched,0.050000000000000003,831,15,0.02,2.2218730271217,1-<5%,True,False,3,0.030488492463773033,0.50439548518787025,0.021864139994625512,0.028477129565298864,1.3546892411204203,1.3770603579126093,1.3219343560824499,0.95996834741962866,,0.99684226068767356,False,False,False,,-1,,,False,2,0.030488492463773033,0.006880735951737855,0.012585338261977559,0.016751511643741598
10000,0,single,gaussian_matched,0.050000000000000003,831,15,0.050000000000000003,2.2218730271217,1-<5%,True,True,4,0.030488492463773033,0.50439548518787025,0.021864139994625512,0.028477129565298864,1.3546892411204203,1.3770603579126093,1.3219343560824499,0.95996834741962866,0.92859110398766065,0.99684226068767356,True,True,False,4>1>2>3,18,0,0,True,2,0.030488492463773033,0.006880735951737855,0.012585338261977559,0.016751511643741598
10000,0,single,gaussian_matched,0.050000000000000003,831,16,0.02,2.2218730271217,1-<5%,True,False,2,0.036723172065576418,0.45862188306994756,0.064811295669214369,0.04394909600979275,1.3546892411204203,1.3666218582175036,1.3213207189720282,0.96685173812120784,,1.0078103328351895,False,False,False,,-1,,,False,2,0.036723172065576418,0.003114799901399048,0.012032695514350374,0.020415508233101218
10000,0,single,gaussian_matched,0.050000000000000003,831,16,0.050000000000000003,2.2218730271217,1-<5%,True,True,4,0.036723172065576418,0.45862188306994756,0.064811295669214369,0.04394909600979275,1.3546892411204203,1.3666218582175036,1.3213207189720282,0.96685173812120784,0.93045568531110134,1.0078103328351895,True,True,False,4>1>2>3,18,0,0,True,2,0.036723172065576418,0.003114799901399048,0.012032695514350374,0.020415508233101218
10000,0,single,gaussian_matched,0.050000000000000003,831,17,0.02,2.2218730271217,1-<5%,True,False,2,0.029257163347104986,0.47780654040119336,0.087799789016034011,0.043833476916855997,1.3546892411204203,1.3366800239799701,1.3060183546013799,0.97706132445422877,,0.99642913706306291,False,False,False,,-1,,,False,2,0.029257163347104986,0.0035202998119963779,0.0092795087230124994,0.023405478392363645
10000,0,single,gaussian_matched,0.050000000000000003,831,17,0.050000000000000003,2.2218730271217,1-<5%,True,True,4,0.029257163347104986,0.47780654040119336,0.087799789016034011,0.043833476916855997,1.3546892411204203,1.3366800239799701,1.3060183546013799,0.97706132445422877,0.93776536520081288,0.99642913706306291,True,True,False,4>1>2>3,18,0,0,True,2,0.029257163347104986,0.0035202998119963779,0.0092795087230124994,0.023405478392363645
10000,0,single,gaussian_matched,0.050000000000000003,831,18,0.02,2.2218730271217,1-<5%,True,False,2,0.025324111062403089,0.50195649970992551,0.1165927423441404,0.066621477197882722,1.3546892411204203,1.2991007661980665,1.2853052596212136,0.98938072631792318,,0.99796078375949959,False,False,False,,-1,,,False,2,0.025324111062403089,0.010791152734659033,0.0060953087234445688,0.024087889956327518
10000,0,single,gaussian_matched,0.050000000000000003,831,18,0.050000000000000003,2.2218730271217,1-<5%,True,True,4,0.025324111062403089,0.50195649970992551,0.1165927423441404,0.066621477197882722,1.3546892411204203,1.2991007661980665,1.2853052596212136,0.98938072631792318,0.94683366803588931,0.99796078375949959,True,True,False,4>1>2>3,18,0,0,True,2,0.025324111062403089,0.010791152734659033,0.0060953087234445688,0.024087889956327518
10000,0,single,gaussian_matched,0.050000000000000003,831,19,0.02,2.2218730271217,1-<5%,True,False,2,0.043671728898197211,0.44266745046346506,0.055739570869209054,0.057619127988211567,1.3546892411204203,1.3838590350307847,1.3300190597119124,0.96109432105729276,,1.02432214383902,False,False,False,,-1,,,False,2,0.043671728898197211,0.0067743397599458214,0.013933274723216219,0.022487345191007941
10000,0,single,gaussian_matched,0.050000000000000003,831,19,0.050000000000000003,2.2218730271217,1-<5%,True,True,4,0.043671728898197211,0.44266745046346506,0.055739570869209054,0.057619127988211567,1.3546892411204203,1.3838590350307847,1.3300190597119124,0.96109432105729276,0.92604792292491045,1.02432214383902,True,True,False,4>1>2>3,18,0,0,True,2,0.043671728898197211,0.0067743397599458214,0.013933274723216219,0.022487345191007941
10000,0,single,gaussian_matched,0.050000000000000003,831,20,0.02,2.2218730271217,1-<5%,True,False,3,0.036526776544365681,0.56826594447582623,0.039208142324831878,0.069113698839359444,1.3546892411204203,1.336648417701223,1.2923331540542402,0.96684598353604723,,1.0049883113913198,False,False,False,,-1,,,False,2,0.013406617026719239,0.0026588575325513604,0.0086165848278915384,0.036526776544365681
10000,0,single,gaussian_matched,0.050000000000000003,831,20,0.050000000000000003,2.2218730271217,1-<5%,True,True,4,0.036526776544365681,0.56826594447582623,0.039208142324831878,0.069113698839359444,1.3546892411204203,1.336648417701223,1.2923331540542402,0.96684598353604723,0.93352073920955381,1.0049883113913198,True,True,False,4>1>2>3,18,0,0,True,2,0.013406617026719239,0.0026588575325513604,0.0086165848278915384,0.036526776544365681
10000,0,single,gaussian_matched,0.050000000000000003,831,21,0.02,2.2218730271217,1-<5%,True,False,3,0.033841349568686938,0.484047423866795,0.030226269741772976,0.02540639867456277,1.3546892411204203,1.3798820424835945,1.3258499204079008,0.96084294134414316,,0.99746589702364696,False,False,False,,-1,,,False,2,0.033841349568686938,0.0090111455196866339,0.012772309216438594,0.004923389005793641
10000,0,single,gaussian_matched,0.050000000000000003,831,21,0.050000000000000003,2.2218730271217,1-<5%,True,True,4,0.033841349568686938,0.484047423866795,0.030226269741772976,0.02540639867456277,1.3546892411204203,1.3798820424835945,1.3258499204079008,0.96084294134414316,0.92849676282589932,0.99746589702364696,True,True,False,4>1>2>3,18,0,0,True,2,0.033841349568686938,0.0090111455196866339,0.012772309216438594,0.004923389005793641
10000,0,single,gaussian_matched,0.050000000000000003,831,22,0.02,2.2218730271217,1-<5%,True,False,3,0.023869545077827292,0.50400984650061331,0.05047567213167397,0.0040379614826459255,1.3546892411204203,1.3522275704090729,1.3103248217260206,0.96901205862089024,,0.97023194937430746,False,False,False,,-1,,,False,2,0.023869545077827292,0.003350409596098359,0.0099343222935453102,0.0039960499976060731
10000,0,single,gaussian_matched,0.050000000000000003,831,22,0.050000000000000003,2.2218730271217,1-<5%,True,True,4,0.023869545077827292,0.50400984650061331,0.05047567213167397,0.0040379614826459255,1.3546892411204203,1.3522275704090729,1.3103248217260206,0.96901205862089024,0.93403569526474872,0.97023194937430746,True,True,False,4>1>2>3,18,0,0,True,2,0.023869545077827292,0.003350409596098359,0.0099343222935453102,0.0039960499976060731
10000,0,single,gaussian_matched,0.050000000000000003,831,23,0.02,2.2218730271217,1-<5%,True,False,2,0.039200988350301037,0.45186117060701436,0.065387265011234333,0.050538251056530779,1.3546892411204203,1.3705480811222257,1.3233663588052842,0.96557455884487586,,1.0141843370111232,False,False,False,,-1,,,False,2,0.039200988350301037,0.0035134592897620334,0.012557385350736496,0.02337192547816232
10000,0,single,gaussian_matched,0.050000000000000003,831,23,0.050000000000000003,2.2218730271217,1-<5%,True,True,4,0.039200988350301037,0.45186117060701436,0.065387265011234333,0.050538251056530779,1.3546892411204203,1.3705480811222257,1.3233663588052842,0.96557455884487586,0.92920015331405204,1.0141843370111232,True,True,False,4>1>2>3,18,0,0,True,2,0.039200988350301037,0.0035134592897620334,0.012557385350736496,0.02337192547816232
10000,0,single,gaussian_matched,0.050000000000000003,831,24,0.02,2.2218730271217,1-<5%,True,False,3,0.050280902037560277,0.46224940374366802,-0.0085377136102675263,0.069654658368455788,1.3546892411204203,1.4243196997230443,1.3514950748200305,0.94887059069872137,,1.0490595850699298,False,False,False,,-1,,,False,2,0.050280902037560277,0.016826395248540994,0.018192911757284751,0.012422355697434525
10000,0,single,gaussian_matched,0.050000000000000003,831,24,0.050000000000000003,2.2218730271217,1-<5%,True,False,3,0.050280902037560277,0.46224940374366802,-0.0085377136102675263,0.069654658368455788,1.3546892411204203,1.4243196997230443,1.3514950748200305,0.94887059069872137,,1.0490595850699298,False,False,False,,-1,,,False,2,0.050280902037560277,0.016826395248540994,0.018192911757284751,0.012422355697434525
10000,0,single,gaussian_matched,0.050000000000000003,831,25,0.02,2.2218730271217,1-<5%,True,False,3,0.050532109629013264,0.44882653790536725,0.0052946135768631233,0.067950679157700894,1.3546892411204203,1.4200367140662831,1.3497877144451702,0.95053015254798978,,1.0465414137564899,False,False,False,,-1,,,False,2,0.050532109629013264,0.017836601074371152,0.017484431037898738,0.001951494703085353
10000,0,single,gaussian_matched,0.050000000000000003,831,25,0.050000000000000003,2.2218730271217,1-<5%,True,False,3,0.050532109629013264,0.44882653790536725,0.0052946135768631233,0.067950679157700894,1.3546892411204203,1.4200367140662831,1.3497877144451702,0.95053015254798978,,1.0465414137564899,False,False,False,,-1,,,False,2,0.050532109629013264,0.017836601074371152,0.017484431037898738,0.001951494703085353
10000,0,single,gaussian_matched,0.050000000000000003,831,26,0.02,2.2218730271217,1-<5%,True,False,2,0.050536187920801147,0.42820451981715163,0.046795364830414098,0.071866965020487117,1.3546892411204203,1.400128054707642,1.3381559841945454,0.95573828386287363,,1.0408460526702399,False,False,False,,-1,,,False,2,0.050536187920801147,0.010534884209654736,0.015835447417091815,0.023362938089121998
10000,0,single,gaussian_matched,0.050000000000000003,831,26,0.050000000000000003,2.2218730271217,1-<5%,True,False,3,0.050536187920801147,0.42820451981715163,0.046795364830414098,0.071866965020487117,1.3546892411204203,1.400128054707642,1.3381559841945454,0.95573828386287363,,1.0408460526702399,False,False,False,,-1,,,False,2,0.050536187920801147,0.010534884209654736,0.015835447417091815,0.023362938089121998
10000,0,single,gaussian_matched,0.050000000000000003,831,27,0.02,2.2218730271217,1-<5%,True,False,1,0.075400995179534622,0.48542910500556569,-0.096307153663096876,0.14703092937860343,1.3546892411204203,1.492292285176132,1.3890510293879454,0.93081700092284458,,1.1338998732256147,False,False,False,,-1,,,False,2,0.075400995179534622,0.02074575441925024,0.028136557489007515,0.00034532917003120869
10000,0,single,gaussian_matched,0.050000000000000003,831,27,0.050000000000000003,2.2218730271217,1-<5%,True,False,3,0.075400995179534622,0.48542910500556569,-0.096307153663096876,0.14703092937860343,1.3546892411204203,1.492292285176132,1.3890510293879454,0.93081700092284458,,1.1338998732256147,False,False,False,,-1,,,False,2,0.075400995179534622,0.02074575441925024,0.028136557489007515,0.00034532917003120869
10000,0,single,gaussian_matched,0.050000000000000003,831,28,0.02,2.2218730271217,1-<5%,True,False,2,0.056827817707040172,0.44454294450492149,-0.013626766738287846,0.084402905458003691,1.3546892411204203,1.4381177915623367,1.3604226384079094,0.94597441627502499,,1.0665365162795151,False,False,False,,-1,,,False,2,0.056827817707040172,0.020597541302035855,0.019740223070099747,0.0084465480361746725
10000,0,single,gaussian_matched,0.050000000000000003,831,28,0.050000000000000003,2.2218730271217,1-<5%,True,False,3,0.056827817707040172,0.44454294450492149,-0.013626766738287846,0.084402905458003691,1.3546892411204203,1.4381177915623367,1.3604226384079094,0.94597441627502499,,1.0665365162795151,False,False,False,,-1,,,False,2,0.056827817707040172,0.020597541302035855,0.019740223070099747,0.0084465480361746725
10000,0,single,gaussian_matched,0.050000000000000003,831,29,0.02,2.2218730271217,1-<5%,True,False,1,0.064714677291512313,0.40606612269335002,0.0052505406826995754,0.10404848588543467,1.3546892411204203,1.4460258692804,1.365710291324425,0.94445771706978987,,1.0849416475724492,False,False,False,,-1,,,False,2,0.064714677291512313,0.023274574230596892,0.020651765649876575,0.010143890075169351
10000,0,single,gaussian_matched,0.050000000000000003,831,29,0.050000000000000003,2.2218730271217,1-<5%,True,False,3,0.064714677291512313,0.40606612269335002,0.0052505406826995754,0.10404848588543467,1.3546892411204203,1.4460258692804,1.365710291324425,0.94445771706978987,,1.0849416475724492,False,False,False,,-1,,,False,2,0.064714677291512313,0.023274574230596892,0.020651765649876575,0.010143890075169351
10000,0,single,gaussian_matched,0.050000000000000003,831,30,0.02,2.2218730271217,1-<5%,True,True,4,0.010629025385233021,0.55071640193379001,0.088366330110468391,0.06359346437532061,1.3546892411204203,1.2968962904417745,1.2773559769016618,0.9849330176328468,0.96916386723203374,0.98985760023304381,True,True,False,4>1>2>3,18,0,0,True,2,0.0092879550896721591,0.0073945640227182398,0.0054289907015874998,0.010629025385233021
10000,0,single,gaussian_matched,0.050000000000000003,831,30,0.050000000000000003,2.2218730271217,1-<5%,True,True,4,0.010629025385233021,0.55071640193379001,0.088366330110468391,0.06359346437532061,1.3546892411204203,1.2968962904417745,1.2773559769016618,0.9849330176328468,0.94565849760859022,0.98985760023304381,True,True,False,4>1>2>3,18,0,0,True,2,0.0092879550896721591,0.0073945640227182398,0.0054289907015874998,0.010629025385233021
10000,0,single,gaussian_matched,0.050000000000000003,831,31,0.02,2.2218730271217,1-<5%,True,False,3,0.022142342606409654,0.50142568537285392,0.070938207137239154,0.020986688564523518,1.3546892411204203,1.3362068295060441,1.3033473183431958,0.97540836460550395,,0.97759247413259509,False,False,False,,-1,,,False,2,0.022142342606409654,0.00081329764069916651,0.0088091731673170543,0.0063817884417037831
10000,0,single,gaussian_matched,0.050000000000000003,831,31,0.050000000000000003,2.2218730271217,1-<5%,True,True,4,0.022142342606409654,0.50142568537285392,0.070938207137239154,0.020986688564523518,1.3546892411204203,1.3362068295060441,1.3033473183431958,0.97540836460550395,0.93798963096619214,0.97759247413259509,True,True,False,4>1>2>3,18,0,0,True,2,0.022142342606409654,0.00081329764069916651,0.0088091731673170543,0.0063817884417037831
