budget,seed,mode,init_name,init_sigma,layout_index,draw_id,tolerance,gap_percent,gap_bin,numeric_valid,success,visited_count,worst_distance,initial_x,initial_y,initial_offset,optimal_nominal,optimal_sampled_start,path_length,path_length_ratio_sampled_start,completion_length_ratio_sampled_start,path_plus_connector_ratio_nominal,success_with_connector,order_evaluable,order_ambiguous,actual_order,order_class,order_excess_nominal_percent,order_excess_sampled_start_percent,success_nearopt_order,available_nearopt_center_orders,target_1_distance,target_2_distance,target_3_distance,target_4_distance
10000,0,multi,gaussian_matched,0.050000000000000003,448,0,0.02,7.2897921044637126,5-<10%,True,False,2,0.33663059017454255,0.52423944955143498,0.031199085783589712,0.03067613551165433,1.888530859543198,1.9081400024525106,1.7358393321046703,0.90970229117025792,,0.9353913697992805,False,False,False,,-1,,,False,1,0.021867757338284222,0.0079292098084334951,0.012840706313016627,0.33663059017454255
10000,0,multi,gaussian_matched,0.050000000000000003,448,0,0.050000000000000003,7.2897921044637126,5-<10%,True,False,3,0.33663059017454255,0.52423944955143498,0.031199085783589712,0.03067613551165433,1.888530859543198,1.9081400024525106,1.7358393321046703,0.90970229117025792,,0.9353913697992805,False,False,False,,-1,,,False,1,0.021867757338284222,0.0079292098084334951,0.012840706313016627,0.33663059017454255
10000,0,multi,gaussian_matched,0.050000000000000003,448,1,0.02,7.2897921044637126,5-<10%,True,False,3,0.02232204595262292,0.54543269625019242,0.039442110093412142,0.046643316003923629,1.888530859543198,1.9023624601507008,1.9071299692376622,1.0025060992249519,,1.034546655866756,False,False,False,,-1,,,False,1,0.014602183114754507,0.011067515330819063,0.0093344428730770725,0.02232204595262292
10000,0,multi,gaussian_matched,0.050000000000000003,448,1,0.050000000000000003,7.2897921044637126,5-<10%,True,True,4,0.02232204595262292,0.54543269625019242,0.039442110093412142,0.046643316003923629,1.888530859543198,1.9023624601507008,1.9071299692376622,1.0025060992249519,0.9872271346694782,1.034546655866756,True,True,False,1>2>3>4,0,0,0,True,1,0.014602183114754507,0.011067515330819063,0.0093344428730770725,0.02232204595262292
10000,0,multi,gaussian_matched,0.050000000000000003,448,2,0.02,7.2897921044637126,5-<10%,True,False,1,0.34288018175121204,0.50715524799224621,0.019619330080269878,0.031211899631424841,1.888530859543198,1.9189351377521042,1.9478573396441639,1.0150720059907496,,1.0479411703943722,False,False,False,,-1,,,False,1,0.033412533169777339,0.021479510433946705,0.011218415537057085,0.34288018175121204
10000,0,multi,gaussian_matched,0.050000000000000003,448,2,0.050000000000000003,7.2897921044637126,5-<10%,True,False,3,0.34288018175121204,0.50715524799224621,0.019619330080269878,0.031211899631424841,1.888530859543198,1.9189351377521042,1.9478573396441639,1.0150720059907496,,1.0479411703943722,False,False,False,,-1,,,False,1,0.033412533169777339,0.021479510433946705,0.011218415537057085,0.34288018175121204
10000,0,multi,gaussian_matched,0.050000000000000003,448,3,0.02,7.2897921044637126,5-<10%,True,False,2,0.3442415485188049,0.46017618188956072,0.093485092205699311,0.058965156940616395,1.888530859543198,1.849000835542995,1.8836710073888723,1.0187507605077397,,1.0286494152387733,False,False,False,,-1,,,False,1,0.031513025665619414,0.014253579279812885,0.014924255279358136,0.3442415485188049
10000,0,multi,gaussian_matched,0.050000000000000003,448,3,0.050000000000000003,7.2897921044637126,5-<10%,True,False,3,0.3442415485188049,0.46017618188956072,0.093485092205699311,0.058965156940616395,1.888530859543198,1.849000835542995,1.8836710073888723,1.0187507605077397,,1.0286494152387733,False,False,False,,-1,,,False,1,0.031513025665619414,0.014253579279812885,0.014924255279358136,0.3442415485188049
10000,0,multi,gaussian_matched,0.050000000000000003,448,4,0.02,7.2897921044637126,5-<10%,True,False,3,0.048221569449712127,0.54109335128536784,-0.0072827874067965676,0.070498093966822203,1.888530859543198,1.9480799210678201,1.9362782937045835,0.99394191827778411,,1.0626124415869005,False,False,False,,-1,,,False,1,0.048221569449712127,0.0062692007642347345,0.0083539292198044467,0.018443914617825401
10000,0,multi,gaussian_matched,0.050000000000000003,448,4,0.050000000000000003,7.2897921044637126,5-<10%,True,True,4,0.048221569449712127,0.54109335128536784,-0.0072827874067965676,0.070498093966822203,1.888530859543198,1.9480799210678201,1.9362782937045835,0.99394191827778411,0.97724236094376826,1.0626124415869005,True,True,False,1>2>3>4,0,0,0,True,1,0.048221569449712127,0.0062692007642347345,0.0083539292198044467,0.018443914617825401
10000,0,multi,gaussian_matched,0.050000000000000003,448,5,0.02,7.2897921044637126,5-<10%,True,False,1,0.36279461008832337,0.46431572844995361,-0.016265846276160595,0.075263069421550949,1.888530859543198,1.9569651500795811,1.9212877960711281,0.98176903967502838,,1.0571979035468921,False,False,False,,-1,,,False,1,0.078090060021175536,0.048376584741842962,0.00049213300776811619,0.36279461008832337
10000,0,multi,gaussian_matched,0.050000000000000003,448,5,0.050000000000000003,7.2897921044637126,5-<10%,True,False,2,0.36279461008832337,0.46431572844995361,-0.016265846276160595,0.075263069421550949,1.888530859543198,1.9569651500795811,1.9212877960711281,0.98176903967502838,,1.0571979035468921,False,False,False,,-1,,,False,1,0.078090060021175536,0.048376584741842962,0.00049213300776811619,0.36279461008832337
10000,0,multi,gaussian_matched,0.050000000000000003,448,6,0.02,7.2897921044637126,5-<10%,True,False,3,0.34292798787123396,0.5030259385092517,0.06036231065209105,0.010795081561165345,1.888530859543198,1.8781569283057433,1.9199996101922778,1.0222785866590394,,1.0223792118602013,False,False,False,,-1,,,False,1,0.0057968642896491758,0.00018017203491313565,0.014028057579936633,0.34292798787123396
10000,0,multi,gaussian_matched,0.050000000000000003,448,6,0.050000000000000003,7.2897921044637126,5-<10%,True,False,3,0.34292798787123396,0.5030259385092517,0.06036231065209105,0.010795081561165345,1.888530859543198,1.8781569283057433,1.9199996101922778,1.0222785866590394,,1.0223792118602013,False,False,False,,-1,,,False,1,0.0057968642896491758,0.00018017203491313565,0.014028057579936633,0.34292798787123396
10000,0,multi,gaussian_matched,0.050000000000000003,448,7,0.02,7.2897921044637126,5-<10%,True,False,0,0.15273552011595687,0.60901628029436405,0.015324991575213741,0.11439801387471003,1.888530859543198,1.9413907101815313,1.762114819671293,0.90765594500373659,,0.99363630944314996,False,False,False,,-1,,,False,1,0.026895878384993393,0.15273552011595687,0.084572586241935727,0.02281042967409886
10000,0,multi,gaussian_matched,0.050000000000000003,448,7,0.050000000000000003,7.2897921044637126,5-<10%,True,False,2,0.15273552011595687,0.60901628029436405,0.015324991575213741,0.11439801387471003,1.888530859543198,1.9413907101815313,1.762114819671293,0.90765594500373659,,0.99363630944314996,False,False,False,,-1,,,False,1,0.026895878384993393,0.15273552011595687,0.084572586241935727,0.02281042967409886
10000,0,multi,gaussian_matched,0.050000000000000003,448,8,0.02,7.2897921044637126,5-<10%,True,False,1,0.34971225690744617,0.47068533875130647,0.027926897857600025,0.036695656450245938,1.888530859543198,1.9123376606644809,1.9246138256470311,1.0064194546993781,,1.0385371635238636,False,False,False,,-1,,,False,1,0.040491417219771141,0.023575973448394544,0.0067801828968167537,0.34971225690744617
10000,0,multi,gaussian_matched,0.050000000000000003,448,8,0.050000000000000003,7.2897921044637126,5-<10%,True,False,3,0.34971225690744617,0.47068533875130647,0.027926897857600025,0.036695656450245938,1.888530859543198,1.9123376606644809,1.9246138256470311,1.0064194546993781,,1.0385371635238636,False,False,False,,-1,,,False,1,0.040491417219771141,0.023575973448394544,0.0067801828968167537,0.34971225690744617
10000,0,multi,gaussian_matched,0.050000000000000003,448,9,0.02,7.2897921044637126,5-<10%,True,False,2,0.33445711805335071,0.4982571839961466,0.10704366979472611,0.057070287113988094,1.888530859543198,1.8315186972459514,1.6829903490854923,0.91890426869034936,,0.92138321563904446,False,False,False,,-1,,,False,1,0.0060168613779189931,0.029163776979151016,0.010776601528155362,0.33445711805335071
10000,0,multi,gaussian_matched,0.050000000000000003,448,9,0.050000000000000003,7.2897921044637126,5-<10%,True,False,3,0.33445711805335071,0.4982571839961466,0.10704366979472611,0.057070287113988094,1.888530859543198,1.8315186972459514,1.6829903490854923,0.91890426869034936,,0.92138321563904446,False,False,False,,-1,,,False,1,0.0060168613779189931,0.029163776979151016,0.010776601528155362,0.33445711805335071
10000,0,multi,gaussian_matched,0.050000000000000003,448,10,0.02,7.2897921044637126,5-<10%,True,False,3,0.032823636658184552,0.55897878903640852,0.012421773238625804,0.069932972786307612,1.888530859543198,1.9312693760892337,1.9151309493267279,0.99164361690693525,,1.0511154276786281,False,False,False,,-1,,,False,1,0.032823636658184552,0.017280907334252943,0.0054336134398516624,0.018566022529753843
10000,0,multi,gaussian_matched,0.050000000000000003,448,10,0.050000000000000003,7.2897921044637126,5-<10%,True,True,4,0.032823636658184552,0.55897878903640852,0.012421773238625804,0.069932972786307612,1.888530859543198,1.9312693760892337,1.9151309493267279,0.99164361690693525,0.97464246709392188,1.0511154276786281,True,True,False,1>2>3>4,0,0,0,True,1,0.032823636658184552,0.017280907334252943,0.0054336134398516624,0.018566022529753843
10000,0,multi,gaussian_matched,0.050000000000000003,448,11,0.02,7.2897921044637126,5-<10%,True,False,2,0.34605259933113958,0.45869000343768002,0.078945934287870445,0.050441876727344341,1.888530859543198,1.863566314401605,1.8920380259248486,1.0152780780073212,,1.0285666727850262,False,False,False,,-1,,,False,1,0.032033801296647131,0.0051587324216398498,0.012673820185631481,0.34605259933113958
10000,0,multi,gaussian_matched,0.050000000000000003,448,11,0.050000000000000003,7.2897921044637126,5-<10%,True,False,3,0.34605259933113958,0.45869000343768002,0.078945934287870445,0.050441876727344341,1.888530859543198,1.863566314401605,1.8920380259248486,1.0152780780073212,,1.0285666727850262,False,False,False,,-1,,,False,1,0.032033801296647131,0.0051587324216398498,0.012673820185631481,0.34605259933113958
10000,0,multi,gaussian_matched,0.050000000000000003,448,12,0.02,7.2897921044637126,5-<10%,True,False,2,0.033195516384984199,0.54235054448307096,0.086139984988022195,0.055674654313673487,1.888530859543198,1.855775239269928,1.8718551174400411,1.0086647767627501,,1.0206503971134206,False,False,False,,-1,,,False,1,0.018178970264555932,0.033195516384984199,0.0081240214586029216,0.024375389391889008
10000,0,multi,gaussian_matched,0.050000000000000003,448,12,0.050000000000000003,7.2897921044637126,5-<10%,True,True,4,0.033195516384984199,0.54235054448307096,0.086139984988022195,0.055674654313673487,1.888530859543198,1.855775239269928,1.8718551174400411,1.0086647767627501,0.99384694454505695,1.0206503971134206,True,True,False,1>2>3>4,0,0,0,True,1,0.018178970264555932,0.033195516384984199,0.0081240214586029216,0.024375389391889008
10000,0,multi,gaussian_matched,0.050000000000000003,448,13,0.02,7.2897921044637126,5-<10%,True,False,1,0.34959128649158921,0.47823958434054348,0.018459117000263876,0.038318963843968483,1.888530859543198,1.9210448635778226,1.9338752426759658,1.0066788544824754,,1.0443007571488523,False,False,False,,-1,,,False,1,0.043248088042842248,0.028085635640974806,0.0062170670711383675,0.34959128649158921
10000,0,multi,gaussian_matched,0.050000000000000003,448,13,0.050000000000000003,7.2897921044637126,5-<10%,True,False,3,0.34959128649158921,0.47823958434054348,0.018459117000263876,0.038318963843968483,1.888530859543198,1.9210448635778226,1.9338752426759658,1.0066788544824754,,1.0443007571488523,False,False,False,,-1,,,False,1,0.043248088042842248,0.028085635640974806,0.0062170670711383675,0.34959128649158921
10000,0,multi,gaussian_matched,0.050000000000000003,448,14,0.02,7.2897921044637126,5-<10%,True,False,2,0.33772027894530182,0.5226839641418245,0.0321966629885167,0.02883610649744571,1.888530859543198,1.9070316266277274,1.7342926727804677,0.9094199847368446,,0.933598077239989,False,False,False,,-1,,,False,1,0.021311496493975374,0.0082142828673684581,0.013089900036284128,0.33772027894530182
10000,0,multi,gaussian_matched,0.050000000000000003,448,14,0.050000000000000003,7.2897921044637126,5-<10%,True,False,3,0.33772027894530182,0.5226839641418245,0.0321966629885167,0.02883610649744571,1.888530859543198,1.9070316266277274,1.7342926727804677,0.9094199847368446,,0.933598077239989,False,False,False,,-1,,,False,1,0.021311496493975374,0.0082142828673684581,0.013089900036284128,0.33772027894530182
10000,0,multi,gaussian_matched,0.050000000000000003,448,15,0.02,7.2897921044637126,5-<10%,True,False,1,0.35174071669270196,0.48470406975917951,-0.011026976286718004,0.062914682838203104,1.888530859543198,1.9500293826052035,1.9500488163416052,1.0000099658685018,,1.0658885921867902,False,False,False,,-1,,,False,1,0.063234943237033894,0.042826746981894245,0.0031858753474376627,0.35174071669270196
10000,0,multi,gaussian_matched,0.050000000000000003,448,15,0.050000000000000003,7.2897921044637126,5-<10%,True,False,2,0.35174071669270196,0.48470406975917951,-0.011026976286718004,0.062914682838203104,1.888530859543198,1.9500293826052035,1.9500488163416052,1.0000099658685018,,1.0658885921867902,False,False,False,,-1,,,False,1,0.063234943237033894,0.042826746981894245,0.0031858753474376627,0.35174071669270196
10000,0,multi,gaussian_matched,0.050000000000000003,448,16,0.02,7.2897921044637126,5-<10%,True,False,2,0.33169786460366601,0.51788924928057301,0.094495279861726469,0.047956805250098156,1.888530859543198,1.8445504043445617,1.6968509423543749,0.9199265785080728,,0.92389686871545806,False,False,False,,-1,,,False,1,0.0088318659077277623,0.027083818148715407,0.01043599581682194,0.33169786460366601
10000,0,multi,gaussian_matched,0.050000000000000003,448,16,0.050000000000000003,7.2897921044637126,5-<10%,True,False,3,0.33169786460366601,0.51788924928057301,0.094495279861726469,0.047956805250098156,1.888530859543198,1.8445504043445617,1.6968509423543749,0.9199265785080728,,0.92389686871545806,False,False,False,,-1,,,False,1,0.0088318659077277623,0.027083818148715407,0.01043599581682194,0.33169786460366601
10000,0,multi,gaussian_matched,0.050000000000000003,448,17,0.02,7.2897921044637126,5-<10%,True,False,2,0.34376570738864948,0.4378037060281173,0.10148218511014803,0.080739051069184609,1.888530859543198,1.8465194854999618,1.866428943230936,1.0107821541485567,,1.0310490741841019,False,False,False,,-1,,,False,1,0.048789597816486056,0.018957984642713158,0.01513653286330412,0.34376570738864948
10000,0,multi,gaussian_matched,0.050000000000000003,448,17,0.050000000000000003,7.2897921044637126,5-<10%,True,False,3,0.34376570738864948,0.4378037060281173,0.10148218511014803,0.080739051069184609,1.888530859543198,1.8465194854999618,1.866428943230936,1.0107821541485567,,1.0310490741841019,False,False,False,,-1,,,False,1,0.048789597816486056,0.018957984642713158,0.01513653286330412,0.34376570738864948
10000,0,multi,gaussian_matched,0.050000000000000003,448,18,0.02,7.2897921044637126,5-<10%,True,False,1,0.35085700419541371,0.48218119933651071,0.0016281586510541041,0.051549439304154981,1.888530859543198,1.9375457445610966,1.9433468155175939,1.0029940304494909,,1.0563217671244614,False,False,False,,-1,,,False,1,0.054196839640079639,0.036597832001157585,0.0046087465827804987,0.35085700419541371
10000,0,multi,gaussian_matched,0.050000000000000003,448,18,0.050000000000000003,7.2897921044637126,5-<10%,True,False,2,0.35085700419541371,0.48218119933651071,0.0016281586510541041,0.051549439304154981,1.888530859543198,1.9375457445610966,1.9433468155175939,1.0029940304494909,,1.0563217671244614,False,False,False,,-1,,,False,1,0.054196839640079639,0.036597832001157585,0.0046087465827804987,0.35085700419541371
10000,0,multi,gaussian_matched,0.050000000000000003,448,19,0.02,7.2897921044637126,5-<10%,True,False,2,0.32124245484686853,0.53298127140216467,0.079772142326343248,0.044431348415316908,1.888530859543198,1.8606855716548978,1.7162975885906258,0.92240065421915807,,0.93232733164436177,False,False,False,,-1,,,False,1,0.014003334517199239,0.024303835491100316,0.01013204611919645,0.32124245484686853
10000,0,multi,gaussian_matched,0.050000000000000003,448,19,0.050000000000000003,7.2897921044637126,5-<10%,True,False,3,0.32124245484686853,0.53298127140216467,0.079772142326343248,0.044431348415316908,1.888530859543198,1.8606855716548978,1.7162975885906258,0.92240065421915807,,0.93232733164436177,False,False,False,,-1,,,False,1,0.014003334517199239,0.024303835491100316,0.01013204611919645,0.32124245484686853
10000,0,multi,gaussian_matched,0.050000000000000003,448,20,0.02,7.2897921044637126,5-<10%,True,False,2,0.33682811440641719,0.51534691117608933,0.08871029882578392,0.041641504749807774,1.888530859543198,1.8501661489589445,1.6975589186160789,0.91751701303759392,,0.9209277225083673,False,False,False,,-1,,,False,1,0.0074877930663162515,0.022237344931454895,0.011529705697977809,0.33682811440641719
10000,0,multi,gaussian_matched,0.050000000000000003,448,20,0.050000000000000003,7.2897921044637126,5-<10%,True,False,3,0.33682811440641719,0.51534691117608933,0.08871029882578392,0.041641504749807774,1.888530859543198,1.8501661489589445,1.6975589186160789,0.91751701303759392,,0.9209277225083673,False,False,False,,-1,,,False,1,0.0074877930663162515,0.022237344931454895,0.011529705697977809,0.33682811440641719
10000,0,multi,gaussian_matched,0.050000000000000003,448,21,0.02,7.2897921044637126,5-<10%,True,False,2,0.053959711119352952,0.57751389286756072,-0.021442576964906548,0.10541558419356351,1.888530859543198,1.9681485392085667,1.898876565556763,0.96480348293241147,,1.061297007471262,False,False,False,,-1,,,False,1,0.053959711119352952,0.048045909608601819,0.0060153618643107786,0.012332288056494481
10000,0,multi,gaussian_matched,0.050000000000000003,448,21,0.050000000000000003,7.2897921044637126,5-<10%,True,False,3,0.053959711119352952,0.57751389286756072,-0.021442576964906548,0.10541558419356351,1.888530859543198,1.9681485392085667,1.898876565556763,0.96480348293241147,,1.061297007471262,False,False,False,,-1,,,False,1,0.053959711119352952,0.048045909608601819,0.0060153618643107786,0.012332288056494481
10000,0,multi,gaussian_matched,0.050000000000000003,448,22,0.02,7.2897921044637126,5-<10%,True,False,2,0.34687294250406653,0.46847425819279803,0.059320464114881163,0.032874662702621751,1.888530859543198,1.881434462594374,1.9083436040291293,1.0143024601546042,,1.0278986212601775,False,False,False,,-1,,,False,1,0.027389526242658984,0.0060459484513345546,0.010594835257245515,0.34687294250406653
10000,0,multi,gaussian_matched,0.050000000000000003,448,22,0.050000000000000003,7.2897921044637126,5-<10%,True,False,3,0.34687294250406653,0.46847425819279803,0.059320464114881163,0.032874662702621751,1.888530859543198,1.881434462594374,1.9083436040291293,1.0143024601546042,,1.0278986212601775,False,False,False,,-1,,,False,1,0.027389526242658984,0.0060459484513345546,0.010594835257245515,0.34687294250406653
10000,0,multi,gaussian_matched,0.050000000000000003,448,23,0.02,7.2897921044637126,5-<10%,True,False,1,0.34076522303075962,0.51286437344612357,-0.030512176392051019,0.081533444987600442,1.888530859543198,1.9691838942114983,1.7674074058657037,0.89753293791457189,,0.97903661013012511,False,False,False,,-1,,,False,1,0.071318196669063777,0.034851914009228831,0.0021615308027876489,0.34076522303075962
10000,0,multi,gaussian_matched,0.050000000000000003,448,23,0.050000000000000003,7.2897921044637126,5-<10%,True,False,2,0.34076522303075962,0.51286437344612357,-0.030512176392051019,0.081533444987600442,1.888530859543198,1.9691838942114983,1.7674074058657037,0.89753293791457189,,0.97903661013012511,False,False,False,,-1,,,False,1,0.071318196669063777,0.034851914009228831,0.0021615308027876489,0.34076522303075962
10000,0,multi,gaussian_matched,0.050000000000000003,448,24,0.02,7.2897921044637126,5-<10%,True,False,2,0.024703582505152533,0.55703822964319205,0.048283631040034879,0.057064047904405134,1.888530859543198,1.8956908825953429,1.8971726655035379,1.0007816585086733,,1.0347920467027147,False,False,False,,-1,,,False,1,0.0085997178481854921,0.024703582505152533,0.0074956661544651072,0.021930138928600375
10000,0,multi,gaussian_matched,0.050000000000000003,448,24,0.050000000000000003,7.2897921044637126,5-<10%,True,True,4,0.024703582505152533,0.55703822964319205,0.048283631040034879,0.057064047904405134,1.888530859543198,1.8956908825953429,1.8971726655035379,1.0007816585086733,0.98508030425517157,1.0347920467027147,True,True,False,1>2>3>4,0,0,0,True,1,0.0085997178481854921,0.024703582505152533,0.0074956661544651072,0.021930138928600375
10000,0,multi,gaussian_matched,0.050000000000000003,448,25,0.02,7.2897921044637126,5-<10%,True,False,2,0.34627721199480549,0.47709471948152016,0.057235652041010138,0.02402096034901241,1.888530859543198,1.8825232256572215,1.913774774679009,1.0166008836416225,,1.0260863492041321,False,False,False,,-1,,,False,1,0.02238505967751615,0.0066096938846778265,0.010849953382555693,0.34627721199480549
10000,0,multi,gaussian_matched,0.050000000000000003,448,25,0.050000000000000003,7.2897921044637126,5-<10%,True,False,3,0.34627721199480549,0.47709471948152016,0.057235652041010138,0.02402096034901241,1.888530859543198,1.8825232256572215,1.913774774679009,1.0166008836416225,,1.0260863492041321,False,False,False,,-1,,,False,1,0.02238505967751615,0.0066096938846778265,0.010849953382555693,0.34627721199480549
10000,0,multi,gaussian_matched,0.050000000000000003,448,26,0.02,7.2897921044637126,5-<10%,True,False,2,0.36910151172883726,0.38592662193942129,0.063067483297860827,0.11481940037246141,1.888530859543198,1.9008826267845582,1.7744301842043773,0.93347698548116997,,1.0003805736242057,False,False,False,,-1,,,False,1,0.20041296502395858,0.0097791096472892927,0.0047841980613209448,0.36910151172883726
10000,0,multi,gaussian_matched,0.050000000000000003,448,26,0.050000000000000003,7.2897921044637126,5-<10%,True,False,2,0.36910151172883726,0.38592662193942129,0.063067483297860827,0.11481940037246141,1.888530859543198,1.9008826267845582,1.7744301842043773,0.93347698548116997,,1.0003805736242057,False,False,False,,-1,,,False,1,0.20041296502395858,0.0097791096472892927,0.0047841980613209448,0.36910151172883726
10000,0,multi,gaussian_matched,0.050000000000000003,448,27,0.02,7.2897921044637126,5-<10%,True,False,1,0.35220640782964774,0.48231738777089278,-0.0085259133000912951,0.061138836289667597,1.888530859543198,1.9476710123450454,1.9469858162863805,0.99964819722924358,,1.0633263642097845,False,False,False,,-1,,,False,1,0.06206889408080949,0.041881004655335244,0.0034675099319368039,0.35220640782964774
10000,0,multi,gaussian_matched,0.050000000000000003,448,27,0.050000000000000003,7.2897921044637126,5-<10%,True,False,2,0.35220640782964774,0.48231738777089278,-0.0085259133000912951,0.061138836289667597,1.888530859543198,1.9476710123450454,1.9469858162863805,0.99964819722924358,,1.0633263642097845,False,False,False,,-1,,,False,1,0.06206889408080949,0.041881004655335244,0.0034675099319368039,0.35220640782964774
10000,0,multi,gaussian_matched,0.050000000000000003,448,28,0.02,7.2897921044637126,5-<10%,True,False,2,0.34156334996806975,0.51171611378430992,0.022012816140919801,0.030340563319899917,1.888530859543198,1.9166482211703475,1.9430581685732204,1.0137792356005457,,1.0449385679461178,False,False,False,,-1,,,False,1,0.030683810146102854,0.018562875484982463,0.012408845782290399,0.34156334996806975
10000,0,multi,gaussian_matched,0.050000000000000003,448,28,0.050000000000000003,7.2897921044637126,5-<10%,True,False,3,0.34156334996806975,0.51171611378430992,0.022012816140919801,0.030340563319899917,1.888530859543198,1.9166482211703475,1.9430581685732204,1.0137792356005457,,1.0449385679461178,False,False,False,,-1,,,False,1,0.030683810146102854,0.018562875484982463,0.012408845782290399,0.34156334996806975
10000,0,multi,gaussian_matched,0.050000000000000003,448,29,0.02,7.2897921044637126,5-<10%,True,False,1,0.35362606676200797,0.47629222772504742,-0.0047686280049523272,0.059679653817577213,1.888530859543198,1.9443540227132303,1.9398456844494021,0.99768131821100303,,1.0587729229643772,False,False,False,,-1,,,False,1,0.061392547823776872,0.040674045217684016,0.0031805753139895702,0.35362606676200797
10000,0,multi,gaussian_matched,0.050000000000000003,448,29,0.050000000000000003,7.2897921044637126,5-<10%,True,False,2,0.35362606676200797,0.47629222772504742,-0.0047686280049523272,0.059679653817577213,1.888530859543198,1.9443540227132303,1.9398456844494021,0.99768131821100303,,1.0587729229643772,False,False,False,,-1,,,False,1,0.061392547823776872,0.040674045217684016,0.0031805753139895702,0.35362606676200797
10000,0,multi,gaussian_matched,0.050000000000000003,448,30,0.02,7.2897921044637126,5-<10%,True,False,2,0.33882391041164905,0.48231581473483304,0.10849000571096951,0.061104919413759097,1.888530859543198,1.8310041789380056,1.6759247923281926,0.91530364136046916,,0.91977830437047148,False,False,False,,-1,,,False,1,0.017310374795625673,0.026516348145361499,0.01201924623546166,0.33882391041164905
10000,0,multi,gaussian_matched,0.050000000000000003,448,30,0.050000000000000003,7.2897921044637126,5-<10%,True,False,3,0.33882391041164905,0.48231581473483304,0.10849000571096951,0.061104919413759097,1.888530859543198,1.8310041789380056,1.6759247923281926,0.91530364136046916,,0.91977830437047148,False,False,False,,-1,,,False,1,0.017310374795625673,0.026516348145361499,0.01201924623546166,0.33882391041164905
10000,0,multi,gaussian_matched,0.050000000000000003,448,31,0.02,7.2897921044637126,5-<10%,True,False,1,0.33655735751048288,0.3852959930026203,0.12985759433940708,0.13976496197163377,1.888530859543198,1.8422457006065538,1.536419438102588,0.83399268490447642,,0.88755997372458129,False,False,False,,-1,,,False,1,0.13278882037583584,0.039539606971681143,0.011034113004294636,0.33655735751048288
10000,0,multi,gaussian_matched,0.050000000000000003,448,31,0.050000000000000003,7.2897921044637126,5-<10%,True,False,2,0.33655735751048288,0.3852959930026203,0.12985759433940708,0.13976496197163377,1.888530859543198,1.8422457006065538,1.536419438102588,0.83399268490447642,,0.88755997372458129,False,False,False,,-1,,,False,1,0.13278882037583584,0.039539606971681143,0.011034113004294636,0.33655735751048288
10000,0,multi,gaussian_matched,0.050000000000000003,449,0,0.02,6.2606598809607119,5-<10%,True,False,3,0.020786940253928007,0.51929728610336578,-0.0081047049908468116,0.06122533783515198,1.0684489900876648,1.0837232388440721,1.0972674196972192,1.0124978226614332,,1.0842752141469274,False,False,False,,-1,,,False,1,0.0061263567345545512,0.010524743176585397,0.020786940253928007,0.011332442351139581
10000,0,multi,gaussian_matched,0.050000000000000003,449,0,0.050000000000000003,6.2606598809607119,5-<10%,True,True,4,0.020786940253928007,0.51929728610336578,-0.0081047049908468116,0.06122533783515198,1.0684489900876648,1.0837232388440721,1.0972674196972192,1.0124978226614332,0.97009983200229144,1.0842752141469274,True,True,False,4>3>2>1,23,0,0,True,1,0.0061263567345545512,0.010524743176585397,0.020786940253928007,0.011332442351139581
10000,0,multi,gaussian_matched,0.050000000000000003,449,1,0.02,6.2606598809607119,5-<10%,True,True,4,0.015478588228912892,0.54985403088453977,0.026276922500727298,0.055210585954807108,1.0684489900876648,1.0387113426661971,1.07536412274737,1.0352867813950037,1.019668420993737,1.0581457039043249,True,True,False,4>3>2>1,23,0,0,True,1,0.0040765633837509946,0.0013857652963388061,0.015478588228912892,0.0052500454519919266
10000,0,multi,gaussian_matched,0.050000000000000003,449,1,0.050000000000000003,6.2606598809607119,5-<10%,True,True,4,0.015478588228912892,0.54985403088453977,0.026276922500727298,0.055210585954807108,1.0684489900876648,1.0387113426661971,1.07536412274737,1.0352867813950037,0.99075204727298427,1.0581457039043249,True,True,False,4>3>2>1,23,0,0,True,1,0.0040765633837509946,0.0013857652963388061,0.015478588228912892,0.0052500454519919266
10000,0,multi,gaussian_matched,0.050000000000000003,449,2,0.02,6.2606598809607119,5-<10%,True,True,4,0.011036585743609138,0.49065241849202618,0.018149430675622698,0.033193915802977793,1.0684489900876648,1.0924947790722672,1.0866130315448217,0.9946162236743683,0.97722849241489251,1.0480677671433998,True,True,False,4>3>2>1,23,0,0,True,1,0.0057318136718101775,0.0089707993851738492,0.011036585743609138,0.008880624071368708
10000,0,multi,gaussian_matched,0.050000000000000003,449,2,0.050000000000000003,6.2606598809607119,5-<10%,True,True,4,0.011036585743609138,0.49065241849202618,0.018149430675622698,0.033193915802977793,1.0684489900876648,1.0924947790722672,1.0866130315448217,0.9946162236743683,0.94934057674196715,1.0480677671433998,True,True,False,4>3>2>1,23,0,0,True,1,0.0057318136718101775,0.0089707993851738492,0.011036585743609138,0.008880624071368708
10000,0,multi,gaussian_matched,0.050000000000000003,449,3,0.02,6.2606598809607119,5-<10%,True,False,1,0.10523775184445387,0.39369733887906699,0.075790699116792537,0.10938654360717705,1.0684489900876648,1.0804913452342564,1.1001866554641753,1.0182281054973641,,1.1320832443036035,False,False,False,,-1,,,False,1,0.010583362249261586,0.065929647319708157,0.046208325884827511,0.10523775184445387
10000,0,multi,gaussian_matched,0.050000000000000003,449,3,0.050000000000000003,6.2606598809607119,5-<10%,True,False,2,0.10523775184445387,0.39369733887906699,0.075790699116792537,0.10938654360717705,1.0684489900876648,1.0804913452342564,1.1001866554641753,1.0182281054973641,,1.1320832443036035,False,False,False,,-1,,,False,1,0.010583362249261586,0.065929647319708157,0.046208325884827511,0.10523775184445387
10000,0,multi,gaussian_matched,0.050000000000000003,449,4,0.02,6.2606598809607119,5-<10%,True,True,4,0.015266462030608984,0.54135696753157048,0.023151473823496468,0.049307627414607674,1.0684489900876648,1.0474425971419856,1.0778845399276691,1.0290631132137897,1.0133125166756607,1.0549798612751669,True,True,False,4>3>2>1,23,0,0,True,1,0.004067315020568155,0.0028220427459207335,0.015266462030608984,0.0028253462560281582
10000,0,multi,gaussian_matched,0.050000000000000003,449,4,0.050000000000000003,6.2606598809607119,5-<10%,True,True,4,0.015266462030608984,0.54135696753157048,0.023151473823496468,0.049307627414607674,1.0684489900876648,1.0474425971419856,1.0778845399276691,1.0290631132137897,0.98460746978524749,1.0549798612751669,True,True,False,4>3>2>1,23,0,0,True,1,0.004067315020568155,0.0028220427459207335,0.015266462030608984,0.0028253462560281582
10000,0,multi,gaussian_matched,0.050000000000000003,449,5,0.02,6.2606598809607119,5-<10%,True,False,1,0.052291882938926955,0.45583466622224589,0.13192700957203768,0.093073151902775819,1.0684489900876648,1.0488961751707657,1.1024590588598038,1.0510659538636584,,1.1189417762138443,False,False,False,,-1,,,False,1,0.031533688701454621,0.011654572987419017,0.052291882938926955,0.045009317570398846
10000,0,multi,gaussian_matched,0.050000000000000003,449,5,0.050000000000000003,6.2606598809607119,5-<10%,True,False,3,0.052291882938926955,0.45583466622224589,0.13192700957203768,0.093073151902775819,1.0684489900876648,1.0488961751707657,1.1024590588598038,1.0510659538636584,,1.1189417762138443,False,False,False,,-1,,,False,1,0.031533688701454621,0.011654572987419017,0.052291882938926955,0.045009317570398846
10000,0,multi,gaussian_matched,0.050000000000000003,449,6,0.02,6.2606598809607119,5-<10%,True,False,3,0.025803476108310575,0.45937741660646253,0.010242859727775291,0.056840342048498076,1.0684489900876648,1.1233638644677399,1.0895092511196827,0.96986318109484682,,1.0729099880323947,False,False,False,,-1,,,False,1,0.0091783336554494537,0.0087850526545498169,0.014891297282509456,0.025803476108310575
10000,0,multi,gaussian_matched,0.050000000000000003,449,6,0.050000000000000003,6.2606598809607119,5-<10%,True,True,4,0.025803476108310575,0.45937741660646253,0.010242859727775291,0.056840342048498076,1.0684489900876648,1.1233638644677399,1.0895092511196827,0.96986318109484682,0.92398379942685205,1.0729099880323947,True,True,False,4>3>2>1,23,0,0,True,1,0.0091783336554494537,0.0087850526545498169,0.014891297282509456,0.025803476108310575
10000,0,multi,gaussian_matched,0.050000000000000003,449,7,0.02,6.2606598809607119,5-<10%,True,False,3,0.021360936085016886,0.46540102424077751,0.0086737810533693907,0.053897546289345274,1.0684489900876648,1.1189877540577351,1.0924294573251989,0.97626578428921229,,1.0728888456532581,False,False,False,,-1,,,False,1,0.0084895277760863152,0.0097269875103550476,0.014483040930822038,0.021360936085016886
10000,0,multi,gaussian_matched,0.050000000000000003,449,7,0.050000000000000003,6.2606598809607119,5-<10%,True,True,4,0.021360936085016886,0.46540102424077751,0.0086737810533693907,0.053897546289345274,1.0684489900876648,1.1189877540577351,1.0924294573251989,0.97626578428921229,0.93100442270309669,1.0728888456532581,True,True,False,4>3>2>1,23,0,0,True,1,0.0084895277760863152,0.0097269875103550476,0.014483040930822038,0.021360936085016886
10000,0,multi,gaussian_matched,0.050000000000000003,449,8,0.02,6.2606598809607119,5-<10%,True,True,4,0.010429930601606498,0.53022953185480748,0.035162096429809789,0.033674737987385787,1.0684489900876648,1.0499413161846034,1.072672059020477,1.0216495364888347,1.0044463371839414,1.0354699262873455,True,True,False,4>3>2>1,23,0,0,True,1,0.0028507159144193278,0.0014584373161431587,0.010429930601606498,0.0050964027196461967
10000,0,multi,gaussian_matched,0.050000000000000003,449,8,0.050000000000000003,6.2606598809607119,5-<10%,True,True,4,0.010429930601606498,0.53022953185480748,0.035162096429809789,0.033674737987385787,1.0684489900876648,1.0499413161846034,1.072672059020477,1.0216495364888347,0.97581420593402568,1.0354699262873455,True,True,False,4>3>2>1,23,0,0,True,1,0.0028507159144193278,0.0014584373161431587,0.010429930601606498,0.0050964027196461967
10000,0,multi,gaussian_matched,0.050000000000000003,449,9,0.02,6.2606598809607119,5-<10%,True,False,2,0.047467143759262968,0.45983934545433874,0.068776940481393045,0.044333414794911964,1.0684489900876648,1.0964454323836694,1.0709300235021291,0.97672897517018253,,1.0438153329206059,False,False,False,,-1,,,False,1,0.047467143759262968,0.029046950741387134,0.00076582449699547951,0.00020099855626162002
10000,0,multi,gaussian_matched,0.050000000000000003,449,9,0.050000000000000003,6.2606598809607119,5-<10%,True,True,4,0.047467143759262968,0.45983934545433874,0.068776940481393045,0.044333414794911964,1.0684489900876648,1.0964454323836694,1.0709300235021291,0.97672897517018253,0.93097691497050072,1.0438153329206059,True,True,False,2>1>3>4,6,6.8731055943137553,0.93410378817020412,False,1,0.047467143759262968,0.029046950741387134,0.00076582449699547951,0.00020099855626162002
10000,0,multi,gaussian_matched,0.050000000000000003,449,10,0.02,6.2606598809607119,5-<10%,True,True,4,0.010198946472549058,0.49788598695269382,0.022672230239513026,0.027409415375858844,1.0684489900876648,1.0839637586144759,1.0832475834180917,0.9993392996853514,0.981815491490311,1.0395039998145561,True,True,False,4>3>2>1,23,0,0,True,1,0.0049845219992910948,0.008047298139710014,0.010198946472549058,0.0056821035721315834
10000,0,multi,gaussian_matched,0.050000000000000003,449,10,0.050000000000000003,6.2606598809607119,5-<10%,True,True,4,0.010198946472549058,0.49788598695269382,0.022672230239513026,0.027409415375858844,1.0684489900876648,1.0839637586144759,1.0832475834180917,0.9993392996853514,0.953819523579854,1.0395039998145561,True,True,False,4>3>2>1,23,0,0,True,1,0.0049845219992910948,0.008047298139710014,0.010198946472549058,0.0056821035721315834
10000,0,multi,gaussian_matched,0.050000000000000003,449,11,0.02,6.2606598809607119,5-<10%,True,False,2,0.031677413463992783,0.52486320896812755,0.11916056734459952,0.073493967341678207,1.0684489900876648,1.0174434202179405,1.0162807966808858,0.99885730890391355,,1.0199595620687043,False,False,False,,-1,,,False,1,0.009203384344147256,0.031677413463992783,0.019568997423170535,0.028531707932154753
10000,0,multi,gaussian_matched,0.050000000000000003,449,11,0.050000000000000003,6.2606598809607119,5-<10%,True,True,4,0.031677413463992783,0.52486320896812755,0.11916056734459952,0.073493967341678207,1.0684489900876648,1.0174434202179405,1.0162807966808858,0.99885730890391355,0.94610032913134279,1.0199595620687043,True,True,False,4>3>2>1,23,0,0,True,1,0.009203384344147256,0.031677413463992783,0.019568997423170535,0.028531707932154753
10000,0,multi,gaussian_matched,0.050000000000000003,449,12,0.02,6.2606598809607119,5-<10%,True,False,3,0.022689937024492898,0.60596894613964247,0.023344042917750947,0.10927011299489514,1.0684489900876648,0.99690085815052587,1.0707715571366494,1.0741003464709322,,1.1044436197508349,False,False,False,,-1,,,False,1,0.0065144911374226885,0.0028619478192096321,0.022689937024492898,0.012436220400325134
10000,0,multi,gaussian_matched,0.050000000000000003,449,12,0.050000000000000003,6.2606598809607119,5-<10%,True,True,4,0.022689937024492898,0.60596894613964247,0.023344042917750947,0.10927011299489514,1.0684489900876648,0.99690085815052587,1.0707715571366494,1.0741003464709322,1.0304705814086124,1.1044436197508349,True,True,False,4>3>2>1,23,0,0,True,1,0.0065144911374226885,0.0028619478192096321,0.022689937024492898,0.012436220400325134
10000,0,multi,gaussian_matched,0.050000000000000003,449,13,0.02,6.2606598809607119,5-<10%,True,True,4,0.015714162680615217,0.5590057252393017,0.029569732219518627,0.062442545212364149,1.0684489900876648,1.0293697580899948,1.0727275185807263,1.0421206861285515,1.0266588612630385,1.0624466627086722,True,True,False,4>3>2>1,23,0,0,True,1,0.0042044327120009306,7.1900872008664684e-05,0.015714162680615217,0.0077997178485271238
10000,0,multi,gaussian_matched,0.050000000000000003,449,13,0.050000000000000003,6.2606598809607119,5-<10%,True,True,4,0.015714162680615217,0.5590057252393017,0.029569732219518627,0.062442545212364149,1.0684489900876648,1.0293697580899948,1.0727275185807263,1.0421206861285515,0.99750114289000258,1.0624466627086722,True,True,False,4>3>2>1,23,0,0,True,1,0.0042044327120009306,7.1900872008664684e-05,0.015714162680615217,0.0077997178485271238
10000,0,multi,gaussian_matched,0.050000000000000003,449,14,0.02,6.2606598809607119,5-<10%,True,True,4,0.011585452519732458,0.48257752946357868,0.032026115922425769,0.025032039238275128,1.0684489900876648,1.0923878744044226,1.0778596096122082,0.98670045216298707,0.9672885846014061,1.0322361283340185,True,True,False,4>3>2>1,23,0,0,True,1,0.005802902153647471,0.0046688006270951335,0.0070039073011982454,0.011585452519732458
10000,0,multi,gaussian_matched,0.050000000000000003,449,14,0.050000000000000003,6.2606598809607119,5-<10%,True,True,4,0.011585452519732458,0.48257752946357868,0.032026115922425769,0.025032039238275128,1.0684489900876648,1.0923878744044226,1.0778596096122082,0.98670045216298707,0.939385999653648,1.0322361283340185,True,True,False,4>3>2>1,23,0,0,True,1,0.005802902153647471,0.0046688006270951335,0.0070039073011982454,0.011585452519732458
10000,0,multi,gaussian_matched,0.050000000000000003,449,15,0.02,6.2606598809607119,5-<10%,True,False,2,0.36103112578702123,0.44029597577079232,0.042055910188415778,0.060230217267550464,1.0684489900876648,1.1244947798927032,1.0725964661354213,0.95384743914753078,,1.0602534083634865,False,False,False,,-1,,,False,1,0.0045684909315841186,0.01770032379749624,0.23665022215013254,0.36103112578702123
10000,0,multi,gaussian_matched,0.050000000000000003,449,15,0.050000000000000003,6.2606598809607119,5-<10%,True,False,2,0.36103112578702123,0.44029597577079232,0.042055910188415778,0.060230217267550464,1.0684489900876648,1.1244947798927032,1.0725964661354213,0.95384743914753078,,1.0602534083634865,False,False,False,,-1,,,False,1,0.0045684909315841186,0.01770032379749624,0.23665022215013254,0.36103112578702123
10000,0,multi,gaussian_matched,0.050000000000000003,449,16,0.02,6.2606598809607119,5-<10%,True,False,3,0.038669043123997437,0.45870853795958921,0.037806828714519958,0.043054131781186111,1.0684489900876648,1.1106722312733335,1.0599686899231049,0.95434878092513453,,1.0323588977455904,False,False,False,,-1,,,False,1,0.0075222025795040753,0.00079644571577994444,0.0090893857862263481,0.038669043123997437
10000,0,multi,gaussian_matched,0.050000000000000003,449,16,0.050000000000000003,6.2606598809607119,5-<10%,True,True,4,0.038669043123997437,0.45870853795958921,0.037806828714519958,0.043054131781186111,1.0684489900876648,1.1106722312733335,1.0599686899231049,0.95434878092513453,0.90290862603806643,1.0323588977455904,True,True,False,4>3>2>1,23,0,0,True,1,0.0075222025795040753,0.00079644571577994444,0.0090893857862263481,0.038669043123997437
10000,0,multi,gaussian_matched,0.050000000000000003,449,17,0.02,6.2606598809607119,5-<10%,True,False,1,0.042251369467437967,0.42243818865999827,0.059305817940617046,0.07811806977829093,1.0684489900876648,1.102806794555089,1.1270296452630526,1.0219647274822385,,1.1279412739605497,False,False,False,,-1,,,False,1,0.0041068401378486219,0.042251369467437967,0.027049619249173415,0.022031099092091291
10000,0,multi,gaussian_matched,0.050000000000000003,449,17,0.050000000000000003,6.2606598809607119,5-<10%,True,True,4,0.042251369467437967,0.42243818865999827,0.059305817940617046,0.07811806977829093,1.0684489900876648,1.102806794555089,1.1270296452630526,1.0219647274822385,0.97700651963251883,1.1279412739605497,True,True,False,2>1>3>4,6,6.8731055943137553,0,False,1,0.0041068401378486219,0.042251369467437967,0.027049619249173415,0.022031099092091291
10000,0,multi,gaussian_matched,0.050000000000000003,449,18,0.02,6.2606598809607119,5-<10%,True,True,4,0.01997271953237752,0.50524767469800813,-0.010615758319632164,0.06084248718124672,1.0684489900876648,1.0964845253962294,1.1009442095943056,1.0040672568511304,0.98946264154763819,1.0873581308549221,True,True,False,4>3>2>1,23,0,0,True,1,0.0065437244747219856,0.012676105957335143,0.01997271953237752,0.014480574740553729
10000,0,multi,gaussian_matched,0.050000000000000003,449,18,0.050000000000000003,6.2606598809607119,5-<10%,True,True,4,0.01997271953237752,0.50524767469800813,-0.010615758319632164,0.06084248718124672,1.0684489900876648,1.0964845253962294,1.1009442095943056,1.0040672568511304,0.96167326585421165,1.0873581308549221,True,True,False,4>3>2>1,23,0,0,True,1,0.0065437244747219856,0.012676105957335143,0.01997271953237752,0.014480574740553729
10000,0,multi,gaussian_matched,0.050000000000000003,449,19,0.02,6.2606598809607119,5-<10%,True,False,3,0.057989557272893642,0.47009628612418142,0.077331358748285284,0.040512162057761064,1.0684489900876648,1.0836595297423954,1.0136801152017396,0.93542306174588696,,0.98665662754101691,False,False,False,,-1,,,False,1,0.0012819679615188422,0.018298881594965045,0.0022639731401562706,0.057989557272893642
10000,0,multi,gaussian_matched,0.050000000000000003,449,19,0.050000000000000003,6.2606598809607119,5-<10%,True,False,3,0.057989557272893642,0.47009628612418142,0.077331358748285284,0.040512162057761064,1.0684489900876648,1.0836595297423954,1.0136801152017396,0.93542306174588696,,0.98665662754101691,False,False,False,,-1,,,False,1,0.0012819679615188422,0.018298881594965045,0.0022639731401562706,0.057989557272893642
10000,0,multi,gaussian_matched,0.050000000000000003,449,20,0.02,6.2606598809607119,5-<10%,True,True,4,0.016045265366420675,0.55068711089271383,0.024605113730774265,0.056692887201810233,1.0684489900876648,1.0390161605087957,1.0761384956168647,1.0357283519920331,1.020259172421774,1.0602578067163764,True,True,False,4>3>2>1,23,0,0,True,1,0.0042309710168773563,0.0016321496590215115,0.016045265366420675,0.0048019908102884352
10000,0,multi,gaussian_matched,0.050000000000000003,449,20,0.050000000000000003,6.2606598809607119,5-<10%,True,True,4,0.016045265366420675,0.55068711089271383,0.024605113730774265,0.056692887201810233,1.0684489900876648,1.0390161605087957,1.0761384956168647,1.0357283519920331,0.99134892011632136,1.0602578067163764,True,True,False,4>3>2>1,23,0,0,True,1,0.0042309710168773563,0.0016321496590215115,0.016045265366420675,0.0048019908102884352
10000,0,multi,gaussian_matched,0.050000000000000003,449,21,0.02,6.2606598809607119,5-<10%,True,True,4,0.015309276863526058,0.50664172522892637,0.077767553925422894,0.028550824244105901,1.0684489900876648,1.0500511866429809,1.048287247547274,0.99832013989589763,0.97464297772627584,1.00785164456286,True,True,False,4>3>2>1,23,0,0,True,1,0.00044625314291221063,0.009866517957676563,0.0064893619998910067,0.015309276863526058
10000,0,multi,gaussian_matched,0.050000000000000003,449,21,0.050000000000000003,6.2606598809607119,5-<10%,True,True,4,0.015309276863526058,0.50664172522892637,0.077767553925422894,0.028550824244105901,1.0684489900876648,1.0500511866429809,1.048287247547274,0.99832013989589763,0.94607205478929568,1.00785164456286,True,True,False,4>3>2>1,23,0,0,True,1,0.00044625314291221063,0.009866517957676563,0.0064893619998910067,0.015309276863526058
10000,0,multi,gaussian_matched,0.050000000000000003,449,22,0.02,6.2606598809607119,5-<10%,True,False,1,0.099556390650362855,0.3961713932302634,0.082764243666480913,0.10887550342837055,1.0684489900876648,1.0740449934161687,1.1039173605100614,1.027812956884496,,1.1350966449403672,False,False,False,,-1,,,False,1,0.011623907510751177,0.061781271182082174,0.048576583945274962,0.099556390650362855
10000,0,multi,gaussian_matched,0.050000000000000003,449,22,0.050000000000000003,6.2606598809607119,5-<10%,True,False,2,0.099556390650362855,0.3961713932302634,0.082764243666480913,0.10887550342837055,1.0684489900876648,1.0740449934161687,1.1039173605100614,1.027812956884496,,1.1350966449403672,False,False,False,,-1,,,False,1,0.011623907510751177,0.061781271182082174,0.048576583945274962,0.099556390650362855
10000,0,multi,gaussian_matched,0.050000000000000003,449,23,0.02,6.2606598809607119,5-<10%,True,False,2,0.039698972112296504,0.49772138863195914,0.10720033871735846,0.057245705683021342,1.0684489900876648,1.0470341489818191,1.0170824937617544,0.97139381246620182,,1.0055025643822533,False,False,False,,-1,,,False,1,0.0047839662537048902,0.025413493884522447,0.016757619473789044,0.039698972112296504
10000,0,multi,gaussian_matched,0.050000000000000003,449,23,0.050000000000000003,6.2606598809607119,5-<10%,True,True,4,0.039698972112296504,0.49772138863195914,0.10720033871735846,0.057245705683021342,1.0684489900876648,1.0470341489818191,1.0170824937617544,0.97139381246620182,0.91492764209545507,1.0055025643822533,True,True,False,4>3>2>1,23,0,0,True,1,0.0047839662537048902,0.025413493884522447,0.016757619473789044,0.039698972112296504
10000,0,multi,gaussian_matched,0.050000000000000003,449,24,0.02,6.2606598809607119,5-<10%,True,True,4,0.017154864724239067,0.58110834928532551,0.064035401014227306,0.082313770448331033,1.0684489900876648,0.99154730427471671,1.0529094197228157,1.0618852123177152,1.0450875665548955,1.0624963856047103,True,True,False,4>3>2>1,23,0,0,True,1,0.0038342493520345917,0.0092033394707926441,0.0087359885972749639,0.017154864724239067
10000,0,multi,gaussian_matched,0.050000000000000003,449,24,0.050000000000000003,6.2606598809607119,5-<10%,True,True,4,0.017154864724239067,0.58110834928532551,0.064035401014227306,0.082313770448331033,1.0684489900876648,0.99154730427471671,1.0529094197228157,1.0618852123177152,1.0147567093950924,1.0624963856047103,True,True,False,4>3>2>1,23,0,0,True,1,0.0038342493520345917,0.0092033394707926441,0.0087359885972749639,0.017154864724239067
10000,0,multi,gaussian_matched,0.050000000000000003,449,25,0.02,6.2606598809607119,5-<10%,True,True,4,0.005704475682871339,0.51257233394521284,0.062501325931333215,0.01772982602484794,1.0684489900876648,1.0514834504390245,1.0584864014172108,1.0066600677122046,0.98552037932735459,1.0072696379765933,True,True,False,4>3>2>1,23,0,0,True,1,0.0014428616139496228,0.0044094345617566692,0.00036563766895387871,0.005704475682871339
10000,0,multi,gaussian_matched,0.050000000000000003,449,25,0.050000000000000003,6.2606598809607119,5-<10%,True,True,4,0.005704475682871339,0.51257233394521284,0.062501325931333215,0.01772982602484794,1.0684489900876648,1.0514834504390245,1.0584864014172108,1.0066600677122046,0.95696615646813199,1.0072696379765933,True,True,False,4>3>2>1,23,0,0,True,1,0.0014428616139496228,0.0044094345617566692,0.00036563766895387871,0.005704475682871339
10000,0,multi,gaussian_matched,0.050000000000000003,449,26,0.02,6.2606598809607119,5-<10%,True,False,2,0.031681297603054319,0.5087184389772107,-0.059003749558176513,0.10935185684724798,1.0684489900876648,1.1242729283808763,1.1261782328726988,1.0016946992529354,,1.1563772357710529,False,False,False,,-1,,,False,1,0.008552622146665809,0.016970185471351491,0.031681297603054319,0.029683468130703515
10000,0,multi,gaussian_matched,0.050000000000000003,449,26,0.050000000000000003,6.2606598809607119,5-<10%,True,True,4,0.031681297603054319,0.5087184389772107,-0.059003749558176513,0.10935185684724798,1.0684489900876648,1.1242729283808763,1.1261782328726988,1.0016946992529354,0.96236105140094585,1.1563772357710529,True,True,False,4>3>2>1,23,0,0,True,1,0.008552622146665809,0.016970185471351491,0.031681297603054319,0.029683468130703515
10000,0,multi,gaussian_matched,0.050000000000000003,449,27,0.02,6.2606598809607119,5-<10%,True,True,4,0.010730661767252301,0.5535378613960571,0.073542433194543774,0.058485457710297326,1.0684489900876648,1.0101877075315535,1.0498616088651109,1.039273791432785,1.0200147477417987,1.0373420508212281,True,True,False,4>3>2>1,23,0,0,True,1,0.0019783323438470552,0.010730661767252301,0.0017441109381183394,0.0046654714421134761
10000,0,multi,gaussian_matched,0.050000000000000003,449,27,0.050000000000000003,6.2606598809607119,5-<10%,True,True,4,0.010730661767252301,0.5535378613960571,0.073542433194543774,0.058485457710297326,1.0684489900876648,1.0101877075315535,1.0498616088651109,1.039273791432785,0.99025089418959222,1.0373420508212281,True,True,False,4>3>2>1,23,0,0,True,1,0.0019783323438470552,0.010730661767252301,0.0017441109381183394,0.0046654714421134761
10000,0,multi,gaussian_matched,0.050000000000000003,449,28,0.02,6.2606598809607119,5-<10%,True,False,2,0.29326271972544382,0.47550829048184606,0.10049103502427623,0.05611763050008723,1.0684489900876648,1.0702039879629512,1.0002942157762669,0.93467621783044175,,0.98873400235015141,False,False,False,,-1,,,False,1,0.29326271972544382,0.13397732481369595,0.00059352453666548929,0.00035734979975468785
10000,0,multi,gaussian_matched,0.050000000000000003,449,28,0.050000000000000003,6.2606598809607119,5-<10%,True,False,2,0.29326271972544382,0.47550829048184606,0.10049103502427623,0.05611763050008723,1.0684489900876648,1.0702039879629512,1.0002942157762669,0.93467621783044175,,0.98873400235015141,False,False,False,,-1,,,False,1,0.29326271972544382,0.13397732481369595,0.00059352453666548929,0.00035734979975468785
10000,0,multi,gaussian_matched,0.050000000000000003,449,29,0.02,6.2606598809607119,5-<10%,True,False,3,0.028574225613232616,0.54027905112267727,-0.03039422458753481,0.0899201496127216,1.0684489900876648,1.0816766254935242,1.1057355543447724,1.0222422564047469,,1.1190573579552843,False,False,False,,-1,,,False,1,0.0072192144329701327,0.010658423130372493,0.028574225613232616,0.015597932230467295
10000,0,multi,gaussian_matched,0.050000000000000003,449,29,0.050000000000000003,6.2606598809607119,5-<10%,True,True,4,0.028574225613232616,0.54027905112267727,-0.03039422458753481,0.0899201496127216,1.0684489900876648,1.0816766254935242,1.1057355543447724,1.0222422564047469,0.98149790922736779,1.1190573579552843,True,True,False,4>3>2>1,23,0,0,True,1,0.0072192144329701327,0.010658423130372493,0.028574225613232616,0.015597932230467295
10000,0,multi,gaussian_matched,0.050000000000000003,449,30,0.02,6.2606598809607119,5-<10%,True,False,3,0.033332734580987476,0.48700228401648554,0.085120006829311826,0.037448037338143857,1.0684489900876648,1.0650574314595884,1.0344803490376981,0.97129067267294078,,1.0032564926547327,False,False,False,,-1,,,False,1,0.0010340454917561108,0.014680216720421666,0.0083209932322430725,0.033332734580987476
10000,0,multi,gaussian_matched,0.050000000000000003,449,30,0.050000000000000003,6.2606598809607119,5-<10%,True,True,4,0.033332734580987476,0.48700228401648554,0.085120006829311826,0.037448037338143857,1.0684489900876648,1.0650574314595884,1.0344803490376981,0.97129067267294078,0.91524760736936106,1.0032564926547327,True,True,False,4>3>2>1,23,0,0,True,1,0.0010340454917561108,0.014680216720421666,0.0083209932322430725,0.033332734580987476
10000,0,multi,gaussian_matched,0.050000000000000003,449,31,0.02,6.2606598809607119,5-<10%,True,True,4,0.013320422591477464,0.49099135927797449,0.055937347674659806,0.01078924024518522,1.0684489900876648,1.0736761151676975,1.061957167047896,0.98908521112256365,0.96698469554843669,1.0040221079764078,True,True,False,4>3>2>1,23,0,0,True,1,0.0036868580566799124,0.0021613423024571558,0.0003224904207237952,0.013320422591477464
10000,0,multi,gaussian_matched,0.050000000000000003,449,31,0.050000000000000003,6.2606598809607119,5-<10%,True,True,4,0.013320422591477464,0.49099135927797449,0.055937347674659806,0.01078924024518522,1.0684489900876648,1.0736761151676975,1.061957167047896,0.98908521112256365,0.93887394149173842,1.0040221079764078,True,True,False,4>3>2>1,23,0,0,True,1,0.0036868580566799124,0.0021613423024571558,0.0003224904207237952,0.013320422591477464
10000,0,multi,gaussian_matched,0.050000000000000003,450,0,0.02,8.2198738131611329,5-<10%,True,True,4,0.015871366517615972,0.5309130494791624,0.093619231647540629,0.053462641139612181,1.6038566969580745,1.5601857366569269,1.5677111821659113,1.0048234292444627,0.99767126579933807,1.0107971780647818,True,True,False,1>4>2>3,4,0,0,True,1,0.015871366517615972,0.0027121775923490484,0.0092484086261111834,0.0073944259398154967
10000,0,multi,gaussian_matched,0.050000000000000003,450,0,0.050000000000000003,8.2198738131611329,5-<10%,True,True,4,0.015871366517615972,0.5309130494791624,0.093619231647540629,0.053462641139612181,1.6038566969580745,1.5601857366569269,1.5677111821659113,1.0048234292444627,0.97837046279270512,1.0107971780647818,True,True,False,1>4>2>3,4,0,0,True,1,0.015871366517615972,0.0027121775923490484,0.0092484086261111834,0.0073944259398154967
10000,0,multi,gaussian_matched,0.050000000000000003,450,1,0.02,8.2198738131611329,5-<10%,True,True,4,0.014063343557217117,0.50444573776067358,0.038460117778852838,0.01236662710340323,1.6038566969580745,1.6041520478468665,1.5908486589198754,0.99170690275597795,0.98364136892456167,0.99960008214199414,True,True,False,1>4>2>3,4,0,0,True,1,0.0021081700327116159,0.014063343557217117,0.012198053358609623,0.0053804053553095955
10000,0,multi,gaussian_matched,0.050000000000000003,450,1,0.050000000000000003,8.2198738131611329,5-<10%,True,True,4,0.014063343557217117,0.50444573776067358,0.038460117778852838,0.01236662710340323,1.6038566969580745,1.6041520478468665,1.5908486589198754,0.99170690275597795,0.96365673136038177,0.99960008214199414,True,True,False,1>4>2>3,4,0,0,True,1,0.0021081700327116159,0.014063343557217117,0.012198053358609623,0.0053804053553095955
10000,0,multi,gaussian_matched,0.050000000000000003,450,2,0.02,8.2198738131611329,5-<10%,True,False,3,0.022480402822354584,0.4467761334447804,0.030039602109569939,0.056843622817622286,1.6038566969580745,1.6606920581636546,1.6105945890380156,0.96983337827180593,,1.0396428901772548,False,False,False,,-1,,,False,1,0.022480402822354584,0.011666287604401164,0.0093496677633808749,0.0098607828586324657
10000,0,multi,gaussian_matched,0.050000000000000003,450,2,0.050000000000000003,8.2198738131611329,5-<10%,True,True,4,0.022480402822354584,0.4467761334447804,0.030039602109569939,0.056843622817622286,1.6038566969580745,1.6606920581636546,1.6105945890380156,0.96983337827180593,0.9415746530400545,1.0396428901772548,True,True,False,1>4>2>3,4,0,0,True,1,0.022480402822354584,0.011666287604401164,0.0093496677633808749,0.0098607828586324657
10000,0,multi,gaussian_matched,0.050000000000000003,450,3,0.02,8.2198738131611329,5-<10%,True,True,4,0.010179181847469316,0.49534579226585057,0.048839601590101665,0.0047966836566852057,1.6038566969580745,1.6086117344824042,1.5911052540707247,0.98911702554668202,0.98056568633124286,0.99504023068535252,True,True,False,1>4>2>3,4,0,0,True,1,0.0046784046768230192,0.010179181847469316,0.0099978907746967882,0.0030641468103835378
10000,0,multi,gaussian_matched,0.050000000000000003,450,3,0.050000000000000003,8.2198738131611329,5-<10%,True,True,4,0.010179181847469316,0.49534579226585057,0.048839601590101665,0.0047966836566852057,1.6038566969580745,1.6086117344824042,1.5911052540707247,0.98911702554668202,0.9612337235566959,0.99504023068535252,True,True,False,1>4>2>3,4,0,0,True,1,0.0046784046768230192,0.010179181847469316,0.0099978907746967882,0.0030641468103835378
10000,0,multi,gaussian_matched,0.050000000000000003,450,4,0.02,8.2198738131611329,5-<10%,True,False,3,0.032511536064378108,0.45163113257768334,0.08035668260034165,0.057105827322748173,1.6038566969580745,1.6399750405518059,1.5960617220926563,0.97322317878424902,,1.0307451735250752,False,False,False,,-1,,,False,1,0.032511536064378108,0.0024008547996978765,0.0066702937785254324,0.0036530922019798926
10000,0,multi,gaussian_matched,0.050000000000000003,450,4,0.050000000000000003,8.2198738131611329,5-<10%,True,True,4,0.032511536064378108,0.45163113257768334,0.08035668260034165,0.057105827322748173,1.6038566969580745,1.6399750405518059,1.5960617220926563,0.97322317878424902,0.94669013137074043,1.0307451735250752,True,True,False,1>4>2>3,4,0,0,True,1,0.032511536064378108,0.0024008547996978765,0.0066702937785254324,0.0036530922019798926
10000,0,multi,gaussian_matched,0.050000000000000003,450,5,0.02,8.2198738131611329,5-<10%,True,False,3,0.025829773084053591,0.44436532700189585,0.046402749533409636,0.055750847980325501,1.6038566969580745,1.6572183897863915,1.6071118217086062,0.9697646560123897,,1.0367900529035854,False,False,False,,-1,,,False,1,0.025829773084053591,0.0064783548636984404,0.0063223082944522009,0.0076723700545199133
10000,0,multi,gaussian_matched,0.050000000000000003,450,5,0.050000000000000003,8.2198738131611329,5-<10%,True,True,4,0.025829773084053591,0.44436532700189585,0.046402749533409636,0.055750847980325501,1.6038566969580745,1.6572183897863915,1.6071118217086062,0.9697646560123897,0.9418989951466753,1.0367900529035854,True,True,False,1>4>2>3,4,0,0,True,1,0.025829773084053591,0.0064783548636984404,0.0063223082944522009,0.0076723700545199133
10000,0,multi,gaussian_matched,0.050000000000000003,450,6,0.02,8.2198738131611329,5-<10%,True,True,4,0.019321197605733191,0.50714848107956578,0.022364024292730794,0.028545541421344311,1.6038566969580745,1.6083250774894289,1.5938299036894259,0.99098741044153227,0.98391162406523469,1.0115463857761227,True,True,False,1>4>2>3,4,0,0,True,1,0.005836475698488202,0.019321197605733191,0.015090681274386192,0.0090730767353888551
10000,0,multi,gaussian_matched,0.050000000000000003,450,6,0.050000000000000003,8.2198738131611329,5-<10%,True,True,4,0.019321197605733191,0.50714848107956578,0.022364024292730794,0.028545541421344311,1.6038566969580745,1.6083250774894289,1.5938299036894259,0.99098741044153227,0.96278961390466522,1.0115463857761227,True,True,False,1>4>2>3,4,0,0,True,1,0.005836475698488202,0.019321197605733191,0.015090681274386192,0.0090730767353888551
10000,0,multi,gaussian_matched,0.050000000000000003,450,7,0.02,8.2198738131611329,5-<10%,True,True,4,0.011788992769044816,0.56347036543983986,0.083140963619596525,0.071601751086843107,1.6038566969580745,1.5327228816749274,1.559377573052906,1.0173904178613493,1.011017574213517,1.0169108794028272,True,True,False,1>4>2>3,4,0,0,True,1,0.0041119986592868165,0.0092081051936213406,0.011788992769044816,0.0051478125261456313
10000,0,multi,gaussian_matched,0.050000000000000003,450,7,0.050000000000000003,8.2198738131611329,5-<10%,True,True,4,0.011788992769044816,0.56347036543983986,0.083140963619596525,0.071601751086843107,1.6038566969580745,1.5327228816749274,1.559377573052906,1.0173904178613493,0.99088763296506965,1.0169108794028272,True,True,False,1>4>2>3,4,0,0,True,1,0.0041119986592868165,0.0092081051936213406,0.011788992769044816,0.0051478125261456313
10000,0,multi,gaussian_matched,0.050000000000000003,450,8,0.02,8.2198738131611329,5-<10%,True,True,4,0.013533130269803243,0.51096893169377655,0.042473000125505804,0.013303127061460829,1.6038566969580745,1.5965754917233661,1.5877928065796871,0.99449904800041822,0.98651355349002634,0.99827867207702359,True,True,False,1>4>2>3,4,0,0,True,1,0.0022854872117172554,0.013533130269803243,0.012020224981788976,0.0044475579576310521
10000,0,multi,gaussian_matched,0.050000000000000003,450,8,0.050000000000000003,8.2198738131611329,5-<10%,True,True,4,0.013533130269803243,0.51096893169377655,0.042473000125505804,0.013303127061460829,1.6038566969580745,1.5965754917233661,1.5877928065796871,0.99449904800041822,0.96651755273556395,0.99827867207702359,True,True,False,1>4>2>3,4,0,0,True,1,0.0022854872117172554,0.013533130269803243,0.012020224981788976,0.0044475579576310521
10000,0,multi,gaussian_matched,0.050000000000000003,450,9,0.02,8.2198738131611329,5-<10%,True,False,1,0.033139597724962208,0.45550013910708442,-0.019934291122554446,0.082891752872665411,1.6038566969580745,1.6733886524359507,1.6181136028947054,0.96696819387368171,,1.0605719070747102,False,False,False,,-1,,,False,1,0.021263387116875161,0.033139597724962208,0.020857316034453392,0.019701738636194004
10000,0,multi,gaussian_matched,0.050000000000000003,450,9,0.050000000000000003,8.2198738131611329,5-<10%,True,True,4,0.033139597724962208,0.45550013910708442,-0.019934291122554446,0.082891752872665411,1.6038566969580745,1.6733886524359507,1.6181136028947054,0.96696819387368171,0.93822872199336493,1.0605719070747102,True,True,False,1>4>2>3,4,0,0,True,1,0.021263387116875161,0.033139597724962208,0.020857316034453392,0.019701738636194004
10000,0,multi,gaussian_matched,0.050000000000000003,450,10,0.02,8.2198738131611329,5-<10%,True,True,4,0.019419517859165649,0.50212113831226168,0.087160842678891903,0.037221330663278256,1.6038566969580745,1.5896076330657543,1.5789514582541235,0.99329634899205976,0.9855107332458537,1.0076790476248199,True,True,False,1>4>2>3,4,0,0,True,1,0.019419517859165649,0.0007611567457425076,0.0078547687770791838,0.0048753511301001928
10000,0,multi,gaussian_matched,0.050000000000000003,450,10,0.050000000000000003,8.2198738131611329,5-<10%,True,True,4,0.019419517859165649,0.50212113831226168,0.087160842678891903,0.037221330663278256,1.6038566969580745,1.5896076330657543,1.5789514582541235,0.99329634899205976,0.9666145242188029,1.0076790476248199,True,True,False,1>4>2>3,4,0,0,True,1,0.019419517859165649,0.0007611567457425076,0.0078547687770791838,0.0048753511301001928
10000,0,multi,gaussian_matched,0.050000000000000003,450,11,0.02,8.2198738131611329,5-<10%,True,False,1,0.061874293162714381,0.37649616056271018,-0.015976047375448194,0.14002155970792229,1.6038566969580745,1.7431993656377827,1.6371097541215123,0.9391408615632123,,1.1080362211910817,False,False,False,,-1,,,False,1,0.061874293162714381,0.023599881422497353,0.01202913947734139,0.027303303404791025
10000,0,multi,gaussian_matched,0.050000000000000003,450,11,0.050000000000000003,8.2198738131611329,5-<10%,True,False,3,0.061874293162714381,0.37649616056271018,-0.015976047375448194,0.14002155970792229,1.6038566969580745,1.7431993656377827,1.6371097541215123,0.9391408615632123,,1.1080362211910817,False,False,False,,-1,,,False,1,0.061874293162714381,0.023599881422497353,0.01202913947734139,0.027303303404791025
10000,0,multi,gaussian_matched,0.050000000000000003,450,12,0.02,8.2198738131611329,5-<10%,True,False,3,0.022273156391476041,0.44793866287080725,0.034614411647159095,0.054287191423415322,1.6038566969580745,1.6579508836851848,1.6091261424797072,0.97055115342322251,,1.0371333904444238,False,False,False,,-1,,,False,1,0.022273156391476041,0.010276711758070021,0.0085902395888690815,0.0089450902737820397
10000,0,multi,gaussian_matched,0.050000000000000003,450,12,0.050000000000000003,8.2198738131611329,5-<10%,True,True,4,0.022273156391476041,0.44793866287080725,0.034614411647159095,0.054287191423415322,1.6038566969580745,1.6579508836851848,1.6091261424797072,0.97055115342322251,0.9423878937520489,1.0371333904444238,True,True,False,1>4>2>3,4,0,0,True,1,0.022273156391476041,0.010276711758070021,0.0085902395888690815,0.0089450902737820397
10000,0,multi,gaussian_matched,0.050000000000000003,450,13,0.02,8.2198738131611329,5-<10%,True,True,4,0.015369608852818652,0.50983084719848648,0.035773808746429728,0.017292486062540253,1.6038566969580745,1.6002920846378839,1.58981393178219,0.99345234975772256,0.9856774741974148,1.002026191549918,True,True,False,1>4>2>3,4,0,0,True,1,0.0047110791143226503,0.015369608852818652,0.012990592290105856,0.0059898483372916641
10000,0,multi,gaussian_matched,0.050000000000000003,450,13,0.050000000000000003,8.2198738131611329,5-<10%,True,True,4,0.015369608852818652,0.50983084719848648,0.035773808746429728,0.017292486062540253,1.6038566969580745,1.6002920846378839,1.58981393178219,0.99345234975772256,0.96538395233869689,1.002026191549918,True,True,False,1>4>2>3,4,0,0,True,1,0.0047110791143226503,0.015369608852818652,0.012990592290105856,0.0059898483372916641
10000,0,multi,gaussian_matched,0.050000000000000003,450,14,0.02,8.2198738131611329,5-<10%,True,True,4,0.018518516593326345,0.47223639437791681,0.015926304599050992,0.043952639459027068,1.6038566969580745,1.6427135436886733,1.6061764415955406,0.97775808068697756,0.96964886522604954,1.0288506973124563,True,True,False,1>4>2>3,4,0,0,True,1,0.010464574677349877,0.018518516593326345,0.014092334480199161,0.011085900270164342
10000,0,multi,gaussian_matched,0.050000000000000003,450,14,0.050000000000000003,8.2198738131611329,5-<10%,True,True,4,0.018518516593326345,0.47223639437791681,0.015926304599050992,0.043952639459027068,1.6038566969580745,1.6427135436886733,1.6061764415955406,0.97775808068697756,0.94937076867483605,1.0288506973124563,True,True,False,1>4>2>3,4,0,0,True,1,0.010464574677349877,0.018518516593326345,0.014092334480199161,0.011085900270164342
10000,0,multi,gaussian_matched,0.050000000000000003,450,15,0.02,8.2198738131611329,5-<10%,True,True,4,0.010710220179157081,0.47883462144034283,0.049234588231613724,0.02117921397853989,1.6038566969580745,1.6238745032576247,1.596163578726093,0.98293530412852637,0.97401905118936771,1.0084085415936077,True,True,False,1>4>2>3,4,0,0,True,1,0.010710220179157081,0.0083930608123025906,0.0087525574447743417,0.0035682240354894435
10000,0,multi,gaussian_matched,0.050000000000000003,450,15,0.050000000000000003,8.2198738131611329,5-<10%,True,True,4,0.010710220179157081,0.47883462144034283,0.049234588231613724,0.02117921397853989,1.6038566969580745,1.6238745032576247,1.596163578726093,0.98293530412852637,0.95508521516009193,1.0084085415936077,True,True,False,1>4>2>3,4,0,0,True,1,0.010710220179157081,0.0083930608123025906,0.0087525574447743417,0.0035682240354894435
10000,0,multi,gaussian_matched,0.050000000000000003,450,16,0.02,8.2198738131611329,5-<10%,True,True,4,0.011001369307763209,0.5303807195684298,0.060416326889737262,0.032116786691221727,1.6038566969580745,1.5717777400462056,1.5769619181469348,1.0032982895536977,0.99555997475552716,1.003255906771463,True,True,False,1>4>2>3,4,0,0,True,1,0.00077620949825415574,0.01073843504182939,0.011001369307763209,0.00033477670948450853
10000,0,multi,gaussian_matched,0.050000000000000003,450,16,0.050000000000000003,8.2198738131611329,5-<10%,True,True,4,0.011001369307763209,0.5303807195684298,0.060416326889737262,0.032116786691221727,1.6038566969580745,1.5717777400462056,1.5769619181469348,1.0032982895536977,0.97568477950695665,1.003255906771463,True,True,False,1>4>2>3,4,0,0,True,1,0.00077620949825415574,0.01073843504182939,0.011001369307763209,0.00033477670948450853
10000,0,multi,gaussian_matched,0.050000000000000003,450,17,0.02,8.2198738131611329,5-<10%,True,False,3,0.025696839052507504,0.46740173375536875,0.078820205548922675,0.043511506639485817,1.6038566969580745,1.6252591825448945,1.5919888273347325,0.97952920028541779,,1.019729715925469,False,False,False,,-1,,,False,1,0.025696839052507504,0.0011464806769080908,0.0065291388727599991,0.0010542087010645301
10000,0,multi,gaussian_matched,0.050000000000000003,450,17,0.050000000000000003,8.2198738131611329,5-<10%,True,True,4,0.025696839052507504,0.46740173375536875,0.078820205548922675,0.043511506639485817,1.6038566969580745,1.6252591825448945,1.5919888273347325,0.97952920028541779,0.95275235217056897,1.019729715925469,True,True,False,1>4>2>3,4,0,0,True,1,0.025696839052507504,0.0011464806769080908,0.0065291388727599991,0.0010542087010645301
10000,0,multi,gaussian_matched,0.050000000000000003,450,18,0.02,8.2198738131611329,5-<10%,True,False,3,0.052326551127604974,0.43617414798571119,0.11011365056113945,0.087677764394039362,1.6038566969580745,1.647889039225072,1.5911003788715754,0.9655385411264088,,1.0467133045300361,False,False,False,,-1,,,False,1,0.052326551127604974,0.0092134856053327704,0.015389306257239064,0.0046900075194523504
10000,0,multi,gaussian_matched,0.050000000000000003,450,18,0.050000000000000003,8.2198738131611329,5-<10%,True,False,3,0.052326551127604974,0.43617414798571119,0.11011365056113945,0.087677764394039362,1.6038566969580745,1.647889039225072,1.5911003788715754,0.9655385411264088,,1.0467133045300361,False,False,False,,-1,,,False,1,0.052326551127604974,0.0092134856053327704,0.015389306257239064,0.0046900075194523504
10000,0,multi,gaussian_matched,0.050000000000000003,450,19,0.02,8.2198738131611329,5-<10%,True,True,4,0.014827640690831822,0.535575619962531,0.046828802893356336,0.035716679952196281,1.6038566969580745,1.5722761612786029,1.5788584232855851,1.0041864541160692,0.99693852061231047,1.0066828952362363,True,True,False,1>4>2>3,4,0,0,True,1,0.0064384965046727629,0.014827640690831822,0.013075144945975937,0.0034243660105321891
10000,0,multi,gaussian_matched,0.050000000000000003,450,19,0.050000000000000003,8.2198738131611329,5-<10%,True,True,4,0.014827640690831822,0.535575619962531,0.046828802893356336,0.035716679952196281,1.6038566969580745,1.5722761612786029,1.5788584232855851,1.0041864541160692,0.97637322303015628,1.0066828952362363,True,True,False,1>4>2>3,4,0,0,True,1,0.0064384965046727629,0.014827640690831822,0.013075144945975937,0.0034243660105321891
10000,0,multi,gaussian_matched,0.050000000000000003,450,20,0.02,8.2198738131611329,5-<10%,True,False,1,0.089231821842792547,0.41626348285423903,0.15298928065037876,0.13273506029902121,1.6038566969580745,1.6608421492792127,1.5744056266022188,0.94795620841239703,,1.0643972682466314,False,False,False,,-1,,,False,1,0.089231821842792547,0.023483462501449552,0.038738576627379548,0.0072926078574389311
10000,0,multi,gaussian_matched,0.050000000000000003,450,20,0.050000000000000003,8.2198738131611329,5-<10%,True,False,3,0.089231821842792547,0.41626348285423903,0.15298928065037876,0.13273506029902121,1.6038566969580745,1.6608421492792127,1.5744056266022188,0.94795620841239703,,1.0643972682466314,False,False,False,,-1,,,False,1,0.089231821842792547,0.023483462501449552,0.038738576627379548,0.0072926078574389311
10000,0,multi,gaussian_matched,0.050000000000000003,450,21,0.02,8.2198738131611329,5-<10%,True,True,4,0.018415341312894927,0.50130891543889811,0.084496645403934673,0.034521468736874346,1.6038566969580745,1.5911635639474113,1.5799202855852292,0.99293392670814473,0.98502854193549028,1.0065997525739707,True,True,False,1>4>2>3,4,0,0,True,1,0.018415341312894927,0.0013419012035916973,0.0077585343882190742,0.0045242164535080143
10000,0,multi,gaussian_matched,0.050000000000000003,450,21,0.050000000000000003,8.2198738131611329,5-<10%,True,True,4,0.018415341312894927,0.50130891543889811,0.084496645403934673,0.034521468736874346,1.6038566969580745,1.5911635639474113,1.5799202855852292,0.99293392670814473,0.96613741765422778,1.0065997525739707,True,True,False,1>4>2>3,4,0,0,True,1,0.018415341312894927,0.0013419012035916973,0.0077585343882190742,0.0045242164535080143
10000,0,multi,gaussian_matched,0.050000000000000003,450,22,0.02,8.2198738131611329,5-<10%,True,True,4,0.01981472841202489,0.52981503451566847,0.10149080583515832,0.059499910661483149,1.6038566969580745,1.5589924656748586,1.5658421588155074,1.0043936666093403,0.99765244418215138,1.0133960674664175,True,True,False,1>4>2>3,4,0,0,True,1,0.01981472841202489,0.00073064802925371076,0.0095974225731857658,0.0092711947107600983
10000,0,multi,gaussian_matched,0.050000000000000003,450,22,0.050000000000000003,8.2198738131611329,5-<10%,True,True,4,0.01981472841202489,0.52981503451566847,0.10149080583515832,0.059499910661483149,1.6038566969580745,1.5589924656748586,1.5658421588155074,1.0043936666093403,0.97839399802934002,1.0133960674664175,True,True,False,1>4>2>3,4,0,0,True,1,0.01981472841202489,0.00073064802925371076,0.0095974225731857658,0.0092711947107600983
10000,0,multi,gaussian_matched,0.050000000000000003,450,23,0.02,8.2198738131611329,5-<10%,True,True,4,0.017179426309653991,0.49435868328583787,0.025416023150366309,0.025222933453760098,1.6038566969580745,1.6186460399465878,1.5971419913470206,0.98671479244450699,0.97889138552916122,1.0115398263933488,True,True,False,1>4>2>3,4,0,0,True,1,0.00033038303533320089,0.017179426309653991,0.013741848543341113,0.0084419662980452694
10000,0,multi,gaussian_matched,0.050000000000000003,450,23,0.050000000000000003,8.2198738131611329,5-<10%,True,True,4,0.017179426309653991,0.49435868328583787,0.025416023150366309,0.025222933453760098,1.6038566969580745,1.6186460399465878,1.5971419913470206,0.98671479244450699,0.95849246475534955,1.0115398263933488,True,True,False,1>4>2>3,4,0,0,True,1,0.00033038303533320089,0.017179426309653991,0.013741848543341113,0.0084419662980452694
10000,0,multi,gaussian_matched,0.050000000000000003,450,24,0.02,8.2198738131611329,5-<10%,True,False,3,0.022663395897089007,0.54636761513081145,0.022948592863677099,0.053681787982277157,1.6038566969580745,1.5729888120233981,1.5813268631196857,1.0053007694858058,,1.0194231530803046,False,False,False,,-1,,,False,1,0.019297485229038298,0.022663395897089007,0.017251932639564,0.0087105784013899509
10000,0,multi,gaussian_matched,0.050000000000000003,450,24,0.050000000000000003,8.2198738131611329,5-<10%,True,True,4,0.022663395897089007,0.54636761513081145,0.022948592863677099,0.053681787982277157,1.6038566969580745,1.5729888120233981,1.5813268631196857,1.0053007694858058,0.97740550612185673,1.0194231530803046,True,True,False,1>4>2>3,4,0,0,True,1,0.019297485229038298,0.022663395897089007,0.017251932639564,0.0087105784013899509
10000,0,multi,gaussian_matched,0.050000000000000003,450,25,0.02,8.2198738131611329,5-<10%,True,False,3,0.032779014734815225,0.48082950783391182,0.10423409632280947,0.057522560564024133,1.6038566969580745,1.6056370660805546,1.5811835614487826,0.98477021666455156,,1.0217285154720048,False,False,False,,-1,,,False,1,0.032779014734815225,0.0063179583688026805,0.0096132494830791053,0.0028690975788551818
10000,0,multi,gaussian_matched,0.050000000000000003,450,25,0.050000000000000003,8.2198738131611329,5-<10%,True,True,4,0.032779014734815225,0.48082950783391182,0.10423409632280947,0.057522560564024133,1.6038566969580745,1.6056370660805546,1.5811835614487826,0.98477021666455156,0.95926945773807581,1.0217285154720048,True,True,False,1>4>2>3,4,0,0,True,1,0.032779014734815225,0.0063179583688026805,0.0096132494830791053,0.0028690975788551818
10000,0,multi,gaussian_matched,0.050000000000000003,450,26,0.02,8.2198738131611329,5-<10%,True,True,4,0.018850544064018274,0.5134070531621856,0.091691983565689611,0.043794640860902186,1.6038566969580745,1.5774943737500395,1.5740644383084441,0.99782570670382698,0.99034227202023295,1.0087304447073291,True,True,False,1>4>2>3,4,0,0,True,1,0.018850544064018274,0.0010136523664916119,0.0084167483625765364,0.0068522532627644499
10000,0,multi,gaussian_matched,0.050000000000000003,450,26,0.050000000000000003,8.2198738131611329,5-<10%,True,True,4,0.018850544064018274,0.5134070531621856,0.091691983565689611,0.043794640860902186,1.6038566969580745,1.5774943737500395,1.5740644383084441,0.99782570670382698,0.97129805378081058,1.0087304447073291,True,True,False,1>4>2>3,4,0,0,True,1,0.018850544064018274,0.0010136523664916119,0.0084167483625765364,0.0068522532627644499
10000,0,multi,gaussian_matched,0.050000000000000003,450,27,0.02,8.2198738131611329,5-<10%,True,True,4,0.013584009951591994,0.50806606559222167,0.041297216082757431,0.011865911766410464,1.6038566969580745,1.5997068940694579,1.5890032511284202,0.99330899742901724,0.98526669754483676,0.99813728117424072,True,True,False,1>4>2>3,4,0,0,True,1,0.0019801605586251265,0.013584009951591994,0.012000924398587753,0.0047131479279962883
10000,0,multi,gaussian_matched,0.050000000000000003,450,27,0.050000000000000003,8.2198738131611329,5-<10%,True,True,4,0.013584009951591994,0.50806606559222167,0.041297216082757431,0.011865911766410464,1.6038566969580745,1.5997068940694579,1.5890032511284202,0.99330899742901724,0.96530470494611897,0.99813728117424072,True,True,False,1>4>2>3,4,0,0,True,1,0.0019801605586251265,0.013584009951591994,0.012000924398587753,0.0047131479279962883
10000,0,multi,gaussian_matched,0.050000000000000003,450,28,0.02,8.2198738131611329,5-<10%,True,False,3,0.03136518419629223,0.44226784550684972,0.064399656870092081,0.059500855291309572,1.6038566969580745,1.6535094312576455,1.6028652695736998,0.96937171283902135,,1.0364804586456544,False,False,False,,-1,,,False,1,0.03136518419629223,0.0014279987335778367,0.0051028110552355658,0.0063535854319615804
10000,0,multi,gaussian_matched,0.050000000000000003,450,28,0.050000000000000003,8.2198738131611329,5-<10%,True,True,4,0.03136518419629223,0.44226784550684972,0.064399656870092081,0.059500855291309572,1.6038566969580745,1.6535094312576455,1.6028652695736998,0.96937171283902135,0.94216074875073497,1.0364804586456544,True,True,False,1>4>2>3,4,0,0,True,1,0.03136518419629223,0.0014279987335778367,0.0051028110552355658,0.0063535854319615804
10000,0,multi,gaussian_matched,0.050000000000000003,450,29,0.02,8.2198738131611329,5-<10%,True,True,4,0.012667246477924929,0.54197235403770772,0.057792377424986205,0.042689573075870804,1.6038566969580745,1.5620515339896093,1.5739008032552444,1.0075857095670659,1.0002855276080778,1.0079394121664309,True,True,False,1>4>2>3,4,0,0,True,1,0.002991868782184806,0.012667246477924929,0.01214064326505091,0.00089048946422822786
10000,0,multi,gaussian_matched,0.050000000000000003,450,29,0.050000000000000003,8.2198738131611329,5-<10%,True,True,4,0.012667246477924929,0.54197235403770772,0.057792377424986205,0.042689573075870804,1.6038566969580745,1.5620515339896093,1.5739008032552444,1.0075857095670659,0.9799917750989251,1.0079394121664309,True,True,False,1>4>2>3,4,0,0,True,1,0.002991868782184806,0.012667246477924929,0.01214064326505091,0.00089048946422822786
10000,0,multi,gaussian_matched,0.050000000000000003,450,30,0.02,8.2198738131611329,5-<10%,True,True,4,0.011153557060678047,0.49691450528989056,0.045971290918862595,0.0050745220924292306,1.6038566969580745,1.6082164882424603,1.5913391563178205,0.98950555970043297,0.98103088334460609,0.99535929951725655,True,True,False,1>4>2>3,4,0,0,True,1,0.003077548336024279,0.011153557060678047,0.010521114964319223,0.0036969807950801431
10000,0,multi,gaussian_matched,0.050000000000000003,450,30,0.050000000000000003,8.2198738131611329,5-<10%,True,True,4,0.011153557060678047,0.49691450528989056,0.045971290918862595,0.0050745220924292306,1.6038566969580745,1.6082164882424603,1.5913391563178205,0.98950555970043297,0.96156608848126235,0.99535929951725655,True,True,False,1>4>2>3,4,0,0,True,1,0.003077548336024279,0.011153557060678047,0.010521114964319223,0.0036969807950801431
10000,0,multi,gaussian_matched,0.050000000000000003,450,31,0.02,8.2198738131611329,5-<10%,True,True,4,0.019269237287765535,0.45825254106704072,0.010939349879487095,0.057171537631904273,1.6038566969580745,1.6575128537759392,1.6115523730031336,0.97227141818652918,0.96391336143667239,1.04044451963819,True,True,False,1>4>2>3,4,0,0,True,1,0.017295582736876671,0.019269237287765535,0.014175932250176214,0.012757840008149748
10000,0,multi,gaussian_matched,0.050000000000000003,450,31,0.050000000000000003,8.2198738131611329,5-<10%,True,True,4,0.019269237287765535,0.45825254106704072,0.010939349879487095,0.057171537631904273,1.6038566969580745,1.6575128537759392,1.6115523730031336,0.97227141818652918,0.94377412079474121,1.04044451963819,True,True,False,1>4>2>3,4,0,0,True,1,0.017295582736876671,0.019269237287765535,0.014175932250176214,0.012757840008149748
10000,0,multi,gaussian_matched,0.050000000000000003,451,0,0.02,0.4112323936432663,<1%,True,False,1,0.2104844279597097,0.47786718924032984,0.018425593178616077,0.038559103701274321,1.1746155659971997,1.2042308249627971,1.0592949545776313,0.87964444408766618,,0.93464967608093397,False,False,False,,-1,,,False,4,0.0074973473416652297,0.02975015588741323,0.2104844279597097,0.082077167002296364
10000,0,multi,gaussian_matched,0.050000000000000003,451,0,0.050000000000000003,0.4112323936432663,<1%,True,False,2,0.2104844279597097,0.47786718924032984,0.018425593178616077,0.038559103701274321,1.1746155659971997,1.2042308249627971,1.0592949545776313,0.87964444408766618,,0.93464967608093397,False,False,False,,-1,,,False,4,0.0074973473416652297,0.02975015588741323,0.2104844279597097,0.082077167002296364
10000,0,multi,gaussian_matched,0.050000000000000003,451,1,0.02,0.4112323936432663,<1%,True,False,1,0.23143941860795339,0.46206098202378892,-0.0067335535442231281,0.068250019653876295,1.1746155659971997,1.2198986866721646,1.0801005710131046,0.88540186395279785,,0.97763951364979484,False,False,False,,-1,,,False,4,0.0014061785397117279,0.23143941860795339,0.19082983588392857,0.14378884894072066
10000,0,multi,gaussian_matched,0.050000000000000003,451,1,0.050000000000000003,0.4112323936432663,<1%,True,False,1,0.23143941860795339,0.46206098202378892,-0.0067335535442231281,0.068250019653876295,1.1746155659971997,1.2198986866721646,1.0801005710131046,0.88540186395279785,,0.97763951364979484,False,False,False,,-1,,,False,4,0.0014061785397117279,0.23143941860795339,0.19082983588392857,0.14378884894072066
10000,0,multi,gaussian_matched,0.050000000000000003,451,2,0.02,0.4112323936432663,<1%,True,False,2,0.33177825825947138,0.44383250742055036,0.053384369127449885,0.056269362685686837,1.1746155659971997,1.1576835721242107,1.097711711159109,0.94819667272719399,,0.98243298254362399,False,False,False,,-1,,,False,4,0.0093232950470844029,0.33177825825947138,0.00084689829197607419,0.14000579103833277
10000,0,multi,gaussian_matched,0.050000000000000003,451,2,0.050000000000000003,0.4112323936432663,<1%,True,False,2,0.33177825825947138,0.44383250742055036,0.053384369127449885,0.056269362685686837,1.1746155659971997,1.1576835721242107,1.097711711159109,0.94819667272719399,,0.98243298254362399,False,False,False,,-1,,,False,4,0.0093232950470844029,0.33177825825947138,0.00084689829197607419,0.14000579103833277
10000,0,multi,gaussian_matched,0.050000000000000003,451,3,0.02,0.4112323936432663,<1%,True,False,1,0.25359563018089792,0.53486963278232458,0.10770406291886686,0.067421437004254889,1.1746155659971997,1.1084300004735341,0.95329058623922003,0.86003679603760563,,0.86897539313378069,False,False,False,,-1,,,False,4,0.25359563018089792,0.014215266877899983,0.077157431846371652,0.025554808794506632
10000,0,multi,gaussian_matched,0.050000000000000003,451,3,0.050000000000000003,0.4112323936432663,<1%,True,False,2,0.25359563018089792,0.53486963278232458,0.10770406291886686,0.067421437004254889,1.1746155659971997,1.1084300004735341,0.95329058623922003,0.86003679603760563,,0.86897539313378069,False,False,False,,-1,,,False,4,0.25359563018089792,0.014215266877899983,0.077157431846371652,0.025554808794506632
10000,0,multi,gaussian_matched,0.050000000000000003,451,4,0.02,0.4112323936432663,<1%,True,False,2,0.24843787368321057,0.54163250707996968,0.080091348752771963,0.051368812673884885,1.1746155659971997,1.1248215418679257,1.1042391893645171,0.98170167289894839,,0.98381805544807244,False,False,False,,-1,,,False,4,0.24843787368321057,0.0012292688179258745,0.081981452623799411,0.018655641432245795
10000,0,multi,gaussian_matched,0.050000000000000003,451,4,0.050000000000000003,0.4112323936432663,<1%,True,False,2,0.24843787368321057,0.54163250707996968,0.080091348752771963,0.051368812673884885,1.1746155659971997,1.1248215418679257,1.1042391893645171,0.98170167289894839,,0.98381805544807244,False,False,False,,-1,,,False,4,0.24843787368321057,0.0012292688179258745,0.081981452623799411,0.018655641432245795
10000,0,multi,gaussian_matched,0.050000000000000003,451,5,0.02,0.4112323936432663,<1%,True,False,2,0.19946703399888879,0.50583503610488778,0.035812113110155717,0.015340918510452994,1.1746155659971997,1.1817607346596317,1.0838179391347165,0.91712129820159871,,0.93576050706601122,False,False,False,,-1,,,False,4,0.0041414118108096228,0.011203667604027846,0.19946703399888879,0.044948193675058971
10000,0,multi,gaussian_matched,0.050000000000000003,451,5,0.050000000000000003,0.4112323936432663,<1%,True,False,3,0.19946703399888879,0.50583503610488778,0.035812113110155717,0.015340918510452994,1.1746155659971997,1.1817607346596317,1.0838179391347165,0.91712129820159871,,0.93576050706601122,False,False,False,,-1,,,False,4,0.0041414118108096228,0.011203667604027846,0.19946703399888879,0.044948193675058971
10000,0,multi,gaussian_matched,0.050000000000000003,451,6,0.02,0.4112323936432663,<1%,True,False,2,0.36293246526033157,0.41503974092746382,0.046974416202608039,0.08501411517499613,1.1746155659971997,1.1523277216798133,1.1130445712518864,0.96590974104948057,,1.019958121710894,False,False,False,,-1,,,False,4,0.012599042170960367,0.36293246526033157,0.0057424918845531067,0.15781986411889656
10000,0,multi,gaussian_matched,0.050000000000000003,451,6,0.050000000000000003,0.4112323936432663,<1%,True,False,2,0.36293246526033157,0.41503974092746382,0.046974416202608039,0.08501411517499613,1.1746155659971997,1.1523277216798133,1.1130445712518864,0.96590974104948057,,1.019958121710894,False,False,False,,-1,,,False,4,0.012599042170960367,0.36293246526033157,0.0057424918845531067,0.15781986411889656
10000,0,multi,gaussian_matched,0.050000000000000003,451,7,0.02,0.4112323936432663,<1%,True,False,1,0.25448315463145038,0.62125579734154646,0.054239270111312715,0.12132988007910853,1.1746155659971997,1.1064639570244568,1.1103944120235634,1.0035522666365713,,1.0486190782402829,False,False,False,,-1,,,False,4,0.25448315463145038,8.1601798875557212e-05,0.10001505642007315,0.026230702134726735
10000,0,multi,gaussian_matched,0.050000000000000003,451,7,0.050000000000000003,0.4112323936432663,<1%,True,False,2,0.25448315463145038,0.62125579734154646,0.054239270111312715,0.12132988007910853,1.1746155659971997,1.1064639570244568,1.1103944120235634,1.0035522666365713,,1.0486190782402829,False,False,False,,-1,,,False,4,0.25448315463145038,8.1601798875557212e-05,0.10001505642007315,0.026230702134726735
10000,0,multi,gaussian_matched,0.050000000000000003,451,8,0.02,0.4112323936432663,<1%,True,False,2,0.1946020861860612,0.48706349413136241,0.056519961892497833,0.014486652034508139,1.1746155659971997,1.1758657196063065,1.0781504222686489,0.91689927199308618,,0.93020823657785734,False,False,False,,-1,,,False,4,0.0012176220166976058,0.019046880701384657,0.1946020861860612,0.040436213364859752
10000,0,multi,gaussian_matched,0.050000000000000003,451,8,0.050000000000000003,0.4112323936432663,<1%,True,False,3,0.1946020861860612,0.48706349413136241,0.056519961892497833,0.014486652034508139,1.1746155659971997,1.1758657196063065,1.0781504222686489,0.91689927199308618,,0.93020823657785734,False,False,False,,-1,,,False,4,0.0012176220166976058,0.019046880701384657,0.1946020861860612,0.040436213364859752
10000,0,multi,gaussian_matched,0.050000000000000003,451,9,0.02,0.4112323936432663,<1%,True,False,2,0.1990370021091564,0.52917021605783121,0.022151114758639623,0.04032941747715945,1.1746155659971997,1.178823687439837,1.092662366970452,0.92690906928031824,,0.96456391115994489,False,False,False,,-1,,,False,4,0.0053395847903311795,0.0076151049408551491,0.1990370021091564,0.041204388864528319
10000,0,multi,gaussian_matched,0.050000000000000003,451,9,0.050000000000000003,0.4112323936432663,<1%,True,False,3,0.1990370021091564,0.52917021605783121,0.022151114758639623,0.04032941747715945,1.1746155659971997,1.178823687439837,1.092662366970452,0.92690906928031824,,0.96456391115994489,False,False,False,,-1,,,False,4,0.0053395847903311795,0.0076151049408551491,0.1990370021091564,0.041204388864528319
10000,0,multi,gaussian_matched,0.050000000000000003,451,10,0.02,0.4112323936432663,<1%,True,False,1,0.25573201292963976,0.55711275850852382,0.090167989713932209,0.069823596170002042,1.1746155659971997,1.1073344711695419,1.0099625927281446,0.91206642529735815,,0.91926773333831402,False,False,False,,-1,,,False,4,0.25573201292963976,0.00090767382839651611,0.079497705539547395,0.026800307093034565
10000,0,multi,gaussian_matched,0.050000000000000003,451,10,0.050000000000000003,0.4112323936432663,<1%,True,False,2,0.25573201292963976,0.55711275850852382,0.090167989713932209,0.069823596170002042,1.1746155659971997,1.1073344711695419,1.0099625927281446,0.91206642529735815,,0.91926773333831402,False,False,False,,-1,,,False,4,0.25573201292963976,0.00090767382839651611,0.079497705539547395,0.026800307093034565
10000,0,multi,gaussian_matched,0.050000000000000003,451,11,0.02,0.4112323936432663,<1%,True,False,3,0.077149403509713457,0.54902459347103405,0.029284785181366284,0.053221526565688591,1.1746155659971997,1.1619548828658914,1.0617232918738124,0.91373882715233845,,0.94919976434414033,False,False,False,,-1,,,False,4,0.077149403509713457,0.00030146976889238272,0.0071579642391909311,0.014906057009841666
10000,0,multi,gaussian_matched,0.050000000000000003,451,11,0.050000000000000003,0.4112323936432663,<1%,True,False,3,0.077149403509713457,0.54902459347103405,0.029284785181366284,0.053221526565688591,1.1746155659971997,1.1619548828658914,1.0617232918738124,0.91373882715233845,,0.94919976434414033,False,False,False,,-1,,,False,4,0.077149403509713457,0.00030146976889238272,0.0071579642391909311,0.014906057009841666
10000,0,multi,gaussian_matched,0.050000000000000003,451,12,0.02,0.4112323936432663,<1%,True,False,1,0.2578434287146209,0.62893953994241469,-0.072911278952646888,0.17813642932970486,1.1746155659971997,1.2250805208928719,1.0377469388272138,0.84708467821435585,,1.0351330285025502,False,False,False,,-1,,,False,4,0.22842022421637651,0.016291409913905465,0.2578434287146209,0.031505292577784547
10000,0,multi,gaussian_matched,0.050000000000000003,451,12,0.050000000000000003,0.4112323936432663,<1%,True,False,2,0.2578434287146209,0.62893953994241469,-0.072911278952646888,0.17813642932970486,1.1746155659971997,1.2250805208928719,1.0377469388272138,0.84708467821435585,,1.0351330285025502,False,False,False,,-1,,,False,4,0.22842022421637651,0.016291409913905465,0.2578434287146209,0.031505292577784547
10000,0,multi,gaussian_matched,0.050000000000000003,451,13,0.02,0.4112323936432663,<1%,True,False,1,0.24633800625404884,0.46227706491321008,0.10870106882579765,0.069777040012121455,1.1746155659971997,1.1185907071139283,0.97659004924688497,0.87305396248694156,,0.89081663784242837,False,False,False,,-1,,,False,4,0.007187053893248023,0.24633800625404884,0.17460801425046585,0.034738773635028496
10000,0,multi,gaussian_matched,0.050000000000000003,451,13,0.050000000000000003,0.4112323936432663,<1%,True,False,2,0.24633800625404884,0.46227706491321008,0.10870106882579765,0.069777040012121455,1.1746155659971997,1.1185907071139283,0.97659004924688497,0.87305396248694156,,0.89081663784242837,False,False,False,,-1,,,False,4,0.007187053893248023,0.24633800625404884,0.17460801425046585,0.034738773635028496
10000,0,multi,gaussian_matched,0.050000000000000003,451,14,0.02,0.4112323936432663,<1%,True,False,1,0.21510542181784117,0.49231176364957646,0.0088759254492796757,0.041836568762664762,1.1746155659971997,1.2112821555461388,1.0625961861019748,0.87724910437805881,,0.94025039922489206,False,False,False,,-1,,,False,4,0.010623263051598027,0.023968741503347435,0.21510542181784117,0.076595876444907923
10000,0,multi,gaussian_matched,0.050000000000000003,451,14,0.050000000000000003,0.4112323936432663,<1%,True,False,2,0.21510542181784117,0.49231176364957646,0.0088759254492796757,0.041836568762664762,1.1746155659971997,1.2112821555461388,1.0625961861019748,0.87724910437805881,,0.94025039922489206,False,False,False,,-1,,,False,4,0.010623263051598027,0.023968741503347435,0.21510542181784117,0.076595876444907923
10000,0,multi,gaussian_matched,0.050000000000000003,451,15,0.02,0.4112323936432663,<1%,True,False,2,0.19600262815170102,0.49560552033082689,0.047981292159594686,0.0048359727984852979,1.1746155659971997,1.1790280581926269,1.0819878267999092,0.91769472259932983,,0.92525914951222898,False,False,False,,-1,,,False,4,0.0022130771038142458,0.01433765480243835,0.19600262815170102,0.041297553653541055
10000,0,multi,gaussian_matched,0.050000000000000003,451,15,0.050000000000000003,0.4112323936432663,<1%,True,False,3,0.19600262815170102,0.49560552033082689,0.047981292159594686,0.0048359727984852979,1.1746155659971997,1.1790280581926269,1.0819878267999092,0.91769472259932983,,0.92525914951222898,False,False,False,,-1,,,False,4,0.0022130771038142458,0.01433765480243835,0.19600262815170102,0.041297553653541055
10000,0,multi,gaussian_matched,0.050000000000000003,451,16,0.02,0.4112323936432663,<1%,True,False,2,0.22783229016549048,0.5077005455267205,0.074521648698984033,0.025702327838650729,1.1746155659971997,1.1512224289472708,1.1009558401148944,0.95633633642949234,,0.9591718350821099,False,False,False,,-1,,,False,4,0.22783229016549048,0.010098433989638698,0.099722904307382079,0.0020767035452474757
10000,0,multi,gaussian_matched,0.050000000000000003,451,16,0.050000000000000003,0.4112323936432663,<1%,True,False,2,0.22783229016549048,0.5077005455267205,0.074521648698984033,0.025702327838650729,1.1746155659971997,1.1512224289472708,1.1009558401148944,0.95633633642949234,,0.9591718350821099,False,False,False,,-1,,,False,4,0.22783229016549048,0.010098433989638698,0.099722904307382079,0.0020767035452474757
10000,0,multi,gaussian_matched,0.050000000000000003,451,17,0.02,0.4112323936432663,<1%,True,False,1,0.22666326867124673,0.46229413836319788,0.045661974350596546,0.037954584285808585,1.1746155659971997,1.1728737385606491,1.014751477149137,0.86518390154633373,,0.89621327343916313,False,False,False,,-1,,,False,4,0.011242255278014394,0.22666326867124673,0.17746007305314104,0.11598584651984312
10000,0,multi,gaussian_matched,0.050000000000000003,451,17,0.050000000000000003,0.4112323936432663,<1%,True,False,1,0.22666326867124673,0.46229413836319788,0.045661974350596546,0.037954584285808585,1.1746155659971997,1.1728737385606491,1.014751477149137,0.86518390154633373,,0.89621327343916313,False,False,False,,-1,,,False,4,0.011242255278014394,0.22666326867124673,0.17746007305314104,0.11598584651984312
10000,0,multi,gaussian_matched,0.050000000000000003,451,18,0.02,0.4112323936432663,<1%,True,False,2,0.24787226399888249,0.58175615012334514,0.050159621269654509,0.081756305946028854,1.1746155659971997,1.127295430247079,1.1159317561302295,0.98991952436606723,,1.0196425934977893,False,False,False,,-1,,,False,4,0.24787226399888249,0.0033522203134814543,0.098252768535243673,0.018353438932763373
10000,0,multi,gaussian_matched,0.050000000000000003,451,18,0.050000000000000003,0.4112323936432663,<1%,True,False,2,0.24787226399888249,0.58175615012334514,0.050159621269654509,0.081756305946028854,1.1746155659971997,1.127295430247079,1.1159317561302295,0.98991952436606723,,1.0196425934977893,False,False,False,,-1,,,False,4,0.24787226399888249,0.0033522203134814543,0.098252768535243673,0.018353438932763373
10000,0,multi,gaussian_matched,0.050000000000000003,451,19,0.02,0.4112323936432663,<1%,True,False,1,0.25382507261998105,0.58005063905866683,0.066695984970019287,0.081773227451410191,1.1746155659971997,1.1138288933780163,1.1194513991835287,1.0050479080215458,,1.0226534207514517,False,False,False,,-1,,,False,4,0.25382507261998105,0.0047499633563867589,0.086579179248707075,0.026663769943626844
10000,0,multi,gaussian_matched,0.050000000000000003,451,19,0.050000000000000003,0.4112323936432663,<1%,True,False,2,0.25382507261998105,0.58005063905866683,0.066695984970019287,0.081773227451410191,1.1746155659971997,1.1138288933780163,1.1194513991835287,1.0050479080215458,,1.0226534207514517,False,False,False,,-1,,,False,4,0.25382507261998105,0.0047499633563867589,0.086579179248707075,0.026663769943626844
10000,0,multi,gaussian_matched,0.050000000000000003,451,20,0.02,0.4112323936432663,<1%,True,False,1,0.263324610039955,0.59610430168983208,0.08898244399749719,0.10370953545025774,1.1746155659971997,1.086468398639818,1.1063562811645058,1.0183050722410205,,1.0301803003840393,False,False,False,,-1,,,False,4,0.263324610039955,0.0095218663093061314,0.081265378861268917,0.034940736168641857
10000,0,multi,gaussian_matched,0.050000000000000003,451,20,0.050000000000000003,0.4112323936432663,<1%,True,False,2,0.263324610039955,0.59610430168983208,0.08898244399749719,0.10370953545025774,1.1746155659971997,1.086468398639818,1.1063562811645058,1.0183050722410205,,1.0301803003840393,False,False,False,,-1,,,False,4,0.263324610039955,0.0095218663093061314,0.081265378861268917,0.034940736168641857
10000,0,multi,gaussian_matched,0.050000000000000003,451,21,0.02,0.4112323936432663,<1%,True,False,3,0.078462724691172922,0.54141777876357211,0.035686680750704372,0.043821267732009554,1.1746155659971997,1.160745897817681,1.0549139697009979,0.90882420664534957,,0.93539986123053542,False,False,False,,-1,,,False,4,0.078462724691172922,0.00057990487084370564,0.0045863985521528705,0.013604807738151809
10000,0,multi,gaussian_matched,0.050000000000000003,451,21,0.050000000000000003,0.4112323936432663,<1%,True,False,3,0.078462724691172922,0.54141777876357211,0.035686680750704372,0.043821267732009554,1.1746155659971997,1.160745897817681,1.0549139697009979,0.90882420664534957,,0.93539986123053542,False,False,False,,-1,,,False,4,0.078462724691172922,0.00057990487084370564,0.0045863985521528705,0.013604807738151809
10000,0,multi,gaussian_matched,0.050000000000000003,451,22,0.02,0.4112323936432663,<1%,True,False,2,0.24678725759443956,0.57474277568258025,0.049715979753451121,0.074743315314728706,1.1746155659971997,1.131147853062437,1.1142972574247141,0.98510310072012064,,1.0122806194297254,False,False,False,,-1,,,False,4,0.24678725759443956,0.0038915170581636507,0.099509777457260432,0.017024925717827193
10000,0,multi,gaussian_matched,0.050000000000000003,451,22,0.050000000000000003,0.4112323936432663,<1%,True,False,2,0.24678725759443956,0.57474277568258025,0.049715979753451121,0.074743315314728706,1.1746155659971997,1.131147853062437,1.1142972574247141,0.98510310072012064,,1.0122806194297254,False,False,False,,-1,,,False,4,0.24678725759443956,0.0038915170581636507,0.099509777457260432,0.017024925717827193
10000,0,multi,gaussian_matched,0.050000000000000003,451,23,0.02,0.4112323936432663,<1%,True,False,2,0.354697204947306,0.429974362343582,0.034137664993557984,0.071799746524932401,1.1746155659971997,1.169705756964345,1.1114589600536524,0.95020388968431135,,1.0073582717883085,False,False,False,,-1,,,False,4,0.0011964139512598173,0.354697204947306,0.0038301650283306767,0.14986444340522698
10000,0,multi,gaussian_matched,0.050000000000000003,451,23,0.050000000000000003,0.4112323936432663,<1%,True,False,2,0.354697204947306,0.429974362343582,0.034137664993557984,0.071799746524932401,1.1746155659971997,1.169705756964345,1.1114589600536524,0.95020388968431135,,1.0073582717883085,False,False,False,,-1,,,False,4,0.0011964139512598173,0.354697204947306,0.0038301650283306767,0.14986444340522698
10000,0,multi,gaussian_matched,0.050000000000000003,451,24,0.02,0.4112323936432663,<1%,True,False,2,0.24361084828265528,0.53644773132641099,0.072260100180064984,0.042707718024600307,1.1746155659971997,1.1341756445023963,1.11381380082255,0.98204701028580121,,0.98459577101322648,False,False,False,,-1,,,False,4,0.24361084828265528,0.00048963627860540513,0.086703394891009367,0.013264680041242455
10000,0,multi,gaussian_matched,0.050000000000000003,451,24,0.050000000000000003,0.4112323936432663,<1%,True,False,2,0.24361084828265528,0.53644773132641099,0.072260100180064984,0.042707718024600307,1.1746155659971997,1.1341756445023963,1.11381380082255,0.98204701028580121,,0.98459577101322648,False,False,False,,-1,,,False,4,0.24361084828265528,0.00048963627860540513,0.086703394891009367,0.013264680041242455
10000,0,multi,gaussian_matched,0.050000000000000003,451,25,0.02,0.4112323936432663,<1%,True,False,2,0.22032444992270336,0.52571471027487882,0.088418595755875212,0.04623023712219429,1.1746155659971997,1.1288073196129911,1.0016183163463244,0.8873244343328025,,0.89207787109388326,False,False,False,,-1,,,False,4,0.22032444992270336,0.010104718330754943,0.080426193592945866,0.015416384751809165
10000,0,multi,gaussian_matched,0.050000000000000003,451,25,0.050000000000000003,0.4112323936432663,<1%,True,False,2,0.22032444992270336,0.52571471027487882,0.088418595755875212,0.04623023712219429,1.1746155659971997,1.1288073196129911,1.0016183163463244,0.8873244343328025,,0.89207787109388326,False,False,False,,-1,,,False,4,0.22032444992270336,0.010104718330754943,0.080426193592945866,0.015416384751809165
10000,0,multi,gaussian_matched,0.050000000000000003,451,26,0.02,0.4112323936432663,<1%,True,False,2,0.16897419374862443,0.48351450941860652,0.084210312752510119,0.037975214263171311,1.1746155659971997,1.1507700570933674,0.96731867017333617,0.84058380230765162,,0.85584927829817659,False,False,False,,-1,,,False,4,0.0015944533865011122,0.025458551107220607,0.16897419374862443,0.015668736643791419
10000,0,multi,gaussian_matched,0.050000000000000003,451,26,0.050000000000000003,0.4112323936432663,<1%,True,False,3,0.16897419374862443,0.48351450941860652,0.084210312752510119,0.037975214263171311,1.1746155659971997,1.1507700570933674,0.96731867017333617,0.84058380230765162,,0.85584927829817659,False,False,False,,-1,,,False,4,0.0015944533865011122,0.025458551107220607,0.16897419374862443,0.015668736643791419
10000,0,multi,gaussian_matched,0.050000000000000003,451,27,0.02,0.4112323936432663,<1%,True,False,2,0.20759669565357497,0.49480975272662592,0.02527407857823926,0.025264794812423351,1.1746155659971997,1.1968864401474271,1.0715157617758724,0.89525265374707386,,0.93373575860726377,False,False,False,,-1,,,False,4,0.0072464783271981468,0.018401502103633331,0.20759669565357497,0.061788756799663759
10000,0,multi,gaussian_matched,0.050000000000000003,451,27,0.050000000000000003,0.4112323936432663,<1%,True,False,2,0.20759669565357497,0.49480975272662592,0.02527407857823926,0.025264794812423351,1.1746155659971997,1.1968864401474271,1.0715157617758724,0.89525265374707386,,0.93373575860726377,False,False,False,,-1,,,False,4,0.0072464783271981468,0.018401502103633331,0.20759669565357497,0.061788756799663759
10000,0,multi,gaussian_matched,0.050000000000000003,451,28,0.02,0.4112323936432663,<1%,True,False,1,0.21603355167540392,0.57127486188626686,-0.0043031571330563595,0.089604345941052585,1.1746155659971997,1.1804195978352874,1.1008045440275924,0.93255359877648847,,1.013445525862785,False,False,False,,-1,,,False,4,0.022287517722765895,0.007514961182216312,0.21603355167540392,0.038768446724123787
10000,0,multi,gaussian_matched,0.050000000000000003,451,28,0.050000000000000003,0.4112323936432663,<1%,True,False,3,0.21603355167540392,0.57127486188626686,-0.0043031571330563595,0.089604345941052585,1.1746155659971997,1.1804195978352874,1.1008045440275924,0.93255359877648847,,1.013445525862785,False,False,False,,-1,,,False,4,0.022287517722765895,0.007514961182216312,0.21603355167540392,0.038768446724123787
10000,0,multi,gaussian_matched,0.050000000000000003,451,29,0.02,0.4112323936432663,<1%,True,False,1,0.25755604263793686,0.56736880305455228,0.086560490020446412,0.076650016670175722,1.1746155659971997,1.1041387348712344,1.104654835288402,1.000467423522849,,1.0056948725651351,False,False,False,,-1,,,False,4,0.25755604263793686,0.0063491188895780648,0.080318388544032726,0.028431671830414843
10000,0,multi,gaussian_matched,0.050000000000000003,451,29,0.050000000000000003,0.4112323936432663,<1%,True,False,2,0.25755604263793686,0.56736880305455228,0.086560490020446412,0.076650016670175722,1.1746155659971997,1.1041387348712344,1.104654835288402,1.000467423522849,,1.0056948725651351,False,False,False,,-1,,,False,4,0.25755604263793686,0.0063491188895780648,0.080318388544032726,0.028431671830414843
10000,0,multi,gaussian_matched,0.050000000000000003,451,30,0.02,0.4112323936432663,<1%,True,False,3,0.16854788589833078,0.50267089351992877,0.067442808963687137,0.017646111660603356,1.1746155659971997,1.1598348889046466,0.98818986314753654,0.85200908560423427,,0.85631078280001072,False,False,False,,-1,,,False,4,0.003844008872502348,0.01236395702565295,0.16854788589833078,0.013391520265106019
10000,0,multi,gaussian_matched,0.050000000000000003,451,30,0.050000000000000003,0.4112323936432663,<1%,True,False,3,0.16854788589833078,0.50267089351992877,0.067442808963687137,0.017646111660603356,1.1746155659971997,1.1598348889046466,0.98818986314753654,0.85200908560423427,,0.85631078280001072,False,False,False,,-1,,,False,4,0.003844008872502348,0.01236395702565295,0.16854788589833078,0.013391520265106019
10000,0,multi,gaussian_matched,0.050000000000000003,451,31,0.02,0.4112323936432663,<1%,True,False,1,0.20256138331622961,0.48304034810477925,0.043694379600996529,0.018093939345078882,1.1746155659971997,1.1847132994491305,1.0686571325761736,0.90203860552006898,,0.92519723335919368,False,False,False,,-1,,,False,4,0.0043719021893601079,0.021939305451348985,0.20256138331622961,0.055655498217098816
10000,0,multi,gaussian_matched,0.050000000000000003,451,31,0.050000000000000003,0.4112323936432663,<1%,True,False,2,0.20256138331622961,0.48304034810477925,0.043694379600996529,0.018093939345078882,1.1746155659971997,1.1847132994491305,1.0686571325761736,0.90203860552006898,,0.92519723335919368,False,False,False,,-1,,,False,4,0.0043719021893601079,0.021939305451348985,0.20256138331622961,0.055655498217098816
10000,0,multi,gaussian_matched,0.050000000000000003,452,0,0.02,0.81182865640468493,<1%,True,False,3,0.025897410409183447,0.49326905770381468,0.054867371190577795,0.008306436450213962,1.3658772026137618,1.3637595249833026,1.3545997023165088,0.99328340334275145,,0.99782479432166116,False,False,False,,-1,,,False,2,0.025897410409183447,0.0033457661019377027,0.0014419574694847779,0.015370430956153539
10000,0,multi,gaussian_matched,0.050000000000000003,452,0,0.050000000000000003,0.81182865640468493,<1%,True,True,4,0.025897410409183447,0.49326905770381468,0.054867371190577795,0.008306436450213962,1.3658772026137618,1.3637595249833026,1.3545997023165088,0.99328340334275145,0.95444109149790535,0.99782479432166116,True,True,False,1>4>2>3,4,0.81182865640467838,0.37180381507981863,True,2,0.025897410409183447,0.0033457661019377027,0.0014419574694847779,0.015370430956153539
10000,0,multi,gaussian_matched,0.050000000000000003,452,1,0.02,0.81182865640468493,<1%,True,False,1,0.046140586959075483,0.48377291673779954,0.095417543629461227,0.048229363468040923,1.3658772026137618,1.3306399621564515,1.2543517759400682,0.94266804816777805,,0.95365903824697529,False,False,False,,-1,,,False,2,0.028782811968003755,0.032713504104887763,0.005463907427906485,0.046140586959075483
10000,0,multi,gaussian_matched,0.050000000000000003,452,1,0.050000000000000003,0.81182865640468493,<1%,True,True,4,0.046140586959075483,0.48377291673779954,0.095417543629461227,0.048229363468040923,1.3658772026137618,1.3306399621564515,1.2543517759400682,0.94266804816777805,0.90206784318584698,0.95365903824697529,True,True,False,1>4>2>3,4,0.81182865640467838,0.17796163137326904,True,2,0.028782811968003755,0.032713504104887763,0.005463907427906485,0.046140586959075483
10000,0,multi,gaussian_matched,0.050000000000000003,452,2,0.02,0.81182865640468493,<1%,True,True,4,0.0053325015343710733,0.54478370026847323,0.089887722394052544,0.059971745076506232,1.3658772026137618,1.3143485211104813,1.3211603329336665,1.0051826526326746,0.99357128831260544,1.0111685555386818,True,True,False,4>2>3>1,21,0,0,True,2,0.0053325015343710733,0.002826520211038483,0.0014392814004609092,0.0038554244057336208
10000,0,multi,gaussian_matched,0.050000000000000003,452,2,0.050000000000000003,0.81182865640468493,<1%,True,True,4,0.0053325015343710733,0.54478370026847323,0.089887722394052544,0.059971745076506232,1.3658772026137618,1.3143485211104813,1.3211603329336665,1.0051826526326746,0.97066246798933553,1.0111685555386818,True,True,False,4>2>3>1,21,0,0,True,2,0.0053325015343710733,0.002826520211038483,0.0014392814004609092,0.0038554244057336208
10000,0,multi,gaussian_matched,0.050000000000000003,452,3,0.02,0.81182865640468493,<1%,True,False,2,0.17452077313143485,0.51051144744275301,-0.062023319224155701,0.1125153970678629,1.3658772026137618,1.4700332424098512,1.3275823267834563,0.90309680657773928,,1.0543390878005197,False,False,False,,-1,,,False,2,0.052561238958670389,0.013978667088713724,0.17452077313143485,0.018730873795082859
10000,0,multi,gaussian_matched,0.050000000000000003,452,3,0.050000000000000003,0.81182865640468493,<1%,True,False,2,0.17452077313143485,0.51051144744275301,-0.062023319224155701,0.1125153970678629,1.3658772026137618,1.4700332424098512,1.3275823267834563,0.90309680657773928,,1.0543390878005197,False,False,False,,-1,,,False,2,0.052561238958670389,0.013978667088713724,0.17452077313143485,0.018730873795082859
10000,0,multi,gaussian_matched,0.050000000000000003,452,4,0.02,0.81182865640468493,<1%,True,True,4,0.0084049966555940075,0.52458335774811515,0.073620740675284693,0.034092240586691601,1.3658772026137618,1.3355486604408915,1.3335470153983304,0.99850125637361631,0.98425816333807059,1.0012900525522268,True,True,False,4>2>3>1,21,0,0,True,2,0.0010182137212346274,0.0084049966555940075,0.00028728508793519566,0.0038391701630836141
10000,0,multi,gaussian_matched,0.050000000000000003,452,4,0.050000000000000003,0.81182865640468493,<1%,True,True,4,0.0084049966555940075,0.52458335774811515,0.073620740675284693,0.034092240586691601,1.3658772026137618,1.3355486604408915,1.3335470153983304,0.99850125637361631,0.96179494504021867,1.0012900525522268,True,True,False,4>2>3>1,21,0,0,True,2,0.0010182137212346274,0.0084049966555940075,0.00028728508793519566,0.0038391701630836141
10000,0,multi,gaussian_matched,0.050000000000000003,452,5,0.02,0.81182865640468493,<1%,True,False,3,0.041026221969970363,0.54510605594889938,-0.0052337554858970931,0.071311457903629416,1.3658772026137618,1.4071830134320438,1.3777075391716578,0.97905356021282763,,1.0608706216799169,False,False,False,,-1,,,False,2,0.009671781358234639,0.011569306565886303,0.010598249180518384,0.041026221969970363
10000,0,multi,gaussian_matched,0.050000000000000003,452,5,0.050000000000000003,0.81182865640468493,<1%,True,True,4,0.041026221969970363,0.54510605594889938,-0.0052337554858970931,0.071311457903629416,1.3658772026137618,1.4071830134320438,1.3777075391716578,0.97905356021282763,0.9470498520436913,1.0608706216799169,True,True,False,4>2>3>1,21,0,0,True,2,0.009671781358234639,0.011569306565886303,0.010598249180518384,0.041026221969970363
10000,0,multi,gaussian_matched,0.050000000000000003,452,6,0.02,0.81182865640468493,<1%,True,False,3,0.0210397802443309,0.54614080177000579,0.041732437864462749,0.046875645826419704,1.3658772026137618,1.3609259241284164,1.3504461630632696,0.99229953601489485,,1.0230215470437274,False,False,False,,-1,,,False,2,0.007334767105389944,0.00051274990770571729,0.0043218853259478513,0.0210397802443309
10000,0,multi,gaussian_matched,0.050000000000000003,452,6,0.050000000000000003,0.81182865640468493,<1%,True,True,4,0.0210397802443309,0.54614080177000579,0.041732437864462749,0.046875645826419704,1.3658772026137618,1.3609259241284164,1.3504461630632696,0.99229953601489485,0.95892889721071473,1.0230215470437274,True,True,False,4>2>3>1,21,0,0,True,2,0.007334767105389944,0.00051274990770571729,0.0043218853259478513,0.0210397802443309
10000,0,multi,gaussian_matched,0.050000000000000003,452,7,0.02,0.81182865640468493,<1%,True,False,3,0.022086560504484692,0.5791236740495721,0.11892179934388476,0.10493221726382057,1.3658772026137618,1.2791153244290956,1.2924068246062097,1.0103911663970147,,1.0230341638297078,False,False,False,,-1,,,False,2,0.01243082595981309,0.0083300219696900244,0.0017142558154345294,0.022086560504484692
10000,0,multi,gaussian_matched,0.050000000000000003,452,7,0.050000000000000003,0.81182865640468493,<1%,True,True,4,0.022086560504484692,0.5791236740495721,0.11892179934388476,0.10493221726382057,1.3658772026137618,1.2791153244290956,1.2924068246062097,1.0103911663970147,0.98014966803390435,1.0230341638297078,True,True,False,4>2>3>1,21,0,0,True,2,0.01243082595981309,0.0083300219696900244,0.0017142558154345294,0.022086560504484692
10000,0,multi,gaussian_matched,0.050000000000000003,452,8,0.02,0.81182865640468493,<1%,True,False,2,0.47627752083514874,0.62931730688739951,0.042927796320124528,0.12951054754536215,1.3658772026137618,1.3532416998771666,1.1716969809013349,0.86584457233891743,,0.9526533761283138,False,False,False,,-1,,,False,2,0.47627752083514874,0.018499768460993191,0.0099693170669856151,0.098633841402591349
10000,0,multi,gaussian_matched,0.050000000000000003,452,8,0.050000000000000003,0.81182865640468493,<1%,True,False,2,0.47627752083514874,0.62931730688739951,0.042927796320124528,0.12951054754536215,1.3658772026137618,1.3532416998771666,1.1716969809013349,0.86584457233891743,,0.9526533761283138,False,False,False,,-1,,,False,2,0.47627752083514874,0.018499768460993191,0.0099693170669856151,0.098633841402591349
10000,0,multi,gaussian_matched,0.050000000000000003,452,9,0.02,0.81182865640468493,<1%,True,False,3,0.02095879400053775,0.55127025425652443,0.049318801283154814,0.051274779406843794,1.3658772026137618,1.3524565024325779,1.3449184868355586,0.99442642659230729,,1.0221953068479563,False,False,False,,-1,,,False,2,0.0082104784442325225,0.0041389585682092313,0.0038017859191985578,0.02095879400053775
10000,0,multi,gaussian_matched,0.050000000000000003,452,9,0.050000000000000003,0.81182865640468493,<1%,True,True,4,0.02095879400053775,0.55127025425652443,0.049318801283154814,0.051274779406843794,1.3658772026137618,1.3524565024325779,1.3449184868355586,0.99442642659230729,0.96163884455804216,1.0221953068479563,True,True,False,4>2>3>1,21,0,0,True,2,0.0082104784442325225,0.0041389585682092313,0.0038017859191985578,0.02095879400053775
10000,0,multi,gaussian_matched,0.050000000000000003,452,10,0.02,0.81182865640468493,<1%,True,False,3,0.026237143551168164,0.51181284257901039,0.071644429208273158,0.024658154139116512,1.3658772026137618,1.3414944467078829,1.3298647232152543,0.99133077030533467,,0.99168715515738659,False,False,False,,-1,,,False,2,0.0044066614494148908,0.026237143551168164,0.0030564541002020239,0.011622998112325212
10000,0,multi,gaussian_matched,0.050000000000000003,452,10,0.050000000000000003,0.81182865640468493,<1%,True,True,4,0.026237143551168164,0.51181284257901039,0.071644429208273158,0.024658154139116512,1.3658772026137618,1.3414944467078829,1.3298647232152543,0.99133077030533467,0.95231212758528572,0.99168715515738659,True,True,False,4>2>3>1,21,0,0,True,2,0.0044066614494148908,0.026237143551168164,0.0030564541002020239,0.011622998112325212
10000,0,multi,gaussian_matched,0.050000000000000003,452,11,0.02,0.81182865640468493,<1%,True,True,4,0.019927056084115193,0.46043025209170335,-0.0056962969287792306,0.068321610352105211,1.3658772026137618,1.3961554009816282,1.394271996326276,0.99865100643235849,0.98623885705874348,1.0708090038251912,True,True,False,1>4>2>3,4,0.81182865640467838,0,True,2,0.019927056084115193,0.00017199483838236542,0.0061055076601759335,0.0077151609068249975
10000,0,multi,gaussian_matched,0.050000000000000003,452,11,0.050000000000000003,0.81182865640468493,<1%,True,True,4,0.019927056084115193,0.46043025209170335,-0.0056962969287792306,0.068321610352105211,1.3658772026137618,1.3961554009816282,1.394271996326276,0.99865100643235849,0.96415454375488185,1.0708090038251912,True,True,False,1>4>2>3,4,0.81182865640467838,0,True,2,0.019927056084115193,0.00017199483838236542,0.0061055076601759335,0.0077151609068249975
10000,0,multi,gaussian_matched,0.050000000000000003,452,12,0.02,0.81182865640468493,<1%,True,True,4,0.0052465929015646914,0.52984280341161394,0.061858341316251952,0.032112508065191114,1.3658772026137618,1.3453098031956743,1.3404629177846812,0.99639719758268341,0.98280184578651042,1.0049039717650261,True,True,False,4>2>3>1,21,0,0,True,2,0.0026987270571655229,0.0052465929015646914,0.0010362388734031539,0.0039934340653643829
10000,0,multi,gaussian_matched,0.050000000000000003,452,12,0.050000000000000003,0.81182865640468493,<1%,True,True,4,0.0052465929015646914,0.52984280341161394,0.061858341316251952,0.032112508065191114,1.3658772026137618,1.3453098031956743,1.3404629177846812,0.99639719758268341,0.96045335915506624,1.0049039717650261,True,True,False,4>2>3>1,21,0,0,True,2,0.0026987270571655229,0.0052465929015646914,0.0010362388734031539,0.0039934340653643829
10000,0,multi,gaussian_matched,0.050000000000000003,452,13,0.02,0.81182865640468493,<1%,True,False,3,0.024240100786560762,0.5138671200714181,0.059759632210363817,0.016957223828112246,1.3658772026137618,1.3520477199474459,1.3382536441868988,0.98979764134280468,,0.9921908539227835,False,False,False,,-1,,,False,2,0.0028083930397933424,0.024240100786560762,0.0036930573354002289,0.0051456743533405142
10000,0,multi,gaussian_matched,0.050000000000000003,452,13,0.050000000000000003,0.81182865640468493,<1%,True,True,4,0.024240100786560762,0.5138671200714181,0.059759632210363817,0.016957223828112246,1.3658772026137618,1.3520477199474459,1.3382536441868988,0.98979764134280468,0.95076446927169489,0.9921908539227835,True,True,False,4>2>3>1,21,0,0,True,2,0.0028083930397933424,0.024240100786560762,0.0036930573354002289,0.0051456743533405142
10000,0,multi,gaussian_matched,0.050000000000000003,452,14,0.02,0.81182865640468493,<1%,True,True,4,0.019242226998211324,0.51530481397713024,0.06917122605895136,0.024531066823071043,1.3658772026137618,1.3426737083152631,1.3343277744165847,0.99378409374742982,0.97783488539821584,0.99486164542414524,True,True,False,4>2>3>1,21,0,0,True,2,0.0025197169562462449,0.019242226998211324,0.00210327081012707,0.0080281341224213362
10000,0,multi,gaussian_matched,0.050000000000000003,452,14,0.050000000000000003,0.81182865640468493,<1%,True,True,4,0.019242226998211324,0.51530481397713024,0.06917122605895136,0.024531066823071043,1.3658772026137618,1.3426737083152631,1.3343277744165847,0.99378409374742982,0.9554177770095128,0.99486164542414524,True,True,False,4>2>3>1,21,0,0,True,2,0.0025197169562462449,0.019242226998211324,0.00210327081012707,0.0080281341224213362
10000,0,multi,gaussian_matched,0.050000000000000003,452,15,0.02,0.81182865640468493,<1%,True,True,4,0.0059141556924212895,0.46293853783050526,0.035090782417698849,0.039947925441220195,1.3658772026137618,1.3645207176377487,1.3665742962487899,1.0015049816279786,0.98501437125692248,1.029757447447303,True,True,False,1>4>2>3,4,0.81182865640467838,0,True,2,0.0054261082646756015,0.00029827615452164536,0.0033023417716941004,0.0059141556924212895
10000,0,multi,gaussian_matched,0.050000000000000003,452,15,0.050000000000000003,0.81182865640468493,<1%,True,True,4,0.0059141556924212895,0.46293853783050526,0.035090782417698849,0.039947925441220195,1.3658772026137618,1.3645207176377487,1.3665742962487899,1.0015049816279786,0.96283537362960125,1.029757447447303,True,True,False,1>4>2>3,4,0.81182865640467838,0,True,2,0.0054261082646756015,0.00029827615452164536,0.0033023417716941004,0.0059141556924212895
10000,0,multi,gaussian_matched,0.050000000000000003,452,16,0.02,0.81182865640468493,<1%,True,False,2,0.030504738561050515,0.49421123336328648,0.068482048235998738,0.019367393375777534,1.3658772026137618,1.3507985412002523,1.3380243523471846,0.99054323167856162,,0.99378754043587403,False,False,False,,-1,,,False,2,0.030504738561050515,0.00040925099431886406,0.0023051472889342351,0.022781694337058525
10000,0,multi,gaussian_matched,0.050000000000000003,452,16,0.050000000000000003,0.81182865640468493,<1%,True,True,4,0.030504738561050515,0.49421123336328648,0.068482048235998738,0.019367393375777534,1.3658772026137618,1.3507985412002523,1.3380243523471846,0.99054323167856162,0.95010650749078818,0.99378754043587403,True,True,False,1>4>2>3,4,0.81182865640467838,0.64607815410340219,True,2,0.030504738561050515,0.00040925099431886406,0.0023051472889342351,0.022781694337058525
10000,0,multi,gaussian_matched,0.050000000000000003,452,17,0.02,0.81182865640468493,<1%,True,False,1,0.23234420212747423,0.45682573835211499,0.12385136672482583,0.085545550649725466,1.3658772026137618,1.2938581182602427,0.9916308084387373,0.76641387061211275,,0.78863338302093544,False,False,False,,-1,,,False,2,0.025551116096065831,0.23234420212747423,0.013830462707311387,0.10409353827885853
10000,0,multi,gaussian_matched,0.050000000000000003,452,17,0.050000000000000003,0.81182865640468493,<1%,True,False,2,0.23234420212747423,0.45682573835211499,0.12385136672482583,0.085545550649725466,1.3658772026137618,1.2938581182602427,0.9916308084387373,0.76641387061211275,,0.78863338302093544,False,False,False,,-1,,,False,2,0.025551116096065831,0.23234420212747423,0.013830462707311387,0.10409353827885853
10000,0,multi,gaussian_matched,0.050000000000000003,452,18,0.02,0.81182865640468493,<1%,True,False,2,0.062407440642907555,0.50653448064106266,0.074333671484654751,0.025195773557712457,1.3658772026137618,1.3408006950805311,1.3061627011002164,0.97416618733313354,,0.97472779552233724,False,False,False,,-1,,,False,2,0.014429022839923346,0.062407440642907555,0.0052381548592816927,0.023199302663066239
10000,0,multi,gaussian_matched,0.050000000000000003,452,18,0.050000000000000003,0.81182865640468493,<1%,True,False,3,0.062407440642907555,0.50653448064106266,0.074333671484654751,0.025195773557712457,1.3658772026137618,1.3408006950805311,1.3061627011002164,0.97416618733313354,,0.97472779552233724,False,False,False,,-1,,,False,2,0.014429022839923346,0.062407440642907555,0.0052381548592816927,0.023199302663066239
10000,0,multi,gaussian_matched,0.050000000000000003,452,19,0.02,0.81182865640468493,<1%,True,True,4,0.0064725365061558109,0.54953092475252452,0.092193193990928041,0.065065952125488269,1.3658772026137618,1.3109630416979181,1.3188299147667153,1.0060008351254572,0.99498979882255378,1.0131920089477744,True,True,False,4>2>3>1,21,0,0,True,2,0.0062652347791721692,0.0026455793913850389,0.0012467587627959997,0.0064725365061558109
10000,0,multi,gaussian_matched,0.050000000000000003,452,19,0.050000000000000003,0.81182865640468493,<1%,True,True,4,0.0064725365061558109,0.54953092475252452,0.092193193990928041,0.065065952125488269,1.3658772026137618,1.3109630416979181,1.3188299147667153,1.0060008351254572,0.97198141365317436,1.0131920089477744,True,True,False,4>2>3>1,21,0,0,True,2,0.0062652347791721692,0.0026455793913850389,0.0012467587627959997,0.0064725365061558109
10000,0,multi,gaussian_matched,0.050000000000000003,452,20,0.02,0.81182865640468493,<1%,True,False,3,0.027401510612789892,0.5191494219671533,0.018140905554852711,0.037171255837554221,1.3658772026137618,1.3902895633996502,1.363631705746255,0.9808256795165684,,1.0255702041905475,False,False,False,,-1,,,False,2,0.0015843055333536872,0.027401510612789892,0.007838381288263899,0.015627514522019242
10000,0,multi,gaussian_matched,0.050000000000000003,452,20,0.050000000000000003,0.81182865640468493,<1%,True,True,4,0.027401510612789892,0.5191494219671533,0.018140905554852711,0.037171255837554221,1.3658772026137618,1.3902895633996502,1.363631705746255,0.9808256795165684,0.94210286322206038,1.0255702041905475,True,True,False,4>2>3>1,21,0,0,True,2,0.0015843055333536872,0.027401510612789892,0.007838381288263899,0.015627514522019242
10000,0,multi,gaussian_matched,0.050000000000000003,452,21,0.02,0.81182865640468493,<1%,True,False,3,0.022774557334680957,0.55568815117804438,0.15680757853419064,0.12045343089329597,1.3658772026137618,1.24691453628645,1.2750051268408176,1.0225280801024477,,1.0216574045336906,False,False,False,,-1,,,False,2,0.0067293819962148914,0.022774557334680957,0.0085755581160066492,0.0028267909495016709
10000,0,multi,gaussian_matched,0.050000000000000003,452,21,0.050000000000000003,0.81182865640468493,<1%,True,True,4,0.022774557334680957,0.55568815117804438,0.15680757853419064,0.12045343089329597,1.3658772026137618,1.24691453628645,1.2750051268408176,1.0225280801024477,0.98774253471276208,1.0216574045336906,True,True,False,4>2>3>1,21,0,0,True,2,0.0067293819962148914,0.022774557334680957,0.0085755581160066492,0.0028267909495016709
10000,0,multi,gaussian_matched,0.050000000000000003,452,22,0.02,0.81182865640468493,<1%,True,True,4,0.0063993099657495243,0.53352178023654873,0.093617377650537334,0.055010775156664193,1.3658772026137618,1.3138024850855783,1.3205751268964177,1.0051549923886758,0.9922450211206052,1.0071080324210269,True,True,False,4>2>3>1,21,0,0,True,2,0.0030991149642469826,0.0063993099657495243,0.0029406381152051356,0.0046323786300417362
10000,0,multi,gaussian_matched,0.050000000000000003,452,22,0.050000000000000003,0.81182865640468493,<1%,True,True,4,0.0063993099657495243,0.53352178023654873,0.093617377650537334,0.055010775156664193,1.3658772026137618,1.3138024850855783,1.3205751268964177,1.0051549923886758,0.96940661866221112,1.0071080324210269,True,True,False,4>2>3>1,21,0,0,True,2,0.0030991149642469826,0.0063993099657495243,0.0029406381152051356,0.0046323786300417362
10000,0,multi,gaussian_matched,0.050000000000000003,452,23,0.02,0.81182865640468493,<1%,True,False,2,0.034702337273476221,0.48618408308453637,0.085204877120629297,0.03781881718527963,1.3658772026137618,1.3387693687921325,1.2994563739897855,0.97063497588250314,,0.97905960258801927,False,False,False,,-1,,,False,2,0.027206074332403515,0.013182565032431709,0.0014880732508315898,0.034702337273476221
10000,0,multi,gaussian_matched,0.050000000000000003,452,23,0.050000000000000003,0.81182865640468493,<1%,True,True,4,0.034702337273476221,0.48618408308453637,0.085204877120629297,0.03781881718527963,1.3658772026137618,1.3387693687921325,1.2994563739897855,0.97063497588250314,0.92882455187204016,0.97905960258801927,True,True,False,1>4>2>3,4,0.81182865640467838,0.23656196024748333,True,2,0.027206074332403515,0.013182565032431709,0.0014880732508315898,0.034702337273476221
10000,0,multi,gaussian_matched,0.050000000000000003,452,24,0.02,0.81182865640468493,<1%,True,False,3,0.026461107599307514,0.58135041455766445,0.10637034586345724,0.098972247834782728,1.3658772026137618,1.2912607238727198,1.2994932221128219,1.0063755507217871,,1.0238588558850543,False,False,False,,-1,,,False,2,0.014407769128321252,0.0040751696452879863,4.181548671090026e-05,0.026461107599307514
10000,0,multi,gaussian_matched,0.050000000000000003,452,24,0.050000000000000003,0.81182865640468493,<1%,True,True,4,0.026461107599307514,0.58135041455766445,0.10637034586345724,0.098972247834782728,1.3658772026137618,1.2912607238727198,1.2994932221128219,1.0063755507217871,0.97772989732400839,1.0238588558850543,True,True,False,4>2>3>1,21,0,0,True,2,0.014407769128321252,0.0040751696452879863,4.181548671090026e-05,0.026461107599307514
10000,0,multi,gaussian_matched,0.050000000000000003,452,25,0.02,0.81182865640468493,<1%,True,False,2,0.026223833133937148,0.49137538780200946,0.065070131878069232,0.01736354832366143,1.3658772026137618,1.3550410107760189,1.3425796865939432,0.99080372912481873,,0.99565556282453371,False,False,False,,-1,,,False,2,0.026223833133937148,1.1178431903048293e-05,0.0015899604329380303,0.02056952164176775
10000,0,multi,gaussian_matched,0.050000000000000003,452,25,0.050000000000000003,0.81182865640468493,<1%,True,True,4,0.026223833133937148,0.49137538780200946,0.065070131878069232,0.01736354832366143,1.3658772026137618,1.3550410107760189,1.3425796865939432,0.99080372912481873,0.950569286422836,0.99565556282453371,True,True,False,1>4>2>3,4,0.81182865640467838,0.36988602454555153,True,2,0.026223833133937148,1.1178431903048293e-05,0.0015899604329380303,0.02056952164176775
10000,0,multi,gaussian_matched,0.050000000000000003,452,26,0.02,0.81182865640468493,<1%,True,False,2,0.030412625074301647,0.51317794316864618,0.1307211049006855,0.081789699611525296,1.3658772026137618,1.2861347425920417,1.2972264660653203,1.0086240757721268,,1.0096194321407086,False,False,False,,-1,,,False,2,0.0066931287582219267,0.024395582564759738,0.0035737105302339426,0.030412625074301647
10000,0,multi,gaussian_matched,0.050000000000000003,452,26,0.050000000000000003,0.81182865640468493,<1%,True,True,4,0.030412625074301647,0.51317794316864618,0.1307211049006855,0.081789699611525296,1.3658772026137618,1.2861347425920417,1.2972264660653203,1.0086240757721268,0.97155242969907163,1.0096194321407086,True,True,False,4>2>3>1,21,0,0,True,2,0.0066931287582219267,0.024395582564759738,0.0035737105302339426,0.030412625074301647
10000,0,multi,gaussian_matched,0.050000000000000003,452,27,0.02,0.81182865640468493,<1%,True,True,4,0.014441369750480795,0.56219108767775217,0.096303960310907363,0.077535721619237816,1.3658772026137618,1.304243962909025,1.3133675527919588,1.006995309269122,0.99786211413741066,1.0183223438750897,True,True,False,4>2>3>1,21,0,0,True,2,0.0089983559822462023,0.0021182835748955182,0.00050767637249898422,0.014441369750480795
10000,0,multi,gaussian_matched,0.050000000000000003,452,27,0.050000000000000003,0.81182865640468493,<1%,True,True,4,0.014441369750480795,0.56219108767775217,0.096303960310907363,0.077535721619237816,1.3658772026137618,1.304243962909025,1.3133675527919588,1.006995309269122,0.97456949633556933,1.0183223438750897,True,True,False,4>2>3>1,21,0,0,True,2,0.0089983559822462023,0.0021182835748955182,0.00050767637249898422,0.014441369750480795
10000,0,multi,gaussian_matched,0.050000000000000003,452,28,0.02,0.81182865640468493,<1%,True,False,2,0.15613320236672881,0.50802915593427411,0.004933725530562795,0.045775937342358561,1.3658772026137618,1.406068856972339,1.2897601434542016,0.91728092622107948,,0.97778634729451486,False,False,False,,-1,,,False,2,0.04310094562730539,0.013942148614965757,0.15613320236672881,0.0011273816280392504
10000,0,multi,gaussian_matched,0.050000000000000003,452,28,0.050000000000000003,0.81182865640468493,<1%,True,False,3,0.15613320236672881,0.50802915593427411,0.004933725530562795,0.045775937342358561,1.3658772026137618,1.406068856972339,1.2897601434542016,0.91728092622107948,,0.97778634729451486,False,False,False,,-1,,,False,2,0.04310094562730539,0.013942148614965757,0.15613320236672881,0.0011273816280392504
10000,0,multi,gaussian_matched,0.050000000000000003,452,29,0.02,0.81182865640468493,<1%,True,True,4,0.0047580144497531146,0.53048182605904237,0.076584898490506328,0.040446242688836252,1.3658772026137618,1.3309889690063677,1.3314185372813472,1.0003227436778084,0.98693658623348268,1.0043836864287388,True,True,False,4>2>3>1,21,0,0,True,2,0.0025265090571783334,0.0047580144497531146,0.00093113204976401093,0.0012290455413383875
10000,0,multi,gaussian_matched,0.050000000000000003,452,29,0.050000000000000003,0.81182865640468493,<1%,True,True,4,0.0047580144497531146,0.53048182605904237,0.076584898490506328,0.040446242688836252,1.3658772026137618,1.3309889690063677,1.3314185372813472,1.0003227436778084,0.96437894754291542,1.0043836864287388,True,True,False,4>2>3>1,21,0,0,True,2,0.0025265090571783334,0.0047580144497531146,0.00093113204976401093,0.0012290455413383875
10000,0,multi,gaussian_matched,0.050000000000000003,452,30,0.02,0.81182865640468493,<1%,True,False,1,0.24571023739332193,0.40437825697761998,0.098485582014656708,0.10721179693456352,1.3658772026137618,1.2786716601969272,1.1350091664538797,0.88764708078309784,,0.90946752827509814,False,False,False,,-1,,,False,2,0.0059165502127731277,0.22501471430656075,0.24571023739332193,0.10069515988384607
10000,0,multi,gaussian_matched,0.050000000000000003,452,30,0.050000000000000003,0.81182865640468493,<1%,True,False,1,0.24571023739332193,0.40437825697761998,0.098485582014656708,0.10721179693456352,1.3658772026137618,1.2786716601969272,1.1350091664538797,0.88764708078309784,,0.90946752827509814,False,False,False,,-1,,,False,2,0.0059165502127731277,0.22501471430656075,0.24571023739332193,0.10069515988384607
10000,0,multi,gaussian_matched,0.050000000000000003,452,31,0.02,0.81182865640468493,<1%,True,False,2,0.2552965173782713,0.4370102739732043,0.12468877928692898,0.097704244208234745,1.3658772026137618,1.279378047555443,0.9990439842693335,0.78088254380966227,,0.80296254039441861,False,False,False,,-1,,,False,2,0.017857206413439498,0.2552965173782713,0.011900058450421414,0.12294405504142873
10000,0,multi,gaussian_matched,0.050000000000000003,452,31,0.050000000000000003,0.81182865640468493,<1%,True,False,2,0.2552965173782713,0.4370102739732043,0.12468877928692898,0.097704244208234745,1.3658772026137618,1.279378047555443,0.9990439842693335,0.78088254380966227,,0.80296254039441861,False,False,False,,-1,,,False,2,0.017857206413439498,0.2552965173782713,0.011900058450421414,0.12294405504142873
10000,0,multi,gaussian_matched,0.050000000000000003,453,0,0.02,1.8774914324775467,1-<5%,True,False,0,0.14290833563347727,0.41111657292551496,-0.021693104431832477,0.11419354111147854,1.0817616616293586,1.195831670593833,1.1146355923555351,0.93210074608746807,,1.1359518247449634,False,False,False,,-1,,,False,2,0.026051517283657746,0.14290833563347727,0.081394655063008622,0.06755466273322093
10000,0,multi,gaussian_matched,0.050000000000000003,453,0,0.050000000000000003,1.8774914324775467,1-<5%,True,False,1,0.14290833563347727,0.41111657292551496,-0.021693104431832477,0.11419354111147854,1.0817616616293586,1.195831670593833,1.1146355923555351,0.93210074608746807,,1.1359518247449634,False,False,False,,-1,,,False,2,0.026051517283657746,0.14290833563347727,0.081394655063008622,0.06755466273322093
10000,0,multi,gaussian_matched,0.050000000000000003,453,1,0.02,1.8774914324775467,1-<5%,True,False,1,0.1596910139215646,0.44311733070917808,0.16507526608399387,0.12836648678666487,1.0817616616293586,1.0477264832160968,0.98871839620571134,0.94367987451338009,,1.0326534232224625,False,False,False,,-1,,,False,2,0.1596910139215646,0.0002826904287098802,0.020564232533839745,0.056970477697394314
10000,0,multi,gaussian_matched,0.050000000000000003,453,1,0.050000000000000003,1.8774914324775467,1-<5%,True,False,2,0.1596910139215646,0.44311733070917808,0.16507526608399387,0.12836648678666487,1.0817616616293586,1.0477264832160968,0.98871839620571134,0.94367987451338009,,1.0326534232224625,False,False,False,,-1,,,False,2,0.1596910139215646,0.0002826904287098802,0.020564232533839745,0.056970477697394314
10000,0,multi,gaussian_matched,0.050000000000000003,453,2,0.02,1.8774914324775467,1-<5%,True,False,2,0.15422371642398813,0.52269611970643481,0.10681722913104044,0.061182606808291268,1.0817616616293586,1.0280180052830352,1.0069387938072509,0.97949528960829757,,0.98739069658535383,False,False,False,,-1,,,False,2,0.15422371642398813,0.0032506952762953968,0.024749686181040176,0.0096965858776592966
10000,0,multi,gaussian_matched,0.050000000000000003,453,2,0.050000000000000003,1.8774914324775467,1-<5%,True,False,3,0.15422371642398813,0.52269611970643481,0.10681722913104044,0.061182606808291268,1.0817616616293586,1.0280180052830352,1.0069387938072509,0.97949528960829757,,0.98739069658535383,False,False,False,,-1,,,False,2,0.15422371642398813,0.0032506952762953968,0.024749686181040176,0.0096965858776592966
10000,0,multi,gaussian_matched,0.050000000000000003,453,3,0.02,1.8774914324775467,1-<5%,True,False,1,0.13981685515946771,0.42346689255854647,0.014965643445156648,0.084170794660956866,1.0817616616293586,1.162785019794369,1.1067442878424258,0.95180473518496689,,1.1009033918891304,False,False,False,,-1,,,False,2,0.01929779150978814,0.13981685515946771,0.056082975406377203,0.051844886164162628
10000,0,multi,gaussian_matched,0.050000000000000003,453,3,0.050000000000000003,1.8774914324775467,1-<5%,True,False,1,0.13981685515946771,0.42346689255854647,0.014965643445156648,0.084170794660956866,1.0817616616293586,1.162785019794369,1.1067442878424258,0.95180473518496689,,1.1009033918891304,False,False,False,,-1,,,False,2,0.01929779150978814,0.13981685515946771,0.056082975406377203,0.051844886164162628
10000,0,multi,gaussian_matched,0.050000000000000003,453,4,0.02,1.8774914324775467,1-<5%,True,False,1,0.17486836214634266,0.56081507960131605,0.048088071893053537,0.060845126148283551,1.0817616616293586,1.0403575194972043,1.0537570837908337,1.0128797687742048,,1.0303583954531113,False,False,False,,-1,,,False,2,0.17486836214634266,0.13168981506426181,0.02199111246080097,0.0013724230489973034
10000,0,multi,gaussian_matched,0.050000000000000003,453,4,0.050000000000000003,1.8774914324775467,1-<5%,True,False,2,0.17486836214634266,0.56081507960131605,0.048088071893053537,0.060845126148283551,1.0817616616293586,1.0403575194972043,1.0537570837908337,1.0128797687742048,,1.0303583954531113,False,False,False,,-1,,,False,2,0.17486836214634266,0.13168981506426181,0.02199111246080097,0.0013724230489973034
10000,0,multi,gaussian_matched,0.050000000000000003,453,5,0.02,1.8774914324775467,1-<5%,True,False,3,0.12990621351751089,0.50721189073749284,0.10071398898315316,0.051224213479495365,1.0817616616293586,1.0440663683008675,1.0417239620036025,0.99775645843177851,,1.0103410152629093,False,False,False,,-1,,,False,2,0.12990621351751089,0.0019070221915725336,0.018844951031673902,0.012650101964696871
10000,0,multi,gaussian_matched,0.050000000000000003,453,5,0.050000000000000003,1.8774914324775467,1-<5%,True,False,3,0.12990621351751089,0.50721189073749284,0.10071398898315316,0.051224213479495365,1.0817616616293586,1.0440663683008675,1.0417239620036025,0.99775645843177851,,1.0103410152629093,False,False,False,,-1,,,False,2,0.12990621351751089,0.0019070221915725336,0.018844951031673902,0.012650101964696871
10000,0,multi,gaussian_matched,0.050000000000000003,453,6,0.02,1.8774914324775467,1-<5%,True,False,1,0.17453670091719595,0.56672525406031304,0.037332770425386415,0.067916995181686937,1.0817616616293586,1.0447689908200564,1.064405175570097,1.0187947622130591,,1.0467390469784912,False,False,False,,-1,,,False,2,0.17453670091719595,0.13629424736095735,0.021712543223735718,0.00065158934194892301
10000,0,multi,gaussian_matched,0.050000000000000003,453,6,0.050000000000000003,1.8774914324775467,1-<5%,True,False,2,0.17453670091719595,0.56672525406031304,0.037332770425386415,0.067916995181686937,1.0817616616293586,1.0447689908200564,1.064405175570097,1.0187947622130591,,1.0467390469784912,False,False,False,,-1,,,False,2,0.17453670091719595,0.13629424736095735,0.021712543223735718,0.00065158934194892301
10000,0,multi,gaussian_matched,0.050000000000000003,453,7,0.02,1.8774914324775467,1-<5%,True,False,1,0.14131155724036132,0.48871495614645694,-0.041970642221370133,0.092660408187033486,1.0817616616293586,1.155645722311613,1.0952034346335155,0.94769825517356998,,1.0980827708678254,False,False,False,,-1,,,False,2,0.0026068737407467461,0.14131155724036132,0.050174206420846322,0.039017908432759048
10000,0,multi,gaussian_matched,0.050000000000000003,453,7,0.050000000000000003,1.8774914324775467,1-<5%,True,False,2,0.14131155724036132,0.48871495614645694,-0.041970642221370133,0.092660408187033486,1.0817616616293586,1.155645722311613,1.0952034346335155,0.94769825517356998,,1.0980827708678254,False,False,False,,-1,,,False,2,0.0026068737407467461,0.14131155724036132,0.050174206420846322,0.039017908432759048
10000,0,multi,gaussian_matched,0.050000000000000003,453,8,0.02,1.8774914324775467,1-<5%,True,False,1,0.13890098076643703,0.45194337222789704,-0.0023131438576408994,0.071035938039112914,1.0817616616293586,1.1525206067525424,1.1043456720096352,0.95820037016201409,,1.0865439696562904,False,False,False,,-1,,,False,2,0.018315117790059635,0.13890098076643703,0.049428645122600284,0.040823310127156454
10000,0,multi,gaussian_matched,0.050000000000000003,453,8,0.050000000000000003,1.8774914324775467,1-<5%,True,False,3,0.13890098076643703,0.45194337222789704,-0.0023131438576408994,0.071035938039112914,1.0817616616293586,1.1525206067525424,1.1043456720096352,0.95820037016201409,,1.0865439696562904,False,False,False,,-1,,,False,2,0.018315117790059635,0.13890098076643703,0.049428645122600284,0.040823310127156454
10000,0,multi,gaussian_matched,0.050000000000000003,453,9,0.02,1.8774914324775467,1-<5%,True,False,1,0.14777636238197389,0.5159082982575347,-0.07711904216569436,0.12811059610576428,1.0817616616293586,1.166731261952485,1.0884052685093313,0.9328671511620612,,1.1245692168298598,False,False,False,,-1,,,False,2,0.009744894718654527,0.14777636238197389,0.05137582952080965,0.040162259738316879
10000,0,multi,gaussian_matched,0.050000000000000003,453,9,0.050000000000000003,1.8774914324775467,1-<5%,True,False,2,0.14777636238197389,0.5159082982575347,-0.07711904216569436,0.12811059610576428,1.0817616616293586,1.166731261952485,1.0884052685093313,0.9328671511620612,,1.1245692168298598,False,False,False,,-1,,,False,2,0.009744894718654527,0.14777636238197389,0.05137582952080965,0.040162259738316879
10000,0,multi,gaussian_matched,0.050000000000000003,453,10,0.02,1.8774914324775467,1-<5%,True,False,3,0.13354498536788573,0.5020544407791816,0.023477338718198154,0.026602110600182746,1.0817616616293586,1.0985055143342222,1.0578314722462641,0.96297329275346455,,1.0024699721869084,False,False,False,,-1,,,False,2,0.00086272839014421207,0.13354498536788573,0.014426499663160277,0.017001379060909268
10000,0,multi,gaussian_matched,0.050000000000000003,453,10,0.050000000000000003,1.8774914324775467,1-<5%,True,False,3,0.13354498536788573,0.5020544407791816,0.023477338718198154,0.026602110600182746,1.0817616616293586,1.0985055143342222,1.0578314722462641,0.96297329275346455,,1.0024699721869084,False,False,False,,-1,,,False,2,0.00086272839014421207,0.13354498536788573,0.014426499663160277,0.017001379060909268
10000,0,multi,gaussian_matched,0.050000000000000003,453,11,0.02,1.8774914324775467,1-<5%,True,False,2,0.34648659324406622,0.39691748635918112,0.084803831791390921,0.108799408665089,1.0817616616293586,1.1218767205682227,1.007179447111195,0.89776303282330849,,1.031630991706054,False,False,False,,-1,,,False,2,0.0086541512442148399,0.0012113926014952223,0.086819235676020817,0.34648659324406622
10000,0,multi,gaussian_matched,0.050000000000000003,453,11,0.050000000000000003,1.8774914324775467,1-<5%,True,False,2,0.34648659324406622,0.39691748635918112,0.084803831791390921,0.108799408665089,1.0817616616293586,1.1218767205682227,1.007179447111195,0.89776303282330849,,1.031630991706054,False,False,False,,-1,,,False,2,0.0086541512442148399,0.0012113926014952223,0.086819235676020817,0.34648659324406622
10000,0,multi,gaussian_matched,0.050000000000000003,453,12,0.02,1.8774914324775467,1-<5%,True,False,1,0.17678472141447379,0.57144956764329491,0.046853454088182644,0.071518818975070814,1.0817616616293586,1.0344133788228946,1.0548241696000535,1.0197317544368822,,1.041211783082252,False,False,False,,-1,,,False,2,0.17678472141447379,0.13292778947562417,0.024924018680853609,0.0010838113342218725
10000,0,multi,gaussian_matched,0.050000000000000003,453,12,0.050000000000000003,1.8774914324775467,1-<5%,True,False,2,0.17678472141447379,0.57144956764329491,0.046853454088182644,0.071518818975070814,1.0817616616293586,1.0344133788228946,1.0548241696000535,1.0197317544368822,,1.041211783082252,False,False,False,,-1,,,False,2,0.17678472141447379,0.13292778947562417,0.024924018680853609,0.0010838113342218725
10000,0,multi,gaussian_matched,0.050000000000000003,453,13,0.02,1.8774914324775467,1-<5%,True,False,3,0.13194040600928503,0.49835682882935672,0.032145214676464251,0.017930236207188709,1.0817616616293586,1.0950990040549504,1.0551435988735718,0.96351434433468475,,0.99196881636985323,False,False,False,,-1,,,False,2,0.0015342456178735972,0.13194040600928503,0.011712063541690909,0.015902109072929421
10000,0,multi,gaussian_matched,0.050000000000000003,453,13,0.050000000000000003,1.8774914324775467,1-<5%,True,False,3,0.13194040600928503,0.49835682882935672,0.032145214676464251,0.017930236207188709,1.0817616616293586,1.0950990040549504,1.0551435988735718,0.96351434433468475,,0.99196881636985323,False,False,False,,-1,,,False,2,0.0015342456178735972,0.13194040600928503,0.011712063541690909,0.015902109072929421
10000,0,multi,gaussian_matched,0.050000000000000003,453,14,0.02,1.8774914324775467,1-<5%,True,False,1,0.29628357103582825,0.3955941951387586,0.014483229149548658,0.11028151749213051,1.0817616616293586,1.1850923529746173,0.94332065276580401,0.795989148354591,,0.97396885804862965,False,False,False,,-1,,,False,2,0.016912093974438904,0.10704787351726683,0.080323256978212784,0.29628357103582825
10000,0,multi,gaussian_matched,0.050000000000000003,453,14,0.050000000000000003,1.8774914324775467,1-<5%,True,False,1,0.29628357103582825,0.3955941951387586,0.014483229149548658,0.11028151749213051,1.0817616616293586,1.1850923529746173,0.94332065276580401,0.795989148354591,,0.97396885804862965,False,False,False,,-1,,,False,2,0.016912093974438904,0.10704787351726683,0.080323256978212784,0.29628357103582825
10000,0,multi,gaussian_matched,0.050000000000000003,453,15,0.02,1.8774914324775467,1-<5%,True,False,3,0.13268093207140808,0.50380973955863806,0.025981545152173709,0.024318723008861343,1.0817616616293586,1.0954946990224879,1.0554149353931137,0.96341400495580909,,0.99812527722203703,False,False,False,,-1,,,False,2,0.00038743897190790153,0.13268093207140808,0.012278323278690299,0.015769521578675925
10000,0,multi,gaussian_matched,0.050000000000000003,453,15,0.050000000000000003,1.8774914324775467,1-<5%,True,False,3,0.13268093207140808,0.50380973955863806,0.025981545152173709,0.024318723008861343,1.0817616616293586,1.0954946990224879,1.0554149353931137,0.96341400495580909,,0.99812527722203703,False,False,False,,-1,,,False,2,0.00038743897190790153,0.13268093207140808,0.012278323278690299,0.015769521578675925
10000,0,multi,gaussian_matched,0.050000000000000003,453,16,0.02,1.8774914324775467,1-<5%,True,False,2,0.16752112500533786,0.55911703883506014,0.017949040049603932,0.067246474363849756,1.0817616616293586,1.0646532071470882,1.0760215445568611,1.0106779722574979,,1.0568575865396364,False,False,False,,-1,,,False,2,0.16752112500533786,0.14481777175892369,0.014869857262704634,0.0023730923794624114
10000,0,multi,gaussian_matched,0.050000000000000003,453,16,0.050000000000000003,1.8774914324775467,1-<5%,True,False,2,0.16752112500533786,0.55911703883506014,0.017949040049603932,0.067246474363849756,1.0817616616293586,1.0646532071470882,1.0760215445568611,1.0106779722574979,,1.0568575865396364,False,False,False,,-1,,,False,2,0.16752112500533786,0.14481777175892369,0.014869857262704634,0.0023730923794624114
10000,0,multi,gaussian_matched,0.050000000000000003,453,17,0.02,1.8774914324775467,1-<5%,True,False,1,0.31056438220229432,0.40230081592314471,0.058393280462849209,0.098059052240021677,1.0817616616293586,1.1485367428042579,0.94663817792678606,0.82421235877529009,,0.96573697074203568,False,False,False,,-1,,,False,2,0.055143046688532579,0.030487298717055505,0.013296939771884859,0.31056438220229432
10000,0,multi,gaussian_matched,0.050000000000000003,453,17,0.050000000000000003,1.8774914324775467,1-<5%,True,False,2,0.31056438220229432,0.40230081592314471,0.058393280462849209,0.098059052240021677,1.0817616616293586,1.1485367428042579,0.94663817792678606,0.82421235877529009,,0.96573697074203568,False,False,False,,-1,,,False,2,0.055143046688532579,0.030487298717055505,0.013296939771884859,0.31056438220229432
10000,0,multi,gaussian_matched,0.050000000000000003,453,18,0.02,1.8774914324775467,1-<5%,True,False,2,0.12681163637867068,0.44527729428668172,0.085997021787953903,0.065500840438797919,1.0817616616293586,1.1033667583504077,1.0553570938911339,0.95648802712612913,,1.0361412999622173,False,False,False,,-1,,,False,2,0.0054367532788592542,0.12681163637867068,0.0093371960139284407,0.035022242667006827
10000,0,multi,gaussian_matched,0.050000000000000003,453,18,0.050000000000000003,1.8774914324775467,1-<5%,True,False,3,0.12681163637867068,0.44527729428668172,0.085997021787953903,0.065500840438797919,1.0817616616293586,1.1033667583504077,1.0553570938911339,0.95648802712612913,,1.0361412999622173,False,False,False,,-1,,,False,2,0.0054367532788592542,0.12681163637867068,0.0093371960139284407,0.035022242667006827
10000,0,multi,gaussian_matched,0.050000000000000003,453,19,0.02,1.8774914324775467,1-<5%,True,False,1,0.17686352030049532,0.59621074045865174,0.0077477091222421107,0.10507979189178436,1.0817616616293586,1.0514854532784816,1.054573176787446,1.0029365346894119,,1.0720041297567813,False,False,False,,-1,,,False,2,0.17686352030049532,0.15763348247346509,0.023446411962195067,0.0029902978183868742
10000,0,multi,gaussian_matched,0.050000000000000003,453,19,0.050000000000000003,1.8774914324775467,1-<5%,True,False,2,0.17686352030049532,0.59621074045865174,0.0077477091222421107,0.10507979189178436,1.0817616616293586,1.0514854532784816,1.054573176787446,1.0029365346894119,,1.0720041297567813,False,False,False,,-1,,,False,2,0.17686352030049532,0.15763348247346509,0.023446411962195067,0.0029902978183868742
10000,0,multi,gaussian_matched,0.050000000000000003,453,20,0.02,1.8774914324775467,1-<5%,True,False,1,0.13570828551891459,0.44919384811710122,0.039959252593304961,0.051788818075268257,1.0817616616293586,1.1270836402640814,1.0852547898493279,0.96288753654080828,,1.0511036286976296,False,False,False,,-1,,,False,2,0.017183718093148181,0.13570828551891459,0.030724701848328345,0.033989145691687504
10000,0,multi,gaussian_matched,0.050000000000000003,453,20,0.050000000000000003,1.8774914324775467,1-<5%,True,False,3,0.13570828551891459,0.44919384811710122,0.039959252593304961,0.051788818075268257,1.0817616616293586,1.1270836402640814,1.0852547898493279,0.96288753654080828,,1.0511036286976296,False,False,False,,-1,,,False,2,0.017183718093148181,0.13570828551891459,0.030724701848328345,0.033989145691687504
10000,0,multi,gaussian_matched,0.050000000000000003,453,21,0.02,1.8774914324775467,1-<5%,True,False,1,0.18107408884083478,0.58099882668669156,0.081749187449171368,0.086998970271511364,1.0817616616293586,1.0017999111664957,0.87480104472998987,0.8732293095448288,,0.88910528919358256,False,False,False,,-1,,,False,2,0.18107408884083478,0.11813323273884693,0.032530913055054442,0.015883511904230107
10000,0,multi,gaussian_matched,0.050000000000000003,453,21,0.050000000000000003,1.8774914324775467,1-<5%,True,False,2,0.18107408884083478,0.58099882668669156,0.081749187449171368,0.086998970271511364,1.0817616616293586,1.0017999111664957,0.87480104472998987,0.8732293095448288,,0.88910528919358256,False,False,False,,-1,,,False,2,0.18107408884083478,0.11813323273884693,0.032530913055054442,0.015883511904230107
10000,0,multi,gaussian_matched,0.050000000000000003,453,22,0.02,1.8774914324775467,1-<5%,True,False,1,0.1402783810839526,0.48315519987813516,-0.031410110435800165,0.08313454981122323,1.0817616616293586,1.1513581585393196,1.0938149726394242,0.95002147205618626,,1.0879933761730065,False,False,False,,-1,,,False,2,0.00084005973422982753,0.1402783810839526,0.048241005587131097,0.037907603479083209
10000,0,multi,gaussian_matched,0.050000000000000003,453,22,0.050000000000000003,1.8774914324775467,1-<5%,True,False,3,0.1402783810839526,0.48315519987813516,-0.031410110435800165,0.08313454981122323,1.0817616616293586,1.1513581585393196,1.0938149726394242,0.95002147205618626,,1.0879933761730065,False,False,False,,-1,,,False,2,0.00084005973422982753,0.1402783810839526,0.048241005587131097,0.037907603479083209
10000,0,multi,gaussian_matched,0.050000000000000003,453,23,0.02,1.8774914324775467,1-<5%,True,False,1,0.14013130422181996,0.4571043319851944,-0.026874227541266268,0.088032296315061542,1.0817616616293586,1.1659047535708154,1.1108831085466266,0.95280777022679253,,1.1082990342400114,False,False,False,,-1,,,False,2,0.015318127472909912,0.14013130422181996,0.058092758835354939,0.045124336779818079
10000,0,multi,gaussian_matched,0.050000000000000003,453,23,0.050000000000000003,1.8774914324775467,1-<5%,True,False,2,0.14013130422181996,0.4571043319851944,-0.026874227541266268,0.088032296315061542,1.0817616616293586,1.1659047535708154,1.1108831085466266,0.95280777022679253,,1.1082990342400114,False,False,False,,-1,,,False,2,0.015318127472909912,0.14013130422181996,0.058092758835354939,0.045124336779818079
10000,0,multi,gaussian_matched,0.050000000000000003,453,24,0.02,1.8774914324775467,1-<5%,True,False,2,0.14612376458147711,0.49317608232882337,0.11461617102249846,0.064975498535923271,1.0817616616293586,1.0476147415865844,1.0180387560890523,0.9717682614386085,,1.0011579195677265,False,False,False,,-1,,,False,2,0.14612376458147711,0.0018026084799498653,0.018976781217556159,0.020410686233318247
10000,0,multi,gaussian_matched,0.050000000000000003,453,24,0.050000000000000003,1.8774914324775467,1-<5%,True,False,3,0.14612376458147711,0.49317608232882337,0.11461617102249846,0.064975498535923271,1.0817616616293586,1.0476147415865844,1.0180387560890523,0.9717682614386085,,1.0011579195677265,False,False,False,,-1,,,False,2,0.14612376458147711,0.0018026084799498653,0.018976781217556159,0.020410686233318247
10000,0,multi,gaussian_matched,0.050000000000000003,453,25,0.02,1.8774914324775467,1-<5%,True,False,2,0.1192731324500063,0.4542836491671407,0.088479715483501031,0.059755110552690505,1.0817616616293586,1.0944714649296583,1.0456135923583156,0.95535939114275326,,1.0218227749410997,False,False,False,,-1,,,False,2,8.5922923301533477e-05,0.1192731324500063,0.0039594771830661337,0.030438910035075099
10000,0,multi,gaussian_matched,0.050000000000000003,453,25,0.050000000000000003,1.8774914324775467,1-<5%,True,False,3,0.1192731324500063,0.4542836491671407,0.088479715483501031,0.059755110552690505,1.0817616616293586,1.0944714649296583,1.0456135923583156,0.95535939114275326,,1.0218227749410997,False,False,False,,-1,,,False,2,8.5922923301533477e-05,0.1192731324500063,0.0039594771830661337,0.030438910035075099
10000,0,multi,gaussian_matched,0.050000000000000003,453,26,0.02,1.8774914324775467,1-<5%,True,False,2,0.15190658669596174,0.53943928069195501,0.022227434599923625,0.048236627684782603,1.0817616616293586,1.0738982719792727,0.89852850581924759,0.83669797155292391,,0.87520677343843423,False,False,False,,-1,,,False,2,0.086960256098672126,0.15190658669596174,0.0061208953383015295,0.006643171502640449
10000,0,multi,gaussian_matched,0.050000000000000003,453,26,0.050000000000000003,1.8774914324775467,1-<5%,True,False,2,0.15190658669596174,0.53943928069195501,0.022227434599923625,0.048236627684782603,1.0817616616293586,1.0738982719792727,0.89852850581924759,0.83669797155292391,,0.87520677343843423,False,False,False,,-1,,,False,2,0.086960256098672126,0.15190658669596174,0.0061208953383015295,0.006643171502640449
10000,0,multi,gaussian_matched,0.050000000000000003,453,27,0.02,1.8774914324775467,1-<5%,True,False,2,0.17291822157380757,0.56097760252253503,0.035021263792730392,0.062790369864838672,1.0817616616293586,1.0502057133985536,1.0673933155740052,1.0163659385548676,,1.0447621925670314,False,False,False,,-1,,,False,2,0.17291822157380757,0.13696745835491572,0.019396950396845674,0.0012996309603788623
10000,0,multi,gaussian_matched,0.050000000000000003,453,27,0.050000000000000003,1.8774914324775467,1-<5%,True,False,2,0.17291822157380757,0.56097760252253503,0.035021263792730392,0.062790369864838672,1.0817616616293586,1.0502057133985536,1.0673933155740052,1.0163659385548676,,1.0447621925670314,False,False,False,,-1,,,False,2,0.17291822157380757,0.13696745835491572,0.019396950396845674,0.0012996309603788623
10000,0,multi,gaussian_matched,0.050000000000000003,453,28,0.02,1.8774914324775467,1-<5%,True,False,2,0.14528202369611287,0.54530008884089021,0.01976528701056748,0.054463161114150407,1.0817616616293586,1.071964499986211,0.92756044046354968,0.8652902595892692,,0.90780033755177436,False,False,False,,-1,,,False,2,0.14528202369611287,0.039171743604334786,0.0085319264583276228,0.0056947681271761119
10000,0,multi,gaussian_matched,0.050000000000000003,453,28,0.050000000000000003,1.8774914324775467,1-<5%,True,False,3,0.14528202369611287,0.54530008884089021,0.01976528701056748,0.054463161114150407,1.0817616616293586,1.071964499986211,0.92756044046354968,0.8652902595892692,,0.90780033755177436,False,False,False,,-1,,,False,2,0.14528202369611287,0.039171743604334786,0.0085319264583276228,0.0056947681271761119
10000,0,multi,gaussian_matched,0.050000000000000003,453,29,0.02,1.8774914324775467,1-<5%,True,False,1,0.17380285801629514,0.5615438575061199,0.039396970991866523,0.062450545400988385,1.0817616616293586,1.0464846390951008,1.0632658022104486,1.0160357471943962,,1.0406325048679148,False,False,False,,-1,,,False,2,0.17380285801629514,0.13525143608579157,0.020469701170462356,0.00041256632822149697
10000,0,multi,gaussian_matched,0.050000000000000003,453,29,0.050000000000000003,1.8774914324775467,1-<5%,True,False,2,0.17380285801629514,0.5615438575061199,0.039396970991866523,0.062450545400988385,1.0817616616293586,1.0464846390951008,1.0632658022104486,1.0160357471943962,,1.0406325048679148,False,False,False,,-1,,,False,2,0.17380285801629514,0.13525143608579157,0.020469701170462356,0.00041256632822149697
10000,0,multi,gaussian_matched,0.050000000000000003,453,30,0.02,1.8774914324775467,1-<5%,True,False,1,0.14015127898122157,0.52755192580793064,-0.019850245125102098,0.075087717769037068,1.0817616616293586,1.1138810109462729,1.0627463786636913,0.95409327227946783,,1.0518343705386202,False,False,False,,-1,,,False,2,0.0066627763511684871,0.14015127898122157,0.023770707553373974,0.021771920473321094
10000,0,multi,gaussian_matched,0.050000000000000003,453,30,0.050000000000000003,1.8774914324775467,1-<5%,True,False,3,0.14015127898122157,0.52755192580793064,-0.019850245125102098,0.075087717769037068,1.0817616616293586,1.1138810109462729,1.0627463786636913,0.95409327227946783,,1.0518343705386202,False,False,False,,-1,,,False,2,0.0066627763511684871,0.14015127898122157,0.023770707553373974,0.021771920473321094
10000,0,multi,gaussian_matched,0.050000000000000003,453,31,0.02,1.8774914324775467,1-<5%,True,False,1,0.18706356506731869,0.63904973526671138,0.10431503212092863,0.14928145093091783,1.0817616616293586,0.9475214618800154,1.0063673050865445,1.0621050240801624,,1.0683025633177037,False,False,False,,-1,,,False,2,0.18706356506731869,0.12584801063947201,0.042902395580192355,0.0046138735899478806
10000,0,multi,gaussian_matched,0.050000000000000003,453,31,0.050000000000000003,1.8774914324775467,1-<5%,True,False,2,0.18706356506731869,0.63904973526671138,0.10431503212092863,0.14928145093091783,1.0817616616293586,0.9475214618800154,1.0063673050865445,1.0621050240801624,,1.0683025633177037,False,False,False,,-1,,,False,2,0.18706356506731869,0.12584801063947201,0.042902395580192355,0.0046138735899478806
10000,0,multi,gaussian_matched,0.050000000000000003,454,0,0.02,22.668541550186543,>=10%,True,False,2,0.04027280460377948,0.40999202821543762,0.037637403008754171,0.090853006494769004,0.86392859816347722,0.89869847012791537,0.89188148081409602,0.99241459784297947,,1.1375181807824664,False,False,False,,-1,,,False,1,0.0080598821137287027,0.024180706401301769,0.04027280460377948,0.012810792281852158
10000,0,multi,gaussian_matched,0.050000000000000003,454,0,0.050000000000000003,22.668541550186543,>=10%,True,True,4,0.04027280460377948,0.40999202821543762,0.037637403008754171,0.090853006494769004,0.86392859816347722,0.89869847012791537,0.89188148081409602,0.99241459784297947,0.93433780182559845,1.1375181807824664,True,True,False,3>2>4>1,15,0,0,True,1,0.0080598821137287027,0.024180706401301769,0.04027280460377948,0.012810792281852158
10000,0,multi,gaussian_matched,0.050000000000000003,454,1,0.02,22.668541550186543,>=10%,True,False,2,0.087488790013874829,0.60948041425546784,0.11199722131852743,0.12581580408186929,0.86392859816347722,0.84007155385924925,0.84128283331028708,1.0014418765228668,,1.1194196365857041,False,False,False,,-1,,,False,1,0.00040973323053116237,0.041520560255857923,0.087488790013874829,0.01399147262411298
10000,0,multi,gaussian_matched,0.050000000000000003,454,1,0.050000000000000003,22.668541550186543,>=10%,True,False,3,0.087488790013874829,0.60948041425546784,0.11199722131852743,0.12581580408186929,0.86392859816347722,0.84007155385924925,0.84128283331028708,1.0014418765228668,,1.1194196365857041,False,False,False,,-1,,,False,1,0.00040973323053116237,0.041520560255857923,0.087488790013874829,0.01399147262411298
10000,0,multi,gaussian_matched,0.050000000000000003,454,2,0.02,22.668541550186543,>=10%,True,True,4,0.011777407052572684,0.50973532717258574,0.07574198436176377,0.02752137994430106,0.86392859816347722,0.83811797092067875,0.85555069741142409,1.0207998481068188,0.99621960415950972,1.0221586358328023,True,True,False,3>2>4>1,15,0,0,True,1,0.0049932321765733334,0.010928585918412203,0.011777407052572684,0.0037758684244275837
10000,0,multi,gaussian_matched,0.050000000000000003,454,2,0.050000000000000003,22.668541550186543,>=10%,True,True,4,0.011777407052572684,0.50973532717258574,0.07574198436176377,0.02752137994430106,0.86392859816347722,0.83811797092067875,0.85555069741142409,1.0207998481068188,0.95994420042036777,1.0221586358328023,True,True,False,3>2>4>1,15,0,0,True,1,0.0049932321765733334,0.010928585918412203,0.011777407052572684,0.0037758684244275837
10000,0,multi,gaussian_matched,0.050000000000000003,454,3,0.02,22.668541550186543,>=10%,True,True,4,0.014375008432111815,0.46371895040479927,0.03512669321611693,0.039211348031111065,0.86392859816347722,0.8832334398988525,0.88835382421737197,1.0057973170933223,0.98516553545666574,1.0736595295262632,True,True,False,3>2>4>1,15,0,0,True,1,0.0062231438294518609,0.0069195561198708852,0.014375008432111815,0.0075844415770674224
10000,0,multi,gaussian_matched,0.050000000000000003,454,3,0.050000000000000003,22.668541550186543,>=10%,True,True,4,0.014375008432111815,0.46371895040479927,0.03512669321611693,0.039211348031111065,0.86392859816347722,0.8832334398988525,0.88835382421737197,1.0057973170933223,0.95052954135143486,1.0736595295262632,True,True,False,3>2>4>1,15,0,0,True,1,0.0062231438294518609,0.0069195561198708852,0.014375008432111815,0.0075844415770674224
10000,0,multi,gaussian_matched,0.050000000000000003,454,4,0.02,22.668541550186543,>=10%,True,True,4,0.018163105675613713,0.52277593359396035,0.061274628120576068,0.025413783471450613,0.86392859816347722,0.85334332139370206,0.86695032601414956,1.015945521901108,0.99408697446765937,1.0329141914998192,True,True,False,3>2>4>1,15,0,0,True,1,0.0047065758647354379,0.014712069523611138,0.018163105675613713,0.0026850833891645153
10000,0,multi,gaussian_matched,0.050000000000000003,454,4,0.050000000000000003,22.668541550186543,>=10%,True,True,4,0.018163105675613713,0.52277593359396035,0.061274628120576068,0.025413783471450613,0.86392859816347722,0.85334332139370206,0.86695032601414956,1.015945521901108,0.95856724792130354,1.0329141914998192,True,True,False,3>2>4>1,15,0,0,True,1,0.0047065758647354379,0.014712069523611138,0.018163105675613713,0.0026850833891645153
10000,0,multi,gaussian_matched,0.050000000000000003,454,5,0.02,22.668541550186543,>=10%,True,False,3,0.033278677229475105,0.55098110564051617,0.0060064977304778028,0.067338706360219935,0.86392859816347722,0.9121948523343919,0.91291981020961099,1.0007947401515849,,1.1346522370640879,False,False,False,,-1,,,False,1,0.0085928398211266247,0.0033750017576161923,0.033278677229475105,0.00015877695470147137
10000,0,multi,gaussian_matched,0.050000000000000003,454,5,0.050000000000000003,22.668541550186543,>=10%,True,True,4,0.033278677229475105,0.55098110564051617,0.0060064977304778028,0.067338706360219935,0.86392859816347722,0.9121948523343919,0.91291981020961099,1.0007947401515849,0.95456916331972452,1.1346522370640879,True,True,False,3>2>4>1,15,0,0,True,1,0.0085928398211266247,0.0033750017576161923,0.033278677229475105,0.00015877695470147137
10000,0,multi,gaussian_matched,0.050000000000000003,454,6,0.02,22.668541550186543,>=10%,True,False,2,0.062259175253914847,0.3715181804136059,0.050259813744914845,0.12848208228158808,0.86392859816347722,0.9080255819307802,0.8879190346157122,0.97785684928356931,,1.17648740770701,False,False,False,,-1,,,False,1,0.0098627500454001437,0.039643568549994443,0.062259175253914847,0.016401144755241823
10000,0,multi,gaussian_matched,0.050000000000000003,454,6,0.050000000000000003,22.668541550186543,>=10%,True,False,3,0.062259175253914847,0.3715181804136059,0.050259813744914845,0.12848208228158808,0.86392859816347722,0.9080255819307802,0.8879190346157122,0.97785684928356931,,1.17648740770701,False,False,False,,-1,,,False,1,0.0098627500454001437,0.039643568549994443,0.062259175253914847,0.016401144755241823
10000,0,multi,gaussian_matched,0.050000000000000003,454,7,0.02,22.668541550186543,>=10%,True,False,3,0.031336919713523675,0.54415279526859694,0.059718430717383905,0.045209702782027086,0.86392859816347722,0.85821791037505823,0.86919000815459779,1.0127847457468517,,1.0584204677104545,False,False,False,,-1,,,False,1,0.004377863498872747,0.01935408405028749,0.031336919713523675,0.00070953234260003669
10000,0,multi,gaussian_matched,0.050000000000000003,454,7,0.050000000000000003,22.668541550186543,>=10%,True,True,4,0.031336919713523675,0.54415279526859694,0.059718430717383905,0.045209702782027086,0.86392859816347722,0.85821791037505823,0.86919000815459779,1.0127847457468517,0.95672909561785768,1.0584204677104545,True,True,False,3>2>4>1,15,0,0,True,1,0.004377863498872747,0.01935408405028749,0.031336919713523675,0.00070953234260003669
10000,0,multi,gaussian_matched,0.050000000000000003,454,8,0.02,22.668541550186543,>=10%,True,True,4,0.01124463530965629,0.47159981583785981,0.038703344287774298,0.030564438334836776,0.86392859816347722,0.87819724272057131,0.8851697287271536,1.007939544406883,0.98717068834047628,1.0599651047651859,True,True,False,3>2>4>1,15,0,0,True,1,0.0060206878915363129,0.0038881830829141351,0.01124463530965629,0.0069363956945356622
10000,0,multi,gaussian_matched,0.050000000000000003,454,8,0.050000000000000003,22.668541550186543,>=10%,True,True,4,0.01124463530965629,0.47159981583785981,0.038703344287774298,0.030564438334836776,0.86392859816347722,0.87819724272057131,0.8851697287271536,1.007939544406883,0.95238654234352549,1.0599651047651859,True,True,False,3>2>4>1,15,0,0,True,1,0.0060206878915363129,0.0038881830829141351,0.01124463530965629,0.0069363956945356622
10000,0,multi,gaussian_matched,0.050000000000000003,454,9,0.02,22.668541550186543,>=10%,True,False,2,0.053703202195616043,0.38588560094496271,0.044767142610012023,0.11423431563307168,0.86392859816347722,0.90438120311582093,0.89010400566701953,0.98421329700394822,,1.1625246848351753,False,False,False,,-1,,,False,1,0.0091306169124809548,0.033213379360616142,0.053703202195616043,0.015024356024012534
10000,0,multi,gaussian_matched,0.050000000000000003,454,9,0.050000000000000003,22.668541550186543,>=10%,True,False,3,0.053703202195616043,0.38588560094496271,0.044767142610012023,0.11423431563307168,0.86392859816347722,0.90438120311582093,0.89010400566701953,0.98421329700394822,,1.1625246848351753,False,False,False,,-1,,,False,1,0.0091306169124809548,0.033213379360616142,0.053703202195616043,0.015024356024012534
10000,0,multi,gaussian_matched,0.050000000000000003,454,10,0.02,22.668541550186543,>=10%,True,False,3,0.069072324861890189,0.59732992947950159,-0.06406583015859367,0.1499470866080895,0.86392859816347722,0.99157109435875634,0.97663847120271918,0.98494044124421154,,1.3040262357394841,False,False,False,,-1,,,False,1,0.018721344320817412,0.0074031370853946564,0.069072324861890189,0.0055707048397653208
10000,0,multi,gaussian_matched,0.050000000000000003,454,10,0.050000000000000003,22.668541550186543,>=10%,True,False,3,0.069072324861890189,0.59732992947950159,-0.06406583015859367,0.1499470866080895,0.86392859816347722,0.99157109435875634,0.97663847120271918,0.98494044124421154,,1.3040262357394841,False,False,False,,-1,,,False,1,0.018721344320817412,0.0074031370853946564,0.069072324861890189,0.0055707048397653208
10000,0,multi,gaussian_matched,0.050000000000000003,454,11,0.02,22.668541550186543,>=10%,True,False,3,0.023380297895597708,0.53114044498300639,0.0029236202462656208,0.056443891117263167,0.86392859816347722,0.9122443665461698,0.91418076524156211,1.0021226754216348,,1.1235010143455841,False,False,False,,-1,,,False,1,0.0084623352595910428,0.0011062376351482386,0.023380297895597708,0.0012519903232857058
10000,0,multi,gaussian_matched,0.050000000000000003,454,11,0.050000000000000003,22.668541550186543,>=10%,True,True,4,0.023380297895597708,0.53114044498300639,0.0029236202462656208,0.056443891117263167,0.86392859816347722,0.9122443665461698,0.91418076524156211,1.0021226754216348,0.95553242464500587,1.1235010143455841,True,True,False,3>2>4>1,15,0,0,True,1,0.0084623352595910428,0.0011062376351482386,0.023380297895597708,0.0012519903232857058
10000,0,multi,gaussian_matched,0.050000000000000003,454,12,0.02,22.668541550186543,>=10%,True,False,3,0.030346043676756428,0.44381984224979382,0.12134173373989871,0.090806679808550728,0.86392859816347722,0.80885603503372816,0.82793558261318312,1.0235883108403332,,1.0634469843628032,False,False,False,,-1,,,False,1,0.0074802131640656746,0.019838854540814271,0.030346043676756428,0.0081974409923474701
10000,0,multi,gaussian_matched,0.050000000000000003,454,12,0.050000000000000003,22.668541550186543,>=10%,True,True,4,0.030346043676756428,0.44381984224979382,0.12134173373989871,0.090806679808550728,0.86392859816347722,0.80885603503372816,0.82793558261318312,1.0235883108403332,0.950656870435863,1.0634469843628032,True,True,False,3>2>4>1,15,0,0,True,1,0.0074802131640656746,0.019838854540814271,0.030346043676756428,0.0081974409923474701
10000,0,multi,gaussian_matched,0.050000000000000003,454,13,0.02,22.668541550186543,>=10%,True,False,3,0.024119400136254396,0.44388383531444159,-0.0087570905397389015,0.081249120781161616,0.86392859816347722,0.93052074333104318,0.92325440056308172,0.99219110071426275,,1.1627159043925592,False,False,False,,-1,,,False,1,0.0079676071567987596,0.024119400136254396,0.01245979968567943,0.0083510881947890855
10000,0,multi,gaussian_matched,0.050000000000000003,454,13,0.050000000000000003,22.668541550186543,>=10%,True,True,4,0.024119400136254396,0.44388383531444159,-0.0087570905397389015,0.081249120781161616,0.86392859816347722,0.93052074333104318,0.92325440056308172,0.99219110071426275,0.94393172075989074,1.1627159043925592,True,True,False,3>2>4>1,15,0,0,True,1,0.0079676071567987596,0.024119400136254396,0.01245979968567943,0.0083510881947890855
10000,0,multi,gaussian_matched,0.050000000000000003,454,14,0.02,22.668541550186543,>=10%,True,True,4,0.0098512856480574597,0.51030565610240264,0.028513048209900957,0.023830561154346099,0.86392859816347722,0.88534847439090836,0.89271606861310904,1.0083216885049351,0.99063590689666714,1.060905532836663,True,True,False,3>2>4>1,15,0,0,True,1,0.0061339302291119613,0.0025663795947285213,0.0098512856480574597,0.0034372862243593491
10000,0,multi,gaussian_matched,0.050000000000000003,454,14,0.050000000000000003,22.668541550186543,>=10%,True,True,4,0.0098512856480574597,0.51030565610240264,0.028513048209900957,0.023830561154346099,0.86392859816347722,0.88534847439090836,0.89271606861310904,1.0083216885049351,0.9563987831352575,1.060905532836663,True,True,False,3>2>4>1,15,0,0,True,1,0.0061339302291119613,0.0025663795947285213,0.0098512856480574597,0.0034372862243593491
10000,0,multi,gaussian_matched,0.050000000000000003,454,15,0.02,22.668541550186543,>=10%,True,True,4,0.0139505164373295,0.51538724648672185,0.18713256298704578,0.13799314180726235,0.86392859816347722,0.72760523058229132,0.78113779770750191,1.0735736425126703,1.0263716144573101,1.0638968792891392,True,True,False,3>2>4>1,15,0,0,True,1,0.0048038829485994349,0.0088966180183798829,0.0139505164373295,0.0039100120430943797
10000,0,multi,gaussian_matched,0.050000000000000003,454,15,0.050000000000000003,22.668541550186543,>=10%,True,True,4,0.0139505164373295,0.51538724648672185,0.18713256298704578,0.13799314180726235,0.86392859816347722,0.72760523058229132,0.78113779770750191,1.0735736425126703,0.9846216508291703,1.0638968792891392,True,True,False,3>2>4>1,15,0,0,True,1,0.0048038829485994349,0.0088966180183798829,0.0139505164373295,0.0039100120430943797
10000,0,multi,gaussian_matched,0.050000000000000003,454,16,0.02,22.668541550186543,>=10%,True,True,4,0.01542404538472715,0.51997250840461084,0.051531964927940391,0.020031175914376326,0.86392859816347722,0.86280937859294182,0.8745388515734912,1.0135945126137567,0.99305605352001924,1.0354675483477769,True,True,False,3>2>4>1,15,0,0,True,1,0.0049968479987630944,0.011209823208011289,0.01542404538472715,0.0029354249713343192
10000,0,multi,gaussian_matched,0.050000000000000003,454,16,0.050000000000000003,22.668541550186543,>=10%,True,True,4,0.01542404538472715,0.51997250840461084,0.051531964927940391,0.020031175914376326,0.86392859816347722,0.86280937859294182,0.8745388515734912,1.0135945126137567,0.95792827131184388,1.0354675483477769,True,True,False,3>2>4>1,15,0,0,True,1,0.0049968479987630944,0.011209823208011289,0.01542404538472715,0.0029354249713343192
10000,0,multi,gaussian_matched,0.050000000000000003,454,17,0.02,22.668541550186543,>=10%,True,False,3,0.026247336256896653,0.5392689638112137,0.015176815009762284,0.052485290621951682,0.86392859816347722,0.90114148216166989,0.90460422734153467,1.0038426209961595,,1.1078340501727213,False,False,False,,-1,,,False,1,0.0075176193230306835,0.0040139672651454128,0.026247336256896653,0.00091907331186595815
10000,0,multi,gaussian_matched,0.050000000000000003,454,17,0.050000000000000003,22.668541550186543,>=10%,True,True,4,0.026247336256896653,0.5392689638112137,0.015176815009762284,0.052485290621951682,0.86392859816347722,0.90114148216166989,0.90460422734153467,1.0038426209961595,0.95553295234245972,1.1078340501727213,True,True,False,3>2>4>1,15,0,0,True,1,0.0075176193230306835,0.0040139672651454128,0.026247336256896653,0.00091907331186595815
10000,0,multi,gaussian_matched,0.050000000000000003,454,18,0.02,22.668541550186543,>=10%,True,True,4,0.011870636616587778,0.51306609470976361,0.057292915374465812,0.014963604031904625,0.86392859816347722,0.85666091693739999,0.86986996451946696,1.0154192251810552,0.99377014441852418,1.0241975672900907,True,True,False,3>2>4>1,15,0,0,True,1,0.00496974541337355,0.011261297917304566,0.011870636616587778,0.0035499195773065623
10000,0,multi,gaussian_matched,0.050000000000000003,454,18,0.050000000000000003,22.668541550186543,>=10%,True,True,4,0.011870636616587778,0.51306609470976361,0.057292915374465812,0.014963604031904625,0.86392859816347722,0.85666091693739999,0.86986996451946696,1.0154192251810552,0.95834002647786687,1.0241975672900907,True,True,False,3>2>4>1,15,0,0,True,1,0.00496974541337355,0.011261297917304566,0.011870636616587778,0.0035499195773065623
10000,0,multi,gaussian_matched,0.050000000000000003,454,19,0.02,22.668541550186543,>=10%,True,False,3,0.023237154894364734,0.45478815681568308,-0.017938755893909697,0.081607507721627642,0.86392859816347722,0.93700047030690015,0.93006707425700064,0.99260043482408433,,1.171016429053543,False,False,False,,-1,,,False,1,0.0087639785219378839,0.023237154894364734,0.0054920752163124401,0.0067684336427062649
10000,0,multi,gaussian_matched,0.050000000000000003,454,19,0.050000000000000003,22.668541550186543,>=10%,True,True,4,0.023237154894364734,0.45478815681568308,-0.017938755893909697,0.081607507721627642,0.86392859816347722,0.93700047030690015,0.93006707425700064,0.99260043482408433,0.946443357429954,1.171016429053543,True,True,False,3>2>4>1,15,0,0,True,1,0.0087639785219378839,0.023237154894364734,0.0054920752163124401,0.0067684336427062649
10000,0,multi,gaussian_matched,0.050000000000000003,454,20,0.02,22.668541550186543,>=10%,True,False,3,0.020587944353237398,0.52966569054399359,0.022409451904678641,0.040512856473621212,0.86392859816347722,0.89271414490516987,0.89822422207019037,1.0061722749622231,,1.0865910453009204,False,False,False,,-1,,,False,1,0.0067629505608641236,0.0044505789594450635,0.020587944353237398,0.0017965839838619091
10000,0,multi,gaussian_matched,0.050000000000000003,454,20,0.050000000000000003,22.668541550186543,>=10%,True,True,4,0.020587944353237398,0.52966569054399359,0.022409451904678641,0.040512856473621212,0.86392859816347722,0.89271414490516987,0.89822422207019037,1.0061722749622231,0.95618760251620571,1.0865910453009204,True,True,False,3>2>4>1,15,0,0,True,1,0.0067629505608641236,0.0044505789594450635,0.020587944353237398,0.0017965839838619091
10000,0,multi,gaussian_matched,0.050000000000000003,454,21,0.02,22.668541550186543,>=10%,True,True,4,0.012940040169242401,0.46154114613743535,0.013072578134013552,0.053317144766863105,0.86392859816347722,0.90526477315003329,0.90559948975352111,1.0003697444255155,0.98272373438671534,1.1099489431867757,True,True,False,3>2>4>1,15,0,0,True,1,0.0067924758219318699,0.012940040169242401,0.010196692177162351,0.0072327746139313979
10000,0,multi,gaussian_matched,0.050000000000000003,454,21,0.050000000000000003,22.668541550186543,>=10%,True,True,4,0.012940040169242401,0.46154114613743535,0.013072578134013552,0.053317144766863105,0.86392859816347722,0.90526477315003329,0.90559948975352111,1.0003697444255155,0.94898938736384908,1.1099489431867757,True,True,False,3>2>4>1,15,0,0,True,1,0.0067924758219318699,0.012940040169242401,0.010196692177162351,0.0072327746139313979
10000,0,multi,gaussian_matched,0.050000000000000003,454,22,0.02,22.668541550186543,>=10%,True,False,2,0.027836369788408307,0.4233540883032037,0.0028503954637898593,0.089987115676379487,0.86392859816347722,0.92549555275859485,0.91577288171485127,0.98949463234613766,,1.1641702792675876,False,False,False,,-1,,,False,1,0.0076289362723320295,0.027836369788408307,0.02454230158757632,0.011164373568720222
10000,0,multi,gaussian_matched,0.050000000000000003,454,22,0.050000000000000003,22.668541550186543,>=10%,True,True,4,0.027836369788408307,0.4233540883032037,0.0028503954637898593,0.089987115676379487,0.86392859816347722,0.92549555275859485,0.91577288171485127,0.98949463234613766,0.93824143902051749,1.1641702792675876,True,True,False,3>2>4>1,15,0,0,True,1,0.0076289362723320295,0.027836369788408307,0.02454230158757632,0.011164373568720222
10000,0,multi,gaussian_matched,0.050000000000000003,454,23,0.02,22.668541550186543,>=10%,True,False,3,0.021464599678506769,0.45454563458080538,0.084010654169546284,0.056769921020749632,0.86392859816347722,0.83857496139478371,0.85246008031709586,1.0165579936935123,,1.0524365130065947,False,False,False,,-1,,,False,1,0.0067828766831392008,0.00943788216570585,0.021464599678506769,0.0083964694744949383
10000,0,multi,gaussian_matched,0.050000000000000003,454,23,0.050000000000000003,22.668541550186543,>=10%,True,True,4,0.021464599678506769,0.45454563458080538,0.084010654169546284,0.056769921020749632,0.86392859816347722,0.83857496139478371,0.85246008031709586,1.0165579936935123,0.951581436157386,1.0524365130065947,True,True,False,3>2>4>1,15,0,0,True,1,0.0067828766831392008,0.00943788216570585,0.021464599678506769,0.0083964694744949383
10000,0,multi,gaussian_matched,0.050000000000000003,454,24,0.02,22.668541550186543,>=10%,True,False,2,0.056429507260793738,0.57071892378001388,0.1157052851109025,0.096531604524675726,0.86392859816347722,0.81476635304021339,0.83075885431045249,1.0196283280606333,,1.0733415479084085,False,False,False,,-1,,,False,1,0.0024295881306428202,0.026145094962923554,0.056429507260793738,0.005632403056382445
10000,0,multi,gaussian_matched,0.050000000000000003,454,24,0.050000000000000003,22.668541550186543,>=10%,True,False,3,0.056429507260793738,0.57071892378001388,0.1157052851109025,0.096531604524675726,0.86392859816347722,0.81476635304021339,0.83075885431045249,1.0196283280606333,,1.0733415479084085,False,False,False,,-1,,,False,1,0.0024295881306428202,0.026145094962923554,0.056429507260793738,0.005632403056382445
10000,0,multi,gaussian_matched,0.050000000000000003,454,25,0.02,22.668541550186543,>=10%,True,False,2,0.068702692711457167,0.58626218249115902,0.11553090840476091,0.10833034701546555,0.86392859816347722,0.82309322660869366,0.83415352900829032,1.0134374844088649,,1.0909279748665224,False,False,False,,-1,,,False,1,0.0015969945806743383,0.031957922364062169,0.068702692711457167,0.0088780667300014729
10000,0,multi,gaussian_matched,0.050000000000000003,454,25,0.050000000000000003,22.668541550186543,>=10%,True,False,3,0.068702692711457167,0.58626218249115902,0.11553090840476091,0.10833034701546555,0.86392859816347722,0.82309322660869366,0.83415352900829032,1.0134374844088649,,1.0909279748665224,False,False,False,,-1,,,False,1,0.0015969945806743383,0.031957922364062169,0.068702692711457167,0.0088780667300014729
10000,0,multi,gaussian_matched,0.050000000000000003,454,26,0.02,22.668541550186543,>=10%,True,True,4,0.019602129289792419,0.52586773854672597,0.057547625811624037,0.026946364372843808,0.86392859816347722,0.85737157072840331,0.86997062392735247,1.0146949743018017,0.99350486593054232,1.0381841626806256,True,True,False,3>2>4>1,15,0,0,True,1,0.0047298130941762009,0.01433269279756445,0.019602129289792419,0.0024217991108414008
10000,0,multi,gaussian_matched,0.050000000000000003,454,26,0.050000000000000003,22.668541550186543,>=10%,True,True,4,0.019602129289792419,0.52586773854672597,0.057547625811624037,0.026946364372843808,0.86392859816347722,0.85737157072840331,0.86997062392735247,1.0146949743018017,0.95817507349038666,1.0381841626806256,True,True,False,3>2>4>1,15,0,0,True,1,0.0047298130941762009,0.01433269279756445,0.019602129289792419,0.0024217991108414008
10000,0,multi,gaussian_matched,0.050000000000000003,454,27,0.02,22.668541550186543,>=10%,True,False,3,0.025580763554122078,0.53632019030936773,0.05368529568105361,0.036506679229498289,0.86392859816347722,0.8626504315652781,0.8734703830147803,1.0125426836335889,,1.0533012382952598,False,False,False,,-1,,,False,1,0.0047407305575895018,0.015529335131751124,0.025580763554122078,0.0014998079859302668
10000,0,multi,gaussian_matched,0.050000000000000003,454,27,0.050000000000000003,22.668541550186543,>=10%,True,True,4,0.025580763554122078,0.53632019030936773,0.05368529568105361,0.036506679229498289,0.86392859816347722,0.8626504315652781,0.8734703830147803,1.0125426836335889,0.95724434507058698,1.0533012382952598,True,True,False,3>2>4>1,15,0,0,True,1,0.0047407305575895018,0.015529335131751124,0.025580763554122078,0.0014998079859302668
10000,0,multi,gaussian_matched,0.050000000000000003,454,28,0.02,22.668541550186543,>=10%,True,False,3,0.026099761103127367,0.53690810211685425,0.05494435360442522,0.037237811891056835,0.86392859816347722,0.86150825109415052,0.87250737244177246,1.0127672849722016,,1.0530328389021362,False,False,False,,-1,,,False,1,0.0046773848569135381,0.01606585810462053,0.026099761103127367,0.0014391384107256197
10000,0,multi,gaussian_matched,0.050000000000000003,454,28,0.050000000000000003,22.668541550186543,>=10%,True,True,4,0.026099761103127367,0.53690810211685425,0.05494435360442522,0.037237811891056835,0.86392859816347722,0.86150825109415052,0.87250737244177246,1.0127672849722016,0.95726178454994593,1.0530328389021362,True,True,False,3>2>4>1,15,0,0,True,1,0.0046773848569135381,0.01606585810462053,0.026099761103127367,0.0014391384107256197
10000,0,multi,gaussian_matched,0.050000000000000003,454,29,0.02,22.668541550186543,>=10%,True,False,3,0.020704264675768143,0.52853412418314716,0.014019579550013157,0.045921529794390514,0.86392859816347722,0.90093636759634099,0.90499508913969262,1.0045050035599963,,1.100688900628505,False,False,False,,-1,,,False,1,0.0074327631673190607,0.0017326146778145635,0.020704264675768143,0.0017067414154071084
10000,0,multi,gaussian_matched,0.050000000000000003,454,29,0.050000000000000003,22.668541550186543,>=10%,True,True,4,0.020704264675768143,0.52853412418314716,0.014019579550013157,0.045921529794390514,0.86392859816347722,0.90093636759634099,0.90499508913969262,1.0045050035599963,0.95591724329451044,1.100688900628505,True,True,False,3>2>4>1,15,0,0,True,1,0.0074327631673190607,0.0017326146778145635,0.020704264675768143,0.0017067414154071084
10000,0,multi,gaussian_matched,0.050000000000000003,454,30,0.02,22.668541550186543,>=10%,True,False,2,0.065029090332151193,0.58862041874527993,0.071948821929279955,0.091298025184951309,0.86392859816347722,0.86180366286845844,0.86516239008307005,1.0038973229742749,,1.1071058618747505,False,False,False,,-1,,,False,1,0.0028136362695739127,0.03906955566197521,0.065029090332151193,0.005677803605120514
10000,0,multi,gaussian_matched,0.050000000000000003,454,30,0.050000000000000003,22.668541550186543,>=10%,True,False,3,0.065029090332151193,0.58862041874527993,0.071948821929279955,0.091298025184951309,0.86392859816347722,0.86180366286845844,0.86516239008307005,1.0038973229742749,,1.1071058618747505,False,False,False,,-1,,,False,1,0.0028136362695739127,0.03906955566197521,0.065029090332151193,0.005677803605120514
10000,0,multi,gaussian_matched,0.050000000000000003,454,31,0.02,22.668541550186543,>=10%,True,False,3,0.029359803273645561,0.53394970831429123,0.11334030893867769,0.071864994476257965,0.86392859816347722,0.80366555942502971,0.82826279057098895,1.0306063024071319,,1.0419006697552566,False,False,False,,-1,,,False,1,0.0040578878691864698,0.012940701558994362,0.029359803273645561,1.7542566858469953e-05
10000,0,multi,gaussian_matched,0.050000000000000003,454,31,0.050000000000000003,22.668541550186543,>=10%,True,True,4,0.029359803273645561,0.53394970831429123,0.11334030893867769,0.071864994476257965,0.86392859816347722,0.80366555942502971,0.82826279057098895,1.0306063024071319,0.96292164787955747,1.0419006697552566,True,True,False,3>2>4>1,15,0,0,True,1,0.0040578878691864698,0.012940701558994362,0.029359803273645561,1.7542566858469953e-05
10000,0,multi,gaussian_matched,0.050000000000000003,455,0,0.02,11.830126142411212,>=10%,True,True,4,0.013246558169594634,0.51289295405363422,0.018755170015134045,0.033800409243266591,1.022595125440142,1.0557745209357858,1.042761836704825,0.98767475064711074,0.96735309463172403,1.0527746702143934,True,True,False,4>3>2>1,23,0,0,True,1,0.0019187329516062955,0.0079900883194980264,0.0060748931668166452,0.013246558169594634
10000,0,multi,gaussian_matched,0.050000000000000003,455,0,0.050000000000000003,11.830126142411212,>=10%,True,True,4,0.013246558169594634,0.51289295405363422,0.018755170015134045,0.033800409243266591,1.022595125440142,1.0557745209357858,1.042761836704825,0.98767475064711074,0.93892558918610391,1.0527746702143934,True,True,False,4>3>2>1,23,0,0,True,1,0.0019187329516062955,0.0079900883194980264,0.0060748931668166452,0.013246558169594634
10000,0,multi,gaussian_matched,0.050000000000000003,455,1,0.02,11.830126142411212,>=10%,True,True,4,0.0069126854307914216,0.44406101012745192,-0.028397067680109564,0.096308207380268046,1.022595125440142,1.0653520808554451,1.0765428203983551,1.0105042640306519,0.99617903871069846,1.1469358679700421,True,True,False,4>3>2>1,23,0,0,True,1,0.0049126302124634785,0.0041860486184172128,0.0069126854307914216,0.0065304854569793501
10000,0,multi,gaussian_matched,0.050000000000000003,455,1,0.050000000000000003,11.830126142411212,>=10%,True,True,4,0.0069126854307914216,0.44406101012745192,-0.028397067680109564,0.096308207380268046,1.022595125440142,1.0653520808554451,1.0765428203983551,1.0105042640306519,0.96801228951920737,1.1469358679700421,True,True,False,4>3>2>1,23,0,0,True,1,0.0049126302124634785,0.0041860486184172128,0.0069126854307914216,0.0065304854569793501
10000,0,multi,gaussian_matched,0.050000000000000003,455,2,0.02,11.830126142411212,>=10%,True,True,4,0.013050104458240621,0.48774220110539057,0.14490107159235632,0.095689430049082369,1.022595125440142,0.93964638168095205,0.94769943641013565,1.0085703035590659,0.98899557411630068,1.020334285292164,True,True,False,4>3>2>1,23,0,0,True,1,0.0081790159018231279,0.007514703459485325,0.0085561208775885664,0.013050104458240621
10000,0,multi,gaussian_matched,0.050000000000000003,455,2,0.050000000000000003,11.830126142411212,>=10%,True,True,4,0.013050104458240621,0.48774220110539057,0.14490107159235632,0.095689430049082369,1.022595125440142,0.93964638168095205,0.94769943641013565,1.0085703035590659,0.95558523935627449,1.020334285292164,True,True,False,4>3>2>1,23,0,0,True,1,0.0081790159018231279,0.007514703459485325,0.0085561208775885664,0.013050104458240621
10000,0,multi,gaussian_matched,0.050000000000000003,455,3,0.02,11.830126142411212,>=10%,True,False,2,0.029909417831221637,0.57366427659348396,0.04149208509577898,0.074153963225567207,1.022595125440142,1.0740668037528209,1.0354046826120933,0.96400398838727619,,1.0850419860549285,False,False,False,,-1,,,False,1,0.0027313090521311327,0.023079754962718413,0.017416888424004191,0.029909417831221637
10000,0,multi,gaussian_matched,0.050000000000000003,455,3,0.050000000000000003,11.830126142411212,>=10%,True,True,4,0.029909417831221637,0.57366427659348396,0.04149208509577898,0.074153963225567207,1.022595125440142,1.0740668037528209,1.0354046826120933,0.96400398838727619,0.91097666003194744,1.0850419860549285,True,True,False,4>3>2>1,23,0,0,True,1,0.0027313090521311327,0.023079754962718413,0.017416888424004191,0.029909417831221637
10000,0,multi,gaussian_matched,0.050000000000000003,455,4,0.02,11.830126142411212,>=10%,True,False,3,0.02586005251265501,0.56247059296268032,0.052984619879561892,0.062541849516418682,1.022595125440142,1.0580558053936748,1.026859051317222,0.97051502017434199,,1.0653296438947373,False,False,False,,-1,,,False,1,0.0019798011151686305,0.016862236486129938,0.013584089807348886,0.02586005251265501
10000,0,multi,gaussian_matched,0.050000000000000003,455,4,0.050000000000000003,11.830126142411212,>=10%,True,True,4,0.02586005251265501,0.56247059296268032,0.052984619879561892,0.062541849516418682,1.022595125440142,1.0580558053936748,1.026859051317222,0.97051502017434199,0.91726484175883061,1.0653296438947373,True,True,False,4>3>2>1,23,0,0,True,1,0.0019798011151686305,0.016862236486129938,0.013584089807348886,0.02586005251265501
10000,0,multi,gaussian_matched,0.050000000000000003,455,5,0.02,11.830126142411212,>=10%,True,True,4,0.0073578515163044752,0.49333290662929397,0.099073901860965125,0.04952472087627903,1.022595125440142,0.97875426457752868,0.98108569314943561,1.0023820366932585,0.98186533312129121,1.0078381838385184,True,True,False,4>3>2>1,23,0,0,True,1,0.0050990686146174403,0.0028139572631484082,0.0040806170079912014,0.0073578515163044752
10000,0,multi,gaussian_matched,0.050000000000000003,455,5,0.050000000000000003,11.830126142411212,>=10%,True,True,4,0.0073578515163044752,0.49333290662929397,0.099073901860965125,0.04952472087627903,1.022595125440142,0.97875426457752868,0.98108569314943561,1.0023820366932585,0.95058893079083462,1.0078381838385184,True,True,False,4>3>2>1,23,0,0,True,1,0.0050990686146174403,0.0028139572631484082,0.0040806170079912014,0.0073578515163044752
10000,0,multi,gaussian_matched,0.050000000000000003,455,6,0.02,11.830126142411212,>=10%,True,True,4,0.005199772587988742,0.49558540316099525,0.047307580189359648,0.0051708596662140578,1.022595125440142,1.0224035546361505,1.0193053838577493,0.99696971830315695,0.97688939691753929,1.0018395531496513,True,True,False,4>3>2>1,23,0,0,True,1,0.001339026090442859,0.0021207552704536727,0.00041237692794098761,0.005199772587988742
10000,0,multi,gaussian_matched,0.050000000000000003,455,6,0.050000000000000003,11.830126142411212,>=10%,True,True,4,0.005199772587988742,0.49558540316099525,0.047307580189359648,0.0051708596662140578,1.022595125440142,1.0224035546361505,1.0193053838577493,0.99696971830315695,0.94744761305925984,1.0018395531496513,True,True,False,4>3>2>1,23,0,0,True,1,0.001339026090442859,0.0021207552704536727,0.00041237692794098761,0.005199772587988742
10000,0,multi,gaussian_matched,0.050000000000000003,455,7,0.02,11.830126142411212,>=10%,True,True,4,0.0090194230887023583,0.5101530092756198,0.064260190573853321,0.017505331546515669,1.022595125440142,1.0167299471702744,1.0092746062733267,0.9926673342142649,0.97098296282605823,1.0040923453237656,True,True,False,4>3>2>1,23,0,0,True,1,0.0018269103362960448,0.0033399277134475501,0.0019525970426945898,0.0090194230887023583
10000,0,multi,gaussian_matched,0.050000000000000003,455,7,0.050000000000000003,11.830126142411212,>=10%,True,True,4,0.0090194230887023583,0.5101530092756198,0.064260190573853321,0.017505331546515669,1.022595125440142,1.0167299471702744,1.0092746062733267,0.9926673342142649,0.94133265114251619,1.0040923453237656,True,True,False,4>3>2>1,23,0,0,True,1,0.0018269103362960448,0.0033399277134475501,0.0019525970426945898,0.0090194230887023583
10000,0,multi,gaussian_matched,0.050000000000000003,455,8,0.02,11.830126142411212,>=10%,True,True,4,0.012155025114810638,0.51833448123720138,0.053896326285803341,0.018743920634774668,1.022595125440142,1.0299246683480274,1.0181738435137828,0.98859059774430624,0.96653387726640017,1.0140061675946781,True,True,False,4>3>2>1,23,0,0,True,1,0.00051212749714065148,0.0058828934299314899,0.0044446860444000537,0.012155025114810638
10000,0,multi,gaussian_matched,0.050000000000000003,455,8,0.050000000000000003,11.830126142411212,>=10%,True,True,4,0.012155025114810638,0.51833448123720138,0.053896326285803341,0.018743920634774668,1.022595125440142,1.0299246683480274,1.0181738435137828,0.98859059774430624,0.93735521106585362,1.0140061675946781,True,True,False,4>3>2>1,23,0,0,True,1,0.00051212749714065148,0.0058828934299314899,0.0044446860444000537,0.012155025114810638
10000,0,multi,gaussian_matched,0.050000000000000003,455,9,0.02,11.830126142411212,>=10%,True,False,3,0.032576072058111832,0.58014509585790441,0.094295067675820382,0.091571225887164986,1.022595125440142,1.0400156919436596,1.0043935780493616,0.96574848421015191,,1.0717485118705266,False,False,False,,-1,,,False,1,0.00099995424954339327,0.017003814707149855,0.012979284156510219,0.032576072058111832
10000,0,multi,gaussian_matched,0.050000000000000003,455,9,0.050000000000000003,11.830126142411212,>=10%,True,True,4,0.032576072058111832,0.58014509585790441,0.094295067675820382,0.091571225887164986,1.022595125440142,1.0400156919436596,1.0043935780493616,0.96574848421015191,0.90920132761342243,1.0717485118705266,True,True,False,4>3>2>1,23,0,0,True,1,0.00099995424954339327,0.017003814707149855,0.012979284156510219,0.032576072058111832
10000,0,multi,gaussian_matched,0.050000000000000003,455,10,0.02,11.830126142411212,>=10%,True,True,4,0.0047083858416085639,0.46158688168527839,0.01159088041888974,0.054321525435657901,1.022595125440142,1.0363619209895194,1.0441478623871783,1.0075127629064418,0.99090595109325641,1.0741977548054873,True,True,False,4>3>2>1,23,0,0,True,1,0.0028265894314659242,0.0014272244961696092,0.0047083858416085639,0.0035240130117015797
10000,0,multi,gaussian_matched,0.050000000000000003,455,10,0.050000000000000003,11.830126142411212,>=10%,True,True,4,0.0047083858416085639,0.46158688168527839,0.01159088041888974,0.054321525435657901,1.022595125440142,1.0363619209895194,1.0441478623871783,1.0075127629064418,0.96192362773214179,1.0741977548054873,True,True,False,4>3>2>1,23,0,0,True,1,0.0028265894314659242,0.0014272244961696092,0.0047083858416085639,0.0035240130117015797
10000,0,multi,gaussian_matched,0.050000000000000003,455,11,0.02,11.830126142411212,>=10%,True,True,4,0.0086930020033962052,0.50928588857819301,0.066211315329938542,0.018682464275713621,1.022595125440142,1.014642828753529,1.0077160180963558,0.99317315368435355,0.97151925978964704,1.0037193184646664,True,True,False,4>3>2>1,23,0,0,True,1,0.0020264668974339117,0.0030010181406035724,0.0016193589657153549,0.0086930020033962052
10000,0,multi,gaussian_matched,0.050000000000000003,455,11,0.050000000000000003,11.830126142411212,>=10%,True,True,4,0.0086930020033962052,0.50928588857819301,0.066211315329938542,0.018682464275713621,1.022595125440142,1.014642828753529,1.0077160180963558,0.99317315368435355,0.94178927638834464,1.0037193184646664,True,True,False,4>3>2>1,23,0,0,True,1,0.0020264668974339117,0.0030010181406035724,0.0016193589657153549,0.0086930020033962052
10000,0,multi,gaussian_matched,0.050000000000000003,455,12,0.02,11.830126142411212,>=10%,True,True,4,0.017016184103896218,0.42518526705293219,0.015283083486213482,0.082477321477884433,1.022595125440142,1.0177717479992587,1.0395282845865315,1.0213766363922381,1.0075262291524476,1.0972139199093933,True,True,False,4>3>2>1,23,0,0,True,1,0.0060007264788548703,8.334605144859751e-05,0.012639163109989027,0.017016184103896218
10000,0,multi,gaussian_matched,0.050000000000000003,455,12,0.050000000000000003,11.830126142411212,>=10%,True,True,4,0.017016184103896218,0.42518526705293219,0.015283083486213482,0.082477321477884433,1.022595125440142,1.0177717479992587,1.0395282845865315,1.0213766363922381,0.97799185178112114,1.0972139199093933,True,True,False,4>3>2>1,23,0,0,True,1,0.0060007264788548703,8.334605144859751e-05,0.012639163109989027,0.017016184103896218
10000,0,multi,gaussian_matched,0.050000000000000003,455,13,0.02,11.830126142411212,>=10%,True,False,3,0.023071129078640826,0.55328215447741735,0.05261623452918681,0.053346346349746158,1.022595125440142,1.0524179766786195,1.0255895874439356,0.97450785730651146,,1.055095909370084,False,False,False,,-1,,,False,1,0.0017072560248906834,0.014136548179222172,0.011661217725952952,0.023071129078640826
10000,0,multi,gaussian_matched,0.050000000000000003,455,13,0.050000000000000003,11.830126142411212,>=10%,True,True,4,0.023071129078640826,0.55328215447741735,0.05261623452918681,0.053346346349746158,1.022595125440142,1.0524179766786195,1.0255895874439356,0.97450785730651146,0.92165896701916561,1.055095909370084,True,True,False,4>3>2>1,23,0,0,True,1,0.0017072560248906834,0.014136548179222172,0.011661217725952952,0.023071129078640826
10000,0,multi,gaussian_matched,0.050000000000000003,455,14,0.02,11.830126142411212,>=10%,True,True,4,0.013247688550623415,0.44753312808495388,0.058128372142205488,0.053092778060975843,1.022595125440142,0.98858442578949579,1.0060815243443506,1.0176991444518069,1.0015054879097625,1.0357709283519616,True,True,False,4>3>2>1,23,0,0,True,1,0.0051062495370729592,0.0033738544579758451,0.010090656087164333,0.013247688550623415
10000,0,multi,gaussian_matched,0.050000000000000003,455,14,0.050000000000000003,11.830126142411212,>=10%,True,True,4,0.013247688550623415,0.44753312808495388,0.058128372142205488,0.053092778060975843,1.022595125440142,0.98858442578949579,1.0060815243443506,1.0176991444518069,0.97085857832537314,1.0357709283519616,True,True,False,4>3>2>1,23,0,0,True,1,0.0051062495370729592,0.0033738544579758451,0.010090656087164333,0.013247688550623415
10000,0,multi,gaussian_matched,0.050000000000000003,455,15,0.02,11.830126142411212,>=10%,True,False,3,0.03164167886814527,0.5785624757090686,0.089658986073017005,0.088005100794657065,1.022595125440142,1.0421339715894116,1.0068593467376199,0.96615154498994738,,1.0706724687945572,False,False,False,,-1,,,False,1,0.00064481783245255101,0.017168493096114505,0.013123595446412258,0.03164167886814527
10000,0,multi,gaussian_matched,0.050000000000000003,455,15,0.050000000000000003,11.830126142411212,>=10%,True,True,4,0.03164167886814527,0.5785624757090686,0.089658986073017005,0.088005100794657065,1.022595125440142,1.0421339715894116,1.0068593467376199,0.96615154498994738,0.90994302556112605,1.0706724687945572,True,True,False,4>3>2>1,23,0,0,True,1,0.00064481783245255101,0.017168493096114505,0.013123595446412258,0.03164167886814527
10000,0,multi,gaussian_matched,0.050000000000000003,455,16,0.02,11.830126142411212,>=10%,True,True,4,0.012800052382038282,0.49318267864999898,0.13226364361867821,0.082545641507047934,1.022595125440142,0.95277303130565461,0.95767452384480323,1.0051444492844552,0.9848443571400779,1.0172355993816449,True,True,False,4>3>2>1,23,0,0,True,1,0.0073244231302250634,0.0055196491600055875,0.0066174451171075368,0.012800052382038282
10000,0,multi,gaussian_matched,0.050000000000000003,455,16,0.050000000000000003,11.830126142411212,>=10%,True,True,4,0.012800052382038282,0.49318267864999898,0.13226364361867821,0.082545641507047934,1.022595125440142,0.95277303130565461,0.95767452384480323,1.0051444492844552,0.95215590032596387,1.0172355993816449,True,True,False,4>3>2>1,23,0,0,True,1,0.0073244231302250634,0.0055196491600055875,0.0066174451171075368,0.012800052382038282
10000,0,multi,gaussian_matched,0.050000000000000003,455,17,0.02,11.830126142411212,>=10%,True,False,2,0.027160166474065335,0.54921986576104997,-0.020046981515814299,0.085610599840280341,1.022595125440142,1.1081889887632497,1.0745258251975012,0.96962326470747828,,1.1345022053947689,False,False,False,,-1,,,False,1,0.0069937117310984558,0.021549106432171901,0.017471675619525437,0.027160166474065335
10000,0,multi,gaussian_matched,0.050000000000000003,455,17,0.050000000000000003,11.830126142411212,>=10%,True,True,4,0.027160166474065335,0.54921986576104997,-0.020046981515814299,0.085610599840280341,1.022595125440142,1.1081889887632497,1.0745258251975012,0.96962326470747828,0.92206802308752001,1.1345022053947689,True,True,False,4>3>2>1,23,0,0,True,1,0.0069937117310984558,0.021549106432171901,0.017471675619525437,0.027160166474065335
10000,0,multi,gaussian_matched,0.050000000000000003,455,18,0.02,11.830126142411212,>=10%,True,False,3,0.02415935680892866,0.55787499151972275,0.068662445869378572,0.060809551299409091,1.022595125440142,1.0432079471526585,1.015992656468762,0.97391192162772711,,1.053009329870116,False,False,False,,-1,,,False,1,0.00058309831532633437,0.013594487037372415,0.010939701326538744,0.02415935680892866
10000,0,multi,gaussian_matched,0.050000000000000003,455,18,0.050000000000000003,11.830126142411212,>=10%,True,True,4,0.02415935680892866,0.55787499151972275,0.068662445869378572,0.060809551299409091,1.022595125440142,1.0432079471526585,1.015992656468762,0.97391192162772711,0.91982104261595754,1.053009329870116,True,True,False,4>3>2>1,23,0,0,True,1,0.00058309831532633437,0.013594487037372415,0.010939701326538744,0.02415935680892866
10000,0,multi,gaussian_matched,0.050000000000000003,455,19,0.02,11.830126142411212,>=10%,True,False,3,0.020253733914898878,0.51843604830439582,0.12854614314088925,0.080680756561841177,1.022595125440142,0.97234840297189995,0.96662994847952555,0.99411892437433291,,1.0241694674523183,False,False,False,,-1,,,False,1,0.0064444810403489917,0.00045151534322603553,0.0018479881343917057,0.020253733914898878
10000,0,multi,gaussian_matched,0.050000000000000003,455,19,0.050000000000000003,11.830126142411212,>=10%,True,True,4,0.020253733914898878,0.51843604830439582,0.12854614314088925,0.080680756561841177,1.022595125440142,0.97234840297189995,0.96662994847952555,0.99411892437433291,0.93933438248141354,1.0241694674523183,True,True,False,4>3>2>1,23,0,0,True,1,0.0064444810403489917,0.00045151534322603553,0.0018479881343917057,0.020253733914898878
10000,0,multi,gaussian_matched,0.050000000000000003,455,20,0.02,11.830126142411212,>=10%,True,False,2,0.028830973316410154,0.57081602482467331,0.044812664385120875,0.071005759081571265,1.022595125440142,1.0696920171126956,1.033085900509489,0.96577882603815857,,1.0796957976069375,False,False,False,,-1,,,False,1,0.0025973547478558025,0.021189973491594228,0.016367080960922334,0.028830973316410154
10000,0,multi,gaussian_matched,0.050000000000000003,455,20,0.050000000000000003,11.830126142411212,>=10%,True,True,4,0.028830973316410154,0.57081602482467331,0.044812664385120875,0.071005759081571265,1.022595125440142,1.0696920171126956,1.033085900509489,0.96577882603815857,0.91269507570574548,1.0796957976069375,True,True,False,4>3>2>1,23,0,0,True,1,0.0025973547478558025,0.021189973491594228,0.016367080960922334,0.028830973316410154
10000,0,multi,gaussian_matched,0.050000000000000003,455,21,0.02,11.830126142411212,>=10%,True,True,4,0.0086872265874168852,0.47341198367784892,0.11074629915440323,0.06631014607813214,1.022595125440142,0.95752915189089216,0.9690384724830936,1.012019812210911,0.99342243777065986,1.0124716936388627,True,True,False,4>3>2>1,23,0,0,True,1,0.0063471128104332477,0.0069217925953907284,0.0086872265874168852,0.0023967099753200135
10000,0,multi,gaussian_matched,0.050000000000000003,455,21,0.050000000000000003,11.830126142411212,>=10%,True,True,4,0.0086872265874168852,0.47341198367784892,0.11074629915440323,0.06631014607813214,1.022595125440142,0.95752915189089216,0.9690384724830936,1.012019812210911,0.96122634045438293,1.0124716936388627,True,True,False,4>3>2>1,23,0,0,True,1,0.0063471128104332477,0.0069217925953907284,0.0086872265874168852,0.0023967099753200135
10000,0,multi,gaussian_matched,0.050000000000000003,455,22,0.02,11.830126142411212,>=10%,True,True,4,0.016508915726959915,0.51150716303402577,0.11914657506930217,0.070097529520706275,1.022595125440142,0.97467735593329685,0.97115832369907917,0.99638954140793801,0.97408008650289579,1.018248402828648,True,True,False,4>3>2>1,23,0,0,True,1,0.0059685502219602917,0.00099749919016896781,0.0023130387440613905,0.016508915726959915
10000,0,multi,gaussian_matched,0.050000000000000003,455,22,0.050000000000000003,11.830126142411212,>=10%,True,True,4,0.016508915726959915,0.51150716303402577,0.11914657506930217,0.070097529520706275,1.022595125440142,0.97467735593329685,0.97115832369907917,0.99638954140793801,0.94246805100331354,1.018248402828648,True,True,False,4>3>2>1,23,0,0,True,1,0.0059685502219602917,0.00099749919016896781,0.0023130387440613905,0.016508915726959915
10000,0,multi,gaussian_matched,0.050000000000000003,455,23,0.02,11.830126142411212,>=10%,True,True,4,0.0071945136735311437,0.50459001439198425,0.062148228636789031,0.012986442589497849,1.022595125440142,1.0151979531201576,1.0097986104492174,0.99468148782772303,0.97351584594491747,1.0001857309836986,True,True,False,4>3>2>1,23,0,0,True,1,0.0019691901458206993,0.002438049392260899,0.0010484466353877743,0.0071945136735311437
10000,0,multi,gaussian_matched,0.050000000000000003,455,23,0.050000000000000003,11.830126142411212,>=10%,True,True,4,0.0071945136735311437,0.50459001439198425,0.062148228636789031,0.012986442589497849,1.022595125440142,1.0151979531201576,1.0097986104492174,0.99468148782772303,0.94380885501929213,1.0001857309836986,True,True,False,4>3>2>1,23,0,0,True,1,0.0019691901458206993,0.002438049392260899,0.0010484466353877743,0.0071945136735311437
10000,0,multi,gaussian_matched,0.050000000000000003,455,24,0.02,11.830126142411212,>=10%,True,True,4,0.0069027442449803769,0.4945486168363008,0.094114263400313175,0.044449812302749643,1.022595125440142,0.98344685146790756,0.98487914489279038,1.0014564014544811,0.98083194495257586,1.00658504190747,True,True,False,4>3>2>1,23,0,0,True,1,0.0047211809117124366,0.0021814703803702826,0.0034704481935137013,0.0069027442449803769
10000,0,multi,gaussian_matched,0.050000000000000003,455,24,0.050000000000000003,11.830126142411212,>=10%,True,True,4,0.0069027442449803769,0.4945486168363008,0.094114263400313175,0.044449812302749643,1.022595125440142,0.98344685146790756,0.98487914489279038,1.0014564014544811,0.94977760687428914,1.00658504190747,True,True,False,4>3>2>1,23,0,0,True,1,0.0047211809117124366,0.0021814703803702826,0.0034704481935137013,0.0069027442449803769
10000,0,multi,gaussian_matched,0.050000000000000003,455,25,0.02,11.830126142411212,>=10%,True,True,4,0.017728251890019447,0.50079411584789335,-0.10264132778742287,0.15264339346557829,1.022595125440142,1.1562383243245833,1.1364691974561711,0.98290220411093854,0.97060420665379155,1.2606285311275016,True,True,False,4>3>2>1,23,0,0,True,1,0.010630449954115837,0.017728251890019447,0.0099063198615782239,0.017036743247390299
10000,0,multi,gaussian_matched,0.050000000000000003,455,25,0.050000000000000003,11.830126142411212,>=10%,True,True,4,0.017728251890019447,0.50079411584789335,-0.10264132778742287,0.15264339346557829,1.022595125440142,1.1562383243245833,1.1364691974561711,0.98290220411093854,0.94339312900100303,1.2606285311275016,True,True,False,4>3>2>1,23,0,0,True,1,0.010630449954115837,0.017728251890019447,0.0099063198615782239,0.017036743247390299
10000,0,multi,gaussian_matched,0.050000000000000003,455,26,0.02,11.830126142411212,>=10%,True,True,4,0.019000585899418568,0.53874403257178227,0.046641139415586813,0.038889355926125212,1.022595125440142,1.0479931424247517,1.0269942379535308,0.97996274629943136,0.95678069183216297,1.0423319722171391,True,True,False,4>3>2>1,23,0,0,True,1,0.0014182466387850964,0.011030083669738079,0.0092263421830694314,0.019000585899418568
10000,0,multi,gaussian_matched,0.050000000000000003,455,26,0.050000000000000003,11.830126142411212,>=10%,True,True,4,0.019000585899418568,0.53874403257178227,0.046641139415586813,0.038889355926125212,1.022595125440142,1.0479931424247517,1.0269942379535308,0.97996274629943136,0.92814823626996579,1.0423319722171391,True,True,False,4>3>2>1,23,0,0,True,1,0.0014182466387850964,0.011030083669738079,0.0092263421830694314,0.019000585899418568
10000,0,multi,gaussian_matched,0.050000000000000003,455,27,0.02,11.830126142411212,>=10%,True,True,4,0.0082878159624336211,0.49641832866259433,0.014432831696059641,0.0357470534552152,1.022595125440142,1.0507140896364391,1.0441797653414451,0.99378106341254546,0.97466132788941628,1.0560648999102569,True,True,False,4>3>2>1,23,0,0,True,1,0.001133130786001338,0.0053360869009064669,0.0027929461697577657,0.0082878159624336211
10000,0,multi,gaussian_matched,0.050000000000000003,455,27,0.050000000000000003,11.830126142411212,>=10%,True,True,4,0.0082878159624336211,0.49641832866259433,0.014432831696059641,0.0357470534552152,1.022595125440142,1.0507140896364391,1.0441797653414451,0.99378106341254546,0.94610477378041535,1.0560648999102569,True,True,False,4>3>2>1,23,0,0,True,1,0.001133130786001338,0.0053360869009064669,0.0027929461697577657,0.0082878159624336211
10000,0,multi,gaussian_matched,0.050000000000000003,455,28,0.02,11.830126142411212,>=10%,True,False,3,0.021406992764811741,0.52737370165541098,0.12000076287151834,0.075162665898130504,1.022595125440142,0.98469396339901527,0.97479207237871757,0.98994419445193116,,1.0267550784822392,False,False,False,,-1,,,False,1,0.0053989236771417991,0.0019815564990571977,0.00045352140018684072,0.021406992764811741
10000,0,multi,gaussian_matched,0.050000000000000003,455,28,0.050000000000000003,11.830126142411212,>=10%,True,True,4,0.021406992764811741,0.52737370165541098,0.12000076287151834,0.075162665898130504,1.022595125440142,0.98469396339901527,0.97479207237871757,0.98994419445193116,0.93481739196149616,1.0267550784822392,True,True,False,4>3>2>1,23,0,0,True,1,0.0053989236771417991,0.0019815564990571977,0.00045352140018684072,0.021406992764811741
10000,0,multi,gaussian_matched,0.050000000000000003,455,29,0.02,11.830126142411212,>=10%,True,False,3,0.02262430498051465,0.54862819569478138,0.03805962184595249,0.050072687634993292,1.022595125440142,1.060835996669464,1.0345044882403771,0.97517853041209412,,1.0606125033194838,False,False,False,,-1,,,False,1,0.0026712041633592072,0.014450498490506645,0.012148765489944847,0.02262430498051465
10000,0,multi,gaussian_matched,0.050000000000000003,455,29,0.050000000000000003,11.830126142411212,>=10%,True,True,4,0.02262430498051465,0.54862819569478138,0.03805962184595249,0.050072687634993292,1.022595125440142,1.060835996669464,1.0345044882403771,0.97517853041209412,0.92351330295233647,1.0606125033194838,True,True,False,4>3>2>1,23,0,0,True,1,0.0026712041633592072,0.014450498490506645,0.012148765489944847,0.02262430498051465
10000,0,multi,gaussian_matched,0.050000000000000003,455,30,0.02,11.830126142411212,>=10%,True,True,4,0.017258835275381516,0.42375575016350514,0.012514183961870755,0.084961003037713215,1.022595125440142,1.0197851419460044,1.0417461121639504,1.0215348991808597,1.0078460566419012,1.1018115451280976,True,True,False,4>3>2>1,23,0,0,True,1,0.0061123163224228814,0.00015383306361548926,0.012820906545348646,0.017258835275381516
10000,0,multi,gaussian_matched,0.050000000000000003,455,30,0.050000000000000003,11.830126142411212,>=10%,True,True,4,0.017258835275381516,0.42375575016350514,0.012514183961870755,0.084961003037713215,1.022595125440142,1.0197851419460044,1.0417461121639504,1.0215348991808597,0.97837970766724203,1.1018115451280976,True,True,False,4>3>2>1,23,0,0,True,1,0.0061123163224228814,0.00015383306361548926,0.012820906545348646,0.017258835275381516
10000,0,multi,gaussian_matched,0.050000000000000003,455,31,0.02,11.830126142411212,>=10%,True,True,4,0.0062082442002388575,0.47892715960422649,-0.021592875055869112,0.074629781998281561,1.022595125440142,1.0738001912953543,1.0714397200014405,0.99780175929092885,0.98114361993899812,1.1207461032111166,True,True,False,4>3>2>1,23,0,0,True,1,0.0032347836144195436,0.0062082442002388575,0.00072982934059850153,0.0052659710245998113
10000,0,multi,gaussian_matched,0.050000000000000003,455,31,0.050000000000000003,11.830126142411212,>=10%,True,True,4,0.0062082442002388575,0.47892715960422649,-0.021592875055869112,0.074629781998281561,1.022595125440142,1.0738001912953543,1.0714397200014405,0.99780175929092885,0.95316960184746757,1.1207461032111166,True,True,False,4>3>2>1,23,0,0,True,1,0.0032347836144195436,0.0062082442002388575,0.00072982934059850153,0.0052659710245998113
