budget,seed,mode,init_name,init_sigma,layout_index,draw_id,tolerance,gap_percent,gap_bin,numeric_valid,success,visited_count,worst_distance,initial_x,initial_y,initial_offset,optimal_nominal,optimal_sampled_start,path_length,path_length_ratio_sampled_start,completion_length_ratio_sampled_start,path_plus_connector_ratio_nominal,success_with_connector,order_evaluable,order_ambiguous,actual_order,order_class,order_excess_nominal_percent,order_excess_sampled_start_percent,success_nearopt_order,available_nearopt_center_orders,target_1_distance,target_2_distance,target_3_distance,target_4_distance
10000,0,multi,gaussian_matched,0.050000000000000003,992,0,0.02,7.7978065925425577,5-<10%,True,False,3,0.12437365901512031,0.52956381943596698,0.037364738622439095,0.032150727048104857,1.2359725126087957,1.2258259123423108,1.1637620227164214,0.94936973594619356,,0.96758846783759433,False,False,False,,-1,,,False,1,0.00057913258184646716,0.0024224305913283705,0.12437365901512031,0.016582854014398834
10000,0,multi,gaussian_matched,0.050000000000000003,992,0,0.050000000000000003,7.7978065925425577,5-<10%,True,False,3,0.12437365901512031,0.52956381943596698,0.037364738622439095,0.032150727048104857,1.2359725126087957,1.2258259123423108,1.1637620227164214,0.94936973594619356,,0.96758846783759433,False,False,False,,-1,,,False,1,0.00057913258184646716,0.0024224305913283705,0.12437365901512031,0.016582854014398834
10000,0,multi,gaussian_matched,0.050000000000000003,992,1,0.02,7.7978065925425577,5-<10%,True,False,3,0.12603736465798787,0.51266443227618241,0.052944792219696439,0.013002293878204551,1.2359725126087957,1.2251658253451847,1.1544958767673479,0.94231805432711457,,0.94459881488892272,False,False,False,,-1,,,False,1,0.00073564636539804316,0.0019544626375488355,0.12603736465798787,0.016509700743652437
10000,0,multi,gaussian_matched,0.050000000000000003,992,1,0.050000000000000003,7.7978065925425577,5-<10%,True,False,3,0.12603736465798787,0.51266443227618241,0.052944792219696439,0.013002293878204551,1.2359725126087957,1.2251658253451847,1.1544958767673479,0.94231805432711457,,0.94459881488892272,False,False,False,,-1,,,False,1,0.00073564636539804316,0.0019544626375488355,0.12603736465798787,0.016509700743652437
10000,0,multi,gaussian_matched,0.050000000000000003,992,2,0.02,7.7978065925425577,5-<10%,True,False,2,0.39760137096395098,0.44370039222210073,0.027340355516122572,0.060688593030989058,1.2359725126087957,1.2918756152514197,1.1773291618560915,0.91133321811865331,,1.0016547635626361,False,False,False,,-1,,,False,1,0.036694216808060696,0.39760137096395098,0.0028270846758671857,0.010071063165328036
10000,0,multi,gaussian_matched,0.050000000000000003,992,2,0.050000000000000003,7.7978065925425577,5-<10%,True,False,3,0.39760137096395098,0.44370039222210073,0.027340355516122572,0.060688593030989058,1.2359725126087957,1.2918756152514197,1.1773291618560915,0.91133321811865331,,1.0016547635626361,False,False,False,,-1,,,False,1,0.036694216808060696,0.39760137096395098,0.0028270846758671857,0.010071063165328036
10000,0,multi,gaussian_matched,0.050000000000000003,992,3,0.02,7.7978065925425577,5-<10%,True,False,2,0.16311858032987267,0.57814110564364207,0.0031951274168402211,0.091086379271198684,1.2359725126087957,1.2256388358589703,1.1623082396721411,0.94832850075083919,,1.0140958687647275,False,False,False,,-1,,,False,1,0.0022707037981110545,0.0044107037879889521,0.11794589627277556,0.16311858032987267
10000,0,multi,gaussian_matched,0.050000000000000003,992,3,0.050000000000000003,7.7978065925425577,5-<10%,True,False,2,0.16311858032987267,0.57814110564364207,0.0031951274168402211,0.091086379271198684,1.2359725126087957,1.2256388358589703,1.1623082396721411,0.94832850075083919,,1.0140958687647275,False,False,False,,-1,,,False,1,0.0022707037981110545,0.0044107037879889521,0.11794589627277556,0.16311858032987267
10000,0,multi,gaussian_matched,0.050000000000000003,992,4,0.02,7.7978065925425577,5-<10%,True,False,3,0.12770423072054479,0.49345535079363001,0.070022115743391233,0.021064604246844854,1.2359725126087957,1.2264092016267039,1.1416183307994885,0.93086249620864792,,0.94070290656564159,False,False,False,,-1,,,False,1,0.0019278066572801129,0.015741864318357605,0.12770423072054479,0.016896973183219251
10000,0,multi,gaussian_matched,0.050000000000000003,992,4,0.050000000000000003,7.7978065925425577,5-<10%,True,False,3,0.12770423072054479,0.49345535079363001,0.070022115743391233,0.021064604246844854,1.2359725126087957,1.2264092016267039,1.1416183307994885,0.93086249620864792,,0.94070290656564159,False,False,False,,-1,,,False,1,0.0019278066572801129,0.015741864318357605,0.12770423072054479,0.016896973183219251
10000,0,multi,gaussian_matched,0.050000000000000003,992,5,0.02,7.7978065925425577,5-<10%,True,False,3,0.033459442807741741,0.52198836690905592,0.0054618077500451639,0.049670301471011855,1.2359725126087957,1.2555136726388518,1.2328703893859743,0.98196492499736332,,1.037677357524641,False,False,False,,-1,,,False,1,0.033459442807741741,0.012308494148224519,0.018132168447951579,0.0172731985931905
10000,0,multi,gaussian_matched,0.050000000000000003,992,5,0.050000000000000003,7.7978065925425577,5-<10%,True,True,4,0.033459442807741741,0.52198836690905592,0.0054618077500451639,0.049670301471011855,1.2359725126087957,1.2555136726388518,1.2328703893859743,0.98196492499736332,0.9536313155942594,1.037677357524641,True,True,False,2>1>3>4,6,0,0,True,1,0.033459442807741741,0.012308494148224519,0.018132168447951579,0.0172731985931905
10000,0,multi,gaussian_matched,0.050000000000000003,992,6,0.02,7.7978065925425577,5-<10%,True,False,1,0.040988279802392141,0.52924564990726808,-0.0073172569508591287,0.064347307502873027,1.2359725126087957,1.2614235869124704,1.2371344475156711,0.98074466051784348,,1.0530021839008998,False,False,False,,-1,,,False,1,0.040988279802392141,0.015489692275338019,0.024198587117138293,0.024240997429137295
10000,0,multi,gaussian_matched,0.050000000000000003,992,6,0.050000000000000003,7.7978065925425577,5-<10%,True,True,4,0.040988279802392141,0.52924564990726808,-0.0073172569508591287,0.064347307502873027,1.2359725126087957,1.2614235869124704,1.2371344475156711,0.98074466051784348,0.95641689057095647,1.0530021839008998,True,True,False,2>1>3>4,6,0,0,True,1,0.040988279802392141,0.015489692275338019,0.024198587117138293,0.024240997429137295
10000,0,multi,gaussian_matched,0.050000000000000003,992,7,0.02,7.7978065925425577,5-<10%,True,False,2,0.13911567103123532,0.55248304189100583,0.068222630526789271,0.05555658331331171,1.2359725126087957,1.1874393123049083,1.0572820797962157,0.89038830771397681,,0.90037492885714199,False,False,False,,-1,,,False,1,0.0063408820206692362,0.010086295170416999,0.10771755182276674,0.13911567103123532
10000,0,multi,gaussian_matched,0.050000000000000003,992,7,0.050000000000000003,7.7978065925425577,5-<10%,True,False,2,0.13911567103123532,0.55248304189100583,0.068222630526789271,0.05555658331331171,1.2359725126087957,1.1874393123049083,1.0572820797962157,0.89038830771397681,,0.90037492885714199,False,False,False,,-1,,,False,1,0.0063408820206692362,0.010086295170416999,0.10771755182276674,0.13911567103123532
10000,0,multi,gaussian_matched,0.050000000000000003,992,8,0.02,7.7978065925425577,5-<10%,True,False,2,0.15977730120379546,0.54535800251573519,0.12597675202827729,0.088486243230141592,1.2359725126087957,1.1502481503993744,1.0021837584258066,0.87127613122250291,,0.8824387197364495,False,False,False,,-1,,,False,1,0.012919926183202956,0.012886611375837759,0.1299570369926685,0.15977730120379546
10000,0,multi,gaussian_matched,0.050000000000000003,992,8,0.050000000000000003,7.7978065925425577,5-<10%,True,False,2,0.15977730120379546,0.54535800251573519,0.12597675202827729,0.088486243230141592,1.2359725126087957,1.1502481503993744,1.0021837584258066,0.87127613122250291,,0.8824387197364495,False,False,False,,-1,,,False,1,0.012919926183202956,0.012886611375837759,0.1299570369926685,0.15977730120379546
10000,0,multi,gaussian_matched,0.050000000000000003,992,9,0.02,7.7978065925425577,5-<10%,True,False,3,0.39981141374353335,0.44007878391440253,0.051248033889805839,0.059934211647163338,1.2359725126087957,1.2785145300077747,1.1861814726694966,0.92778098709780277,,1.0082066321090384,False,False,False,,-1,,,False,1,0.0081281478345374622,0.39981141374353335,0.005672097081865367,0.0050807345221573052
10000,0,multi,gaussian_matched,0.050000000000000003,992,9,0.050000000000000003,7.7978065925425577,5-<10%,True,False,3,0.39981141374353335,0.44007878391440253,0.051248033889805839,0.059934211647163338,1.2359725126087957,1.2785145300077747,1.1861814726694966,0.92778098709780277,,1.0082066321090384,False,False,False,,-1,,,False,1,0.0081281478345374622,0.39981141374353335,0.005672097081865367,0.0050807345221573052
10000,0,multi,gaussian_matched,0.050000000000000003,992,10,0.02,7.7978065925425577,5-<10%,True,False,0,0.15515477290656618,0.53277583159032427,-0.043745050351788828,0.09930956450361024,1.2359725126087957,1.2895049206509732,1.1495253344474334,0.89144703214247933,,1.0104066928762834,False,False,False,,-1,,,False,1,0.15371056025519111,0.033011232900248016,0.049327053023524324,0.15515477290656618
10000,0,multi,gaussian_matched,0.050000000000000003,992,10,0.050000000000000003,7.7978065925425577,5-<10%,True,False,2,0.15515477290656618,0.53277583159032427,-0.043745050351788828,0.09930956450361024,1.2359725126087957,1.2895049206509732,1.1495253344474334,0.89144703214247933,,1.0104066928762834,False,False,False,,-1,,,False,1,0.15371056025519111,0.033011232900248016,0.049327053023524324,0.15515477290656618
10000,0,multi,gaussian_matched,0.050000000000000003,992,11,0.02,7.7978065925425577,5-<10%,True,False,3,0.12724985002277381,0.52341786002963564,0.077404080742492873,0.036046911236729776,1.2359725126087957,1.1999834009202921,1.1396900408364055,0.9497548382438904,,0.95126464389687782,False,False,False,,-1,,,False,1,0.0036760799389642094,0.0044014756300886984,0.12724985002277381,0.017536840837387782
10000,0,multi,gaussian_matched,0.050000000000000003,992,11,0.050000000000000003,7.7978065925425577,5-<10%,True,False,3,0.12724985002277381,0.52341786002963564,0.077404080742492873,0.036046911236729776,1.2359725126087957,1.1999834009202921,1.1396900408364055,0.9497548382438904,,0.95126464389687782,False,False,False,,-1,,,False,1,0.0036760799389642094,0.0044014756300886984,0.12724985002277381,0.017536840837387782
10000,0,multi,gaussian_matched,0.050000000000000003,992,12,0.02,7.7978065925425577,5-<10%,True,False,3,0.36250604443110351,0.45270966863333906,0.1162719431535182,0.081414654025622091,1.2359725126087957,1.2283920661873544,1.161204744963735,0.94530466039873307,,1.0053778593882574,False,False,False,,-1,,,False,1,0.0030218734412344266,0.36250604443110351,0.0081639422785629561,0.004115230057086851
10000,0,multi,gaussian_matched,0.050000000000000003,992,12,0.050000000000000003,7.7978065925425577,5-<10%,True,False,3,0.36250604443110351,0.45270966863333906,0.1162719431535182,0.081414654025622091,1.2359725126087957,1.2283920661873544,1.161204744963735,0.94530466039873307,,1.0053778593882574,False,False,False,,-1,,,False,1,0.0030218734412344266,0.36250604443110351,0.0081639422785629561,0.004115230057086851
10000,0,multi,gaussian_matched,0.050000000000000003,992,13,0.02,7.7978065925425577,5-<10%,True,False,0,0.1608870592738732,0.4973437295710203,-0.032913834040121256,0.082956371954326952,1.2359725126087957,1.3009728102013285,1.1786845205164407,0.90600242470404635,,1.0207677594769426,False,False,False,,-1,,,False,1,0.1608870592738732,0.038498379140074326,0.02302746764734875,0.029431001188173163
10000,0,multi,gaussian_matched,0.050000000000000003,992,13,0.050000000000000003,7.7978065925425577,5-<10%,True,False,3,0.1608870592738732,0.4973437295710203,-0.032913834040121256,0.082956371954326952,1.2359725126087957,1.3009728102013285,1.1786845205164407,0.90600242470404635,,1.0207677594769426,False,False,False,,-1,,,False,1,0.1608870592738732,0.038498379140074326,0.02302746764734875,0.029431001188173163
10000,0,multi,gaussian_matched,0.050000000000000003,992,14,0.02,7.7978065925425577,5-<10%,True,False,3,0.12573498357892776,0.52569248997078111,0.051774159754120516,0.025753673208531416,1.2359725126087957,1.2173377639124918,1.1556757926293248,0.94934686731069029,,0.95587033998368287,False,False,False,,-1,,,False,1,0.0016851808830955978,0.0042669019100002523,0.12573498357892776,0.016889022506231872
10000,0,multi,gaussian_matched,0.050000000000000003,992,14,0.050000000000000003,7.7978065925425577,5-<10%,True,False,3,0.12573498357892776,0.52569248997078111,0.051774159754120516,0.025753673208531416,1.2359725126087957,1.2173377639124918,1.1556757926293248,0.94934686731069029,,0.95587033998368287,False,False,False,,-1,,,False,1,0.0016851808830955978,0.0042669019100002523,0.12573498357892776,0.016889022506231872
10000,0,multi,gaussian_matched,0.050000000000000003,992,15,0.02,7.7978065925425577,5-<10%,True,False,2,0.12967416679065152,0.52855601080819226,0.011528994492069525,0.047911001013011718,1.2359725126087957,1.2467030498896383,1.0986904885048321,0.88127681134821256,,0.92769173895112411,False,False,False,,-1,,,False,1,0.011117177115572089,0.0075560925709001895,0.0863850972344926,0.12967416679065152
10000,0,multi,gaussian_matched,0.050000000000000003,992,15,0.050000000000000003,7.7978065925425577,5-<10%,True,False,2,0.12967416679065152,0.52855601080819226,0.011528994492069525,0.047911001013011718,1.2359725126087957,1.2467030498896383,1.0986904885048321,0.88127681134821256,,0.92769173895112411,False,False,False,,-1,,,False,1,0.011117177115572089,0.0075560925709001895,0.0863850972344926,0.12967416679065152
10000,0,multi,gaussian_matched,0.050000000000000003,992,16,0.02,7.7978065925425577,5-<10%,True,False,3,0.12791596349503936,0.49854712011714947,0.074738144136794041,0.024780771482881419,1.2359725126087957,1.2194700318663889,1.1395089387693424,0.93442963663923195,,0.94200291541656589,False,False,False,,-1,,,False,1,0.00011281002706079078,0.014531152525942038,0.12791596349503936,0.017059980682862703
10000,0,multi,gaussian_matched,0.050000000000000003,992,16,0.050000000000000003,7.7978065925425577,5-<10%,True,False,3,0.12791596349503936,0.49854712011714947,0.074738144136794041,0.024780771482881419,1.2359725126087957,1.2194700318663889,1.1395089387693424,0.93442963663923195,,0.94200291541656589,False,False,False,,-1,,,False,1,0.00011281002706079078,0.014531152525942038,0.12791596349503936,0.017059980682862703
10000,0,multi,gaussian_matched,0.050000000000000003,992,17,0.02,7.7978065925425577,5-<10%,True,False,3,0.41662152278143816,0.42895428456218093,0.051492254201914243,0.071061385468302637,1.2359725126087957,1.2868189288676091,1.1694718727895523,0.90880841628486053,,1.0036900057262865,False,False,False,,-1,,,False,1,0.0012007912315570789,0.41662152278143816,0.01505958185301789,0.0022385358062598638
10000,0,multi,gaussian_matched,0.050000000000000003,992,17,0.050000000000000003,7.7978065925425577,5-<10%,True,False,3,0.41662152278143816,0.42895428456218093,0.051492254201914243,0.071061385468302637,1.2359725126087957,1.2868189288676091,1.1694718727895523,0.90880841628486053,,1.0036900057262865,False,False,False,,-1,,,False,1,0.0012007912315570789,0.41662152278143816,0.01505958185301789,0.0022385358062598638
10000,0,multi,gaussian_matched,0.050000000000000003,992,18,0.02,7.7978065925425577,5-<10%,True,False,2,0.14381509549686308,0.55462027698276051,0.073716814808548942,0.059547140673054014,1.2359725126087957,1.1818523521473399,1.0448314994884862,0.88406263065780022,,0.89353009787450921,False,False,False,,-1,,,False,1,0.0071727523146795716,0.0090969651908228734,0.11520761115086177,0.14381509549686308
10000,0,multi,gaussian_matched,0.050000000000000003,992,18,0.050000000000000003,7.7978065925425577,5-<10%,True,False,2,0.14381509549686308,0.55462027698276051,0.073716814808548942,0.059547140673054014,1.2359725126087957,1.1818523521473399,1.0448314994884862,0.88406263065780022,,0.89353009787450921,False,False,False,,-1,,,False,1,0.0071727523146795716,0.0090969651908228734,0.11520761115086177,0.14381509549686308
10000,0,multi,gaussian_matched,0.050000000000000003,992,19,0.02,7.7978065925425577,5-<10%,True,False,2,0.14088576479850487,0.53261791313258267,0.0061420466315633138,0.05465755511173799,1.2359725126087957,1.248567904053322,1.0774357169634246,0.86293722068752698,,0.91595343790099926,False,False,False,,-1,,,False,1,0.011390667058294893,0.008391479988146858,0.1007101012485299,0.14088576479850487
10000,0,multi,gaussian_matched,0.050000000000000003,992,19,0.050000000000000003,7.7978065925425577,5-<10%,True,False,2,0.14088576479850487,0.53261791313258267,0.0061420466315633138,0.05465755511173799,1.2359725126087957,1.248567904053322,1.0774357169634246,0.86293722068752698,,0.91595343790099926,False,False,False,,-1,,,False,1,0.011390667058294893,0.008391479988146858,0.1007101012485299,0.14088576479850487
10000,0,multi,gaussian_matched,0.050000000000000003,992,20,0.02,7.7978065925425577,5-<10%,True,False,0,0.22205486236282165,0.48524960808929524,-0.080348419210789238,0.13118035086197563,1.2359725126087957,1.3464354445207938,1.2089649362194617,0.8979004089198952,,1.0842840543862595,False,False,False,,-1,,,False,1,0.22205486236282165,0.065073083543116625,0.023596516244717633,0.025537960530284336
10000,0,multi,gaussian_matched,0.050000000000000003,992,20,0.050000000000000003,7.7978065925425577,5-<10%,True,False,2,0.22205486236282165,0.48524960808929524,-0.080348419210789238,0.13118035086197563,1.2359725126087957,1.3464354445207938,1.2089649362194617,0.8979004089198952,,1.0842840543862595,False,False,False,,-1,,,False,1,0.22205486236282165,0.065073083543116625,0.023596516244717633,0.025537960530284336
10000,0,multi,gaussian_matched,0.050000000000000003,992,21,0.02,7.7978065925425577,5-<10%,True,False,2,0.035798931415325357,0.52191943539603747,0.0015205213659779254,0.053204525152543779,1.2359725126087957,1.258686032521279,1.2356046883090079,0.98166234977118427,,1.04274909054509,False,False,False,,-1,,,False,1,0.035798931415325357,0.014019861324278559,0.020808089179320307,0.01892467956062488
10000,0,multi,gaussian_matched,0.050000000000000003,992,21,0.050000000000000003,7.7978065925425577,5-<10%,True,True,4,0.035798931415325357,0.52191943539603747,0.0015205213659779254,0.053204525152543779,1.2359725126087957,1.258686032521279,1.2356046883090079,0.98166234977118427,0.95389077612972528,1.04274909054509,True,True,False,2>1>3>4,6,0,0,True,1,0.035798931415325357,0.014019861324278559,0.020808089179320307,0.01892467956062488
10000,0,multi,gaussian_matched,0.050000000000000003,992,22,0.02,7.7978065925425577,5-<10%,True,False,2,0.12947426430510192,0.48823071907051102,0.10708842076526867,0.058288967730348355,1.2359725126087957,1.20569779029766,1.1163632537148624,0.92590636119458858,,0.95038701060256214,False,False,False,,-1,,,False,1,0.004578871592674315,0.030979648559447664,0.12947426430510192,0.017709910658006089
10000,0,multi,gaussian_matched,0.050000000000000003,992,22,0.050000000000000003,7.7978065925425577,5-<10%,True,False,3,0.12947426430510192,0.48823071907051102,0.10708842076526867,0.058288967730348355,1.2359725126087957,1.20569779029766,1.1163632537148624,0.92590636119458858,,0.95038701060256214,False,False,False,,-1,,,False,1,0.004578871592674315,0.030979648559447664,0.12947426430510192,0.017709910658006089
10000,0,multi,gaussian_matched,0.050000000000000003,992,23,0.02,7.7978065925425577,5-<10%,True,False,3,0.12681751208726344,0.53031680063193187,0.073356885508506678,0.038270778685751794,1.2359725126087957,1.1981933601085315,1.1415823186058702,0.95275300015221798,,0.95459493253719596,False,False,False,,-1,,,False,1,0.0043285733560402759,0.00023707643623953581,0.12681751208726344,0.018019942701528076
10000,0,multi,gaussian_matched,0.050000000000000003,992,23,0.050000000000000003,7.7978065925425577,5-<10%,True,False,3,0.12681751208726344,0.53031680063193187,0.073356885508506678,0.038270778685751794,1.2359725126087957,1.1981933601085315,1.1415823186058702,0.95275300015221798,,0.95459493253719596,False,False,False,,-1,,,False,1,0.0043285733560402759,0.00023707643623953581,0.12681751208726344,0.018019942701528076
10000,0,multi,gaussian_matched,0.050000000000000003,992,24,0.02,7.7978065925425577,5-<10%,True,False,1,0.2785517090012406,0.44315899803448022,-0.14267166678999321,0.20088123528114415,1.2359725126087957,1.4216297402701632,1.198642396058188,0.84314668025332729,,1.1323258543875909,False,False,False,,-1,,,False,1,0.2785517090012406,0.110462404330794,0.090639968611390134,0.011338468583069607
10000,0,multi,gaussian_matched,0.050000000000000003,992,24,0.050000000000000003,7.7978065925425577,5-<10%,True,False,1,0.2785517090012406,0.44315899803448022,-0.14267166678999321,0.20088123528114415,1.2359725126087957,1.4216297402701632,1.198642396058188,0.84314668025332729,,1.1323258543875909,False,False,False,,-1,,,False,1,0.2785517090012406,0.110462404330794,0.090639968611390134,0.011338468583069607
10000,0,multi,gaussian_matched,0.050000000000000003,992,25,0.02,7.7978065925425577,5-<10%,True,False,2,0.10969822056595381,0.54195489065445612,0.022509843071258903,0.050158963085316886,1.2359725126087957,1.2298630501416792,1.1339582807960584,0.92201996040569512,,0.958044966050282,False,False,False,,-1,,,False,1,0.00030276721898069681,0.001151282532913793,0.070915907456478869,0.10969822056595381
10000,0,multi,gaussian_matched,0.050000000000000003,992,25,0.050000000000000003,7.7978065925425577,5-<10%,True,False,2,0.10969822056595381,0.54195489065445612,0.022509843071258903,0.050158963085316886,1.2359725126087957,1.2298630501416792,1.1339582807960584,0.92201996040569512,,0.958044966050282,False,False,False,,-1,,,False,1,0.00030276721898069681,0.001151282532913793,0.070915907456478869,0.10969822056595381
10000,0,multi,gaussian_matched,0.050000000000000003,992,26,0.02,7.7978065925425577,5-<10%,True,False,2,0.24580419263959766,0.56260919406335264,0.1575540468106561,0.12444992634232997,1.2359725126087957,1.1162965758141477,0.98036062359189025,0.8782259525224152,,0.89387954720956631,False,False,False,,-1,,,False,1,0.018057923219635185,0.018580029555283317,0.16127929788120579,0.24580419263959766
10000,0,multi,gaussian_matched,0.050000000000000003,992,26,0.050000000000000003,7.7978065925425577,5-<10%,True,False,2,0.24580419263959766,0.56260919406335264,0.1575540468106561,0.12444992634232997,1.2359725126087957,1.1162965758141477,0.98036062359189025,0.8782259525224152,,0.89387954720956631,False,False,False,,-1,,,False,1,0.018057923219635185,0.018580029555283317,0.16127929788120579,0.24580419263959766
10000,0,multi,gaussian_matched,0.050000000000000003,992,27,0.02,7.7978065925425577,5-<10%,True,False,2,0.18159797867954081,0.54931529787983802,0.13865301838370164,0.10144632212908508,1.2359725126087957,1.1387691621475737,1.069703503285067,0.93935060663896297,,0.94755329383675302,False,False,False,,-1,,,False,1,0.015042554983528132,0.016215619621061748,0.13553662220257015,0.18159797867954081
10000,0,multi,gaussian_matched,0.050000000000000003,992,27,0.050000000000000003,7.7978065925425577,5-<10%,True,False,2,0.18159797867954081,0.54931529787983802,0.13865301838370164,0.10144632212908508,1.2359725126087957,1.1387691621475737,1.069703503285067,0.93935060663896297,,0.94755329383675302,False,False,False,,-1,,,False,1,0.015042554983528132,0.016215619621061748,0.13553662220257015,0.18159797867954081
10000,0,multi,gaussian_matched,0.050000000000000003,992,28,0.02,7.7978065925425577,5-<10%,True,False,0,0.10862895845383179,0.46857090991781691,0.0023844339336309903,0.057052868772873563,1.2359725126087957,1.2922315649368716,1.1978777813318369,0.92698384239697462,,1.0153386400607722,False,False,False,,-1,,,False,1,0.10862895845383179,0.037021654532104167,0.026850655757985877,0.029818085317893803
10000,0,multi,gaussian_matched,0.050000000000000003,992,28,0.050000000000000003,7.7978065925425577,5-<10%,True,False,3,0.10862895845383179,0.46857090991781691,0.0023844339336309903,0.057052868772873563,1.2359725126087957,1.2922315649368716,1.1978777813318369,0.92698384239697462,,1.0153386400607722,False,False,False,,-1,,,False,1,0.10862895845383179,0.037021654532104167,0.026850655757985877,0.029818085317893803
10000,0,multi,gaussian_matched,0.050000000000000003,992,29,0.02,7.7978065925425577,5-<10%,True,False,1,0.4276311325425759,0.39765744463020458,0.13610702940493435,0.13374759494122454,1.2359725126087957,1.2062189317126344,1.0728751553987261,0.88945308947805868,,0.97625370955305812,False,False,False,,-1,,,False,1,0.020924173554377812,0.4276311325425759,0.10515575701693565,0.019785431598632965
10000,0,multi,gaussian_matched,0.050000000000000003,992,29,0.050000000000000003,7.7978065925425577,5-<10%,True,False,2,0.4276311325425759,0.39765744463020458,0.13610702940493435,0.13374759494122454,1.2359725126087957,1.2062189317126344,1.0728751553987261,0.88945308947805868,,0.97625370955305812,False,False,False,,-1,,,False,1,0.020924173554377812,0.4276311325425759,0.10515575701693565,0.019785431598632965
10000,0,multi,gaussian_matched,0.050000000000000003,992,30,0.02,7.7978065925425577,5-<10%,True,False,1,0.46098067514439184,0.34659249554854688,0.057642758253387882,0.15359776748293688,1.2359725126087957,1.2529574133231338,1.1000038975455144,0.87792600598295578,,1.0142633855039749,False,False,False,,-1,,,False,1,0.037414295799163132,0.46098067514439184,0.11087708598819809,0.015587957731715674
10000,0,multi,gaussian_matched,0.050000000000000003,992,30,0.050000000000000003,7.7978065925425577,5-<10%,True,False,2,0.46098067514439184,0.34659249554854688,0.057642758253387882,0.15359776748293688,1.2359725126087957,1.2529574133231338,1.1000038975455144,0.87792600598295578,,1.0142633855039749,False,False,False,,-1,,,False,1,0.037414295799163132,0.46098067514439184,0.11087708598819809,0.015587957731715674
10000,0,multi,gaussian_matched,0.050000000000000003,992,31,0.02,7.7978065925425577,5-<10%,True,False,0,0.12121008478434185,0.50677252699131892,-0.020114458170131327,0.070440786241631623,1.2359725126087957,1.2850767887435404,1.1663638956958187,0.9076219459509568,,1.0006732911291838,False,False,False,,-1,,,False,1,0.098482974440768006,0.029202128405639436,0.039150877366142339,0.12121008478434185
10000,0,multi,gaussian_matched,0.050000000000000003,992,31,0.050000000000000003,7.7978065925425577,5-<10%,True,False,2,0.12121008478434185,0.50677252699131892,-0.020114458170131327,0.070440786241631623,1.2359725126087957,1.2850767887435404,1.1663638956958187,0.9076219459509568,,1.0006732911291838,False,False,False,,-1,,,False,1,0.098482974440768006,0.029202128405639436,0.039150877366142339,0.12121008478434185
10000,0,multi,gaussian_matched,0.050000000000000003,993,0,0.02,0.43365940408650583,<1%,True,False,1,0.13762479940271341,0.43667771117605941,0.074449231229075707,0.067878399875036549,1.0782056166960419,1.0838479773565906,0.93059828960093083,0.85860591987317059,,0.92605406057483841,False,False,False,,-1,,,False,2,0.03141141949286512,0.030514771516301473,0.13762479940271341,0.011769757552975388
10000,0,multi,gaussian_matched,0.050000000000000003,993,0,0.050000000000000003,0.43365940408650583,<1%,True,False,3,0.13762479940271341,0.43667771117605941,0.074449231229075707,0.067878399875036549,1.0782056166960419,1.0838479773565906,0.93059828960093083,0.85860591987317059,,0.92605406057483841,False,False,False,,-1,,,False,2,0.03141141949286512,0.030514771516301473,0.13762479940271341,0.011769757552975388
10000,0,multi,gaussian_matched,0.050000000000000003,993,1,0.02,0.43365940408650583,<1%,True,False,2,0.16706304134663819,0.48325102291349531,0.039701973294097873,0.019661576424074765,1.0782056166960419,1.0927768184907187,0.96995504186284698,0.8876057996933846,,0.91783663798693194,False,False,False,,-1,,,False,2,0.00045266884858376726,0.00093678357667052042,0.16706304134663819,0.030893513969721436
10000,0,multi,gaussian_matched,0.050000000000000003,993,1,0.050000000000000003,0.43365940408650583,<1%,True,False,3,0.16706304134663819,0.48325102291349531,0.039701973294097873,0.019661576424074765,1.0782056166960419,1.0927768184907187,0.96995504186284698,0.8876057996933846,,0.91783663798693194,False,False,False,,-1,,,False,2,0.00045266884858376726,0.00093678357667052042,0.16706304134663819,0.030893513969721436
10000,0,multi,gaussian_matched,0.050000000000000003,993,2,0.02,0.43365940408650583,<1%,True,False,1,0.19651143823413189,0.57725240744132078,0.02226407549161304,0.082080545586727033,1.0782056166960419,1.1050217269573797,1.0561907670479649,0.95580995493738541,,1.0557089436453782,False,False,False,,-1,,,False,2,0.047362047995316917,0.019831967600414831,0.19651143823413189,0.17245378003116468
10000,0,multi,gaussian_matched,0.050000000000000003,993,2,0.050000000000000003,0.43365940408650583,<1%,True,False,2,0.19651143823413189,0.57725240744132078,0.02226407549161304,0.082080545586727033,1.0782056166960419,1.1050217269573797,1.0561907670479649,0.95580995493738541,,1.0557089436453782,False,False,False,,-1,,,False,2,0.047362047995316917,0.019831967600414831,0.19651143823413189,0.17245378003116468
10000,0,multi,gaussian_matched,0.050000000000000003,993,3,0.02,0.43365940408650583,<1%,True,False,2,0.18329118220567925,0.48677894617506812,-0.051549567465074206,0.10240659605994823,1.0782056166960419,1.1802029890236556,1.0195235728527168,0.8638544236327822,,1.040553074051505,False,False,False,,-1,,,False,2,0.015954082780626107,0.18329118220567925,0.12377142270157601,0.0067702522050747489
10000,0,multi,gaussian_matched,0.050000000000000003,993,3,0.050000000000000003,0.43365940408650583,<1%,True,False,2,0.18329118220567925,0.48677894617506812,-0.051549567465074206,0.10240659605994823,1.0782056166960419,1.1802029890236556,1.0195235728527168,0.8638544236327822,,1.040553074051505,False,False,False,,-1,,,False,2,0.015954082780626107,0.18329118220567925,0.12377142270157601,0.0067702522050747489
10000,0,multi,gaussian_matched,0.050000000000000003,993,4,0.02,0.43365940408650583,<1%,True,False,1,0.18781541258833898,0.59912125108680425,0.050425031879991027,0.09912216235087036,1.0782056166960419,1.0840380764972717,1.0322546884808783,0.9522310247775474,,1.0493145586633468,False,False,False,,-1,,,False,2,0.065512735846563974,0.0080276074254615661,0.18781541258833898,0.17728616599463695
10000,0,multi,gaussian_matched,0.050000000000000003,993,4,0.050000000000000003,0.43365940408650583,<1%,True,False,1,0.18781541258833898,0.59912125108680425,0.050425031879991027,0.09912216235087036,1.0782056166960419,1.0840380764972717,1.0322546884808783,0.9522310247775474,,1.0493145586633468,False,False,False,,-1,,,False,2,0.065512735846563974,0.0080276074254615661,0.18781541258833898,0.17728616599463695
10000,0,multi,gaussian_matched,0.050000000000000003,993,5,0.02,0.43365940408650583,<1%,True,False,1,0.18874868881481546,0.56568943896041757,0.046463991653989289,0.065784540326413191,1.0782056166960419,1.0791166633382936,1.029733564335604,0.95423747896736133,,1.0160567592098306,False,False,False,,-1,,,False,2,0.044923563029819952,0.015325951620869509,0.18874868881481546,0.17039130067743824
10000,0,multi,gaussian_matched,0.050000000000000003,993,5,0.050000000000000003,0.43365940408650583,<1%,True,False,2,0.18874868881481546,0.56568943896041757,0.046463991653989289,0.065784540326413191,1.0782056166960419,1.0791166633382936,1.029733564335604,0.95423747896736133,,1.0160567592098306,False,False,False,,-1,,,False,2,0.044923563029819952,0.015325951620869509,0.18874868881481546,0.17039130067743824
10000,0,multi,gaussian_matched,0.050000000000000003,993,6,0.02,0.43365940408650583,<1%,True,False,0,0.19411703676373965,0.53961650336619738,0.011629621957718071,0.055152091982730439,1.0782056166960419,1.11178184375032,1.0428952056478225,0.93803942878746294,,1.018402501922882,False,False,False,,-1,,,False,2,0.023655281973165878,0.036709456164363455,0.19411703676373965,0.14764178232631217
10000,0,multi,gaussian_matched,0.050000000000000003,993,6,0.050000000000000003,0.43365940408650583,<1%,True,False,2,0.19411703676373965,0.53961650336619738,0.011629621957718071,0.055152091982730439,1.0782056166960419,1.11178184375032,1.0428952056478225,0.93803942878746294,,1.018402501922882,False,False,False,,-1,,,False,2,0.023655281973165878,0.036709456164363455,0.19411703676373965,0.14764178232631217
10000,0,multi,gaussian_matched,0.050000000000000003,993,7,0.02,0.43365940408650583,<1%,True,False,1,0.19222703739012975,0.51331394583845047,0.0087595338774464696,0.043336326560919743,1.0782056166960419,1.1163249660170105,0.97939956420923058,0.87734270398312186,,0.94855366632584592,False,False,False,,-1,,,False,2,0.0080072350847192244,0.038149183020026539,0.19222703739012975,0.06616379218564758
10000,0,multi,gaussian_matched,0.050000000000000003,993,7,0.050000000000000003,0.43365940408650583,<1%,True,False,2,0.19222703739012975,0.51331394583845047,0.0087595338774464696,0.043336326560919743,1.0782056166960419,1.1163249660170105,0.97939956420923058,0.87734270398312186,,0.94855366632584592,False,False,False,,-1,,,False,2,0.0080072350847192244,0.038149183020026539,0.19222703739012975,0.06616379218564758
10000,0,multi,gaussian_matched,0.050000000000000003,993,8,0.02,0.43365940408650583,<1%,True,False,0,0.19441838841670295,0.5420958958094968,0.011458390081799358,0.057074689128288315,1.0782056166960419,1.1119744917145242,1.0450856711226273,0.93984680306041657,,1.0222172312812454,False,False,False,,-1,,,False,2,0.02506402037342598,0.035418501307009548,0.19441838841670295,0.15080206002634006
10000,0,multi,gaussian_matched,0.050000000000000003,993,8,0.050000000000000003,0.43365940408650583,<1%,True,False,2,0.19441838841670295,0.5420958958094968,0.011458390081799358,0.057074689128288315,1.0782056166960419,1.1119744917145242,1.0450856711226273,0.93984680306041657,,1.0222172312812454,False,False,False,,-1,,,False,2,0.02506402037342598,0.035418501307009548,0.19441838841670295,0.15080206002634006
10000,0,multi,gaussian_matched,0.050000000000000003,993,9,0.02,0.43365940408650583,<1%,True,False,2,0.15085796878648741,0.48111419561678137,0.039567220233973507,0.021575831405709768,1.0782056166960419,1.0935910956646073,0.98434932988907953,0.90010730134087424,,0.93296227149813737,False,False,False,,-1,,,False,2,0.00055372166271544575,0.0065266573359766093,0.15085796878648741,0.028341858089057276
10000,0,multi,gaussian_matched,0.050000000000000003,993,9,0.050000000000000003,0.43365940408650583,<1%,True,False,3,0.15085796878648741,0.48111419561678137,0.039567220233973507,0.021575831405709768,1.0782056166960419,1.0935910956646073,0.98434932988907953,0.90010730134087424,,0.93296227149813737,False,False,False,,-1,,,False,2,0.00055372166271544575,0.0065266573359766093,0.15085796878648741,0.028341858089057276
10000,0,multi,gaussian_matched,0.050000000000000003,993,10,0.02,0.43365940408650583,<1%,True,False,1,0.13211901350695057,0.41977616779891247,0.080625024095552736,0.085870573270949074,1.0782056166960419,1.0901136226503378,0.93151412022466162,0.8545110352441232,,0.94359060808196737,False,False,False,,-1,,,False,2,0.043498977122844132,0.031401556134221943,0.13211901350695057,0.0086144042258802529
10000,0,multi,gaussian_matched,0.050000000000000003,993,10,0.050000000000000003,0.43365940408650583,<1%,True,False,3,0.13211901350695057,0.41977616779891247,0.080625024095552736,0.085870573270949074,1.0782056166960419,1.0901136226503378,0.93151412022466162,0.8545110352441232,,0.94359060808196737,False,False,False,,-1,,,False,2,0.043498977122844132,0.031401556134221943,0.13211901350695057,0.0086144042258802529
10000,0,multi,gaussian_matched,0.050000000000000003,993,11,0.02,0.43365940408650583,<1%,True,False,1,0.13593049394130644,0.43867884463771323,0.059963004635928352,0.062125240895639526,1.0782056166960419,1.0944092628878839,0.8666437517899761,0.7918826906701345,,0.8614024804764544,False,False,False,,-1,,,False,2,0.026292695259664201,0.13593049394130644,0.042716552735713627,0.008440734846851922
10000,0,multi,gaussian_matched,0.050000000000000003,993,11,0.050000000000000003,0.43365940408650583,<1%,True,False,3,0.13593049394130644,0.43867884463771323,0.059963004635928352,0.062125240895639526,1.0782056166960419,1.0944092628878839,0.8666437517899761,0.7918826906701345,,0.8614024804764544,False,False,False,,-1,,,False,2,0.026292695259664201,0.13593049394130644,0.042716552735713627,0.008440734846851922
10000,0,multi,gaussian_matched,0.050000000000000003,993,12,0.02,0.43365940408650583,<1%,True,False,1,0.13494695648782246,0.45636667984347551,0.12093959070892202,0.083284405249909432,1.0782056166960419,1.0356823855264432,0.93489691547794984,0.90268689372633915,,0.94432945345608954,False,False,False,,-1,,,False,2,0.033690176966720782,0.0095691487226401001,0.13494695648782246,0.037235871492417069
10000,0,multi,gaussian_matched,0.050000000000000003,993,12,0.050000000000000003,0.43365940408650583,<1%,True,False,3,0.13494695648782246,0.45636667984347551,0.12093959070892202,0.083284405249909432,1.0782056166960419,1.0356823855264432,0.93489691547794984,0.90268689372633915,,0.94432945345608954,False,False,False,,-1,,,False,2,0.033690176966720782,0.0095691487226401001,0.13494695648782246,0.037235871492417069
10000,0,multi,gaussian_matched,0.050000000000000003,993,13,0.02,0.43365940408650583,<1%,True,False,1,0.19356368795681275,0.59296015640853794,0.034802767117261338,0.094194196035594618,1.0782056166960419,1.096791798039455,1.0488573911512258,0.95629580110471901,,1.0601424899728187,False,False,False,,-1,,,False,2,0.059016349588181638,0.013679695893772999,0.19356368795681275,0.17616278046256478
10000,0,multi,gaussian_matched,0.050000000000000003,993,13,0.050000000000000003,0.43365940408650583,<1%,True,False,1,0.19356368795681275,0.59296015640853794,0.034802767117261338,0.094194196035594618,1.0782056166960419,1.096791798039455,1.0488573911512258,0.95629580110471901,,1.0601424899728187,False,False,False,,-1,,,False,2,0.059016349588181638,0.013679695893772999,0.19356368795681275,0.17616278046256478
10000,0,multi,gaussian_matched,0.050000000000000003,993,14,0.02,0.43365940408650583,<1%,True,False,1,0.18672618843826955,0.52216443856506367,0.039147108857490794,0.024678889421034259,1.0782056166960419,1.0851195631396162,1.005244642342092,0.9263906729628768,,0.95521996529672426,False,False,False,,-1,,,False,2,0.018612875803931995,0.037967366786432123,0.18672618843826955,0.1317911645738265
10000,0,multi,gaussian_matched,0.050000000000000003,993,14,0.050000000000000003,0.43365940408650583,<1%,True,False,2,0.18672618843826955,0.52216443856506367,0.039147108857490794,0.024678889421034259,1.0782056166960419,1.0851195631396162,1.005244642342092,0.9263906729628768,,0.95521996529672426,False,False,False,,-1,,,False,2,0.018612875803931995,0.037967366786432123,0.18672618843826955,0.1317911645738265
10000,0,multi,gaussian_matched,0.050000000000000003,993,15,0.02,0.43365940408650583,<1%,True,False,0,0.20914914862927811,0.56564664782529017,-0.049696559989548986,0.11936869960105713,1.0782056166960419,1.1744672749315301,1.1006087161764169,0.93711314028786441,,1.1314886482560398,False,False,False,,-1,,,False,2,0.027477295468060482,0.046542935644517863,0.20914914862927811,0.15366822186606449
10000,0,multi,gaussian_matched,0.050000000000000003,993,15,0.050000000000000003,0.43365940408650583,<1%,True,False,2,0.20914914862927811,0.56564664782529017,-0.049696559989548986,0.11936869960105713,1.0782056166960419,1.1744672749315301,1.1006087161764169,0.93711314028786441,,1.1314886482560398,False,False,False,,-1,,,False,2,0.027477295468060482,0.046542935644517863,0.20914914862927811,0.15366822186606449
10000,0,multi,gaussian_matched,0.050000000000000003,993,16,0.02,0.43365940408650583,<1%,True,False,1,0.16300525556466539,0.43136908687383435,0.025035999791174952,0.073030155024876628,1.0782056166960419,1.1278311378827706,0.92805277611254955,0.82286500606353497,,0.92847126339877195,False,False,False,,-1,,,False,2,0.030340807185349993,0.16300525556466539,0.040744885818876531,0.0022138681906094687
10000,0,multi,gaussian_matched,0.050000000000000003,993,16,0.050000000000000003,0.43365940408650583,<1%,True,False,3,0.16300525556466539,0.43136908687383435,0.025035999791174952,0.073030155024876628,1.0782056166960419,1.1278311378827706,0.92805277611254955,0.82286500606353497,,0.92847126339877195,False,False,False,,-1,,,False,2,0.030340807185349993,0.16300525556466539,0.040744885818876531,0.0022138681906094687
10000,0,multi,gaussian_matched,0.050000000000000003,993,17,0.02,0.43365940408650583,<1%,True,False,2,0.15593316769255705,0.4531781294660488,0.035455395293071637,0.049028900521823765,1.0782056166960419,1.1082414609863778,0.90950922038395898,0.82067785081281885,,0.8890123609660302,False,False,False,,-1,,,False,2,0.016349016234652885,0.15593316769255705,0.035591522203968162,0.0066886354804586374
10000,0,multi,gaussian_matched,0.050000000000000003,993,17,0.050000000000000003,0.43365940408650583,<1%,True,False,3,0.15593316769255705,0.4531781294660488,0.035455395293071637,0.049028900521823765,1.0782056166960419,1.1082414609863778,0.90950922038395898,0.82067785081281885,,0.8890123609660302,False,False,False,,-1,,,False,2,0.016349016234652885,0.15593316769255705,0.035591522203968162,0.0066886354804586374
10000,0,multi,gaussian_matched,0.050000000000000003,993,18,0.02,0.43365940408650583,<1%,True,False,1,0.19572030957166731,0.51919097313651319,-0.011528676680430269,0.064452086886083795,1.0782056166960419,1.1358480816500598,0.99524590686685255,0.87621392591608482,,0.98283479268099283,False,False,False,,-1,,,False,2,0.0084387998111467907,0.037274351170782045,0.19572030957166731,0.067523383049898744
10000,0,multi,gaussian_matched,0.050000000000000003,993,18,0.050000000000000003,0.43365940408650583,<1%,True,False,2,0.19572030957166731,0.51919097313651319,-0.011528676680430269,0.064452086886083795,1.0782056166960419,1.1358480816500598,0.99524590686685255,0.87621392591608482,,0.98283479268099283,False,False,False,,-1,,,False,2,0.0084387998111467907,0.037274351170782045,0.19572030957166731,0.067523383049898744
10000,0,multi,gaussian_matched,0.050000000000000003,993,19,0.02,0.43365940408650583,<1%,True,False,1,0.16484350596419586,0.43518647489642376,0.013335454650340327,0.074465306835123951,1.0782056166960419,1.136158055540877,0.94149331777765388,0.82866403418620183,,0.94226797642363602,False,False,False,,-1,,,False,2,0.031274358767878076,0.16484350596419586,0.041800351321482965,0.0032318939711713864
10000,0,multi,gaussian_matched,0.050000000000000003,993,19,0.050000000000000003,0.43365940408650583,<1%,True,False,3,0.16484350596419586,0.43518647489642376,0.013335454650340327,0.074465306835123951,1.0782056166960419,1.136158055540877,0.94149331777765388,0.82866403418620183,,0.94226797642363602,False,False,False,,-1,,,False,2,0.031274358767878076,0.16484350596419586,0.041800351321482965,0.0032318939711713864
10000,0,multi,gaussian_matched,0.050000000000000003,993,20,0.02,0.43365940408650583,<1%,True,False,1,0.15011916696302208,0.45904106121415184,0.096026957548104586,0.061612624417386075,1.0782056166960419,1.0531830039326937,0.9484541479663382,0.90055967901562484,,0.93680347861559443,False,False,False,,-1,,,False,2,0.024353247488599235,0.0043698308912856441,0.15011916696302208,0.029318991527496813
10000,0,multi,gaussian_matched,0.050000000000000003,993,20,0.050000000000000003,0.43365940408650583,<1%,True,False,3,0.15011916696302208,0.45904106121415184,0.096026957548104586,0.061612624417386075,1.0782056166960419,1.0531830039326937,0.9484541479663382,0.90055967901562484,,0.93680347861559443,False,False,False,,-1,,,False,2,0.024353247488599235,0.0043698308912856441,0.15011916696302208,0.029318991527496813
10000,0,multi,gaussian_matched,0.050000000000000003,993,21,0.02,0.43365940408650583,<1%,True,False,1,0.16940208770339171,0.52939331253421185,0.096884411603608833,0.055336379292021495,1.0782056166960419,1.0269569167416885,0.9254210539830392,0.90112938419967936,,0.90962003729901464,False,False,False,,-1,,,False,2,0.020724857641495127,0.0067452261473688428,0.16940208770339171,0.16226600246352502
10000,0,multi,gaussian_matched,0.050000000000000003,993,21,0.050000000000000003,0.43365940408650583,<1%,True,False,2,0.16940208770339171,0.52939331253421185,0.096884411603608833,0.055336379292021495,1.0782056166960419,1.0269569167416885,0.9254210539830392,0.90112938419967936,,0.90962003729901464,False,False,False,,-1,,,False,2,0.020724857641495127,0.0067452261473688428,0.16940208770339171,0.16226600246352502
10000,0,multi,gaussian_matched,0.050000000000000003,993,22,0.02,0.43365940408650583,<1%,True,False,1,0.20679667987798042,0.5462659638309445,-0.058147136070527086,0.11762798327550875,1.0782056166960419,1.1816530214307259,1.0758178991068053,0.91043468733674693,,1.1068815297395724,False,False,False,,-1,,,False,2,0.014928264094444211,0.057310426368243204,0.20679667987798042,0.11860735393302414
10000,0,multi,gaussian_matched,0.050000000000000003,993,22,0.050000000000000003,0.43365940408650583,<1%,True,False,1,0.20679667987798042,0.5462659638309445,-0.058147136070527086,0.11762798327550875,1.0782056166960419,1.1816530214307259,1.0758178991068053,0.91043468733674693,,1.1068815297395724,False,False,False,,-1,,,False,2,0.014928264094444211,0.057310426368243204,0.20679667987798042,0.11860735393302414
10000,0,multi,gaussian_matched,0.050000000000000003,993,23,0.02,0.43365940408650583,<1%,True,False,1,0.1595209222129251,0.44700895610675906,0.029929809433546093,0.05666447989939697,1.0782056166960419,1.1159650421875118,0.91872844763449812,0.82325916395517995,,0.90464463589310828,False,False,False,,-1,,,False,2,0.020759141250645579,0.1595209222129251,0.037971535830126225,0.0030582713442366622
10000,0,multi,gaussian_matched,0.050000000000000003,993,23,0.050000000000000003,0.43365940408650583,<1%,True,False,3,0.1595209222129251,0.44700895610675906,0.029929809433546093,0.05666447989939697,1.0782056166960419,1.1159650421875118,0.91872844763449812,0.82325916395517995,,0.90464463589310828,False,False,False,,-1,,,False,2,0.020759141250645579,0.1595209222129251,0.037971535830126225,0.0030582713442366622
10000,0,multi,gaussian_matched,0.050000000000000003,993,24,0.02,0.43365940408650583,<1%,True,False,2,0.17259671256093709,0.53535341044770457,0.1360295988579503,0.093010512900121717,1.0782056166960419,0.98748271110321006,0.85495655578612173,0.86579394876794258,,0.87920806013894648,False,False,False,,-1,,,False,2,0.016205491838981085,0.0053072810128483618,0.1163765343911931,0.17259671256093709
10000,0,multi,gaussian_matched,0.050000000000000003,993,24,0.050000000000000003,0.43365940408650583,<1%,True,False,2,0.17259671256093709,0.53535341044770457,0.1360295988579503,0.093010512900121717,1.0782056166960419,0.98748271110321006,0.85495655578612173,0.86579394876794258,,0.87920806013894648,False,False,False,,-1,,,False,2,0.016205491838981085,0.0053072810128483618,0.1163765343911931,0.17259671256093709
10000,0,multi,gaussian_matched,0.050000000000000003,993,25,0.02,0.43365940408650583,<1%,True,False,1,0.15295796097641248,0.49441640066549913,-0.015899287700138737,0.066135411852606588,1.0782056166960419,1.1437466108565146,0.95442801478592099,0.8344750539380229,,0.94653877779439877,False,False,False,,-1,,,False,2,0.0062352288862559486,0.15295796097641248,0.033978990348779228,0.020759091764712839
10000,0,multi,gaussian_matched,0.050000000000000003,993,25,0.050000000000000003,0.43365940408650583,<1%,True,False,3,0.15295796097641248,0.49441640066549913,-0.015899287700138737,0.066135411852606588,1.0782056166960419,1.1437466108565146,0.95442801478592099,0.8344750539380229,,0.94653877779439877,False,False,False,,-1,,,False,2,0.0062352288862559486,0.15295796097641248,0.033978990348779228,0.020759091764712839
10000,0,multi,gaussian_matched,0.050000000000000003,993,26,0.02,0.43365940408650583,<1%,True,False,1,0.17446433822969989,0.51074065242462463,0.083165364269638067,0.03486119621648661,1.0782056166960419,1.0434516872296555,0.94196019767883565,0.90273484551998961,,0.90596949113343295,False,False,False,,-1,,,False,2,0.01165726685229653,0.025080004134054694,0.17446433822969989,0.13236094205419505
10000,0,multi,gaussian_matched,0.050000000000000003,993,26,0.050000000000000003,0.43365940408650583,<1%,True,False,2,0.17446433822969989,0.51074065242462463,0.083165364269638067,0.03486119621648661,1.0782056166960419,1.0434516872296555,0.94196019767883565,0.90273484551998961,,0.90596949113343295,False,False,False,,-1,,,False,2,0.01165726685229653,0.025080004134054694,0.17446433822969989,0.13236094205419505
10000,0,multi,gaussian_matched,0.050000000000000003,993,27,0.02,0.43365940408650583,<1%,True,False,2,0.12388981806627261,0.42606798334360607,0.1068378457323923,0.093254939785410482,1.0782056166960419,1.0673017900601984,0.94150326002813789,0.88213405879796647,,0.95970395979235401,False,False,False,,-1,,,False,2,0.048561222696659141,0.01460212071456379,0.12388981806627261,0.017980759403436831
10000,0,multi,gaussian_matched,0.050000000000000003,993,27,0.050000000000000003,0.43365940408650583,<1%,True,False,3,0.12388981806627261,0.42606798334360607,0.1068378457323923,0.093254939785410482,1.0782056166960419,1.0673017900601984,0.94150326002813789,0.88213405879796647,,0.95970395979235401,False,False,False,,-1,,,False,2,0.048561222696659141,0.01460212071456379,0.12388981806627261,0.017980759403436831
10000,0,multi,gaussian_matched,0.050000000000000003,993,28,0.02,0.43365940408650583,<1%,True,False,1,0.15697291538103947,0.49910742984922463,-0.029709616948309425,0.079714614190374608,1.0782056166960419,1.1564780520503013,0.96567019088332118,0.83500952670160933,,0.96955978422472022,False,False,False,,-1,,,False,2,0.0055982012268349342,0.15697291538103947,0.038280774627004292,0.021128346763025104
10000,0,multi,gaussian_matched,0.050000000000000003,993,28,0.050000000000000003,0.43365940408650583,<1%,True,False,3,0.15697291538103947,0.49910742984922463,-0.029709616948309425,0.079714614190374608,1.0782056166960419,1.1564780520503013,0.96567019088332118,0.83500952670160933,,0.96955978422472022,False,False,False,,-1,,,False,2,0.0055982012268349342,0.15697291538103947,0.038280774627004292,0.021128346763025104
10000,0,multi,gaussian_matched,0.050000000000000003,993,29,0.02,0.43365940408650583,<1%,True,False,1,0.17062117650548983,0.53010399289335275,0.093821901825118445,0.053165867506261497,1.0782056166960419,1.029949248514739,0.93489880532691672,0.90771346906180872,,0.91639725997803312,False,False,False,,-1,,,False,2,0.021841771406790771,0.0085580726007456302,0.17062117650548983,0.16225655949027426
10000,0,multi,gaussian_matched,0.050000000000000003,993,29,0.050000000000000003,0.43365940408650583,<1%,True,False,2,0.17062117650548983,0.53010399289335275,0.093821901825118445,0.053165867506261497,1.0782056166960419,1.029949248514739,0.93489880532691672,0.90771346906180872,,0.91639725997803312,False,False,False,,-1,,,False,2,0.021841771406790771,0.0085580726007456302,0.17062117650548983,0.16225655949027426
10000,0,multi,gaussian_matched,0.050000000000000003,993,30,0.02,0.43365940408650583,<1%,True,False,1,0.13501888810293924,0.50615633275591698,-0.029686741812873008,0.079924196922790902,1.0782056166960419,1.1553827934607108,0.93393895945559546,0.80833725821567237,,0.94032449903681559,False,False,False,,-1,,,False,2,0.0016787712333307377,0.13501888810293924,0.048740842950019833,0.030944006021762029
10000,0,multi,gaussian_matched,0.050000000000000003,993,30,0.050000000000000003,0.43365940408650583,<1%,True,False,3,0.13501888810293924,0.50615633275591698,-0.029686741812873008,0.079924196922790902,1.0782056166960419,1.1553827934607108,0.93393895945559546,0.80833725821567237,,0.94032449903681559,False,False,False,,-1,,,False,2,0.0016787712333307377,0.13501888810293924,0.048740842950019833,0.030944006021762029
10000,0,multi,gaussian_matched,0.050000000000000003,993,31,0.02,0.43365940408650583,<1%,True,False,1,0.19532738713039383,0.51845926418964239,-0.0097935474768589201,0.062578053295787306,1.0782056166960419,1.1341883478751744,0.99383984771318734,0.8762564432751222,,0.97979261529555794,False,False,False,,-1,,,False,2,0.0082859652381774389,0.037126624610131768,0.19532738713039383,0.066706434564953065
10000,0,multi,gaussian_matched,0.050000000000000003,993,31,0.050000000000000003,0.43365940408650583,<1%,True,False,2,0.19532738713039383,0.51845926418964239,-0.0097935474768589201,0.062578053295787306,1.0782056166960419,1.1341883478751744,0.99383984771318734,0.8762564432751222,,0.97979261529555794,False,False,False,,-1,,,False,2,0.0082859652381774389,0.037126624610131768,0.19532738713039383,0.066706434564953065
10000,0,multi,gaussian_matched,0.050000000000000003,994,0,0.02,8.6295198882884154,5-<10%,True,True,4,0.0080348608766110351,0.5074976626055655,0.046538439011133616,0.0082581686242493811,1.5849411645413651,1.5861025482500299,1.5838438591270219,0.99857595013292166,0.98469069648430174,1.0045180624808734,True,True,False,3>2>1>4,14,0,0,True,1,0.0049593335319367887,0.0033157941160325368,0.0080348608766110351,0.00098558906027012986
10000,0,multi,gaussian_matched,0.050000000000000003,994,0,0.050000000000000003,8.6295198882884154,5-<10%,True,True,4,0.0080348608766110351,0.5074976626055655,0.046538439011133616,0.0082581686242493811,1.5849411645413651,1.5861025482500299,1.5838438591270219,0.99857595013292166,0.96576729510970316,1.0045180624808734,True,True,False,3>2>1>4,14,0,0,True,1,0.0049593335319367887,0.0033157941160325368,0.0080348608766110351,0.00098558906027012986
10000,0,multi,gaussian_matched,0.050000000000000003,994,1,0.02,8.6295198882884154,5-<10%,True,False,2,0.046808131175098029,0.42039990627351576,0.026397911673392727,0.083025499062890598,1.5849411645413651,1.6347637470071348,1.5684615258951793,0.95944232233352422,,1.0419863285183595,False,False,False,,-1,,,False,1,0.046808131175098029,0.034469834498497338,0.0034960434611372416,0.004206276117195944
10000,0,multi,gaussian_matched,0.050000000000000003,994,1,0.050000000000000003,8.6295198882884154,5-<10%,True,True,4,0.046808131175098029,0.42039990627351576,0.026397911673392727,0.083025499062890598,1.5849411645413651,1.6347637470071348,1.5684615258951793,0.95944232233352422,0.92419524976319567,1.0419863285183595,True,True,False,3>2>1>4,14,0,0,True,1,0.046808131175098029,0.034469834498497338,0.0034960434611372416,0.004206276117195944
10000,0,multi,gaussian_matched,0.050000000000000003,994,2,0.02,8.6295198882884154,5-<10%,True,False,1,0.041373611285685147,0.43759413122770047,-0.015988766958211775,0.090824059708265917,1.5849411645413651,1.6676031550361849,1.6029334774298496,0.96121998365676387,,1.0686564113742598,False,False,False,,-1,,,False,1,0.041373611285685147,0.031716347412541576,0.020316893187391011,0.004299548303830945
10000,0,multi,gaussian_matched,0.050000000000000003,994,2,0.050000000000000003,8.6295198882884154,5-<10%,True,True,4,0.041373611285685147,0.43759413122770047,-0.015988766958211775,0.090824059708265917,1.5849411645413651,1.6676031550361849,1.6029334774298496,0.96121998365676387,0.92741023524527644,1.0686564113742598,True,True,False,3>2>1>4,14,0,0,True,1,0.041373611285685147,0.031716347412541576,0.020316893187391011,0.004299548303830945
10000,0,multi,gaussian_matched,0.050000000000000003,994,3,0.02,8.6295198882884154,5-<10%,True,False,3,0.037758005325842989,0.50465394340559333,-0.029039569457975589,0.079176465754191211,1.5849411645413651,1.6597077950462835,1.6305468467700264,0.98243007090567769,,1.0787298297088275,False,False,False,,-1,,,False,1,0.017206352022689421,0.0011158835343457623,0.037758005325842989,0.0029243375520691946
10000,0,multi,gaussian_matched,0.050000000000000003,994,3,0.050000000000000003,8.6295198882884154,5-<10%,True,True,4,0.037758005325842989,0.50465394340559333,-0.029039569457975589,0.079176465754191211,1.5849411645413651,1.6597077950462835,1.6305468467700264,0.98243007090567769,0.95047528464766573,1.0787298297088275,True,True,False,3>2>1>4,14,0,0,True,1,0.017206352022689421,0.0011158835343457623,0.037758005325842989,0.0029243375520691946
10000,0,multi,gaussian_matched,0.050000000000000003,994,4,0.02,8.6295198882884154,5-<10%,True,True,4,0.014582458218523959,0.53103674281417368,0.042211327001998852,0.031999106731016004,1.5849411645413651,1.5841493138360399,1.5906051807599377,1.0040752894108604,0.99173413332045868,1.023763104771455,True,True,False,3>2>1>4,14,0,0,True,1,0.0014247609586820634,0.0099931560116709502,0.014582458218523959,0.00067261265690017266
10000,0,multi,gaussian_matched,0.050000000000000003,994,4,0.050000000000000003,8.6295198882884154,5-<10%,True,True,4,0.014582458218523959,0.53103674281417368,0.042211327001998852,0.031999106731016004,1.5849411645413651,1.5841493138360399,1.5906051807599377,1.0040752894108604,0.97279461918291155,1.023763104771455,True,True,False,3>2>1>4,14,0,0,True,1,0.0014247609586820634,0.0099931560116709502,0.014582458218523959,0.00067261265690017266
10000,0,multi,gaussian_matched,0.050000000000000003,994,5,0.02,8.6295198882884154,5-<10%,True,True,4,0.007226569330820257,0.50020159637771033,0.081237821860344089,0.031238472364667529,1.5849411645413651,1.5551005113678431,1.5629066984983591,1.0050197315694083,0.9910273412758035,1.0058071596142339,True,True,False,3>2>1>4,14,0,0,True,1,0.0021849817938122454,0.0031565316734890902,0.007226569330820257,5.3497781293794906e-07
10000,0,multi,gaussian_matched,0.050000000000000003,994,5,0.050000000000000003,8.6295198882884154,5-<10%,True,True,4,0.007226569330820257,0.50020159637771033,0.081237821860344089,0.031238472364667529,1.5849411645413651,1.5551005113678431,1.5629066984983591,1.0050197315694083,0.97173591294805184,1.0058071596142339,True,True,False,3>2>1>4,14,0,0,True,1,0.0021849817938122454,0.0031565316734890902,0.007226569330820257,5.3497781293794906e-07
10000,0,multi,gaussian_matched,0.050000000000000003,994,6,0.02,8.6295198882884154,5-<10%,True,True,4,0.019364187440128373,0.46346909424211835,0.042436109492093373,0.037305757130861594,1.5849411645413651,1.6038196298281786,1.5785680222874641,0.9842553320391646,0.96838297866875056,1.0195165698064959,True,True,False,3>2>1>4,14,0,0,True,1,0.019364187440128373,0.016628496797679512,0.0025619502538152474,0.002224901649359309
10000,0,multi,gaussian_matched,0.050000000000000003,994,6,0.050000000000000003,8.6295198882884154,5-<10%,True,True,4,0.019364187440128373,0.46346909424211835,0.042436109492093373,0.037305757130861594,1.5849411645413651,1.6038196298281786,1.5785680222874641,0.9842553320391646,0.94962700184110205,1.0195165698064959,True,True,False,3>2>1>4,14,0,0,True,1,0.019364187440128373,0.016628496797679512,0.0025619502538152474,0.002224901649359309
10000,0,multi,gaussian_matched,0.050000000000000003,994,7,0.02,8.6295198882884154,5-<10%,True,True,4,0.016378810249976266,0.47262483096179164,0.040693231978307418,0.028913938003670155,1.5849411645413651,1.6023536172786765,1.5816084106485397,0.98705329060549762,0.97150372840639665,1.0161401474598253,True,True,False,3>2>1>4,14,0,0,True,1,0.016378810249976266,0.012765566819148299,0.0047132848291858232,0.0019810500464974281
10000,0,multi,gaussian_matched,0.050000000000000003,994,7,0.050000000000000003,8.6295198882884154,5-<10%,True,True,4,0.016378810249976266,0.47262483096179164,0.040693231978307418,0.028913938003670155,1.5849411645413651,1.6023536172786765,1.5816084106485397,0.98705329060549762,0.95274145450532899,1.0161401474598253,True,True,False,3>2>1>4,14,0,0,True,1,0.016378810249976266,0.012765566819148299,0.0047132848291858232,0.0019810500464974281
10000,0,multi,gaussian_matched,0.050000000000000003,994,8,0.02,8.6295198882884154,5-<10%,True,True,4,0.010616488081270676,0.5149673442364231,0.12089382528208975,0.072456579112038233,1.5849411645413651,1.512823876080315,1.5438903784156659,1.0205354389407466,1.0085436114107778,1.0198151159733597,True,True,False,3>2>1>4,14,0,0,True,1,0.0053264409635846843,0.0097059869754173005,0.010616488081270676,0.0028064359306677602
10000,0,multi,gaussian_matched,0.050000000000000003,994,8,0.050000000000000003,8.6295198882884154,5-<10%,True,True,4,0.010616488081270676,0.5149673442364231,0.12089382528208975,0.072456579112038233,1.5849411645413651,1.512823876080315,1.5438903784156659,1.0205354389407466,0.98865598616302375,1.0198151159733597,True,True,False,3>2>1>4,14,0,0,True,1,0.0053264409635846843,0.0097059869754173005,0.010616488081270676,0.0028064359306677602
10000,0,multi,gaussian_matched,0.050000000000000003,994,9,0.02,8.6295198882884154,5-<10%,True,True,4,0.017977886455567936,0.45924900991421591,0.072031580328621808,0.046325303288248298,1.5849411645413651,1.5776985915268513,1.5588919253404507,0.98807968373211263,0.97182447780223102,1.0127929443319121,True,True,False,3>2>1>4,14,0,0,True,1,0.017559382393782522,0.017977886455567936,0.00952638264151702,0.0017707949277009614
10000,0,multi,gaussian_matched,0.050000000000000003,994,9,0.050000000000000003,8.6295198882884154,5-<10%,True,True,4,0.017977886455567936,0.45924900991421591,0.072031580328621808,0.046325303288248298,1.5849411645413651,1.5776985915268513,1.5588919253404507,0.98807968373211263,0.95277694709231608,1.0127929443319121,True,True,False,3>2>1>4,14,0,0,True,1,0.017559382393782522,0.017977886455567936,0.00952638264151702,0.0017707949277009614
10000,0,multi,gaussian_matched,0.050000000000000003,994,10,0.02,8.6295198882884154,5-<10%,True,True,4,0.018132180032273616,0.56480242656372526,0.095752063603722876,0.079325946653954954,1.5849411645413651,1.5244508606292153,1.570042397576596,1.0299068590040108,1.024241805944516,1.0406495718141242,True,True,False,3>2>1>4,14,0,0,True,1,0.018132180032273616,0.0028500640768340437,0.015246980798619303,0.011631611197084371
10000,0,multi,gaussian_matched,0.050000000000000003,994,10,0.050000000000000003,8.6295198882884154,5-<10%,True,True,4,0.018132180032273616,0.56480242656372526,0.095752063603722876,0.079325946653954954,1.5849411645413651,1.5244508606292153,1.570042397576596,1.0299068590040108,1.0043998458583605,1.0406495718141242,True,True,False,3>2>1>4,14,0,0,True,1,0.018132180032273616,0.0028500640768340437,0.015246980798619303,0.011631611197084371
10000,0,multi,gaussian_matched,0.050000000000000003,994,11,0.02,8.6295198882884154,5-<10%,True,False,2,0.078926318556235123,0.42016241136773563,-0.009648728986641944,0.099659477363352289,1.5849411645413651,1.6680723646162332,1.5640725207912585,0.93765267860612178,,1.0497121504419034,False,False,False,,-1,,,False,1,0.078926318556235123,0.039713471884611058,0.015926002895146677,0.0058024797663523723
10000,0,multi,gaussian_matched,0.050000000000000003,994,11,0.050000000000000003,8.6295198882884154,5-<10%,True,False,3,0.078926318556235123,0.42016241136773563,-0.009648728986641944,0.099659477363352289,1.5849411645413651,1.6680723646162332,1.5640725207912585,0.93765267860612178,,1.0497121504419034,False,False,False,,-1,,,False,1,0.078926318556235123,0.039713471884611058,0.015926002895146677,0.0058024797663523723
10000,0,multi,gaussian_matched,0.050000000000000003,994,12,0.02,8.6295198882884154,5-<10%,True,True,4,0.012784960797984538,0.47398793109092252,0.065797275455578647,0.03043323250576617,1.5849411645413651,1.5782636765916211,1.5663401927201872,0.99244518894511746,0.9768319074376457,1.0074654258147255,True,True,False,3>2>1>4,14,0,0,True,1,0.012784960797984538,0.011986391167797626,0.0051361598078516115,0.0013510467066907999
10000,0,multi,gaussian_matched,0.050000000000000003,994,12,0.050000000000000003,8.6295198882884154,5-<10%,True,True,4,0.012784960797984538,0.47398793109092252,0.065797275455578647,0.03043323250576617,1.5849411645413651,1.5782636765916211,1.5663401927201872,0.99244518894511746,0.95780518656703451,1.0074654258147255,True,True,False,3>2>1>4,14,0,0,True,1,0.012784960797984538,0.011986391167797626,0.0051361598078516115,0.0013510467066907999
10000,0,multi,gaussian_matched,0.050000000000000003,994,13,0.02,8.6295198882884154,5-<10%,True,True,4,0.014003149899654298,0.50694952855618214,0.12092481169382403,0.071264471238883048,1.5849411645413651,1.5153108344343993,1.5421054608647276,1.0176825941063963,1.0049392061657796,1.017936796770921,True,True,False,3>2>1>4,14,0,0,True,1,0.0027659730183081915,0.01054027391631863,0.014003149899654298,0.0019981883534845777
10000,0,multi,gaussian_matched,0.050000000000000003,994,13,0.050000000000000003,8.6295198882884154,5-<10%,True,True,4,0.014003149899654298,0.50694952855618214,0.12092481169382403,0.071264471238883048,1.5849411645413651,1.5153108344343993,1.5421054608647276,1.0176825941063963,0.98509866108555988,1.017936796770921,True,True,False,3>2>1>4,14,0,0,True,1,0.0027659730183081915,0.01054027391631863,0.014003149899654298,0.0019981883534845777
10000,0,multi,gaussian_matched,0.050000000000000003,994,14,0.02,8.6295198882884154,5-<10%,True,False,1,0.024117642202687851,0.44338656088101297,0.10541680357340824,0.079221863189229288,1.5849411645413651,1.5532295340549713,1.5337080701168058,0.98743169408631992,,1.0176591847008838,False,False,False,,-1,,,False,1,0.020559315955336985,0.024117642202687851,0.023502604508481739,0.0018211421332133949
10000,0,multi,gaussian_matched,0.050000000000000003,994,14,0.050000000000000003,8.6295198882884154,5-<10%,True,True,4,0.024117642202687851,0.44338656088101297,0.10541680357340824,0.079221863189229288,1.5849411645413651,1.5532295340549713,1.5337080701168058,0.98743169408631992,0.95103976847653449,1.0176591847008838,True,True,False,3>2>1>4,14,0,0,True,1,0.020559315955336985,0.024117642202687851,0.023502604508481739,0.0018211421332133949
10000,0,multi,gaussian_matched,0.050000000000000003,994,15,0.02,8.6295198882884154,5-<10%,True,False,3,0.023010036375989147,0.49099146511874642,0.0030799460818068461,0.047777035910496958,1.5849411645413651,1.6324570542205521,1.6087120178210808,0.98545441894591901,,1.0451422997843056,False,False,False,,-1,,,False,1,0.015610109694486101,0.0055454972778629921,0.023010036375989147,0.0023860680877890012
10000,0,multi,gaussian_matched,0.050000000000000003,994,15,0.050000000000000003,8.6295198882884154,5-<10%,True,True,4,0.023010036375989147,0.49099146511874642,0.0030799460818068461,0.047777035910496958,1.5849411645413651,1.6324570542205521,1.6087120178210808,0.98545441894591901,0.95245822893742582,1.0451422997843056,True,True,False,3>2>1>4,14,0,0,True,1,0.015610109694486101,0.0055454972778629921,0.023010036375989147,0.0023860680877890012
10000,0,multi,gaussian_matched,0.050000000000000003,994,16,0.02,8.6295198882884154,5-<10%,True,True,4,0.018022335324408934,0.56814504394535992,0.091566748033581377,0.079821936561338042,1.5849411645413651,1.5278895704544724,1.5725504227345688,1.0292304189672634,1.0241258065521082,1.0425449198135088,True,True,False,3>2>1>4,14,0,0,True,1,0.018022335324408934,0.0020259773988341792,0.017245034945130921,0.012435768212385725
10000,0,multi,gaussian_matched,0.050000000000000003,994,16,0.050000000000000003,8.6295198882884154,5-<10%,True,True,4,0.018022335324408934,0.56814504394535992,0.091566748033581377,0.079821936561338042,1.5849411645413651,1.5278895704544724,1.5725504227345688,1.0292304189672634,1.0043221028646176,1.0425449198135088,True,True,False,3>2>1>4,14,0,0,True,1,0.018022335324408934,0.0020259773988341792,0.017245034945130921,0.012435768212385725
10000,0,multi,gaussian_matched,0.050000000000000003,994,17,0.02,8.6295198882884154,5-<10%,True,True,4,0.0073657120139794131,0.52635190924995134,0.09789485030223935,0.054665709604756689,1.5849411645413651,1.5315324584245662,1.5591279663544961,1.0180182325083182,1.0065218277499559,1.0182041529763894,True,True,False,3>2>1>4,14,0,0,True,1,0.0073657120139794131,0.0028364293102785799,0.0017932739870356342,0.0027808530386785489
10000,0,multi,gaussian_matched,0.050000000000000003,994,17,0.050000000000000003,8.6295198882884154,5-<10%,True,True,4,0.0073657120139794131,0.52635190924995134,0.09789485030223935,0.054665709604756689,1.5849411645413651,1.5315324584245662,1.5591279663544961,1.0180182325083182,0.98690579638736142,1.0182041529763894,True,True,False,3>2>1>4,14,0,0,True,1,0.0073657120139794131,0.0028364293102785799,0.0017932739870356342,0.0027808530386785489
10000,0,multi,gaussian_matched,0.050000000000000003,994,18,0.02,8.6295198882884154,5-<10%,True,False,3,0.047486756339560808,0.52010500975543583,-0.050410948823190485,0.1024039552988045,1.5849411645413651,1.6767866958463318,1.6449819518641633,0.98103232566136533,,1.1024926011487683,False,False,False,,-1,,,False,1,0.017905714784390556,0.0034559853268032168,0.047486756339560808,0.0032337950883808424
10000,0,multi,gaussian_matched,0.050000000000000003,994,18,0.050000000000000003,8.6295198882884154,5-<10%,True,True,4,0.047486756339560808,0.52010500975543583,-0.050410948823190485,0.1024039552988045,1.5849411645413651,1.6767866958463318,1.6449819518641633,0.98103232566136533,0.94990506479333436,1.1024926011487683,True,True,False,3>2>1>4,14,0,0,True,1,0.017905714784390556,0.0034559853268032168,0.047486756339560808,0.0032337950883808424
10000,0,multi,gaussian_matched,0.050000000000000003,994,19,0.02,8.6295198882884154,5-<10%,True,False,1,0.38998226772921957,0.58890141710675148,0.09804632189979566,0.10105400047344681,1.5849411645413651,1.5178565814062495,1.2663273043201764,0.83428653262283936,,0.86273316346686135,False,False,False,,-1,,,False,1,0.024325399019968743,0.0057864018309567878,0.024802198318697958,0.38998226772921957
10000,0,multi,gaussian_matched,0.050000000000000003,994,19,0.050000000000000003,8.6295198882884154,5-<10%,True,False,3,0.38998226772921957,0.58890141710675148,0.09804632189979566,0.10105400047344681,1.5849411645413651,1.5178565814062495,1.2663273043201764,0.83428653262283936,,0.86273316346686135,False,False,False,,-1,,,False,1,0.024325399019968743,0.0057864018309567878,0.024802198318697958,0.38998226772921957
10000,0,multi,gaussian_matched,0.050000000000000003,994,20,0.02,8.6295198882884154,5-<10%,True,False,2,0.03805570059010354,0.42876179495724664,0.025374807054078824,0.075374279335441843,1.5849411645413651,1.6324228215476673,1.5775246186778795,0.96637010819430968,,1.0428771332288673,False,False,False,,-1,,,False,1,0.03805570059010354,0.03117402652737147,0.0044246045907270354,0.0037689694030806076
10000,0,multi,gaussian_matched,0.050000000000000003,994,20,0.050000000000000003,8.6295198882884154,5-<10%,True,True,4,0.03805570059010354,0.42876179495724664,0.025374807054078824,0.075374279335441843,1.5849411645413651,1.6324228215476673,1.5775246186778795,0.96637010819430968,0.93143558604196575,1.0428771332288673,True,True,False,3>2>1>4,14,0,0,True,1,0.03805570059010354,0.03117402652737147,0.0044246045907270354,0.0037689694030806076
10000,0,multi,gaussian_matched,0.050000000000000003,994,21,0.02,8.6295198882884154,5-<10%,True,False,1,0.4503512172033669,0.38630062366611762,0.07464848348769039,0.11634043113619942,1.5849411645413651,1.6062468165487669,1.3821324656084473,0.86047327930469686,,0.9454438626926952,False,False,False,,-1,,,False,1,0.070744164412810492,0.049607241882520123,0.018144145043197456,0.4503512172033669
10000,0,multi,gaussian_matched,0.050000000000000003,994,21,0.050000000000000003,8.6295198882884154,5-<10%,True,False,2,0.4503512172033669,0.38630062366611762,0.07464848348769039,0.11634043113619942,1.5849411645413651,1.6062468165487669,1.3821324656084473,0.86047327930469686,,0.9454438626926952,False,False,False,,-1,,,False,1,0.070744164412810492,0.049607241882520123,0.018144145043197456,0.4503512172033669
10000,0,multi,gaussian_matched,0.050000000000000003,994,22,0.02,8.6295198882884154,5-<10%,True,True,4,0.0091658752369148857,0.48272011550153421,0.070394602447067092,0.026730772851794489,1.5849411645413651,1.5709853390433421,1.565547651465061,0.99653867706900923,0.98137156405282899,1.004629357820745,True,True,False,3>2>1>4,14,0,0,True,1,0.0091658752369148857,0.0084354951555476385,0.0057423720114753362,0.00092200662258383394
10000,0,multi,gaussian_matched,0.050000000000000003,994,22,0.050000000000000003,8.6295198882884154,5-<10%,True,True,4,0.0091658752369148857,0.48272011550153421,0.070394602447067092,0.026730772851794489,1.5849411645413651,1.5709853390433421,1.565547651465061,0.99653867706900923,0.96226690498705414,1.004629357820745,True,True,False,3>2>1>4,14,0,0,True,1,0.0091658752369148857,0.0084354951555476385,0.0057423720114753362,0.00092200662258383394
10000,0,multi,gaussian_matched,0.050000000000000003,994,23,0.02,8.6295198882884154,5-<10%,True,False,2,0.025959337130151135,0.44316177821281039,0.060261317972986721,0.057757061061592258,1.5849411645413651,1.594681800120282,1.5614768052629611,0.97917766738491874,,1.0216365771489766,False,False,False,,-1,,,False,1,0.025959337130151135,0.024273856035602066,0.0068377261112835749,0.0026865054694410794
10000,0,multi,gaussian_matched,0.050000000000000003,994,23,0.050000000000000003,8.6295198882884154,5-<10%,True,True,4,0.025959337130151135,0.44316177821281039,0.060261317972986721,0.057757061061592258,1.5849411645413651,1.594681800120282,1.5614768052629611,0.97917766738491874,0.94369946561407236,1.0216365771489766,True,True,False,3>2>1>4,14,0,0,True,1,0.025959337130151135,0.024273856035602066,0.0068377261112835749,0.0026865054694410794
10000,0,multi,gaussian_matched,0.050000000000000003,994,24,0.02,8.6295198882884154,5-<10%,True,False,3,0.052949140280315929,0.52664921963965861,-0.063866640745766784,0.11694354527774624,1.5849411645413651,1.6885069450128085,1.6532271005078272,0.97910589316248642,,1.1168683641943316,False,False,False,,-1,,,False,1,0.019598734330027571,0.0043413144805095434,0.052949140280315929,0.0035079968791889562
10000,0,multi,gaussian_matched,0.050000000000000003,994,24,0.050000000000000003,8.6295198882884154,5-<10%,True,False,3,0.052949140280315929,0.52664921963965861,-0.063866640745766784,0.11694354527774624,1.5849411645413651,1.6885069450128085,1.6532271005078272,0.97910589316248642,,1.1168683641943316,False,False,False,,-1,,,False,1,0.019598734330027571,0.0043413144805095434,0.052949140280315929,0.0035079968791889562
10000,0,multi,gaussian_matched,0.050000000000000003,994,25,0.02,8.6295198882884154,5-<10%,True,False,3,0.024116437436026646,0.47914092583002804,0.11551903350228829,0.068759324649841969,1.5849411645413651,1.5299429492575181,1.5383141460121041,1.0054715744522686,,1.013964118426431,False,False,False,,-1,,,False,1,0.0055883158625907748,0.014307194088245523,0.024116437436026646,0.00039525178087288388
10000,0,multi,gaussian_matched,0.050000000000000003,994,25,0.050000000000000003,8.6295198882884154,5-<10%,True,True,4,0.024116437436026646,0.47914092583002804,0.11551903350228829,0.068759324649841969,1.5849411645413651,1.5299429492575181,1.5383141460121041,1.0054715744522686,0.97073635301254613,1.013964118426431,True,True,False,3>2>1>4,14,0,0,True,1,0.0055883158625907748,0.014307194088245523,0.024116437436026646,0.00039525178087288388
10000,0,multi,gaussian_matched,0.050000000000000003,994,26,0.02,8.6295198882884154,5-<10%,True,True,4,0.011483761453131017,0.53181892259139985,0.052363037890333114,0.031906547650108523,1.5849411645413651,1.5741095945054018,1.5851798748395138,1.0070327252770417,0.99494610464803845,1.020281672700172,True,True,False,3>2>1>4,14,0,0,True,1,0.0036882165992990989,0.0080276906845244342,0.011483761453131017,0.00098214588133787336
10000,0,multi,gaussian_matched,0.050000000000000003,994,26,0.050000000000000003,8.6295198882884154,5-<10%,True,True,4,0.011483761453131017,0.53181892259139985,0.052363037890333114,0.031906547650108523,1.5849411645413651,1.5741095945054018,1.5851798748395138,1.0070327252770417,0.97588764349513468,1.020281672700172,True,True,False,3>2>1>4,14,0,0,True,1,0.0036882165992990989,0.0080276906845244342,0.011483761453131017,0.00098214588133787336
10000,0,multi,gaussian_matched,0.050000000000000003,994,27,0.02,8.6295198882884154,5-<10%,True,True,4,0.017776129079041723,0.48970843431203104,0.10363143149878923,0.054609951189495687,1.5849411645413651,1.5373344759300367,1.5480174314607056,1.0069490118760305,0.99249335434678254,1.0111589114501636,True,True,False,3>2>1>4,14,0,0,True,1,0.0032751327893787885,0.0096876343403949124,0.017776129079041723,0.00046974848010455179
10000,0,multi,gaussian_matched,0.050000000000000003,994,27,0.050000000000000003,8.6295198882884154,5-<10%,True,True,4,0.017776129079041723,0.48970843431203104,0.10363143149878923,0.054609951189495687,1.5849411645413651,1.5373344759300367,1.5480174314607056,1.0069490118760305,0.97297617003019587,1.0111589114501636,True,True,False,3>2>1>4,14,0,0,True,1,0.0032751327893787885,0.0096876343403949124,0.017776129079041723,0.00046974848010455179
10000,0,multi,gaussian_matched,0.050000000000000003,994,28,0.02,8.6295198882884154,5-<10%,True,False,3,0.020054030761007778,0.47505854031614941,0.0031889345841532302,0.053041043131973095,1.5849411645413651,1.6370988722561477,1.6066727426498062,0.98141460474869791,,1.0471769065711982,False,False,False,,-1,,,False,1,0.019779038621175048,0.012739512274123635,0.020054030761007778,0.0026642768308148654
10000,0,multi,gaussian_matched,0.050000000000000003,994,28,0.050000000000000003,8.6295198882884154,5-<10%,True,True,4,0.020054030761007778,0.47505854031614941,0.0031889345841532302,0.053041043131973095,1.5849411645413651,1.6370988722561477,1.6066727426498062,0.98141460474869791,0.94794579318778538,1.0471769065711982,True,True,False,3>2>1>4,14,0,0,True,1,0.019779038621175048,0.012739512274123635,0.020054030761007778,0.0026642768308148654
10000,0,multi,gaussian_matched,0.050000000000000003,994,29,0.02,8.6295198882884154,5-<10%,True,False,2,0.43540719121967458,0.60606166553989083,0.098271404725316286,0.11652984772688477,1.5849411645413651,1.5152183638484016,1.4795781854244474,0.97647852001117907,,1.0070456045055769,False,False,False,,-1,,,False,1,0.0034440679900574144,0.0067910266111571218,0.031628044938613153,0.43540719121967458
10000,0,multi,gaussian_matched,0.050000000000000003,994,29,0.050000000000000003,8.6295198882884154,5-<10%,True,False,3,0.43540719121967458,0.60606166553989083,0.098271404725316286,0.11652984772688477,1.5849411645413651,1.5152183638484016,1.4795781854244474,0.97647852001117907,,1.0070456045055769,False,False,False,,-1,,,False,1,0.0034440679900574144,0.0067910266111571218,0.031628044938613153,0.43540719121967458
10000,0,multi,gaussian_matched,0.050000000000000003,994,30,0.02,8.6295198882884154,5-<10%,True,True,4,0.0035697000352113289,0.50745193664949262,0.057619206567131813,0.010657563912108422,1.5849411645413651,1.575488225197808,1.5774784467460214,1.0012632411441624,0.98747246208770767,1.0020157506084393,True,True,False,3>2>1>4,14,0,0,True,1,0.003162397314046586,0.002583749783461646,0.0035697000352113289,0.00063401431283049818
10000,0,multi,gaussian_matched,0.050000000000000003,994,30,0.050000000000000003,8.6295198882884154,5-<10%,True,True,4,0.0035697000352113289,0.50745193664949262,0.057619206567131813,0.010657563912108422,1.5849411645413651,1.575488225197808,1.5774784467460214,1.0012632411441624,0.96842719213025896,1.0020157506084393,True,True,False,3>2>1>4,14,0,0,True,1,0.003162397314046586,0.002583749783461646,0.0035697000352113289,0.00063401431283049818
10000,0,multi,gaussian_matched,0.050000000000000003,994,31,0.02,8.6295198882884154,5-<10%,True,True,4,0.0091260265367857155,0.48151067671229758,0.07484207368302484,0.030967461964294236,1.5849411645413651,1.5671989953911052,1.5626848856337088,0.99711963205012777,0.98190072194438416,1.0054962185673049,True,True,False,3>2>1>4,14,0,0,True,1,0.0089893095674550109,0.0091260265367857155,0.0077302752568164405,0.0008312228597201738
10000,0,multi,gaussian_matched,0.050000000000000003,994,31,0.050000000000000003,8.6295198882884154,5-<10%,True,True,4,0.0091260265367857155,0.48151067671229758,0.07484207368302484,0.030967461964294236,1.5849411645413651,1.5671989953911052,1.5626848856337088,0.99711963205012777,0.9627515184264227,1.0054962185673049,True,True,False,3>2>1>4,14,0,0,True,1,0.0089893095674550109,0.0091260265367857155,0.0077302752568164405,0.0008312228597201738
10000,0,multi,gaussian_matched,0.050000000000000003,995,0,0.02,2.7216785536199781,1-<5%,True,False,3,0.020494573355090747,0.47586711272147375,0.0036318554086812449,0.052272373977460568,1.5312897126282197,1.5554689022692338,1.5234777144616762,0.97943309071567652,,1.0290345944626036,False,False,False,,-1,,,False,3,0.020494573355090747,0.011233922824384459,0.00010668497113280469,0.0042758304163038365
10000,0,multi,gaussian_matched,0.050000000000000003,995,0,0.050000000000000003,2.7216785536199781,1-<5%,True,True,4,0.020494573355090747,0.47586711272147375,0.0036318554086812449,0.052272373977460568,1.5312897126282197,1.5554689022692338,1.5234777144616762,0.97943309071567652,0.95424243983840118,1.0290345944626036,True,True,False,4>1>3>2,19,0,0,True,3,0.020494573355090747,0.011233922824384459,0.00010668497113280469,0.0042758304163038365
10000,0,multi,gaussian_matched,0.050000000000000003,995,1,0.02,2.7216785536199781,1-<5%,True,True,4,0.010716428851592871,0.47228740699527194,0.036719289839514113,0.030730523480938878,1.5312897126282197,1.5253048194463987,1.5000852517344889,0.98346588341531427,0.97408892365753041,0.99969049787973929,True,True,False,4>1>3>2,19,0,0,True,3,0.010716428851592871,0.0064710760744286526,0.0087678470999027688,0.0071181012995340121
10000,0,multi,gaussian_matched,0.050000000000000003,995,1,0.050000000000000003,2.7216785536199781,1-<5%,True,True,4,0.010716428851592871,0.47228740699527194,0.036719289839514113,0.030730523480938878,1.5312897126282197,1.5253048194463987,1.5000852517344889,0.98346588341531427,0.95426152127710473,0.99969049787973929,True,True,False,4>1>3>2,19,0,0,True,3,0.010716428851592871,0.0064710760744286526,0.0087678470999027688,0.0071181012995340121
10000,0,multi,gaussian_matched,0.050000000000000003,995,2,0.02,2.7216785536199781,1-<5%,True,False,3,0.027554501480996255,0.44328787120369229,0.0073773866954556233,0.070943306361613279,1.5312897126282197,1.5376780134984385,1.5180574368263033,0.9872401266715809,,1.0376878588576455,False,False,False,,-1,,,False,3,0.019219620703601319,0.015482378057713462,0.00065995871782230874,0.027554501480996255
10000,0,multi,gaussian_matched,0.050000000000000003,995,2,0.050000000000000003,2.7216785536199781,1-<5%,True,True,4,0.027554501480996255,0.44328787120369229,0.0073773866954556233,0.070943306361613279,1.5312897126282197,1.5376780134984385,1.5180574368263033,0.9872401266715809,0.96434851787224052,1.0376878588576455,True,True,False,4>1>3>2,19,0,0,True,3,0.019219620703601319,0.015482378057713462,0.00065995871782230874,0.027554501480996255
10000,0,multi,gaussian_matched,0.050000000000000003,995,3,0.02,2.7216785536199781,1-<5%,True,False,2,0.27762137549686638,0.46007905633612295,0.093204827714666399,0.058824645182682156,1.5312897126282197,1.4725162832173369,1.3400684577368138,0.91005340518806721,,0.91353915028823285,False,False,False,,-1,,,False,3,0.0033519675835363989,0.27762137549686638,0.21970856021559823,0.0033978285387374014
10000,0,multi,gaussian_matched,0.050000000000000003,995,3,0.050000000000000003,2.7216785536199781,1-<5%,True,False,2,0.27762137549686638,0.46007905633612295,0.093204827714666399,0.058824645182682156,1.5312897126282197,1.4725162832173369,1.3400684577368138,0.91005340518806721,,0.91353915028823285,False,False,False,,-1,,,False,3,0.0033519675835363989,0.27762137549686638,0.21970856021559823,0.0033978285387374014
10000,0,multi,gaussian_matched,0.050000000000000003,995,4,0.02,2.7216785536199781,1-<5%,True,False,2,0.43056253924171051,0.55459782989989681,-0.0021696030178374529,0.075515498467644507,1.5312897126282197,1.6065327360582384,1.3539570556002474,0.84278211405905956,,0.93350888618877059,False,False,False,,-1,,,False,3,0.43056253924171051,0.015520114073937981,0.013522400221740043,0.054672228679216534
10000,0,multi,gaussian_matched,0.050000000000000003,995,4,0.050000000000000003,2.7216785536199781,1-<5%,True,False,2,0.43056253924171051,0.55459782989989681,-0.0021696030178374529,0.075515498467644507,1.5312897126282197,1.6065327360582384,1.3539570556002474,0.84278211405905956,,0.93350888618877059,False,False,False,,-1,,,False,3,0.43056253924171051,0.015520114073937981,0.013522400221740043,0.054672228679216534
10000,0,multi,gaussian_matched,0.050000000000000003,995,5,0.02,2.7216785536199781,1-<5%,True,False,1,0.049847203790778546,0.41111731143918834,0.0026803533400289667,0.10069399826118113,1.5312897126282197,1.5316448360105581,1.5149039096789134,0.98906996848221718,,1.0550569853742262,False,False,False,,-1,,,False,3,0.024999668291513,0.023964122457629869,0.0043416721704177957,0.049847203790778546
10000,0,multi,gaussian_matched,0.050000000000000003,995,5,0.050000000000000003,2.7216785536199781,1-<5%,True,True,4,0.049847203790778546,0.41111731143918834,0.0026803533400289667,0.10069399826118113,1.5312897126282197,1.5316448360105581,1.5149039096789134,0.98906996848221718,0.97172383343722191,1.0550569853742262,True,True,False,4>1>3>2,19,0,0,True,3,0.024999668291513,0.023964122457629869,0.0043416721704177957,0.049847203790778546
10000,0,multi,gaussian_matched,0.050000000000000003,995,6,0.02,2.7216785536199781,1-<5%,True,False,2,0.43383621755262847,0.55041516721388961,0.027607327722617696,0.055164489093317053,1.5312897126282197,1.5821439685226348,1.3606093095725162,0.85997819202447046,,0.92456299222168647,False,False,False,,-1,,,False,3,0.43383621755262847,0.0081800034051256326,0.010575477593127975,0.046211612989377544
10000,0,multi,gaussian_matched,0.050000000000000003,995,6,0.050000000000000003,2.7216785536199781,1-<5%,True,False,3,0.43383621755262847,0.55041516721388961,0.027607327722617696,0.055164489093317053,1.5312897126282197,1.5821439685226348,1.3606093095725162,0.85997819202447046,,0.92456299222168647,False,False,False,,-1,,,False,3,0.43383621755262847,0.0081800034051256326,0.010575477593127975,0.046211612989377544
10000,0,multi,gaussian_matched,0.050000000000000003,995,7,0.02,2.7216785536199781,1-<5%,True,False,2,0.39921063503012488,0.53654669988136183,-0.016501645213315069,0.07588234371904945,1.5312897126282197,1.6059505873659834,1.37380600952917,0.85544724746633227,,0.9467106983694521,False,False,False,,-1,,,False,3,0.39921063503012488,0.019747010820551709,0.0076878504617859311,0.047259937007184491
10000,0,multi,gaussian_matched,0.050000000000000003,995,7,0.050000000000000003,2.7216785536199781,1-<5%,True,False,3,0.39921063503012488,0.53654669988136183,-0.016501645213315069,0.07588234371904945,1.5312897126282197,1.6059505873659834,1.37380600952917,0.85544724746633227,,0.9467106983694521,False,False,False,,-1,,,False,3,0.39921063503012488,0.019747010820551709,0.0076878504617859311,0.047259937007184491
10000,0,multi,gaussian_matched,0.050000000000000003,995,8,0.02,2.7216785536199781,1-<5%,True,False,1,0.25280974172934412,0.52841478970818345,0.11274442095755544,0.068878607966909505,1.5312897126282197,1.5118816831578179,1.5080757527993482,0.9974826533049066,,1.0298210376269439,False,False,False,,-1,,,False,3,0.0067834111220482747,0.16381743899175319,0.25280974172934412,0.051362670437750307
10000,0,multi,gaussian_matched,0.050000000000000003,995,8,0.050000000000000003,2.7216785536199781,1-<5%,True,False,1,0.25280974172934412,0.52841478970818345,0.11274442095755544,0.068878607966909505,1.5312897126282197,1.5118816831578179,1.5080757527993482,0.9974826533049066,,1.0298210376269439,False,False,False,,-1,,,False,3,0.0067834111220482747,0.16381743899175319,0.25280974172934412,0.051362670437750307
10000,0,multi,gaussian_matched,0.050000000000000003,995,9,0.02,2.7216785536199781,1-<5%,True,False,2,0.41180098444040014,0.53763296719316811,0.051711367610465304,0.037671859508925452,1.5312897126282197,1.5562789982047893,1.3308796259172955,0.85516776069875755,,0.89372473029764954,False,False,False,,-1,,,False,3,0.41180098444040014,0.0052713573868178668,0.00025736786767142423,0.037435435442642766
10000,0,multi,gaussian_matched,0.050000000000000003,995,9,0.050000000000000003,2.7216785536199781,1-<5%,True,False,3,0.41180098444040014,0.53763296719316811,0.051711367610465304,0.037671859508925452,1.5312897126282197,1.5562789982047893,1.3308796259172955,0.85516776069875755,,0.89372473029764954,False,False,False,,-1,,,False,3,0.41180098444040014,0.0052713573868178668,0.00025736786767142423,0.037435435442642766
10000,0,multi,gaussian_matched,0.050000000000000003,995,10,0.02,2.7216785536199781,1-<5%,True,False,2,0.27182607547919524,0.43392639568762242,0.12503851530156335,0.099982498295909758,1.5312897126282197,1.4313199850068716,1.3138702765342973,0.91794308072068842,,0.92330847857885068,False,False,False,,-1,,,False,3,0.0049475237130608817,0.27182607547919524,0.24650508270906665,0.0027668842142585851
10000,0,multi,gaussian_matched,0.050000000000000003,995,10,0.050000000000000003,2.7216785536199781,1-<5%,True,False,2,0.27182607547919524,0.43392639568762242,0.12503851530156335,0.099982498295909758,1.5312897126282197,1.4313199850068716,1.3138702765342973,0.91794308072068842,,0.92330847857885068,False,False,False,,-1,,,False,3,0.0049475237130608817,0.27182607547919524,0.24650508270906665,0.0027668842142585851
10000,0,multi,gaussian_matched,0.050000000000000003,995,11,0.02,2.7216785536199781,1-<5%,True,False,1,0.3150575908392988,0.51833112194190001,0.034379013017506517,0.02408412892250909,1.5312897126282197,1.5551126215597091,1.3135511289269046,0.84466623877663027,,0.87353506447422791,False,False,False,,-1,,,False,3,0.3150575908392988,0.022291770655201572,0.010869382082926805,0.023408884360175936
10000,0,multi,gaussian_matched,0.050000000000000003,995,11,0.050000000000000003,2.7216785536199781,1-<5%,True,False,3,0.3150575908392988,0.51833112194190001,0.034379013017506517,0.02408412892250909,1.5312897126282197,1.5551126215597091,1.3135511289269046,0.84466623877663027,,0.87353506447422791,False,False,False,,-1,,,False,3,0.3150575908392988,0.022291770655201572,0.010869382082926805,0.023408884360175936
10000,0,multi,gaussian_matched,0.050000000000000003,995,12,0.02,2.7216785536199781,1-<5%,True,False,3,0.02350846337266508,0.50338428987081207,0.039653418984985513,0.010886007377819449,1.5312897126282197,1.5413790378426566,1.4939222374783212,0.96921146635628519,,0.98270642873540381,False,False,False,,-1,,,False,3,0.02350846337266508,0.0016176394700627263,0.012556146450027708,0.013391099053402114
10000,0,multi,gaussian_matched,0.050000000000000003,995,12,0.050000000000000003,2.7216785536199781,1-<5%,True,True,4,0.02350846337266508,0.50338428987081207,0.039653418984985513,0.010886007377819449,1.5312897126282197,1.5413790378426566,1.4939222374783212,0.96921146635628519,0.93764046519338762,0.98270642873540381,True,True,False,4>1>3>2,19,0,0,True,3,0.02350846337266508,0.0016176394700627263,0.012556146450027708,0.013391099053402114
10000,0,multi,gaussian_matched,0.050000000000000003,995,13,0.02,2.7216785536199781,1-<5%,True,False,3,0.030887291971443492,0.42097641056724594,0.063320146363997479,0.080138342795410947,1.5312897126282197,1.4774686133723214,1.4670224113924153,0.99292966233911217,,1.0103644930340232,False,False,False,,-1,,,False,3,0.004666448857997732,0.011949408094346345,0.019574999045913009,0.030887291971443492
10000,0,multi,gaussian_matched,0.050000000000000003,995,13,0.050000000000000003,2.7216785536199781,1-<5%,True,True,4,0.030887291971443492,0.42097641056724594,0.063320146363997479,0.080138342795410947,1.5312897126282197,1.4774686133723214,1.4670224113924153,0.99292966233911217,0.96504777835248656,1.0103644930340232,True,True,False,4>1>3>2,19,0,0,True,3,0.004666448857997732,0.011949408094346345,0.019574999045913009,0.030887291971443492
10000,0,multi,gaussian_matched,0.050000000000000003,995,14,0.02,2.7216785536199781,1-<5%,True,False,1,0.44523295982445765,0.57659209165045722,0.00078642259123085784,0.091040236734978616,1.5312897126282197,1.6196137487765423,1.4973411210315919,0.92450506928746734,,1.0372833727462074,False,False,False,,-1,,,False,3,0.44523295982445765,0.0027499919208799654,0.020925775478517424,0.069613782935043736
10000,0,multi,gaussian_matched,0.050000000000000003,995,14,0.050000000000000003,2.7216785536199781,1-<5%,True,False,2,0.44523295982445765,0.57659209165045722,0.00078642259123085784,0.091040236734978616,1.5312897126282197,1.6196137487765423,1.4973411210315919,0.92450506928746734,,1.0372833727462074,False,False,False,,-1,,,False,3,0.44523295982445765,0.0027499919208799654,0.020925775478517424,0.069613782935043736
10000,0,multi,gaussian_matched,0.050000000000000003,995,15,0.02,2.7216785536199781,1-<5%,True,False,3,0.042638874249208675,0.39921406828188721,0.06594237955501471,0.10203902928862194,1.5312897126282197,1.467529070029876,1.464631368509711,0.99802545545478971,,1.0231051543534422,False,False,False,,-1,,,False,3,0.007762275778419838,0.016171681753862622,0.019668262833982198,0.042638874249208675
10000,0,multi,gaussian_matched,0.050000000000000003,995,15,0.050000000000000003,2.7216785536199781,1-<5%,True,True,4,0.042638874249208675,0.39921406828188721,0.06594237955501471,0.10203902928862194,1.5312897126282197,1.467529070029876,1.464631368509711,0.99802545545478971,0.9731001032539226,1.0231051543534422,True,True,False,4>1>3>2,19,0,0,True,3,0.007762275778419838,0.016171681753862622,0.019668262833982198,0.042638874249208675
10000,0,multi,gaussian_matched,0.050000000000000003,995,16,0.02,2.7216785536199781,1-<5%,True,False,2,0.030494500660316275,0.52745225522839168,0.053094349971679285,0.027626098509778568,1.5312897126282197,1.5479136102107249,1.5088415332332836,0.97475823151905605,,1.0033814105013188,False,False,False,,-1,,,False,3,0.0093993120906365087,0.02365050124483932,0.018307638927983972,0.030494500660316275
10000,0,multi,gaussian_matched,0.050000000000000003,995,16,0.050000000000000003,2.7216785536199781,1-<5%,True,True,4,0.030494500660316275,0.52745225522839168,0.053094349971679285,0.027626098509778568,1.5312897126282197,1.5479136102107249,1.5088415332332836,0.97475823151905605,0.94473640841654594,1.0033814105013188,True,True,False,4>3>2>1,23,2.7216785536199772,2.6924489472456736,True,3,0.0093993120906365087,0.02365050124483932,0.018307638927983972,0.030494500660316275
10000,0,multi,gaussian_matched,0.050000000000000003,995,17,0.02,2.7216785536199781,1-<5%,True,True,4,0.019548110080209319,0.47321437365609953,0.0054850129609512743,0.051952419094029985,1.5312897126282197,1.5525534800350185,1.5223555701430835,0.98054952033520038,0.97482284221211635,1.0280928398160918,True,True,False,4>1>3>2,19,0,0,True,3,0.019548110080209319,0.011352530983672553,0.00012932298329410816,0.0062613864858301789
10000,0,multi,gaussian_matched,0.050000000000000003,995,17,0.050000000000000003,2.7216785536199781,1-<5%,True,True,4,0.019548110080209319,0.47321437365609953,0.0054850129609512743,0.051952419094029985,1.5312897126282197,1.5525534800350185,1.5223555701430835,0.98054952033520038,0.955360224047894,1.0280928398160918,True,True,False,4>1>3>2,19,0,0,True,3,0.019548110080209319,0.011352530983672553,0.00012932298329410816,0.0062613864858301789
10000,0,multi,gaussian_matched,0.050000000000000003,995,18,0.02,2.7216785536199781,1-<5%,True,False,0,0.28314012158401225,0.54102898456717696,0.13660667862058368,0.095833680698920828,1.5312897126282197,1.5118144476235627,1.5058207624571889,0.99603543597840638,,1.0459512853430719,False,False,False,,-1,,,False,3,0.023032336657230278,0.16000713655685428,0.28314012158401225,0.07036655762496119
10000,0,multi,gaussian_matched,0.050000000000000003,995,18,0.050000000000000003,2.7216785536199781,1-<5%,True,False,1,0.28314012158401225,0.54102898456717696,0.13660667862058368,0.095833680698920828,1.5312897126282197,1.5118144476235627,1.5058207624571889,0.99603543597840638,,1.0459512853430719,False,False,False,,-1,,,False,3,0.023032336657230278,0.16000713655685428,0.28314012158401225,0.07036655762496119
10000,0,multi,gaussian_matched,0.050000000000000003,995,19,0.02,2.7216785536199781,1-<5%,True,True,4,0.014197843438176183,0.46406751804815949,0.021367695371553752,0.045945099059154164,1.5312897126282197,1.5342269461411782,1.5111990811482157,0.98499057453600247,0.97840098974599476,1.016884112370072,True,True,False,4>1>3>2,19,0,0,True,3,0.014197843438176183,0.010305349748826992,0.0031144117032119115,0.012666290951182057
10000,0,multi,gaussian_matched,0.050000000000000003,995,19,0.050000000000000003,2.7216785536199781,1-<5%,True,True,4,0.014197843438176183,0.46406751804815949,0.021367695371553752,0.045945099059154164,1.5312897126282197,1.5342269461411782,1.5111990811482157,0.98499057453600247,0.95865720373236318,1.016884112370072,True,True,False,4>1>3>2,19,0,0,True,3,0.014197843438176183,0.010305349748826992,0.0031144117032119115,0.012666290951182057
10000,0,multi,gaussian_matched,0.050000000000000003,995,20,0.02,2.7216785536199781,1-<5%,True,False,1,0.31932674434171571,0.50873487721049981,-0.0094419546089480125,0.060080313311556097,1.5312897126282197,1.5839177695205406,1.2818672919361365,0.80930166742441667,,0.87635121831024976,False,False,False,,-1,,,False,3,0.31932674434171571,0.10229801218461129,0.0055895183876862528,0.024766774875346023
10000,0,multi,gaussian_matched,0.050000000000000003,995,20,0.050000000000000003,2.7216785536199781,1-<5%,True,False,2,0.31932674434171571,0.50873487721049981,-0.0094419546089480125,0.060080313311556097,1.5312897126282197,1.5839177695205406,1.2818672919361365,0.80930166742441667,,0.87635121831024976,False,False,False,,-1,,,False,3,0.31932674434171571,0.10229801218461129,0.0055895183876862528,0.024766774875346023
10000,0,multi,gaussian_matched,0.050000000000000003,995,21,0.02,2.7216785536199781,1-<5%,True,False,0,0.2011983993974297,0.50806130952959128,0.0068932153286467499,0.0438540716015548,1.5312897126282197,1.5701478451719579,1.3404017691190158,0.85367869862740153,,0.90398036981827001,False,False,False,,-1,,,False,3,0.2011983993974297,0.1723302529309744,0.02425850154649686,0.02086975771468173
10000,0,multi,gaussian_matched,0.050000000000000003,995,21,0.050000000000000003,2.7216785536199781,1-<5%,True,False,2,0.2011983993974297,0.50806130952959128,0.0068932153286467499,0.0438540716015548,1.5312897126282197,1.5701478451719579,1.3404017691190158,0.85367869862740153,,0.90398036981827001,False,False,False,,-1,,,False,3,0.2011983993974297,0.1723302529309744,0.02425850154649686,0.02086975771468173
10000,0,multi,gaussian_matched,0.050000000000000003,995,22,0.02,2.7216785536199781,1-<5%,True,False,3,0.027433752099669469,0.44096242827754839,0.039541239729164637,0.05995682230811121,1.5312897126282197,1.50742371861964,1.4948932037438956,0.99168746337146751,,1.015385928103278,False,False,False,,-1,,,False,3,0.0095681460330826699,0.011060812364347699,0.0069654221043788872,0.027433752099669469
10000,0,multi,gaussian_matched,0.050000000000000003,995,22,0.050000000000000003,2.7216785536199781,1-<5%,True,True,4,0.027433752099669469,0.44096242827754839,0.039541239729164637,0.05995682230811121,1.5312897126282197,1.50742371861964,1.4948932037438956,0.99168746337146751,0.96502066563644695,1.015385928103278,True,True,False,4>1>3>2,19,0,0,True,3,0.0095681460330826699,0.011060812364347699,0.0069654221043788872,0.027433752099669469
10000,0,multi,gaussian_matched,0.050000000000000003,995,23,0.02,2.7216785536199781,1-<5%,True,False,1,0.26140822343230141,0.48264052223417608,0.15736481972090935,0.10875916504830983,1.5312897126282197,1.4501419887733071,1.4758644907784539,1.0177379195997944,,1.0348294269586678,False,False,False,,-1,,,False,3,0.010050417330904253,0.16856506030035542,0.26140822343230141,0.04701064856419182
10000,0,multi,gaussian_matched,0.050000000000000003,995,23,0.050000000000000003,2.7216785536199781,1-<5%,True,False,2,0.26140822343230141,0.48264052223417608,0.15736481972090935,0.10875916504830983,1.5312897126282197,1.4501419887733071,1.4758644907784539,1.0177379195997944,,1.0348294269586678,False,False,False,,-1,,,False,3,0.010050417330904253,0.16856506030035542,0.26140822343230141,0.04701064856419182
10000,0,multi,gaussian_matched,0.050000000000000003,995,24,0.02,2.7216785536199781,1-<5%,True,False,2,0.42453021049802792,0.54726636427271835,0.092825462260279226,0.063781889352447899,1.5312897126282197,1.5384988972483657,1.304566917061297,0.84794790519157315,,0.89359237192626861,False,False,False,,-1,,,False,3,0.42453021049802792,0.0038364312347990951,0.0040975995332359532,0.055036083639032798
10000,0,multi,gaussian_matched,0.050000000000000003,995,24,0.050000000000000003,2.7216785536199781,1-<5%,True,False,2,0.42453021049802792,0.54726636427271835,0.092825462260279226,0.063781889352447899,1.5312897126282197,1.5384988972483657,1.304566917061297,0.84794790519157315,,0.89359237192626861,False,False,False,,-1,,,False,3,0.42453021049802792,0.0038364312347990951,0.0040975995332359532,0.055036083639032798
10000,0,multi,gaussian_matched,0.050000000000000003,995,25,0.02,2.7216785536199781,1-<5%,True,False,1,0.47573365482870156,0.59324041054382881,0.020258937304055254,0.097868815097894482,1.5312897126282197,1.6188475064881893,1.4578029185270296,0.90051898815934917,,1.0159225395401217,False,False,False,,-1,,,False,3,0.47573365482870156,0.003308270834139271,0.026369910577064844,0.07928402249453316
10000,0,multi,gaussian_matched,0.050000000000000003,995,25,0.050000000000000003,2.7216785536199781,1-<5%,True,False,2,0.47573365482870156,0.59324041054382881,0.020258937304055254,0.097868815097894482,1.5312897126282197,1.6188475064881893,1.4578029185270296,0.90051898815934917,,1.0159225395401217,False,False,False,,-1,,,False,3,0.47573365482870156,0.003308270834139271,0.026369910577064844,0.07928402249453316
10000,0,multi,gaussian_matched,0.050000000000000003,995,26,0.02,2.7216785536199781,1-<5%,True,False,1,0.036251726886327204,0.43293189589977749,-0.013705234633367244,0.092501283814283672,1.5312897126282197,1.5536844981202989,1.5271912540096624,0.9829481183968245,,1.0577309600310687,False,False,False,,-1,,,False,3,0.02652788942002016,0.022763225554306522,0.0016002470013988053,0.036251726886327204
10000,0,multi,gaussian_matched,0.050000000000000003,995,26,0.050000000000000003,2.7216785536199781,1-<5%,True,True,4,0.036251726886327204,0.43293189589977749,-0.013705234633367244,0.092501283814283672,1.5312897126282197,1.5536844981202989,1.5271912540096624,0.9829481183968245,0.96516512302986746,1.0577309600310687,True,True,False,4>1>3>2,19,0,0,True,3,0.02652788942002016,0.022763225554306522,0.0016002470013988053,0.036251726886327204
10000,0,multi,gaussian_matched,0.050000000000000003,995,27,0.02,2.7216785536199781,1-<5%,True,False,1,0.2558384371701472,0.52415024856552428,0.11873547732848877,0.072854652214884671,1.5312897126282197,1.5051232457017287,1.5070580271703808,1.0012854638144599,,1.0317529507029679,False,False,False,,-1,,,False,3,0.0081148980576474326,0.16386544420873422,0.2558384371701472,0.051586337503428559
10000,0,multi,gaussian_matched,0.050000000000000003,995,27,0.050000000000000003,2.7216785536199781,1-<5%,True,False,1,0.2558384371701472,0.52415024856552428,0.11873547732848877,0.072854652214884671,1.5312897126282197,1.5051232457017287,1.5070580271703808,1.0012854638144599,,1.0317529507029679,False,False,False,,-1,,,False,3,0.0081148980576474326,0.16386544420873422,0.2558384371701472,0.051586337503428559
10000,0,multi,gaussian_matched,0.050000000000000003,995,28,0.02,2.7216785536199781,1-<5%,True,False,2,0.088825826662327814,0.50096769480185566,0.058274436050021097,0.0083308298011318862,1.5312897126282197,1.525730633300032,1.3734483252627334,0.90019056790652208,,0.90236298439715712,False,False,False,,-1,,,False,3,0.018237702330165469,0.024327892951451619,0.088825826662327814,0.013994457950066076
10000,0,multi,gaussian_matched,0.050000000000000003,995,28,0.050000000000000003,2.7216785536199781,1-<5%,True,False,3,0.088825826662327814,0.50096769480185566,0.058274436050021097,0.0083308298011318862,1.5312897126282197,1.525730633300032,1.3734483252627334,0.90019056790652208,,0.90236298439715712,False,False,False,,-1,,,False,3,0.018237702330165469,0.024327892951451619,0.088825826662327814,0.013994457950066076
10000,0,multi,gaussian_matched,0.050000000000000003,995,29,0.02,2.7216785536199781,1-<5%,True,False,2,0.43651376831890715,0.56728519121115539,-0.0092411834784820387,0.089648283732890924,1.5312897126282197,1.6203192248213483,1.4576807811144117,0.89962567794326542,,1.0104744073487921,False,False,False,,-1,,,False,3,0.43651376831890715,0.014043224169889691,0.017959915850661305,0.06554126424596729
10000,0,multi,gaussian_matched,0.050000000000000003,995,29,0.050000000000000003,2.7216785536199781,1-<5%,True,False,2,0.43651376831890715,0.56728519121115539,-0.0092411834784820387,0.089648283732890924,1.5312897126282197,1.6203192248213483,1.4576807811144117,0.89962567794326542,,1.0104744073487921,False,False,False,,-1,,,False,3,0.43651376831890715,0.014043224169889691,0.017959915850661305,0.06554126424596729
10000,0,multi,gaussian_matched,0.050000000000000003,995,30,0.02,2.7216785536199781,1-<5%,True,False,1,0.16961233310443957,0.36409580452542417,-0.080534113264246018,0.18843859762074947,1.5312897126282197,1.6073745734987084,1.563630417559517,0.97278533786684507,,1.1441786624250962,False,False,False,,-1,,,False,3,0.056610582463233451,0.16961233310443957,0.012749455538537943,0.091881016496411297
10000,0,multi,gaussian_matched,0.050000000000000003,995,30,0.050000000000000003,2.7216785536199781,1-<5%,True,False,1,0.16961233310443957,0.36409580452542417,-0.080534113264246018,0.18843859762074947,1.5312897126282197,1.6073745734987084,1.563630417559517,0.97278533786684507,,1.1441786624250962,False,False,False,,-1,,,False,3,0.056610582463233451,0.16961233310443957,0.012749455538537943,0.091881016496411297
10000,0,multi,gaussian_matched,0.050000000000000003,995,31,0.02,2.7216785536199781,1-<5%,True,False,1,0.47793719701694876,0.6083240943830297,-0.0065149247015285142,0.12218038360523741,1.5312897126282197,1.6477665872149019,1.458917545362598,0.88539090225667127,,1.0325269711726384,False,False,False,,-1,,,False,3,0.47793719701694876,0.0071774481284737875,0.031343124036542977,0.095065015467806949
10000,0,multi,gaussian_matched,0.050000000000000003,995,31,0.050000000000000003,2.7216785536199781,1-<5%,True,False,2,0.47793719701694876,0.6083240943830297,-0.0065149247015285142,0.12218038360523741,1.5312897126282197,1.6477665872149019,1.458917545362598,0.88539090225667127,,1.0325269711726384,False,False,False,,-1,,,False,3,0.47793719701694876,0.0071774481284737875,0.031343124036542977,0.095065015467806949
10000,0,multi,gaussian_matched,0.050000000000000003,996,0,0.02,12.632641038163388,>=10%,True,True,4,0.015714450670029339,0.51526063435549563,0.084158226865731475,0.037412182822483278,0.95804773125999876,0.94312812072281149,0.93157212508410647,0.98774716246415328,0.96964617357420591,1.0114154820159196,True,True,False,3>2>4>1,15,0,0,True,1,0.0035493524791671695,0.00095824063361012472,0.015714450670029339,0.00072353977747452946
10000,0,multi,gaussian_matched,0.050000000000000003,996,0,0.050000000000000003,12.632641038163388,>=10%,True,True,4,0.015714450670029339,0.51526063435549563,0.084158226865731475,0.037412182822483278,0.95804773125999876,0.94312812072281149,0.93157212508410647,0.98774716246415328,0.93772226507728718,1.0114154820159196,True,True,False,3>2>4>1,15,0,0,True,1,0.0035493524791671695,0.00095824063361012472,0.015714450670029339,0.00072353977747452946
10000,0,multi,gaussian_matched,0.050000000000000003,996,1,0.02,12.632641038163388,>=10%,True,True,4,0.014589572770877818,0.44087562097909039,0.062397141197826272,0.060410109290474044,0.95804773125999876,0.91258370179929749,0.93692715876319432,1.0266753141831264,1.0148994216957141,1.0410099993055639,True,True,False,3>2>4>1,15,0,0,True,1,0.0092535400496350836,0.010444358575025327,0.014589572770877818,0.001709766423753077
10000,0,multi,gaussian_matched,0.050000000000000003,996,1,0.050000000000000003,12.632641038163388,>=10%,True,True,4,0.014589572770877818,0.44087562097909039,0.062397141197826272,0.060410109290474044,0.95804773125999876,0.91258370179929749,0.93692715876319432,1.0266753141831264,0.98202542254172132,1.0410099993055639,True,True,False,3>2>4>1,15,0,0,True,1,0.0092535400496350836,0.010444358575025327,0.014589572770877818,0.001709766423753077
10000,0,multi,gaussian_matched,0.050000000000000003,996,2,0.02,12.632641038163388,>=10%,True,False,2,0.0543699066610248,0.40532752148308032,0.09867322637157995,0.10645168459895636,0.95804773125999876,0.8628021320102377,0.8959825691153942,1.0384566007363121,,1.0463301785559012,False,False,False,,-1,,,False,1,0.0543699066610248,0.019729445929464424,0.0208204487293631,0.0031241651222035306
10000,0,multi,gaussian_matched,0.050000000000000003,996,2,0.050000000000000003,12.632641038163388,>=10%,True,False,3,0.0543699066610248,0.40532752148308032,0.09867322637157995,0.10645168459895636,0.95804773125999876,0.8628021320102377,0.8959825691153942,1.0384566007363121,,1.0463301785559012,False,False,False,,-1,,,False,1,0.0543699066610248,0.019729445929464424,0.0208204487293631,0.0031241651222035306
10000,0,multi,gaussian_matched,0.050000000000000003,996,3,0.02,12.632641038163388,>=10%,True,True,4,0.016506518468827797,0.43497758985981594,0.006900152038171091,0.078009683467958502,0.95804773125999876,0.95701801805789244,0.97581844421850439,1.0196447985365671,1.0081987238352699,1.0999745558611118,True,True,False,3>2>4>1,15,0,0,True,1,0.0092902149426683789,0.0026169235463054255,0.016506518468827797,0.002736685237884973
10000,0,multi,gaussian_matched,0.050000000000000003,996,3,0.050000000000000003,12.632641038163388,>=10%,True,True,4,0.016506518468827797,0.43497758985981594,0.006900152038171091,0.078009683467958502,0.95804773125999876,0.95701801805789244,0.97581844421850439,1.0196447985365671,0.97671770476700792,1.0999745558611118,True,True,False,3>2>4>1,15,0,0,True,1,0.0092902149426683789,0.0026169235463054255,0.016506518468827797,0.002736685237884973
10000,0,multi,gaussian_matched,0.050000000000000003,996,4,0.02,12.632641038163388,>=10%,True,False,3,0.045430088578046895,0.54642063286829479,0.16612906019081086,0.12506331906955764,0.95804773125999876,0.91626057952232243,0.89213341185189876,0.97366778817113142,,1.0617390947564445,False,False,False,,-1,,,False,1,0.0079486181609380972,0.0049819018583222349,0.045430088578046895,0.0047265036184663076
10000,0,multi,gaussian_matched,0.050000000000000003,996,4,0.050000000000000003,12.632641038163388,>=10%,True,True,4,0.045430088578046895,0.54642063286829479,0.16612906019081086,0.12506331906955764,0.95804773125999876,0.91626057952232243,0.89213341185189876,0.97366778817113142,0.91954844570301286,1.0617390947564445,True,True,False,3>2>4>1,15,0,0,True,1,0.0079486181609380972,0.0049819018583222349,0.045430088578046895,0.0047265036184663076
10000,0,multi,gaussian_matched,0.050000000000000003,996,5,0.02,12.632641038163388,>=10%,True,False,3,0.049856801995869872,0.58380930056676128,0.13702923884142743,0.12082254456353729,0.95804773125999876,0.96342100669303465,0.91668753536409397,0.9514921607435628,,1.0829419517158354,False,False,False,,-1,,,False,1,0.0050020135359601491,0.0076370455876996843,0.049856801995869872,0.0063676934537666065
10000,0,multi,gaussian_matched,0.050000000000000003,996,5,0.050000000000000003,12.632641038163388,>=10%,True,True,4,0.049856801995869872,0.58380930056676128,0.13702923884142743,0.12082254456353729,0.95804773125999876,0.96342100669303465,0.91668753536409397,0.9514921607435628,0.89147807440720439,1.0829419517158354,True,True,False,3>2>4>1,15,0,0,True,1,0.0050020135359601491,0.0076370455876996843,0.049856801995869872,0.0063676934537666065
10000,0,multi,gaussian_matched,0.050000000000000003,996,6,0.02,12.632641038163388,>=10%,True,True,4,0.005256058607457796,0.49339764613405973,0.066169271049328612,0.017465291375690035,0.95804773125999876,0.9414477843775706,0.93975717501442968,0.99820424521551276,0.98247173181895531,0.99913859733398291,True,True,False,3>2>4>1,15,0,0,True,1,0.005256058607457796,0.0030744038836852845,0.0046645123001163094,0.0015854908543423828
10000,0,multi,gaussian_matched,0.050000000000000003,996,6,0.050000000000000003,12.632641038163388,>=10%,True,True,4,0.005256058607457796,0.49339764613405973,0.066169271049328612,0.017465291375690035,0.95804773125999876,0.9414477843775706,0.93975717501442968,0.99820424521551276,0.9505769569729775,0.99913859733398291,True,True,False,3>2>4>1,15,0,0,True,1,0.005256058607457796,0.0030744038836852845,0.0046645123001163094,0.0015854908543423828
10000,0,multi,gaussian_matched,0.050000000000000003,996,7,0.02,12.632641038163388,>=10%,True,True,4,0.012061284942531876,0.45833275278314356,0.044296788228823825,0.042055750084114697,0.95804773125999876,0.93736468050072241,0.95089710336895028,1.0144366681930015,1.0014988379762848,1.0364335941249607,True,True,False,3>2>4>1,15,0,0,True,1,0.0078857306961025546,0.0055886920623652823,0.012061284942531876,0.00043241725272961246
10000,0,multi,gaussian_matched,0.050000000000000003,996,7,0.050000000000000003,12.632641038163388,>=10%,True,True,4,0.012061284942531876,0.45833275278314356,0.044296788228823825,0.042055750084114697,0.95804773125999876,0.93736468050072241,0.95089710336895028,1.0144366681930015,0.96948983425785629,1.0364335941249607,True,True,False,3>2>4>1,15,0,0,True,1,0.0078857306961025546,0.0055886920623652823,0.012061284942531876,0.00043241725272961246
10000,0,multi,gaussian_matched,0.050000000000000003,996,8,0.02,12.632641038163388,>=10%,True,False,3,0.032366512852495345,0.54107807962904764,0.12015753515102597,0.081298759919680344,0.95804773125999876,0.93844010192169458,0.91536757732187168,0.97541396136783154,,1.0403096888823724,False,False,False,,-1,,,False,1,0.0045614167892300498,0.000166937488626961,0.032366512852495345,0.00021195523435640383
10000,0,multi,gaussian_matched,0.050000000000000003,996,8,0.050000000000000003,12.632641038163388,>=10%,True,True,4,0.032366512852495345,0.54107807962904764,0.12015753515102597,0.081298759919680344,0.95804773125999876,0.93844010192169458,0.91536757732187168,0.97541396136783154,0.921678872039567,1.0403096888823724,True,True,False,3>2>4>1,15,0,0,True,1,0.0045614167892300498,0.000166937488626961,0.032366512852495345,0.00021195523435640383
10000,0,multi,gaussian_matched,0.050000000000000003,996,9,0.02,12.632641038163388,>=10%,True,True,4,0.0093923571583183589,0.46880729451620495,0.080702947908464662,0.043768206333692404,0.95804773125999876,0.91450799769078062,0.92738294875039307,1.0140785549083473,1.0007274329617097,1.0136772139806161,True,True,False,3>2>4>1,15,0,0,True,1,0.0078569433770198024,0.0093923571583183589,0.00045280668717658998,0.0033100874012194216
10000,0,multi,gaussian_matched,0.050000000000000003,996,9,0.050000000000000003,12.632641038163388,>=10%,True,True,4,0.0093923571583183589,0.46880729451620495,0.080702947908464662,0.043768206333692404,0.95804773125999876,0.91450799769078062,0.92738294875039307,1.0140785549083473,0.96788762453686872,1.0136772139806161,True,True,False,3>2>4>1,15,0,0,True,1,0.0078569433770198024,0.0093923571583183589,0.00045280668717658998,0.0033100874012194216
10000,0,multi,gaussian_matched,0.050000000000000003,996,10,0.02,12.632641038163388,>=10%,True,True,4,0.018970627063361986,0.52441886498298496,0.086138134029779767,0.043614741753351872,0.95804773125999876,0.94827970484289015,0.93196435328297866,0.98279478989522973,0.96336087954309446,1.0182990504588691,True,True,False,3>2>4>1,15,0,0,True,1,0.0027312621615633837,0.00073756211860032182,0.018970627063361986,0.00084710027956409891
10000,0,multi,gaussian_matched,0.050000000000000003,996,10,0.050000000000000003,12.632641038163388,>=10%,True,True,4,0.018970627063361986,0.52441886498298496,0.086138134029779767,0.043614741753351872,0.95804773125999876,0.94827970484289015,0.93196435328297866,0.98279478989522973,0.93159080938202687,1.0182990504588691,True,True,False,3>2>4>1,15,0,0,True,1,0.0027312621615633837,0.00073756211860032182,0.018970627063361986,0.00084710027956409891
10000,0,multi,gaussian_matched,0.050000000000000003,996,11,0.02,12.632641038163388,>=10%,True,True,4,0.0072049383299283547,0.46553634006052602,0.012712325934131762,0.050775136569645253,0.95804773125999876,0.96764876436859182,0.97362018606094347,1.0061710632124334,0.99265305392946446,1.0692529079770705,True,True,False,3>2>4>1,15,0,0,True,1,0.0071185168715529072,0.00010456301405703317,0.0072049383299283547,0.0023182083763595954
10000,0,multi,gaussian_matched,0.050000000000000003,996,11,0.050000000000000003,12.632641038163388,>=10%,True,True,4,0.0072049383299283547,0.46553634006052602,0.012712325934131762,0.050775136569645253,0.95804773125999876,0.96764876436859182,0.97362018606094347,1.0061710632124334,0.96159169954544987,1.0692529079770705,True,True,False,3>2>4>1,15,0,0,True,1,0.0071185168715529072,0.00010456301405703317,0.0072049383299283547,0.0023182083763595954
10000,0,multi,gaussian_matched,0.050000000000000003,996,12,0.02,12.632641038163388,>=10%,True,True,4,0.011815316925537762,0.50982080768017635,-0.011046471278129723,0.061831382962072974,0.95804773125999876,1.0122746308151185,0.99335816044549374,0.98131290680040795,0.96289695140099885,1.1013955870651764,True,True,False,3>2>4>1,15,0,0,True,1,0.0039934531081246144,0.011815316925537762,0.011703814230933828,0.010772035442865237
10000,0,multi,gaussian_matched,0.050000000000000003,996,12,0.050000000000000003,12.632641038163388,>=10%,True,True,4,0.011815316925537762,0.50982080768017635,-0.011046471278129723,0.061831382962072974,0.95804773125999876,1.0122746308151185,0.99335816044549374,0.98131290680040795,0.93308045985081867,1.1013955870651764,True,True,False,3>2>4>1,15,0,0,True,1,0.0039934531081246144,0.011815316925537762,0.011703814230933828,0.010772035442865237
10000,0,multi,gaussian_matched,0.050000000000000003,996,13,0.02,12.632641038163388,>=10%,True,False,3,0.030551335849718492,0.5254424432143,0.13336482161826771,0.087160836389736845,0.95804773125999876,0.91798355347665517,0.90429090083948471,0.9850839891571993,,1.0348667450266709,False,False,False,,-1,,,False,1,0.0057937638717331834,0.005228551458088506,0.030551335849718492,0.0047580539632071693
10000,0,multi,gaussian_matched,0.050000000000000003,996,13,0.050000000000000003,12.632641038163388,>=10%,True,True,4,0.030551335849718492,0.5254424432143,0.13336482161826771,0.087160836389736845,0.95804773125999876,0.91798355347665517,0.90429090083948471,0.9850839891571993,0.93373442225253755,1.0348667450266709,True,True,False,3>2>4>1,15,0,0,True,1,0.0057937638717331834,0.005228551458088506,0.030551335849718492,0.0047580539632071693
10000,0,multi,gaussian_matched,0.050000000000000003,996,14,0.02,12.632641038163388,>=10%,True,False,3,0.039916662940402893,0.54580844845452137,0.14502209142686756,0.10548749598386777,0.95804773125999876,0.92739210550113649,0.90295178131823106,0.97364618046894136,,1.0525981581062005,False,False,False,,-1,,,False,1,0.0063928262132163897,0.0024128273120526335,0.039916662940402893,0.0020142730133776306
10000,0,multi,gaussian_matched,0.050000000000000003,996,14,0.050000000000000003,12.632641038163388,>=10%,True,True,4,0.039916662940402893,0.54580844845452137,0.14502209142686756,0.10548749598386777,0.95804773125999876,0.92739210550113649,0.90295178131823106,0.97364618046894136,0.91931514682927107,1.0525981581062005,True,True,False,3>2>4>1,15,0,0,True,1,0.0063928262132163897,0.0024128273120526335,0.039916662940402893,0.0020142730133776306
10000,0,multi,gaussian_matched,0.050000000000000003,996,15,0.02,12.632641038163388,>=10%,True,False,3,0.038583722241581124,0.54470394571712355,0.14103347963613502,0.10141763740761336,0.95804773125999876,0.9287881287488432,0.90478584505213711,0.97415741765666275,,1.0502644593045678,False,False,False,,-1,,,False,1,0.006082764806721529,0.0021341079105061484,0.038583722241581124,0.0017170141609067942
10000,0,multi,gaussian_matched,0.050000000000000003,996,15,0.050000000000000003,12.632641038163388,>=10%,True,True,4,0.038583722241581124,0.54470394571712355,0.14103347963613502,0.10141763740761336,0.95804773125999876,0.9287881287488432,0.90478584505213711,0.97415741765666275,0.919967120718718,1.0502644593045678,True,True,False,3>2>4>1,15,0,0,True,1,0.006082764806721529,0.0021341079105061484,0.038583722241581124,0.0017170141609067942
10000,0,multi,gaussian_matched,0.050000000000000003,996,16,0.02,12.632641038163388,>=10%,True,True,4,0.0069919890265542819,0.49581930311504668,0.00045199868310263208,0.049724065209344276,0.95804773125999876,0.99477374665226637,0.98444137333714443,0.98961334338597728,0.97309366303224165,1.0794508507278462,True,True,False,3>2>4>1,15,0,0,True,1,0.0043292171042716805,0.0069919890265542819,0.0051536158801368196,0.0063401710837690762
10000,0,multi,gaussian_matched,0.050000000000000003,996,16,0.050000000000000003,12.632641038163388,>=10%,True,True,4,0.0069919890265542819,0.49581930311504668,0.00045199868310263208,0.049724065209344276,0.95804773125999876,0.99477374665226637,0.98444137333714443,0.98961334338597728,0.9428503319969791,1.0794508507278462,True,True,False,3>2>4>1,15,0,0,True,1,0.0043292171042716805,0.0069919890265542819,0.0051536158801368196,0.0063401710837690762
10000,0,multi,gaussian_matched,0.050000000000000003,996,17,0.02,12.632641038163388,>=10%,True,False,1,0.033417251155842341,0.57863686608789111,0.048479590253470102,0.078651562946468287,0.95804773125999876,1.0135849120957601,0.95726445831906082,0.94443440001464984,,1.0812780902921404,False,False,False,,-1,,,False,1,0.0046360340478689283,0.021654521104638055,0.033417251155842341,0.022746362263397209
10000,0,multi,gaussian_matched,0.050000000000000003,996,17,0.050000000000000003,12.632641038163388,>=10%,True,True,4,0.033417251155842341,0.57863686608789111,0.048479590253470102,0.078651562946468287,0.95804773125999876,1.0135849120957601,0.95726445831906082,0.94443440001464984,0.88793144583539962,1.0812780902921404,True,True,False,3>2>4>1,15,0,0,True,1,0.0046360340478689283,0.021654521104638055,0.033417251155842341,0.022746362263397209
10000,0,multi,gaussian_matched,0.050000000000000003,996,18,0.02,12.632641038163388,>=10%,True,False,3,0.022101428628412675,0.55058763624491247,0.039207691795204905,0.051726036550608333,0.95804773125999876,0.99994881679926262,0.96424063087041001,0.96428998631834884,,1.0604551675988483,False,False,False,,-1,,,False,1,0.002535688088012696,0.01415195409576819,0.022101428628412675,0.014232371797292746
10000,0,multi,gaussian_matched,0.050000000000000003,996,18,0.050000000000000003,12.632641038163388,>=10%,True,True,4,0.022101428628412675,0.55058763624491247,0.039207691795204905,0.051726036550608333,0.95804773125999876,0.99994881679926262,0.96424063087041001,0.96428998631834884,0.90961665496083255,1.0604551675988483,True,True,False,3>2>4>1,15,0,0,True,1,0.002535688088012696,0.01415195409576819,0.022101428628412675,0.014232371797292746
10000,0,multi,gaussian_matched,0.050000000000000003,996,19,0.02,12.632641038163388,>=10%,True,False,1,0.080504890061261353,0.62088250922088706,0.0062681864638398296,0.12854980572019287,0.95804773125999876,1.0732577109103909,0.97576022600749923,0.90915743356720036,,1.1526670286827287,False,False,False,,-1,,,False,1,0.0038099262355420558,0.056831954652130999,0.052310944890346579,0.080504890061261353
10000,0,multi,gaussian_matched,0.050000000000000003,996,19,0.050000000000000003,12.632641038163388,>=10%,True,False,1,0.080504890061261353,0.62088250922088706,0.0062681864638398296,0.12854980572019287,0.95804773125999876,1.0732577109103909,0.97576022600749923,0.90915743356720036,,1.1526670286827287,False,False,False,,-1,,,False,1,0.0038099262355420558,0.056831954652130999,0.052310944890346579,0.080504890061261353
10000,0,multi,gaussian_matched,0.050000000000000003,996,20,0.02,12.632641038163388,>=10%,True,True,4,0.012849425013654953,0.49813694746768838,-0.032287456288350544,0.082308544071349937,0.95804773125999876,1.0231450702970348,1.007324913292778,0.98453771858602213,0.96773032798015013,1.1373477769537341,True,True,False,3>2>4>1,15,0,0,True,1,0.0054555948996086847,0.012849425013654953,0.010294859679676948,0.011458156863910858
10000,0,multi,gaussian_matched,0.050000000000000003,996,20,0.050000000000000003,12.632641038163388,>=10%,True,True,4,0.012849425013654953,0.49813694746768838,-0.032287456288350544,0.082308544071349937,0.95804773125999876,1.0231450702970348,1.007324913292778,0.98453771858602213,0.93808109556859143,1.1373477769537341,True,True,False,3>2>4>1,15,0,0,True,1,0.0054555948996086847,0.012849425013654953,0.010294859679676948,0.011458156863910858
10000,0,multi,gaussian_matched,0.050000000000000003,996,21,0.02,12.632641038163388,>=10%,True,True,4,0.011228212473929198,0.49986505949344467,0.085831625585055346,0.035831879674500779,0.95804773125999876,0.93119099101529168,0.92802702887432131,0.99660224146120591,0.98049643018492483,1.0060656448517242,True,True,False,3>2>4>1,15,0,0,True,1,0.0053132650765463649,0.0043037958418429721,0.011228212473929198,0.003165833105255293
10000,0,multi,gaussian_matched,0.050000000000000003,996,21,0.050000000000000003,12.632641038163388,>=10%,True,True,4,0.011228212473929198,0.49986505949344467,0.085831625585055346,0.035831879674500779,0.95804773125999876,0.93119099101529168,0.92802702887432131,0.99660224146120591,0.94818234248534405,1.0060656448517242,True,True,False,3>2>4>1,15,0,0,True,1,0.0053132650765463649,0.0043037958418429721,0.011228212473929198,0.003165833105255293
10000,0,multi,gaussian_matched,0.050000000000000003,996,22,0.02,12.632641038163388,>=10%,True,True,4,0.019173084192336504,0.52194011244095606,0.09006058348141241,0.045675145131603111,0.95804773125999876,0.94377604594966757,0.92911094278276507,0.9844612466804602,0.96550954379311216,1.0174713180859534,True,True,False,3>2>4>1,15,0,0,True,1,0.0032139889570582782,0.00031183974643939972,0.019173084192336504,0.00014264589863497633
10000,0,multi,gaussian_matched,0.050000000000000003,996,22,0.050000000000000003,12.632641038163388,>=10%,True,True,4,0.019173084192336504,0.52194011244095606,0.09006058348141241,0.045675145131603111,0.95804773125999876,0.94377604594966757,0.92911094278276507,0.9844612466804602,0.93356770756976803,1.0174713180859534,True,True,False,3>2>4>1,15,0,0,True,1,0.0032139889570582782,0.00031183974643939972,0.019173084192336504,0.00014264589863497633
10000,0,multi,gaussian_matched,0.050000000000000003,996,23,0.02,12.632641038163388,>=10%,True,True,4,0.01284771000194353,0.5266863637831386,0.044342093465615372,0.027279551285126446,0.95804773125999876,0.9798523091154705,0.95854044409197181,0.97824992111031783,0.95769729146976112,1.0289883929692878,True,True,False,3>2>4>1,15,0,0,True,1,0.00047051706807440022,0.0069705841415725698,0.01284771000194353,0.006691532327519554
10000,0,multi,gaussian_matched,0.050000000000000003,996,23,0.050000000000000003,12.632641038163388,>=10%,True,True,4,0.01284771000194353,0.5266863637831386,0.044342093465615372,0.027279551285126446,0.95804773125999876,0.9798523091154705,0.95854044409197181,0.97824992111031783,0.92707710199260063,1.0289883929692878,True,True,False,3>2>4>1,15,0,0,True,1,0.00047051706807440022,0.0069705841415725698,0.01284771000194353,0.006691532327519554
10000,0,multi,gaussian_matched,0.050000000000000003,996,24,0.02,12.632641038163388,>=10%,True,True,4,0.010700025736662781,0.51937114955446695,0.052648080968590985,0.019551311154951703,0.95804773125999876,0.96878552825828546,0.95217937347202175,0.98285879144363475,0.96358501626858695,1.0142821207341928,True,True,False,3>2>4>1,15,0,0,True,1,0.0013520028547599505,0.004098886912732436,0.010700025736662781,0.0039673374345480482
10000,0,multi,gaussian_matched,0.050000000000000003,996,24,0.050000000000000003,12.632641038163388,>=10%,True,True,4,0.010700025736662781,0.51937114955446695,0.052648080968590985,0.019551311154951703,0.95804773125999876,0.96878552825828546,0.95217937347202175,0.98285879144363475,0.93260589477439504,1.0142821207341928,True,True,False,3>2>4>1,15,0,0,True,1,0.0013520028547599505,0.004098886912732436,0.010700025736662781,0.0039673374345480482
10000,0,multi,gaussian_matched,0.050000000000000003,996,25,0.02,12.632641038163388,>=10%,True,True,4,0.0049739737680350674,0.50682384357775068,0.037961743830548927,0.013837790747620664,0.95804773125999876,0.97166657283624991,0.96008062429975871,0.98807620961718134,0.97039856539982106,1.0165656504050251,True,True,False,3>2>4>1,15,0,0,True,1,0.0028636478218708687,0.0034672293179644244,0.0049739737680350674,0.0034117748707153941
10000,0,multi,gaussian_matched,0.050000000000000003,996,25,0.050000000000000003,12.632641038163388,>=10%,True,True,4,0.0049739737680350674,0.50682384357775068,0.037961743830548927,0.013837790747620664,0.95804773125999876,0.97166657283624991,0.96008062429975871,0.98807620961718134,0.93952115137077907,1.0165656504050251,True,True,False,3>2>4>1,15,0,0,True,1,0.0028636478218708687,0.0034672293179644244,0.0049739737680350674,0.0034117748707153941
10000,0,multi,gaussian_matched,0.050000000000000003,996,26,0.02,12.632641038163388,>=10%,True,True,4,0.019730838013181023,0.53838667114825611,0.0058793915868630767,0.058482173425666452,0.95804773125999876,1.0165205614974511,0.98386230406821062,0.96787250679796277,0.94521362049908564,1.0879880443148835,True,True,False,3>2>4>1,15,0,0,True,1,0.0045513480745982965,0.0163110555443646,0.019730838013181023,0.016257922326368024
10000,0,multi,gaussian_matched,0.050000000000000003,996,26,0.050000000000000003,12.632641038163388,>=10%,True,True,4,0.019730838013181023,0.53838667114825611,0.0058793915868630767,0.058482173425666452,0.95804773125999876,1.0165205614974511,0.98386230406821062,0.96787250679796277,0.91545449829931358,1.0879880443148835,True,True,False,3>2>4>1,15,0,0,True,1,0.0045513480745982965,0.0163110555443646,0.019730838013181023,0.016257922326368024
10000,0,multi,gaussian_matched,0.050000000000000003,996,27,0.02,12.632641038163388,>=10%,True,True,4,0.0061103756898846055,0.48047117334897277,-0.011640828535671069,0.064660396015875685,0.95804773125999876,0.99620975766846309,0.99190980890073233,0.99568369137660884,0.98087686678484176,1.1028367068173472,True,True,False,3>2>4>1,15,0,0,True,1,0.0059824105233082757,0.0061103756898846055,0.0013523761723546466,0.0058134205045994843
10000,0,multi,gaussian_matched,0.050000000000000003,996,27,0.050000000000000003,12.632641038163388,>=10%,True,True,4,0.0061103756898846055,0.48047117334897277,-0.011640828535671069,0.064660396015875685,0.95804773125999876,0.99620975766846309,0.99190980890073233,0.99568369137660884,0.95061602447788418,1.1028367068173472,True,True,False,3>2>4>1,15,0,0,True,1,0.0059824105233082757,0.0061103756898846055,0.0013523761723546466,0.0058134205045994843
10000,0,multi,gaussian_matched,0.050000000000000003,996,28,0.02,12.632641038163388,>=10%,True,False,3,0.02553069505349724,0.55551416227973682,0.064131472861664887,0.057284559340723969,0.95804773125999876,0.98598612665028273,0.95017668154724211,0.96368159334584447,,1.0515772941322872,False,False,False,,-1,,,False,1,0.00061485722476119675,0.011493943381686531,0.02553069505349724,0.011608856487618347
10000,0,multi,gaussian_matched,0.050000000000000003,996,28,0.050000000000000003,12.632641038163388,>=10%,True,True,4,0.02553069505349724,0.55551416227973682,0.064131472861664887,0.057284559340723969,0.95804773125999876,0.98598612665028273,0.95017668154724211,0.96368159334584447,0.90787758011459274,1.0515772941322872,True,True,False,3>2>4>1,15,0,0,True,1,0.00061485722476119675,0.011493943381686531,0.02553069505349724,0.011608856487618347
10000,0,multi,gaussian_matched,0.050000000000000003,996,29,0.02,12.632641038163388,>=10%,True,True,4,0.013040910160638328,0.52696756754817875,0.030705230356387229,0.033159279773023791,0.95804773125999876,0.99023243248193515,0.96732720873259492,0.97686884109427707,0.9561074848880019,1.0442971220127055,True,True,False,3>2>4>1,15,0,0,True,1,0.0014840038773952123,0.0090748302284243808,0.013040910160638328,0.0086729745565132868
10000,0,multi,gaussian_matched,0.050000000000000003,996,29,0.050000000000000003,12.632641038163388,>=10%,True,True,4,0.013040910160638328,0.52696756754817875,0.030705230356387229,0.033159279773023791,0.95804773125999876,0.99023243248193515,0.96732720873259492,0.97686884109427707,0.92579509756711276,1.0442971220127055,True,True,False,3>2>4>1,15,0,0,True,1,0.0014840038773952123,0.0090748302284243808,0.013040910160638328,0.0086729745565132868
10000,0,multi,gaussian_matched,0.050000000000000003,996,30,0.02,12.632641038163388,>=10%,True,True,4,0.017534056193457589,0.53053370696233515,0.00068256683698571241,0.058004452196793788,0.95804773125999876,1.0155387837643892,0.98690696314696558,0.97180627557000676,0.9502847092289729,1.0906673866546501,True,True,False,3>2>4>1,15,0,0,True,1,0.0042723034238222107,0.014992975675466168,0.017534056193457589,0.014590655307723063
10000,0,multi,gaussian_matched,0.050000000000000003,996,30,0.050000000000000003,12.632641038163388,>=10%,True,True,4,0.017534056193457589,0.53053370696233515,0.00068256683698571241,0.058004452196793788,0.95804773125999876,1.0155387837643892,0.98690696314696558,0.97180627557000676,0.92052870139610954,1.0906673866546501,True,True,False,3>2>4>1,15,0,0,True,1,0.0042723034238222107,0.014992975675466168,0.017534056193457589,0.014590655307723063
10000,0,multi,gaussian_matched,0.050000000000000003,996,31,0.02,12.632641038163388,>=10%,True,True,4,0.01238997876084382,0.43401915695206389,-0.024829544531624004,0.099764384346953588,0.95804773125999876,0.98470612180044093,0.99911562130469811,1.0146332994029841,1.0036142624214033,1.1469992254002148,True,True,False,3>2>4>1,15,0,0,True,1,0.0097604527368482224,0.0021150140761237663,0.01238997876084382,0.0054846746153283136
10000,0,multi,gaussian_matched,0.050000000000000003,996,31,0.050000000000000003,12.632641038163388,>=10%,True,True,4,0.01238997876084382,0.43401915695206389,-0.024829544531624004,0.099764384346953588,0.95804773125999876,0.98470612180044093,0.99911562130469811,1.0146332994029841,0.97280879924102936,1.1469992254002148,True,True,False,3>2>4>1,15,0,0,True,1,0.0097604527368482224,0.0021150140761237663,0.01238997876084382,0.0054846746153283136
10000,0,multi,gaussian_matched,0.050000000000000003,997,0,0.02,2.6792072481914295,1-<5%,True,False,2,0.028972569436872937,0.51724175320049726,0.063607544280060921,0.021964592296709631,1.1884031740121284,1.1671260199411031,1.1584187457897552,0.99253955956548101,,0.99325158658186008,False,False,False,,-1,,,False,3,0.028972569436872937,0.022875288563484305,0.0083786976563985909,0.0078587873237442232
10000,0,multi,gaussian_matched,0.050000000000000003,997,0,0.050000000000000003,2.6792072481914295,1-<5%,True,True,4,0.028972569436872937,0.51724175320049726,0.063607544280060921,0.021964592296709631,1.1884031740121284,1.1671260199411031,1.1584187457897552,0.99253955956548101,0.95598937209014989,0.99325158658186008,True,True,False,1>2>3>4,0,0,0,True,3,0.028972569436872937,0.022875288563484305,0.0083786976563985909,0.0078587873237442232
10000,0,multi,gaussian_matched,0.050000000000000003,997,1,0.02,2.6792072481914295,1-<5%,True,False,3,0.18633430392564929,0.47210964555007984,0.021719527145267536,0.03971973081768608,1.1884031740121284,1.2278629177502138,1.1453264147900764,0.93278036027721456,,0.99717517718079418,False,False,False,,-1,,,False,3,0.18633430392564929,0.0064420950431665954,0.0082646316799521568,0.0066227384534659692
10000,0,multi,gaussian_matched,0.050000000000000003,997,1,0.050000000000000003,2.6792072481914295,1-<5%,True,False,3,0.18633430392564929,0.47210964555007984,0.021719527145267536,0.03971973081768608,1.1884031740121284,1.2278629177502138,1.1453264147900764,0.93278036027721456,,0.99717517718079418,False,False,False,,-1,,,False,3,0.18633430392564929,0.0064420950431665954,0.0082646316799521568,0.0066227384534659692
10000,0,multi,gaussian_matched,0.050000000000000003,997,2,0.02,2.6792072481914295,1-<5%,True,False,3,0.027349050326414333,0.52696200632414836,0.10321481572494656,0.059655397053941697,1.1884031740121284,1.1299968544301888,1.1395154144860213,1.0084235279226794,,1.0090605930405609,False,False,False,,-1,,,False,3,0.027349050326414333,0.0073399338136487359,0.0069652345593567864,0.0046709319969546305
10000,0,multi,gaussian_matched,0.050000000000000003,997,2,0.050000000000000003,2.6792072481914295,1-<5%,True,True,4,0.027349050326414333,0.52696200632414836,0.10321481572494656,0.059655397053941697,1.1884031740121284,1.1299968544301888,1.1395154144860213,1.0084235279226794,0.96735675457028703,1.0090605930405609,True,True,False,1>2>3>4,0,0,0,True,3,0.027349050326414333,0.0073399338136487359,0.0069652345593567864,0.0046709319969546305
10000,0,multi,gaussian_matched,0.050000000000000003,997,3,0.02,2.6792072481914295,1-<5%,True,False,1,0.20845529208673758,0.51167794096008645,0.01009785534559407,0.041575899907138524,1.1884031740121284,1.2141173017863569,1.0721231098867969,0.8830473862034246,,0.93713904014074056,False,False,False,,-1,,,False,3,0.16088656887350422,0.047367521488122656,0.010711509274730045,0.20845529208673758
10000,0,multi,gaussian_matched,0.050000000000000003,997,3,0.050000000000000003,2.6792072481914295,1-<5%,True,False,2,0.20845529208673758,0.51167794096008645,0.01009785534559407,0.041575899907138524,1.1884031740121284,1.2141173017863569,1.0721231098867969,0.8830473862034246,,0.93713904014074056,False,False,False,,-1,,,False,3,0.16088656887350422,0.047367521488122656,0.010711509274730045,0.20845529208673758
10000,0,multi,gaussian_matched,0.050000000000000003,997,4,0.02,2.6792072481914295,1-<5%,True,False,3,0.028193624770357681,0.51825176121224059,0.078257015397995372,0.03363905032177926,1.1884031740121284,1.1548966055322638,1.1533353998324061,0.99864818574028258,,0.99879777849034213,False,False,False,,-1,,,False,3,0.028193624770357681,0.019606322072585398,0.0052305380102205049,0.0070560300792022919
10000,0,multi,gaussian_matched,0.050000000000000003,997,4,0.050000000000000003,2.6792072481914295,1-<5%,True,True,4,0.028193624770357681,0.51825176121224059,0.078257015397995372,0.03363905032177926,1.1884031740121284,1.1548966055322638,1.1533353998324061,0.99864818574028258,0.96090029041986946,0.99879777849034213,True,True,False,1>2>3>4,0,0,0,True,3,0.028193624770357681,0.019606322072585398,0.0052305380102205049,0.0070560300792022919
10000,0,multi,gaussian_matched,0.050000000000000003,997,5,0.02,2.6792072481914295,1-<5%,True,False,3,0.21193772470098138,0.41773737626210117,-0.033082184777413912,0.11691787156646098,1.1884031740121284,1.2675246267104905,1.1508513930451489,0.90795189994206693,,1.0667838090094763,False,False,False,,-1,,,False,3,0.21193772470098138,0.0047824707122379115,0.012511441817696606,0.0080798879080283929
10000,0,multi,gaussian_matched,0.050000000000000003,997,5,0.050000000000000003,2.6792072481914295,1-<5%,True,False,3,0.21193772470098138,0.41773737626210117,-0.033082184777413912,0.11691787156646098,1.1884031740121284,1.2675246267104905,1.1508513930451489,0.90795189994206693,,1.0667838090094763,False,False,False,,-1,,,False,3,0.21193772470098138,0.0047824707122379115,0.012511441817696606,0.0080798879080283929
10000,0,multi,gaussian_matched,0.050000000000000003,997,6,0.02,2.6792072481914295,1-<5%,True,True,4,0.018618889941501876,0.53144190985787199,0.085900832198040497,0.047722777035943839,1.1884031740121284,1.1407799349910808,1.1617527764642959,1.0183846514388237,1.0066880376068927,1.0177316755364845,True,True,False,1>2>3>4,0,0,0,True,3,0.018618889941501876,0.017013683438738641,0.0029221298188687999,0.0069398563034626633
10000,0,multi,gaussian_matched,0.050000000000000003,997,6,0.050000000000000003,2.6792072481914295,1-<5%,True,True,4,0.018618889941501876,0.53144190985787199,0.085900832198040497,0.047722777035943839,1.1884031740121284,1.1407799349910808,1.1617527764642959,1.0183846514388237,0.98035261755078706,1.0177316755364845,True,True,False,1>2>3>4,0,0,0,True,3,0.018618889941501876,0.017013683438738641,0.0029221298188687999,0.0069398563034626633
10000,0,multi,gaussian_matched,0.050000000000000003,997,7,0.02,2.6792072481914295,1-<5%,True,False,1,0.35838097863906648,0.56775118232834265,0.065380569317256679,0.069475064731249203,1.1884031740121284,1.1375074529980393,0.96500875654252316,0.84835378792387262,,0.87048220999047488,False,False,False,,-1,,,False,3,0.0037202677558460678,0.03142430320269602,0.16709006990686984,0.35838097863906648
10000,0,multi,gaussian_matched,0.050000000000000003,997,7,0.050000000000000003,2.6792072481914295,1-<5%,True,False,2,0.35838097863906648,0.56775118232834265,0.065380569317256679,0.069475064731249203,1.1884031740121284,1.1375074529980393,0.96500875654252316,0.84835378792387262,,0.87048220999047488,False,False,False,,-1,,,False,3,0.0037202677558460678,0.03142430320269602,0.16709006990686984,0.35838097863906648
10000,0,multi,gaussian_matched,0.050000000000000003,997,8,0.02,2.6792072481914295,1-<5%,True,False,2,0.17152672355775953,0.50376082621196883,0.0060044547982824048,0.044155994059617863,1.1884031740121284,1.2219066456740391,1.1620145005309483,0.95098468008572579,,1.0149505832422629,False,False,False,,-1,,,False,3,0.17152672355775953,0.031396119427584745,0.013889804488521628,0.0091429793895377292
10000,0,multi,gaussian_matched,0.050000000000000003,997,8,0.050000000000000003,2.6792072481914295,1-<5%,True,False,3,0.17152672355775953,0.50376082621196883,0.0060044547982824048,0.044155994059617863,1.1884031740121284,1.2219066456740391,1.1620145005309483,0.95098468008572579,,1.0149505832422629,False,False,False,,-1,,,False,3,0.17152672355775953,0.031396119427584745,0.013889804488521628,0.0091429793895377292
10000,0,multi,gaussian_matched,0.050000000000000003,997,9,0.02,2.6792072481914295,1-<5%,True,False,2,0.078056621502188242,0.45009260845959131,0.0721369012141969,0.054596612767961794,1.1884031740121284,1.1773744036668101,1.1400386006935457,0.96828892928452837,,1.0052440447700415,False,False,False,,-1,,,False,3,0.0038696813775114165,0.022708144584249551,0.0065907439025628877,0.078056621502188242
10000,0,multi,gaussian_matched,0.050000000000000003,997,9,0.050000000000000003,2.6792072481914295,1-<5%,True,False,3,0.078056621502188242,0.45009260845959131,0.0721369012141969,0.054596612767961794,1.1884031740121284,1.1773744036668101,1.1400386006935457,0.96828892928452837,,1.0052440447700415,False,False,False,,-1,,,False,3,0.0038696813775114165,0.022708144584249551,0.0065907439025628877,0.078056621502188242
10000,0,multi,gaussian_matched,0.050000000000000003,997,10,0.02,2.6792072481914295,1-<5%,True,False,3,0.021816417626857956,0.52976594489048967,0.074046627410127366,0.03826554279015465,1.1884031740121284,1.151273769823868,1.1708283002466036,1.0169851263316172,,1.0174104794375269,False,False,False,,-1,,,False,3,0.015597104022665802,0.021816417626857956,0.0067137532240463399,0.0087300583407689866
10000,0,multi,gaussian_matched,0.050000000000000003,997,10,0.050000000000000003,2.6792072481914295,1-<5%,True,True,4,0.021816417626857956,0.52976594489048967,0.074046627410127366,0.03826554279015465,1.1884031740121284,1.151273769823868,1.1708283002466036,1.0169851263316172,0.98098527632222432,1.0174104794375269,True,True,False,1>2>3>4,0,0,0,True,3,0.015597104022665802,0.021816417626857956,0.0067137532240463399,0.0087300583407689866
10000,0,multi,gaussian_matched,0.050000000000000003,997,11,0.02,2.6792072481914295,1-<5%,True,False,3,0.18610147547100347,0.47350528139375375,0.0085201010310493042,0.049219428404833475,1.1884031740121284,1.2374441631316575,1.155819457936075,0.93403766599940063,,1.01399837419873,False,False,False,,-1,,,False,3,0.18610147547100347,0.012401126387665799,0.0034805223904274102,0.0069502593563087979
10000,0,multi,gaussian_matched,0.050000000000000003,997,11,0.050000000000000003,2.6792072481914295,1-<5%,True,False,3,0.18610147547100347,0.47350528139375375,0.0085201010310493042,0.049219428404833475,1.1884031740121284,1.2374441631316575,1.155819457936075,0.93403766599940063,,1.01399837419873,False,False,False,,-1,,,False,3,0.18610147547100347,0.012401126387665799,0.0034805223904274102,0.0069502593563087979
10000,0,multi,gaussian_matched,0.050000000000000003,997,12,0.02,2.6792072481914295,1-<5%,True,False,3,0.035485509563141976,0.44475455078718584,0.12500551880151001,0.093155179723992274,1.1884031740121284,1.127654688563045,1.1314692711612175,1.0033827577155143,,1.0304789465941899,False,False,False,,-1,,,False,3,0.01084417488504975,0.035485509563141976,0.0050903869461989479,0.00084048761463526196
10000,0,multi,gaussian_matched,0.050000000000000003,997,12,0.050000000000000003,2.6792072481914295,1-<5%,True,True,4,0.035485509563141976,0.44475455078718584,0.12500551880151001,0.093155179723992274,1.1884031740121284,1.127654688563045,1.1314692711612175,1.0033827577155143,0.96861953111398624,1.0304789465941899,True,True,False,3>4>2>1,17,4.8234767235988407,2.2597845567056352,True,3,0.01084417488504975,0.035485509563141976,0.0050903869461989479,0.00084048761463526196
10000,0,multi,gaussian_matched,0.050000000000000003,997,13,0.02,2.6792072481914295,1-<5%,True,False,2,0.059320723856022224,0.47705566175168018,0.11673556841092736,0.070569673010315678,1.1884031740121284,1.1517064813877447,1.13242598905851,0.98325919612260693,,1.0122790719309778,False,False,False,,-1,,,False,3,0.0039121493502849792,0.02165008391600853,0.018935592057739505,0.059320723856022224
10000,0,multi,gaussian_matched,0.050000000000000003,997,13,0.050000000000000003,2.6792072481914295,1-<5%,True,False,3,0.059320723856022224,0.47705566175168018,0.11673556841092736,0.070569673010315678,1.1884031740121284,1.1517064813877447,1.13242598905851,0.98325919612260693,,1.0122790719309778,False,False,False,,-1,,,False,3,0.0039121493502849792,0.02165008391600853,0.018935592057739505,0.059320723856022224
10000,0,multi,gaussian_matched,0.050000000000000003,997,14,0.02,2.6792072481914295,1-<5%,True,False,3,0.18730405131619651,0.47024209138413076,0.03901247884525149,0.031721581712084772,1.1884031740121284,1.2156278220822081,1.1246697098166218,0.92517601965559892,,0.97306311260062739,False,False,False,,-1,,,False,3,0.18730405131619651,0.0021679774492583573,0.0047385618757440238,0.0058104319871772189
10000,0,multi,gaussian_matched,0.050000000000000003,997,14,0.050000000000000003,2.6792072481914295,1-<5%,True,False,3,0.18730405131619651,0.47024209138413076,0.03901247884525149,0.031721581712084772,1.1884031740121284,1.2156278220822081,1.1246697098166218,0.92517601965559892,,0.97306311260062739,False,False,False,,-1,,,False,3,0.18730405131619651,0.0021679774492583573,0.0047385618757440238,0.0058104319871772189
10000,0,multi,gaussian_matched,0.050000000000000003,997,15,0.02,2.6792072481914295,1-<5%,True,False,1,0.37288110349078135,0.37685307449938521,0.097567084204475296,0.1320143657333156,1.1884031740121284,1.1314544363483983,1.0721779410552086,0.9476103558491531,,1.0132860069054601,False,False,False,,-1,,,False,3,0.37288110349078135,0.16047535602973068,0.037051654917532956,0.0067973434350797803
10000,0,multi,gaussian_matched,0.050000000000000003,997,15,0.050000000000000003,2.6792072481914295,1-<5%,True,False,2,0.37288110349078135,0.37685307449938521,0.097567084204475296,0.1320143657333156,1.1884031740121284,1.1314544363483983,1.0721779410552086,0.9476103558491531,,1.0132860069054601,False,False,False,,-1,,,False,3,0.37288110349078135,0.16047535602973068,0.037051654917532956,0.0067973434350797803
10000,0,multi,gaussian_matched,0.050000000000000003,997,16,0.02,2.6792072481914295,1-<5%,True,False,2,0.19882989745379945,0.53178246736901746,0.037375987820311686,0.034197820333693472,1.1884031740121284,1.1802844363310188,1.1630627816043857,0.98540889450328806,,1.0074532179984403,False,False,False,,-1,,,False,3,0.0045721657780531519,0.030503822161268467,0.0056491946247887647,0.19882989745379945
10000,0,multi,gaussian_matched,0.050000000000000003,997,16,0.050000000000000003,2.6792072481914295,1-<5%,True,False,3,0.19882989745379945,0.53178246736901746,0.037375987820311686,0.034197820333693472,1.1884031740121284,1.1802844363310188,1.1630627816043857,0.98540889450328806,,1.0074532179984403,False,False,False,,-1,,,False,3,0.0045721657780531519,0.030503822161268467,0.0056491946247887647,0.19882989745379945
10000,0,multi,gaussian_matched,0.050000000000000003,997,17,0.02,2.6792072481914295,1-<5%,True,False,0,0.24773403857149529,0.48318697676247579,0.16409656889599677,0.11532868153336562,1.1884031740121284,1.1187347038462283,0.87548885768777862,0.78257057252075357,,0.83373855008824838,False,False,False,,-1,,,False,3,0.24773403857149529,0.077898462985787856,0.03772802577107752,0.037164048868268261
10000,0,multi,gaussian_matched,0.050000000000000003,997,17,0.050000000000000003,2.6792072481914295,1-<5%,True,False,2,0.24773403857149529,0.48318697676247579,0.16409656889599677,0.11532868153336562,1.1884031740121284,1.1187347038462283,0.87548885768777862,0.78257057252075357,,0.83373855008824838,False,False,False,,-1,,,False,3,0.24773403857149529,0.077898462985787856,0.03772802577107752,0.037164048868268261
10000,0,multi,gaussian_matched,0.050000000000000003,997,18,0.02,2.6792072481914295,1-<5%,True,True,4,0.014960229649488996,0.54639739629024109,0.095883807479449745,0.06525367553881456,1.1884031740121284,1.1238282136062949,1.1478419553566168,1.0213678046694195,1.0088175889595561,1.0207778449462901,True,True,False,1>2>3>4,0,0,0,True,3,0.014960229649488996,0.010282028885202963,0.0054308147846244305,0.0060394749291341017
10000,0,multi,gaussian_matched,0.050000000000000003,997,18,0.050000000000000003,2.6792072481914295,1-<5%,True,True,4,0.014960229649488996,0.54639739629024109,0.095883807479449745,0.06525367553881456,1.1884031740121284,1.1238282136062949,1.1478419553566168,1.0213678046694195,0.98207661215593067,1.0207778449462901,True,True,False,1>2>3>4,0,0,0,True,3,0.014960229649488996,0.010282028885202963,0.0054308147846244305,0.0060394749291341017
10000,0,multi,gaussian_matched,0.050000000000000003,997,19,0.02,2.6792072481914295,1-<5%,True,False,2,0.3415395283345386,0.57926733669645181,0.059078198731248865,0.079785489652898056,1.1884031740121284,1.1372970632406623,0.99757417161789796,0.87714477058031615,,0.90656074035342571,False,False,False,,-1,,,False,3,0.0097224516388093787,0.015566228438469035,0.16156906923500328,0.3415395283345386
10000,0,multi,gaussian_matched,0.050000000000000003,997,19,0.050000000000000003,2.6792072481914295,1-<5%,True,False,2,0.3415395283345386,0.57926733669645181,0.059078198731248865,0.079785489652898056,1.1884031740121284,1.1372970632406623,0.99757417161789796,0.87714477058031615,,0.90656074035342571,False,False,False,,-1,,,False,3,0.0097224516388093787,0.015566228438469035,0.16156906923500328,0.3415395283345386
10000,0,multi,gaussian_matched,0.050000000000000003,997,20,0.02,2.6792072481914295,1-<5%,True,False,2,0.19394597942644748,0.46237381198337096,-0.064886747796079641,0.12089125213936172,1.1884031740121284,1.3038590769991503,1.2028376822559852,0.92252123214445292,,1.1138719277619815,False,False,False,,-1,,,False,3,0.19394597942644748,0.032662791645158749,0.012550308763966608,0.0087324297464404354
10000,0,multi,gaussian_matched,0.050000000000000003,997,20,0.050000000000000003,2.6792072481914295,1-<5%,True,False,3,0.19394597942644748,0.46237381198337096,-0.064886747796079641,0.12089125213936172,1.1884031740121284,1.3038590769991503,1.2028376822559852,0.92252123214445292,,1.1138719277619815,False,False,False,,-1,,,False,3,0.19394597942644748,0.032662791645158749,0.012550308763966608,0.0087324297464404354
10000,0,multi,gaussian_matched,0.050000000000000003,997,21,0.02,2.6792072481914295,1-<5%,True,False,2,0.029145667889376042,0.51740404116762351,0.047252280882023545,0.017619608659548234,1.1884031740121284,1.1802227055152301,1.1665629423874542,0.98842611393261348,,0.99644849234887434,False,False,False,,-1,,,False,3,0.029145667889376042,0.025796327725445427,0.011179152688531972,0.0089087603354887201
10000,0,multi,gaussian_matched,0.050000000000000003,997,21,0.050000000000000003,2.6792072481914295,1-<5%,True,True,4,0.029145667889376042,0.51740404116762351,0.047252280882023545,0.017619608659548234,1.1884031740121284,1.1802227055152301,1.1665629423874542,0.98842611393261348,0.95330675439125201,0.99644849234887434,True,True,False,1>2>3>4,0,0,0,True,3,0.029145667889376042,0.025796327725445427,0.011179152688531972,0.0089087603354887201
10000,0,multi,gaussian_matched,0.050000000000000003,997,22,0.02,2.6792072481914295,1-<5%,True,False,3,0.028793221041840966,0.52252067737971941,0.022962130678484967,0.03518845388886431,1.1884031740121284,1.1974172006396473,1.1889824580117345,0.99295588653361,,1.0300973092891668,False,False,False,,-1,,,False,3,0.018937673560292429,0.028793221041840966,0.011115657127488254,0.014272808940626113
10000,0,multi,gaussian_matched,0.050000000000000003,997,22,0.050000000000000003,2.6792072481914295,1-<5%,True,True,4,0.028793221041840966,0.52252067737971941,0.022962130678484967,0.03518845388886431,1.1884031740121284,1.1974172006396473,1.1889824580117345,0.99295588653361,0.96305299158430213,1.0300973092891668,True,True,False,1>2>3>4,0,0,0,True,3,0.018937673560292429,0.028793221041840966,0.011115657127488254,0.014272808940626113
10000,0,multi,gaussian_matched,0.050000000000000003,997,23,0.02,2.6792072481914295,1-<5%,True,False,2,0.21940394481850373,0.54798817253777732,0.015518054261552221,0.059092040795903654,1.1884031740121284,1.1905642013389515,1.1534940929834234,0.96886341088213668,,1.0203491208169324,False,False,False,,-1,,,False,3,0.0046295604951803564,0.038265043182934291,0.0016675163454174867,0.21940394481850373
10000,0,multi,gaussian_matched,0.050000000000000003,997,23,0.050000000000000003,2.6792072481914295,1-<5%,True,False,3,0.21940394481850373,0.54798817253777732,0.015518054261552221,0.059092040795903654,1.1884031740121284,1.1905642013389515,1.1534940929834234,0.96886341088213668,,1.0203491208169324,False,False,False,,-1,,,False,3,0.0046295604951803564,0.038265043182934291,0.0016675163454174867,0.21940394481850373
10000,0,multi,gaussian_matched,0.050000000000000003,997,24,0.02,2.6792072481914295,1-<5%,True,False,1,0.26456851125415515,0.38285305727538199,0.020657933487168469,0.12076573627055134,1.1884031740121284,1.2083904220061661,1.0840872225150808,0.89713324664993832,,1.0138419226178674,False,False,False,,-1,,,False,3,0.26456851125415515,0.13619340962151336,0.023241483994012387,0.0081415291653839858
10000,0,multi,gaussian_matched,0.050000000000000003,997,24,0.050000000000000003,2.6792072481914295,1-<5%,True,False,2,0.26456851125415515,0.38285305727538199,0.020657933487168469,0.12076573627055134,1.1884031740121284,1.2083904220061661,1.0840872225150808,0.89713324664993832,,1.0138419226178674,False,False,False,,-1,,,False,3,0.26456851125415515,0.13619340962151336,0.023241483994012387,0.0081415291653839858
10000,0,multi,gaussian_matched,0.050000000000000003,997,25,0.02,2.6792072481914295,1-<5%,True,False,3,0.18065855112005069,0.48693778022658313,0.044356023990732227,0.014229407949814109,1.1884031740121284,1.2009166911033784,1.1345824707725962,0.94476367859469457,,0.9666852999423966,False,False,False,,-1,,,False,3,0.18065855112005069,0.0028730071694758686,0.0082166475590530873,0.0062880888626330577
10000,0,multi,gaussian_matched,0.050000000000000003,997,25,0.050000000000000003,2.6792072481914295,1-<5%,True,False,3,0.18065855112005069,0.48693778022658313,0.044356023990732227,0.014229407949814109,1.1884031740121284,1.2009166911033784,1.1345824707725962,0.94476367859469457,,0.9666852999423966,False,False,False,,-1,,,False,3,0.18065855112005069,0.0028730071694758686,0.0082166475590530873,0.0062880888626330577
10000,0,multi,gaussian_matched,0.050000000000000003,997,26,0.02,2.6792072481914295,1-<5%,True,False,2,0.21964590993378863,0.54844064858559793,0.032460688548172592,0.051518189812896138,1.1884031740121284,1.1756727220682606,1.1421878899869102,0.97151857702163635,,1.0044622110607255,False,False,False,,-1,,,False,3,0.0025934592229298606,0.03693617105967844,8.6344975671011362e-05,0.21964590993378863
10000,0,multi,gaussian_matched,0.050000000000000003,997,26,0.050000000000000003,2.6792072481914295,1-<5%,True,False,3,0.21964590993378863,0.54844064858559793,0.032460688548172592,0.051518189812896138,1.1884031740121284,1.1756727220682606,1.1421878899869102,0.97151857702163635,,1.0044622110607255,False,False,False,,-1,,,False,3,0.0025934592229298606,0.03693617105967844,8.6344975671011362e-05,0.21964590993378863
10000,0,multi,gaussian_matched,0.050000000000000003,997,27,0.02,2.6792072481914295,1-<5%,True,False,2,0.047299315800306281,0.45993682282125758,0.11733267727338315,0.078350160143147593,1.1884031740121284,1.1418946443368188,1.0847505664293533,0.94995678612657553,,0.97870886918434863,False,False,False,,-1,,,False,3,0.004063637088269352,0.022310945104500098,0.01008292020155087,0.047299315800306281
10000,0,multi,gaussian_matched,0.050000000000000003,997,27,0.050000000000000003,2.6792072481914295,1-<5%,True,True,4,0.047299315800306281,0.45993682282125758,0.11733267727338315,0.078350160143147593,1.1884031740121284,1.1418946443368188,1.0847505664293533,0.94995678612657553,0.90967829888408769,0.97870886918434863,True,True,False,3>4>2>1,17,4.8234767235988407,2.2316039952980482,True,3,0.004063637088269352,0.022310945104500098,0.01008292020155087,0.047299315800306281
10000,0,multi,gaussian_matched,0.050000000000000003,997,28,0.02,2.6792072481914295,1-<5%,True,False,2,0.17616369534964338,0.49749850779036764,-0.0058752583936607858,0.055931225302448116,1.1884031740121284,1.2352628620505393,1.1715670127045201,0.94843538869104838,,1.0328971386561114,False,False,False,,-1,,,False,3,0.17616369534964338,0.029031772514127991,0.011546081092916514,0.0084187053579179889
10000,0,multi,gaussian_matched,0.050000000000000003,997,28,0.050000000000000003,2.6792072481914295,1-<5%,True,False,3,0.17616369534964338,0.49749850779036764,-0.0058752583936607858,0.055931225302448116,1.1884031740121284,1.2352628620505393,1.1715670127045201,0.94843538869104838,,1.0328971386561114,False,False,False,,-1,,,False,3,0.17616369534964338,0.029031772514127991,0.011546081092916514,0.0084187053579179889
10000,0,multi,gaussian_matched,0.050000000000000003,997,29,0.02,2.6792072481914295,1-<5%,True,False,3,0.18295598528209958,0.48253413460992861,-0.0015638852277402027,0.054441626661991448,1.1884031740121284,1.2402137742540047,1.1659023585304107,0.94008176875128424,,1.0268770833659417,False,False,False,,-1,,,False,3,0.18295598528209958,0.019543388188393861,0.0029566907672366177,0.0073931054353699758
10000,0,multi,gaussian_matched,0.050000000000000003,997,29,0.050000000000000003,2.6792072481914295,1-<5%,True,False,3,0.18295598528209958,0.48253413460992861,-0.0015638852277402027,0.054441626661991448,1.1884031740121284,1.2402137742540047,1.1659023585304107,0.94008176875128424,,1.0268770833659417,False,False,False,,-1,,,False,3,0.18295598528209958,0.019543388188393861,0.0029566907672366177,0.0073931054353699758
10000,0,multi,gaussian_matched,0.050000000000000003,997,30,0.02,2.6792072481914295,1-<5%,True,False,2,0.12481919886725049,0.41073918428995476,0.020474644874945894,0.094017231487016351,1.1884031740121284,1.2137542310169103,1.0679498274374382,0.87987320673863778,,0.97775492722859036,False,False,False,,-1,,,False,3,0.0060490587457425072,0.036967291337666512,0.0089106270308022262,0.12481919886725049
10000,0,multi,gaussian_matched,0.050000000000000003,997,30,0.050000000000000003,2.6792072481914295,1-<5%,True,False,3,0.12481919886725049,0.41073918428995476,0.020474644874945894,0.094017231487016351,1.1884031740121284,1.2137542310169103,1.0679498274374382,0.87987320673863778,,0.97775492722859036,False,False,False,,-1,,,False,3,0.0060490587457425072,0.036967291337666512,0.0089106270308022262,0.12481919886725049
10000,0,multi,gaussian_matched,0.050000000000000003,997,31,0.02,2.6792072481914295,1-<5%,True,False,3,0.22483362649098948,0.43947771101325128,0.027940675075042987,0.064417088418682461,1.1884031740121284,1.2145825247788513,1.0101766282830309,0.83170686855301312,,0.90423329405441877,False,False,False,,-1,,,False,3,0.0032937325669773433,0.012332569215152741,0.0029282141832465804,0.22483362649098948
10000,0,multi,gaussian_matched,0.050000000000000003,997,31,0.050000000000000003,2.6792072481914295,1-<5%,True,False,3,0.22483362649098948,0.43947771101325128,0.027940675075042987,0.064417088418682461,1.1884031740121284,1.2145825247788513,1.0101766282830309,0.83170686855301312,,0.90423329405441877,False,False,False,,-1,,,False,3,0.0032937325669773433,0.012332569215152741,0.0029282141832465804,0.22483362649098948
10000,0,multi,gaussian_matched,0.050000000000000003,998,0,0.02,1.0124969939609527,1-<5%,True,False,2,0.14960894484029255,0.53278622337687576,0.10824393995299614,0.066837811039610007,1.3191254497982909,1.2530776146784597,1.1543753297673609,0.92123210585289572,,0.92577483134277183,False,False,False,,-1,,,False,3,0.14960894484029255,0.032221376392592663,0.0062125664770354364,0.015120443880714204
10000,0,multi,gaussian_matched,0.050000000000000003,998,0,0.050000000000000003,1.0124969939609527,1-<5%,True,False,3,0.14960894484029255,0.53278622337687576,0.10824393995299614,0.066837811039610007,1.3191254497982909,1.2530776146784597,1.1543753297673609,0.92123210585289572,,0.92577483134277183,False,False,False,,-1,,,False,3,0.14960894484029255,0.032221376392592663,0.0062125664770354364,0.015120443880714204
10000,0,multi,gaussian_matched,0.050000000000000003,998,1,0.02,1.0124969939609527,1-<5%,True,False,3,0.13504389229431499,0.53997535405961494,0.11829139043171999,0.079131175520708585,1.3191254497982909,1.2412043399172841,1.0907829776404747,0.87881015442885602,,0.88688619671470681,False,False,False,,-1,,,False,3,0.013381148633239307,0.006876214480181205,0.0074807071388246615,0.13504389229431499
10000,0,multi,gaussian_matched,0.050000000000000003,998,1,0.050000000000000003,1.0124969939609527,1-<5%,True,False,3,0.13504389229431499,0.53997535405961494,0.11829139043171999,0.079131175520708585,1.3191254497982909,1.2412043399172841,1.0907829776404747,0.87881015442885602,,0.88688619671470681,False,False,False,,-1,,,False,3,0.013381148633239307,0.006876214480181205,0.0074807071388246615,0.13504389229431499
10000,0,multi,gaussian_matched,0.050000000000000003,998,2,0.02,1.0124969939609527,1-<5%,True,False,1,0.20072786440422402,0.594568993132363,0.14785672098934927,0.13608538608115225,1.3191254497982909,1.1980317135534628,1.1465070167129228,0.95699220959041775,,0.97230510031490769,False,False,False,,-1,,,False,3,0.17325512331940671,0.0054335283766167343,0.024157313162426905,0.20072786440422402
10000,0,multi,gaussian_matched,0.050000000000000003,998,2,0.050000000000000003,1.0124969939609527,1-<5%,True,False,2,0.20072786440422402,0.594568993132363,0.14785672098934927,0.13608538608115225,1.3191254497982909,1.1980317135534628,1.1465070167129228,0.95699220959041775,,0.97230510031490769,False,False,False,,-1,,,False,3,0.17325512331940671,0.0054335283766167343,0.024157313162426905,0.20072786440422402
10000,0,multi,gaussian_matched,0.050000000000000003,998,3,0.02,1.0124969939609527,1-<5%,True,False,3,0.10663292041941873,0.50470424181685936,0.15882773169040301,0.10892935819121416,1.3191254497982909,1.2178175983767625,1.1505399515656753,0.94475556364043189,,0.95477599188877482,False,False,False,,-1,,,False,3,0.0046300839297961837,0.10663292041941873,0.013163367101889591,0.019581876854891239
10000,0,multi,gaussian_matched,0.050000000000000003,998,3,0.050000000000000003,1.0124969939609527,1-<5%,True,False,3,0.10663292041941873,0.50470424181685936,0.15882773169040301,0.10892935819121416,1.3191254497982909,1.2178175983767625,1.1505399515656753,0.94475556364043189,,0.95477599188877482,False,False,False,,-1,,,False,3,0.0046300839297961837,0.10663292041941873,0.013163367101889591,0.019581876854891239
10000,0,multi,gaussian_matched,0.050000000000000003,998,4,0.02,1.0124969939609527,1-<5%,True,False,3,0.17732831054148404,0.51020769147937173,-0.0032088024268568591,0.054179088410920381,1.3191254497982909,1.3658692197145748,1.1657123881531151,0.85345827501458271,,0.92477290673951484,False,False,False,,-1,,,False,3,0.013285516007405037,0.17732831054148404,0.010682066983155098,0.016225886270688758
10000,0,multi,gaussian_matched,0.050000000000000003,998,4,0.050000000000000003,1.0124969939609527,1-<5%,True,False,3,0.17732831054148404,0.51020769147937173,-0.0032088024268568591,0.054179088410920381,1.3191254497982909,1.3658692197145748,1.1657123881531151,0.85345827501458271,,0.92477290673951484,False,False,False,,-1,,,False,3,0.013285516007405037,0.17732831054148404,0.010682066983155098,0.016225886270688758
10000,0,multi,gaussian_matched,0.050000000000000003,998,5,0.02,1.0124969939609527,1-<5%,True,False,3,0.040480035341394473,0.48585459568341732,0.017757900047542886,0.035208599412981927,1.3191254497982909,1.3543046133906231,1.2805916311725074,0.94557134230417439,,0.9974792244260694,False,False,False,,-1,,,False,3,0.040480035341394473,0.0080734620360793739,0.014293583326521607,0.0036953472483752668
10000,0,multi,gaussian_matched,0.050000000000000003,998,5,0.050000000000000003,1.0124969939609527,1-<5%,True,True,4,0.040480035341394473,0.48585459568341732,0.017757900047542886,0.035208599412981927,1.3191254497982909,1.3543046133906231,1.2805916311725074,0.94557134230417439,0.91304759449325024,0.9974792244260694,True,True,False,3>4>1>2,16,0,0,True,3,0.040480035341394473,0.0080734620360793739,0.014293583326521607,0.0036953472483752668
10000,0,multi,gaussian_matched,0.050000000000000003,998,6,0.02,1.0124969939609527,1-<5%,True,False,1,0.032526467179498517,0.43554079609639484,0.028161251900467952,0.068058209544781312,1.3191254497982909,1.3656524143725015,1.3002868104000327,0.95213598769017416,,1.0373122739418372,False,False,False,,-1,,,False,3,0.025453642849764382,0.0083989286512881466,0.032526467179498517,0.020549959440163704
10000,0,multi,gaussian_matched,0.050000000000000003,998,6,0.050000000000000003,1.0124969939609527,1-<5%,True,True,4,0.032526467179498517,0.43554079609639484,0.028161251900467952,0.068058209544781312,1.3191254497982909,1.3656524143725015,1.3002868104000327,0.95213598769017416,0.92013502361736865,1.0373122739418372,True,True,False,3>4>1>2,16,0,0,True,3,0.025453642849764382,0.0083989286512881466,0.032526467179498517,0.020549959440163704
10000,0,multi,gaussian_matched,0.050000000000000003,998,7,0.02,1.0124969939609527,1-<5%,True,False,3,0.024098005479350593,0.4869499654457119,0.085651343546177011,0.037964742834841525,1.3191254497982909,1.291394447948041,1.2416064217943363,0.96144630617483662,,0.97001476608978976,False,False,False,,-1,,,False,3,0.024098005479350593,0.0072894179693178069,0.0086412855568325456,0.0036771183698564719
10000,0,multi,gaussian_matched,0.050000000000000003,998,7,0.050000000000000003,1.0124969939609527,1-<5%,True,True,4,0.024098005479350593,0.4869499654457119,0.085651343546177011,0.037964742834841525,1.3191254497982909,1.291394447948041,1.2416064217943363,0.96144630617483662,0.92832910326264584,0.97001476608978976,True,True,False,3>4>1>2,16,0,0,True,3,0.024098005479350593,0.0072894179693178069,0.0086412855568325456,0.0036771183698564719
10000,0,multi,gaussian_matched,0.050000000000000003,998,8,0.02,1.0124969939609527,1-<5%,True,False,1,0.043088418678801671,0.40900879660764128,0.047651225306082692,0.091021513046929625,1.3191254497982909,1.3616668367345575,1.2902111902857627,0.94752339961502319,,1.0470821433578574,False,False,False,,-1,,,False,3,0.021480934529862841,0.0086133296066779139,0.043088418678801671,0.024854864831469047
10000,0,multi,gaussian_matched,0.050000000000000003,998,8,0.050000000000000003,1.0124969939609527,1-<5%,True,True,4,0.043088418678801671,0.40900879660764128,0.047651225306082692,0.091021513046929625,1.3191254497982909,1.3616668367345575,1.2902111902857627,0.94752339961502319,0.91579224425133932,1.0470821433578574,True,True,False,3>4>1>2,16,0,0,True,3,0.021480934529862841,0.0086133296066779139,0.043088418678801671,0.024854864831469047
10000,0,multi,gaussian_matched,0.050000000000000003,998,9,0.02,1.0124969939609527,1-<5%,True,False,2,0.023817896891475201,0.44945861464255804,0.053709506583929853,0.050677332930469686,1.3191254497982909,1.3365655227461417,1.2811233723902027,0.95851894320749331,,1.0096088325218193,False,False,False,,-1,,,False,3,0.021581851143920854,0.007296403782513416,0.023817896891475201,0.016101742300670806
10000,0,multi,gaussian_matched,0.050000000000000003,998,9,0.050000000000000003,1.0124969939609527,1-<5%,True,True,4,0.023817896891475201,0.44945861464255804,0.053709506583929853,0.050677332930469686,1.3191254497982909,1.3365655227461417,1.2811233723902027,0.95851894320749331,0.92596780833663161,1.0096088325218193,True,True,False,3>4>1>2,16,0,0,True,3,0.021581851143920854,0.007296403782513416,0.023817896891475201,0.016101742300670806
10000,0,multi,gaussian_matched,0.050000000000000003,998,10,0.02,1.0124969939609527,1-<5%,True,False,2,0.044624141761085978,0.47209943309201019,-0.016271689556679583,0.071905343824253634,1.3191254497982909,1.3910073566782333,1.3071318713652584,0.93970162349588715,,1.0454177920685119,False,False,False,,-1,,,False,3,0.044624141761085978,0.009799087782515082,0.026902083754917525,0.0091014116670153043
10000,0,multi,gaussian_matched,0.050000000000000003,998,10,0.050000000000000003,1.0124969939609527,1-<5%,True,True,4,0.044624141761085978,0.47209943309201019,-0.016271689556679583,0.071905343824253634,1.3191254497982909,1.3910073566782333,1.3071318713652584,0.93970162349588715,0.90800697786599649,1.0454177920685119,True,True,False,3>4>1>2,16,0,0,True,3,0.044624141761085978,0.009799087782515082,0.026902083754917525,0.0091014116670153043
10000,0,multi,gaussian_matched,0.050000000000000003,998,11,0.02,1.0124969939609527,1-<5%,True,False,3,0.022958569904982361,0.45099889997811354,0.080569376064109396,0.057754606364374649,1.3191254497982909,1.312138031960665,1.2626243435059941,0.96226487819983009,,1.0009502508440493,False,False,False,,-1,,,False,3,0.017149987891802596,0.0070446408612470828,0.022958569904982361,0.013385489880170678
10000,0,multi,gaussian_matched,0.050000000000000003,998,11,0.050000000000000003,1.0124969939609527,1-<5%,True,True,4,0.022958569904982361,0.45099889997811354,0.080569376064109396,0.057754606364374649,1.3191254497982909,1.312138031960665,1.2626243435059941,0.96226487819983009,0.9294369291073965,1.0009502508440493,True,True,False,3>4>1>2,16,0,0,True,3,0.017149987891802596,0.0070446408612470828,0.022958569904982361,0.013385489880170678
10000,0,multi,gaussian_matched,0.050000000000000003,998,12,0.02,1.0124969939609527,1-<5%,True,False,1,0.03725543453196295,0.43382164971410464,0.0037989535106839473,0.080710041155178519,1.3191254497982909,1.3881625094921612,1.3164166932139227,0.94831598189142452,,1.0591310588259346,False,False,False,,-1,,,False,3,0.029807892364888115,0.0094276473107765234,0.03725543453196295,0.021789669721681417
10000,0,multi,gaussian_matched,0.050000000000000003,998,12,0.050000000000000003,1.0124969939609527,1-<5%,True,True,4,0.03725543453196295,0.43382164971410464,0.0037989535106839473,0.080710041155178519,1.3191254497982909,1.3881625094921612,1.3164166932139227,0.94831598189142452,0.91674530798513976,1.0591310588259346,True,True,False,3>4>1>2,16,0,0,True,3,0.029807892364888115,0.0094276473107765234,0.03725543453196295,0.021789669721681417
10000,0,multi,gaussian_matched,0.050000000000000003,998,13,0.02,1.0124969939609527,1-<5%,True,False,2,0.036072712197721249,0.42161086886266597,0.067840728238487233,0.080393702891120203,1.3191254497982909,1.3378688779137693,1.2756311507563809,0.9534799499526142,,1.0279726267542275,False,False,False,,-1,,,False,3,0.018295900254216065,0.007692647060971722,0.036072712197721249,0.021309162342076162
10000,0,multi,gaussian_matched,0.050000000000000003,998,13,0.050000000000000003,1.0124969939609527,1-<5%,True,True,4,0.036072712197721249,0.42161086886266597,0.067840728238487233,0.080393702891120203,1.3191254497982909,1.3378688779137693,1.2756311507563809,0.9534799499526142,0.92123174743958836,1.0279726267542275,True,True,False,3>4>1>2,16,0,0,True,3,0.018295900254216065,0.007692647060971722,0.036072712197721249,0.021309162342076162
10000,0,multi,gaussian_matched,0.050000000000000003,998,14,0.02,1.0124969939609527,1-<5%,True,False,1,0.23577429080154205,0.54458827205468208,0.0075464806088948039,0.061566348872686021,1.3191254497982909,1.3460193948696528,1.2278880049155179,0.91223648752433117,,0.9775069944904603,False,False,False,,-1,,,False,3,0.23577429080154205,0.11380530889933814,0.0051110106899764259,0.021389710500573388
10000,0,multi,gaussian_matched,0.050000000000000003,998,14,0.050000000000000003,1.0124969939609527,1-<5%,True,False,2,0.23577429080154205,0.54458827205468208,0.0075464806088948039,0.061566348872686021,1.3191254497982909,1.3460193948696528,1.2278880049155179,0.91223648752433117,,0.9775069944904603,False,False,False,,-1,,,False,3,0.23577429080154205,0.11380530889933814,0.0051110106899764259,0.021389710500573388
10000,0,multi,gaussian_matched,0.050000000000000003,998,15,0.02,1.0124969939609527,1-<5%,True,False,2,0.08807692113698648,0.50505219256997824,0.084114013942820198,0.034486092806449882,1.3191254497982909,1.2855724878387689,1.1479539214730765,0.89295153119133031,,0.89638177662354612,False,False,False,,-1,,,False,3,0.08807692113698648,0.014987337133153915,0.0014301581609704973,0.021254707311911446
10000,0,multi,gaussian_matched,0.050000000000000003,998,15,0.050000000000000003,1.0124969939609527,1-<5%,True,False,3,0.08807692113698648,0.50505219256997824,0.084114013942820198,0.034486092806449882,1.3191254497982909,1.2855724878387689,1.1479539214730765,0.89295153119133031,,0.89638177662354612,False,False,False,,-1,,,False,3,0.08807692113698648,0.014987337133153915,0.0014301581609704973,0.021254707311911446
10000,0,multi,gaussian_matched,0.050000000000000003,998,16,0.02,1.0124969939609527,1-<5%,True,False,2,0.13922028285974422,0.55215286790457974,0.046123085355346684,0.052296769477994241,1.3191254497982909,1.3067726877376755,1.1409555041817594,0.87310938994066067,,0.90457831273152633,False,False,False,,-1,,,False,3,0.013728580819650631,0.030200548461762299,0.016020246224171,0.13922028285974422
10000,0,multi,gaussian_matched,0.050000000000000003,998,16,0.050000000000000003,1.0124969939609527,1-<5%,True,False,3,0.13922028285974422,0.55215286790457974,0.046123085355346684,0.052296769477994241,1.3191254497982909,1.3067726877376755,1.1409555041817594,0.87310938994066067,,0.90457831273152633,False,False,False,,-1,,,False,3,0.013728580819650631,0.030200548461762299,0.016020246224171,0.13922028285974422
10000,0,multi,gaussian_matched,0.050000000000000003,998,17,0.02,1.0124969939609527,1-<5%,True,False,2,0.090472344143866817,0.48892602822063347,-0.023727413039314721,0.074554438395308981,1.3191254497982909,1.3921154037631711,1.2437917812457289,0.89345450663321924,,0.99940928275064944,False,False,False,,-1,,,False,3,0.090472344143866817,0.019860773112502332,0.023023824123666846,0.0016818934343909879
10000,0,multi,gaussian_matched,0.050000000000000003,998,17,0.050000000000000003,1.0124969939609527,1-<5%,True,False,3,0.090472344143866817,0.48892602822063347,-0.023727413039314721,0.074554438395308981,1.3191254497982909,1.3921154037631711,1.2437917812457289,0.89345450663321924,,0.99940928275064944,False,False,False,,-1,,,False,3,0.090472344143866817,0.019860773112502332,0.023023824123666846,0.0016818934343909879
10000,0,multi,gaussian_matched,0.050000000000000003,998,18,0.02,1.0124969939609527,1-<5%,True,False,1,0.20171876138463499,0.54931531616815155,0.069409703056905178,0.052997518635517112,1.3191254497982909,1.2850333258052073,1.2003283215086635,0.93408341823083285,,0.95011876265129158,False,False,False,,-1,,,False,3,0.20171876138463499,0.020846877159089519,0.016503517721474591,0.023999985790337502
10000,0,multi,gaussian_matched,0.050000000000000003,998,18,0.050000000000000003,1.0124969939609527,1-<5%,True,False,3,0.20171876138463499,0.54931531616815155,0.069409703056905178,0.052997518635517112,1.3191254497982909,1.2850333258052073,1.2003283215086635,0.93408341823083285,,0.95011876265129158,False,False,False,,-1,,,False,3,0.20171876138463499,0.020846877159089519,0.016503517721474591,0.023999985790337502
10000,0,multi,gaussian_matched,0.050000000000000003,998,19,0.02,1.0124969939609527,1-<5%,True,False,3,0.021784881134405285,0.45306859267754795,0.069873220017854537,0.050965693040946274,1.3191254497982909,1.3205696847480533,1.2695375772120836,0.9613559904294593,,1.0010444953927238,False,False,False,,-1,,,False,3,0.019004998133777977,0.007024834118568025,0.021784881134405285,0.013907969908365608
10000,0,multi,gaussian_matched,0.050000000000000003,998,19,0.050000000000000003,1.0124969939609527,1-<5%,True,True,4,0.021784881134405285,0.45306859267754795,0.069873220017854537,0.050965693040946274,1.3191254497982909,1.3205696847480533,1.2695375772120836,0.9613559904294593,0.92859227412217582,1.0010444953927238,True,True,False,3>4>1>2,16,0,0,True,3,0.019004998133777977,0.007024834118568025,0.021784881134405285,0.013907969908365608
10000,0,multi,gaussian_matched,0.050000000000000003,998,20,0.02,1.0124969939609527,1-<5%,True,False,3,0.12332131549569836,0.51054406682020526,0.097185195513663628,0.048348940223872698,1.3191254497982909,1.271394924144158,1.2298280687046619,0.9673061024154419,,0.96895788730630739,False,False,False,,-1,,,False,3,0.012716399199723789,0.12332131549569836,0.0007825114556340568,0.0024194282529538687
10000,0,multi,gaussian_matched,0.050000000000000003,998,20,0.050000000000000003,1.0124969939609527,1-<5%,True,False,3,0.12332131549569836,0.51054406682020526,0.097185195513663628,0.048348940223872698,1.3191254497982909,1.271394924144158,1.2298280687046619,0.9673061024154419,,0.96895788730630739,False,False,False,,-1,,,False,3,0.012716399199723789,0.12332131549569836,0.0007825114556340568,0.0024194282529538687
10000,0,multi,gaussian_matched,0.050000000000000003,998,21,0.02,1.0124969939609527,1-<5%,True,False,2,0.18493895412483799,0.54158317765441566,0.04675906174249745,0.041709283674352851,1.3191254497982909,1.3089341331550086,1.152429809609538,0.88043376700075948,,0.90525059119016171,False,False,False,,-1,,,False,3,0.18493895412483799,0.0091688958720143997,0.012014932951772922,0.11740749012971063
10000,0,multi,gaussian_matched,0.050000000000000003,998,21,0.050000000000000003,1.0124969939609527,1-<5%,True,False,2,0.18493895412483799,0.54158317765441566,0.04675906174249745,0.041709283674352851,1.3191254497982909,1.3089341331550086,1.152429809609538,0.88043376700075948,,0.90525059119016171,False,False,False,,-1,,,False,3,0.18493895412483799,0.0091688958720143997,0.012014932951772922,0.11740749012971063
10000,0,multi,gaussian_matched,0.050000000000000003,998,22,0.02,1.0124969939609527,1-<5%,True,False,2,0.18966009561788669,0.54439761853185431,0.080146751377399031,0.053665399932458932,1.3191254497982909,1.2761068626301846,1.1991556145110611,0.93969842936153547,,0.94973606538717792,False,False,False,,-1,,,False,3,0.18966009561788669,0.020809096303783626,0.013878319358133011,0.019545691385917285
10000,0,multi,gaussian_matched,0.050000000000000003,998,22,0.050000000000000003,1.0124969939609527,1-<5%,True,False,3,0.18966009561788669,0.54439761853185431,0.080146751377399031,0.053665399932458932,1.3191254497982909,1.2761068626301846,1.1991556145110611,0.93969842936153547,,0.94973606538717792,False,False,False,,-1,,,False,3,0.18966009561788669,0.020809096303783626,0.013878319358133011,0.019545691385917285
10000,0,multi,gaussian_matched,0.050000000000000003,998,23,0.02,1.0124969939609527,1-<5%,True,False,1,0.16972576386688118,0.47993055915296257,-0.049079947095252097,0.10109212814215898,1.3191254497982909,1.4190164552361946,1.2412733091324251,0.87474201201269064,,1.017617723530273,False,False,False,,-1,,,False,3,0.029781261527054296,0.16972576386688118,0.032359406936360309,0.0005938465541242855
10000,0,multi,gaussian_matched,0.050000000000000003,998,23,0.050000000000000003,1.0124969939609527,1-<5%,True,False,3,0.16972576386688118,0.47993055915296257,-0.049079947095252097,0.10109212814215898,1.3191254497982909,1.4190164552361946,1.2412733091324251,0.87474201201269064,,1.017617723530273,False,False,False,,-1,,,False,3,0.029781261527054296,0.16972576386688118,0.032359406936360309,0.0005938465541242855
10000,0,multi,gaussian_matched,0.050000000000000003,998,24,0.02,1.0124969939609527,1-<5%,True,False,3,0.03762751021192752,0.48064927339962937,0.014376127591796573,0.040540238101400554,1.3191254497982909,1.3593682452080285,1.2885457494175463,0.94790043386687761,,1.0075508646445863,False,False,False,,-1,,,False,3,0.03762751021192752,0.0080187142802538112,0.016891699719803335,0.0064626185904837355
10000,0,multi,gaussian_matched,0.050000000000000003,998,24,0.050000000000000003,1.0124969939609527,1-<5%,True,True,4,0.03762751021192752,0.48064927339962937,0.014376127591796573,0.040540238101400554,1.3191254497982909,1.3593682452080285,1.2885457494175463,0.94790043386687761,0.9155138788409749,1.0075508646445863,True,True,False,3>4>1>2,16,0,0,True,3,0.03762751021192752,0.0080187142802538112,0.016891699719803335,0.0064626185904837355
10000,0,multi,gaussian_matched,0.050000000000000003,998,25,0.02,1.0124969939609527,1-<5%,True,False,2,0.027874798711382258,0.45073235024704622,0.019469312959533355,0.057960539708862654,1.3191254497982909,1.3666874335779842,1.3030198219190732,0.95341465056700681,,1.031729288397889,False,False,False,,-1,,,False,3,0.027874798711382258,0.0082782555759017967,0.027411406449027814,0.017330411121017297
10000,0,multi,gaussian_matched,0.050000000000000003,998,25,0.050000000000000003,1.0124969939609527,1-<5%,True,True,4,0.027874798711382258,0.45073235024704622,0.019469312959533355,0.057960539708862654,1.3191254497982909,1.3666874335779842,1.3030198219190732,0.95341465056700681,0.92132850236564656,1.031729288397889,True,True,False,3>4>1>2,16,0,0,True,3,0.027874798711382258,0.0082782555759017967,0.027411406449027814,0.017330411121017297
10000,0,multi,gaussian_matched,0.050000000000000003,998,26,0.02,1.0124969939609527,1-<5%,True,False,3,0.027082461566379834,0.48952673602510655,0.077259247661368949,0.029201983517419657,1.3191254497982909,1.2979781359748597,1.2445036051178553,0.95880167055599763,,0.96556820189470149,False,False,False,,-1,,,False,3,0.027082461566379834,0.006961105925702502,0.0069785405618172517,0.0036045486254958634
10000,0,multi,gaussian_matched,0.050000000000000003,998,26,0.050000000000000003,1.0124969939609527,1-<5%,True,True,4,0.027082461566379834,0.48952673602510655,0.077259247661368949,0.029201983517419657,1.3191254497982909,1.2979781359748597,1.2445036051178553,0.95880167055599763,0.92563302753687382,0.96556820189470149,True,True,False,3>4>1>2,16,0,0,True,3,0.027082461566379834,0.006961105925702502,0.0069785405618172517,0.0036045486254958634
10000,0,multi,gaussian_matched,0.050000000000000003,998,27,0.02,1.0124969939609527,1-<5%,True,False,1,0.19001172307375652,0.58940123904654795,0.019999776174611052,0.094300556587071344,1.3191254497982909,1.3247623540124607,1.2607397169261567,0.95167236078803774,,1.0272262382023096,False,False,False,,-1,,,False,3,0.1816510704011636,0.0086582692933911565,0.027909784251233541,0.19001172307375652
10000,0,multi,gaussian_matched,0.050000000000000003,998,27,0.050000000000000003,1.0124969939609527,1-<5%,True,False,2,0.19001172307375652,0.58940123904654795,0.019999776174611052,0.094300556587071344,1.3191254497982909,1.3247623540124607,1.2607397169261567,0.95167236078803774,,1.0272262382023096,False,False,False,,-1,,,False,3,0.1816510704011636,0.0086582692933911565,0.027909784251233541,0.19001172307375652
10000,0,multi,gaussian_matched,0.050000000000000003,998,28,0.02,1.0124969939609527,1-<5%,True,False,3,0.040102781825812353,0.41841326666432427,0.11140151753698513,0.10211043733248504,1.3191254497982909,1.3030459476690812,1.2466120692095024,0.95669079930717027,,1.0224368779695838,False,False,False,,-1,,,False,3,0.010824589519564687,0.0076678380576343103,0.040102781825812353,0.018179325175791603
10000,0,multi,gaussian_matched,0.050000000000000003,998,28,0.050000000000000003,1.0124969939609527,1-<5%,True,True,4,0.040102781825812353,0.41841326666432427,0.11140151753698513,0.10211043733248504,1.3191254497982909,1.3030459476690812,1.2466120692095024,0.95669079930717027,0.92418643393006428,1.0224368779695838,True,True,False,3>4>1>2,16,0,0,True,3,0.010824589519564687,0.0076678380576343103,0.040102781825812353,0.018179325175791603
10000,0,multi,gaussian_matched,0.050000000000000003,998,29,0.02,1.0124969939609527,1-<5%,True,False,2,0.021991746834688485,0.45389135076713372,0.052754400953282557,0.046190846048659293,1.3191254497982909,1.3353990137851346,1.2808557245667846,0.95915581136775807,,1.006004827530516,False,False,False,,-1,,,False,3,0.021991746834688485,0.007225783819691277,0.021961918297249906,0.015031636227230017
10000,0,multi,gaussian_matched,0.050000000000000003,998,29,0.050000000000000003,1.0124969939609527,1-<5%,True,True,4,0.021991746834688485,0.45389135076713372,0.052754400953282557,0.046190846048659293,1.3191254497982909,1.3353990137851346,1.2808557245667846,0.95915581136775807,0.92656149396899046,1.006004827530516,True,True,False,3>4>1>2,16,0,0,True,3,0.021991746834688485,0.007225783819691277,0.021961918297249906,0.015031636227230017
10000,0,multi,gaussian_matched,0.050000000000000003,998,30,0.02,1.0124969939609527,1-<5%,True,False,2,0.21130736990679075,0.53207970415854489,0.021262094662087019,0.043069416319595155,1.3191254497982909,1.3360647832707269,1.2510503419834134,0.93636952163412646,,0.98104373507530618,False,False,False,,-1,,,False,3,0.21130736990679075,0.12666971917065756,0.0032731174246976688,0.0068744051736505211
10000,0,multi,gaussian_matched,0.050000000000000003,998,30,0.050000000000000003,1.0124969939609527,1-<5%,True,False,2,0.21130736990679075,0.53207970415854489,0.021262094662087019,0.043069416319595155,1.3191254497982909,1.3360647832707269,1.2510503419834134,0.93636952163412646,,0.98104373507530618,False,False,False,,-1,,,False,3,0.21130736990679075,0.12666971917065756,0.0032731174246976688,0.0068744051736505211
10000,0,multi,gaussian_matched,0.050000000000000003,998,31,0.02,1.0124969939609527,1-<5%,True,False,3,0.022955202809267175,0.47314228489281024,0.059209141708527757,0.028392695394884836,1.3191254497982909,1.3211908494979503,1.2705474699195358,0.961668384550454,,0.9846979796448041,False,False,False,,-1,,,False,3,0.022955202809267175,0.0068626706845879076,0.013507721579626576,0.0083211265730139729
10000,0,multi,gaussian_matched,0.050000000000000003,998,31,0.050000000000000003,1.0124969939609527,1-<5%,True,True,4,0.022955202809267175,0.47314228489281024,0.059209141708527757,0.028392695394884836,1.3191254497982909,1.3211908494979503,1.2705474699195358,0.961668384550454,0.92881548964698391,0.9846979796448041,True,True,False,3>4>1>2,16,0,0,True,3,0.022955202809267175,0.0068626706845879076,0.013507721579626576,0.0083211265730139729
10000,0,multi,gaussian_matched,0.050000000000000003,999,0,0.02,6.1500955045927368,5-<10%,True,False,3,0.023772610171594679,0.52816522056573667,0.077699615983707976,0.039503776720226209,1.0720482070373869,1.0606547559663526,1.0518588376537901,0.99170708634163562,,1.0180163608407171,False,False,False,,-1,,,False,1,0.0045958583619779315,0.0064724165953736219,0.0034180211925774872,0.023772610171594679
10000,0,multi,gaussian_matched,0.050000000000000003,999,0,0.050000000000000003,6.1500955045927368,5-<10%,True,True,4,0.023772610171594679,0.52816522056573667,0.077699615983707976,0.039503776720226209,1.0720482070373869,1.0606547559663526,1.0518588376537901,0.99170708634163562,0.94323933328242726,1.0180163608407171,True,True,False,4>3>2>1,23,0,0,True,1,0.0045958583619779315,0.0064724165953736219,0.0034180211925774872,0.023772610171594679
10000,0,multi,gaussian_matched,0.050000000000000003,999,1,0.02,6.1500955045927368,5-<10%,True,False,3,0.16824571614076356,0.48089505485685891,-0.031386711915620855,0.083599017968865472,1.0720482070373869,1.1445008070192451,1.1242915769384809,0.98234231906450342,,1.1267129472147162,False,False,False,,-1,,,False,1,0.16824571614076356,0.0060206140985406709,0.019611314480355576,0.011931970583405428
10000,0,multi,gaussian_matched,0.050000000000000003,999,1,0.050000000000000003,6.1500955045927368,5-<10%,True,False,3,0.16824571614076356,0.48089505485685891,-0.031386711915620855,0.083599017968865472,1.0720482070373869,1.1445008070192451,1.1242915769384809,0.98234231906450342,,1.1267129472147162,False,False,False,,-1,,,False,1,0.16824571614076356,0.0060206140985406709,0.019611314480355576,0.011931970583405428
10000,0,multi,gaussian_matched,0.050000000000000003,999,2,0.02,6.1500955045927368,5-<10%,True,False,2,0.15522173924689808,0.4625373378369389,0.098593234333253454,0.061357586974310943,1.0720482070373869,1.0138293212740441,1.0312705232679065,1.0172032921398886,,1.0191968076339619,False,False,False,,-1,,,False,1,0.15522173924689808,0.0058695490470096158,0.031617714621681628,0.013648300223418966
10000,0,multi,gaussian_matched,0.050000000000000003,999,2,0.050000000000000003,6.1500955045927368,5-<10%,True,False,3,0.15522173924689808,0.4625373378369389,0.098593234333253454,0.061357586974310943,1.0720482070373869,1.0138293212740441,1.0312705232679065,1.0172032921398886,,1.0191968076339619,False,False,False,,-1,,,False,1,0.15522173924689808,0.0058695490470096158,0.031617714621681628,0.013648300223418966
10000,0,multi,gaussian_matched,0.050000000000000003,999,3,0.02,6.1500955045927368,5-<10%,True,False,3,0.024778277007429999,0.53755186691590862,0.053413105204370634,0.037706657184192471,1.0720482070373869,1.0861657541304899,1.0699882735132098,0.98510588226911033,,1.0332510454530075,False,False,False,,-1,,,False,1,0.0030143269425757335,0.0055132032177081748,0.0052018469454338072,0.024778277007429999
10000,0,multi,gaussian_matched,0.050000000000000003,999,3,0.050000000000000003,6.1500955045927368,5-<10%,True,True,4,0.024778277007429999,0.53755186691590862,0.053413105204370634,0.037706657184192471,1.0720482070373869,1.0861657541304899,1.0699882735132098,0.98510588226911033,0.93895951790692633,1.0332510454530075,True,True,False,4>3>2>1,23,0,0,True,1,0.0030143269425757335,0.0055132032177081748,0.0052018469454338072,0.024778277007429999
10000,0,multi,gaussian_matched,0.050000000000000003,999,4,0.02,6.1500955045927368,5-<10%,True,False,3,0.041967305902045025,0.55778365378793326,-0.0097550280535804515,0.08312408810187287,1.0720482070373869,1.1509454386119722,1.1157290442598216,0.96940220346620321,,1.1182828575169523,False,False,False,,-1,,,False,1,0.006103657841619238,0.01334696389283945,0.0011952941995626806,0.041967305902045025
10000,0,multi,gaussian_matched,0.050000000000000003,999,4,0.050000000000000003,6.1500955045927368,5-<10%,True,True,4,0.041967305902045025,0.55778365378793326,-0.0097550280535804515,0.08312408810187287,1.0720482070373869,1.1509454386119722,1.1157290442598216,0.96940220346620321,0.93123402346013828,1.1182828575169523,True,True,False,4>3>2>1,23,0,0,True,1,0.006103657841619238,0.01334696389283945,0.0011952941995626806,0.041967305902045025
10000,0,multi,gaussian_matched,0.050000000000000003,999,5,0.02,6.1500955045927368,5-<10%,True,False,2,0.15217642522567729,0.47128912092953368,0.11606644461788537,0.072035336338820935,1.0720482070373869,1.0000394300948525,1.023334574492468,1.0232942259040785,,1.0217543424267754,False,False,False,,-1,,,False,1,0.15217642522567729,0.0026681035839345312,0.02358650139345617,0.0045731738716531609
10000,0,multi,gaussian_matched,0.050000000000000003,999,5,0.050000000000000003,6.1500955045927368,5-<10%,True,False,3,0.15217642522567729,0.47128912092953368,0.11606644461788537,0.072035336338820935,1.0720482070373869,1.0000394300948525,1.023334574492468,1.0232942259040785,,1.0217543424267754,False,False,False,,-1,,,False,1,0.15217642522567729,0.0026681035839345312,0.02358650139345617,0.0045731738716531609
10000,0,multi,gaussian_matched,0.050000000000000003,999,6,0.02,6.1500955045927368,5-<10%,True,False,3,0.16384826641405895,0.49366270704927917,-0.019064857087598822,0.069354998136210086,1.0720482070373869,1.1355280793728935,1.1221671718895827,0.98823374980679524,,1.1114445807605733,False,False,False,,-1,,,False,1,0.16384826641405895,0.0065276192831171887,0.014748483134718026,0.015256250045536541
10000,0,multi,gaussian_matched,0.050000000000000003,999,6,0.050000000000000003,6.1500955045927368,5-<10%,True,False,3,0.16384826641405895,0.49366270704927917,-0.019064857087598822,0.069354998136210086,1.0720482070373869,1.1355280793728935,1.1221671718895827,0.98823374980679524,,1.1114445807605733,False,False,False,,-1,,,False,1,0.16384826641405895,0.0065276192831171887,0.014748483134718026,0.015256250045536541
10000,0,multi,gaussian_matched,0.050000000000000003,999,7,0.02,6.1500955045927368,5-<10%,True,True,4,0.018611349991933309,0.48163432109171433,0.14045126150644854,0.092296960241766299,1.0720482070373869,0.98273125913795401,1.0013983494037855,1.0189951119314207,1.0032670428528536,1.0201922846995721,True,True,False,4>3>2>1,23,0,0,True,1,0.0094923120551670456,0.0029532427822183101,0.018611349991933309,0.0080447538642892859
10000,0,multi,gaussian_matched,0.050000000000000003,999,7,0.050000000000000003,6.1500955045927368,5-<10%,True,True,4,0.018611349991933309,0.48163432109171433,0.14045126150644854,0.092296960241766299,1.0720482070373869,0.98273125913795401,1.0013983494037855,1.0189951119314207,0.97145122172651865,1.0201922846995721,True,True,False,4>3>2>1,23,0,0,True,1,0.0094923120551670456,0.0029532427822183101,0.018611349991933309,0.0080447538642892859
10000,0,multi,gaussian_matched,0.050000000000000003,999,8,0.02,6.1500955045927368,5-<10%,True,False,1,0.20288926028427026,0.37741922097476743,-0.037962586830763756,0.15087565764029848,1.0720482070373869,1.1491664034098226,1.0689654872440737,0.93020948408535475,,1.1378603470224649,False,False,False,,-1,,,False,1,0.20288926028427026,0.014240070172165688,0.18436293946730409,0.052322855055979799
10000,0,multi,gaussian_matched,0.050000000000000003,999,8,0.050000000000000003,6.1500955045927368,5-<10%,True,False,1,0.20288926028427026,0.37741922097476743,-0.037962586830763756,0.15087565764029848,1.0720482070373869,1.1491664034098226,1.0689654872440737,0.93020948408535475,,1.1378603470224649,False,False,False,,-1,,,False,1,0.20288926028427026,0.014240070172165688,0.18436293946730409,0.052322855055979799
10000,0,multi,gaussian_matched,0.050000000000000003,999,9,0.02,6.1500955045927368,5-<10%,True,False,3,0.15352415380794013,0.50120707187969771,0.046628993837563242,0.0035806012162685162,1.0720482070373869,1.0756253431594573,1.0843643469976336,1.0081245797096106,,1.0148283827836866,False,False,False,,-1,,,False,1,0.15352415380794013,0.0040285374785584234,0.0052209448896752535,0.0027716451622824311
10000,0,multi,gaussian_matched,0.050000000000000003,999,9,0.050000000000000003,6.1500955045927368,5-<10%,True,False,3,0.15352415380794013,0.50120707187969771,0.046628993837563242,0.0035806012162685162,1.0720482070373869,1.0756253431594573,1.0843643469976336,1.0081245797096106,,1.0148283827836866,False,False,False,,-1,,,False,1,0.15352415380794013,0.0040285374785584234,0.0052209448896752535,0.0027716451622824311
10000,0,multi,gaussian_matched,0.050000000000000003,999,10,0.02,6.1500955045927368,5-<10%,True,False,1,0.15794336869936429,0.43608374920620552,0.072595113209215398,0.067792523603067728,1.0720482070373869,1.0350113858973828,1.0181068432004223,0.98366728817934324,,1.0129202769755856,False,False,False,,-1,,,False,1,0.15794336869936429,0.0074246979160577393,0.15652938959537979,0.034011090906829321
10000,0,multi,gaussian_matched,0.050000000000000003,999,10,0.050000000000000003,6.1500955045927368,5-<10%,True,False,2,0.15794336869936429,0.43608374920620552,0.072595113209215398,0.067792523603067728,1.0720482070373869,1.0350113858973828,1.0181068432004223,0.98366728817934324,,1.0129202769755856,False,False,False,,-1,,,False,1,0.15794336869936429,0.0074246979160577393,0.15652938959537979,0.034011090906829321
10000,0,multi,gaussian_matched,0.050000000000000003,999,11,0.02,6.1500955045927368,5-<10%,True,True,4,0.013005461898766172,0.51862763560729119,0.051842517254301668,0.018718538355075219,1.0720482070373869,1.0781777519642837,1.0741428044114434,0.99625762306309029,0.98139647458365376,1.0194143655038135,True,True,False,4>3>2>1,23,0,0,True,1,0.0048852855138057589,0.0017653217611195732,0.00010096682097129258,0.013005461898766172
10000,0,multi,gaussian_matched,0.050000000000000003,999,11,0.050000000000000003,6.1500955045927368,5-<10%,True,True,4,0.013005461898766172,0.51862763560729119,0.051842517254301668,0.018718538355075219,1.0720482070373869,1.0781777519642837,1.0741428044114434,0.99625762306309029,0.95348475911084729,1.0194143655038135,True,True,False,4>3>2>1,23,0,0,True,1,0.0048852855138057589,0.0017653217611195732,0.00010096682097129258,0.013005461898766172
10000,0,multi,gaussian_matched,0.050000000000000003,999,12,0.02,6.1500955045927368,5-<10%,True,False,2,0.15930351038575954,0.44024338849832606,0.13297277099236454,0.10225132441349286,1.0720482070373869,0.97543790894026938,0.92065418757727824,0.94383679282824984,,0.95415999511587068,False,False,False,,-1,,,False,1,0.15005579237625738,0.0022130974271699464,0.15930351038575954,0.019923811776098622
10000,0,multi,gaussian_matched,0.050000000000000003,999,12,0.050000000000000003,6.1500955045927368,5-<10%,True,False,2,0.15930351038575954,0.44024338849832606,0.13297277099236454,0.10225132441349286,1.0720482070373869,0.97543790894026938,0.92065418757727824,0.94383679282824984,,0.95415999511587068,False,False,False,,-1,,,False,1,0.15005579237625738,0.0022130974271699464,0.15930351038575954,0.019923811776098622
10000,0,multi,gaussian_matched,0.050000000000000003,999,13,0.02,6.1500955045927368,5-<10%,True,True,4,0.015328206723804414,0.50971800834120662,0.090985269152376286,0.042121633083398946,1.0720482070373869,1.0395978908687509,1.0455860654771931,1.0057600873001369,0.98772939827812156,1.014607077760505,True,True,False,4>3>2>1,23,0,0,True,1,0.005857499290808219,0.0013544145654313825,0.0020206052210621555,0.015328206723804414
10000,0,multi,gaussian_matched,0.050000000000000003,999,13,0.050000000000000003,6.1500955045927368,5-<10%,True,True,4,0.015328206723804414,0.50971800834120662,0.090985269152376286,0.042121633083398946,1.0720482070373869,1.0395978908687509,1.0455860654771931,1.0057600873001369,0.95845449016332096,1.014607077760505,True,True,False,4>3>2>1,23,0,0,True,1,0.005857499290808219,0.0013544145654313825,0.0020206052210621555,0.015328206723804414
10000,0,multi,gaussian_matched,0.050000000000000003,999,14,0.02,6.1500955045927368,5-<10%,True,False,2,0.15503804113470918,0.46229282080657441,0.10058673012894592,0.063093966651843289,1.0720482070373869,1.0118440252112879,1.0290627816761644,1.0170172042684948,,1.0187571241280193,False,False,False,,-1,,,False,1,0.15503804113470918,0.00559389948821479,0.032304856532175102,0.013416850896053122
10000,0,multi,gaussian_matched,0.050000000000000003,999,14,0.050000000000000003,6.1500955045927368,5-<10%,True,False,3,0.15503804113470918,0.46229282080657441,0.10058673012894592,0.063093966651843289,1.0720482070373869,1.0118440252112879,1.0290627816761644,1.0170172042684948,,1.0187571241280193,False,False,False,,-1,,,False,1,0.15503804113470918,0.00559389948821479,0.032304856532175102,0.013416850896053122
10000,0,multi,gaussian_matched,0.050000000000000003,999,15,0.02,6.1500955045927368,5-<10%,True,False,3,0.026263124022112564,0.53598870567873347,0.015529069250358359,0.049834044619889051,1.0720482070373869,1.1184131935372819,1.0990074031401915,0.98264881842486651,,1.0716322644994785,False,False,False,,-1,,,False,1,0.0060970741668073033,0.0061081660013886773,0.00066147625457235011,0.026263124022112564
10000,0,multi,gaussian_matched,0.050000000000000003,999,15,0.050000000000000003,6.1500955045927368,5-<10%,True,True,4,0.026263124022112564,0.53598870567873347,0.015529069250358359,0.049834044619889051,1.0720482070373869,1.1184131935372819,1.0990074031401915,0.98264881842486651,0.9433490225535206,1.0716322644994785,True,True,False,4>3>2>1,23,0,0,True,1,0.0060970741668073033,0.0061081660013886773,0.00066147625457235011,0.026263124022112564
10000,0,multi,gaussian_matched,0.050000000000000003,999,16,0.02,6.1500955045927368,5-<10%,True,False,3,0.046091725636715528,0.57187317710345764,0.0049295940801138277,0.084835694590946198,1.0720482070373869,1.1454886776929265,1.1014990834075915,0.96159753025762562,,1.1066058132562737,False,False,False,,-1,,,False,1,0.0014796179391506356,0.015657918185399911,0.0083256573690689492,0.046091725636715528
10000,0,multi,gaussian_matched,0.050000000000000003,999,16,0.050000000000000003,6.1500955045927368,5-<10%,True,True,4,0.046091725636715528,0.57187317710345764,0.0049295940801138277,0.084835694590946198,1.0720482070373869,1.1454886776929265,1.1014990834075915,0.96159753025762562,0.91918190770008334,1.1066058132562737,True,True,False,4>3>2>1,23,0,0,True,1,0.0014796179391506356,0.015657918185399911,0.0083256573690689492,0.046091725636715528
10000,0,multi,gaussian_matched,0.050000000000000003,999,17,0.02,6.1500955045927368,5-<10%,True,True,4,0.009919680726260996,0.51093337875966938,0.065572207643034189,0.01902714960208601,1.0720482070373869,1.062449684713543,1.0643392529918758,1.0017785014250744,0.98679107936972166,1.0105575434782479,True,True,False,4>3>2>1,23,0,0,True,1,0.0055382803747867238,0.0035207189892726,0.0015061566090247361,0.009919680726260996
10000,0,multi,gaussian_matched,0.050000000000000003,999,17,0.050000000000000003,6.1500955045927368,5-<10%,True,True,4,0.009919680726260996,0.51093337875966938,0.065572207643034189,0.01902714960208601,1.0720482070373869,1.062449684713543,1.0643392529918758,1.0017785014250744,0.95836832639343428,1.0105575434782479,True,True,False,4>3>2>1,23,0,0,True,1,0.0055382803747867238,0.0035207189892726,0.0015061566090247361,0.009919680726260996
10000,0,multi,gaussian_matched,0.050000000000000003,999,18,0.02,6.1500955045927368,5-<10%,True,True,4,0.013458573897375621,0.51890420062639986,0.055676627495631063,0.019738107838577927,1.0720482070373869,1.074905494768281,1.0714438897538741,0.99677961920256708,0.98126090576765945,1.0178478826133588,True,True,False,4>3>2>1,23,0,0,True,1,0.0045499653707473716,0.0018430253686621335,0.00038792067842659679,0.013458573897375621
10000,0,multi,gaussian_matched,0.050000000000000003,999,18,0.050000000000000003,6.1500955045927368,5-<10%,True,True,4,0.013458573897375621,0.51890420062639986,0.055676627495631063,0.019738107838577927,1.0720482070373869,1.074905494768281,1.0714438897538741,0.99677961920256708,0.95324725701659285,1.0178478826133588,True,True,False,4>3>2>1,23,0,0,True,1,0.0045499653707473716,0.0018430253686621335,0.00038792067842659679,0.013458573897375621
10000,0,multi,gaussian_matched,0.050000000000000003,999,19,0.02,6.1500955045927368,5-<10%,True,False,2,0.15832130487469964,0.53164362333028936,-0.028423960540747403,0.0845673488077162,1.0720482070373869,1.156614892616888,1.1340968013368489,0.9805310380976584,,1.1367624535396148,False,False,False,,-1,,,False,1,0.15832130487469964,0.0040682664531455906,0.0084161497075357083,0.034757637618810414
10000,0,multi,gaussian_matched,0.050000000000000003,999,19,0.050000000000000003,6.1500955045927368,5-<10%,True,False,3,0.15832130487469964,0.53164362333028936,-0.028423960540747403,0.0845673488077162,1.0720482070373869,1.156614892616888,1.1340968013368489,0.9805310380976584,,1.1367624535396148,False,False,False,,-1,,,False,1,0.15832130487469964,0.0040682664531455906,0.0084161497075357083,0.034757637618810414
10000,0,multi,gaussian_matched,0.050000000000000003,999,20,0.02,6.1500955045927368,5-<10%,True,False,2,0.16666886301755576,0.51204754101947858,-0.075996825300464269,0.12657149454127392,1.0720482070373869,1.1953032345415746,1.154799426023692,0.9661141981821737,,1.1952549448368968,False,False,False,,-1,,,False,1,0.16666886301755576,0.0043695488116289455,0.018900885520745481,0.037442451197993894
10000,0,multi,gaussian_matched,0.050000000000000003,999,20,0.050000000000000003,6.1500955045927368,5-<10%,True,False,3,0.16666886301755576,0.51204754101947858,-0.075996825300464269,0.12657149454127392,1.0720482070373869,1.1953032345415746,1.154799426023692,0.9661141981821737,,1.1952549448368968,False,False,False,,-1,,,False,1,0.16666886301755576,0.0043695488116289455,0.018900885520745481,0.037442451197993894
10000,0,multi,gaussian_matched,0.050000000000000003,999,21,0.02,6.1500955045927368,5-<10%,True,True,4,0.013330115744551185,0.51725456201944719,0.03453756128575055,0.02316909410129947,1.0720482070373869,1.0931237082818575,1.0838146402251787,0.99148397570544833,0.98154632135532793,1.0325876458351027,True,True,False,4>3>2>1,23,0,0,True,1,0.0092667378942801713,0.00035991085268213493,0.0016676064701070432,0.013330115744551185
10000,0,multi,gaussian_matched,0.050000000000000003,999,21,0.050000000000000003,6.1500955045927368,5-<10%,True,True,4,0.013330115744551185,0.51725456201944719,0.03453756128575055,0.02316909410129947,1.0720482070373869,1.0931237082818575,1.0838146402251787,0.99148397570544833,0.9540684266871452,1.0325876458351027,True,True,False,4>3>2>1,23,0,0,True,1,0.0092667378942801713,0.00035991085268213493,0.0016676064701070432,0.013330115744551185
10000,0,multi,gaussian_matched,0.050000000000000003,999,22,0.02,6.1500955045927368,5-<10%,True,False,2,0.036137336224223812,0.50645274131083373,0.17600610732100186,0.12617122077802204,1.0720482070373869,0.97331317696096875,0.96701508513457224,0.99352922371187724,,1.019717489135701,False,False,False,,-1,,,False,1,0.01052155665445686,0.025987846579060777,0.011125072888034103,0.036137336224223812
10000,0,multi,gaussian_matched,0.050000000000000003,999,22,0.050000000000000003,6.1500955045927368,5-<10%,True,True,4,0.036137336224223812,0.50645274131083373,0.17600610732100186,0.12617122077802204,1.0720482070373869,0.97331317696096875,0.96701508513457224,0.99352922371187724,0.93722606449217738,1.019717489135701,True,True,False,4>3>2>1,23,0,0,True,1,0.01052155665445686,0.025987846579060777,0.011125072888034103,0.036137336224223812
10000,0,multi,gaussian_matched,0.050000000000000003,999,23,0.02,6.1500955045927368,5-<10%,True,True,4,0.017227860521823301,0.51502436623710113,0.084806400800189974,0.037910646492641212,1.0720482070373869,1.0476249293883977,1.0497394690771729,1.0020184129161662,0.9835520187884641,1.0145533646994693,True,True,False,4>3>2>1,23,0,0,True,1,0.0053244837828787016,0.001923090581162858,0.0002675116305157343,0.017227860521823301
10000,0,multi,gaussian_matched,0.050000000000000003,999,23,0.050000000000000003,6.1500955045927368,5-<10%,True,True,4,0.017227860521823301,0.51502436623710113,0.084806400800189974,0.037910646492641212,1.0720482070373869,1.0476249293883977,1.0497394690771729,1.0020184129161662,0.95458752422771409,1.0145533646994693,True,True,False,4>3>2>1,23,0,0,True,1,0.0053244837828787016,0.001923090581162858,0.0002675116305157343,0.017227860521823301
10000,0,multi,gaussian_matched,0.050000000000000003,999,24,0.02,6.1500955045927368,5-<10%,True,False,2,0.19788005333561939,0.55667291905925165,0.16210012753885239,0.12561153748331982,1.0720482070373869,1.023302757683576,0.96284779617536143,0.94092172521349893,,1.0153081983753758,False,False,False,,-1,,,False,1,0.0037066249057641988,0.19788005333561939,0.006132143214042202,0.071886668493394826
10000,0,multi,gaussian_matched,0.050000000000000003,999,24,0.050000000000000003,6.1500955045927368,5-<10%,True,False,2,0.19788005333561939,0.55667291905925165,0.16210012753885239,0.12561153748331982,1.0720482070373869,1.023302757683576,0.96284779617536143,0.94092172521349893,,1.0153081983753758,False,False,False,,-1,,,False,1,0.0037066249057641988,0.19788005333561939,0.006132143214042202,0.071886668493394826
10000,0,multi,gaussian_matched,0.050000000000000003,999,25,0.02,6.1500955045927368,5-<10%,True,False,3,0.15358858630690952,0.50583570077701423,0.037672810573416357,0.013638731712212838,1.0720482070373869,1.0856683957545938,1.0904151844641536,1.0043722270337072,,1.0298547294131741,False,False,False,,-1,,,False,1,0.15358858630690952,0.0017341507161283045,0.0045075772045118411,0.0067508079039247182
10000,0,multi,gaussian_matched,0.050000000000000003,999,25,0.050000000000000003,6.1500955045927368,5-<10%,True,False,3,0.15358858630690952,0.50583570077701423,0.037672810573416357,0.013638731712212838,1.0720482070373869,1.0856683957545938,1.0904151844641536,1.0043722270337072,,1.0298547294131741,False,False,False,,-1,,,False,1,0.15358858630690952,0.0017341507161283045,0.0045075772045118411,0.0067508079039247182
10000,0,multi,gaussian_matched,0.050000000000000003,999,26,0.02,6.1500955045927368,5-<10%,True,False,2,0.15077491151652761,0.54293159435053129,-0.01819992715413149,0.080587541576272279,1.0720482070373869,1.1517715537019415,1.0616995289746991,0.9217969705557153,,1.0655183815918969,False,False,False,,-1,,,False,1,0.15077491151652761,0.013069962698390452,0.0040723955357674854,0.037353831810343532
10000,0,multi,gaussian_matched,0.050000000000000003,999,26,0.050000000000000003,6.1500955045927368,5-<10%,True,False,3,0.15077491151652761,0.54293159435053129,-0.01819992715413149,0.080587541576272279,1.0720482070373869,1.1517715537019415,1.0616995289746991,0.9217969705557153,,1.0655183815918969,False,False,False,,-1,,,False,1,0.15077491151652761,0.013069962698390452,0.0040723955357674854,0.037353831810343532
10000,0,multi,gaussian_matched,0.050000000000000003,999,27,0.02,6.1500955045927368,5-<10%,True,False,1,0.16685008446381233,0.44515394104114064,0.035001505776087176,0.056859871722537536,1.0720482070373869,1.0732594883636986,1.059538253268395,0.98721536101560758,,1.0413693317729684,False,False,False,,-1,,,False,1,0.16685008446381233,0.014531467015321924,0.047742098925887995,0.024133892448675111
10000,0,multi,gaussian_matched,0.050000000000000003,999,27,0.050000000000000003,6.1500955045927368,5-<10%,True,False,3,0.16685008446381233,0.44515394104114064,0.035001505776087176,0.056859871722537536,1.0720482070373869,1.0732594883636986,1.059538253268395,0.98721536101560758,,1.0413693317729684,False,False,False,,-1,,,False,1,0.16685008446381233,0.014531467015321924,0.047742098925887995,0.024133892448675111
10000,0,multi,gaussian_matched,0.050000000000000003,999,28,0.02,6.1500955045927368,5-<10%,True,False,2,0.034813385986116746,0.5340860247250675,0.10298296968818629,0.063000413955284301,1.0720482070373869,1.0438607161342268,1.0198765254654227,0.97702357192094957,,1.0101009752287589,False,False,False,,-1,,,False,1,0.0062476999515179502,0.022359746724768405,0.0044171397624301239,0.034813385986116746
10000,0,multi,gaussian_matched,0.050000000000000003,999,28,0.050000000000000003,6.1500955045927368,5-<10%,True,True,4,0.034813385986116746,0.5340860247250675,0.10298296968818629,0.063000413955284301,1.0720482070373869,1.0438607161342268,1.0198765254654227,0.97702357192094957,0.92491987989751778,1.0101009752287589,True,True,False,4>3>2>1,23,0,0,True,1,0.0062476999515179502,0.022359746724768405,0.0044171397624301239,0.034813385986116746
10000,0,multi,gaussian_matched,0.050000000000000003,999,29,0.02,6.1500955045927368,5-<10%,True,False,1,0.1772575713946796,0.42938475687643901,0.062429242621138484,0.071700757552028371,1.0720482070373869,1.0448293842377074,1.0386319109327273,0.99406843509717935,,1.0357115111018824,False,False,False,,-1,,,False,1,0.16197568040518101,0.010962632413195663,0.1772575713946796,0.03884442082241979
10000,0,multi,gaussian_matched,0.050000000000000003,999,29,0.050000000000000003,6.1500955045927368,5-<10%,True,False,2,0.1772575713946796,0.42938475687643901,0.062429242621138484,0.071700757552028371,1.0720482070373869,1.0448293842377074,1.0386319109327273,0.99406843509717935,,1.0357115111018824,False,False,False,,-1,,,False,1,0.16197568040518101,0.010962632413195663,0.1772575713946796,0.03884442082241979
10000,0,multi,gaussian_matched,0.050000000000000003,999,30,0.02,6.1500955045927368,5-<10%,True,False,3,0.15285504244817469,0.48182534180177128,0.092036615853649931,0.045797328230474041,1.0720482070373869,1.0262625760755988,1.0494126186101149,1.0225576212893208,,1.0216051289962134,False,False,False,,-1,,,False,1,0.15285504244817469,0.0051805731040800848,0.013420637939452893,0.0027290317795050632
10000,0,multi,gaussian_matched,0.050000000000000003,999,30,0.050000000000000003,6.1500955045927368,5-<10%,True,False,3,0.15285504244817469,0.48182534180177128,0.092036615853649931,0.045797328230474041,1.0720482070373869,1.0262625760755988,1.0494126186101149,1.0225576212893208,,1.0216051289962134,False,False,False,,-1,,,False,1,0.15285504244817469,0.0051805731040800848,0.013420637939452893,0.0027290317795050632
10000,0,multi,gaussian_matched,0.050000000000000003,999,31,0.02,6.1500955045927368,5-<10%,True,False,3,0.021978757420681214,0.49050612977819191,0.16763650267840702,0.11801898294001434,1.0720482070373869,0.9666137044019445,0.98180175725659846,1.0157126396878999,,1.0259060487923164,False,False,False,,-1,,,False,1,0.010321264009642278,0.011442382387572581,0.017095377961706671,0.021978757420681214
10000,0,multi,gaussian_matched,0.050000000000000003,999,31,0.050000000000000003,6.1500955045927368,5-<10%,True,True,4,0.021978757420681214,0.49050612977819191,0.16763650267840702,0.11801898294001434,1.0720482070373869,0.9666137044019445,0.98180175725659846,1.0157126396878999,0.96241075488648198,1.0259060487923164,True,True,False,4>3>2>1,23,0,0,True,1,0.010321264009642278,0.011442382387572581,0.017095377961706671,0.021978757420681214
