budget,seed,mode,init_name,init_sigma,layout_index,draw_id,tolerance,gap_percent,gap_bin,numeric_valid,success,visited_count,worst_distance,initial_x,initial_y,initial_offset,optimal_nominal,optimal_sampled_start,path_length,path_length_ratio_sampled_start,completion_length_ratio_sampled_start,path_plus_connector_ratio_nominal,success_with_connector,order_evaluable,order_ambiguous,actual_order,order_class,order_excess_nominal_percent,order_excess_sampled_start_percent,success_nearopt_order,available_nearopt_center_orders,target_1_distance,target_2_distance,target_3_distance,target_4_distance
10000,0,multi,gaussian_matched,0.050000000000000003,872,0,0.02,4.065655549057869,1-<5%,True,False,1,0.049949756197191761,0.46917579006833898,0.11525139156107689,0.072165615209517101,1.5698948391243321,1.5651742856231552,1.5337494541048433,0.97992247137781174,,1.0229443586234859,False,False,False,,-1,,,False,2,0.029022178350988026,0.035929666653785816,0.0022437230587482315,0.049949756197191761
10000,0,multi,gaussian_matched,0.050000000000000003,872,0,0.050000000000000003,4.065655549057869,1-<5%,True,True,4,0.049949756197191761,0.46917579006833898,0.11525139156107689,0.072165615209517101,1.5698948391243321,1.5651742856231552,1.5337494541048433,0.97992247137781174,0.94014885671654425,1.0229443586234859,True,True,False,4>1>2>3,18,0,0,True,2,0.029022178350988026,0.035929666653785816,0.0022437230587482315,0.049949756197191761
10000,0,multi,gaussian_matched,0.050000000000000003,872,1,0.02,4.065655549057869,1-<5%,True,False,2,0.068280457731101682,0.44016537041264731,0.0098362439169658242,0.072064625167644961,1.5698948391243321,1.6418995681666428,1.5497360720850275,0.94386776276180784,,1.0330632707585004,False,False,False,,-1,,,False,2,0.068280457731101682,0.0036643186477164878,0.0054219100112187267,0.040572137901463079
10000,0,multi,gaussian_matched,0.050000000000000003,872,1,0.050000000000000003,4.065655549057869,1-<5%,True,False,3,0.068280457731101682,0.44016537041264731,0.0098362439169658242,0.072064625167644961,1.5698948391243321,1.6418995681666428,1.5497360720850275,0.94386776276180784,,1.0330632707585004,False,False,False,,-1,,,False,2,0.068280457731101682,0.0036643186477164878,0.0054219100112187267,0.040572137901463079
10000,0,multi,gaussian_matched,0.050000000000000003,872,2,0.02,4.065655549057869,1-<5%,True,False,2,0.15442423950764075,0.55277377895075219,0.036629428080461941,0.054441197068014535,1.5698948391243321,1.5390281531676777,1.5384693104297655,0.9996368859550997,,1.0146606433755052,False,False,False,,-1,,,False,2,0.014445669853515669,0.15442423950764075,0.0066305266781133375,0.027853626152035009
10000,0,multi,gaussian_matched,0.050000000000000003,872,2,0.050000000000000003,4.065655549057869,1-<5%,True,False,3,0.15442423950764075,0.55277377895075219,0.036629428080461941,0.054441197068014535,1.5698948391243321,1.5390281531676777,1.5384693104297655,0.9996368859550997,,1.0146606433755052,False,False,False,,-1,,,False,2,0.014445669853515669,0.15442423950764075,0.0066305266781133375,0.027853626152035009
10000,0,multi,gaussian_matched,0.050000000000000003,872,3,0.02,4.065655549057869,1-<5%,True,False,2,0.042325828466364041,0.4893431006352541,0.084951355571168674,0.036539933775700591,1.5698948391243321,1.5598924844352942,1.5284312419632529,0.97983114683482131,,0.99686369859771951,False,False,False,,-1,,,False,2,0.018166611189381981,0.042325828466364041,0.0031469936981383113,0.024891909378223446
10000,0,multi,gaussian_matched,0.050000000000000003,872,3,0.050000000000000003,4.065655549057869,1-<5%,True,True,4,0.042325828466364041,0.4893431006352541,0.084951355571168674,0.036539933775700591,1.5698948391243321,1.5598924844352942,1.5284312419632529,0.97983114683482131,0.94099892260201989,0.99686369859771951,True,True,False,4>1>2>3,18,0,0,True,2,0.018166611189381981,0.042325828466364041,0.0031469936981383113,0.024891909378223446
10000,0,multi,gaussian_matched,0.050000000000000003,872,4,0.02,4.065655549057869,1-<5%,True,False,2,0.09080308278037294,0.42911289480983694,0.02160910163283046,0.076361147138686913,1.5698948391243321,1.6442978334327778,1.553738836564925,0.94492542955019643,,1.0383497945715023,False,False,False,,-1,,,False,2,0.09080308278037294,0.012524526171060204,0.010134601599630455,0.048229990390577647
10000,0,multi,gaussian_matched,0.050000000000000003,872,4,0.050000000000000003,4.065655549057869,1-<5%,True,False,3,0.09080308278037294,0.42911289480983694,0.02160910163283046,0.076361147138686913,1.5698948391243321,1.6442978334327778,1.553738836564925,0.94492542955019643,,1.0383497945715023,False,False,False,,-1,,,False,2,0.09080308278037294,0.012524526171060204,0.010134601599630455,0.048229990390577647
10000,0,multi,gaussian_matched,0.050000000000000003,872,5,0.02,4.065655549057869,1-<5%,True,False,1,0.058132534986501824,0.45352321196982248,0.11585246301893778,0.080601728959511912,1.5698948391243321,1.5795844769420757,1.5376648886286373,0.97346163568624655,,1.0308121138169983,False,False,False,,-1,,,False,2,0.038858330311148603,0.033056762575571427,0.00040660227749785314,0.058132534986501824
10000,0,multi,gaussian_matched,0.050000000000000003,872,5,0.050000000000000003,4.065655549057869,1-<5%,True,False,3,0.058132534986501824,0.45352321196982248,0.11585246301893778,0.080601728959511912,1.5698948391243321,1.5795844769420757,1.5376648886286373,0.97346163568624655,,1.0308121138169983,False,False,False,,-1,,,False,2,0.038858330311148603,0.033056762575571427,0.00040660227749785314,0.058132534986501824
10000,0,multi,gaussian_matched,0.050000000000000003,872,6,0.02,4.065655549057869,1-<5%,True,False,2,0.16008814327663495,0.5624351327780599,0.051231695624732634,0.06244728079849398,1.5698948391243321,1.5218182563146119,1.5320356460686138,1.0067139355909327,,1.0156622514642386,False,False,False,,-1,,,False,2,0.011931653013804609,0.16008814327663495,0.0066490759871462579,0.024914251549733948
10000,0,multi,gaussian_matched,0.050000000000000003,872,6,0.050000000000000003,4.065655549057869,1-<5%,True,False,3,0.16008814327663495,0.5624351327780599,0.051231695624732634,0.06244728079849398,1.5698948391243321,1.5218182563146119,1.5320356460686138,1.0067139355909327,,1.0156622514642386,False,False,False,,-1,,,False,2,0.011931653013804609,0.16008814327663495,0.0066490759871462579,0.024914251549733948
10000,0,multi,gaussian_matched,0.050000000000000003,872,7,0.02,4.065655549057869,1-<5%,True,False,2,0.031714890987734098,0.46459765916570755,0.069485899770117238,0.040410716727106749,1.5698948391243321,1.5890400757050545,1.5510183697037507,0.97607253172363606,,1.0137169998714926,False,False,False,,-1,,,False,2,0.029177835838141274,0.019571378366231698,0.00029241019070500702,0.031714890987734098
10000,0,multi,gaussian_matched,0.050000000000000003,872,7,0.050000000000000003,4.065655549057869,1-<5%,True,True,4,0.031714890987734098,0.46459765916570755,0.069485899770117238,0.040410716727106749,1.5698948391243321,1.5890400757050545,1.5510183697037507,0.97607253172363606,0.94005579864395716,1.0137169998714926,True,True,False,4>1>2>3,18,0,0,True,2,0.029177835838141274,0.019571378366231698,0.00029241019070500702,0.031714890987734098
10000,0,multi,gaussian_matched,0.050000000000000003,872,8,0.02,4.065655549057869,1-<5%,True,False,1,0.043449872069321528,0.45998934986409612,0.092634115602540146,0.058468110432170303,1.5698948391243321,1.5825522673999126,1.5447539592059711,0.97611560201038861,,1.0212289573054452,False,False,False,,-1,,,False,2,0.033293565797611009,0.026126991395690236,0.00044500278708656455,0.043449872069321528
10000,0,multi,gaussian_matched,0.050000000000000003,872,8,0.050000000000000003,4.065655549057869,1-<5%,True,True,4,0.043449872069321528,0.45998934986409612,0.092634115602540146,0.058468110432170303,1.5698948391243321,1.5825522673999126,1.5447539592059711,0.97611560201038861,0.93809530373248928,1.0212289573054452,True,True,False,4>1>2>3,18,0,0,True,2,0.033293565797611009,0.026126991395690236,0.00044500278708656455,0.043449872069321528
10000,0,multi,gaussian_matched,0.050000000000000003,872,9,0.02,4.065655549057869,1-<5%,True,False,2,0.1592572402741618,0.57537586706368682,0.052621143423542391,0.075421427515324629,1.5698948391243321,1.5119129093892372,1.5278790555751036,1.010560228758359,,1.0212789055251175,False,False,False,,-1,,,False,2,0.014464683408656887,0.1592572402741618,0.0079724442733519595,0.029983092232698311
10000,0,multi,gaussian_matched,0.050000000000000003,872,9,0.050000000000000003,4.065655549057869,1-<5%,True,False,3,0.1592572402741618,0.57537586706368682,0.052621143423542391,0.075421427515324629,1.5698948391243321,1.5119129093892372,1.5278790555751036,1.010560228758359,,1.0212789055251175,False,False,False,,-1,,,False,2,0.014464683408656887,0.1592572402741618,0.0079724442733519595,0.029983092232698311
10000,0,multi,gaussian_matched,0.050000000000000003,872,10,0.02,4.065655549057869,1-<5%,True,False,3,0.15025629713295888,0.52152785905332133,0.019462857393545769,0.037362625630255053,1.5698948391243321,1.5732333979854309,1.5459296754584715,0.98264483670260072,,1.0085339868827567,False,False,False,,-1,,,False,2,0.012910965857264365,0.15025629713295888,0.0053692010218704678,0.013836495338024361
10000,0,multi,gaussian_matched,0.050000000000000003,872,10,0.050000000000000003,4.065655549057869,1-<5%,True,False,3,0.15025629713295888,0.52152785905332133,0.019462857393545769,0.037362625630255053,1.5698948391243321,1.5732333979854309,1.5459296754584715,0.98264483670260072,,1.0085339868827567,False,False,False,,-1,,,False,2,0.012910965857264365,0.15025629713295888,0.0053692010218704678,0.013836495338024361
10000,0,multi,gaussian_matched,0.050000000000000003,872,11,0.02,4.065655549057869,1-<5%,True,False,1,0.10207710138481393,0.41041837102282747,0.11730761111791282,0.11204991193483366,1.5698948391243321,1.6199215022707742,1.4921805779081694,0.92114375654404235,,1.021871306193874,False,False,False,,-1,,,False,2,0.10207710138481393,0.026511129902009288,0.0070833345781863922,0.087487868771395
10000,0,multi,gaussian_matched,0.050000000000000003,872,11,0.050000000000000003,4.065655549057869,1-<5%,True,False,2,0.10207710138481393,0.41041837102282747,0.11730761111791282,0.11204991193483366,1.5698948391243321,1.6199215022707742,1.4921805779081694,0.92114375654404235,,1.021871306193874,False,False,False,,-1,,,False,2,0.10207710138481393,0.026511129902009288,0.0070833345781863922,0.087487868771395
10000,0,multi,gaussian_matched,0.050000000000000003,872,12,0.02,4.065655549057869,1-<5%,True,False,1,0.032127403513918087,0.47572432541234033,0.086002855453542582,0.043422505426272053,1.5698948391243321,1.5713788509061475,1.5410837230516001,0.98072067227004012,,1.0093072408351187,False,False,False,,-1,,,False,2,0.024230535341313392,0.027397681221147257,0.0018283851971821604,0.032127403513918087
10000,0,multi,gaussian_matched,0.050000000000000003,872,12,0.050000000000000003,4.065655549057869,1-<5%,True,True,4,0.032127403513918087,0.47572432541234033,0.086002855453542582,0.043422505426272053,1.5698948391243321,1.5713788509061475,1.5410837230516001,0.98072067227004012,0.94350105837534748,1.0093072408351187,True,True,False,4>1>2>3,18,0,0,True,2,0.024230535341313392,0.027397681221147257,0.0018283851971821604,0.032127403513918087
10000,0,multi,gaussian_matched,0.050000000000000003,872,13,0.02,4.065655549057869,1-<5%,True,False,2,0.096039700674814113,0.49952753742520506,-0.046198941214239606,0.096200101411720501,1.5698948391243321,1.6362018728971393,1.550953521717489,0.94789863488622872,,1.0492127129024587,False,False,False,,-1,,,False,2,0.036670866011179193,0.096039700674814113,0.0051514758234554895,0.0010145090475130068
10000,0,multi,gaussian_matched,0.050000000000000003,872,13,0.050000000000000003,4.065655549057869,1-<5%,True,False,3,0.096039700674814113,0.49952753742520506,-0.046198941214239606,0.096200101411720501,1.5698948391243321,1.6362018728971393,1.550953521717489,0.94789863488622872,,1.0492127129024587,False,False,False,,-1,,,False,2,0.036670866011179193,0.096039700674814113,0.0051514758234554895,0.0010145090475130068
10000,0,multi,gaussian_matched,0.050000000000000003,872,14,0.02,4.065655549057869,1-<5%,True,False,2,0.043713212497528249,0.45064489791901635,0.024505545822228234,0.055550817232933855,1.5698948391243321,1.6248527369669434,1.5577224899809687,0.95868533470221773,,1.0276314483037388,False,False,False,,-1,,,False,2,0.043713212497528249,0.0072121473257831361,0.0022003551135014849,0.033869702547026564
10000,0,multi,gaussian_matched,0.050000000000000003,872,14,0.050000000000000003,4.065655549057869,1-<5%,True,True,4,0.043713212497528249,0.45064489791901635,0.024505545822228234,0.055550817232933855,1.5698948391243321,1.6248527369669434,1.5577224899809687,0.95868533470221773,0.92525320933642785,1.0276314483037388,True,True,False,4>1>2>3,18,0,0,True,2,0.043713212497528249,0.0072121473257831361,0.0022003551135014849,0.033869702547026564
10000,0,multi,gaussian_matched,0.050000000000000003,872,15,0.02,4.065655549057869,1-<5%,True,False,3,0.18211304799240949,0.5897977027074861,0.099511826307807597,0.10254290982743061,1.5698948391243321,1.4687793255667938,1.5074683248003171,1.0263409203547942,,1.0255535558839037,False,False,False,,-1,,,False,2,0.0031920017537635029,0.18211304799240949,0.0071742432224358686,0.010693565005950072
10000,0,multi,gaussian_matched,0.050000000000000003,872,15,0.050000000000000003,4.065655549057869,1-<5%,True,False,3,0.18211304799240949,0.5897977027074861,0.099511826307807597,0.10254290982743061,1.5698948391243321,1.4687793255667938,1.5074683248003171,1.0263409203547942,,1.0255535558839037,False,False,False,,-1,,,False,2,0.0031920017537635029,0.18211304799240949,0.0071742432224358686,0.010693565005950072
10000,0,multi,gaussian_matched,0.050000000000000003,872,16,0.02,4.065655549057869,1-<5%,True,False,3,0.16982761046218256,0.52686297828221962,0.059048097780117312,0.028345858174159529,1.5698948391243321,1.5430680264976229,1.5341296382275984,0.99420739195127228,,0.99527398744318918,False,False,False,,-1,,,False,2,0.00073137719887219309,0.16982761046218256,0.0065336783559489563,0.0052188846787775845
10000,0,multi,gaussian_matched,0.050000000000000003,872,16,0.050000000000000003,4.065655549057869,1-<5%,True,False,3,0.16982761046218256,0.52686297828221962,0.059048097780117312,0.028345858174159529,1.5698948391243321,1.5430680264976229,1.5341296382275984,0.99420739195127228,,0.99527398744318918,False,False,False,,-1,,,False,2,0.00073137719887219309,0.16982761046218256,0.0065336783559489563,0.0052188846787775845
10000,0,multi,gaussian_matched,0.050000000000000003,872,17,0.02,4.065655549057869,1-<5%,True,False,2,0.1600332912583104,0.58171308754136464,0.05531255081552322,0.081885602346873143,1.5698948391243321,1.5056741549538422,1.5247451084757524,1.0126660562374432,,1.02340021177392,False,False,False,,-1,,,False,2,0.014558847267627085,0.1600332912583104,0.0089474524289628547,0.03145625819253528
10000,0,multi,gaussian_matched,0.050000000000000003,872,17,0.050000000000000003,4.065655549057869,1-<5%,True,False,3,0.1600332912583104,0.58171308754136464,0.05531255081552322,0.081885602346873143,1.5698948391243321,1.5056741549538422,1.5247451084757524,1.0126660562374432,,1.02340021177392,False,False,False,,-1,,,False,2,0.014558847267627085,0.1600332912583104,0.0089474524289628547,0.03145625819253528
10000,0,multi,gaussian_matched,0.050000000000000003,872,18,0.02,4.065655549057869,1-<5%,True,False,2,0.12935783748843907,0.41169296807029532,-0.075615596717525782,0.15354937325477416,1.5698948391243321,1.718352575259678,1.6059372595858399,0.9345795983360109,,1.1207671934395516,False,False,False,,-1,,,False,2,0.12935783748843907,5.778606010172147e-05,0.017355481932145377,0.061268314964844972
10000,0,multi,gaussian_matched,0.050000000000000003,872,18,0.050000000000000003,4.065655549057869,1-<5%,True,False,2,0.12935783748843907,0.41169296807029532,-0.075615596717525782,0.15354937325477416,1.5698948391243321,1.718352575259678,1.6059372595858399,0.9345795983360109,,1.1207671934395516,False,False,False,,-1,,,False,2,0.12935783748843907,5.778606010172147e-05,0.017355481932145377,0.061268314964844972
10000,0,multi,gaussian_matched,0.050000000000000003,872,19,0.02,4.065655549057869,1-<5%,True,False,3,0.14331791127992141,0.52726269744679755,0.0076826368660699376,0.0503389898059598,1.5698948391243321,1.5775846941981753,1.5481691018919959,0.98135403289955836,,1.0182262224580494,False,False,False,,-1,,,False,2,0.018680750744358075,0.14331791127992141,0.0059444828940274736,0.017687775804550006
10000,0,multi,gaussian_matched,0.050000000000000003,872,19,0.050000000000000003,4.065655549057869,1-<5%,True,False,3,0.14331791127992141,0.52726269744679755,0.0076826368660699376,0.0503389898059598,1.5698948391243321,1.5775846941981753,1.5481691018919959,0.98135403289955836,,1.0182262224580494,False,False,False,,-1,,,False,2,0.018680750744358075,0.14331791127992141,0.0059444828940274736,0.017687775804550006
10000,0,multi,gaussian_matched,0.050000000000000003,872,20,0.02,4.065655549057869,1-<5%,True,False,2,0.099279151345943992,0.50953232574226892,-0.062013853919477405,0.11241872043370155,1.5698948391243321,1.642154911732792,1.5560913691790539,0.94759109391030327,,1.0628164689957382,False,False,False,,-1,,,False,2,0.044017612453034101,0.099279151345943992,0.009384605485271905,0.0091077156353462242
10000,0,multi,gaussian_matched,0.050000000000000003,872,20,0.050000000000000003,4.065655549057869,1-<5%,True,False,3,0.099279151345943992,0.50953232574226892,-0.062013853919477405,0.11241872043370155,1.5698948391243321,1.642154911732792,1.5560913691790539,0.94759109391030327,,1.0628164689957382,False,False,False,,-1,,,False,2,0.044017612453034101,0.099279151345943992,0.009384605485271905,0.0091077156353462242
10000,0,multi,gaussian_matched,0.050000000000000003,872,21,0.02,4.065655549057869,1-<5%,True,False,2,0.044468842359878344,0.44771903355285436,0.041853188027811107,0.052911907903209918,1.5698948391243321,1.6176943597724567,1.5503492013209366,0.95836966479811869,,1.0212538249494632,False,False,False,,-1,,,False,2,0.044468842359878344,0.011706219897069882,0.0023156075849785351,0.03681580953041988
10000,0,multi,gaussian_matched,0.050000000000000003,872,21,0.050000000000000003,4.065655549057869,1-<5%,True,True,4,0.044468842359878344,0.44771903355285436,0.041853188027811107,0.052911907903209918,1.5698948391243321,1.6176943597724567,1.5503492013209366,0.95836966479811869,0.9233492152597671,1.0212538249494632,True,True,False,4>1>2>3,18,0,0,True,2,0.044468842359878344,0.011706219897069882,0.0023156075849785351,0.03681580953041988
10000,0,multi,gaussian_matched,0.050000000000000003,872,22,0.02,4.065655549057869,1-<5%,True,False,3,0.022260107169488161,0.48329402023177503,0.047417478255500647,0.016904412991203033,1.5698948391243321,1.5849664297457693,1.5489745632074556,0.97729171680684312,,0.99744195418343218,False,False,False,,-1,,,False,2,0.016994105036497009,0.022260107169488161,0.0016931836150918013,0.01410116486397167
10000,0,multi,gaussian_matched,0.050000000000000003,872,22,0.050000000000000003,4.065655549057869,1-<5%,True,True,4,0.022260107169488161,0.48329402023177503,0.047417478255500647,0.016904412991203033,1.5698948391243321,1.5849664297457693,1.5489745632074556,0.97729171680684312,0.94334457414872419,0.99744195418343218,True,True,False,4>1>2>3,18,0,0,True,2,0.016994105036497009,0.022260107169488161,0.0016931836150918013,0.01410116486397167
10000,0,multi,gaussian_matched,0.050000000000000003,872,23,0.02,4.065655549057869,1-<5%,True,False,3,0.16218531743988612,0.5476543165613742,0.050502604621947882,0.047656966944379361,1.5698948391243321,1.5329049539132422,1.5355102841063029,1.0016996032183272,,1.0084543318415857,False,False,False,,-1,,,False,2,0.0084551652384789958,0.16218531743988612,0.0059866280638221454,0.018745150521081076
10000,0,multi,gaussian_matched,0.050000000000000003,872,23,0.050000000000000003,4.065655549057869,1-<5%,True,False,3,0.16218531743988612,0.5476543165613742,0.050502604621947882,0.047656966944379361,1.5698948391243321,1.5329049539132422,1.5355102841063029,1.0016996032183272,,1.0084543318415857,False,False,False,,-1,,,False,2,0.0084551652384789958,0.16218531743988612,0.0059866280638221454,0.018745150521081076
10000,0,multi,gaussian_matched,0.050000000000000003,872,24,0.02,4.065655549057869,1-<5%,True,False,3,0.15971166002239751,0.52145881341140365,0.03753426694959637,0.024816832463256926,1.5698948391243321,1.5610205767309615,1.541048965528423,0.98720605512813775,,0.99743355985876125,False,False,False,,-1,,,False,2,0.005577166193859417,0.15971166002239751,0.0058365254083607146,0.012173961684982901
10000,0,multi,gaussian_matched,0.050000000000000003,872,24,0.050000000000000003,4.065655549057869,1-<5%,True,False,3,0.15971166002239751,0.52145881341140365,0.03753426694959637,0.024816832463256926,1.5698948391243321,1.5610205767309615,1.541048965528423,0.98720605512813775,,0.99743355985876125,False,False,False,,-1,,,False,2,0.005577166193859417,0.15971166002239751,0.0058365254083607146,0.012173961684982901
10000,0,multi,gaussian_matched,0.050000000000000003,872,25,0.02,4.065655549057869,1-<5%,True,False,1,0.0509329068275019,0.45085196807548156,0.097957026196047237,0.068668809539862014,1.5698948391243321,1.5887117103879906,1.5414949190222362,0.97027982417639302,,1.0256506922847313,False,False,False,,-1,,,False,2,0.040688352730760116,0.02828906345036564,0.00077862161627836434,0.0509329068275019
10000,0,multi,gaussian_matched,0.050000000000000003,872,25,0.050000000000000003,4.065655549057869,1-<5%,True,False,3,0.0509329068275019,0.45085196807548156,0.097957026196047237,0.068668809539862014,1.5698948391243321,1.5887117103879906,1.5414949190222362,0.97027982417639302,,1.0256506922847313,False,False,False,,-1,,,False,2,0.040688352730760116,0.02828906345036564,0.00077862161627836434,0.0509329068275019
10000,0,multi,gaussian_matched,0.050000000000000003,872,26,0.02,4.065655549057869,1-<5%,True,False,1,0.040480640710663915,0.4743675701978684,0.10183239744449608,0.057824033778398821,1.5698948391243321,1.5656433697766319,1.5359014770438379,0.98100340517710805,,1.0151797885463443,False,False,False,,-1,,,False,2,0.025855183860500831,0.032926461959372481,0.0022310953118569337,0.040480640710663915
10000,0,multi,gaussian_matched,0.050000000000000003,872,26,0.050000000000000003,4.065655549057869,1-<5%,True,True,4,0.040480640710663915,0.4743675701978684,0.10183239744449608,0.057824033778398821,1.5698948391243321,1.5656433697766319,1.5359014770438379,0.98100340517710805,0.94224077334708822,1.0151797885463443,True,True,False,4>1>2>3,18,0,0,True,2,0.025855183860500831,0.032926461959372481,0.0022310953118569337,0.040480640710663915
10000,0,multi,gaussian_matched,0.050000000000000003,872,27,0.02,4.065655549057869,1-<5%,True,False,3,0.14098709304490281,0.4988491645521384,0.077800831259522196,0.027824640895229558,1.5698948391243321,1.5552931315430232,1.4826138342487454,0.95326971114302295,,0.96212716769390672,False,False,False,,-1,,,False,2,0.013341285120596114,0.14098709304490281,0.0061554495827252026,0.016880573441710608
10000,0,multi,gaussian_matched,0.050000000000000003,872,27,0.050000000000000003,4.065655549057869,1-<5%,True,False,3,0.14098709304490281,0.4988491645521384,0.077800831259522196,0.027824640895229558,1.5698948391243321,1.5552931315430232,1.4826138342487454,0.95326971114302295,,0.96212716769390672,False,False,False,,-1,,,False,2,0.013341285120596114,0.14098709304490281,0.0061554495827252026,0.016880573441710608
10000,0,multi,gaussian_matched,0.050000000000000003,872,28,0.02,4.065655549057869,1-<5%,True,False,1,0.10450869363410242,0.40912541325733376,0.053831901193980514,0.090955340593121853,1.5698948391243321,1.6453120057560775,1.5375684211089138,0.93451480067596548,,1.0373457642617681,False,False,False,,-1,,,False,2,0.10450869363410242,0.020408485848492825,0.010197325373758646,0.065863262810243725
10000,0,multi,gaussian_matched,0.050000000000000003,872,28,0.050000000000000003,4.065655549057869,1-<5%,True,False,2,0.10450869363410242,0.40912541325733376,0.053831901193980514,0.090955340593121853,1.5698948391243321,1.6453120057560775,1.5375684211089138,0.93451480067596548,,1.0373457642617681,False,False,False,,-1,,,False,2,0.10450869363410242,0.020408485848492825,0.010197325373758646,0.065863262810243725
10000,0,multi,gaussian_matched,0.050000000000000003,872,29,0.02,4.065655549057869,1-<5%,True,False,3,0.18118068261305389,0.52692865631500319,0.083962414030713417,0.043342797529983691,1.5698948391243321,1.5283168953677639,1.5230518630389098,0.99655501267779467,,0.99777043756804051,False,False,False,,-1,,,False,2,0.0020335553963536524,0.18118068261305389,0.0074808055450609947,0.0075960139830070763
10000,0,multi,gaussian_matched,0.050000000000000003,872,29,0.050000000000000003,4.065655549057869,1-<5%,True,False,3,0.18118068261305389,0.52692865631500319,0.083962414030713417,0.043342797529983691,1.5698948391243321,1.5283168953677639,1.5230518630389098,0.99655501267779467,,0.99777043756804051,False,False,False,,-1,,,False,2,0.0020335553963536524,0.18118068261305389,0.0074808055450609947,0.0075960139830070763
10000,0,multi,gaussian_matched,0.050000000000000003,872,30,0.02,4.065655549057869,1-<5%,True,False,1,0.041901311657336918,0.46858967813392177,0.098963543834808779,0.058172475833454716,1.5698948391243321,1.5720908830352984,1.5400752819190497,0.97963501890270177,,1.0180603935509382,False,False,False,,-1,,,False,2,0.028472656679418246,0.029378722884493176,0.0015981664613112217,0.041901311657336918
10000,0,multi,gaussian_matched,0.050000000000000003,872,30,0.050000000000000003,4.065655549057869,1-<5%,True,True,4,0.041901311657336918,0.46858967813392177,0.098963543834808779,0.058172475833454716,1.5698948391243321,1.5720908830352984,1.5400752819190497,0.97963501890270177,0.9414075176429747,1.0180603935509382,True,True,False,4>1>2>3,18,0,0,True,2,0.028472656679418246,0.029378722884493176,0.0015981664613112217,0.041901311657336918
10000,0,multi,gaussian_matched,0.050000000000000003,872,31,0.02,4.065655549057869,1-<5%,True,False,2,0.19144649964201146,0.52364281977236782,0.12134855034032194,0.075163811521596749,1.5698948391243321,1.5127290036990853,1.4960463289489039,0.98897180214738589,,1.0008378276769814,False,False,False,,-1,,,False,2,0.0080391005705733858,0.19144649964201146,0.0085402179419932483,0.029800340832053962
10000,0,multi,gaussian_matched,0.050000000000000003,872,31,0.050000000000000003,4.065655549057869,1-<5%,True,False,3,0.19144649964201146,0.52364281977236782,0.12134855034032194,0.075163811521596749,1.5698948391243321,1.5127290036990853,1.4960463289489039,0.98897180214738589,,1.0008378276769814,False,False,False,,-1,,,False,2,0.0080391005705733858,0.19144649964201146,0.0085402179419932483,0.029800340832053962
10000,0,multi,gaussian_matched,0.050000000000000003,873,0,0.02,6.9783391008723212,5-<10%,True,False,3,0.023281602536902042,0.50323818922514474,0.13956968088206406,0.089628196471716617,1.2271069395481959,1.1490778361844685,1.1504125836866399,1.0011615814526573,,1.0105401087658445,False,False,False,,-1,,,False,1,0.008829689755642408,0.023281602536902042,0.0037635202496631862,0.018293513764946916
10000,0,multi,gaussian_matched,0.050000000000000003,873,0,0.050000000000000003,6.9783391008723212,5-<10%,True,True,4,0.023281602536902042,0.50323818922514474,0.13956968088206406,0.089628196471716617,1.2271069395481959,1.1490778361844685,1.1504125836866399,1.0011615814526573,0.95024873156217804,1.0105401087658445,True,True,False,4>2>1>3,20,0,0,True,1,0.008829689755642408,0.023281602536902042,0.0037635202496631862,0.018293513764946916
10000,0,multi,gaussian_matched,0.050000000000000003,873,1,0.02,6.9783391008723212,5-<10%,True,True,4,0.0082162420340676258,0.48262757605807632,0.074238321430366322,0.029821088836252743,1.2271069395481959,1.1978725035052387,1.1951328188429065,0.99771287457194713,0.97819128184101456,0.99824544071942944,True,True,False,4>2>1>3,20,0,0,True,1,0.0077942820640122456,0.0082162420340676258,0.0052084068165729799,0.0030583184050323765
10000,0,multi,gaussian_matched,0.050000000000000003,873,1,0.050000000000000003,6.9783391008723212,5-<10%,True,True,4,0.0082162420340676258,0.48262757605807632,0.074238321430366322,0.029821088836252743,1.2271069395481959,1.1978725035052387,1.1951328188429065,0.99771287457194713,0.9527825154519719,0.99824544071942944,True,True,False,4>2>1>3,20,0,0,True,1,0.0077942820640122456,0.0082162420340676258,0.0052084068165729799,0.0030583184050323765
10000,0,multi,gaussian_matched,0.050000000000000003,873,2,0.02,6.9783391008723212,5-<10%,True,False,3,0.026020699895840757,0.46257468642587651,0.15784266007265563,0.11415206273943464,1.2271069395481959,1.1136396132763138,1.1239941063958443,1.0092978850573282,,1.0089961430673251,False,False,False,,-1,,,False,1,0.013593805208616201,0.026020699895840757,0.0052153537240742023,0.0049290403797885322
10000,0,multi,gaussian_matched,0.050000000000000003,873,2,0.050000000000000003,6.9783391008723212,5-<10%,True,True,4,0.026020699895840757,0.46257468642587651,0.15784266007265563,0.11415206273943464,1.2271069395481959,1.1136396132763138,1.1239941063958443,1.0092978850573282,0.95415027051912815,1.0089961430673251,True,True,False,4>2>1>3,20,0,0,True,1,0.013593805208616201,0.026020699895840757,0.0052153537240742023,0.0049290403797885322
10000,0,multi,gaussian_matched,0.050000000000000003,873,3,0.02,6.9783391008723212,5-<10%,True,False,3,0.029525212669568011,0.54013205921865715,-0.0030672297541758792,0.066533548311451821,1.2271069395481959,1.2922585275263232,1.2527095772901786,0.96939548132690578,,1.0750840722059298,False,False,False,,-1,,,False,1,0.0008196764961090129,0.029525212669568011,0.0020031018478656147,0.0079500205266642421
10000,0,multi,gaussian_matched,0.050000000000000003,873,3,0.050000000000000003,6.9783391008723212,5-<10%,True,True,4,0.029525212669568011,0.54013205921865715,-0.0030672297541758792,0.066533548311451821,1.2271069395481959,1.2922585275263232,1.2527095772901786,0.96939548132690578,0.93143338661108166,1.0750840722059298,True,True,False,4>2>1>3,20,0,0,True,1,0.0008196764961090129,0.029525212669568011,0.0020031018478656147,0.0079500205266642421
10000,0,multi,gaussian_matched,0.050000000000000003,873,4,0.02,6.9783391008723212,5-<10%,True,False,3,0.029261031454308521,0.50626934742153373,-0.040194676856718001,0.090412302538867326,1.2271069395481959,1.3126296357039413,1.2852466749650295,0.97913885227478747,,1.1210587546757707,False,False,False,,-1,,,False,1,0.0040842874700919322,0.018578016577187429,0.004899254173351195,0.029261031454308521
10000,0,multi,gaussian_matched,0.050000000000000003,873,4,0.050000000000000003,6.9783391008723212,5-<10%,True,True,4,0.029261031454308521,0.50626934742153373,-0.040194676856718001,0.090412302538867326,1.2271069395481959,1.3126296357039413,1.2852466749650295,0.97913885227478747,0.94280578383121239,1.1210587546757707,True,True,False,4>2>1>3,20,0,0,True,1,0.0040842874700919322,0.018578016577187429,0.004899254173351195,0.029261031454308521
10000,0,multi,gaussian_matched,0.050000000000000003,873,5,0.02,6.9783391008723212,5-<10%,True,True,4,0.010987315469404723,0.50723301020914069,0.070823786268465555,0.022044194501960553,1.2271069395481959,1.2114409464336979,1.2013874042561024,0.99170117024095006,0.97263499637964668,0.99700487327413667,True,True,False,4>2>1>3,20,0,0,True,1,0.0049746809294620555,0.010987315469404723,0.0038323610279092932,0.0053940365520841506
10000,0,multi,gaussian_matched,0.050000000000000003,873,5,0.050000000000000003,6.9783391008723212,5-<10%,True,True,4,0.010987315469404723,0.50723301020914069,0.070823786268465555,0.022044194501960553,1.2271069395481959,1.2114409464336979,1.2013874042561024,0.99170117024095006,0.9476798624786873,0.99700487327413667,True,True,False,4>2>1>3,20,0,0,True,1,0.0049746809294620555,0.010987315469404723,0.0038323610279092932,0.0053940365520841506
10000,0,multi,gaussian_matched,0.050000000000000003,873,6,0.02,6.9783391008723212,5-<10%,True,True,4,0.017855901196787365,0.5194430830724498,0.002939002464769136,0.050919259306996895,1.2271069395481959,1.2779934951377645,1.2507697057563349,0.97869802195002964,0.9634397260880434,1.0607787496846819,True,True,False,4>2>1>3,20,0,0,True,1,0.0019939269948907219,0.017855901196787365,0.0031277716258857713,0.010249728916111688
10000,0,multi,gaussian_matched,0.050000000000000003,873,6,0.050000000000000003,6.9783391008723212,5-<10%,True,True,4,0.017855901196787365,0.5194430830724498,0.002939002464769136,0.050919259306996895,1.2271069395481959,1.2779934951377645,1.2507697057563349,0.97869802195002964,0.939840922065592,1.0607787496846819,True,True,False,4>2>1>3,20,0,0,True,1,0.0019939269948907219,0.017855901196787365,0.0031277716258857713,0.010249728916111688
10000,0,multi,gaussian_matched,0.050000000000000003,873,7,0.02,6.9783391008723212,5-<10%,True,False,3,0.022556168505360359,0.4681910371441742,0.044029885876959933,0.032364368997485918,1.2271069395481959,1.2203480771529449,1.2161435096239266,0.99655461617243868,,1.0174401581341364,False,False,False,,-1,,,False,1,0.0096109213815239996,0.00068675291703010691,0.0064906180515013276,0.022556168505360359
10000,0,multi,gaussian_matched,0.050000000000000003,873,7,0.050000000000000003,6.9783391008723212,5-<10%,True,True,4,0.022556168505360359,0.4681910371441742,0.044029885876959933,0.032364368997485918,1.2271069395481959,1.2203480771529449,1.2161435096239266,0.99655461617243868,0.95375216759574277,1.0174401581341364,True,True,False,4>2>1>3,20,0,0,True,1,0.0096109213815239996,0.00068675291703010691,0.0064906180515013276,0.022556168505360359
10000,0,multi,gaussian_matched,0.050000000000000003,873,8,0.02,6.9783391008723212,5-<10%,True,False,3,0.048872929884101475,0.55365822898952,-0.040901533796874709,0.10555706695866517,1.2271069395481959,1.3321999125644299,1.2759422621818008,0.95777086467875872,,1.1258182026491639,False,False,False,,-1,,,False,1,0.0027443206967078873,0.048872929884101475,0.0046746454913110637,0.016544145416589554
10000,0,multi,gaussian_matched,0.050000000000000003,873,8,0.050000000000000003,6.9783391008723212,5-<10%,True,True,4,0.048872929884101475,0.55365822898952,-0.040901533796874709,0.10555706695866517,1.2271069395481959,1.3321999125644299,1.2759422621818008,0.95777086467875872,0.92362851459795547,1.1258182026491639,True,True,False,4>2>1>3,20,0,0,True,1,0.0027443206967078873,0.048872929884101475,0.0046746454913110637,0.016544145416589554
10000,0,multi,gaussian_matched,0.050000000000000003,873,9,0.02,6.9783391008723212,5-<10%,True,False,3,0.041845428817652769,0.45022364857892266,0.042386264176714906,0.050355279107372274,1.2271069395481959,1.2158483492658481,1.2105152163766575,0.99561365289313353,,1.0275147624446368,False,False,False,,-1,,,False,1,0.011976802742955426,0.0004347852010890814,0.0075615207597271349,0.041845428817652769
10000,0,multi,gaussian_matched,0.050000000000000003,873,9,0.050000000000000003,6.9783391008723212,5-<10%,True,True,4,0.041845428817652769,0.45022364857892266,0.042386264176714906,0.050355279107372274,1.2271069395481959,1.2158483492658481,1.2105152163766575,0.99561365289313353,0.95246241875392157,1.0275147624446368,True,True,False,4>2>1>3,20,0,0,True,1,0.011976802742955426,0.0004347852010890814,0.0075615207597271349,0.041845428817652769
10000,0,multi,gaussian_matched,0.050000000000000003,873,10,0.02,6.9783391008723212,5-<10%,True,True,4,0.012264179491223609,0.48025840429679417,0.094480434881782177,0.048664562960960611,1.2271069395481959,1.1784461547175771,1.1788565405306892,1.0003482431602575,0.97931775119787212,1.0003375125102025,True,True,False,4>2>1>3,20,0,0,True,1,0.0085701638321631253,0.012264179491223609,0.0051600979978941473,0.00072733035786651061
10000,0,multi,gaussian_matched,0.050000000000000003,873,10,0.050000000000000003,6.9783391008723212,5-<10%,True,True,4,0.012264179491223609,0.48025840429679417,0.094480434881782177,0.048664562960960611,1.2271069395481959,1.1784461547175771,1.1788565405306892,1.0003482431602575,0.95350138266723994,1.0003375125102025,True,True,False,4>2>1>3,20,0,0,True,1,0.0085701638321631253,0.012264179491223609,0.0051600979978941473,0.00072733035786651061
10000,0,multi,gaussian_matched,0.050000000000000003,873,11,0.02,6.9783391008723212,5-<10%,True,False,2,0.02245895212012454,0.55717160206327299,0.092205772103178596,0.07106278408074572,1.2271069395481959,1.2177909219354028,1.1960179718149755,0.98212094561698315,,1.0325756582896051,False,False,False,,-1,,,False,1,0.0018229294336792002,0.02245895212012454,0.0014551610336138554,0.020994274663131862
10000,0,multi,gaussian_matched,0.050000000000000003,873,11,0.050000000000000003,6.9783391008723212,5-<10%,True,True,4,0.02245895212012454,0.55717160206327299,0.092205772103178596,0.07106278408074572,1.2271069395481959,1.2177909219354028,1.1960179718149755,0.98212094561698315,0.93743707901496987,1.0325756582896051,True,True,False,4>2>1>3,20,0,0,True,1,0.0018229294336792002,0.02245895212012454,0.0014551610336138554,0.020994274663131862
10000,0,multi,gaussian_matched,0.050000000000000003,873,12,0.02,6.9783391008723212,5-<10%,True,False,3,0.02416163034685663,0.56220746512691044,0.06956261324415336,0.065210923582296423,1.2271069395481959,1.2395589692288835,1.2101474857891632,0.97627262262640324,,1.0393213242205519,False,False,False,,-1,,,False,1,4.3172886938132916e-05,0.02416163034685663,0.0010465619204407014,0.015419474699016637
10000,0,multi,gaussian_matched,0.050000000000000003,873,12,0.050000000000000003,6.9783391008723212,5-<10%,True,True,4,0.02416163034685663,0.56220746512691044,0.06956261324415336,0.065210923582296423,1.2271069395481959,1.2395589692288835,1.2101474857891632,0.97627262262640324,0.93359079228251374,1.0393213242205519,True,True,False,4>2>1>3,20,0,0,True,1,4.3172886938132916e-05,0.02416163034685663,0.0010465619204407014,0.015419474699016637
10000,0,multi,gaussian_matched,0.050000000000000003,873,13,0.02,6.9783391008723212,5-<10%,True,True,4,0.018721050721550753,0.52501310128478873,0.10680381050920874,0.06206712595447926,1.2271069395481959,1.188365335354052,1.1794683449917578,0.99251325320790895,0.97109656975389247,1.0117581695066882,True,True,False,4>2>1>3,20,0,0,True,1,0.0051432425843057888,0.018721050721550753,0.002966337810310935,0.018231436933894778
10000,0,multi,gaussian_matched,0.050000000000000003,873,13,0.050000000000000003,6.9783391008723212,5-<10%,True,True,4,0.018721050721550753,0.52501310128478873,0.10680381050920874,0.06206712595447926,1.2271069395481959,1.188365335354052,1.1794683449917578,0.99251325320790895,0.94573871747120763,1.0117581695066882,True,True,False,4>2>1>3,20,0,0,True,1,0.0051432425843057888,0.018721050721550753,0.002966337810310935,0.018231436933894778
10000,0,multi,gaussian_matched,0.050000000000000003,873,14,0.02,6.9783391008723212,5-<10%,True,True,4,0.018786739779381518,0.52344797139122046,0.0086447286751350008,0.047540149649708659,1.2271069395481959,1.2744863717602866,1.2464562448262688,0.97800672682336864,0.96249671393487946,1.0545098823680432,True,True,False,4>2>1>3,20,0,0,True,1,0.0015417031906144413,0.018786739779381518,0.0028466475719367244,0.0076860439078463979
10000,0,multi,gaussian_matched,0.050000000000000003,873,14,0.050000000000000003,6.9783391008723212,5-<10%,True,True,4,0.018786739779381518,0.52344797139122046,0.0086447286751350008,0.047540149649708659,1.2271069395481959,1.2744863717602866,1.2464562448262688,0.97800672682336864,0.93885426032445674,1.0545098823680432,True,True,False,4>2>1>3,20,0,0,True,1,0.0015417031906144413,0.018786739779381518,0.0028466475719367244,0.0076860439078463979
10000,0,multi,gaussian_matched,0.050000000000000003,873,15,0.02,6.9783391008723212,5-<10%,True,False,3,0.027334846244055622,0.56696770138569341,0.056379302473076147,0.067270859433534808,1.2271069395481959,1.2532565665405664,1.2180035787986645,0.97187089325275777,,1.0474021430482821,False,False,False,,-1,,,False,1,0.0012754050466253575,0.027334846244055622,0.00069136675930825582,0.012321445204310125
10000,0,multi,gaussian_matched,0.050000000000000003,873,15,0.050000000000000003,6.9783391008723212,5-<10%,True,True,4,0.027334846244055622,0.56696770138569341,0.056379302473076147,0.067270859433534808,1.2271069395481959,1.2532565665405664,1.2180035787986645,0.97187089325275777,0.93034805173572921,1.0474021430482821,True,True,False,4>2>1>3,20,0,0,True,1,0.0012754050466253575,0.027334846244055622,0.00069136675930825582,0.012321445204310125
10000,0,multi,gaussian_matched,0.050000000000000003,873,16,0.02,6.9783391008723212,5-<10%,True,False,3,0.028737960111260563,0.55006166251728372,0.01882114444872502,0.058977038646253512,1.2271069395481959,1.2773134295411763,1.2386685842692458,0.96974521336880315,,1.0574837294891957,False,False,False,,-1,,,False,1,0.001362500685123294,0.028737960111260563,0.0013029356364159782,0.00041385994818736384
10000,0,multi,gaussian_matched,0.050000000000000003,873,16,0.050000000000000003,6.9783391008723212,5-<10%,True,True,4,0.028737960111260563,0.55006166251728372,0.01882114444872502,0.058977038646253512,1.2271069395481959,1.2773134295411763,1.2386685842692458,0.96974521336880315,0.93055071012438162,1.0574837294891957,True,True,False,4>2>1>3,20,0,0,True,1,0.001362500685123294,0.028737960111260563,0.0013029356364159782,0.00041385994818736384
10000,0,multi,gaussian_matched,0.050000000000000003,873,17,0.02,6.9783391008723212,5-<10%,True,False,3,0.032931363293276061,0.47515045259825145,0.0037381008484821121,0.052513458457589327,1.2271069395481959,1.2605521765000931,1.2492542781868974,0.99103734179051262,,1.0608429426075774,False,False,False,,-1,,,False,1,0.0088501693073610669,0.0019171567078655732,0.0064335890339200369,0.032931363293276061
10000,0,multi,gaussian_matched,0.050000000000000003,873,17,0.050000000000000003,6.9783391008723212,5-<10%,True,True,4,0.032931363293276061,0.47515045259825145,0.0037381008484821121,0.052513458457589327,1.2271069395481959,1.2605521765000931,1.2492542781868974,0.99103734179051262,0.95146831524714193,1.0608429426075774,True,True,False,4>2>1>3,20,0,0,True,1,0.0088501693073610669,0.0019171567078655732,0.0064335890339200369,0.032931363293276061
10000,0,multi,gaussian_matched,0.050000000000000003,873,18,0.02,6.9783391008723212,5-<10%,True,False,3,0.020130831027414021,0.52828011049668366,0.013409183739388236,0.046245567185650212,1.2271069395481959,1.2722566797785286,1.2429333667536822,0.97695173191784612,,1.0505840138219662,False,False,False,,-1,,,False,1,0.0010164453747997034,0.020130831027414021,0.0025462013584748233,0.0053632128803905253
10000,0,multi,gaussian_matched,0.050000000000000003,873,18,0.050000000000000003,6.9783391008723212,5-<10%,True,True,4,0.020130831027414021,0.52828011049668366,0.013409183739388236,0.046245567185650212,1.2271069395481959,1.2722566797785286,1.2429333667536822,0.97695173191784612,0.93758387478993288,1.0505840138219662,True,True,False,4>2>1>3,20,0,0,True,1,0.0010164453747997034,0.020130831027414021,0.0025462013584748233,0.0053632128803905253
10000,0,multi,gaussian_matched,0.050000000000000003,873,19,0.02,6.9783391008723212,5-<10%,True,False,3,0.037492547721843149,0.54360349037657796,-0.025095039392214136,0.086836221211764625,1.2271069395481959,1.3136013456328837,1.2662168044915978,0.96392776141801506,,1.1026366016653268,False,False,False,,-1,,,False,1,0.0016075074397700654,0.037492547721843149,0.0027815404619063139,0.013606168019317378
10000,0,multi,gaussian_matched,0.050000000000000003,873,19,0.050000000000000003,6.9783391008723212,5-<10%,True,True,4,0.037492547721843149,0.54360349037657796,-0.025095039392214136,0.086836221211764625,1.2271069395481959,1.3136013456328837,1.2662168044915978,0.96392776141801506,0.92762490645620088,1.1026366016653268,True,True,False,4>2>1>3,20,0,0,True,1,0.0016075074397700654,0.037492547721843149,0.0027815404619063139,0.013606168019317378
10000,0,multi,gaussian_matched,0.050000000000000003,873,20,0.02,6.9783391008723212,5-<10%,True,False,3,0.034717093766589678,0.546478871931112,-0.0096031995679240825,0.075583245066102422,1.2271069395481959,1.3009295376439791,1.2559820012952023,0.96544967652116032,,1.0851256752337892,False,False,False,,-1,,,False,1,0.0017159924088968785,0.034717093766589678,0.0020378326461541773,0.008807577719725939
10000,0,multi,gaussian_matched,0.050000000000000003,873,20,0.050000000000000003,6.9783391008723212,5-<10%,True,True,4,0.034717093766589678,0.546478871931112,-0.0096031995679240825,0.075583245066102422,1.2271069395481959,1.3009295376439791,1.2559820012952023,0.96544967652116032,0.92815991717948132,1.0851256752337892,True,True,False,4>2>1>3,20,0,0,True,1,0.0017159924088968785,0.034717093766589678,0.0020378326461541773,0.008807577719725939
10000,0,multi,gaussian_matched,0.050000000000000003,873,21,0.02,6.9783391008723212,5-<10%,True,False,3,0.072924443942382164,0.45975335195528599,-0.052317088808719908,0.10994807565904262,1.2271069395481959,1.3090531196991382,1.2873289989020067,0.98340470644757005,,1.13867588025825,False,False,False,,-1,,,False,1,0.010518740223399792,0.0031683144105238647,0.0078949952284263786,0.072924443942382164
10000,0,multi,gaussian_matched,0.050000000000000003,873,21,0.050000000000000003,6.9783391008723212,5-<10%,True,False,3,0.072924443942382164,0.45975335195528599,-0.052317088808719908,0.10994807565904262,1.2271069395481959,1.3090531196991382,1.2873289989020067,0.98340470644757005,,1.13867588025825,False,False,False,,-1,,,False,1,0.010518740223399792,0.0031683144105238647,0.0078949952284263786,0.072924443942382164
10000,0,multi,gaussian_matched,0.050000000000000003,873,22,0.02,6.9783391008723212,5-<10%,True,True,4,0.010297760116388714,0.51177308728621962,0.048332018193821505,0.011890657995026538,1.2271069395481959,1.2336305471199014,1.2181988789705338,0.98749085114226853,0.96981363393119557,1.0024305929020845,True,True,False,4>2>1>3,20,0,0,True,1,0.0038162892827638935,0.010297760116388714,0.0035999863199938586,0.00073477273143975801
10000,0,multi,gaussian_matched,0.050000000000000003,873,22,0.050000000000000003,6.9783391008723212,5-<10%,True,True,4,0.010297760116388714,0.51177308728621962,0.048332018193821505,0.011890657995026538,1.2271069395481959,1.2336305471199014,1.2181988789705338,0.98749085114226853,0.94532756865602585,1.0024305929020845,True,True,False,4>2>1>3,20,0,0,True,1,0.0038162892827638935,0.010297760116388714,0.0035999863199938586,0.00073477273143975801
10000,0,multi,gaussian_matched,0.050000000000000003,873,23,0.02,6.9783391008723212,5-<10%,True,False,2,0.1317305270327129,0.3665935264068807,-0.026865058722772006,0.15396598471417908,1.2271069395481959,1.2649873750998015,1.2501164352143457,0.98824419897132765,,1.1442217256513021,False,False,False,,-1,,,False,1,0.023309629946038909,0.017566104283864379,0.012756151502831612,0.1317305270327129
10000,0,multi,gaussian_matched,0.050000000000000003,873,23,0.050000000000000003,6.9783391008723212,5-<10%,True,False,3,0.1317305270327129,0.3665935264068807,-0.026865058722772006,0.15396598471417908,1.2271069395481959,1.2649873750998015,1.2501164352143457,0.98824419897132765,,1.1442217256513021,False,False,False,,-1,,,False,1,0.023309629946038909,0.017566104283864379,0.012756151502831612,0.1317305270327129
10000,0,multi,gaussian_matched,0.050000000000000003,873,24,0.02,6.9783391008723212,5-<10%,True,True,4,0.010327175346524603,0.50567263441081678,0.015812042010688629,0.034655378408519823,1.2271069395481959,1.2606332353894349,1.2419820884284118,0.98520493793322739,0.96925579939178041,1.0403636599976951,True,True,False,4>2>1>3,20,0,0,True,1,0.0040678943507527852,0.0095320013974803681,0.0040522253622657326,0.010327175346524603
10000,0,multi,gaussian_matched,0.050000000000000003,873,24,0.050000000000000003,6.9783391008723212,5-<10%,True,True,4,0.010327175346524603,0.50567263441081678,0.015812042010688629,0.034655378408519823,1.2271069395481959,1.2606332353894349,1.2419820884284118,0.98520493793322739,0.94524392146177261,1.0403636599976951,True,True,False,4>2>1>3,20,0,0,True,1,0.0040678943507527852,0.0095320013974803681,0.0040522253622657326,0.010327175346524603
10000,0,multi,gaussian_matched,0.050000000000000003,873,25,0.02,6.9783391008723212,5-<10%,True,False,2,0.03300624747492039,0.51167444639415938,0.17845675116909249,0.12898616057363768,1.2271069395481959,1.1208290768557916,1.1251089300622472,1.0038184708934048,,1.0219933163263062,False,False,False,,-1,,,False,1,0.01174045728519588,0.03300624747492039,0.0030966021247338408,0.027565999552920599
10000,0,multi,gaussian_matched,0.050000000000000003,873,25,0.050000000000000003,6.9783391008723212,5-<10%,True,True,4,0.03300624747492039,0.51167444639415938,0.17845675116909249,0.12898616057363768,1.2271069395481959,1.1208290768557916,1.1251089300622472,1.0038184708934048,0.94775336079861772,1.0219933163263062,True,True,False,4>2>1>3,20,0,0,True,1,0.01174045728519588,0.03300624747492039,0.0030966021247338408,0.027565999552920599
10000,0,multi,gaussian_matched,0.050000000000000003,873,26,0.02,6.9783391008723212,5-<10%,True,True,4,0.016062158934616946,0.45907076218791493,0.084485356693417585,0.053520485182315523,1.2271069395481959,1.1793246191203774,1.1815247379540623,1.0018655752606318,0.98120038771589246,1.0064691049592667,True,True,False,4>2>1>3,20,0,0,True,1,0.011052303235500934,0.0092099919076288599,0.006527074556644856,0.016062158934616946
10000,0,multi,gaussian_matched,0.050000000000000003,873,26,0.050000000000000003,6.9783391008723212,5-<10%,True,True,4,0.016062158934616946,0.45907076218791493,0.084485356693417585,0.053520485182315523,1.2271069395481959,1.1793246191203774,1.1815247379540623,1.0018655752606318,0.95517351960516617,1.0064691049592667,True,True,False,4>2>1>3,20,0,0,True,1,0.011052303235500934,0.0092099919076288599,0.006527074556644856,0.016062158934616946
10000,0,multi,gaussian_matched,0.050000000000000003,873,27,0.02,6.9783391008723212,5-<10%,True,True,4,0.013840388692555675,0.50824980827162725,0.08922638019709668,0.040084513716468956,1.2271069395481959,1.1955231958412575,1.1882117218774269,0.99388428933101058,0.97359152540525207,1.0009691869611117,True,True,False,4>2>1>3,20,0,0,True,1,0.0055840114093972208,0.013840388692555675,0.0037485874669339471,0.01007268719728838
10000,0,multi,gaussian_matched,0.050000000000000003,873,27,0.050000000000000003,6.9783391008723212,5-<10%,True,True,4,0.013840388692555675,0.50824980827162725,0.08922638019709668,0.040084513716468956,1.2271069395481959,1.1955231958412575,1.1882117218774269,0.99388428933101058,0.94831469093258391,1.0009691869611117,True,True,False,4>2>1>3,20,0,0,True,1,0.0055840114093972208,0.013840388692555675,0.0037485874669339471,0.01007268719728838
10000,0,multi,gaussian_matched,0.050000000000000003,873,28,0.02,6.9783391008723212,5-<10%,True,True,4,0.013051888665501174,0.52037340664657783,0.046413251816327966,0.020686721850498604,1.2271069395481959,1.239151056521425,1.2202339774092241,0.98473383933892178,0.96722264821309689,1.011257176751533,True,True,False,4>2>1>3,20,0,0,True,1,0.0028135126604401173,0.013051888665501174,0.003105004750808652,0.0022144707847331132
10000,0,multi,gaussian_matched,0.050000000000000003,873,28,0.050000000000000003,6.9783391008723212,5-<10%,True,True,4,0.013051888665501174,0.52037340664657783,0.046413251816327966,0.020686721850498604,1.2271069395481959,1.239151056521425,1.2202339774092241,0.98473383933892178,0.94288922897654082,1.011257176751533,True,True,False,4>2>1>3,20,0,0,True,1,0.0028135126604401173,0.013051888665501174,0.003105004750808652,0.0022144707847331132
10000,0,multi,gaussian_matched,0.050000000000000003,873,29,0.02,6.9783391008723212,5-<10%,True,False,3,0.031203302809124697,0.55805662305125814,0.023039978429682403,0.064011047821355554,1.2271069395481959,1.2774475564845353,1.2360482615509609,0.96759217650585749,,1.0594507026836477,False,False,False,,-1,,,False,1,0.0020708279242944738,0.031203302809124697,0.00090298755712461885,0.001818899250060544
10000,0,multi,gaussian_matched,0.050000000000000003,873,29,0.050000000000000003,6.9783391008723212,5-<10%,True,True,4,0.031203302809124697,0.55805662305125814,0.023039978429682403,0.064011047821355554,1.2271069395481959,1.2774475564845353,1.2360482615509609,0.96759217650585749,0.92833273029832919,1.0594507026836477,True,True,False,4>2>1>3,20,0,0,True,1,0.0020708279242944738,0.031203302809124697,0.00090298755712461885,0.001818899250060544
10000,0,multi,gaussian_matched,0.050000000000000003,873,30,0.02,6.9783391008723212,5-<10%,True,False,3,0.020158244741299302,0.52549820181577556,0.0064248151153260408,0.050487176922180327,1.2271069395481959,1.2773665329331987,1.2478517650047614,0.97689404946232383,,1.0580487324152632,False,False,False,,-1,,,False,1,0.0012321437408075253,0.020158244741299302,0.002716565084917241,0.00789326615088899
10000,0,multi,gaussian_matched,0.050000000000000003,873,30,0.050000000000000003,6.9783391008723212,5-<10%,True,True,4,0.020158244741299302,0.52549820181577556,0.0064248151153260408,0.050487176922180327,1.2271069395481959,1.2773665329331987,1.2478517650047614,0.97689404946232383,0.93793158384702169,1.0580487324152632,True,True,False,4>2>1>3,20,0,0,True,1,0.0012321437408075253,0.020158244741299302,0.002716565084917241,0.00789326615088899
10000,0,multi,gaussian_matched,0.050000000000000003,873,31,0.02,6.9783391008723212,5-<10%,True,False,2,0.042185256043673437,0.60836382717648674,0.067851870490924782,0.10982444318256404,1.2271069395481959,1.2670681679720421,1.2135264888645683,0.95774364753147578,,1.078431625962748,False,False,False,,-1,,,False,1,0.0049866284937979469,0.042185256043673437,0.0015496467453257861,0.021645592756320629
10000,0,multi,gaussian_matched,0.050000000000000003,873,31,0.050000000000000003,6.9783391008723212,5-<10%,True,True,4,0.042185256043673437,0.60836382717648674,0.067851870490924782,0.10982444318256404,1.2271069395481959,1.2670681679720421,1.2135264888645683,0.95774364753147578,0.91684212252923614,1.078431625962748,True,True,False,4>2>1>3,20,0,0,True,1,0.0049866284937979469,0.042185256043673437,0.0015496467453257861,0.021645592756320629
10000,0,multi,gaussian_matched,0.050000000000000003,874,0,0.02,4.2839171312877928,1-<5%,True,False,1,0.035012589130679075,0.52876846585728809,0.10583091967791677,0.062806975885358024,1.2831152121129548,1.2247271932401171,1.2162157547848658,0.9930503392900637,,0.99681051132112153,False,False,False,,-1,,,False,2,0.02698569005961602,0.025315714471559121,0.014132162930750211,0.035012589130679075
10000,0,multi,gaussian_matched,0.050000000000000003,874,0,0.050000000000000003,4.2839171312877928,1-<5%,True,True,4,0.035012589130679075,0.52876846585728809,0.10583091967791677,0.062806975885358024,1.2831152121129548,1.2247271932401171,1.2162157547848658,0.9930503392900637,0.93865488602875513,0.99681051132112153,True,True,False,1>2>4>3,1,0,0,True,2,0.02698569005961602,0.025315714471559121,0.014132162930750211,0.035012589130679075
10000,0,multi,gaussian_matched,0.050000000000000003,874,1,0.02,4.2839171312877928,1-<5%,True,False,2,0.26332667961293271,0.43974786877398775,0.047763359509480532,0.060293630492452781,1.2831152121129548,1.3196251266783758,1.2800438102516845,0.97000563597457301,,1.044596329379458,False,False,False,,-1,,,False,2,0.26332667961293271,0.12697586681154197,0.017790757321260196,0.0033107580356313122
10000,0,multi,gaussian_matched,0.050000000000000003,874,1,0.050000000000000003,4.2839171312877928,1-<5%,True,False,2,0.26332667961293271,0.43974786877398775,0.047763359509480532,0.060293630492452781,1.2831152121129548,1.3196251266783758,1.2800438102516845,0.97000563597457301,,1.044596329379458,False,False,False,,-1,,,False,2,0.26332667961293271,0.12697586681154197,0.017790757321260196,0.0033107580356313122
10000,0,multi,gaussian_matched,0.050000000000000003,874,2,0.02,4.2839171312877928,1-<5%,True,False,2,0.15121970700627507,0.60739374461833484,0.05541865902807562,0.10753035966093794,1.2831152121129548,1.2151312221842614,1.1239286025740483,0.92494422170613666,,0.95974153420494157,False,False,False,,-1,,,False,2,0.043307167361438914,0.0029319264454593266,0.0027417743488635077,0.15121970700627507
10000,0,multi,gaussian_matched,0.050000000000000003,874,2,0.050000000000000003,4.2839171312877928,1-<5%,True,False,3,0.15121970700627507,0.60739374461833484,0.05541865902807562,0.10753035966093794,1.2831152121129548,1.2151312221842614,1.1239286025740483,0.92494422170613666,,0.95974153420494157,False,False,False,,-1,,,False,2,0.043307167361438914,0.0029319264454593266,0.0027417743488635077,0.15121970700627507
10000,0,multi,gaussian_matched,0.050000000000000003,874,3,0.02,4.2839171312877928,1-<5%,True,False,2,0.078742128959741392,0.53125964188603048,0.00066265427378006669,0.058406668233613734,1.2831152121129548,1.3006458487556483,1.2301903975924589,0.94583041092193121,,1.0042723004616949,False,False,False,,-1,,,False,2,0.013141023100042868,0.031666676108597414,0.011664089235443235,0.078742128959741392
10000,0,multi,gaussian_matched,0.050000000000000003,874,3,0.050000000000000003,4.2839171312877928,1-<5%,True,False,3,0.078742128959741392,0.53125964188603048,0.00066265427378006669,0.058406668233613734,1.2831152121129548,1.3006458487556483,1.2301903975924589,0.94583041092193121,,1.0042723004616949,False,False,False,,-1,,,False,2,0.013141023100042868,0.031666676108597414,0.011664089235443235,0.078742128959741392
10000,0,multi,gaussian_matched,0.050000000000000003,874,4,0.02,4.2839171312877928,1-<5%,True,False,2,0.10529920143388727,0.48074512950477299,0.026218197602025123,0.030599414423878885,1.2831152121129548,1.3134989969404078,1.2150068533222416,0.92501544055413176,,0.97076728261598044,False,False,False,,-1,,,False,2,0.10529920143388727,0.048515524241794457,0.014431844905609781,0.0087863462453773872
10000,0,multi,gaussian_matched,0.050000000000000003,874,4,0.050000000000000003,4.2839171312877928,1-<5%,True,False,3,0.10529920143388727,0.48074512950477299,0.026218197602025123,0.030599414423878885,1.2831152121129548,1.3134989969404078,1.2150068533222416,0.92501544055413176,,0.97076728261598044,False,False,False,,-1,,,False,2,0.10529920143388727,0.048515524241794457,0.014431844905609781,0.0087863462453773872
10000,0,multi,gaussian_matched,0.050000000000000003,874,5,0.02,4.2839171312877928,1-<5%,True,False,2,0.21954767152416843,0.46838386281773664,0.042859930226368449,0.032412354538046487,1.2831152121129548,1.3113562172019781,1.2379541241680667,0.94402581688251841,,0.99006423329215498,False,False,False,,-1,,,False,2,0.21954767152416843,0.12557126695827892,0.01751682555929937,0.0042401259718103136
10000,0,multi,gaussian_matched,0.050000000000000003,874,5,0.050000000000000003,4.2839171312877928,1-<5%,True,False,2,0.21954767152416843,0.46838386281773664,0.042859930226368449,0.032412354538046487,1.2831152121129548,1.3113562172019781,1.2379541241680667,0.94402581688251841,,0.99006423329215498,False,False,False,,-1,,,False,2,0.21954767152416843,0.12557126695827892,0.01751682555929937,0.0042401259718103136
10000,0,multi,gaussian_matched,0.050000000000000003,874,6,0.02,4.2839171312877928,1-<5%,True,False,3,0.036615246804308298,0.54742067090802238,0.060753601029911314,0.048624684723681956,1.2831152121129548,1.2428751623631757,1.2206202043015744,0.98209397151417344,,0.98919011873855223,False,False,False,,-1,,,False,2,0.0069407418033180669,0.00044514533668283757,0.0034540245242542641,0.036615246804308298
10000,0,multi,gaussian_matched,0.050000000000000003,874,6,0.050000000000000003,4.2839171312877928,1-<5%,True,True,4,0.036615246804308298,0.54742067090802238,0.060753601029911314,0.048624684723681956,1.2831152121129548,1.2428751623631757,1.2206202043015744,0.98209397151417344,0.93774702123507592,0.98919011873855223,True,True,False,1>2>4>3,1,0,0,True,2,0.0069407418033180669,0.00044514533668283757,0.0034540245242542641,0.036615246804308298
10000,0,multi,gaussian_matched,0.050000000000000003,874,7,0.02,4.2839171312877928,1-<5%,True,False,3,0.025072949426736942,0.52790630071992173,0.078792068079648545,0.040096693182528412,1.2831152121129548,1.243049788698225,1.2289199553414363,0.98863293048656875,,0.98901223876398947,False,False,False,,-1,,,False,2,0.013608031265733032,0.009852205538543473,0.010733953099053091,0.025072949426736942
10000,0,multi,gaussian_matched,0.050000000000000003,874,7,0.050000000000000003,4.2839171312877928,1-<5%,True,True,4,0.025072949426736942,0.52790630071992173,0.078792068079648545,0.040096693182528412,1.2831152121129548,1.243049788698225,1.2289199553414363,0.98863293048656875,0.93893053418763039,0.98901223876398947,True,True,False,1>2>4>3,1,0,0,True,2,0.013608031265733032,0.009852205538543473,0.010733953099053091,0.025072949426736942
10000,0,multi,gaussian_matched,0.050000000000000003,874,8,0.02,4.2839171312877928,1-<5%,True,False,2,0.2478727619709169,0.44832294053428212,0.089864060412929464,0.065266084512777628,1.2831152121129548,1.2819335294153296,1.2512304019506029,0.97604936078181059,,1.0260158043761758,False,False,False,,-1,,,False,2,0.2478727619709169,0.12662766269288542,0.018637851749010226,0.0024511068757450453
10000,0,multi,gaussian_matched,0.050000000000000003,874,8,0.050000000000000003,4.2839171312877928,1-<5%,True,False,2,0.2478727619709169,0.44832294053428212,0.089864060412929464,0.065266084512777628,1.2831152121129548,1.2819335294153296,1.2512304019506029,0.97604936078181059,,1.0260158043761758,False,False,False,,-1,,,False,2,0.2478727619709169,0.12662766269288542,0.018637851749010226,0.0024511068757450453
10000,0,multi,gaussian_matched,0.050000000000000003,874,9,0.02,4.2839171312877928,1-<5%,True,False,2,0.26312974180560222,0.43669728817258086,0.075215384008653352,0.06813992159820205,1.2831152121129548,1.2923863171398968,1.2666526089765251,0.98008822298558418,,1.0402748856641435,False,False,False,,-1,,,False,2,0.26312974180560222,0.12713654377084191,0.018493325111836021,0.0052109129955138613
10000,0,multi,gaussian_matched,0.050000000000000003,874,9,0.050000000000000003,4.2839171312877928,1-<5%,True,False,2,0.26312974180560222,0.43669728817258086,0.075215384008653352,0.06813992159820205,1.2831152121129548,1.2923863171398968,1.2666526089765251,0.98008822298558418,,1.0402748856641435,False,False,False,,-1,,,False,2,0.26312974180560222,0.12713654377084191,0.018493325111836021,0.0052109129955138613
10000,0,multi,gaussian_matched,0.050000000000000003,874,10,0.02,4.2839171312877928,1-<5%,True,False,2,0.26261883870876773,0.40903250876823616,0.010917442815112303,0.099007730693673857,1.2831152121129548,1.3488801783279998,1.3092126731857641,0.97059226921741448,,1.0975011367533143,False,False,False,,-1,,,False,2,0.26261883870876773,0.13165416772827462,0.016445030662665058,0.015496146503242679
10000,0,multi,gaussian_matched,0.050000000000000003,874,10,0.050000000000000003,4.2839171312877928,1-<5%,True,False,2,0.26261883870876773,0.40903250876823616,0.010917442815112303,0.099007730693673857,1.2831152121129548,1.3488801783279998,1.3092126731857641,0.97059226921741448,,1.0975011367533143,False,False,False,,-1,,,False,2,0.26261883870876773,0.13165416772827462,0.016445030662665058,0.015496146503242679
10000,0,multi,gaussian_matched,0.050000000000000003,874,11,0.02,4.2839171312877928,1-<5%,True,False,2,0.027147056458311968,0.50171641653731069,0.017760669603038896,0.032284988929438617,1.2831152121129548,1.3052514036840495,1.2602514920293189,0.9655239507670943,,1.0073424964156479,False,False,False,,-1,,,False,2,0.027147056458311968,0.025254218458710859,0.0079216440261979468,0.015643562626829723
10000,0,multi,gaussian_matched,0.050000000000000003,874,11,0.050000000000000003,4.2839171312877928,1-<5%,True,True,4,0.027147056458311968,0.50171641653731069,0.017760669603038896,0.032284988929438617,1.2831152121129548,1.3052514036840495,1.2602514920293189,0.9655239507670943,0.92960906183385617,1.0073424964156479,True,True,False,1>2>4>3,1,0,0,True,2,0.027147056458311968,0.025254218458710859,0.0079216440261979468,0.015643562626829723
10000,0,multi,gaussian_matched,0.050000000000000003,874,12,0.02,4.2839171312877928,1-<5%,True,False,2,0.2434838810093172,0.45236574923435136,0.087823985423892276,0.060824959674064018,1.2831152121129548,1.2851893691324769,1.2492710364959005,0.97205210881815662,,1.0210275615177062,False,False,False,,-1,,,False,2,0.2434838810093172,0.12624497704491736,0.018585174656929656,0.0049184826948609015
10000,0,multi,gaussian_matched,0.050000000000000003,874,12,0.050000000000000003,4.2839171312877928,1-<5%,True,False,2,0.2434838810093172,0.45236574923435136,0.087823985423892276,0.060824959674064018,1.2831152121129548,1.2851893691324769,1.2492710364959005,0.97205210881815662,,1.0210275615177062,False,False,False,,-1,,,False,2,0.2434838810093172,0.12624497704491736,0.018585174656929656,0.0049184826948609015
10000,0,multi,gaussian_matched,0.050000000000000003,874,13,0.02,4.2839171312877928,1-<5%,True,False,3,0.032510388669227459,0.54529442306805365,0.079731139619959618,0.054180489331210016,1.2831152121129548,1.2300826563980152,1.2201609012546704,0.99193407443659265,,0.9931620937510155,False,False,False,,-1,,,False,2,0.0033282914777659038,0.010112808085815286,0.0075747815972813572,0.032510388669227459
10000,0,multi,gaussian_matched,0.050000000000000003,874,13,0.050000000000000003,4.2839171312877928,1-<5%,True,True,4,0.032510388669227459,0.54529442306805365,0.079731139619959618,0.054180489331210016,1.2831152121129548,1.2300826563980152,1.2201609012546704,0.99193407443659265,0.94172823588111132,0.9931620937510155,True,True,False,1>2>4>3,1,0,0,True,2,0.0033282914777659038,0.010112808085815286,0.0075747815972813572,0.032510388669227459
10000,0,multi,gaussian_matched,0.050000000000000003,874,14,0.02,4.2839171312877928,1-<5%,True,False,2,0.067684668537644654,0.48985008311031525,-0.033802321168225957,0.084414748984108223,1.2831152121129548,1.3527948898433835,1.2933170929617084,0.95603339624637329,,1.0737397771764026,False,False,False,,-1,,,False,2,0.067478220651106438,0.067684668537644654,0.013441981709915073,0.0050767038692072376
10000,0,multi,gaussian_matched,0.050000000000000003,874,14,0.050000000000000003,4.2839171312877928,1-<5%,True,False,2,0.067684668537644654,0.48985008311031525,-0.033802321168225957,0.084414748984108223,1.2831152121129548,1.3527948898433835,1.2933170929617084,0.95603339624637329,,1.0737397771764026,False,False,False,,-1,,,False,2,0.067478220651106438,0.067684668537644654,0.013441981709915073,0.0050767038692072376
10000,0,multi,gaussian_matched,0.050000000000000003,874,15,0.02,4.2839171312877928,1-<5%,True,False,2,0.058699461079933277,0.53526804691049801,0.017713503923566888,0.047814777650582244,1.2831152121129548,1.2843832719017407,1.2250273468492168,0.95378643871261437,,0.99199363586669764,False,False,False,,-1,,,False,2,0.0025986621984002991,0.022849922829983077,0.007999045605683602,0.058699461079933277
10000,0,multi,gaussian_matched,0.050000000000000003,874,15,0.050000000000000003,4.2839171312877928,1-<5%,True,False,3,0.058699461079933277,0.53526804691049801,0.017713503923566888,0.047814777650582244,1.2831152121129548,1.2843832719017407,1.2250273468492168,0.95378643871261437,,0.99199363586669764,False,False,False,,-1,,,False,2,0.0025986621984002991,0.022849922829983077,0.007999045605683602,0.058699461079933277
10000,0,multi,gaussian_matched,0.050000000000000003,874,16,0.02,4.2839171312877928,1-<5%,True,False,2,0.073690018301471982,0.52583722901759922,-0.0062668196775397811,0.061915405190733019,1.2831152121129548,1.3094270574311513,1.2350523530951563,0.94320057469875096,,1.0107960267652996,False,False,False,,-1,,,False,2,0.019374417376384605,0.035562042543706214,0.014509073294193212,0.073690018301471982
10000,0,multi,gaussian_matched,0.050000000000000003,874,16,0.050000000000000003,4.2839171312877928,1-<5%,True,False,3,0.073690018301471982,0.52583722901759922,-0.0062668196775397811,0.061915405190733019,1.2831152121129548,1.3094270574311513,1.2350523530951563,0.94320057469875096,,1.0107960267652996,False,False,False,,-1,,,False,2,0.019374417376384605,0.035562042543706214,0.014509073294193212,0.073690018301471982
10000,0,multi,gaussian_matched,0.050000000000000003,874,17,0.02,4.2839171312877928,1-<5%,True,False,3,0.058099884448719934,0.54911897172443291,0.034318925592666499,0.051561317650288672,1.2831152121129548,1.2628197926656697,1.21768568462302,0.96425926461971523,,0.98919176570527223,False,False,False,,-1,,,False,2,0.011826319265698005,0.014479728336520529,0.0039738357830198679,0.058099884448719934
10000,0,multi,gaussian_matched,0.050000000000000003,874,17,0.050000000000000003,4.2839171312877928,1-<5%,True,False,3,0.058099884448719934,0.54911897172443291,0.034318925592666499,0.051561317650288672,1.2831152121129548,1.2628197926656697,1.21768568462302,0.96425926461971523,,0.98919176570527223,False,False,False,,-1,,,False,2,0.011826319265698005,0.014479728336520529,0.0039738357830198679,0.058099884448719934
10000,0,multi,gaussian_matched,0.050000000000000003,874,18,0.02,4.2839171312877928,1-<5%,True,False,2,0.26047649652674398,0.44798105885160189,0.014172851814625444,0.063162922551899814,1.2831152121129548,1.3456149451082171,1.2908460238892179,0.95929822166578671,,1.0552512616629488,False,False,False,,-1,,,False,2,0.26047649652674398,0.12816237177270115,0.016448621270012537,0.013079132566114704
10000,0,multi,gaussian_matched,0.050000000000000003,874,18,0.050000000000000003,4.2839171312877928,1-<5%,True,False,2,0.26047649652674398,0.44798105885160189,0.014172851814625444,0.063162922551899814,1.2831152121129548,1.3456149451082171,1.2908460238892179,0.95929822166578671,,1.0552512616629488,False,False,False,,-1,,,False,2,0.26047649652674398,0.12816237177270115,0.016448621270012537,0.013079132566114704
10000,0,multi,gaussian_matched,0.050000000000000003,874,19,0.02,4.2839171312877928,1-<5%,True,False,2,0.26617044888968922,0.40294816860202864,0.04940220103040404,0.097053672477182995,1.2831152121129548,1.3099218172041296,1.2915862946161143,0.98600258248454076,,1.0822410598706651,False,False,False,,-1,,,False,2,0.26617044888968922,0.13065756578117746,0.017999031871499756,0.0055311786063657071
10000,0,multi,gaussian_matched,0.050000000000000003,874,19,0.050000000000000003,4.2839171312877928,1-<5%,True,False,2,0.26617044888968922,0.40294816860202864,0.04940220103040404,0.097053672477182995,1.2831152121129548,1.3099218172041296,1.2915862946161143,0.98600258248454076,,1.0822410598706651,False,False,False,,-1,,,False,2,0.26617044888968922,0.13065756578117746,0.017999031871499756,0.0055311786063657071
10000,0,multi,gaussian_matched,0.050000000000000003,874,20,0.02,4.2839171312877928,1-<5%,True,False,3,0.025866757362567192,0.51747424775470741,0.032036309952603516,0.025060795971234201,1.2831152121129548,1.2841400875288351,1.2431531041152426,0.96808215566849343,,0.98838661416698548,False,False,False,,-1,,,False,2,0.0076161903486946956,0.015363668148113177,0.0049146424240907238,0.025866757362567192
10000,0,multi,gaussian_matched,0.050000000000000003,874,20,0.050000000000000003,4.2839171312877928,1-<5%,True,True,4,0.025866757362567192,0.51747424775470741,0.032036309952603516,0.025060795971234201,1.2831152121129548,1.2841400875288351,1.2431531041152426,0.96808215566849343,0.9300302406555494,0.98838661416698548,True,True,False,1>2>4>3,1,0,0,True,2,0.0076161903486946956,0.015363668148113177,0.0049146424240907238,0.025866757362567192
10000,0,multi,gaussian_matched,0.050000000000000003,874,21,0.02,4.2839171312877928,1-<5%,True,False,2,0.18828659722454724,0.47427917575155848,0.0069552085368147082,0.050143941529643708,1.2831152121129548,1.3317587898159495,1.2099892888369375,0.90856489785523342,,0.98208891802589704,False,False,False,,-1,,,False,2,0.18828659722454724,0.11418481018031212,0.015772681670566051,0.013093303848523176
10000,0,multi,gaussian_matched,0.050000000000000003,874,21,0.050000000000000003,4.2839171312877928,1-<5%,True,False,2,0.18828659722454724,0.47427917575155848,0.0069552085368147082,0.050143941529643708,1.2831152121129548,1.3317587898159495,1.2099892888369375,0.90856489785523342,,0.98208891802589704,False,False,False,,-1,,,False,2,0.18828659722454724,0.11418481018031212,0.015772681670566051,0.013093303848523176
10000,0,multi,gaussian_matched,0.050000000000000003,874,22,0.02,4.2839171312877928,1-<5%,True,False,2,0.26840176450614883,0.4030012901654319,0.068119622110481948,0.098676595071969339,1.2831152121129548,1.2915074100658599,1.2810862221469665,0.99193098867441887,,1.0753226243392655,False,False,False,,-1,,,False,2,0.26840176450614883,0.13082713879764724,0.018570761466397065,0.00013583381386008322
10000,0,multi,gaussian_matched,0.050000000000000003,874,22,0.050000000000000003,4.2839171312877928,1-<5%,True,False,2,0.26840176450614883,0.4030012901654319,0.068119622110481948,0.098676595071969339,1.2831152121129548,1.2915074100658599,1.2810862221469665,0.99193098867441887,,1.0753226243392655,False,False,False,,-1,,,False,2,0.26840176450614883,0.13082713879764724,0.018570761466397065,0.00013583381386008322
10000,0,multi,gaussian_matched,0.050000000000000003,874,23,0.02,4.2839171312877928,1-<5%,True,False,2,0.26648677296664941,0.41481084318763178,0.061936026605234985,0.08602128323573846,1.2831152121129548,1.299887736413357,1.2820814579003399,0.98630167974186134,,1.0662353062459384,False,False,False,,-1,,,False,2,0.26648677296664941,0.12912244468388454,0.018326966760894833,0.00045377362802358998
10000,0,multi,gaussian_matched,0.050000000000000003,874,23,0.050000000000000003,4.2839171312877928,1-<5%,True,False,2,0.26648677296664941,0.41481084318763178,0.061936026605234985,0.08602128323573846,1.2831152121129548,1.299887736413357,1.2820814579003399,0.98630167974186134,,1.0662353062459384,False,False,False,,-1,,,False,2,0.26648677296664941,0.12912244468388454,0.018326966760894833,0.00045377362802358998
10000,0,multi,gaussian_matched,0.050000000000000003,874,24,0.02,4.2839171312877928,1-<5%,True,False,3,0.02923987626237743,0.53855217163322955,0.077864414263251844,0.047567799190966382,1.2831152121129548,1.2361060309267033,1.2240199588686931,0.99022246331979358,,0.99101604131532928,False,False,False,,-1,,,False,2,0.0063988662224075338,0.0090858625977517753,0.008560163087435145,0.02923987626237743
10000,0,multi,gaussian_matched,0.050000000000000003,874,24,0.050000000000000003,4.2839171312877928,1-<5%,True,True,4,0.02923987626237743,0.53855217163322955,0.077864414263251844,0.047567799190966382,1.2831152121129548,1.2361060309267033,1.2240199588686931,0.99022246331979358,0.94056794819285205,0.99101604131532928,True,True,False,1>2>4>3,1,0,0,True,2,0.0063988662224075338,0.0090858625977517753,0.008560163087435145,0.02923987626237743
10000,0,multi,gaussian_matched,0.050000000000000003,874,25,0.02,4.2839171312877928,1-<5%,True,False,3,0.031800988482278893,0.53701120073183428,0.0540244004875753,0.037229353726549251,1.2831152121129548,1.2547305058152221,1.2274034834961816,0.97822080343755924,,0.98559570121549078,False,False,False,,-1,,,False,2,0.0037591022659428349,0.0039768393515980608,0.0044290089422475004,0.031800988482278893
10000,0,multi,gaussian_matched,0.050000000000000003,874,25,0.050000000000000003,4.2839171312877928,1-<5%,True,True,4,0.031800988482278893,0.53701120073183428,0.0540244004875753,0.037229353726549251,1.2831152121129548,1.2547305058152221,1.2274034834961816,0.97822080343755924,0.93543922824066517,0.98559570121549078,True,True,False,1>2>4>3,1,0,0,True,2,0.0037591022659428349,0.0039768393515980608,0.0044290089422475004,0.031800988482278893
10000,0,multi,gaussian_matched,0.050000000000000003,874,26,0.02,4.2839171312877928,1-<5%,True,False,2,0.24151815284083528,0.44651614948664109,0.15732032245340316,0.119909023335351,1.2831152121129548,1.2183034779051038,1.2023741513948503,0.98692499299300662,,1.0305256786354728,False,False,False,,-1,,,False,2,0.24151815284083528,0.13503707599016876,0.019505115740111743,0.014058622518391227
10000,0,multi,gaussian_matched,0.050000000000000003,874,26,0.050000000000000003,4.2839171312877928,1-<5%,True,False,2,0.24151815284083528,0.44651614948664109,0.15732032245340316,0.119909023335351,1.2831152121129548,1.2183034779051038,1.2023741513948503,0.98692499299300662,,1.0305256786354728,False,False,False,,-1,,,False,2,0.24151815284083528,0.13503707599016876,0.019505115740111743,0.014058622518391227
10000,0,multi,gaussian_matched,0.050000000000000003,874,27,0.02,4.2839171312877928,1-<5%,True,False,2,0.04920617555264413,0.4968540776751561,0.087491204667983116,0.037622961801678373,1.2831152121129548,1.2612187604796887,1.226585309408212,0.97253969560498421,,0.98526481431707935,False,False,False,,-1,,,False,2,0.04920617555264413,0.01317237000562421,0.017250809634044677,0.022753993500911628
10000,0,multi,gaussian_matched,0.050000000000000003,874,27,0.050000000000000003,4.2839171312877928,1-<5%,True,True,4,0.04920617555264413,0.4968540776751561,0.087491204667983116,0.037622961801678373,1.2831152121129548,1.2612187604796887,1.226585309408212,0.97253969560498421,0.9240198704194037,0.98526481431707935,True,True,False,1>2>4>3,1,0,0,True,2,0.04920617555264413,0.01317237000562421,0.017250809634044677,0.022753993500911628
10000,0,multi,gaussian_matched,0.050000000000000003,874,28,0.02,4.2839171312877928,1-<5%,True,False,2,0.031124675233602465,0.51431219056628374,0.018504416531355705,0.034594950163802249,1.2831152121129548,1.2965347555696738,1.2459971499763332,0.96102101746502322,,0.99803360450487966,False,False,False,,-1,,,False,2,0.014287089618085278,0.022819993929632829,0.0055927945173895139,0.031124675233602465
10000,0,multi,gaussian_matched,0.050000000000000003,874,28,0.050000000000000003,4.2839171312877928,1-<5%,True,True,4,0.031124675233602465,0.51431219056628374,0.018504416531355705,0.034594950163802249,1.2831152121129548,1.2965347555696738,1.2459971499763332,0.96102101746502322,0.92640154659506269,0.99803360450487966,True,True,False,1>2>4>3,1,0,0,True,2,0.014287089618085278,0.022819993929632829,0.0055927945173895139,0.031124675233602465
10000,0,multi,gaussian_matched,0.050000000000000003,874,29,0.02,4.2839171312877928,1-<5%,True,False,2,0.22909269305538119,0.46523066450568418,0.04095496129278374,0.035926583694130043,1.2831152121129548,1.3149916857684696,1.25194102879628,0.95205242918677213,,1.0037037986398971,False,False,False,,-1,,,False,2,0.22909269305538119,0.12587250947519737,0.017401705671217467,0.0054028913432722907
10000,0,multi,gaussian_matched,0.050000000000000003,874,29,0.050000000000000003,4.2839171312877928,1-<5%,True,False,2,0.22909269305538119,0.46523066450568418,0.04095496129278374,0.035926583694130043,1.2831152121129548,1.3149916857684696,1.25194102879628,0.95205242918677213,,1.0037037986398971,False,False,False,,-1,,,False,2,0.22909269305538119,0.12587250947519737,0.017401705671217467,0.0054028913432722907
10000,0,multi,gaussian_matched,0.050000000000000003,874,30,0.02,4.2839171312877928,1-<5%,True,False,2,0.21367111770169045,0.46976529037906928,0.075015002811610193,0.039241407104318601,1.2831152121129548,1.2904545187304564,1.2199159038351817,0.945338162739226,,0.98132833205679004,False,False,False,,-1,,,False,2,0.21367111770169045,0.12494833791557447,0.018322089547452312,0.0059212113977013311
10000,0,multi,gaussian_matched,0.050000000000000003,874,30,0.050000000000000003,4.2839171312877928,1-<5%,True,False,2,0.21367111770169045,0.46976529037906928,0.075015002811610193,0.039241407104318601,1.2831152121129548,1.2904545187304564,1.2199159038351817,0.945338162739226,,0.98132833205679004,False,False,False,,-1,,,False,2,0.21367111770169045,0.12494833791557447,0.018322089547452312,0.0059212113977013311
10000,0,multi,gaussian_matched,0.050000000000000003,874,31,0.02,4.2839171312877928,1-<5%,True,False,2,0.095874170096465358,0.60808366091688393,0.11294311367915721,0.12507563038747097,1.2831152121129548,1.1645987072291357,1.1472713378306838,0.98512159657151088,,0.99160773421346349,False,False,False,,-1,,,False,2,0.015308547094021668,0.050324963163018807,0.0059409678431558057,0.095874170096465358
10000,0,multi,gaussian_matched,0.050000000000000003,874,31,0.050000000000000003,4.2839171312877928,1-<5%,True,False,2,0.095874170096465358,0.60808366091688393,0.11294311367915721,0.12507563038747097,1.2831152121129548,1.1645987072291357,1.1472713378306838,0.98512159657151088,,0.99160773421346349,False,False,False,,-1,,,False,2,0.015308547094021668,0.050324963163018807,0.0059409678431558057,0.095874170096465358
10000,0,multi,gaussian_matched,0.050000000000000003,875,0,0.02,19.201245316964382,>=10%,True,False,2,0.04030747348880067,0.52708165426245634,-0.040799890227771973,0.09475249898006205,1.1182118750014147,1.1923959197147924,1.1545263068986804,0.96824073934673482,,1.1172111777807421,False,False,False,,-1,,,False,1,0.012761002291106284,0.04030747348880067,0.0089779013380701118,0.022016673897277829
10000,0,multi,gaussian_matched,0.050000000000000003,875,0,0.050000000000000003,19.201245316964382,>=10%,True,True,4,0.04030747348880067,0.52708165426245634,-0.040799890227771973,0.09475249898006205,1.1182118750014147,1.1923959197147924,1.1545263068986804,0.96824073934673482,0.91951479323511132,1.1172111777807421,True,True,False,3>4>2>1,17,0,0,True,1,0.012761002291106284,0.04030747348880067,0.0089779013380701118,0.022016673897277829
10000,0,multi,gaussian_matched,0.050000000000000003,875,1,0.02,19.201245316964382,>=10%,True,False,2,0.045736668557224476,0.55397179612913616,-0.0141708440153957,0.083850175903532151,1.1182118750014147,1.1604792546184703,1.1258653570302393,0.9701727562552499,,1.0818303400080069,False,False,False,,-1,,,False,1,0.010110912117000239,0.045736668557224476,0.014753253033957858,0.031143978471732656
10000,0,multi,gaussian_matched,0.050000000000000003,875,1,0.050000000000000003,19.201245316964382,>=10%,True,True,4,0.045736668557224476,0.55397179612913616,-0.0141708440153957,0.083850175903532151,1.1182118750014147,1.1604792546184703,1.1258653570302393,0.9701727562552499,0.91630487381802539,1.0818303400080069,True,True,False,3>4>2>1,17,0,0,True,1,0.010110912117000239,0.045736668557224476,0.014753253033957858,0.031143978471732656
10000,0,multi,gaussian_matched,0.050000000000000003,875,2,0.02,19.201245316964382,>=10%,True,True,4,0.016200278112281783,0.50845318382964988,0.037513368362145458,0.015078868873934951,1.1182118750014147,1.1252789254411315,1.1101128922053647,0.98652242311405469,0.96396177192974952,1.0062420067555409,True,True,False,3>4>2>1,17,0,0,True,1,0.0041821446602098057,0.016200278112281783,0.001076845980826768,0.012078165201269924
10000,0,multi,gaussian_matched,0.050000000000000003,875,2,0.050000000000000003,19.201245316964382,>=10%,True,True,4,0.016200278112281783,0.50845318382964988,0.037513368362145458,0.015078868873934951,1.1182118750014147,1.1252789254411315,1.1101128922053647,0.98652242311405469,0.93711677371502233,1.0062420067555409,True,True,False,3>4>2>1,17,0,0,True,1,0.0041821446602098057,0.016200278112281783,0.001076845980826768,0.012078165201269924
10000,0,multi,gaussian_matched,0.050000000000000003,875,3,0.02,19.201245316964382,>=10%,True,False,1,0.061620385119025206,0.58106976194445936,-0.018011766844881746,0.10582016221445641,1.1182118750014147,1.1609618531518215,1.1134393693269615,0.95906628310323527,,1.0903653938927051,False,False,False,,-1,,,False,1,0.0075773504759815806,0.061620385119025206,0.030671413054903035,0.042833906194277703
10000,0,multi,gaussian_matched,0.050000000000000003,875,3,0.050000000000000003,19.201245316964382,>=10%,True,False,3,0.061620385119025206,0.58106976194445936,-0.018011766844881746,0.10582016221445641,1.1182118750014147,1.1609618531518215,1.1134393693269615,0.95906628310323527,,1.0903653938927051,False,False,False,,-1,,,False,1,0.0075773504759815806,0.061620385119025206,0.030671413054903035,0.042833906194277703
10000,0,multi,gaussian_matched,0.050000000000000003,875,4,0.02,19.201245316964382,>=10%,True,False,2,0.048447035886624377,0.54482903116298009,0.13315685491751267,0.094470654463614731,1.1182118750014147,1.0238115335272699,1.0280228156720665,1.0041133372763322,,1.0038289658963433,False,False,False,,-1,,,False,1,0.0011767098757490245,0.030235462324328097,0.00031360641221043659,0.048447035886624377
10000,0,multi,gaussian_matched,0.050000000000000003,875,4,0.050000000000000003,19.201245316964382,>=10%,True,True,4,0.048447035886624377,0.54482903116298009,0.13315685491751267,0.094470654463614731,1.1182118750014147,1.0238115335272699,1.0280228156720665,1.0041133372763322,0.94060758502298514,1.0038289658963433,True,True,False,3>4>2>1,17,0,0,True,1,0.0011767098757490245,0.030235462324328097,0.00031360641221043659,0.048447035886624377
10000,0,multi,gaussian_matched,0.050000000000000003,875,5,0.02,19.201245316964382,>=10%,True,False,2,0.023361517564686501,0.52775937739676348,0.064131497494731571,0.031149354004530304,1.1182118750014147,1.0929834724261474,1.0848700077124032,0.99257677273405209,,0.99803926846647151,False,False,False,,-1,,,False,1,0.003170007331568235,0.021980903432509077,0.011971736547847417,0.023361517564686501
10000,0,multi,gaussian_matched,0.050000000000000003,875,5,0.050000000000000003,19.201245316964382,>=10%,True,True,4,0.023361517564686501,0.52775937739676348,0.064131497494731571,0.031149354004530304,1.1182118750014147,1.0929834724261474,1.0848700077124032,0.99257677273405209,0.93820135953069705,0.99803926846647151,True,True,False,3>4>2>1,17,0,0,True,1,0.003170007331568235,0.021980903432509077,0.011971736547847417,0.023361517564686501
10000,0,multi,gaussian_matched,0.050000000000000003,875,6,0.02,19.201245316964382,>=10%,True,True,4,0.014021127136747635,0.50859596370872395,0.062864498592651891,0.015472101218711105,1.1182118750014147,1.1027775333370797,1.0929732374139118,0.99110945260781702,0.96790053289194478,0.99126593395479778,True,True,False,3>4>2>1,17,0,0,True,1,0.0021081866959289436,0.013400903851178139,0.00048245866907939574,0.014021127136747635
10000,0,multi,gaussian_matched,0.050000000000000003,875,6,0.050000000000000003,19.201245316964382,>=10%,True,True,4,0.014021127136747635,0.50859596370872395,0.062864498592651891,0.015472101218711105,1.1182118750014147,1.1027775333370797,1.0929732374139118,0.99110945260781702,0.94065924516322064,0.99126593395479778,True,True,False,3>4>2>1,17,0,0,True,1,0.0021081866959289436,0.013400903851178139,0.00048245866907939574,0.014021127136747635
10000,0,multi,gaussian_matched,0.050000000000000003,875,7,0.02,19.201245316964382,>=10%,True,True,4,0.017572947539843026,0.49820266418187498,0.01358816779980726,0.036456164639442096,1.1182118750014147,1.151279200481327,1.1289084633535529,0.98056879936819719,0.95996164017395225,1.0421679952124643,True,True,False,3>4>2>1,17,0,0,True,1,0.0060459485500482515,0.017572947539843026,0.013120373579447894,0.0080298719810775292
10000,0,multi,gaussian_matched,0.050000000000000003,875,7,0.050000000000000003,19.201245316964382,>=10%,True,True,4,0.017572947539843026,0.49820266418187498,0.01358816779980726,0.036456164639442096,1.1182118750014147,1.151279200481327,1.1289084633535529,0.98056879936819719,0.93348872829482898,1.0421679952124643,True,True,False,3>4>2>1,17,0,0,True,1,0.0060459485500482515,0.017572947539843026,0.013120373579447894,0.0080298719810775292
10000,0,multi,gaussian_matched,0.050000000000000003,875,8,0.02,19.201245316964382,>=10%,True,False,2,0.028290013362444577,0.53111445341263497,0.08223668755111406,0.044803049398843199,1.1182118750014147,1.075149167234569,1.0708488340187436,0.99600024503866158,,0.99771063817058403,False,False,False,,-1,,,False,1,0.0020816305821864754,0.022927484413222142,0.0090053635592493662,0.028290013362444577
10000,0,multi,gaussian_matched,0.050000000000000003,875,8,0.050000000000000003,19.201245316964382,>=10%,True,True,4,0.028290013362444577,0.53111445341263497,0.08223668755111406,0.044803049398843199,1.1182118750014147,1.075149167234569,1.0708488340187436,0.99600024503866158,0.9397627006223892,0.99771063817058403,True,True,False,3>4>2>1,17,0,0,True,1,0.0020816305821864754,0.022927484413222142,0.0090053635592493662,0.028290013362444577
10000,0,multi,gaussian_matched,0.050000000000000003,875,9,0.02,19.201245316964382,>=10%,True,True,4,0.010031671675223867,0.49588349735363629,0.076154506523627319,0.026476476456129567,1.1182118750014147,1.0983899887553601,1.0880916696576499,0.99062416882606541,0.96914542499781775,0.99674146825919674,True,True,False,3>4>2>1,17,0,0,True,1,0.00073542464533602879,0.0079042105011010565,0.0098312323569714009,0.010031671675223867
10000,0,multi,gaussian_matched,0.050000000000000003,875,9,0.050000000000000003,19.201245316964382,>=10%,True,True,4,0.010031671675223867,0.49588349735363629,0.076154506523627319,0.026476476456129567,1.1182118750014147,1.0983899887553601,1.0880916696576499,0.99062416882606541,0.94183104939713291,0.99674146825919674,True,True,False,3>4>2>1,17,0,0,True,1,0.00073542464533602879,0.0079042105011010565,0.0098312323569714009,0.010031671675223867
10000,0,multi,gaussian_matched,0.050000000000000003,875,10,0.02,19.201245316964382,>=10%,True,True,4,0.013672821291851949,0.50559352731776885,0.048863187408146359,0.0057078797047260396,1.1182118750014147,1.1164846145561782,1.1034058359321344,0.98828575113930894,0.9658787577183886,0.99186365342029414,True,True,False,3>4>2>1,17,0,0,True,1,0.0031111497273789705,0.013672821291851949,0.00090243903653291233,0.011415482565335474
10000,0,multi,gaussian_matched,0.050000000000000003,875,10,0.050000000000000003,19.201245316964382,>=10%,True,True,4,0.013672821291851949,0.50559352731776885,0.048863187408146359,0.0057078797047260396,1.1182118750014147,1.1164846145561782,1.1034058359321344,0.98828575113930894,0.93891394210439805,0.99186365342029414,True,True,False,3>4>2>1,17,0,0,True,1,0.0031111497273789705,0.013672821291851949,0.00090243903653291233,0.011415482565335474
10000,0,multi,gaussian_matched,0.050000000000000003,875,11,0.02,19.201245316964382,>=10%,True,True,4,0.012687645221185862,0.49668545322701435,0.087780163644251619,0.037925281611304366,1.1182118750014147,1.0885619926449519,1.0800364222315619,0.99216804328003882,0.97037647984037068,0.99977627570933436,True,True,False,3>4>2>1,17,0,0,True,1,8.0722469291280753e-05,0.007616307475215604,0.012687645221185862,0.012515276329581345
10000,0,multi,gaussian_matched,0.050000000000000003,875,11,0.050000000000000003,19.201245316964382,>=10%,True,True,4,0.012687645221185862,0.49668545322701435,0.087780163644251619,0.037925281611304366,1.1182118750014147,1.0885619926449519,1.0800364222315619,0.99216804328003882,0.9428136193476323,0.99977627570933436,True,True,False,3>4>2>1,17,0,0,True,1,8.0722469291280753e-05,0.007616307475215604,0.012687645221185862,0.012515276329581345
10000,0,multi,gaussian_matched,0.050000000000000003,875,12,0.02,19.201245316964382,>=10%,True,False,2,0.045596458035482693,0.48181145166020245,0.15157882433391182,0.10319438378016929,1.1182118750014147,1.0571076404377846,1.0427557529767193,0.98642343796217224,,1.0248059087688,False,False,False,,-1,,,False,1,0.0044533054345033346,0.0018127512007836384,0.045596458035482693,0.021959352506924785
10000,0,multi,gaussian_matched,0.050000000000000003,875,12,0.050000000000000003,19.201245316964382,>=10%,True,True,4,0.045596458035482693,0.48181145166020245,0.15157882433391182,0.10319438378016929,1.1182118750014147,1.0571076404377846,1.0427557529767193,0.98642343796217224,0.93698164733996248,1.0248059087688,True,True,False,3>4>2>1,17,0,0,True,1,0.0044533054345033346,0.0018127512007836384,0.045596458035482693,0.021959352506924785
10000,0,multi,gaussian_matched,0.050000000000000003,875,13,0.02,19.201245316964382,>=10%,True,False,3,0.020406396899963826,0.47735833019135276,0.074731810883537836,0.033530697596424804,1.1182118750014147,1.110829566950327,1.0944270196893127,0.98523396590347712,,1.0087155596378463,False,False,False,,-1,,,False,1,0.00068500824781729205,0.0027127068153620271,0.020406396899963826,0.0018604563029146789
10000,0,multi,gaussian_matched,0.050000000000000003,875,13,0.050000000000000003,19.201245316964382,>=10%,True,True,4,0.020406396899963826,0.47735833019135276,0.074731810883537836,0.033530697596424804,1.1182118750014147,1.110829566950327,1.0944270196893127,0.98523396590347712,0.9390849478872475,1.0087155596378463,True,True,False,3>4>2>1,17,0,0,True,1,0.00068500824781729205,0.0027127068153620271,0.020406396899963826,0.0018604563029146789
10000,0,multi,gaussian_matched,0.050000000000000003,875,14,0.02,19.201245316964382,>=10%,True,False,3,0.044601531238820227,0.44529771955899966,0.096990566305900999,0.072114165093933702,1.1182118750014147,1.1181995877420359,1.0887663573894981,0.97367801716688895,,1.0381579273444606,False,False,False,,-1,,,False,1,0.0017691693616783569,0.0055411929462324729,0.044601531238820227,0.0063299583721166753
10000,0,multi,gaussian_matched,0.050000000000000003,875,14,0.050000000000000003,19.201245316964382,>=10%,True,True,4,0.044601531238820227,0.44529771955899966,0.096990566305900999,0.072114165093933702,1.1182118750014147,1.1181995877420359,1.0887663573894981,0.97367801716688895,0.93040796804546699,1.0381579273444606,True,True,False,3>4>2>1,17,0,0,True,1,0.0017691693616783569,0.0055411929462324729,0.044601531238820227,0.0063299583721166753
10000,0,multi,gaussian_matched,0.050000000000000003,875,15,0.02,19.201245316964382,>=10%,True,False,3,0.025398928000179666,0.46983192692679304,0.032856585057456769,0.034698837283727094,1.1182118750014147,1.1488075174520951,1.1235982760536123,0.97805616605435031,,1.0358476235426082,False,False,False,,-1,,,False,1,0.0040518133903973894,0.0080396975830008145,0.025398928000179666,0.0024941020422231952
10000,0,multi,gaussian_matched,0.050000000000000003,875,15,0.050000000000000003,19.201245316964382,>=10%,True,True,4,0.025398928000179666,0.46983192692679304,0.032856585057456769,0.034698837283727094,1.1182118750014147,1.1488075174520951,1.1235982760536123,0.97805616605435031,0.93377525208640744,1.0358476235426082,True,True,False,3>4>2>1,17,0,0,True,1,0.0040518133903973894,0.0080396975830008145,0.025398928000179666,0.0024941020422231952
10000,0,multi,gaussian_matched,0.050000000000000003,875,16,0.02,19.201245316964382,>=10%,True,False,3,0.059410615086643581,0.42226010478287884,0.10136943417059832,0.093178914328169826,1.1182118750014147,1.134228628322052,1.0921231284308681,0.96287741391832649,,1.0599977242752303,False,False,False,,-1,,,False,1,0.0032547236483300508,0.0097501199673703763,0.059410615086643581,0.013627615804420196
10000,0,multi,gaussian_matched,0.050000000000000003,875,16,0.050000000000000003,19.201245316964382,>=10%,True,False,3,0.059410615086643581,0.42226010478287884,0.10136943417059832,0.093178914328169826,1.1182118750014147,1.134228628322052,1.0921231284308681,0.96287741391832649,,1.0599977242752303,False,False,False,,-1,,,False,1,0.0032547236483300508,0.0097501199673703763,0.059410615086643581,0.013627615804420196
10000,0,multi,gaussian_matched,0.050000000000000003,875,17,0.02,19.201245316964382,>=10%,True,False,1,0.054608615373745673,0.57505844490582669,0.086210890540815349,0.083336659072942992,1.1182118750014147,1.0579672185169051,1.0377989149712386,0.98093674057884406,,1.0026146199196491,False,False,False,,-1,,,False,1,0.0017400742262325122,0.052055272981271335,0.034709589458671246,0.054608615373745673
10000,0,multi,gaussian_matched,0.050000000000000003,875,17,0.050000000000000003,19.201245316964382,>=10%,True,False,2,0.054608615373745673,0.57505844490582669,0.086210890540815349,0.083336659072942992,1.1182118750014147,1.0579672185169051,1.0377989149712386,0.98093674057884406,,1.0026146199196491,False,False,False,,-1,,,False,1,0.0017400742262325122,0.052055272981271335,0.034709589458671246,0.054608615373745673
10000,0,multi,gaussian_matched,0.050000000000000003,875,18,0.02,19.201245316964382,>=10%,True,False,3,0.025748254117310621,0.52373172462469397,0.014900165147147822,0.042369719852269533,1.1182118750014147,1.1401943990014536,1.1200217869631353,0.98230774326203951,,1.0395091778236876,False,False,False,,-1,,,False,1,0.0070500831127158691,0.025748254117310621,0.0030223679468332904,0.018109151065068468
10000,0,multi,gaussian_matched,0.050000000000000003,875,18,0.050000000000000003,19.201245316964382,>=10%,True,True,4,0.025748254117310621,0.52373172462469397,0.014900165147147822,0.042369719852269533,1.1182118750014147,1.1401943990014536,1.1200217869631353,0.98230774326203951,0.93135979406761871,1.0395091778236876,True,True,False,3>4>2>1,17,0,0,True,1,0.0070500831127158691,0.025748254117310621,0.0030223679468332904,0.018109151065068468
10000,0,multi,gaussian_matched,0.050000000000000003,875,19,0.02,19.201245316964382,>=10%,True,True,4,0.016461804448544691,0.51473957432679796,0.059435131848980916,0.017500764678803477,1.1182118750014147,1.1028666794148148,1.093176102217948,0.99121328318486457,0.96703254259092852,0.99326155599567956,True,True,False,3>4>2>1,17,0,0,True,1,0.0026703772026417422,0.016172611361342515,0.0047623864022894365,0.016461804448544691
10000,0,multi,gaussian_matched,0.050000000000000003,875,19,0.050000000000000003,19.201245316964382,>=10%,True,True,4,0.016461804448544691,0.51473957432679796,0.059435131848980916,0.017500764678803477,1.1182118750014147,1.1028666794148148,1.093176102217948,0.99121328318486457,0.93976498064071745,0.99326155599567956,True,True,False,3>4>2>1,17,0,0,True,1,0.0026703772026417422,0.016172611361342515,0.0047623864022894365,0.016461804448544691
10000,0,multi,gaussian_matched,0.050000000000000003,875,20,0.02,19.201245316964382,>=10%,True,False,1,0.046309740167010616,0.56516943225604788,0.034315106453469704,0.067030372116985912,1.1182118750014147,1.1107830490595483,1.0852057825975967,0.97697366152318699,,1.0304273997386451,False,False,False,,-1,,,False,1,0.0048354482035089501,0.046309740167010616,0.035586543030074642,0.038692169662585048
10000,0,multi,gaussian_matched,0.050000000000000003,875,20,0.050000000000000003,19.201245316964382,>=10%,True,True,4,0.046309740167010616,0.56516943225604788,0.034315106453469704,0.067030372116985912,1.1182118750014147,1.1107830490595483,1.0852057825975967,0.97697366152318699,0.91791814852448828,1.0304273997386451,True,True,False,3>4>2>1,17,0,0,True,1,0.0048354482035089501,0.046309740167010616,0.035586543030074642,0.038692169662585048
10000,0,multi,gaussian_matched,0.050000000000000003,875,21,0.02,19.201245316964382,>=10%,True,False,3,0.021501092151859361,0.50400150643323582,0.0029093479815740925,0.047260359300958642,1.1182118750014147,1.1585934918823511,1.1342285060188817,0.97897020306588822,,1.0565876572526522,False,False,False,,-1,,,False,1,0.0072678844386983316,0.021501092151859361,0.012206776425691547,0.010571307904758255
10000,0,multi,gaussian_matched,0.050000000000000003,875,21,0.050000000000000003,19.201245316964382,>=10%,True,True,4,0.021501092151859361,0.50400150643323582,0.0029093479815740925,0.047260359300958642,1.1182118750014147,1.1585934918823511,1.1342285060188817,0.97897020306588822,0.93146176728010621,1.0565876572526522,True,True,False,3>4>2>1,17,0,0,True,1,0.0072678844386983316,0.021501092151859361,0.012206776425691547,0.010571307904758255
10000,0,multi,gaussian_matched,0.050000000000000003,875,22,0.02,19.201245316964382,>=10%,True,False,1,0.06322478461901096,0.57281315440489722,0.12397273681938102,0.10379653774062414,1.1182118750014147,1.021411956517744,1.0095961615847246,0.98843190070605558,,0.99569028394009884,False,False,False,,-1,,,False,1,0.0050419515230725066,0.050868863311834545,0.020928505573439709,0.06322478461901096
10000,0,multi,gaussian_matched,0.050000000000000003,875,22,0.050000000000000003,19.201245316964382,>=10%,True,False,2,0.06322478461901096,0.57281315440489722,0.12397273681938102,0.10379653774062414,1.1182118750014147,1.021411956517744,1.0095961615847246,0.98843190070605558,,0.99569028394009884,False,False,False,,-1,,,False,1,0.0050419515230725066,0.050868863311834545,0.020928505573439709,0.06322478461901096
10000,0,multi,gaussian_matched,0.050000000000000003,875,23,0.02,19.201245316964382,>=10%,True,False,2,0.024261011923604449,0.50080521337611406,0.12688613456550929,0.076890350870617533,1.1182118750014147,1.0566509872967038,1.0526099306501309,0.99617559942198941,,1.0100950515476501,False,False,False,,-1,,,False,1,0.0026329634249658614,0.0081520056972129804,0.024258465376212131,0.024261011923604449
10000,0,multi,gaussian_matched,0.050000000000000003,875,23,0.050000000000000003,19.201245316964382,>=10%,True,True,4,0.024261011923604449,0.50080521337611406,0.12688613456550929,0.076890350870617533,1.1182118750014147,1.0566509872967038,1.0526099306501309,0.99617559942198941,0.94440890489144613,1.0100950515476501,True,True,False,3>4>2>1,17,0,0,True,1,0.0026329634249658614,0.0081520056972129804,0.024258465376212131,0.024261011923604449
10000,0,multi,gaussian_matched,0.050000000000000003,875,24,0.02,19.201245316964382,>=10%,True,False,1,0.039299902536375886,0.55467941006530408,0.038820411259323319,0.055810582235812069,1.1182118750014147,1.108441829762417,1.0886482899713041,0.98214291516285035,,1.0234722933931177,False,False,False,,-1,,,False,1,0.00565757596521934,0.039299902536375886,0.029733932408391131,0.03371832450307613
10000,0,multi,gaussian_matched,0.050000000000000003,875,24,0.050000000000000003,19.201245316964382,>=10%,True,True,4,0.039299902536375886,0.55467941006530408,0.038820411259323319,0.055810582235812069,1.1182118750014147,1.108441829762417,1.0886482899713041,0.98214291516285035,0.92418355883734438,1.0234722933931177,True,True,False,3>4>2>1,17,0,0,True,1,0.00565757596521934,0.039299902536375886,0.029733932408391131,0.03371832450307613
10000,0,multi,gaussian_matched,0.050000000000000003,875,25,0.02,19.201245316964382,>=10%,True,False,1,0.040866896826621514,0.55787105653237923,0.046440327806281691,0.057980431615335219,1.1182118750014147,1.1003010830600735,1.0811188527820907,0.98256638062680579,,1.0186792949198333,False,False,False,,-1,,,False,1,0.0047169973716093229,0.040866896826621514,0.034104841938337779,0.036405368037026424
10000,0,multi,gaussian_matched,0.050000000000000003,875,25,0.050000000000000003,19.201245316964382,>=10%,True,True,4,0.040866896826621514,0.55787105653237923,0.046440327806281691,0.057980431615335219,1.1182118750014147,1.1003010830600735,1.0811188527820907,0.98256638062680579,0.92349690555708996,1.0186792949198333,True,True,False,3>4>2>1,17,0,0,True,1,0.0047169973716093229,0.040866896826621514,0.034104841938337779,0.036405368037026424
10000,0,multi,gaussian_matched,0.050000000000000003,875,26,0.02,19.201245316964382,>=10%,True,True,4,0.011293204166811699,0.48986900532117905,0.064757139271908584,0.017900005940580156,1.1182118750014147,1.1111721230463882,1.0975005754432323,0.98769628276339938,0.96720454813994883,0.99748590255527492,True,True,False,3>4>2>1,17,0,0,True,1,0.0014958508036747352,0.0069347661564740735,0.011293204166811699,0.0059690263984781972
10000,0,multi,gaussian_matched,0.050000000000000003,875,26,0.050000000000000003,19.201245316964382,>=10%,True,True,4,0.011293204166811699,0.48986900532117905,0.064757139271908584,0.017900005940580156,1.1182118750014147,1.1111721230463882,1.0975005754432323,0.98769628276339938,0.94019008112935687,0.99748590255527492,True,True,False,3>4>2>1,17,0,0,True,1,0.0014958508036747352,0.0069347661564740735,0.011293204166811699,0.0059690263984781972
10000,0,multi,gaussian_matched,0.050000000000000003,875,27,0.02,19.201245316964382,>=10%,True,False,1,0.05571433174009547,0.56854080934105133,0.10692475009558823,0.089096968066099319,1.1182118750014147,1.0389871128653863,1.0271314258545654,0.98858918761934933,,0.9982262028108515,False,False,False,,-1,,,False,1,0.0025314635682006223,0.047378618536124587,0.02411367821492633,0.05571433174009547
10000,0,multi,gaussian_matched,0.050000000000000003,875,27,0.050000000000000003,19.201245316964382,>=10%,True,False,3,0.05571433174009547,0.56854080934105133,0.10692475009558823,0.089096968066099319,1.1182118750014147,1.0389871128653863,1.0271314258545654,0.98858918761934933,,0.9982262028108515,False,False,False,,-1,,,False,1,0.0025314635682006223,0.047378618536124587,0.02411367821492633,0.05571433174009547
10000,0,multi,gaussian_matched,0.050000000000000003,875,28,0.02,19.201245316964382,>=10%,True,True,4,0.01823635221990778,0.48189249872037265,0.033135066485347676,0.024744849667058987,1.1182118750014147,1.1419819345079887,1.1204540277541706,0.98114864508509658,0.96199021030984966,1.0241340688854523,True,True,False,3>4>2>1,17,0,0,True,1,0.0040222712210394515,0.0098884134567301871,0.01823635221990778,0.0017186287878135306
10000,0,multi,gaussian_matched,0.050000000000000003,875,28,0.050000000000000003,19.201245316964382,>=10%,True,True,4,0.01823635221990778,0.48189249872037265,0.033135066485347676,0.024744849667058987,1.1182118750014147,1.1419819345079887,1.1204540277541706,0.98114864508509658,0.93554987696580172,1.0241340688854523,True,True,False,3>4>2>1,17,0,0,True,1,0.0040222712210394515,0.0098884134567301871,0.01823635221990778,0.0017186287878135306
10000,0,multi,gaussian_matched,0.050000000000000003,875,29,0.02,19.201245316964382,>=10%,True,False,2,0.030858289262386162,0.53878245349676412,0.029126759422361478,0.044042829966302655,1.1182118750014147,1.1219445688180634,1.1041078946595633,0.98410200053172814,,1.0267738612813546,False,False,False,,-1,,,False,1,0.0066635835664042176,0.030858289262386162,0.016287016496881187,0.025083749622677225
10000,0,multi,gaussian_matched,0.050000000000000003,875,29,0.050000000000000003,19.201245316964382,>=10%,True,True,4,0.030858289262386162,0.53878245349676412,0.029126759422361478,0.044042829966302655,1.1182118750014147,1.1219445688180634,1.1041078946595633,0.98410200053172814,0.92969211757998138,1.0267738612813546,True,True,False,3>4>2>1,17,0,0,True,1,0.0066635835664042176,0.030858289262386162,0.016287016496881187,0.025083749622677225
10000,0,multi,gaussian_matched,0.050000000000000003,875,30,0.02,19.201245316964382,>=10%,True,False,1,0.086079381190674611,0.59814086859493854,0.14254513375082106,0.13489340928869117,1.1182118750014147,0.99992246557546027,0.97782016313003162,0.97789598373239006,,0.99508295099916999,False,False,False,,-1,,,False,1,0.0097495277462871354,0.067127851136102965,0.03119296455298963,0.086079381190674611
10000,0,multi,gaussian_matched,0.050000000000000003,875,30,0.050000000000000003,19.201245316964382,>=10%,True,False,2,0.086079381190674611,0.59814086859493854,0.14254513375082106,0.13489340928869117,1.1182118750014147,0.99992246557546027,0.97782016313003162,0.97789598373239006,,0.99508295099916999,False,False,False,,-1,,,False,1,0.0097495277462871354,0.067127851136102965,0.03119296455298963,0.086079381190674611
10000,0,multi,gaussian_matched,0.050000000000000003,875,31,0.02,19.201245316964382,>=10%,True,False,3,0.041086227192708109,0.44893494727008698,0.0920789461005391,0.066168552313322318,1.1182118750014147,1.1185178559190121,1.0909094078614641,0.97531693579011847,,1.0347573532728962,False,False,False,,-1,,,False,1,0.0014004956621054383,0.004599427080664506,0.041086227192708109,0.0060739348016850825
10000,0,multi,gaussian_matched,0.050000000000000003,875,31,0.050000000000000003,19.201245316964382,>=10%,True,True,4,0.041086227192708109,0.44893494727008698,0.0920789461005391,0.066168552313322318,1.1182118750014147,1.1185178559190121,1.0909094078614641,0.97531693579011847,0.93181014384177385,1.0347573532728962,True,True,False,3>4>2>1,17,0,0,True,1,0.0014004956621054383,0.004599427080664506,0.041086227192708109,0.0060739348016850825
10000,0,multi,gaussian_matched,0.050000000000000003,876,0,0.02,8.3781425611463849,5-<10%,True,False,1,0.24127851412894299,0.64186932718612755,0.096426364374647189,0.14927261404990541,1.3572905139579312,1.2294090992426634,1.2870841132011928,1.0469127924903583,,1.0582529771482789,False,False,False,,-1,,,False,1,0.051017866769580193,0.035196466572645066,0.24127851412894299,0.0071517254254840918
10000,0,multi,gaussian_matched,0.050000000000000003,876,0,0.050000000000000003,8.3781425611463849,5-<10%,True,False,2,0.24127851412894299,0.64186932718612755,0.096426364374647189,0.14927261404990541,1.3572905139579312,1.2294090992426634,1.2870841132011928,1.0469127924903583,,1.0582529771482789,False,False,False,,-1,,,False,1,0.051017866769580193,0.035196466572645066,0.24127851412894299,0.0071517254254840918
10000,0,multi,gaussian_matched,0.050000000000000003,876,1,0.02,8.3781425611463849,5-<10%,True,True,4,0.014437750819090753,0.51930829026291925,0.042608085071176818,0.02067487555445259,1.3572905139579312,1.3484206178773499,1.348274105561782,0.99989134524225931,0.99494856219025507,1.0085895149479138,True,True,False,2>1>4>3,7,0,0,True,1,0.0043736736213745792,0.0029696521745870897,0.014437750819090753,0.0011186693990322518
10000,0,multi,gaussian_matched,0.050000000000000003,876,1,0.050000000000000003,8.3781425611463849,5-<10%,True,True,4,0.014437750819090753,0.51930829026291925,0.042608085071176818,0.02067487555445259,1.3572905139579312,1.3484206178773499,1.348274105561782,0.99989134524225931,0.97161493639541407,1.0085895149479138,True,True,False,2>1>4>3,7,0,0,True,1,0.0043736736213745792,0.0029696521745870897,0.014437750819090753,0.0011186693990322518
10000,0,multi,gaussian_matched,0.050000000000000003,876,2,0.02,8.3781425611463849,5-<10%,True,True,4,0.01448965188169158,0.50602215276057505,0.045670503319416175,0.0074169309946154997,1.3572905139579312,1.3558006585126536,1.3489637811421291,0.99495731372632257,0.99048835872971874,0.9993296926399835,True,True,False,2>1>4>3,7,0,0,True,1,0.00034617580286376397,0.0021329064208341349,0.01448965188169158,0.00096401094247569705
10000,0,multi,gaussian_matched,0.050000000000000003,876,2,0.050000000000000003,8.3781425611463849,5-<10%,True,True,4,0.01448965188169158,0.50602215276057505,0.045670503319416175,0.0074169309946154997,1.3572905139579312,1.3558006585126536,1.3489637811421291,0.99495731372632257,0.96775821750031621,0.9993296926399835,True,True,False,2>1>4>3,7,0,0,True,1,0.00034617580286376397,0.0021329064208341349,0.01448965188169158,0.00096401094247569705
10000,0,multi,gaussian_matched,0.050000000000000003,876,3,0.02,8.3781425611463849,5-<10%,True,True,4,0.015288475435208204,0.47635597660928369,0.048381160213706399,0.023699377298874901,1.3572905139579312,1.3762112095872219,1.3542726428015333,0.98405872105033299,0.97942251489473131,1.0152373467063942,True,True,False,2>1>4>3,7,0,0,True,1,0.0093425311084472315,0.015288475435208204,0.013740851133900993,0.0036158566418864157
10000,0,multi,gaussian_matched,0.050000000000000003,876,3,0.050000000000000003,8.3781425611463849,5-<10%,True,True,4,0.015288475435208204,0.47635597660928369,0.048381160213706399,0.023699377298874901,1.3572905139579312,1.3762112095872219,1.3542726428015333,0.98405872105033299,0.95749903798994573,1.0152373467063942,True,True,False,2>1>4>3,7,0,0,True,1,0.0093425311084472315,0.015288475435208204,0.013740851133900993,0.0036158566418864157
10000,0,multi,gaussian_matched,0.050000000000000003,876,4,0.02,8.3781425611463849,5-<10%,True,False,3,0.14832139082971105,0.53628131320814731,0.05184386294717197,0.036328136735533777,1.3572905139579312,1.3299563111310928,1.2396978817233106,0.93213428993692304,,0.94012741217639895,False,False,False,,-1,,,False,1,0.011680439693980599,0.013272165428616459,0.14832139082971105,0.00047934966998653062
10000,0,multi,gaussian_matched,0.050000000000000003,876,4,0.050000000000000003,8.3781425611463849,5-<10%,True,False,3,0.14832139082971105,0.53628131320814731,0.05184386294717197,0.036328136735533777,1.3572905139579312,1.3299563111310928,1.2396978817233106,0.93213428993692304,,0.94012741217639895,False,False,False,,-1,,,False,1,0.011680439693980599,0.013272165428616459,0.14832139082971105,0.00047934966998653062
10000,0,multi,gaussian_matched,0.050000000000000003,876,5,0.02,8.3781425611463849,5-<10%,True,False,1,0.15163455454343441,0.56675025183277794,0.054455497525735017,0.066898786072253261,1.3572905139579312,1.307664878843027,1.2303826063868311,0.94090055204008205,,0.95578756288227695,False,False,False,,-1,,,False,1,0.022177543412067274,0.024817687119563715,0.15163455454343441,0.0038139376908541854
10000,0,multi,gaussian_matched,0.050000000000000003,876,5,0.050000000000000003,8.3781425611463849,5-<10%,True,False,3,0.15163455454343441,0.56675025183277794,0.054455497525735017,0.066898786072253261,1.3572905139579312,1.307664878843027,1.2303826063868311,0.94090055204008205,,0.95578756288227695,False,False,False,,-1,,,False,1,0.022177543412067274,0.024817687119563715,0.15163455454343441,0.0038139376908541854
10000,0,multi,gaussian_matched,0.050000000000000003,876,6,0.02,8.3781425611463849,5-<10%,True,True,4,0.011990658836016682,0.51341673350421979,0.014894866054883084,0.037581633376263121,1.3572905139579312,1.3725633274630009,1.3634004897091141,0.99332428779747228,0.98330365007581844,1.03219031495331,True,True,False,2>1>4>3,7,0,0,True,1,0.001908310743165233,0.0071808635931193436,0.011990658836016682,0.011652033835960493
10000,0,multi,gaussian_matched,0.050000000000000003,876,6,0.050000000000000003,8.3781425611463849,5-<10%,True,True,4,0.011990658836016682,0.51341673350421979,0.014894866054883084,0.037581633376263121,1.3572905139579312,1.3725633274630009,1.3634004897091141,0.99332428779747228,0.95965847936076587,1.03219031495331,True,True,False,2>1>4>3,7,0,0,True,1,0.001908310743165233,0.0071808635931193436,0.011990658836016682,0.011652033835960493
10000,0,multi,gaussian_matched,0.050000000000000003,876,7,0.02,8.3781425611463849,5-<10%,True,False,2,0.24056331787567325,0.46930001987535908,0.086156422259027893,0.047431799989315973,1.3572905139579312,1.359052178704832,1.3384057989108342,0.98480825084017476,,1.0210324058472744,False,False,False,,-1,,,False,1,0.0044913670299347192,0.021771100120019628,0.24056331787567325,0.0015248992514578024
10000,0,multi,gaussian_matched,0.050000000000000003,876,7,0.050000000000000003,8.3781425611463849,5-<10%,True,False,3,0.24056331787567325,0.46930001987535908,0.086156422259027893,0.047431799989315973,1.3572905139579312,1.359052178704832,1.3384057989108342,0.98480825084017476,,1.0210324058472744,False,False,False,,-1,,,False,1,0.0044913670299347192,0.021771100120019628,0.24056331787567325,0.0015248992514578024
10000,0,multi,gaussian_matched,0.050000000000000003,876,8,0.02,8.3781425611463849,5-<10%,True,False,2,0.043636273687374626,0.42907362980819652,0.065628177522195699,0.072627748975512191,1.3572905139579312,1.403890784478075,1.3508383973055422,0.96221045984552411,,1.0487556876310522,False,False,False,,-1,,,False,1,0.025317845463244022,0.043636273687374626,0.0051556825155282156,0.012601105714032093
10000,0,multi,gaussian_matched,0.050000000000000003,876,8,0.050000000000000003,8.3781425611463849,5-<10%,True,True,4,0.043636273687374626,0.42907362980819652,0.065628177522195699,0.072627748975512191,1.3572905139579312,1.403890784478075,1.3508383973055422,0.96221045984552411,0.929322968927633,1.0487556876310522,True,True,False,2>1>4>3,7,0,0,True,1,0.025317845463244022,0.043636273687374626,0.0051556825155282156,0.012601105714032093
10000,0,multi,gaussian_matched,0.050000000000000003,876,9,0.02,8.3781425611463849,5-<10%,True,False,2,0.25968213012211577,0.50056653487339453,0.12815689086975141,0.078158944159891275,1.3572905139579312,1.3100319745068947,1.3067476630539352,0.99749295321269105,,1.0203464866009895,False,False,False,,-1,,,False,1,0.015157520823484701,0.028824411278198302,0.25968213012211577,0.010013173431100489
10000,0,multi,gaussian_matched,0.050000000000000003,876,9,0.050000000000000003,8.3781425611463849,5-<10%,True,False,3,0.25968213012211577,0.50056653487339453,0.12815689086975141,0.078158944159891275,1.3572905139579312,1.3100319745068947,1.3067476630539352,0.99749295321269105,,1.0203464866009895,False,False,False,,-1,,,False,1,0.015157520823484701,0.028824411278198302,0.25968213012211577,0.010013173431100489
10000,0,multi,gaussian_matched,0.050000000000000003,876,10,0.02,8.3781425611463849,5-<10%,True,False,2,0.24506314430937912,0.54239804427396299,0.10416085090700362,0.068782206487053035,1.3572905139579312,1.289767459630653,1.313021361237783,1.0180295303882059,,1.0180602851893685,False,False,False,,-1,,,False,1,0.023737372231911066,0.0048239188022789403,0.24506314430937912,0.010233690893691159
10000,0,multi,gaussian_matched,0.050000000000000003,876,10,0.050000000000000003,8.3781425611463849,5-<10%,True,False,3,0.24506314430937912,0.54239804427396299,0.10416085090700362,0.068782206487053035,1.3572905139579312,1.289767459630653,1.313021361237783,1.0180295303882059,,1.0180602851893685,False,False,False,,-1,,,False,1,0.023737372231911066,0.0048239188022789403,0.24506314430937912,0.010233690893691159
10000,0,multi,gaussian_matched,0.050000000000000003,876,11,0.02,8.3781425611463849,5-<10%,True,True,4,0.014125509208290383,0.51684206536269017,0.042387788702358972,0.018482449148342375,1.3572905139579312,1.3503181227508358,1.3490798012710374,0.99908294093152228,0.99389622642638142,1.0075678245414799,True,True,False,2>1>4>3,7,0,0,True,1,0.0035006432808988189,0.0017992424077701364,0.014125509208290383,0.0011747647410556511
10000,0,multi,gaussian_matched,0.050000000000000003,876,11,0.050000000000000003,8.3781425611463849,5-<10%,True,True,4,0.014125509208290383,0.51684206536269017,0.042387788702358972,0.018482449148342375,1.3572905139579312,1.3503181227508358,1.3490798012710374,0.99908294093152228,0.97064864850282895,1.0075678245414799,True,True,False,2>1>4>3,7,0,0,True,1,0.0035006432808988189,0.0017992424077701364,0.014125509208290383,0.0011747647410556511
10000,0,multi,gaussian_matched,0.050000000000000003,876,12,0.02,8.3781425611463849,5-<10%,True,False,3,0.028421771484412474,0.45276651536976764,0.042722478655125698,0.047790839993031069,1.3572905139579312,1.3981026343222152,1.3631734634758872,0.9750167334007912,,1.0395448055954295,False,False,False,,-1,,,False,1,0.018722501355774458,0.028421771484412474,0.0036370152863392561,0.0092200130257872326
10000,0,multi,gaussian_matched,0.050000000000000003,876,12,0.050000000000000003,8.3781425611463849,5-<10%,True,True,4,0.028421771484412474,0.45276651536976764,0.042722478655125698,0.047790839993031069,1.3572905139579312,1.3981026343222152,1.3631734634758872,0.9750167334007912,0.94123252672338453,1.0395448055954295,True,True,False,2>1>4>3,7,0,0,True,1,0.018722501355774458,0.028421771484412474,0.0036370152863392561,0.0092200130257872326
10000,0,multi,gaussian_matched,0.050000000000000003,876,13,0.02,8.3781425611463849,5-<10%,True,False,1,0.40183966765359308,0.34589349749493886,0.10840418713082077,0.16480249751977166,1.3572905139579312,1.3671391665137809,1.3017312400487255,0.9521570824191613,,1.0804862499863843,False,False,False,,-1,,,False,1,0.35370839553109062,0.40183966765359308,0.010051556348037755,0.057994595719780072
10000,0,multi,gaussian_matched,0.050000000000000003,876,13,0.050000000000000003,8.3781425611463849,5-<10%,True,False,1,0.40183966765359308,0.34589349749493886,0.10840418713082077,0.16480249751977166,1.3572905139579312,1.3671391665137809,1.3017312400487255,0.9521570824191613,,1.0804862499863843,False,False,False,,-1,,,False,1,0.35370839553109062,0.40183966765359308,0.010051556348037755,0.057994595719780072
10000,0,multi,gaussian_matched,0.050000000000000003,876,14,0.02,8.3781425611463849,5-<10%,True,False,3,0.17439487679599028,0.4923146919145498,0.059581741038625513,0.012283066461578987,1.3572905139579312,1.3567849651676815,1.2199818108355744,0.89917108617488262,,0.9078858686662471,False,False,False,,-1,,,False,1,0.001900371496026481,0.0056458193477097888,0.17439487679599028,0.00042998883341587463
10000,0,multi,gaussian_matched,0.050000000000000003,876,14,0.050000000000000003,8.3781425611463849,5-<10%,True,False,3,0.17439487679599028,0.4923146919145498,0.059581741038625513,0.012283066461578987,1.3572905139579312,1.3567849651676815,1.2199818108355744,0.89917108617488262,,0.9078858686662471,False,False,False,,-1,,,False,1,0.001900371496026481,0.0056458193477097888,0.17439487679599028,0.00042998883341587463
10000,0,multi,gaussian_matched,0.050000000000000003,876,15,0.02,8.3781425611463849,5-<10%,True,False,2,0.24656086310543232,0.47277938075572068,0.099898818537150283,0.056840603475380891,1.3572905139579312,1.3485600590244573,1.3341265477631685,0.98929709421193301,,1.0248116648088961,False,False,False,,-1,,,False,1,0.00035736540815377944,0.025485949916340029,0.24656086310543232,0.0037809455975922994
10000,0,multi,gaussian_matched,0.050000000000000003,876,15,0.050000000000000003,8.3781425611463849,5-<10%,True,False,3,0.24656086310543232,0.47277938075572068,0.099898818537150283,0.056840603475380891,1.3572905139579312,1.3485600590244573,1.3341265477631685,0.98929709421193301,,1.0248116648088961,False,False,False,,-1,,,False,1,0.00035736540815377944,0.025485949916340029,0.24656086310543232,0.0037809455975922994
10000,0,multi,gaussian_matched,0.050000000000000003,876,16,0.02,8.3781425611463849,5-<10%,True,False,0,0.32634913830712386,0.44823891819082717,-0.0058004937588676392,0.076111133835919886,1.3572905139579312,1.4331590893389996,1.2610615098341702,0.87991732335577333,,0.985177918742557,False,False,False,,-1,,,False,1,0.029655786133691506,0.042039092018548073,0.32634913830712386,0.19263097652734529
10000,0,multi,gaussian_matched,0.050000000000000003,876,16,0.050000000000000003,8.3781425611463849,5-<10%,True,False,2,0.32634913830712386,0.44823891819082717,-0.0058004937588676392,0.076111133835919886,1.3572905139579312,1.4331590893389996,1.2610615098341702,0.87991732335577333,,0.985177918742557,False,False,False,,-1,,,False,1,0.029655786133691506,0.042039092018548073,0.32634913830712386,0.19263097652734529
10000,0,multi,gaussian_matched,0.050000000000000003,876,17,0.02,8.3781425611463849,5-<10%,True,False,3,0.23324949201175565,0.47943227368162511,0.070707401664676719,0.029186090002085361,1.3572905139579312,1.3598808288312187,1.3305348010819187,0.97842014746650841,,1.0017906093802909,False,False,False,,-1,,,False,1,0.0041189484067516253,0.013010575147431012,0.23324949201175565,6.8990143902066968e-05
10000,0,multi,gaussian_matched,0.050000000000000003,876,17,0.050000000000000003,8.3781425611463849,5-<10%,True,False,3,0.23324949201175565,0.47943227368162511,0.070707401664676719,0.029186090002085361,1.3572905139579312,1.3598808288312187,1.3305348010819187,0.97842014746650841,,1.0017906093802909,False,False,False,,-1,,,False,1,0.0041189484067516253,0.013010575147431012,0.23324949201175565,6.8990143902066968e-05
10000,0,multi,gaussian_matched,0.050000000000000003,876,18,0.02,8.3781425611463849,5-<10%,True,False,2,0.23959977418253853,0.45392032438506857,0.0834215222707229,0.056923937457538307,1.3572905139579312,1.3733526181142393,1.3415971024291584,0.97687737638081285,,1.0303770825072189,False,False,False,,-1,,,False,1,0.010704942590885235,0.028835201772220143,0.23959977418253853,0.0004196725392043821
10000,0,multi,gaussian_matched,0.050000000000000003,876,18,0.050000000000000003,8.3781425611463849,5-<10%,True,False,3,0.23959977418253853,0.45392032438506857,0.0834215222707229,0.056923937457538307,1.3572905139579312,1.3733526181142393,1.3415971024291584,0.97687737638081285,,1.0303770825072189,False,False,False,,-1,,,False,1,0.010704942590885235,0.028835201772220143,0.23959977418253853,0.0004196725392043821
10000,0,multi,gaussian_matched,0.050000000000000003,876,19,0.02,8.3781425611463849,5-<10%,True,False,2,0.031518822267956832,0.44785293223185185,0.040514903559651393,0.053002676642774839,1.3572905139579312,1.4033306383706765,1.3620147374234672,0.97055868387853439,,1.042530983245419,False,False,False,,-1,,,False,1,0.020997704768901108,0.031518822267956832,0.0017063537406450575,0.012524373799337274
10000,0,multi,gaussian_matched,0.050000000000000003,876,19,0.050000000000000003,8.3781425611463849,5-<10%,True,True,4,0.031518822267956832,0.44785293223185185,0.040514903559651393,0.053002676642774839,1.3572905139579312,1.4033306383706765,1.3620147374234672,0.97055868387853439,0.93382757245080816,1.042530983245419,True,True,False,2>1>4>3,7,0,0,True,1,0.020997704768901108,0.031518822267956832,0.0017063537406450575,0.012524373799337274
10000,0,multi,gaussian_matched,0.050000000000000003,876,20,0.02,8.3781425611463849,5-<10%,True,False,1,0.034019133602536486,0.45096304816017535,0.02176708541639031,0.056583744234777203,1.3572905139579312,1.4127788708108617,1.3446664431776176,0.9517883307568501,,1.0323878145484675,False,False,False,,-1,,,False,1,0.022887498159694545,0.034019133602536486,0.0069358637706886921,0.032644029304757669
10000,0,multi,gaussian_matched,0.050000000000000003,876,20,0.050000000000000003,8.3781425611463849,5-<10%,True,True,4,0.034019133602536486,0.45096304816017535,0.02176708541639031,0.056583744234777203,1.3572905139579312,1.4127788708108617,1.3446664431776176,0.9517883307568501,0.9117182155720317,1.0323878145484675,True,True,False,2>1>4>3,7,0,0,True,1,0.022887498159694545,0.034019133602536486,0.0069358637706886921,0.032644029304757669
10000,0,multi,gaussian_matched,0.050000000000000003,876,21,0.02,8.3781425611463849,5-<10%,True,False,2,0.020756946563656436,0.56727031018867258,0.029200214620485915,0.070412539399698354,1.3572905139579312,1.3271319685480081,1.3451581868450615,1.0135828378219052,,1.0429386426026661,False,False,False,,-1,,,False,1,0.017916730435867077,0.020756946563656436,0.02042286347656639,0.011377213461571922
10000,0,multi,gaussian_matched,0.050000000000000003,876,21,0.050000000000000003,8.3781425611463849,5-<10%,True,True,4,0.020756946563656436,0.56727031018867258,0.029200214620485915,0.070412539399698354,1.3572905139579312,1.3271319685480081,1.3451581868450615,1.0135828378219052,0.98526668458693201,1.0429386426026661,True,True,False,2>1>4>3,7,0,0,True,1,0.017916730435867077,0.020756946563656436,0.02042286347656639,0.011377213461571922
10000,0,multi,gaussian_matched,0.050000000000000003,876,22,0.02,8.3781425611463849,5-<10%,True,False,2,0.023583988912112799,0.54279201967756219,-0.0071693797886126093,0.071410748025066209,1.3572905139579312,1.3709192366272336,1.3647936232964002,0.99553174748214657,,1.0581407270971182,False,False,False,,-1,,,False,1,0.0045903436246065108,0.00064498367836678843,0.023583988912112799,0.021205668828400758
10000,0,multi,gaussian_matched,0.050000000000000003,876,22,0.050000000000000003,8.3781425611463849,5-<10%,True,True,4,0.023583988912112799,0.54279201967756219,-0.0071693797886126093,0.071410748025066209,1.3572905139579312,1.3709192366272336,1.3647936232964002,0.99553174748214657,0.96633337268722386,1.0581407270971182,True,True,False,2>1>4>3,7,0,0,True,1,0.0045903436246065108,0.00064498367836678843,0.023583988912112799,0.021205668828400758
10000,0,multi,gaussian_matched,0.050000000000000003,876,23,0.02,8.3781425611463849,5-<10%,True,False,3,0.23849409572631958,0.47751056928237945,0.081470946916646886,0.038680679852260362,1.3572905139579312,1.355017236749531,1.3352694045546003,0.98542613949155167,,1.0122741375391693,False,False,False,,-1,,,False,1,0.0025778127597291096,0.01661393936269661,0.23849409572631958,0.0015177906178085543
10000,0,multi,gaussian_matched,0.050000000000000003,876,23,0.050000000000000003,8.3781425611463849,5-<10%,True,False,3,0.23849409572631958,0.47751056928237945,0.081470946916646886,0.038680679852260362,1.3572905139579312,1.355017236749531,1.3352694045546003,0.98542613949155167,,1.0122741375391693,False,False,False,,-1,,,False,1,0.0025778127597291096,0.01661393936269661,0.23849409572631958,0.0015177906178085543
10000,0,multi,gaussian_matched,0.050000000000000003,876,24,0.02,8.3781425611463849,5-<10%,True,False,3,0.2299877078674594,0.50464603507428307,0.067406448039627656,0.018015828464650906,1.3572905139579312,1.3423174501996959,1.3155843916321022,0.98008439913850731,,0.98254589299965278,False,False,False,,-1,,,False,1,0.0037703422838095395,0.001109049118022665,0.2299877078674594,0.0017088511804221598
10000,0,multi,gaussian_matched,0.050000000000000003,876,24,0.050000000000000003,8.3781425611463849,5-<10%,True,False,3,0.2299877078674594,0.50464603507428307,0.067406448039627656,0.018015828464650906,1.3572905139579312,1.3423174501996959,1.3155843916321022,0.98008439913850731,,0.98254589299965278,False,False,False,,-1,,,False,1,0.0037703422838095395,0.001109049118022665,0.2299877078674594,0.0017088511804221598
10000,0,multi,gaussian_matched,0.050000000000000003,876,25,0.02,8.3781425611463849,5-<10%,True,True,4,0.012209434182316938,0.50696149607610674,0.038723835131145662,0.013251955394100692,1.3572905139579312,1.3599272437393375,1.354132137222408,0.99573866429722013,0.98880257548011541,1.0074365646519874,True,True,False,2>1>4>3,7,0,0,True,1,0.00043620170101830053,0.0036732844365387892,0.012209434182316938,0.002456067572695524
10000,0,multi,gaussian_matched,0.050000000000000003,876,25,0.050000000000000003,8.3781425611463849,5-<10%,True,True,4,0.012209434182316938,0.50696149607610674,0.038723835131145662,0.013251955394100692,1.3572905139579312,1.3599272437393375,1.354132137222408,0.99573866429722013,0.96581668696818201,1.0074365646519874,True,True,False,2>1>4>3,7,0,0,True,1,0.00043620170101830053,0.0036732844365387892,0.012209434182316938,0.002456067572695524
10000,0,multi,gaussian_matched,0.050000000000000003,876,26,0.02,8.3781425611463849,5-<10%,True,False,3,0.23900083307733333,0.49592390967552535,0.084262220035998314,0.034503829267610864,1.3572905139579312,1.3385485151379117,1.3298314950501786,0.99348770702806022,,1.0051903481881084,False,False,False,,-1,,,False,1,0.0043091505973031742,0.010691599732821622,0.23900083307733333,0.0033896283562246054
10000,0,multi,gaussian_matched,0.050000000000000003,876,26,0.050000000000000003,8.3781425611463849,5-<10%,True,False,3,0.23900083307733333,0.49592390967552535,0.084262220035998314,0.034503829267610864,1.3572905139579312,1.3385485151379117,1.3298314950501786,0.99348770702806022,,1.0051903481881084,False,False,False,,-1,,,False,1,0.0043091505973031742,0.010691599732821622,0.23900083307733333,0.0033896283562246054
10000,0,multi,gaussian_matched,0.050000000000000003,876,27,0.02,8.3781425611463849,5-<10%,True,False,2,0.22849136872630935,0.45466217236895845,0.065510302964803438,0.047917513628756084,1.3572905139579312,1.3828857545675435,1.3257942725896976,0.95871569159688141,,1.0120985685022119,False,False,False,,-1,,,False,1,0.013938250670896695,0.025735592936137797,0.22849136872630935,0.0033450399826805573
10000,0,multi,gaussian_matched,0.050000000000000003,876,27,0.050000000000000003,8.3781425611463849,5-<10%,True,False,3,0.22849136872630935,0.45466217236895845,0.065510302964803438,0.047917513628756084,1.3572905139579312,1.3828857545675435,1.3257942725896976,0.95871569159688141,,1.0120985685022119,False,False,False,,-1,,,False,1,0.013938250670896695,0.025735592936137797,0.22849136872630935,0.0033450399826805573
10000,0,multi,gaussian_matched,0.050000000000000003,876,28,0.02,8.3781425611463849,5-<10%,True,False,0,0.36757951560235003,0.47388890373060372,-0.10001170778161765,0.15226720533308255,1.3572905139579312,1.4865364373271712,1.0856906821710604,0.73034918950467076,,0.91208026194347436,False,False,False,,-1,,,False,1,0.05520471502955715,0.053460822691214133,0.2535760794449301,0.36757951560235003
10000,0,multi,gaussian_matched,0.050000000000000003,876,28,0.050000000000000003,8.3781425611463849,5-<10%,True,False,0,0.36757951560235003,0.47388890373060372,-0.10001170778161765,0.15226720533308255,1.3572905139579312,1.4865364373271712,1.0856906821710604,0.73034918950467076,,0.91208026194347436,False,False,False,,-1,,,False,1,0.05520471502955715,0.053460822691214133,0.2535760794449301,0.36757951560235003
10000,0,multi,gaussian_matched,0.050000000000000003,876,29,0.02,8.3781425611463849,5-<10%,True,False,3,0.025349009954949934,0.46427405111977299,0.030443837378683117,0.04072820791372958,1.3572905139579312,1.3970240200581594,1.3651488549454533,0.97718352393727703,,1.0357967203053464,False,False,False,,-1,,,False,1,0.016452793178343941,0.025349009954949934,0.0046801934904121779,0.011052313373360727
10000,0,multi,gaussian_matched,0.050000000000000003,876,29,0.050000000000000003,8.3781425611463849,5-<10%,True,True,4,0.025349009954949934,0.46427405111977299,0.030443837378683117,0.04072820791372958,1.3572905139579312,1.3970240200581594,1.3651488549454533,0.97718352393727703,0.94115507728351111,1.0357967203053464,True,True,False,2>1>4>3,7,0,0,True,1,0.016452793178343941,0.025349009954949934,0.0046801934904121779,0.011052313373360727
10000,0,multi,gaussian_matched,0.050000000000000003,876,30,0.02,8.3781425611463849,5-<10%,True,True,4,0.010586018896093426,0.50314901445759752,0.029674465175796222,0.02056802513475902,1.3572905139579312,1.3689915494053304,1.3596983337854218,0.99321163404993595,0.98405733115572258,1.01692772823944,True,True,False,2>1>4>3,7,0,0,True,1,0.0031109748995975153,0.0078876556274913457,0.010586018896093426,0.0056523776164660536
10000,0,multi,gaussian_matched,0.050000000000000003,876,30,0.050000000000000003,8.3781425611463849,5-<10%,True,True,4,0.010586018896093426,0.50314901445759752,0.029674465175796222,0.02056802513475902,1.3572905139579312,1.3689915494053304,1.3596983337854218,0.99321163404993595,0.96110108796244742,1.01692772823944,True,True,False,2>1>4>3,7,0,0,True,1,0.0031109748995975153,0.0078876556274913457,0.010586018896093426,0.0056523776164660536
10000,0,multi,gaussian_matched,0.050000000000000003,876,31,0.02,8.3781425611463849,5-<10%,True,False,3,0.23877957873873309,0.53864901220049488,0.086197443102318916,0.052952818916650858,1.3572905139579312,1.3043476546010646,1.3167991742996161,1.0095461663572813,,1.0091811437051876,False,False,False,,-1,,,False,1,0.018864185569881106,0.0021002064144947938,0.23877957873873309,0.0073805913875698822
10000,0,multi,gaussian_matched,0.050000000000000003,876,31,0.050000000000000003,8.3781425611463849,5-<10%,True,False,3,0.23877957873873309,0.53864901220049488,0.086197443102318916,0.052952818916650858,1.3572905139579312,1.3043476546010646,1.3167991742996161,1.0095461663572813,,1.0091811437051876,False,False,False,,-1,,,False,1,0.018864185569881106,0.0021002064144947938,0.23877957873873309,0.0073805913875698822
10000,0,multi,gaussian_matched,0.050000000000000003,877,0,0.02,6.0724060020342954,5-<10%,True,False,3,0.089925641209390519,0.53367406904952941,0.011829262865565238,0.050901356560887366,1.7081216127929595,1.710317845134609,1.6160068774579905,0.94485763687439284,,0.97587210508583555,False,False,False,,-1,,,False,1,0.0025450096079195628,0.0025827830271877498,0.089925641209390519,0.0073966681084844102
10000,0,multi,gaussian_matched,0.050000000000000003,877,0,0.050000000000000003,6.0724060020342954,5-<10%,True,False,3,0.089925641209390519,0.53367406904952941,0.011829262865565238,0.050901356560887366,1.7081216127929595,1.710317845134609,1.6160068774579905,0.94485763687439284,,0.97587210508583555,False,False,False,,-1,,,False,1,0.0025450096079195628,0.0025827830271877498,0.089925641209390519,0.0073966681084844102
10000,0,multi,gaussian_matched,0.050000000000000003,877,1,0.02,6.0724060020342954,5-<10%,True,True,4,0.01395311285804551,0.54254733329931026,0.095727739015198904,0.062460400945917247,1.7081216127929595,1.6461226504566446,1.6714328032688817,1.0153756178527862,1.0096917922664768,1.0150876794888744,True,True,False,1>2>3>4,0,0,0,True,1,0.005379044825067231,0.0092338091646095109,0.0025901193684075611,0.01395311285804551
10000,0,multi,gaussian_matched,0.050000000000000003,877,1,0.050000000000000003,6.0724060020342954,5-<10%,True,True,4,0.01395311285804551,0.54254733329931026,0.095727739015198904,0.062460400945917247,1.7081216127929595,1.6461226504566446,1.6714328032688817,1.0153756178527862,0.98973672162551907,1.0150876794888744,True,True,False,1>2>3>4,0,0,0,True,1,0.005379044825067231,0.0092338091646095109,0.0025901193684075611,0.01395311285804551
10000,0,multi,gaussian_matched,0.050000000000000003,877,2,0.02,6.0724060020342954,5-<10%,True,True,4,0.011902590762385498,0.517697316852891,0.065504402001484163,0.023528312842514776,1.7081216127929595,1.6845947445856064,1.6787434590651209,0.99652659160947055,0.9872412223156567,0.99657527845704219,True,True,False,1>2>3>4,0,0,0,True,1,0.0042561851254321456,0.0010786521852248884,0.0045032532547397133,0.011902590762385498
10000,0,multi,gaussian_matched,0.050000000000000003,877,2,0.050000000000000003,6.0724060020342954,5-<10%,True,True,4,0.011902590762385498,0.517697316852891,0.065504402001484163,0.023528312842514776,1.7081216127929595,1.6845947445856064,1.6787434590651209,0.99652659160947055,0.96791622199167471,0.99657527845704219,True,True,False,1>2>3>4,0,0,0,True,1,0.0042561851254321456,0.0010786521852248884,0.0045032532547397133,0.011902590762385498
10000,0,multi,gaussian_matched,0.050000000000000003,877,3,0.02,6.0724060020342954,5-<10%,True,True,4,0.01480983323853592,0.55654717163028555,0.10683296866061491,0.080172120753809473,1.7081216127929595,1.6282566799047899,1.6691802441702379,1.0251333618160503,1.0205553217676071,1.0241380659446555,True,True,False,1>2>3>4,0,0,0,True,1,0.0048224591659899382,0.014450312021436129,0.0029502950622523247,0.01480983323853592
10000,0,multi,gaussian_matched,0.050000000000000003,877,3,0.050000000000000003,6.0724060020342954,5-<10%,True,True,4,0.01480983323853592,0.55654717163028555,0.10683296866061491,0.080172120753809473,1.7081216127929595,1.6282566799047899,1.6691802441702379,1.0251333618160503,1.0004635122700389,1.0241380659446555,True,True,False,1>2>3>4,0,0,0,True,1,0.0048224591659899382,0.014450312021436129,0.0029502950622523247,0.01480983323853592
10000,0,multi,gaussian_matched,0.050000000000000003,877,4,0.02,6.0724060020342954,5-<10%,True,False,3,0.038251931565369275,0.47197616646045665,0.089973175824129822,0.048817927359924157,1.7081216127929595,1.7060694598221535,1.6592319961624808,0.97254656697004871,,0.99995803034747777,False,False,False,,-1,,,False,1,0.038251931565369275,0.010350892746649767,0.0039206640520711633,0.015097198426602896
10000,0,multi,gaussian_matched,0.050000000000000003,877,4,0.050000000000000003,6.0724060020342954,5-<10%,True,True,4,0.038251931565369275,0.47197616646045665,0.089973175824129822,0.048817927359924157,1.7081216127929595,1.7060694598221535,1.6592319961624808,0.97254656697004871,0.94521081415970143,0.99995803034747777,True,True,False,1>2>3>4,0,0,0,True,1,0.038251931565369275,0.010350892746649767,0.0039206640520711633,0.015097198426602896
10000,0,multi,gaussian_matched,0.050000000000000003,877,5,0.02,6.0724060020342954,5-<10%,True,False,2,0.093967351194428644,0.50767702508778612,-0.010996005507168768,0.061477226694354556,1.7081216127929595,1.7447438000926447,1.6172679350579759,0.92693720130835255,,0.98280189722990785,False,False,False,,-1,,,False,1,0.023668904527271644,0.01141363917415489,0.093967351194428644,0.006607514332521742
10000,0,multi,gaussian_matched,0.050000000000000003,877,5,0.050000000000000003,6.0724060020342954,5-<10%,True,False,3,0.093967351194428644,0.50767702508778612,-0.010996005507168768,0.061477226694354556,1.7081216127929595,1.7447438000926447,1.6172679350579759,0.92693720130835255,,0.98280189722990785,False,False,False,,-1,,,False,1,0.023668904527271644,0.01141363917415489,0.093967351194428644,0.006607514332521742
10000,0,multi,gaussian_matched,0.050000000000000003,877,6,0.02,6.0724060020342954,5-<10%,True,True,4,0.013364041943221255,0.51841083520200182,0.083282126260958919,0.03803496787543905,1.7081216127929595,1.6726996158803771,1.6722951601292624,0.9997582018030764,0.99240145362846166,1.0012929496326264,True,True,False,1>2>3>4,0,0,0,True,1,0.0099456274379225613,0.0012297608029244332,0.00060708517954493225,0.013364041943221255
10000,0,multi,gaussian_matched,0.050000000000000003,877,6,0.050000000000000003,6.0724060020342954,5-<10%,True,True,4,0.013364041943221255,0.51841083520200182,0.083282126260958919,0.03803496787543905,1.7081216127929595,1.6726996158803771,1.6722951601292624,0.9997582018030764,0.97255721118870275,1.0012929496326264,True,True,False,1>2>3>4,0,0,0,True,1,0.0099456274379225613,0.0012297608029244332,0.00060708517954493225,0.013364041943221255
10000,0,multi,gaussian_matched,0.050000000000000003,877,7,0.02,6.0724060020342954,5-<10%,True,False,2,0.49121252291033557,0.54092255050884708,-0.015416940915023644,0.077162369707188455,1.7081216127929595,1.7259896687157297,1.7211402799070648,0.99719037205345895,,1.0527954427517827,False,False,False,,-1,,,False,1,0.0066581486156329986,0.0035554630797916919,0.10782498010972234,0.49121252291033557
10000,0,multi,gaussian_matched,0.050000000000000003,877,7,0.050000000000000003,6.0724060020342954,5-<10%,True,False,2,0.49121252291033557,0.54092255050884708,-0.015416940915023644,0.077162369707188455,1.7081216127929595,1.7259896687157297,1.7211402799070648,0.99719037205345895,,1.0527954427517827,False,False,False,,-1,,,False,1,0.0066581486156329986,0.0035554630797916919,0.10782498010972234,0.49121252291033557
10000,0,multi,gaussian_matched,0.050000000000000003,877,8,0.02,6.0724060020342954,5-<10%,True,False,2,0.10460572839461013,0.49609624428167426,-0.031458816063109074,0.081552302377748964,1.7081216127929595,1.7676140803988281,1.6157920986647163,0.91410909009060615,,0.99369060629537243,False,False,False,,-1,,,False,1,0.035419915409134514,0.01672795239291839,0.10460572839461013,0.0091023627892282619
10000,0,multi,gaussian_matched,0.050000000000000003,877,8,0.050000000000000003,6.0724060020342954,5-<10%,True,False,3,0.10460572839461013,0.49609624428167426,-0.031458816063109074,0.081552302377748964,1.7081216127929595,1.7676140803988281,1.6157920986647163,0.91410909009060615,,0.99369060629537243,False,False,False,,-1,,,False,1,0.035419915409134514,0.01672795239291839,0.10460572839461013,0.0091023627892282619
10000,0,multi,gaussian_matched,0.050000000000000003,877,9,0.02,6.0724060020342954,5-<10%,True,True,4,0.013219773277408045,0.50375767562465157,0.072327878625346759,0.022641870285122587,1.7081216127929595,1.6909845385766376,1.6741622879579965,0.99005180104556079,0.98116187496449514,0.99337432741025078,True,True,False,1>2>3>4,0,0,0,True,1,0.013219773277408045,0.0038688626911186053,0.0043858854684363686,0.013059760380190728
10000,0,multi,gaussian_matched,0.050000000000000003,877,9,0.050000000000000003,6.0724060020342954,5-<10%,True,True,4,0.013219773277408045,0.50375767562465157,0.072327878625346759,0.022641870285122587,1.7081216127929595,1.6909845385766376,1.6741622879579965,0.99005180104556079,0.96153271376537153,0.99337432741025078,True,True,False,1>2>3>4,0,0,0,True,1,0.013219773277408045,0.0038688626911186053,0.0043858854684363686,0.013059760380190728
10000,0,multi,gaussian_matched,0.050000000000000003,877,10,0.02,6.0724060020342954,5-<10%,True,False,3,0.028553949481521457,0.48129311163297628,0.078314166487601242,0.033935817306555156,1.7081216127929595,1.7051879052849681,1.6675871240969402,0.9779491860858911,,0.99613688431781233,False,False,False,,-1,,,False,1,0.028553949481521457,0.0089491304730187713,0.0054884527302775429,0.014245257573380398
10000,0,multi,gaussian_matched,0.050000000000000003,877,10,0.050000000000000003,6.0724060020342954,5-<10%,True,True,4,0.028553949481521457,0.48129311163297628,0.078314166487601242,0.033935817306555156,1.7081216127929595,1.7051879052849681,1.6675871240969402,0.9779491860858911,0.94954431016184793,0.99613688431781233,True,True,False,1>2>3>4,0,0,0,True,1,0.028553949481521457,0.0089491304730187713,0.0054884527302775429,0.014245257573380398
10000,0,multi,gaussian_matched,0.050000000000000003,877,11,0.02,6.0724060020342954,5-<10%,True,True,4,0.01212937770759934,0.51315099712761125,0.065057836261623439,0.019992177428491902,1.7081216127929595,1.6883467774250394,1.6783127768093213,0.99405690776925504,0.98460575115571924,0.99425295103016997,True,True,False,1>2>3>4,0,0,0,True,1,0.0062751307697136178,0.0023062378129329627,0.0049280477981113536,0.01212937770759934
10000,0,multi,gaussian_matched,0.050000000000000003,877,11,0.050000000000000003,6.0724060020342954,5-<10%,True,True,4,0.01212937770759934,0.51315099712761125,0.065057836261623439,0.019992177428491902,1.7081216127929595,1.6883467774250394,1.6783127768093213,0.99405690776925504,0.96525295929190069,0.99425295103016997,True,True,False,1>2>3>4,0,0,0,True,1,0.0062751307697136178,0.0023062378129329627,0.0049280477981113536,0.01212937770759934
10000,0,multi,gaussian_matched,0.050000000000000003,877,12,0.02,6.0724060020342954,5-<10%,True,True,4,0.010690956664707648,0.53561547194177916,0.065711268959987884,0.038926929161812104,1.7081216127929595,1.6710120301250859,1.6800529266643036,1.0054104317480832,0.99647851348095406,1.0063568325298582,True,True,False,1>2>3>4,0,0,0,True,1,0.0035389471998135292,0.0036148396680736527,0.004960985034729937,0.010690956664707648
10000,0,multi,gaussian_matched,0.050000000000000003,877,12,0.050000000000000003,6.0724060020342954,5-<10%,True,True,4,0.010690956664707648,0.53561547194177916,0.065711268959987884,0.038926929161812104,1.7081216127929595,1.6710120301250859,1.6800529266643036,1.0054104317480832,0.97737870699794061,1.0063568325298582,True,True,False,1>2>3>4,0,0,0,True,1,0.0035389471998135292,0.0036148396680736527,0.004960985034729937,0.010690956664707648
10000,0,multi,gaussian_matched,0.050000000000000003,877,13,0.02,6.0724060020342954,5-<10%,True,False,2,0.50163142928151305,0.5590448967567746,-0.0029600171154667426,0.079316223093946564,1.7081216127929595,1.704852459939926,1.7204326088104167,1.009138708032858,,1.0536420934113606,False,False,False,,-1,,,False,1,0.0026131792561148994,0.0015610281578704074,0.10795659763982494,0.50163142928151305
10000,0,multi,gaussian_matched,0.050000000000000003,877,13,0.050000000000000003,6.0724060020342954,5-<10%,True,False,2,0.50163142928151305,0.5590448967567746,-0.0029600171154667426,0.079316223093946564,1.7081216127929595,1.704852459939926,1.7204326088104167,1.009138708032858,,1.0536420934113606,False,False,False,,-1,,,False,1,0.0026131792561148994,0.0015610281578704074,0.10795659763982494,0.50163142928151305
10000,0,multi,gaussian_matched,0.050000000000000003,877,14,0.02,6.0724060020342954,5-<10%,True,False,3,0.027003437123249048,0.49089560990421072,0.095763286058976924,0.046660135768470043,1.7081216127929595,1.6872154079715411,1.6622098983489741,0.98517942077554288,,1.0004381545897432,False,False,False,,-1,,,False,1,0.027003437123249048,0.0043896346601824295,0.0014060109692147029,0.015061711462724475
10000,0,multi,gaussian_matched,0.050000000000000003,877,14,0.050000000000000003,6.0724060020342954,5-<10%,True,True,4,0.027003437123249048,0.49089560990421072,0.095763286058976924,0.046660135768470043,1.7081216127929595,1.6872154079715411,1.6622098983489741,0.98517942077554288,0.9585569477236866,1.0004381545897432,True,True,False,1>2>3>4,0,0,0,True,1,0.027003437123249048,0.0043896346601824295,0.0014060109692147029,0.015061711462724475
10000,0,multi,gaussian_matched,0.050000000000000003,877,15,0.02,6.0724060020342954,5-<10%,True,False,3,0.073720369654783791,0.58736337296739061,0.075974700728751829,0.09114298664289873,1.7081216127929595,1.6268005513767991,1.609722854212202,0.98950227970469773,,0.99575219241796564,False,False,False,,-1,,,False,1,0.01890578196840801,0.017817076752610121,0.073720369654783791,0.011666912917074881
10000,0,multi,gaussian_matched,0.050000000000000003,877,15,0.050000000000000003,6.0724060020342954,5-<10%,True,False,3,0.073720369654783791,0.58736337296739061,0.075974700728751829,0.09114298664289873,1.7081216127929595,1.6268005513767991,1.609722854212202,0.98950227970469773,,0.99575219241796564,False,False,False,,-1,,,False,1,0.01890578196840801,0.017817076752610121,0.073720369654783791,0.011666912917074881
10000,0,multi,gaussian_matched,0.050000000000000003,877,16,0.02,6.0724060020342954,5-<10%,True,True,4,0.0097663715876263324,0.54166596348952412,0.06374090034306136,0.043873281798245962,1.7081216127929595,1.6678905277099616,1.6801310087053416,1.0073388995212931,0.99816716568407826,1.009298329575409,True,True,False,1>2>3>4,0,0,0,True,1,0.0066395103700772323,0.0049330928400097085,0.0070207549568730172,0.0097663715876263324
10000,0,multi,gaussian_matched,0.050000000000000003,877,16,0.050000000000000003,6.0724060020342954,5-<10%,True,True,4,0.0097663715876263324,0.54166596348952412,0.06374090034306136,0.043873281798245962,1.7081216127929595,1.6678905277099616,1.6801310087053416,1.0073388995212931,0.97925669667971582,1.009298329575409,True,True,False,1>2>3>4,0,0,0,True,1,0.0066395103700772323,0.0049330928400097085,0.0070207549568730172,0.0097663715876263324
10000,0,multi,gaussian_matched,0.050000000000000003,877,17,0.02,6.0724060020342954,5-<10%,True,False,3,0.024304516546827686,0.49649040599794148,0.096098461181955086,0.046231865346355053,1.7081216127929595,1.6824541748435562,1.6631918937382155,0.98855108127558255,,1.0007623264537249,False,False,False,,-1,,,False,1,0.024304516546827686,0.0029068906239287885,0.0008858025313186489,0.014978923435258534
10000,0,multi,gaussian_matched,0.050000000000000003,877,17,0.050000000000000003,6.0724060020342954,5-<10%,True,True,4,0.024304516546827686,0.49649040599794148,0.096098461181955086,0.046231865346355053,1.7081216127929595,1.6824541748435562,1.6631918937382155,0.98855108127558255,0.96201617269767148,1.0007623264537249,True,True,False,1>2>3>4,0,0,0,True,1,0.024304516546827686,0.0029068906239287885,0.0008858025313186489,0.014978923435258534
10000,0,multi,gaussian_matched,0.050000000000000003,877,18,0.02,6.0724060020342954,5-<10%,True,False,1,0.53585683976663323,0.65320358735327788,0.1198905330397472,0.16839247544499558,1.7081216127929595,1.5501639736889439,1.6834079587856787,1.0859547682427766,,1.0841151006823131,False,False,False,,-1,,,False,1,0.014777940176317157,0.036798965763651187,0.092133414854665252,0.53585683976663323
10000,0,multi,gaussian_matched,0.050000000000000003,877,18,0.050000000000000003,6.0724060020342954,5-<10%,True,False,2,0.53585683976663323,0.65320358735327788,0.1198905330397472,0.16839247544499558,1.7081216127929595,1.5501639736889439,1.6834079587856787,1.0859547682427766,,1.0841151006823131,False,False,False,,-1,,,False,1,0.014777940176317157,0.036798965763651187,0.092133414854665252,0.53585683976663323
10000,0,multi,gaussian_matched,0.050000000000000003,877,19,0.02,6.0724060020342954,5-<10%,True,True,4,0.015502361300347135,0.55673149342777239,0.061195059125516635,0.057825528059579322,1.7081216127929595,1.6587912242414014,1.675056286805386,1.0098053705169696,0.99954317523230984,1.0144955733166565,True,True,False,1>2>3>4,0,0,0,True,1,0.013253324407848925,0.0084054160217608941,0.015502361300347135,0.0057113815364028993
10000,0,multi,gaussian_matched,0.050000000000000003,877,19,0.050000000000000003,6.0724060020342954,5-<10%,True,True,4,0.015502361300347135,0.55673149342777239,0.061195059125516635,0.057825528059579322,1.7081216127929595,1.6587912242414014,1.675056286805386,1.0098053705169696,0.98118487651276165,1.0144955733166565,True,True,False,1>2>3>4,0,0,0,True,1,0.013253324407848925,0.0084054160217608941,0.015502361300347135,0.0057113815364028993
10000,0,multi,gaussian_matched,0.050000000000000003,877,20,0.02,6.0724060020342954,5-<10%,True,True,4,0.019974864022700153,0.54037545369633266,0.04211601883375278,0.041137992418377005,1.7081216127929595,1.6838437883218986,1.6793802533304745,0.99734919888508633,0.98497888976537173,1.0072574650792119,True,True,False,1>2>3>4,0,0,0,True,1,0.0104680593239126,0.0021293636141196492,0.019974864022700153,0.004906932690028779
10000,0,multi,gaussian_matched,0.050000000000000003,877,20,0.050000000000000003,6.0724060020342954,5-<10%,True,True,4,0.019974864022700153,0.54037545369633266,0.04211601883375278,0.041137992418377005,1.7081216127929595,1.6838437883218986,1.6793802533304745,0.99734919888508633,0.96692707440647674,1.0072574650792119,True,True,False,1>2>3>4,0,0,0,True,1,0.0104680593239126,0.0021293636141196492,0.019974864022700153,0.004906932690028779
10000,0,multi,gaussian_matched,0.050000000000000003,877,21,0.02,6.0724060020342954,5-<10%,True,False,3,0.025202627138273488,0.5198912157003287,0.021361560718887552,0.034868620083034083,1.7081216127929595,1.7130040660509085,1.6844145259122276,0.98331029055605801,,1.00653439024406,False,False,False,,-1,,,False,1,0.0075427471315706873,0.0051871266478904872,0.025202627138273488,0.0053512543108027019
10000,0,multi,gaussian_matched,0.050000000000000003,877,21,0.050000000000000003,6.0724060020342954,5-<10%,True,True,4,0.025202627138273488,0.5198912157003287,0.021361560718887552,0.034868620083034083,1.7081216127929595,1.7130040660509085,1.6844145259122276,0.98331029055605801,0.95068382549456876,1.00653439024406,True,True,False,1>2>3>4,0,0,0,True,1,0.0075427471315706873,0.0051871266478904872,0.025202627138273488,0.0053512543108027019
10000,0,multi,gaussian_matched,0.050000000000000003,877,22,0.02,6.0724060020342954,5-<10%,True,False,2,0.48801723968649485,0.42460554487704444,0.0030033213433443839,0.088842623036717625,1.7081216127929595,1.7961187432849619,1.7359575685227786,0.96650490120037769,,1.0683081215603583,False,False,False,,-1,,,False,1,0.48801723968649485,0.23041198192785237,0.0022025047286672811,0.017596852145141055
10000,0,multi,gaussian_matched,0.050000000000000003,877,22,0.050000000000000003,6.0724060020342954,5-<10%,True,False,2,0.48801723968649485,0.42460554487704444,0.0030033213433443839,0.088842623036717625,1.7081216127929595,1.7961187432849619,1.7359575685227786,0.96650490120037769,,1.0683081215603583,False,False,False,,-1,,,False,1,0.48801723968649485,0.23041198192785237,0.0022025047286672811,0.017596852145141055
10000,0,multi,gaussian_matched,0.050000000000000003,877,23,0.02,6.0724060020342954,5-<10%,True,True,4,0.012587534137047128,0.50067864172742016,0.054382009012717718,0.0044342482544096583,1.7081216127929595,1.7047639441521547,1.6806005967795603,0.98582598637454655,0.97490342198664337,0.9864841194057371,True,True,False,1>2>3>4,0,0,0,True,1,0.012587534137047128,0.0066714278832543748,0.008542735490253639,0.012091200540987975
10000,0,multi,gaussian_matched,0.050000000000000003,877,23,0.050000000000000003,6.0724060020342954,5-<10%,True,True,4,0.012587534137047128,0.50067864172742016,0.054382009012717718,0.0044342482544096583,1.7081216127929595,1.7047639441521547,1.6806005967795603,0.98582598637454655,0.95575115049635662,0.9864841194057371,True,True,False,1>2>3>4,0,0,0,True,1,0.012587534137047128,0.0066714278832543748,0.008542735490253639,0.012091200540987975
10000,0,multi,gaussian_matched,0.050000000000000003,877,24,0.02,6.0724060020342954,5-<10%,True,False,1,0.43237903268904698,0.44656853265001606,0.031422467592459258,0.056568952734920123,1.7081216127929595,1.7612101475148629,1.6975438111030874,0.96385080082486962,,1.0269249863127998,False,False,False,,-1,,,False,1,0.43237903268904698,0.23659727119589352,0.013765018939975561,0.021536509783210957
10000,0,multi,gaussian_matched,0.050000000000000003,877,24,0.050000000000000003,6.0724060020342954,5-<10%,True,False,2,0.43237903268904698,0.44656853265001606,0.031422467592459258,0.056568952734920123,1.7081216127929595,1.7612101475148629,1.6975438111030874,0.96385080082486962,,1.0269249863127998,False,False,False,,-1,,,False,1,0.43237903268904698,0.23659727119589352,0.013765018939975561,0.021536509783210957
10000,0,multi,gaussian_matched,0.050000000000000003,877,25,0.02,6.0724060020342954,5-<10%,True,True,4,0.014965247115579691,0.52196785758786701,0.03763554976861494,0.025208458828837679,1.7081216127929595,1.7001355057746794,1.685509797881207,0.99139732812837877,0.9789950515480722,1.0015201750845126,True,True,False,1>2>3>4,0,0,0,True,1,0.0014043931825797554,0.0030531482318959264,0.014965247115579691,0.0085461915550565769
10000,0,multi,gaussian_matched,0.050000000000000003,877,25,0.050000000000000003,6.0724060020342954,5-<10%,True,True,4,0.014965247115579691,0.52196785758786701,0.03763554976861494,0.025208458828837679,1.7081216127929595,1.7001355057746794,1.685509797881207,0.99139732812837877,0.96062780447220886,1.0015201750845126,True,True,False,1>2>3>4,0,0,0,True,1,0.0014043931825797554,0.0030531482318959264,0.014965247115579691,0.0085461915550565769
10000,0,multi,gaussian_matched,0.050000000000000003,877,26,0.02,6.0724060020342954,5-<10%,True,False,3,0.026664554770333984,0.48343976135181338,0.076293622321284116,0.031074041881596671,1.7081216127929595,1.7046591925449051,1.6689586809286463,0.97905709729405732,,0.99526445311496858,False,False,False,,-1,,,False,1,0.026664554770333984,0.0086027859950347611,0.0056886099590880094,0.01406952662406521
10000,0,multi,gaussian_matched,0.050000000000000003,877,26,0.050000000000000003,6.0724060020342954,5-<10%,True,True,4,0.026664554770333984,0.48343976135181338,0.076293622321284116,0.031074041881596671,1.7081216127929595,1.7046591925449051,1.6689586809286463,0.97905709729405732,0.95048204062810371,0.99526445311496858,True,True,False,1>2>3>4,0,0,0,True,1,0.026664554770333984,0.0086027859950347611,0.0056886099590880094,0.01406952662406521
10000,0,multi,gaussian_matched,0.050000000000000003,877,27,0.02,6.0724060020342954,5-<10%,True,False,1,0.44015355343005447,0.44200884768287196,0.046012908480980282,0.05812805386256608,1.7081216127929595,1.7559749819771593,1.7166636589640025,0.97761282283823103,,1.0390312373160577,False,False,False,,-1,,,False,1,0.44015355343005447,0.23668470321325483,0.013686784375078545,0.021559327548231855
10000,0,multi,gaussian_matched,0.050000000000000003,877,27,0.050000000000000003,6.0724060020342954,5-<10%,True,False,2,0.44015355343005447,0.44200884768287196,0.046012908480980282,0.05812805386256608,1.7081216127929595,1.7559749819771593,1.7166636589640025,0.97761282283823103,,1.0390312373160577,False,False,False,,-1,,,False,1,0.44015355343005447,0.23668470321325483,0.013686784375078545,0.021559327548231855
10000,0,multi,gaussian_matched,0.050000000000000003,877,28,0.02,6.0724060020342954,5-<10%,True,True,4,0.016812289781864179,0.51267953586256521,0.030488728411921125,0.023269300562626528,1.7081216127929595,1.7117894642356113,1.6873262199355583,0.98570896432583377,0.97236443198038347,1.0014483205918694,True,True,False,1>2>3>4,0,0,0,True,1,0.0090268393306828214,0.0061469737057025667,0.016812289781864179,0.008869428277582048
10000,0,multi,gaussian_matched,0.050000000000000003,877,28,0.050000000000000003,6.0724060020342954,5-<10%,True,True,4,0.016812289781864179,0.51267953586256521,0.030488728411921125,0.023269300562626528,1.7081216127929595,1.7117894642356113,1.6873262199355583,0.98570896432583377,0.95406463450292134,1.0014483205918694,True,True,False,1>2>3>4,0,0,0,True,1,0.0090268393306828214,0.0061469737057025667,0.016812289781864179,0.008869428277582048
10000,0,multi,gaussian_matched,0.050000000000000003,877,29,0.02,6.0724060020342954,5-<10%,True,False,2,0.52788008831636413,0.39959793257285092,-0.0094343877415562633,0.11667485414543891,1.7081216127929595,1.7924898684673787,1.7396875144065116,0.97054245327142941,,1.0867858322550008,False,False,False,,-1,,,False,1,0.52788008831636413,0.22899343707460912,0.0051410937735779615,0.00020071487901677604
10000,0,multi,gaussian_matched,0.050000000000000003,877,29,0.050000000000000003,6.0724060020342954,5-<10%,True,False,2,0.52788008831636413,0.39959793257285092,-0.0094343877415562633,0.11667485414543891,1.7081216127929595,1.7924898684673787,1.7396875144065116,0.97054245327142941,,1.0867858322550008,False,False,False,,-1,,,False,1,0.52788008831636413,0.22899343707460912,0.0051410937735779615,0.00020071487901677604
10000,0,multi,gaussian_matched,0.050000000000000003,877,30,0.02,6.0724060020342954,5-<10%,True,False,2,0.51001917380018935,0.59067629000225463,0.0454816484732996,0.090788793741803944,1.7081216127929595,1.6473562280017964,1.7153523481502497,1.0412759055950704,,1.0573843972027388,False,False,False,,-1,,,False,1,0.0060713575558628032,0.0097646553155958174,0.095107770207329592,0.51001917380018935
10000,0,multi,gaussian_matched,0.050000000000000003,877,30,0.050000000000000003,6.0724060020342954,5-<10%,True,False,2,0.51001917380018935,0.59067629000225463,0.0454816484732996,0.090788793741803944,1.7081216127929595,1.6473562280017964,1.7153523481502497,1.0412759055950704,,1.0573843972027388,False,False,False,,-1,,,False,1,0.0060713575558628032,0.0097646553155958174,0.095107770207329592,0.51001917380018935
10000,0,multi,gaussian_matched,0.050000000000000003,877,31,0.02,6.0724060020342954,5-<10%,True,False,3,0.023175534746962396,0.523903800461749,0.12279113895773351,0.076615544031737967,1.7081216127929595,1.6446833174392241,1.6580913325741493,1.0081523385035616,,1.0155640345592596,False,False,False,,-1,,,False,1,0.023175534746962396,0.0078852095547869219,0.0066089201356149064,0.017058370220076481
10000,0,multi,gaussian_matched,0.050000000000000003,877,31,0.050000000000000003,6.0724060020342954,5-<10%,True,True,4,0.023175534746962396,0.523903800461749,0.12279113895773351,0.076615544031737967,1.7081216127929595,1.6446833174392241,1.6580913325741493,1.0081523385035616,0.98416706746685245,1.0155640345592596,True,True,False,1>2>3>4,0,0,0,True,1,0.023175534746962396,0.0078852095547869219,0.0066089201356149064,0.017058370220076481
10000,0,multi,gaussian_matched,0.050000000000000003,878,0,0.02,0.22476915378215481,<1%,True,False,2,0.2101641078687235,0.5578374821017319,-0.0016281032258572831,0.077528287602448259,1.2743931124111947,1.3461016952464488,1.27378033953175,0.9462734829247369,,1.0603546221130127,False,False,False,,-1,,,False,2,0.2101641078687235,0.03453410298916066,0.0095325687895223467,0.014330764516675107
10000,0,multi,gaussian_matched,0.050000000000000003,878,0,0.050000000000000003,0.22476915378215481,<1%,True,False,3,0.2101641078687235,0.5578374821017319,-0.0016281032258572831,0.077528287602448259,1.2743931124111947,1.3461016952464488,1.27378033953175,0.9462734829247369,,1.0603546221130127,False,False,False,,-1,,,False,2,0.2101641078687235,0.03453410298916066,0.0095325687895223467,0.014330764516675107
10000,0,multi,gaussian_matched,0.050000000000000003,878,1,0.02,0.22476915378215481,<1%,True,False,3,0.20453471216367744,0.48399832968615591,0.10342922807444982,0.055773971218342842,1.2743931124111947,1.2190043163188822,1.1604913594140254,0.95199938497219372,,0.95438787198963537,False,False,False,,-1,,,False,2,0.0043739901934174152,0.015317249600331831,0.20453471216367744,0.0027875067090317547
10000,0,multi,gaussian_matched,0.050000000000000003,878,1,0.050000000000000003,0.22476915378215481,<1%,True,False,3,0.20453471216367744,0.48399832968615591,0.10342922807444982,0.055773971218342842,1.2743931124111947,1.2190043163188822,1.1604913594140254,0.95199938497219372,,0.95438787198963537,False,False,False,,-1,,,False,2,0.0043739901934174152,0.015317249600331831,0.20453471216367744,0.0027875067090317547
10000,0,multi,gaussian_matched,0.050000000000000003,878,2,0.02,0.22476915378215481,<1%,True,False,1,0.19607471656011485,0.57325637453713785,0.15199067672056166,0.12557306458091852,1.2743931124111947,1.2390855943657457,1.0402753407473702,0.83955083125622076,,0.91482635457944705,False,False,False,,-1,,,False,2,0.011700118729663124,0.044172071616559561,0.19607471656011485,0.059511943902980757
10000,0,multi,gaussian_matched,0.050000000000000003,878,2,0.050000000000000003,0.22476915378215481,<1%,True,False,2,0.19607471656011485,0.57325637453713785,0.15199067672056166,0.12557306458091852,1.2743931124111947,1.2390855943657457,1.0402753407473702,0.83955083125622076,,0.91482635457944705,False,False,False,,-1,,,False,2,0.011700118729663124,0.044172071616559561,0.19607471656011485,0.059511943902980757
10000,0,multi,gaussian_matched,0.050000000000000003,878,3,0.02,0.22476915378215481,<1%,True,False,3,0.20434929983704678,0.47010259105024188,0.08623520448425577,0.046977070001490158,1.2743931124111947,1.2299508735312932,1.164931934489676,0.947136962588642,,0.95096951850139366,False,False,False,,-1,,,False,2,0.0050242982636680283,0.0076342551867724278,0.20434929983704678,0.0078049127543914848
10000,0,multi,gaussian_matched,0.050000000000000003,878,3,0.050000000000000003,0.22476915378215481,<1%,True,False,3,0.20434929983704678,0.47010259105024188,0.08623520448425577,0.046977070001490158,1.2743931124111947,1.2299508735312932,1.164931934489676,0.947136962588642,,0.95096951850139366,False,False,False,,-1,,,False,2,0.0050242982636680283,0.0076342551867724278,0.20434929983704678,0.0078049127543914848
10000,0,multi,gaussian_matched,0.050000000000000003,878,4,0.02,0.22476915378215481,<1%,True,False,2,0.19532594532275269,0.4618372800925995,0.035284521148546022,0.040901570979099224,1.2743931124111947,1.2768710404245112,1.1032547835802247,0.86402992052622196,,0.8978048793708101,False,False,False,,-1,,,False,2,0.015905611272277232,0.0065272840459640836,0.19532594532275269,0.024785327066970776
10000,0,multi,gaussian_matched,0.050000000000000003,878,4,0.050000000000000003,0.22476915378215481,<1%,True,False,3,0.19532594532275269,0.4618372800925995,0.035284521148546022,0.040901570979099224,1.2743931124111947,1.2768710404245112,1.1032547835802247,0.86402992052622196,,0.8978048793708101,False,False,False,,-1,,,False,2,0.015905611272277232,0.0065272840459640836,0.19532594532275269,0.024785327066970776
10000,0,multi,gaussian_matched,0.050000000000000003,878,5,0.02,0.22476915378215481,<1%,True,False,2,0.18910547402958941,0.44855816248347163,0.0011979598228189156,0.070907698965148355,1.2743931124111947,1.3079841908245218,1.0364198529524002,0.79237949527437801,,0.8689057882794482,False,False,False,,-1,,,False,2,0.016408434234400346,0.0027501591709801431,0.18910547402958941,0.042322093769652645
10000,0,multi,gaussian_matched,0.050000000000000003,878,5,0.050000000000000003,0.22476915378215481,<1%,True,False,3,0.18910547402958941,0.44855816248347163,0.0011979598228189156,0.070907698965148355,1.2743931124111947,1.3079841908245218,1.0364198529524002,0.79237949527437801,,0.8689057882794482,False,False,False,,-1,,,False,2,0.016408434234400346,0.0027501591709801431,0.18910547402958941,0.042322093769652645
10000,0,multi,gaussian_matched,0.050000000000000003,878,6,0.02,0.22476915378215481,<1%,True,False,1,0.34335104381468401,0.42402989904547828,0.19894676274981776,0.16720225588397641,1.2743931124111947,1.1089073875436093,0.87435064489631753,0.78847941200313498,,0.81729325954190135,False,False,False,,-1,,,False,2,0.021656264037834827,0.042331120409201971,0.34335104381468401,0.0091069846594622594
10000,0,multi,gaussian_matched,0.050000000000000003,878,6,0.050000000000000003,0.22476915378215481,<1%,True,False,3,0.34335104381468401,0.42402989904547828,0.19894676274981776,0.16720225588397641,1.2743931124111947,1.1089073875436093,0.87435064489631753,0.78847941200313498,,0.81729325954190135,False,False,False,,-1,,,False,2,0.021656264037834827,0.042331120409201971,0.34335104381468401,0.0091069846594622594
10000,0,multi,gaussian_matched,0.050000000000000003,878,7,0.02,0.22476915378215481,<1%,True,False,2,0.13043239189017949,0.54999625072568814,0.03700815194270439,0.051656685942574054,1.2743931124111947,1.3087295741318623,1.1284637715436954,0.86225893710108514,,0.92602545163904859,False,False,False,,-1,,,False,2,0.13043239189017949,0.019162917043645592,0.026380343529286709,0.0024894100102716039
10000,0,multi,gaussian_matched,0.050000000000000003,878,7,0.050000000000000003,0.22476915378215481,<1%,True,False,3,0.13043239189017949,0.54999625072568814,0.03700815194270439,0.051656685942574054,1.2743931124111947,1.3087295741318623,1.1284637715436954,0.86225893710108514,,0.92602545163904859,False,False,False,,-1,,,False,2,0.13043239189017949,0.019162917043645592,0.026380343529286709,0.0024894100102716039
10000,0,multi,gaussian_matched,0.050000000000000003,878,8,0.02,0.22476915378215481,<1%,True,False,3,0.19819310574843235,0.50291930443657162,0.085185433707442568,0.03530633206061233,1.2743931124111947,1.2436608936663389,1.1251828786388636,0.90473446931486312,,0.91062106299663792,False,False,False,,-1,,,False,2,0.010077000271844352,0.011667998498738771,0.19819310574843235,0.006778317681244257
10000,0,multi,gaussian_matched,0.050000000000000003,878,8,0.050000000000000003,0.22476915378215481,<1%,True,False,3,0.19819310574843235,0.50291930443657162,0.085185433707442568,0.03530633206061233,1.2743931124111947,1.2436608936663389,1.1251828786388636,0.90473446931486312,,0.91062106299663792,False,False,False,,-1,,,False,2,0.010077000271844352,0.011667998498738771,0.19819310574843235,0.006778317681244257
10000,0,multi,gaussian_matched,0.050000000000000003,878,9,0.02,0.22476915378215481,<1%,True,False,3,0.19450791862455635,0.49628354898776345,0.050732155774819418,0.0037878833409907874,1.2743931124111947,1.27231224187543,1.0632933030667526,0.83571726190374729,,0.83732497925133154,False,False,False,,-1,,,False,2,0.015527264203641804,0.0023547452237953873,0.19450791862455635,0.0059134910730690585
10000,0,multi,gaussian_matched,0.050000000000000003,878,9,0.050000000000000003,0.22476915378215481,<1%,True,False,3,0.19450791862455635,0.49628354898776345,0.050732155774819418,0.0037878833409907874,1.2743931124111947,1.27231224187543,1.0632933030667526,0.83571726190374729,,0.83732497925133154,False,False,False,,-1,,,False,2,0.015527264203641804,0.0023547452237953873,0.19450791862455635,0.0059134910730690585
10000,0,multi,gaussian_matched,0.050000000000000003,878,10,0.02,0.22476915378215481,<1%,True,False,2,0.13144289624446251,0.47768762443614948,0.013141903429519063,0.043085512485071038,1.2743931124111947,1.3021677086729959,1.1066822983929763,0.84987693291885302,,0.90220811748005125,False,False,False,,-1,,,False,2,0.0066127500303822129,0.0019600846498476921,0.13144289624446251,0.026424501105928297
10000,0,multi,gaussian_matched,0.050000000000000003,878,10,0.050000000000000003,0.22476915378215481,<1%,True,False,3,0.13144289624446251,0.47768762443614948,0.013141903429519063,0.043085512485071038,1.2743931124111947,1.3021677086729959,1.1066822983929763,0.84987693291885302,,0.90220811748005125,False,False,False,,-1,,,False,2,0.0066127500303822129,0.0019600846498476921,0.13144289624446251,0.026424501105928297
10000,0,multi,gaussian_matched,0.050000000000000003,878,11,0.02,0.22476915378215481,<1%,True,False,3,0.066818303561595599,0.53902491931465801,0.048196724966869262,0.039066560232002522,1.2743931124111947,1.293492736683993,1.1785625189654756,0.9111473806856053,,0.95545798807220716,False,False,False,,-1,,,False,2,0.005016508763521204,0.013941030813517007,0.066818303561595599,0.0058083212530415512
10000,0,multi,gaussian_matched,0.050000000000000003,878,11,0.050000000000000003,0.22476915378215481,<1%,True,False,3,0.066818303561595599,0.53902491931465801,0.048196724966869262,0.039066560232002522,1.2743931124111947,1.293492736683993,1.1785625189654756,0.9111473806856053,,0.95545798807220716,False,False,False,,-1,,,False,2,0.005016508763521204,0.013941030813517007,0.066818303561595599,0.0058083212530415512
10000,0,multi,gaussian_matched,0.050000000000000003,878,12,0.02,0.22476915378215481,<1%,True,False,1,0.21947041882208443,0.54018673623449143,-0.082835373644308083,0.13878115960173962,1.2743931124111947,1.4127372946118217,1.3117326240030516,0.92850427960385706,,1.1381996414437381,False,False,False,,-1,,,False,2,0.21947041882208443,0.065313154941879614,0.014064438671822556,0.052727755950728379
10000,0,multi,gaussian_matched,0.050000000000000003,878,12,0.050000000000000003,0.22476915378215481,<1%,True,False,1,0.21947041882208443,0.54018673623449143,-0.082835373644308083,0.13878115960173962,1.2743931124111947,1.4127372946118217,1.3117326240030516,0.92850427960385706,,1.1381996414437381,False,False,False,,-1,,,False,2,0.21947041882208443,0.065313154941879614,0.014064438671822556,0.052727755950728379
10000,0,multi,gaussian_matched,0.050000000000000003,878,13,0.02,0.22476915378215481,<1%,True,False,3,0.21632668394495147,0.44510600103832859,0.10916775576885344,0.080710435785756179,1.2743931124111947,1.2011171264162612,1.154363807556078,0.96107513760986851,,0.96914698558361811,False,False,False,,-1,,,False,2,0.0031674220658716571,0.012292103031458159,0.21632668394495147,0.015926670562362348
10000,0,multi,gaussian_matched,0.050000000000000003,878,13,0.050000000000000003,0.22476915378215481,<1%,True,False,3,0.21632668394495147,0.44510600103832859,0.10916775576885344,0.080710435785756179,1.2743931124111947,1.2011171264162612,1.154363807556078,0.96107513760986851,,0.96914698558361811,False,False,False,,-1,,,False,2,0.0031674220658716571,0.012292103031458159,0.21632668394495147,0.015926670562362348
10000,0,multi,gaussian_matched,0.050000000000000003,878,14,0.02,0.22476915378215481,<1%,True,False,2,0.077626046335066382,0.52562234338187463,0.014792381111714541,0.04354401116297682,1.2743931124111947,1.3169221833258247,1.1665920264409571,0.8858473501409051,,0.94957829402759064,False,False,False,,-1,,,False,2,0.077626046335066382,0.016043881625494749,0.038357925034628024,0.012936059599681003
10000,0,multi,gaussian_matched,0.050000000000000003,878,14,0.050000000000000003,0.22476915378215481,<1%,True,False,3,0.077626046335066382,0.52562234338187463,0.014792381111714541,0.04354401116297682,1.2743931124111947,1.3169221833258247,1.1665920264409571,0.8858473501409051,,0.94957829402759064,False,False,False,,-1,,,False,2,0.077626046335066382,0.016043881625494749,0.038357925034628024,0.012936059599681003
10000,0,multi,gaussian_matched,0.050000000000000003,878,15,0.02,0.22476915378215481,<1%,True,False,3,0.1955951898644743,0.51725346011145146,0.077295284639176606,0.032291089318124848,1.2743931124111947,1.2574048443939794,1.0852823940474818,0.86311294161630658,,0.87694563983567042,False,False,False,,-1,,,False,2,0.014158480653272933,0.011515295912705633,0.1955951898644743,0.0103386645218452
10000,0,multi,gaussian_matched,0.050000000000000003,878,15,0.050000000000000003,0.22476915378215481,<1%,True,False,3,0.1955951898644743,0.51725346011145146,0.077295284639176606,0.032291089318124848,1.2743931124111947,1.2574048443939794,1.0852823940474818,0.86311294161630658,,0.87694563983567042,False,False,False,,-1,,,False,2,0.014158480653272933,0.011515295912705633,0.1955951898644743,0.0103386645218452
10000,0,multi,gaussian_matched,0.050000000000000003,878,16,0.02,0.22476915378215481,<1%,True,False,3,0.13314074988267907,0.519934463874413,0.048756403690770139,0.019973216609765365,1.2743931124111947,1.283846164607322,1.095670897114047,0.85342849269575027,,0.87543168811778649,False,False,False,,-1,,,False,2,0.0033829438637338685,0.008376280547661397,0.13314074988267907,0.0013745865823697845
10000,0,multi,gaussian_matched,0.050000000000000003,878,16,0.050000000000000003,0.22476915378215481,<1%,True,False,3,0.13314074988267907,0.519934463874413,0.048756403690770139,0.019973216609765365,1.2743931124111947,1.283846164607322,1.095670897114047,0.85342849269575027,,0.87543168811778649,False,False,False,,-1,,,False,2,0.0033829438637338685,0.008376280547661397,0.13314074988267907,0.0013745865823697845
10000,0,multi,gaussian_matched,0.050000000000000003,878,17,0.02,0.22476915378215481,<1%,True,False,2,0.19448000697410023,0.46500014720033456,0.030091511480661394,0.040265836774154913,1.2743931124111947,1.2826397393219799,1.0783806687066202,0.84075101967187316,,0.87778762658584852,False,False,False,,-1,,,False,2,0.01720296970926102,0.0050415287013961842,0.19448000697410023,0.025114600842109466
10000,0,multi,gaussian_matched,0.050000000000000003,878,17,0.050000000000000003,0.22476915378215481,<1%,True,False,3,0.19448000697410023,0.46500014720033456,0.030091511480661394,0.040265836774154913,1.2743931124111947,1.2826397393219799,1.0783806687066202,0.84075101967187316,,0.87778762658584852,False,False,False,,-1,,,False,2,0.01720296970926102,0.0050415287013961842,0.19448000697410023,0.025114600842109466
10000,0,multi,gaussian_matched,0.050000000000000003,878,18,0.02,0.22476915378215481,<1%,True,False,2,0.12454505019289654,0.53886606972505546,0.022717998840271775,0.047485565840076974,1.2743931124111947,1.3156676890697465,1.1366227431615854,0.86391324542236325,,0.9291546677942174,False,False,False,,-1,,,False,2,0.12454505019289654,0.018353839572531387,0.029216366045574153,0.0065907278451236518
10000,0,multi,gaussian_matched,0.050000000000000003,878,18,0.050000000000000003,0.22476915378215481,<1%,True,False,3,0.12454505019289654,0.53886606972505546,0.022717998840271775,0.047485565840076974,1.2743931124111947,1.3156676890697465,1.1366227431615854,0.86391324542236325,,0.9291546677942174,False,False,False,,-1,,,False,2,0.12454505019289654,0.018353839572531387,0.029216366045574153,0.0065907278451236518
10000,0,multi,gaussian_matched,0.050000000000000003,878,19,0.02,0.22476915378215481,<1%,True,False,3,0.19647515369654689,0.51924786337866502,0.087410126107472452,0.042071341552424327,1.2743931124111947,1.249688762220551,1.1004012483911692,0.88054024462529745,,0.89648365078025005,False,False,False,,-1,,,False,2,0.012711018846180137,0.014585836893142509,0.19647515369654689,0.014104547744122693
10000,0,multi,gaussian_matched,0.050000000000000003,878,19,0.050000000000000003,0.22476915378215481,<1%,True,False,3,0.19647515369654689,0.51924786337866502,0.087410126107472452,0.042071341552424327,1.2743931124111947,1.249688762220551,1.1004012483911692,0.88054024462529745,,0.89648365078025005,False,False,False,,-1,,,False,2,0.012711018846180137,0.014585836893142509,0.19647515369654689,0.014104547744122693
10000,0,multi,gaussian_matched,0.050000000000000003,878,20,0.02,0.22476915378215481,<1%,True,False,3,0.075898252392582785,0.51251706521163876,0.021044227411523925,0.031545422611021709,1.2743931124111947,1.3059357180093145,1.1763404788377536,0.90076445771074576,,0.94781264092318773,False,False,False,,-1,,,False,2,0.0057157351204783343,0.010035504661755982,0.075898252392582785,0.012881259793906185
10000,0,multi,gaussian_matched,0.050000000000000003,878,20,0.050000000000000003,0.22476915378215481,<1%,True,False,3,0.075898252392582785,0.51251706521163876,0.021044227411523925,0.031545422611021709,1.2743931124111947,1.3059357180093145,1.1763404788377536,0.90076445771074576,,0.94781264092318773,False,False,False,,-1,,,False,2,0.0057157351204783343,0.010035504661755982,0.075898252392582785,0.012881259793906185
10000,0,multi,gaussian_matched,0.050000000000000003,878,21,0.02,0.22476915378215481,<1%,True,False,3,0.10975467448551347,0.51601751893967429,0.035844583167917901,0.021376078655188792,1.2743931124111947,1.2937824992671454,1.1274807819861636,0.87146083876139746,,0.90149330646308712,False,False,False,,-1,,,False,2,0.004219553507055925,0.0082135001076223194,0.10975467448551347,0.0053411932302346709
10000,0,multi,gaussian_matched,0.050000000000000003,878,21,0.050000000000000003,0.22476915378215481,<1%,True,False,3,0.10975467448551347,0.51601751893967429,0.035844583167917901,0.021376078655188792,1.2743931124111947,1.2937824992671454,1.1274807819861636,0.87146083876139746,,0.90149330646308712,False,False,False,,-1,,,False,2,0.004219553507055925,0.0082135001076223194,0.10975467448551347,0.0053411932302346709
10000,0,multi,gaussian_matched,0.050000000000000003,878,22,0.02,0.22476915378215481,<1%,True,False,1,0.19382192519535979,0.41895547464803545,-0.016467749855141461,0.10481496486824238,1.2743931124111947,1.3229572997436523,1.0464742806454086,0.79101138097819379,,0.90340196780832638,False,False,False,,-1,,,False,2,0.023587319141687747,0.0069752066482099903,0.19382192519535979,0.065185078769894392
10000,0,multi,gaussian_matched,0.050000000000000003,878,22,0.050000000000000003,0.22476915378215481,<1%,True,False,2,0.19382192519535979,0.41895547464803545,-0.016467749855141461,0.10481496486824238,1.2743931124111947,1.3229572997436523,1.0464742806454086,0.79101138097819379,,0.90340196780832638,False,False,False,,-1,,,False,2,0.023587319141687747,0.0069752066482099903,0.19382192519535979,0.065185078769894392
10000,0,multi,gaussian_matched,0.050000000000000003,878,23,0.02,0.22476915378215481,<1%,True,False,3,0.2097388325108587,0.45649306615292212,0.095648887293408077,0.063060876967421589,1.2743931124111947,1.2169885406414243,1.1648437519318855,0.95715260500147736,,0.96352108069390796,False,False,False,,-1,,,False,2,0.0040586788658797815,0.0091187323195053068,0.2097388325108587,0.012620990506300079
10000,0,multi,gaussian_matched,0.050000000000000003,878,23,0.050000000000000003,0.22476915378215481,<1%,True,False,3,0.2097388325108587,0.45649306615292212,0.095648887293408077,0.063060876967421589,1.2743931124111947,1.2169885406414243,1.1648437519318855,0.95715260500147736,,0.96352108069390796,False,False,False,,-1,,,False,2,0.0040586788658797815,0.0091187323195053068,0.2097388325108587,0.012620990506300079
10000,0,multi,gaussian_matched,0.050000000000000003,878,24,0.02,0.22476915378215481,<1%,True,False,2,0.21528522942226441,0.46810022886011338,0.14585896730539158,0.10102740723008423,1.2743931124111947,1.1738295171070019,1.1446274161613066,0.97512236613570069,,0.97744943162362985,False,False,False,,-1,,,False,2,0.0017018481189282726,0.028774503885372688,0.21528522942226441,0.0046369062773743358
10000,0,multi,gaussian_matched,0.050000000000000003,878,24,0.050000000000000003,0.22476915378215481,<1%,True,False,3,0.21528522942226441,0.46810022886011338,0.14585896730539158,0.10102740723008423,1.2743931124111947,1.1738295171070019,1.1446274161613066,0.97512236613570069,,0.97744943162362985,False,False,False,,-1,,,False,2,0.0017018481189282726,0.028774503885372688,0.21528522942226441,0.0046369062773743358
10000,0,multi,gaussian_matched,0.050000000000000003,878,25,0.02,0.22476915378215481,<1%,True,False,3,0.1949320634712543,0.52052340854832346,0.072663785653945767,0.030575439140090768,1.2743931124111947,1.2630466920325047,1.064012127577773,0.8424170969210617,,0.8589088845959526,False,False,False,,-1,,,False,2,0.014503816426391515,0.011043762093348558,0.1949320634712543,0.010274280506300635
10000,0,multi,gaussian_matched,0.050000000000000003,878,25,0.050000000000000003,0.22476915378215481,<1%,True,False,3,0.1949320634712543,0.52052340854832346,0.072663785653945767,0.030575439140090768,1.2743931124111947,1.2630466920325047,1.064012127577773,0.8424170969210617,,0.8589088845959526,False,False,False,,-1,,,False,2,0.014503816426391515,0.011043762093348558,0.1949320634712543,0.010274280506300635
10000,0,multi,gaussian_matched,0.050000000000000003,878,26,0.02,0.22476915378215481,<1%,True,False,1,0.20195900835866015,0.52858152756446675,0.13531849011999619,0.089978600090656335,1.2743931124111947,1.2166642814220336,1.1370549935606822,0.93456758032848275,,0.96283759045884176,False,False,False,,-1,,,False,2,0.004867926783441179,0.031415104117969717,0.20195900835866015,0.032464280496884899
10000,0,multi,gaussian_matched,0.050000000000000003,878,26,0.050000000000000003,0.22476915378215481,<1%,True,False,3,0.20195900835866015,0.52858152756446675,0.13531849011999619,0.089978600090656335,1.2743931124111947,1.2166642814220336,1.1370549935606822,0.93456758032848275,,0.96283759045884176,False,False,False,,-1,,,False,2,0.004867926783441179,0.031415104117969717,0.20195900835866015,0.032464280496884899
10000,0,multi,gaussian_matched,0.050000000000000003,878,27,0.02,0.22476915378215481,<1%,True,False,2,0.12327051007488488,0.46205036758775175,-0.00050699959013673912,0.063175403503442987,1.2743931124111947,1.3119422488316219,1.1208537791497006,0.85434688923837987,,0.92909257835905956,False,False,False,,-1,,,False,2,0.0080958262387989723,0.0017971049383819903,0.12327051007488488,0.037513170979115835
10000,0,multi,gaussian_matched,0.050000000000000003,878,27,0.050000000000000003,0.22476915378215481,<1%,True,False,3,0.12327051007488488,0.46205036758775175,-0.00050699959013673912,0.063175403503442987,1.2743931124111947,1.3119422488316219,1.1208537791497006,0.85434688923837987,,0.92909257835905956,False,False,False,,-1,,,False,2,0.0080958262387989723,0.0017971049383819903,0.12327051007488488,0.037513170979115835
10000,0,multi,gaussian_matched,0.050000000000000003,878,28,0.02,0.22476915378215481,<1%,True,False,2,0.20510993517703061,0.49452651515929713,0.12062534316576599,0.070837123978769873,1.2743931124111947,1.2085077007866762,1.1567234171167247,0.95715022449898934,,0.96325107938861088,False,False,False,,-1,,,False,2,0.0036638636813125848,0.022624580873472758,0.20510993517703061,0.012099257481279274
10000,0,multi,gaussian_matched,0.050000000000000003,878,28,0.050000000000000003,0.22476915378215481,<1%,True,False,3,0.20510993517703061,0.49452651515929713,0.12062534316576599,0.070837123978769873,1.2743931124111947,1.2085077007866762,1.1567234171167247,0.95715022449898934,,0.96325107938861088,False,False,False,,-1,,,False,2,0.0036638636813125848,0.022624580873472758,0.20510993517703061,0.012099257481279274
10000,0,multi,gaussian_matched,0.050000000000000003,878,29,0.02,0.22476915378215481,<1%,True,False,2,0.19542746236525405,0.45779933642227016,0.033081718003452748,0.045465638366962671,1.2743931124111947,1.2781738225600761,1.1074636697967806,0.86644214601314773,,0.90468890402456914,False,False,False,,-1,,,False,2,0.015826497851795438,0.007365858629566689,0.19542746236525405,0.027226555829392433
10000,0,multi,gaussian_matched,0.050000000000000003,878,29,0.050000000000000003,0.22476915378215481,<1%,True,False,3,0.19542746236525405,0.45779933642227016,0.033081718003452748,0.045465638366962671,1.2743931124111947,1.2781738225600761,1.1074636697967806,0.86644214601314773,,0.90468890402456914,False,False,False,,-1,,,False,2,0.015826497851795438,0.007365858629566689,0.19542746236525405,0.027226555829392433
10000,0,multi,gaussian_matched,0.050000000000000003,878,30,0.02,0.22476915378215481,<1%,True,False,0,0.15883455931963533,0.48833108075932358,-0.046210622557095418,0.096915672463587163,1.2743931124111947,1.3622929535700552,1.1413808027787848,0.83783799937279047,,0.97167542980475885,False,False,False,,-1,,,False,2,0.15883455931963533,0.029532744025550214,0.029789002317060078,0.049369067111237903
10000,0,multi,gaussian_matched,0.050000000000000003,878,30,0.050000000000000003,0.22476915378215481,<1%,True,False,3,0.15883455931963533,0.48833108075932358,-0.046210622557095418,0.096915672463587163,1.2743931124111947,1.3622929535700552,1.1413808027787848,0.83783799937279047,,0.97167542980475885,False,False,False,,-1,,,False,2,0.15883455931963533,0.029532744025550214,0.029789002317060078,0.049369067111237903
10000,0,multi,gaussian_matched,0.050000000000000003,878,31,0.02,0.22476915378215481,<1%,True,False,0,0.17916637802767788,0.52838273277984915,-0.012003806743832904,0.068191286619178129,1.2743931124111947,1.3425510767009985,1.126778968860622,0.83928201199571095,,0.93767789847739846,False,False,False,,-1,,,False,2,0.17916637802767788,0.027137846156969812,0.020422537177296904,0.024825253830369338
10000,0,multi,gaussian_matched,0.050000000000000003,878,31,0.050000000000000003,0.22476915378215481,<1%,True,False,3,0.17916637802767788,0.52838273277984915,-0.012003806743832904,0.068191286619178129,1.2743931124111947,1.3425510767009985,1.126778968860622,0.83928201199571095,,0.93767789847739846,False,False,False,,-1,,,False,2,0.17916637802767788,0.027137846156969812,0.020422537177296904,0.024825253830369338
10000,0,multi,gaussian_matched,0.050000000000000003,879,0,0.02,1.8633607524155271,1-<5%,True,False,0,0.27151673554678379,0.52951578266142307,-0.090248090132451622,0.14332029937143112,1.392120045550076,1.4827643995283255,1.2329180380624858,0.83149962222904927,,0.98859171077456642,False,False,False,,-1,,,False,3,0.27151673554678379,0.16493842072177017,0.12170179752130293,0.042107344291680504
10000,0,multi,gaussian_matched,0.050000000000000003,879,0,0.050000000000000003,1.8633607524155271,1-<5%,True,False,1,0.27151673554678379,0.52951578266142307,-0.090248090132451622,0.14332029937143112,1.392120045550076,1.4827643995283255,1.2329180380624858,0.83149962222904927,,0.98859171077456642,False,False,False,,-1,,,False,3,0.27151673554678379,0.16493842072177017,0.12170179752130293,0.042107344291680504
10000,0,multi,gaussian_matched,0.050000000000000003,879,1,0.02,1.8633607524155271,1-<5%,True,False,1,0.23729791715543166,0.47144514839379714,0.056481935148155298,0.029281308603222582,1.392120045550076,1.4084643625491104,1.3403944300229105,0.95167081657429831,,0.98387760667933322,False,False,False,,-1,,,False,3,0.23729791715543166,0.0032356826754288918,0.025518854974892955,0.023253444118510845
10000,0,multi,gaussian_matched,0.050000000000000003,879,1,0.050000000000000003,1.8633607524155271,1-<5%,True,False,3,0.23729791715543166,0.47144514839379714,0.056481935148155298,0.029281308603222582,1.392120045550076,1.4084643625491104,1.3403944300229105,0.95167081657429831,,0.98387760667933322,False,False,False,,-1,,,False,3,0.23729791715543166,0.0032356826754288918,0.025518854974892955,0.023253444118510845
10000,0,multi,gaussian_matched,0.050000000000000003,879,2,0.02,1.8633607524155271,1-<5%,True,False,3,0.23892361893504122,0.53845314623546436,0.051714818772173217,0.038491363431650542,1.392120045550076,1.3643375177477506,1.344243828725562,0.98527220078550704,,0.99325858899678798,False,False,False,,-1,,,False,3,0.0034421529100192669,0.23892361893504122,0.005237348918078707,0.007939253034745174
10000,0,multi,gaussian_matched,0.050000000000000003,879,2,0.050000000000000003,1.8633607524155271,1-<5%,True,False,3,0.23892361893504122,0.53845314623546436,0.051714818772173217,0.038491363431650542,1.392120045550076,1.3643375177477506,1.344243828725562,0.98527220078550704,,0.99325858899678798,False,False,False,,-1,,,False,3,0.0034421529100192669,0.23892361893504122,0.005237348918078707,0.007939253034745174
10000,0,multi,gaussian_matched,0.050000000000000003,879,3,0.02,1.8633607524155271,1-<5%,True,False,1,0.23768498706056235,0.47434329983494489,0.053206342416764689,0.025856273804496337,1.392120045550076,1.4085109399727871,1.3381105554434485,0.9500178645891818,,0.97977673233560336,False,False,False,,-1,,,False,3,0.23768498706056235,0.0051645366828587478,0.028687166905743366,0.021606452935866199
10000,0,multi,gaussian_matched,0.050000000000000003,879,3,0.050000000000000003,1.8633607524155271,1-<5%,True,False,3,0.23768498706056235,0.47434329983494489,0.053206342416764689,0.025856273804496337,1.392120045550076,1.4085109399727871,1.3381105554434485,0.9500178645891818,,0.97977673233560336,False,False,False,,-1,,,False,3,0.23768498706056235,0.0051645366828587478,0.028687166905743366,0.021606452935866199
10000,0,multi,gaussian_matched,0.050000000000000003,879,4,0.02,1.8633607524155271,1-<5%,True,False,3,0.23402474220543829,0.50991477408720309,0.045021202925429785,0.011094645803720951,1.392120045550076,1.388696416740602,1.3586394386593268,0.9783559763538372,,0.98391951817762757,False,False,False,,-1,,,False,3,0.0058100211782850276,0.23402474220543829,0.00037286430274756111,0.0051224039871329138
10000,0,multi,gaussian_matched,0.050000000000000003,879,4,0.050000000000000003,1.8633607524155271,1-<5%,True,False,3,0.23402474220543829,0.50991477408720309,0.045021202925429785,0.011094645803720951,1.392120045550076,1.388696416740602,1.3586394386593268,0.9783559763538372,,0.98391951817762757,False,False,False,,-1,,,False,3,0.0058100211782850276,0.23402474220543829,0.00037286430274756111,0.0051224039871329138
10000,0,multi,gaussian_matched,0.050000000000000003,879,5,0.02,1.8633607524155271,1-<5%,True,False,2,0.40720271300739264,0.5780517039233406,0.076176038755386352,0.082324076006113245,1.392120045550076,1.3198796708058687,1.3376352566385237,1.0134524276912411,,1.0199977632557979,False,False,False,,-1,,,False,3,0.0050241013598141468,0.40720271300739264,0.19689537347016223,0.0043796377395385029
10000,0,multi,gaussian_matched,0.050000000000000003,879,5,0.050000000000000003,1.8633607524155271,1-<5%,True,False,2,0.40720271300739264,0.5780517039233406,0.076176038755386352,0.082324076006113245,1.392120045550076,1.3198796708058687,1.3376352566385237,1.0134524276912411,,1.0199977632557979,False,False,False,,-1,,,False,3,0.0050241013598141468,0.40720271300739264,0.19689537347016223,0.0043796377395385029
10000,0,multi,gaussian_matched,0.050000000000000003,879,6,0.02,1.8633607524155271,1-<5%,True,False,1,0.23113395341609103,0.51976732706480211,0.0073446766793068899,0.047013017632138054,1.392120045550076,1.4100727361637624,1.2084049486919337,0.85698057816472284,,0.90180295179070691,False,False,False,,-1,,,False,3,0.028451723915492985,0.23113395341609103,0.020143305691563824,0.0083613620178088072
10000,0,multi,gaussian_matched,0.050000000000000003,879,6,0.050000000000000003,1.8633607524155271,1-<5%,True,False,3,0.23113395341609103,0.51976732706480211,0.0073446766793068899,0.047013017632138054,1.392120045550076,1.4100727361637624,1.2084049486919337,0.85698057816472284,,0.90180295179070691,False,False,False,,-1,,,False,3,0.028451723915492985,0.23113395341609103,0.020143305691563824,0.0083613620178088072
10000,0,multi,gaussian_matched,0.050000000000000003,879,7,0.02,1.8633607524155271,1-<5%,True,False,2,0.23128192667945696,0.49102610994923923,0.053403968675337969,0.0095977969027181038,1.392120045550076,1.3961794714513796,1.1766318675760628,0.84275115888425933,,0.8521029980644087,False,False,False,,-1,,,False,3,0.023282824960787783,0.23128192667945696,0.0070318956653173982,0.013349116146973773
10000,0,multi,gaussian_matched,0.050000000000000003,879,7,0.050000000000000003,1.8633607524155271,1-<5%,True,False,3,0.23128192667945696,0.49102610994923923,0.053403968675337969,0.0095977969027181038,1.392120045550076,1.3961794714513796,1.1766318675760628,0.84275115888425933,,0.8521029980644087,False,False,False,,-1,,,False,3,0.023282824960787783,0.23128192667945696,0.0070318956653173982,0.013349116146973773
10000,0,multi,gaussian_matched,0.050000000000000003,879,8,0.02,1.8633607524155271,1-<5%,True,False,2,0.40922458665806771,0.59946072792521488,0.055352268744800981,0.099604634330588207,1.392120045550076,1.3230947560320334,1.3384467486140439,1.0116030938162366,,1.0329938050539365,False,False,False,,-1,,,False,3,0.011965984383409,0.40922458665806771,0.19926935649328381,0.0054935708684982695
10000,0,multi,gaussian_matched,0.050000000000000003,879,8,0.050000000000000003,1.8633607524155271,1-<5%,True,False,2,0.40922458665806771,0.59946072792521488,0.055352268744800981,0.099604634330588207,1.392120045550076,1.3230947560320334,1.3384467486140439,1.0116030938162366,,1.0329938050539365,False,False,False,,-1,,,False,3,0.011965984383409,0.40922458665806771,0.19926935649328381,0.0054935708684982695
10000,0,multi,gaussian_matched,0.050000000000000003,879,9,0.02,1.8633607524155271,1-<5%,True,False,0,0.27993361778625486,0.54389193949178027,-0.096074127585134464,0.15252590960918161,1.392120045550076,1.4800188409111175,1.2289583933362307,0.83036672193961336,,0.99236003918005422,False,False,False,,-1,,,False,3,0.27993361778625486,0.17865565244777598,0.13892549777003133,0.037310313036699176
10000,0,multi,gaussian_matched,0.050000000000000003,879,9,0.050000000000000003,1.8633607524155271,1-<5%,True,False,1,0.27993361778625486,0.54389193949178027,-0.096074127585134464,0.15252590960918161,1.392120045550076,1.4800188409111175,1.2289583933362307,0.83036672193961336,,0.99236003918005422,False,False,False,,-1,,,False,3,0.27993361778625486,0.17865565244777598,0.13892549777003133,0.037310313036699176
10000,0,multi,gaussian_matched,0.050000000000000003,879,10,0.02,1.8633607524155271,1-<5%,True,False,1,0.23757243348919002,0.4647084432462365,0.056446126662715229,0.035875430688089002,1.392120045550076,1.4135258112232816,1.3534832682249633,0.95752285347633181,,0.99801644502868114,False,False,False,,-1,,,False,3,0.23757243348919002,0.00015573087310374366,0.021900331301308008,0.027030088110466359
10000,0,multi,gaussian_matched,0.050000000000000003,879,10,0.050000000000000003,1.8633607524155271,1-<5%,True,False,3,0.23757243348919002,0.4647084432462365,0.056446126662715229,0.035875430688089002,1.392120045550076,1.4135258112232816,1.3534832682249633,0.95752285347633181,,0.99801644502868114,False,False,False,,-1,,,False,3,0.23757243348919002,0.00015573087310374366,0.021900331301308008,0.027030088110466359
10000,0,multi,gaussian_matched,0.050000000000000003,879,11,0.02,1.8633607524155271,1-<5%,True,False,2,0.40095881456647198,0.56568557696291544,0.036145028846290041,0.067130881467631742,1.392120045550076,1.3587598374456673,1.1087582215147411,0.81600750254665733,,0.84467507435232525,False,False,False,,-1,,,False,3,0.0051503223968864895,0.40095881456647198,0.15727729996743695,0.018538542346834164
10000,0,multi,gaussian_matched,0.050000000000000003,879,11,0.050000000000000003,1.8633607524155271,1-<5%,True,False,2,0.40095881456647198,0.56568557696291544,0.036145028846290041,0.067130881467631742,1.392120045550076,1.3587598374456673,1.1087582215147411,0.81600750254665733,,0.84467507435232525,False,False,False,,-1,,,False,3,0.0051503223968864895,0.40095881456647198,0.15727729996743695,0.018538542346834164
10000,0,multi,gaussian_matched,0.050000000000000003,879,12,0.02,1.8633607524155271,1-<5%,True,False,1,0.2498397754133381,0.49898325676577893,-0.0027035505766280013,0.052713357037733048,1.392120045550076,1.4312399916421732,1.3483022530343591,0.94205182981740665,,1.0063899406882695,False,False,False,,-1,,,False,3,0.2498397754133381,0.018090587125556411,0.058719632488372642,0.022564243116504994
10000,0,multi,gaussian_matched,0.050000000000000003,879,12,0.050000000000000003,1.8633607524155271,1-<5%,True,False,2,0.2498397754133381,0.49898325676577893,-0.0027035505766280013,0.052713357037733048,1.392120045550076,1.4312399916421732,1.3483022530343591,0.94205182981740665,,1.0063899406882695,False,False,False,,-1,,,False,3,0.2498397754133381,0.018090587125556411,0.058719632488372642,0.022564243116504994
10000,0,multi,gaussian_matched,0.050000000000000003,879,13,0.02,1.8633607524155271,1-<5%,True,False,2,0.4001544446742874,0.41323778815887674,0.02751898050492569,0.089627437992513548,1.392120045550076,1.4653964526449703,1.271721717541574,0.86783458172440453,,0.97789638177084814,False,False,False,,-1,,,False,3,0.023378049270619081,0.018420620676185526,0.0029218631232080078,0.4001544446742874
10000,0,multi,gaussian_matched,0.050000000000000003,879,13,0.050000000000000003,1.8633607524155271,1-<5%,True,False,3,0.4001544446742874,0.41323778815887674,0.02751898050492569,0.089627437992513548,1.392120045550076,1.4653964526449703,1.271721717541574,0.86783458172440453,,0.97789638177084814,False,False,False,,-1,,,False,3,0.023378049270619081,0.018420620676185526,0.0029218631232080078,0.4001544446742874
10000,0,multi,gaussian_matched,0.050000000000000003,879,14,0.02,1.8633607524155271,1-<5%,True,False,2,0.23527358105886878,0.5569952628690058,-0.0087738209708794063,0.081870764140956065,1.392120045550076,1.399948965537682,1.3685601562533565,0.97757860460844015,,1.0418863840303341,False,False,False,,-1,,,False,3,0.0077834066547165818,0.23527358105886878,0.027467049461876735,0.0086417246367995609
10000,0,multi,gaussian_matched,0.050000000000000003,879,14,0.050000000000000003,1.8633607524155271,1-<5%,True,False,3,0.23527358105886878,0.5569952628690058,-0.0087738209708794063,0.081870764140956065,1.392120045550076,1.399948965537682,1.3685601562533565,0.97757860460844015,,1.0418863840303341,False,False,False,,-1,,,False,3,0.0077834066547165818,0.23527358105886878,0.027467049461876735,0.0086417246367995609
10000,0,multi,gaussian_matched,0.050000000000000003,879,15,0.02,1.8633607524155271,1-<5%,True,False,1,0.25165760774572243,0.49761259333606922,-0.023078967622990387,0.073117954152321973,1.392120045550076,1.4476193367231738,1.3721880287347386,0.94789285686167934,,1.0382049935327013,False,False,False,,-1,,,False,3,0.25165760774572243,0.018917283764816942,0.061523940290844757,0.030203389322102953
10000,0,multi,gaussian_matched,0.050000000000000003,879,15,0.050000000000000003,1.8633607524155271,1-<5%,True,False,2,0.25165760774572243,0.49761259333606922,-0.023078967622990387,0.073117954152321973,1.392120045550076,1.4476193367231738,1.3721880287347386,0.94789285686167934,,1.0382049935327013,False,False,False,,-1,,,False,3,0.25165760774572243,0.018917283764816942,0.061523940290844757,0.030203389322102953
10000,0,multi,gaussian_matched,0.050000000000000003,879,16,0.02,1.8633607524155271,1-<5%,True,False,1,0.41239139803570446,0.62635697284664904,0.0073097211916816687,0.13337370239931393,1.392120045550076,1.3490943256627399,1.3497609451676997,1.0004941237186158,,1.0653784149634702,False,False,False,,-1,,,False,3,0.024376419810214,0.41239139803570446,0.20103624474608514,0.0071731674474422224
10000,0,multi,gaussian_matched,0.050000000000000003,879,16,0.050000000000000003,1.8633607524155271,1-<5%,True,False,2,0.41239139803570446,0.62635697284664904,0.0073097211916816687,0.13337370239931393,1.392120045550076,1.3490943256627399,1.3497609451676997,1.0004941237186158,,1.0653784149634702,False,False,False,,-1,,,False,3,0.024376419810214,0.41239139803570446,0.20103624474608514,0.0071731674474422224
10000,0,multi,gaussian_matched,0.050000000000000003,879,17,0.02,1.8633607524155271,1-<5%,True,False,1,0.23991873336314706,0.48363093404794033,0.028111492246393588,0.027332271984278352,1.392120045550076,1.4191694716728627,1.358607584027659,0.95732582411470868,,0.99556059151802778,False,False,False,,-1,,,False,3,0.23991873336314706,0.010081247253147714,0.03720230258516883,0.020226117051290897
10000,0,multi,gaussian_matched,0.050000000000000003,879,17,0.050000000000000003,1.8633607524155271,1-<5%,True,False,3,0.23991873336314706,0.48363093404794033,0.028111492246393588,0.027332271984278352,1.392120045550076,1.4191694716728627,1.358607584027659,0.95732582411470868,,0.99556059151802778,False,False,False,,-1,,,False,3,0.23991873336314706,0.010081247253147714,0.03720230258516883,0.020226117051290897
10000,0,multi,gaussian_matched,0.050000000000000003,879,18,0.02,1.8633607524155271,1-<5%,True,False,3,0.26332126295285968,0.54314605252823001,0.089661748819572534,0.058605769069227702,1.392120045550076,1.3335607269626206,1.2864931636127235,0.96470534682203757,,0.96622337777663048,False,False,False,,-1,,,False,3,0.00071263870028867734,0.26332126295285968,0.018264025749443677,0.0034936640846588616
10000,0,multi,gaussian_matched,0.050000000000000003,879,18,0.050000000000000003,1.8633607524155271,1-<5%,True,False,3,0.26332126295285968,0.54314605252823001,0.089661748819572534,0.058605769069227702,1.392120045550076,1.3335607269626206,1.2864931636127235,0.96470534682203757,,0.96622337777663048,False,False,False,,-1,,,False,3,0.00071263870028867734,0.26332126295285968,0.018264025749443677,0.0034936640846588616
10000,0,multi,gaussian_matched,0.050000000000000003,879,19,0.02,1.8633607524155271,1-<5%,True,False,2,0.24463636487469134,0.49175459769750968,0.021049693303161938,0.03010160987340876,1.392120045550076,1.4185679457598521,1.3375490149041656,0.94288681687905407,,0.9824229089648423,False,False,False,,-1,,,False,3,0.24463636487469134,0.015132472285973652,0.049150277113509527,0.018536042106549321
10000,0,multi,gaussian_matched,0.050000000000000003,879,19,0.050000000000000003,1.8633607524155271,1-<5%,True,False,3,0.24463636487469134,0.49175459769750968,0.021049693303161938,0.03010160987340876,1.392120045550076,1.4185679457598521,1.3375490149041656,0.94288681687905407,,0.9824229089648423,False,False,False,,-1,,,False,3,0.24463636487469134,0.015132472285973652,0.049150277113509527,0.018536042106549321
10000,0,multi,gaussian_matched,0.050000000000000003,879,20,0.02,1.8633607524155271,1-<5%,True,False,3,0.23407654082209761,0.52974137311304437,0.030065790354179295,0.035803938175190307,1.392120045550076,1.3863266063122148,1.3622724389254153,0.98264898958349622,,1.0042786048297838,False,False,False,,-1,,,False,3,0.0022131311837318038,0.23407654082209761,0.0073212516910536683,0.0016445959928835352
10000,0,multi,gaussian_matched,0.050000000000000003,879,20,0.050000000000000003,1.8633607524155271,1-<5%,True,False,3,0.23407654082209761,0.52974137311304437,0.030065790354179295,0.035803938175190307,1.392120045550076,1.3863266063122148,1.3622724389254153,0.98264898958349622,,1.0042786048297838,False,False,False,,-1,,,False,3,0.0022131311837318038,0.23407654082209761,0.0073212516910536683,0.0016445959928835352
10000,0,multi,gaussian_matched,0.050000000000000003,879,21,0.02,1.8633607524155271,1-<5%,True,False,1,0.41932439764249679,0.40791473720601029,0.074564491773329508,0.095305350741289013,1.392120045550076,1.41825105025822,1.2654755975644121,0.89227897792425948,,0.97748822212240205,False,False,False,,-1,,,False,3,0.025502430119531645,0.0094000387866730525,0.02161364953920596,0.41932439764249679
10000,0,multi,gaussian_matched,0.050000000000000003,879,21,0.050000000000000003,1.8633607524155271,1-<5%,True,False,3,0.41932439764249679,0.40791473720601029,0.074564491773329508,0.095305350741289013,1.392120045550076,1.41825105025822,1.2654755975644121,0.89227897792425948,,0.97748822212240205,False,False,False,,-1,,,False,3,0.025502430119531645,0.0094000387866730525,0.02161364953920596,0.41932439764249679
10000,0,multi,gaussian_matched,0.050000000000000003,879,22,0.02,1.8633607524155271,1-<5%,True,False,1,0.25767487895665619,0.49287647203766438,0.1385017749785511,0.08878799932977581,1.392120045550076,1.3403532632413191,1.2999655645863557,0.96986787008874398,,0.997581759098502,False,False,False,,-1,,,False,3,0.011279716644602327,0.25767487895665619,0.032407887843357117,0.040323026078963875
10000,0,multi,gaussian_matched,0.050000000000000003,879,22,0.050000000000000003,1.8633607524155271,1-<5%,True,False,3,0.25767487895665619,0.49287647203766438,0.1385017749785511,0.08878799932977581,1.392120045550076,1.3403532632413191,1.2999655645863557,0.96986787008874398,,0.997581759098502,False,False,False,,-1,,,False,3,0.011279716644602327,0.25767487895665619,0.032407887843357117,0.040323026078963875
10000,0,multi,gaussian_matched,0.050000000000000003,879,23,0.02,1.8633607524155271,1-<5%,True,False,1,0.24159304351460453,0.48755030624846668,0.014323737517710926,0.037786116222921814,1.392120045550076,1.4263407511905677,1.3685206813062889,0.959462653060977,,1.0101907533222316,False,False,False,,-1,,,False,3,0.24159304351460453,0.01230555188376639,0.041713880406960058,0.022376939999428937
10000,0,multi,gaussian_matched,0.050000000000000003,879,23,0.050000000000000003,1.8633607524155271,1-<5%,True,False,3,0.24159304351460453,0.48755030624846668,0.014323737517710926,0.037786116222921814,1.392120045550076,1.4263407511905677,1.3685206813062889,0.959462653060977,,1.0101907533222316,False,False,False,,-1,,,False,3,0.24159304351460453,0.01230555188376639,0.041713880406960058,0.022376939999428937
10000,0,multi,gaussian_matched,0.050000000000000003,879,24,0.02,1.8633607524155271,1-<5%,True,False,2,0.40594869430794156,0.56863255863753281,0.069512082746211276,0.071352291331318693,1.392120045550076,1.3310555372508766,1.3464890114353052,1.0115949137752016,,1.0184763212761472,False,False,False,,-1,,,False,3,0.006210064886948234,0.40594869430794156,0.19249155464409495,0.0032700898152173688
10000,0,multi,gaussian_matched,0.050000000000000003,879,24,0.050000000000000003,1.8633607524155271,1-<5%,True,False,2,0.40594869430794156,0.56863255863753281,0.069512082746211276,0.071352291331318693,1.392120045550076,1.3310555372508766,1.3464890114353052,1.0115949137752016,,1.0184763212761472,False,False,False,,-1,,,False,3,0.006210064886948234,0.40594869430794156,0.19249155464409495,0.0032700898152173688
10000,0,multi,gaussian_matched,0.050000000000000003,879,25,0.02,1.8633607524155271,1-<5%,True,False,3,0.26414969858417747,0.5431785838363079,0.090591230379306803,0.059262450892745143,1.392120045550076,1.3328806698439741,1.2849391094355598,0.96403161851388663,,0.96557876932025877,False,False,False,,-1,,,False,3,0.00083658572088129274,0.26414969858417747,0.019115146844738286,0.0038194785393054552
10000,0,multi,gaussian_matched,0.050000000000000003,879,25,0.050000000000000003,1.8633607524155271,1-<5%,True,False,3,0.26414969858417747,0.5431785838363079,0.090591230379306803,0.059262450892745143,1.392120045550076,1.3328806698439741,1.2849391094355598,0.96403161851388663,,0.96557876932025877,False,False,False,,-1,,,False,3,0.00083658572088129274,0.26414969858417747,0.019115146844738286,0.0038194785393054552
10000,0,multi,gaussian_matched,0.050000000000000003,879,26,0.02,1.8633607524155271,1-<5%,True,False,1,0.41789420196251009,0.40943821344073839,0.073522960790732741,0.093566911187489818,1.392120045550076,1.4193197132904343,1.2660820894254503,0.89203445676821436,,0.97667511143099339,False,False,False,,-1,,,False,3,0.025344116795481948,0.0083572655551655446,0.020934926401521742,0.41789420196251009
10000,0,multi,gaussian_matched,0.050000000000000003,879,26,0.050000000000000003,1.8633607524155271,1-<5%,True,False,3,0.41789420196251009,0.40943821344073839,0.073522960790732741,0.093566911187489818,1.392120045550076,1.4193197132904343,1.2660820894254503,0.89203445676821436,,0.97667511143099339,False,False,False,,-1,,,False,3,0.025344116795481948,0.0083572655551655446,0.020934926401521742,0.41789420196251009
10000,0,multi,gaussian_matched,0.050000000000000003,879,27,0.02,1.8633607524155271,1-<5%,True,False,1,0.24005939772279825,0.42602720287957963,0.0086317516907069153,0.084754390340549338,1.392120045550076,1.4742468852196922,1.4119880405993477,0.95776905127320877,,1.075153278429003,False,False,False,,-1,,,False,3,0.24005939772279825,0.0019457235716782437,0.023585255103148843,0.055948657682466992
10000,0,multi,gaussian_matched,0.050000000000000003,879,27,0.050000000000000003,1.8633607524155271,1-<5%,True,False,2,0.24005939772279825,0.42602720287957963,0.0086317516907069153,0.084754390340549338,1.392120045550076,1.4742468852196922,1.4119880405993477,0.95776905127320877,,1.075153278429003,False,False,False,,-1,,,False,3,0.24005939772279825,0.0019457235716782437,0.023585255103148843,0.055948657682466992
10000,0,multi,gaussian_matched,0.050000000000000003,879,28,0.02,1.8633607524155271,1-<5%,True,False,1,0.22931817074892094,0.49856515362322362,0.031570934657487087,0.018484837936091271,1.392120045550076,1.4062572407711897,1.211482375978409,0.86149414264635793,,0.88352094192314912,False,False,False,,-1,,,False,3,0.044330526627343186,0.22931817074892094,0.028131946160666145,0.01273819258526598
10000,0,multi,gaussian_matched,0.050000000000000003,879,28,0.050000000000000003,1.8633607524155271,1-<5%,True,False,3,0.22931817074892094,0.49856515362322362,0.031570934657487087,0.018484837936091271,1.392120045550076,1.4062572407711897,1.211482375978409,0.86149414264635793,,0.88352094192314912,False,False,False,,-1,,,False,3,0.044330526627343186,0.22931817074892094,0.028131946160666145,0.01273819258526598
10000,0,multi,gaussian_matched,0.050000000000000003,879,29,0.02,1.8633607524155271,1-<5%,True,False,1,0.37400108148865835,0.44711686476206342,0.12162706464495127,0.089034051813033407,1.392120045550076,1.3735841670062321,1.228081395346202,0.89407072740423488,,0.94612203262887185,False,False,False,,-1,,,False,3,0.025995020186307598,0.012591091594927425,0.022954093359685627,0.37400108148865835
10000,0,multi,gaussian_matched,0.050000000000000003,879,29,0.050000000000000003,1.8633607524155271,1-<5%,True,False,3,0.37400108148865835,0.44711686476206342,0.12162706464495127,0.089034051813033407,1.392120045550076,1.3735841670062321,1.228081395346202,0.89407072740423488,,0.94612203262887185,False,False,False,,-1,,,False,3,0.025995020186307598,0.012591091594927425,0.022954093359685627,0.37400108148865835
10000,0,multi,gaussian_matched,0.050000000000000003,879,30,0.02,1.8633607524155271,1-<5%,True,False,2,0.37726008575115499,0.55552737081799486,0.078388271449762251,0.062363313461236913,1.392120045550076,1.3331198375825593,1.1027954978890078,0.82722908083701241,,0.83696719623762705,False,False,False,,-1,,,False,3,0.0020705036268887163,0.37726008575115499,0.13461624912424863,0.0045007809820602016
10000,0,multi,gaussian_matched,0.050000000000000003,879,30,0.050000000000000003,1.8633607524155271,1-<5%,True,False,2,0.37726008575115499,0.55552737081799486,0.078388271449762251,0.062363313461236913,1.392120045550076,1.3331198375825593,1.1027954978890078,0.82722908083701241,,0.83696719623762705,False,False,False,,-1,,,False,3,0.0020705036268887163,0.37726008575115499,0.13461624912424863,0.0045007809820602016
10000,0,multi,gaussian_matched,0.050000000000000003,879,31,0.02,1.8633607524155271,1-<5%,True,False,1,0.36858608680545263,0.42465865023641958,0.041968680612631586,0.075768206229922586,1.392120045550076,1.4513624071656355,1.2449581568262365,0.85778586428837877,,0.94871585771490929,False,False,False,,-1,,,False,3,0.02261001822736251,0.032965280635794687,0.011054828296399848,0.36858608680545263
10000,0,multi,gaussian_matched,0.050000000000000003,879,31,0.050000000000000003,1.8633607524155271,1-<5%,True,False,3,0.36858608680545263,0.42465865023641958,0.041968680612631586,0.075768206229922586,1.392120045550076,1.4513624071656355,1.2449581568262365,0.85778586428837877,,0.94871585771490929,False,False,False,,-1,,,False,3,0.02261001822736251,0.032965280635794687,0.011054828296399848,0.36858608680545263
