budget,seed,mode,init_name,init_sigma,layout_index,draw_id,tolerance,gap_percent,gap_bin,numeric_valid,success,visited_count,worst_distance,initial_x,initial_y,initial_offset,optimal_nominal,optimal_sampled_start,path_length,path_length_ratio_sampled_start,completion_length_ratio_sampled_start,path_plus_connector_ratio_nominal,success_with_connector,order_evaluable,order_ambiguous,actual_order,order_class,order_excess_nominal_percent,order_excess_sampled_start_percent,success_nearopt_order,available_nearopt_center_orders,target_1_distance,target_2_distance,target_3_distance,target_4_distance
10000,0,multi,gaussian_matched,0.050000000000000003,888,0,0.02,9.4423295879826359,5-<10%,True,False,2,0.030353895855047521,0.44879937607418369,-0.01706155953257682,0.084372724605373622,1.2703420219894783,1.3542924496162936,1.3091454992208811,0.96666381001518265,,1.0969630223236027,False,False,False,,-1,,,False,1,0.015726154567258756,0.017215119267458973,0.030353895855047521,0.030040047845661045
10000,0,multi,gaussian_matched,0.050000000000000003,888,0,0.050000000000000003,9.4423295879826359,5-<10%,True,True,4,0.030353895855047521,0.44879937607418369,-0.01706155953257682,0.084372724605373622,1.2703420219894783,1.3542924496162936,1.3091454992208811,0.96666381001518265,0.92602551571733893,1.0969630223236027,True,True,False,3>1>4>2,13,0,0,True,1,0.015726154567258756,0.017215119267458973,0.030353895855047521,0.030040047845661045
10000,0,multi,gaussian_matched,0.050000000000000003,888,1,0.02,9.4423295879826359,5-<10%,True,False,2,0.048608753298373025,0.57482492777990601,0.0027702056398272307,0.08848402846035186,1.2703420219894783,1.2809082706829853,1.2933650623706812,1.0097249678004294,,1.0877772024473567,False,False,False,,-1,,,False,1,0.018345276461967035,0.032608974341543362,0.016152083749822271,0.048608753298373025
10000,0,multi,gaussian_matched,0.050000000000000003,888,1,0.050000000000000003,9.4423295879826359,5-<10%,True,True,4,0.048608753298373025,0.57482492777990601,0.0027702056398272307,0.08848402846035186,1.2703420219894783,1.2809082706829853,1.2933650623706812,1.0097249678004294,0.97340829599320511,1.0877772024473567,True,True,False,3>1>4>2,13,0,0,True,1,0.018345276461967035,0.032608974341543362,0.016152083749822271,0.048608753298373025
10000,0,multi,gaussian_matched,0.050000000000000003,888,2,0.02,9.4423295879826359,5-<10%,True,False,3,0.033106770381532133,0.51550642141655623,0.014891521227365714,0.038380390655598416,1.2703420219894783,1.2934613637093324,1.2888057514314226,0.99640065609338446,,1.0447470989021677,False,False,False,,-1,,,False,1,0.011820827350923909,0.019238722685013983,0.0011239304288527712,0.033106770381532133
10000,0,multi,gaussian_matched,0.050000000000000003,888,2,0.050000000000000003,9.4423295879826359,5-<10%,True,True,4,0.033106770381532133,0.51550642141655623,0.014891521227365714,0.038380390655598416,1.2703420219894783,1.2934613637093324,1.2888057514314226,0.99640065609338446,0.95563473101570418,1.0447470989021677,True,True,False,3>1>4>2,13,0,0,True,1,0.011820827350923909,0.019238722685013983,0.0011239304288527712,0.033106770381532133
10000,0,multi,gaussian_matched,0.050000000000000003,888,3,0.02,9.4423295879826359,5-<10%,True,False,2,0.43941012499679244,0.32870967266651552,-0.023423839220348977,0.18636372072876178,1.2703420219894783,1.404018529707092,1.2860588674819022,0.91598425538600359,,1.1590757156129561,False,False,False,,-1,,,False,1,0.084715156076479545,0.013260947716619032,0.43941012499679244,0.011159180296138094
10000,0,multi,gaussian_matched,0.050000000000000003,888,3,0.050000000000000003,9.4423295879826359,5-<10%,True,False,2,0.43941012499679244,0.32870967266651552,-0.023423839220348977,0.18636372072876178,1.2703420219894783,1.404018529707092,1.2860588674819022,0.91598425538600359,,1.1590757156129561,False,False,False,,-1,,,False,1,0.084715156076479545,0.013260947716619032,0.43941012499679244,0.011159180296138094
10000,0,multi,gaussian_matched,0.050000000000000003,888,4,0.02,9.4423295879826359,5-<10%,True,False,3,0.026209832168898373,0.44081263656372316,0.015763428237102931,0.068376069180773477,1.2703420219894783,1.3313188585451174,1.2962713767248464,0.97367461476616401,,1.0742362468403983,False,False,False,,-1,,,False,1,0.0057128934970475257,0.009235902335315847,0.026209832168898373,0.016442319243902114
10000,0,multi,gaussian_matched,0.050000000000000003,888,4,0.050000000000000003,9.4423295879826359,5-<10%,True,True,4,0.026209832168898373,0.44081263656372316,0.015763428237102931,0.068376069180773477,1.2703420219894783,1.3313188585451174,1.2962713767248464,0.97367461476616401,0.93267946853677164,1.0742362468403983,True,True,False,3>1>4>2,13,0,0,True,1,0.0057128934970475257,0.009235902335315847,0.026209832168898373,0.016442319243902114
10000,0,multi,gaussian_matched,0.050000000000000003,888,5,0.02,9.4423295879826359,5-<10%,True,True,4,0.016924513359285888,0.48209547763260757,0.04362999788405858,0.019003916653194258,1.2703420219894783,1.2852044317855107,1.279172693524663,0.99530678691134922,0.97879188408773576,1.0219110977253096,True,True,False,3>1>4>2,13,0,0,True,1,0.00024257819619595398,0.00972387081396958,0.0049832465445153115,0.016924513359285888
10000,0,multi,gaussian_matched,0.050000000000000003,888,5,0.050000000000000003,9.4423295879826359,5-<10%,True,True,4,0.016924513359285888,0.48209547763260757,0.04362999788405858,0.019003916653194258,1.2703420219894783,1.2852044317855107,1.279172693524663,0.99530678691134922,0.95437298020936734,1.0219110977253096,True,True,False,3>1>4>2,13,0,0,True,1,0.00024257819619595398,0.00972387081396958,0.0049832465445153115,0.016924513359285888
10000,0,multi,gaussian_matched,0.050000000000000003,888,6,0.02,9.4423295879826359,5-<10%,True,False,3,0.026764708975960633,0.53477779768571654,0.054401996930916297,0.035055281896576258,1.2703420219894783,1.2495123685786802,1.2680603755209146,1.0148441963510395,,1.0257990642367998,False,False,False,,-1,,,False,1,0.0021787925957921011,0.016007561835198341,0.012425675618128915,0.026764708975960633
10000,0,multi,gaussian_matched,0.050000000000000003,888,6,0.050000000000000003,9.4423295879826359,5-<10%,True,True,4,0.026764708975960633,0.53477779768571654,0.054401996930916297,0.035055281896576258,1.2703420219894783,1.2495123685786802,1.2680603755209146,1.0148441963510395,0.97438257448134036,1.0257990642367998,True,True,False,3>1>4>2,13,0,0,True,1,0.0021787925957921011,0.016007561835198341,0.012425675618128915,0.026764708975960633
10000,0,multi,gaussian_matched,0.050000000000000003,888,7,0.02,9.4423295879826359,5-<10%,True,False,1,0.036030856257065709,0.4630448209746163,-0.026978058202175359,0.085389148616060451,1.2703420219894783,1.3554070587437197,1.3128324544026735,0.96858906402589706,,1.1006654734045433,False,False,False,,-1,,,False,1,0.019628778298389611,0.021038970466318498,0.0271424808901513,0.036030856257065709
10000,0,multi,gaussian_matched,0.050000000000000003,888,7,0.050000000000000003,9.4423295879826359,5-<10%,True,True,4,0.036030856257065709,0.4630448209746163,-0.026978058202175359,0.085389148616060451,1.2703420219894783,1.3554070587437197,1.3128324544026735,0.96858906402589706,0.92842788182051372,1.1006654734045433,True,True,False,3>1>4>2,13,0,0,True,1,0.019628778298389611,0.021038970466318498,0.0271424808901513,0.036030856257065709
10000,0,multi,gaussian_matched,0.050000000000000003,888,8,0.02,9.4423295879826359,5-<10%,True,False,2,0.041380511575440884,0.56079040952929715,0.017223561782498974,0.069063512747074521,1.2703420219894783,1.2724247954831656,1.285434820239125,1.0102245922919313,,1.0662469709259277,False,False,False,,-1,,,False,1,0.014093091800373558,0.025457087368566399,0.01554277741916292,0.041380511575440884
10000,0,multi,gaussian_matched,0.050000000000000003,888,8,0.050000000000000003,9.4423295879826359,5-<10%,True,True,4,0.041380511575440884,0.56079040952929715,0.017223561782498974,0.069063512747074521,1.2703420219894783,1.2724247954831656,1.285434820239125,1.0102245922919313,0.97116009481447674,1.0662469709259277,True,True,False,3>1>4>2,13,0,0,True,1,0.014093091800373558,0.025457087368566399,0.01554277741916292,0.041380511575440884
10000,0,multi,gaussian_matched,0.050000000000000003,888,9,0.02,9.4423295879826359,5-<10%,True,False,3,0.032502574363578111,0.54948370582369654,0.047152350127403618,0.049565575269969755,1.2703420219894783,1.2495202378372912,1.270527492348883,1.0168122563168338,,1.0391635046059953,False,False,False,,-1,,,False,1,0.0059566317381939118,0.019557431667366659,0.019134467265847496,0.032502574363578111
10000,0,multi,gaussian_matched,0.050000000000000003,888,9,0.050000000000000003,9.4423295879826359,5-<10%,True,True,4,0.032502574363578111,0.54948370582369654,0.047152350127403618,0.049565575269969755,1.2703420219894783,1.2495202378372912,1.270527492348883,1.0168122563168338,0.97675077811193733,1.0391635046059953,True,True,False,3>1>4>2,13,0,0,True,1,0.0059566317381939118,0.019557431667366659,0.019134467265847496,0.032502574363578111
10000,0,multi,gaussian_matched,0.050000000000000003,888,10,0.02,9.4423295879826359,5-<10%,True,False,1,0.1648534043329605,0.49027857059268692,0.12347942861946899,0.074119718158969075,1.2703420219894783,1.2152408596819697,1.1043016188238475,0.90871008000244891,,0.92764099477500939,False,False,False,,-1,,,False,1,0.012922685451704451,0.1648534043329605,0.021263368155565357,0.034934099179125447
10000,0,multi,gaussian_matched,0.050000000000000003,888,10,0.050000000000000003,9.4423295879826359,5-<10%,True,False,3,0.1648534043329605,0.49027857059268692,0.12347942861946899,0.074119718158969075,1.2703420219894783,1.2152408596819697,1.1043016188238475,0.90871008000244891,,0.92764099477500939,False,False,False,,-1,,,False,1,0.012922685451704451,0.1648534043329605,0.021263368155565357,0.034934099179125447
10000,0,multi,gaussian_matched,0.050000000000000003,888,11,0.02,9.4423295879826359,5-<10%,True,False,2,0.40072724232085932,0.57237784634584876,0.074232972287648885,0.076326860197162921,1.2703420219894783,1.2153974523582225,1.282091013865275,1.0548738697597628,,1.0693323928110512,False,False,False,,-1,,,False,1,0.015571271646767351,0.40072724232085932,0.015987534934208656,0.28036634327390569
10000,0,multi,gaussian_matched,0.050000000000000003,888,11,0.050000000000000003,9.4423295879826359,5-<10%,True,False,2,0.40072724232085932,0.57237784634584876,0.074232972287648885,0.076326860197162921,1.2703420219894783,1.2153974523582225,1.282091013865275,1.0548738697597628,,1.0693323928110512,False,False,False,,-1,,,False,1,0.015571271646767351,0.40072724232085932,0.015987534934208656,0.28036634327390569
10000,0,multi,gaussian_matched,0.050000000000000003,888,12,0.02,9.4423295879826359,5-<10%,True,True,4,0.018113802593454784,0.49688039862922995,0.050660085993852674,0.003188671546552085,1.2703420219894783,1.2713985362162097,1.2740338347893936,1.0020727557080777,0.98616354594088351,1.0054162455680178,True,True,False,3>1>4>2,13,0,0,True,1,0.00069188527885400851,0.010517040349471382,3.389182360004294e-05,0.018113802593454784
10000,0,multi,gaussian_matched,0.050000000000000003,888,12,0.050000000000000003,9.4423295879826359,5-<10%,True,True,4,0.018113802593454784,0.49688039862922995,0.050660085993852674,0.003188671546552085,1.2703420219894783,1.2713985362162097,1.2740338347893936,1.0020727557080777,0.96125288416965449,1.0054162455680178,True,True,False,3>1>4>2,13,0,0,True,1,0.00069188527885400851,0.010517040349471382,3.389182360004294e-05,0.018113802593454784
10000,0,multi,gaussian_matched,0.050000000000000003,888,13,0.02,9.4423295879826359,5-<10%,True,False,2,0.39884945040014769,0.56361251901829301,0.074145048284367562,0.068040693210071945,1.2703420219894783,1.2190855553481796,1.2819128996785927,1.0515364521011563,,1.0626693988871649,False,False,False,,-1,,,False,1,0.013624319758831964,0.39884945040014769,0.017297069128767734,0.27860112323537578
10000,0,multi,gaussian_matched,0.050000000000000003,888,13,0.050000000000000003,9.4423295879826359,5-<10%,True,False,2,0.39884945040014769,0.56361251901829301,0.074145048284367562,0.068040693210071945,1.2703420219894783,1.2190855553481796,1.2819128996785927,1.0515364521011563,,1.0626693988871649,False,False,False,,-1,,,False,1,0.013624319758831964,0.39884945040014769,0.017297069128767734,0.27860112323537578
10000,0,multi,gaussian_matched,0.050000000000000003,888,14,0.02,9.4423295879826359,5-<10%,True,False,3,0.030847022497797003,0.50881193634018684,0.018770506343082333,0.032448905931186135,1.2703420219894783,1.2931371727959806,1.2874523395002018,0.99560384357098997,,1.0390125041792249,False,False,False,,-1,,,False,1,0.010197296935246711,0.017877422079450023,6.0834470434592656e-05,0.030847022497797003
10000,0,multi,gaussian_matched,0.050000000000000003,888,14,0.050000000000000003,9.4423295879826359,5-<10%,True,True,4,0.030847022497797003,0.50881193634018684,0.018770506343082333,0.032448905931186135,1.2703420219894783,1.2931371727959806,1.2874523395002018,0.99560384357098997,0.9546477849944951,1.0390125041792249,True,True,False,3>1>4>2,13,0,0,True,1,0.010197296935246711,0.017877422079450023,6.0834470434592656e-05,0.030847022497797003
10000,0,multi,gaussian_matched,0.050000000000000003,888,15,0.02,9.4423295879826359,5-<10%,True,False,3,0.032618280680202297,0.47469836901777446,-0.0087339931643379831,0.063951970129068086,1.2703420219894783,1.3337777668745652,1.3034443854389293,0.97725754455578007,,1.0764001598770405,False,False,False,,-1,,,False,1,0.015461242945212303,0.018802408186493438,0.018305129286132534,0.032618280680202297
10000,0,multi,gaussian_matched,0.050000000000000003,888,15,0.050000000000000003,9.4423295879826359,5-<10%,True,True,4,0.032618280680202297,0.47469836901777446,-0.0087339931643379831,0.063951970129068086,1.2703420219894783,1.3337777668745652,1.3034443854389293,0.97725754455578007,0.93665093019884937,1.0764001598770405,True,True,False,3>1>4>2,13,0,0,True,1,0.015461242945212303,0.018802408186493438,0.018305129286132534,0.032618280680202297
10000,0,multi,gaussian_matched,0.050000000000000003,888,16,0.02,9.4423295879826359,5-<10%,True,False,2,0.29697274877038837,0.55293109546692687,0.16714077522359008,0.12854439733925621,1.2703420219894783,1.143067120840128,1.0343091881405972,0.90485429007913709,,0.91538622304150208,False,False,False,,-1,,,False,1,0.013997556437871251,0.29697274877038837,0.010736249765071395,0.17152089985917665
10000,0,multi,gaussian_matched,0.050000000000000003,888,16,0.050000000000000003,9.4423295879826359,5-<10%,True,False,2,0.29697274877038837,0.55293109546692687,0.16714077522359008,0.12854439733925621,1.2703420219894783,1.143067120840128,1.0343091881405972,0.90485429007913709,,0.91538622304150208,False,False,False,,-1,,,False,1,0.013997556437871251,0.29697274877038837,0.010736249765071395,0.17152089985917665
10000,0,multi,gaussian_matched,0.050000000000000003,888,17,0.02,9.4423295879826359,5-<10%,True,False,2,0.04489946283128024,0.56880968431798951,0.01093798761865377,0.079124038491610232,1.2703420219894783,1.2753363676754326,1.2887791497439092,1.0105405776932237,,1.0767991332706219,False,False,False,,-1,,,False,1,0.0160841355141337,0.028711701196268518,0.016369155851169249,0.04489946283128024
10000,0,multi,gaussian_matched,0.050000000000000003,888,17,0.050000000000000003,9.4423295879826359,5-<10%,True,True,4,0.04489946283128024,0.56880968431798951,0.01093798761865377,0.079124038491610232,1.2703420219894783,1.2753363676754326,1.2887791497439092,1.0105405776932237,0.97259872189033902,1.0767991332706219,True,True,False,3>1>4>2,13,0,0,True,1,0.0160841355141337,0.028711701196268518,0.016369155851169249,0.04489946283128024
10000,0,multi,gaussian_matched,0.050000000000000003,888,18,0.02,9.4423295879826359,5-<10%,True,False,2,0.035289076152542509,0.55482788401622751,0.040249499212197629,0.055688141747681177,1.2703420219894783,1.2535764899243951,1.2736970174089484,1.0160504984309069,,1.0464781422208516,False,False,False,,-1,,,False,1,0.0080702983568360382,0.021276689447912171,0.019492422072400289,0.035289076152542509
10000,0,multi,gaussian_matched,0.050000000000000003,888,18,0.050000000000000003,9.4423295879826359,5-<10%,True,True,4,0.035289076152542509,0.55482788401622751,0.040249499212197629,0.055688141747681177,1.2703420219894783,1.2535764899243951,1.2736970174089484,1.0160504984309069,0.97622851132482846,1.0464781422208516,True,True,False,3>1>4>2,13,0,0,True,1,0.0080702983568360382,0.021276689447912171,0.019492422072400289,0.035289076152542509
10000,0,multi,gaussian_matched,0.050000000000000003,888,19,0.02,9.4423295879826359,5-<10%,True,False,3,0.021029445044625592,0.53141864804973837,0.072310202353231837,0.038534096256633295,1.2703420219894783,1.2353017853936521,1.2593436557316078,1.0194623456569314,,1.0216758396731922,False,False,False,,-1,,,False,1,0.00465105990268004,0.012784900174074477,0.0069237391101961438,0.021029445044625592
10000,0,multi,gaussian_matched,0.050000000000000003,888,19,0.050000000000000003,9.4423295879826359,5-<10%,True,True,4,0.021029445044625592,0.53141864804973837,0.072310202353231837,0.038534096256633295,1.2703420219894783,1.2353017853936521,1.2593436557316078,1.0194623456569314,0.98007939291145874,1.0216758396731922,True,True,False,3>1>4>2,13,0,0,True,1,0.00465105990268004,0.012784900174074477,0.0069237391101961438,0.021029445044625592
10000,0,multi,gaussian_matched,0.050000000000000003,888,20,0.02,9.4423295879826359,5-<10%,True,False,3,0.020647356494162678,0.46606250998503007,0.02306577860670694,0.043326729747110028,1.2703420219894783,1.31117378756137,1.2900402587982027,0.98388197738266781,,1.0496125968163528,False,False,False,,-1,,,False,1,0.0053916699190511806,0.011885131213866713,0.013902686678476696,0.020647356494162678
10000,0,multi,gaussian_matched,0.050000000000000003,888,20,0.050000000000000003,9.4423295879826359,5-<10%,True,True,4,0.020647356494162678,0.46606250998503007,0.02306577860670694,0.043326729747110028,1.2703420219894783,1.31117378756137,1.2900402587982027,0.98388197738266781,0.94278935511323014,1.0496125968163528,True,True,False,3>1>4>2,13,0,0,True,1,0.0053916699190511806,0.011885131213866713,0.013902686678476696,0.020647356494162678
10000,0,multi,gaussian_matched,0.050000000000000003,888,21,0.02,9.4423295879826359,5-<10%,True,False,3,0.022308968726488038,0.44413953413526286,0.033634642646297841,0.05820838915431209,1.2703420219894783,1.3148135441693123,1.2890437347728998,0.98040040771507753,,1.060542830675856,False,False,False,,-1,,,False,1,0.0010818012536768535,0.0050945301733959416,0.022308968726488038,0.0099445463183693173
10000,0,multi,gaussian_matched,0.050000000000000003,888,21,0.050000000000000003,9.4423295879826359,5-<10%,True,True,4,0.022308968726488038,0.44413953413526286,0.033634642646297841,0.05820838915431209,1.2703420219894783,1.3148135441693123,1.2890437347728998,0.98040040771507753,0.93963450164690465,1.060542830675856,True,True,False,3>1>4>2,13,0,0,True,1,0.0010818012536768535,0.0050945301733959416,0.022308968726488038,0.0099445463183693173
10000,0,multi,gaussian_matched,0.050000000000000003,888,22,0.02,9.4423295879826359,5-<10%,True,False,3,0.023642435139947487,0.51697048694690684,0.049206573677573168,0.016989024473001831,1.2703420219894783,1.2625138406068419,1.2722767146603333,1.0077328847728106,,1.0148965529096017,False,False,False,,-1,,,False,1,0.0017750359182624796,0.013931795755372449,0.007381792419576501,0.023642435139947487
10000,0,multi,gaussian_matched,0.050000000000000003,888,22,0.050000000000000003,9.4423295879826359,5-<10%,True,True,4,0.023642435139947487,0.51697048694690684,0.049206573677573168,0.016989024473001831,1.2703420219894783,1.2625138406068419,1.2722767146603333,1.0077328847728106,0.96686370098100494,1.0148965529096017,True,True,False,3>1>4>2,13,0,0,True,1,0.0017750359182624796,0.013931795755372449,0.007381792419576501,0.023642435139947487
10000,0,multi,gaussian_matched,0.050000000000000003,888,23,0.02,9.4423295879826359,5-<10%,True,False,3,0.02290071480046613,0.44261351706988483,0.0362302408375254,0.059015376729128426,1.2703420219894783,1.3136072257700726,1.2882966672053875,0.98073201938285059,,1.0605899990811096,False,False,False,,-1,,,False,1,0.00054089884180066774,0.0039217002267736816,0.02290071480046613,0.00819636456819056
10000,0,multi,gaussian_matched,0.050000000000000003,888,23,0.050000000000000003,9.4423295879826359,5-<10%,True,True,4,0.02290071480046613,0.44261351706988483,0.0362302408375254,0.059015376729128426,1.2703420219894783,1.3136072257700726,1.2882966672053875,0.98073201938285059,0.94011458193784314,1.0605899990811096,True,True,False,3>1>4>2,13,0,0,True,1,0.00054089884180066774,0.0039217002267736816,0.02290071480046613,0.00819636456819056
10000,0,multi,gaussian_matched,0.050000000000000003,888,24,0.02,9.4423295879826359,5-<10%,True,False,2,0.40201140892824366,0.62707262032825573,0.044682947035109243,0.12718381142787194,1.2703420219894783,1.2253472784908506,1.2968119202998083,1.0583219492656599,,1.1209545989020857,False,False,False,,-1,,,False,1,0.018311707595692606,0.40201140892824366,0.010994729439022249,0.28299452041202944
10000,0,multi,gaussian_matched,0.050000000000000003,888,24,0.050000000000000003,9.4423295879826359,5-<10%,True,False,2,0.40201140892824366,0.62707262032825573,0.044682947035109243,0.12718381142787194,1.2703420219894783,1.2253472784908506,1.2968119202998083,1.0583219492656599,,1.1209545989020857,False,False,False,,-1,,,False,1,0.018311707595692606,0.40201140892824366,0.010994729439022249,0.28299452041202944
10000,0,multi,gaussian_matched,0.050000000000000003,888,25,0.02,9.4423295879826359,5-<10%,True,False,3,0.042301939920055605,0.41196584776569778,0.058199277540594299,0.088415157703868819,1.2703420219894783,1.31537804511595,1.2818717747538952,0.97452726956598912,,1.0786755918786046,False,False,False,,-1,,,False,1,0.0030077961532617267,0.016477056957925867,0.042301939920055605,0.017653894420742011
10000,0,multi,gaussian_matched,0.050000000000000003,888,25,0.050000000000000003,9.4423295879826359,5-<10%,True,True,4,0.042301939920055605,0.41196584776569778,0.058199277540594299,0.088415157703868819,1.2703420219894783,1.31537804511595,1.2818717747538952,0.97452726956598912,0.94086772495905302,1.0786755918786046,True,True,False,3>1>4>2,13,0,0,True,1,0.0030077961532617267,0.016477056957925867,0.042301939920055605,0.017653894420742011
10000,0,multi,gaussian_matched,0.050000000000000003,888,26,0.02,9.4423295879826359,5-<10%,True,False,3,0.026927115760832711,0.43981179064578224,0.014393026585593542,0.069931946212023838,1.2703420219894783,1.3330154140332662,1.2969275155200224,0.97292762099122798,,1.0759775226449741,False,False,False,,-1,,,False,1,0.0060364013767514289,0.0093684403523245034,0.026927115760832711,0.016666257328904342
10000,0,multi,gaussian_matched,0.050000000000000003,888,26,0.050000000000000003,9.4423295879826359,5-<10%,True,True,4,0.026927115760832711,0.43981179064578224,0.014393026585593542,0.069931946212023838,1.2703420219894783,1.3330154140332662,1.2969275155200224,0.97292762099122798,0.93193409165941876,1.0759775226449741,True,True,False,3>1>4>2,13,0,0,True,1,0.0060364013767514289,0.0093684403523245034,0.026927115760832711,0.016666257328904342
10000,0,multi,gaussian_matched,0.050000000000000003,888,27,0.02,9.4423295879826359,5-<10%,True,False,3,0.020384270110794772,0.45899699847869924,0.078164301406861147,0.049744085150822841,1.2703420219894783,1.2702199232140252,1.2695336756285953,0.99945974112601421,,1.0385217035592522,False,False,False,,-1,,,False,1,0.0059248644489476674,0.0053818134078194302,0.020384270110794772,0.0044510635851469577
10000,0,multi,gaussian_matched,0.050000000000000003,888,27,0.050000000000000003,9.4423295879826359,5-<10%,True,True,4,0.020384270110794772,0.45899699847869924,0.078164301406861147,0.049744085150822841,1.2703420219894783,1.2702199232140252,1.2695336756285953,0.99945974112601421,0.96161829926064324,1.0385217035592522,True,True,False,3>1>4>2,13,0,0,True,1,0.0059248644489476674,0.0053818134078194302,0.020384270110794772,0.0044510635851469577
10000,0,multi,gaussian_matched,0.050000000000000003,888,28,0.02,9.4423295879826359,5-<10%,True,False,1,0.19074028471020407,0.46105819712536417,0.18240198323137458,0.13800996041854441,1.2703420219894783,1.1917158345779371,1.0706745034025893,0.8984310456710376,,0.95146381281492776,False,False,False,,-1,,,False,1,0.014716724305933564,0.19074028471020407,0.049693472095017309,0.068355820310121634
10000,0,multi,gaussian_matched,0.050000000000000003,888,28,0.050000000000000003,9.4423295879826359,5-<10%,True,False,2,0.19074028471020407,0.46105819712536417,0.18240198323137458,0.13800996041854441,1.2703420219894783,1.1917158345779371,1.0706745034025893,0.8984310456710376,,0.95146381281492776,False,False,False,,-1,,,False,1,0.014716724305933564,0.19074028471020407,0.049693472095017309,0.068355820310121634
10000,0,multi,gaussian_matched,0.050000000000000003,888,29,0.02,9.4423295879826359,5-<10%,True,False,2,0.18360624629278222,0.52841532943946501,0.1012312382237546,0.058583877620830296,1.2703420219894783,1.21180293789934,1.0863996680080765,0.89651512967227986,,0.90131911391528396,False,False,False,,-1,,,False,1,0.015454858207155281,0.18360624629278222,0.0015445548947309333,0.054163219545885426
10000,0,multi,gaussian_matched,0.050000000000000003,888,29,0.050000000000000003,9.4423295879826359,5-<10%,True,False,2,0.18360624629278222,0.52841532943946501,0.1012312382237546,0.058583877620830296,1.2703420219894783,1.21180293789934,1.0863996680080765,0.89651512967227986,,0.90131911391528396,False,False,False,,-1,,,False,1,0.015454858207155281,0.18360624629278222,0.0015445548947309333,0.054163219545885426
10000,0,multi,gaussian_matched,0.050000000000000003,888,30,0.02,9.4423295879826359,5-<10%,True,True,4,0.012415786140039124,0.47181859301568896,0.065152743419152281,0.031996833167393893,1.2703420219894783,1.2730800894831273,1.2722731542039081,0.99936615513361227,0.9831412849549509,1.0267077407458263,True,True,False,3>1>4>2,13,0,0,True,1,0.0064048478923327328,0.0019813849188804159,0.012415786140039124,0.0050491069136690096
10000,0,multi,gaussian_matched,0.050000000000000003,888,30,0.050000000000000003,9.4423295879826359,5-<10%,True,True,4,0.012415786140039124,0.47181859301568896,0.065152743419152281,0.031996833167393893,1.2703420219894783,1.2730800894831273,1.2722731542039081,0.99936615513361227,0.95955558934317642,1.0267077407458263,True,True,False,3>1>4>2,13,0,0,True,1,0.0064048478923327328,0.0019813849188804159,0.012415786140039124,0.0050491069136690096
10000,0,multi,gaussian_matched,0.050000000000000003,888,31,0.02,9.4423295879826359,5-<10%,True,False,2,0.37845353231490592,0.55731729271011388,0.10642503122104358,0.080430443191074202,1.2703420219894783,1.1929691324745346,0.98126443620025183,0.82253966971035453,,0.83575514390101757,False,False,False,,-1,,,False,1,0.0040481989760655151,0.37845353231490592,0.007352880294726305,0.25614978779929748
10000,0,multi,gaussian_matched,0.050000000000000003,888,31,0.050000000000000003,9.4423295879826359,5-<10%,True,False,2,0.37845353231490592,0.55731729271011388,0.10642503122104358,0.080430443191074202,1.2703420219894783,1.1929691324745346,0.98126443620025183,0.82253966971035453,,0.83575514390101757,False,False,False,,-1,,,False,1,0.0040481989760655151,0.37845353231490592,0.007352880294726305,0.25614978779929748
10000,0,multi,gaussian_matched,0.050000000000000003,889,0,0.02,7.9715838546741375,5-<10%,True,False,3,0.027767950618788496,0.53477542907482711,-0.0091909308333425685,0.068650540859164944,1.0286515438165025,1.0958548217339443,1.0763650730674312,0.98221502677181738,,1.1131229237049114,False,False,False,,-1,,,False,1,0.0050369559116190277,0.027767950618788496,0.00081577108492579173,0.0040834185055960235
10000,0,multi,gaussian_matched,0.050000000000000003,889,0,0.050000000000000003,7.9715838546741375,5-<10%,True,True,4,0.027767950618788496,0.53477542907482711,-0.0091909308333425685,0.068650540859164944,1.0286515438165025,1.0958548217339443,1.0763650730674312,0.98221502677181738,0.941120082814912,1.1131229237049114,True,True,False,2>4>3>1,11,0,0,True,1,0.0050369559116190277,0.027767950618788496,0.00081577108492579173,0.0040834185055960235
10000,0,multi,gaussian_matched,0.050000000000000003,889,1,0.02,7.9715838546741375,5-<10%,True,False,3,0.042823250719510229,0.46635475366743628,0.15242044650737321,0.10780515045000674,1.0286515438165025,0.92085973344915839,0.9296432794514613,1.0095384190265366,,1.0085518620351528,False,False,False,,-1,,,False,1,0.01256844928957962,0.0090120438718628987,0.0019378259237642858,0.042823250719510229
10000,0,multi,gaussian_matched,0.050000000000000003,889,1,0.050000000000000003,7.9715838546741375,5-<10%,True,True,4,0.042823250719510229,0.46635475366743628,0.15242044650737321,0.10780515045000674,1.0286515438165025,0.92085973344915839,0.9296432794514613,1.0095384190265366,0.95614260271916518,1.0085518620351528,True,True,False,2>4>3>1,11,0,0,True,1,0.01256844928957962,0.0090120438718628987,0.0019378259237642858,0.042823250719510229
10000,0,multi,gaussian_matched,0.050000000000000003,889,2,0.02,7.9715838546741375,5-<10%,True,False,3,0.028686948910710712,0.54825712696507733,-0.015311735932157886,0.081205745815154717,1.0286515438165025,1.1063110242242695,1.0794469637911066,0.97571744306534447,,1.1283244715698459,False,False,False,,-1,,,False,1,0.0051929816733643185,0.028686948910710712,0.004574180219531712,0.010083535778133586
10000,0,multi,gaussian_matched,0.050000000000000003,889,2,0.050000000000000003,7.9715838546741375,5-<10%,True,True,4,0.028686948910710712,0.54825712696507733,-0.015311735932157886,0.081205745815154717,1.0286515438165025,1.1063110242242695,1.0794469637911066,0.97571744306534447,0.93499515262918398,1.1283244715698459,True,True,False,2>4>3>1,11,0,0,True,1,0.0051929816733643185,0.028686948910710712,0.004574180219531712,0.010083535778133586
10000,0,multi,gaussian_matched,0.050000000000000003,889,3,0.02,7.9715838546741375,5-<10%,True,True,4,0.0066085200239401811,0.5137942905225541,0.043979516681716964,0.015050869423603081,1.0286515438165025,1.0387274585196822,1.033559757693443,0.9950249694625346,0.97957282517929301,1.0194031530118464,True,True,False,2>4>3>1,11,0,0,True,1,0.0060192355855499527,0.0066085200239401811,0.0032286461909007049,0.0024008183976430421
10000,0,multi,gaussian_matched,0.050000000000000003,889,3,0.050000000000000003,7.9715838546741375,5-<10%,True,True,4,0.0066085200239401811,0.5137942905225541,0.043979516681716964,0.015050869423603081,1.0286515438165025,1.0387274585196822,1.033559757693443,0.9950249694625346,0.95039678091258006,1.0194031530118464,True,True,False,2>4>3>1,11,0,0,True,1,0.0060192355855499527,0.0066085200239401811,0.0032286461909007049,0.0024008183976430421
10000,0,multi,gaussian_matched,0.050000000000000003,889,4,0.02,7.9715838546741375,5-<10%,True,False,2,0.062706064560718283,0.59354851665024133,0.0088178459017588945,0.10221200899909832,1.0286515438165025,1.1035611555202207,1.0042789005699859,0.91003465965288266,,1.0756712671268467,False,False,False,,-1,,,False,1,0.019289393228288817,0.010613267930735425,0.04022868754792322,0.062706064560718283
10000,0,multi,gaussian_matched,0.050000000000000003,889,4,0.050000000000000003,7.9715838546741375,5-<10%,True,False,3,0.062706064560718283,0.59354851665024133,0.0088178459017588945,0.10221200899909832,1.0286515438165025,1.1035611555202207,1.0042789005699859,0.91003465965288266,,1.0756712671268467,False,False,False,,-1,,,False,1,0.019289393228288817,0.010613267930735425,0.04022868754792322,0.062706064560718283
10000,0,multi,gaussian_matched,0.050000000000000003,889,5,0.02,7.9715838546741375,5-<10%,True,True,4,0.01155745162749058,0.52492642339411366,0.028925169383796037,0.03264161559611143,1.0286515438165025,1.0566705950731408,1.0454401911479239,0.98937189699649064,0.97424500580282636,1.0480534571932265,True,True,False,2>4>3>1,11,0,0,True,1,0.0048605383517449354,0.01155745162749058,0.0010930845072511905,0.0030746921694789916
10000,0,multi,gaussian_matched,0.050000000000000003,889,5,0.050000000000000003,7.9715838546741375,5-<10%,True,True,4,0.01155745162749058,0.52492642339411366,0.028925169383796037,0.03264161559611143,1.0286515438165025,1.0566705950731408,1.0454401911479239,0.98937189699649064,0.94576462871130995,1.0480534571932265,True,True,False,2>4>3>1,11,0,0,True,1,0.0048605383517449354,0.01155745162749058,0.0010930845072511905,0.0030746921694789916
10000,0,multi,gaussian_matched,0.050000000000000003,889,6,0.02,7.9715838546741375,5-<10%,True,False,3,0.020090397965644647,0.48610869284426289,0.031071124076261527,0.023479155824503554,1.0286515438165025,1.0430800070438533,1.0417612381074259,0.99873569723556987,,1.0355697226484248,False,False,False,,-1,,,False,1,0.0092603556101407223,0.020090397965644647,0.0082789814153878243,0.0069761386619261803
10000,0,multi,gaussian_matched,0.050000000000000003,889,6,0.050000000000000003,7.9715838546741375,5-<10%,True,True,4,0.020090397965644647,0.48610869284426289,0.031071124076261527,0.023479155824503554,1.0286515438165025,1.0430800070438533,1.0417612381074259,0.99873569723556987,0.95548640464945733,1.0355697226484248,True,True,False,2>4>3>1,11,0,0,True,1,0.0092603556101407223,0.020090397965644647,0.0082789814153878243,0.0069761386619261803
10000,0,multi,gaussian_matched,0.050000000000000003,889,7,0.02,7.9715838546741375,5-<10%,True,False,3,0.039147827668091335,0.46619246993649477,-0.0023727922153816,0.062336654172568055,1.0286515438165025,1.0716609396013621,1.0661574407821761,0.99486451487050265,,1.0970615868302749,False,False,False,,-1,,,False,1,0.012276058729812512,0.039147827668091335,0.012309564625925425,0.018566251567251436
10000,0,multi,gaussian_matched,0.050000000000000003,889,7,0.050000000000000003,7.9715838546741375,5-<10%,True,True,4,0.039147827668091335,0.46619246993649477,-0.0023727922153816,0.062336654172568055,1.0286515438165025,1.0716609396013621,1.0661574407821761,0.99486451487050265,0.9548906465254412,1.0970615868302749,True,True,False,2>4>3>1,11,0,0,True,1,0.012276058729812512,0.039147827668091335,0.012309564625925425,0.018566251567251436
10000,0,multi,gaussian_matched,0.050000000000000003,889,8,0.02,7.9715838546741375,5-<10%,True,False,3,0.028826593159217376,0.44442597189890537,0.09638987814051303,0.072391252187490887,1.0286515438165025,0.9706701840865839,0.97645350222842953,1.0059580671546926,,1.0196307590464475,False,False,False,,-1,,,False,1,0.01280826663901507,0.028826593159217376,0.0044011966942355098,0.018171477773657661
10000,0,multi,gaussian_matched,0.050000000000000003,889,8,0.050000000000000003,7.9715838546741375,5-<10%,True,True,4,0.028826593159217376,0.44442597189890537,0.09638987814051303,0.072391252187490887,1.0286515438165025,0.9706701840865839,0.97645350222842953,1.0059580671546926,0.95735719333592884,1.0196307590464475,True,True,False,2>4>3>1,11,0,0,True,1,0.01280826663901507,0.028826593159217376,0.0044011966942355098,0.018171477773657661
10000,0,multi,gaussian_matched,0.050000000000000003,889,9,0.02,7.9715838546741375,5-<10%,True,False,3,0.024056842176879544,0.52083326861673684,0.10136853193733669,0.055432401667745664,1.0286515438165025,0.98813509664766142,0.98627989040868924,0.99812251761397186,,1.0126969607331502,False,False,False,,-1,,,False,1,0.0059836774677579111,0.012190180954090439,0.00054312276635683004,0.024056842176879544
10000,0,multi,gaussian_matched,0.050000000000000003,889,9,0.050000000000000003,7.9715838546741375,5-<10%,True,True,4,0.024056842176879544,0.52083326861673684,0.10136853193733669,0.055432401667745664,1.0286515438165025,0.98813509664766142,0.98627989040868924,0.99812251761397186,0.94877585976168433,1.0126969607331502,True,True,False,2>4>3>1,11,0,0,True,1,0.0059836774677579111,0.012190180954090439,0.00054312276635683004,0.024056842176879544
10000,0,multi,gaussian_matched,0.050000000000000003,889,10,0.02,7.9715838546741375,5-<10%,True,False,3,0.030694225870240986,0.46627357590353213,0.021188661543893036,0.044357241866093931,1.0286515438165025,1.0484855468627896,1.0467006800401149,0.99829767150532944,,1.0606681421564452,False,False,False,,-1,,,False,1,0.011597681046036692,0.030694225870240986,0.01152801033026373,0.01165174547311993
10000,0,multi,gaussian_matched,0.050000000000000003,889,10,0.050000000000000003,7.9715838546741375,5-<10%,True,True,4,0.030694225870240986,0.46627357590353213,0.021188661543893036,0.044357241866093931,1.0286515438165025,1.0484855468627896,1.0467006800401149,0.99829767150532944,0.95631881413422282,1.0606681421564452,True,True,False,2>4>3>1,11,0,0,True,1,0.011597681046036692,0.030694225870240986,0.01152801033026373,0.01165174547311993
10000,0,multi,gaussian_matched,0.050000000000000003,889,11,0.02,7.9715838546741375,5-<10%,True,False,3,0.029908693879685786,0.48245163929645363,0.0077930956293829345,0.045709602272741172,1.0286515438165025,1.0648697776900222,1.0602715455761393,0.99568188316522832,,1.0751757040537457,False,False,False,,-1,,,False,1,0.0099760624084220609,0.029908693879685786,0.0093226677234591031,0.013688427691376468
10000,0,multi,gaussian_matched,0.050000000000000003,889,11,0.050000000000000003,7.9715838546741375,5-<10%,True,True,4,0.029908693879685786,0.48245163929645363,0.0077930956293829345,0.045709602272741172,1.0286515438165025,1.0648697776900222,1.0602715455761393,0.99568188316522832,0.95428887657860073,1.0751757040537457,True,True,False,2>4>3>1,11,0,0,True,1,0.0099760624084220609,0.029908693879685786,0.0093226677234591031,0.013688427691376468
10000,0,multi,gaussian_matched,0.050000000000000003,889,12,0.02,7.9715838546741375,5-<10%,True,False,3,0.02062413322611463,0.47593944211372907,0.042948459236112554,0.025072588078285028,1.0286515438165025,1.0291460798914489,1.0305350662899011,1.0013496494089533,,1.0262052885777735,False,False,False,,-1,,,False,1,0.010304243951785691,0.02062413322611463,0.0093920625924714569,0.0037367072195592225
10000,0,multi,gaussian_matched,0.050000000000000003,889,12,0.050000000000000003,7.9715838546741375,5-<10%,True,True,4,0.02062413322611463,0.47593944211372907,0.042948459236112554,0.025072588078285028,1.0286515438165025,1.0291460798914489,1.0305350662899011,1.0013496494089533,0.95735810386926146,1.0262052885777735,True,True,False,2>4>3>1,11,0,0,True,1,0.010304243951785691,0.02062413322611463,0.0093920625924714569,0.0037367072195592225
10000,0,multi,gaussian_matched,0.050000000000000003,889,13,0.02,7.9715838546741375,5-<10%,True,False,3,0.029369320552052821,0.47488608619821793,0.015646148812829351,0.042554620875218788,1.0286515438165025,1.0555906078532353,1.0527124561473946,0.99727342050561241,,1.0647600575788319,False,False,False,,-1,,,False,1,0.010720690210268845,0.029369320552052821,0.010364840623377459,0.013096326789059214
10000,0,multi,gaussian_matched,0.050000000000000003,889,13,0.050000000000000003,7.9715838546741375,5-<10%,True,True,4,0.029369320552052821,0.47488608619821793,0.015646148812829351,0.042554620875218788,1.0286515438165025,1.0555906078532353,1.0527124561473946,0.99727342050561241,0.955488029893094,1.0647600575788319,True,True,False,2>4>3>1,11,0,0,True,1,0.010720690210268845,0.029369320552052821,0.010364840623377459,0.013096326789059214
10000,0,multi,gaussian_matched,0.050000000000000003,889,14,0.02,7.9715838546741375,5-<10%,True,False,3,0.034913064653431136,0.5130710562528632,-0.018548551572930366,0.069783640162377661,1.0286515438165025,1.0980489659266577,1.0847114782209839,0.98785346726826695,,1.1223383908023454,False,False,False,,-1,,,False,1,0.007008200388915059,0.034913064653431136,0.0041547668543999976,0.0043206928489531527
10000,0,multi,gaussian_matched,0.050000000000000003,889,14,0.050000000000000003,7.9715838546741375,5-<10%,True,True,4,0.034913064653431136,0.5130710562528632,-0.018548551572930366,0.069783640162377661,1.0286515438165025,1.0980489659266577,1.0847114782209839,0.98785346726826695,0.9476018806959895,1.1223383908023454,True,True,False,2>4>3>1,11,0,0,True,1,0.007008200388915059,0.034913064653431136,0.0041547668543999976,0.0043206928489531527
10000,0,multi,gaussian_matched,0.050000000000000003,889,15,0.02,7.9715838546741375,5-<10%,True,False,3,0.044056268217641678,0.42386672863094638,0.066820207752002231,0.077969188774633769,1.0286515438165025,0.99779667889969303,0.99522958040699494,0.99742723287520962,,1.0433064293082643,False,False,False,,-1,,,False,1,0.014042061489437683,0.044056268217641678,0.0087489121963158466,0.0089585327056840736
10000,0,multi,gaussian_matched,0.050000000000000003,889,15,0.050000000000000003,7.9715838546741375,5-<10%,True,True,4,0.044056268217641678,0.42386672863094638,0.066820207752002231,0.077969188774633769,1.0286515438165025,0.99779667889969303,0.99522958040699494,0.99742723287520962,0.95184145511291285,1.0433064293082643,True,True,False,2>4>3>1,11,0,0,True,1,0.014042061489437683,0.044056268217641678,0.0087489121963158466,0.0089585327056840736
10000,0,multi,gaussian_matched,0.050000000000000003,889,16,0.02,7.9715838546741375,5-<10%,True,True,4,0.011134546885519604,0.49679558646228034,0.046061751978875874,0.005077210217886311,1.0286515438165025,1.0314753674981507,1.0309241504497237,0.99946560328458067,0.98464655416930946,1.0071450987414439,True,True,False,2>4>3>1,11,0,0,True,1,0.0080252805485311017,0.011134546885519604,0.0062761473712740073,0.00067154341801143528
10000,0,multi,gaussian_matched,0.050000000000000003,889,16,0.050000000000000003,7.9715838546741375,5-<10%,True,True,4,0.011134546885519604,0.49679558646228034,0.046061751978875874,0.005077210217886311,1.0286515438165025,1.0314753674981507,1.0309241504497237,0.99946560328458067,0.95487968730967476,1.0071450987414439,True,True,False,2>4>3>1,11,0,0,True,1,0.0080252805485311017,0.011134546885519604,0.0062761473712740073,0.00067154341801143528
10000,0,multi,gaussian_matched,0.050000000000000003,889,17,0.02,7.9715838546741375,5-<10%,True,False,3,0.024123835275184503,0.46399248200566789,0.053341979879982779,0.036162275669962475,1.0286515438165025,1.0164792741444306,1.0196823362732443,1.0031511337321755,,1.0264356460554296,False,False,False,,-1,,,False,1,0.011423447467400299,0.024123835275184503,0.0091440533947395319,0.00030960589368276084
10000,0,multi,gaussian_matched,0.050000000000000003,889,17,0.050000000000000003,7.9715838546741375,5-<10%,True,True,4,0.024123835275184503,0.46399248200566789,0.053341979879982779,0.036162275669962475,1.0286515438165025,1.0164792741444306,1.0196823362732443,1.0031511337321755,0.95850138404885377,1.0264356460554296,True,True,False,2>4>3>1,11,0,0,True,1,0.011423447467400299,0.024123835275184503,0.0091440533947395319,0.00030960589368276084
10000,0,multi,gaussian_matched,0.050000000000000003,889,18,0.02,7.9715838546741375,5-<10%,True,False,3,0.031909583757378152,0.50893696993076776,0.12673507659697514,0.077253746911635862,1.0286515438165025,0.9601183325980911,0.96424219333115513,1.0042951588289173,,1.0124866350548927,False,False,False,,-1,,,False,1,0.0081159549045329675,0.009773207226019447,0.0012143455695788033,0.031909583757378152
10000,0,multi,gaussian_matched,0.050000000000000003,889,18,0.050000000000000003,7.9715838546741375,5-<10%,True,True,4,0.031909583757378152,0.50893696993076776,0.12673507659697514,0.077253746911635862,1.0286515438165025,0.9601183325980911,0.96424219333115513,1.0042951588289173,0.95290820257166431,1.0124866350548927,True,True,False,2>4>3>1,11,0,0,True,1,0.0081159549045329675,0.009773207226019447,0.0012143455695788033,0.031909583757378152
10000,0,multi,gaussian_matched,0.050000000000000003,889,19,0.02,7.9715838546741375,5-<10%,True,False,3,0.036566308951233951,0.49234740185433545,0.14084527431762622,0.091167023227830504,1.0286515438165025,0.94055391145221223,0.94919878470412256,1.0091912575628574,,1.0113879808822221,False,False,False,,-1,,,False,1,0.010197577530838988,0.0030072843070748489,0.0015323813486519096,0.036566308951233951
10000,0,multi,gaussian_matched,0.050000000000000003,889,19,0.050000000000000003,7.9715838546741375,5-<10%,True,True,4,0.036566308951233951,0.49234740185433545,0.14084527431762622,0.091167023227830504,1.0286515438165025,0.94055391145221223,0.94919878470412256,1.0091912575628574,0.95671335824479642,1.0113879808822221,True,True,False,2>4>3>1,11,0,0,True,1,0.010197577530838988,0.0030072843070748489,0.0015323813486519096,0.036566308951233951
10000,0,multi,gaussian_matched,0.050000000000000003,889,20,0.02,7.9715838546741375,5-<10%,True,False,3,0.05940710456027129,0.41588592967635157,0.029699956816137692,0.086529004268385917,1.0286515438165025,1.0344554787926328,1.0237229372632686,0.98962493625932479,,1.0793275411928107,False,False,False,,-1,,,False,1,0.01688853645962976,0.05940710456027129,0.016241667651478768,0.0045269932059151296
10000,0,multi,gaussian_matched,0.050000000000000003,889,20,0.050000000000000003,7.9715838546741375,5-<10%,True,False,3,0.05940710456027129,0.41588592967635157,0.029699956816137692,0.086529004268385917,1.0286515438165025,1.0344554787926328,1.0237229372632686,0.98962493625932479,,1.0793275411928107,False,False,False,,-1,,,False,1,0.01688853645962976,0.05940710456027129,0.016241667651478768,0.0045269932059151296
10000,0,multi,gaussian_matched,0.050000000000000003,889,21,0.02,7.9715838546741375,5-<10%,True,True,4,0.01325732285128209,0.50502614245822242,0.082214910958434473,0.032604640713711407,1.0286515438165025,0.99978656766313456,1.0024028339759792,1.0026168248278828,0.98573564805548963,1.0061788959647175,True,True,False,2>4>3>1,11,0,0,True,1,0.0075241048246073236,0.00036728842774549463,0.0030626996830714695,0.01325732285128209
10000,0,multi,gaussian_matched,0.050000000000000003,889,21,0.050000000000000003,7.9715838546741375,5-<10%,True,True,4,0.01325732285128209,0.50502614245822242,0.082214910958434473,0.032604640713711407,1.0286515438165025,0.99978656766313456,1.0024028339759792,1.0026168248278828,0.95499093624185882,1.0061788959647175,True,True,False,2>4>3>1,11,0,0,True,1,0.0075241048246073236,0.00036728842774549463,0.0030626996830714695,0.01325732285128209
10000,0,multi,gaussian_matched,0.050000000000000003,889,22,0.02,7.9715838546741375,5-<10%,True,False,3,0.037513633071317332,0.44436798712995673,0.033155065402943586,0.058126350973992574,1.0286515438165025,1.0332906421818582,1.032105692684002,0.99885322730170667,,1.0598652675064446,False,False,False,,-1,,,False,1,0.01360625452269526,0.037513633071317332,0.012987624148093057,0.0069336137645423252
10000,0,multi,gaussian_matched,0.050000000000000003,889,22,0.050000000000000003,7.9715838546741375,5-<10%,True,True,4,0.037513633071317332,0.44436798712995673,0.033155065402943586,0.058126350973992574,1.0286515438165025,1.0332906421818582,1.032105692684002,0.99885322730170667,0.95648532905459549,1.0598652675064446,True,True,False,2>4>3>1,11,0,0,True,1,0.01360625452269526,0.037513633071317332,0.012987624148093057,0.0069336137645423252
10000,0,multi,gaussian_matched,0.050000000000000003,889,23,0.02,7.9715838546741375,5-<10%,True,False,2,0.071755114333161202,0.37214927328575542,0.088178249657661328,0.13342933361252751,1.0286515438165025,0.97768360606442062,0.93203396954938456,0.95330837478313191,,1.0357864230765947,False,False,False,,-1,,,False,1,0.014842035385280363,0.071755114333161202,0.0027284270666275809,0.029821285015573462
10000,0,multi,gaussian_matched,0.050000000000000003,889,23,0.050000000000000003,7.9715838546741375,5-<10%,True,False,3,0.071755114333161202,0.37214927328575542,0.088178249657661328,0.13342933361252751,1.0286515438165025,0.97768360606442062,0.93203396954938456,0.95330837478313191,,1.0357864230765947,False,False,False,,-1,,,False,1,0.014842035385280363,0.071755114333161202,0.0027284270666275809,0.029821285015573462
10000,0,multi,gaussian_matched,0.050000000000000003,889,24,0.02,7.9715838546741375,5-<10%,True,False,3,0.043555747673272915,0.56106307391039278,0.084672812766055983,0.070220388353355506,1.0286515438165025,1.0215246158751901,0.98118505428222069,0.96051043610103459,,1.0221201231416541,False,False,False,,-1,,,False,1,0.0030465706709152498,0.01953018151348028,0.012563411075102456,0.043555747673272915
10000,0,multi,gaussian_matched,0.050000000000000003,889,24,0.050000000000000003,7.9715838546741375,5-<10%,True,True,4,0.043555747673272915,0.56106307391039278,0.084672812766055983,0.070220388353355506,1.0286515438165025,1.0215246158751901,0.98118505428222069,0.96051043610103459,0.91235594738220649,1.0221201231416541,True,True,False,2>4>3>1,11,0,0,True,1,0.0030465706709152498,0.01953018151348028,0.012563411075102456,0.043555747673272915
10000,0,multi,gaussian_matched,0.050000000000000003,889,25,0.02,7.9715838546741375,5-<10%,True,False,3,0.028901211542109565,0.5044904664382025,-0.0019637096531700399,0.05215737157633215,1.0286515438165025,1.0797423915859499,1.0705456502388055,0.99148246709695642,,1.0914318153353326,False,False,False,,-1,,,False,1,0.0075675103915562765,0.028901211542109565,0.0056038493720232093,0.00708336007441539
10000,0,multi,gaussian_matched,0.050000000000000003,889,25,0.050000000000000003,7.9715838546741375,5-<10%,True,True,4,0.028901211542109565,0.5044904664382025,-0.0019637096531700399,0.05215737157633215,1.0286515438165025,1.0797423915859499,1.0705456502388055,0.99148246709695642,0.95027312949451836,1.0914318153353326,True,True,False,2>4>3>1,11,0,0,True,1,0.0075675103915562765,0.028901211542109565,0.0056038493720232093,0.00708336007441539
10000,0,multi,gaussian_matched,0.050000000000000003,889,26,0.02,7.9715838546741375,5-<10%,True,False,2,0.045740819441437812,0.53137249960706356,0.14326989078036911,0.098404808102943761,1.0286515438165025,0.95597074484337485,0.94479012191828304,0.98830442983176892,,1.0141383020247707,False,False,False,,-1,,,False,1,0.0050195288558534563,0.025844504205874044,0.0055655099464995148,0.045740819441437812
10000,0,multi,gaussian_matched,0.050000000000000003,889,26,0.050000000000000003,7.9715838546741375,5-<10%,True,True,4,0.045740819441437812,0.53137249960706356,0.14326989078036911,0.098404808102943761,1.0286515438165025,0.95597074484337485,0.94479012191828304,0.98830442983176892,0.9355433673729614,1.0141383020247707,True,True,False,2>4>3>1,11,0,0,True,1,0.0050195288558534563,0.025844504205874044,0.0055655099464995148,0.045740819441437812
10000,0,multi,gaussian_matched,0.050000000000000003,889,27,0.02,7.9715838546741375,5-<10%,True,True,4,0.015015180531952341,0.49949906262082022,0.089068310181783183,0.039071521581810487,1.0286515438165025,0.99145510962189787,0.99632266111733525,1.0049095026574564,0.9879606719076155,1.0065548328033678,True,True,False,2>4>3>1,11,0,0,True,1,0.0083022215780805455,0.0014995716016244711,0.0029712213844299337,0.015015180531952341
10000,0,multi,gaussian_matched,0.050000000000000003,889,27,0.050000000000000003,7.9715838546741375,5-<10%,True,True,4,0.015015180531952341,0.49949906262082022,0.089068310181783183,0.039071521581810487,1.0286515438165025,0.99145510962189787,0.99632266111733525,1.0049095026574564,0.95674748224107331,1.0065548328033678,True,True,False,2>4>3>1,11,0,0,True,1,0.0083022215780805455,0.0014995716016244711,0.0029712213844299337,0.015015180531952341
10000,0,multi,gaussian_matched,0.050000000000000003,889,28,0.02,7.9715838546741375,5-<10%,True,True,4,0.018533408698623525,0.53954081767700912,0.062214155089952067,0.041384318855429758,1.0286515438165025,1.031525218720635,1.0155995337056152,0.98456103183325772,0.967466085019973,1.0275431548368885,True,True,False,2>4>3>1,11,0,0,True,1,0.002842620183792879,0.0064324840977503595,0.0029544198112535312,0.018533408698623525
10000,0,multi,gaussian_matched,0.050000000000000003,889,28,0.050000000000000003,7.9715838546741375,5-<10%,True,True,4,0.018533408698623525,0.53954081767700912,0.062214155089952067,0.041384318855429758,1.0286515438165025,1.031525218720635,1.0155995337056152,0.98456103183325772,0.93835723799600379,1.0275431548368885,True,True,False,2>4>3>1,11,0,0,True,1,0.002842620183792879,0.0064324840977503595,0.0029544198112535312,0.018533408698623525
10000,0,multi,gaussian_matched,0.050000000000000003,889,29,0.02,7.9715838546741375,5-<10%,True,True,4,0.015746168182017944,0.47291085434883567,0.084910218358321354,0.044187613173101714,1.0286515438165025,0.98764874483400034,0.99529679968937002,1.0077436992608695,0.99228779974783765,1.0105311357486297,True,True,False,2>4>3>1,11,0,0,True,1,0.010786779866903703,0.015746168182017944,0.0050577647071866618,0.01163122911097156
10000,0,multi,gaussian_matched,0.050000000000000003,889,29,0.050000000000000003,7.9715838546741375,5-<10%,True,True,4,0.015746168182017944,0.47291085434883567,0.084910218358321354,0.044187613173101714,1.0286515438165025,0.98764874483400034,0.99529679968937002,1.0077436992608695,0.96017261608192683,1.0105311357486297,True,True,False,2>4>3>1,11,0,0,True,1,0.010786779866903703,0.015746168182017944,0.0050577647071866618,0.01163122911097156
10000,0,multi,gaussian_matched,0.050000000000000003,889,30,0.02,7.9715838546741375,5-<10%,True,True,4,0.0140577759578369,0.54516378272834387,0.017393567250120506,0.055704099732474505,1.0286515438165025,1.0748217444209285,1.0519532801897129,0.97872348196348014,0.96380600758433055,1.0768052472001912,True,True,False,2>4>3>1,11,0,0,True,1,0.0039951446512532908,0.0140577759578369,0.0039039236781968092,0.011839725282918205
10000,0,multi,gaussian_matched,0.050000000000000003,889,30,0.050000000000000003,7.9715838546741375,5-<10%,True,True,4,0.0140577759578369,0.54516378272834387,0.017393567250120506,0.055704099732474505,1.0286515438165025,1.0748217444209285,1.0519532801897129,0.97872348196348014,0.93587741045751016,1.0768052472001912,True,True,False,2>4>3>1,11,0,0,True,1,0.0039951446512532908,0.0140577759578369,0.0039039236781968092,0.011839725282918205
10000,0,multi,gaussian_matched,0.050000000000000003,889,31,0.02,7.9715838546741375,5-<10%,True,False,0,0.21752214454583585,0.39468418749154432,-0.071869940372717864,0.16107048994389381,1.0286515438165025,1.1359203384425474,1.0169373954983976,0.89525414862516983,,1.145196245048782,False,False,False,,-1,,,False,1,0.14077746688811979,0.21752214454583585,0.03527074092687614,0.058893910472041677
10000,0,multi,gaussian_matched,0.050000000000000003,889,31,0.050000000000000003,7.9715838546741375,5-<10%,True,False,1,0.21752214454583585,0.39468418749154432,-0.071869940372717864,0.16107048994389381,1.0286515438165025,1.1359203384425474,1.0169373954983976,0.89525414862516983,,1.145196245048782,False,False,False,,-1,,,False,1,0.14077746688811979,0.21752214454583585,0.03527074092687614,0.058893910472041677
10000,0,multi,gaussian_matched,0.050000000000000003,890,0,0.02,5.2999405029874289,5-<10%,True,False,3,0.023202576072543179,0.54620185037013436,0.018357154013290321,0.055998934630606262,1.44229906200863,1.4731022545612329,1.4608346238221812,0.99167224766572259,,1.0516775600896227,False,False,False,,-1,,,False,1,0.023202576072543179,0.0038289031307684835,0.003225999898501572,0.0068482695846301287
10000,0,multi,gaussian_matched,0.050000000000000003,890,0,0.050000000000000003,5.2999405029874289,5-<10%,True,True,4,0.023202576072543179,0.54620185037013436,0.018357154013290321,0.055998934630606262,1.44229906200863,1.4731022545612329,1.4608346238221812,0.99167224766572259,0.95638290351909483,1.0516775600896227,True,True,False,4>1>3>2,19,0,0,True,1,0.023202576072543179,0.0038289031307684835,0.003225999898501572,0.0068482695846301287
10000,0,multi,gaussian_matched,0.050000000000000003,890,1,0.02,5.2999405029874289,5-<10%,True,False,3,0.053800130799904422,0.41169335115863159,0.0037238552570717717,0.099697270784416148,1.44229906200863,1.5039473807979646,1.4489847600313088,0.96345442568775663,,1.0737592997245244,False,False,False,,-1,,,False,1,0.0074974014229985441,0.0095219670083025905,0.0036007001903814138,0.053800130799904422
10000,0,multi,gaussian_matched,0.050000000000000003,890,1,0.050000000000000003,5.2999405029874289,5-<10%,True,False,3,0.053800130799904422,0.41169335115863159,0.0037238552570717717,0.099697270784416148,1.44229906200863,1.5039473807979646,1.4489847600313088,0.96345442568775663,,1.0737592997245244,False,False,False,,-1,,,False,1,0.0074974014229985441,0.0095219670083025905,0.0036007001903814138,0.053800130799904422
10000,0,multi,gaussian_matched,0.050000000000000003,890,2,0.02,5.2999405029874289,5-<10%,True,False,3,0.042453422515177537,0.4674512563580418,-0.029865483429229234,0.086243354271818562,1.44229906200863,1.5252846462338019,1.4858758576407602,0.97416299397601036,,1.0900091758523047,False,False,False,,-1,,,False,1,0.0043595069840542304,0.0042543222027260942,0.0050284204672188474,0.042453422515177537
10000,0,multi,gaussian_matched,0.050000000000000003,890,2,0.050000000000000003,5.2999405029874289,5-<10%,True,True,4,0.042453422515177537,0.4674512563580418,-0.029865483429229234,0.086243354271818562,1.44229906200863,1.5252846462338019,1.4858758576407602,0.97416299397601036,0.94340971790479211,1.0900091758523047,True,True,False,4>1>3>2,19,0,0,True,1,0.0043595069840542304,0.0042543222027260942,0.0050284204672188474,0.042453422515177537
10000,0,multi,gaussian_matched,0.050000000000000003,890,3,0.02,5.2999405029874289,5-<10%,True,True,4,0.019168451021898941,0.46589837975521653,0.043826719649625118,0.034655878196977644,1.44229906200863,1.4526988466125037,1.4351410657296455,0.98791368154259873,0.97580716294703995,1.0190653122104218,True,True,False,4>1>3>2,19,0,0,True,1,0.011823436148258631,0.0031037039902064734,0.0093593503477929045,0.019168451021898941
10000,0,multi,gaussian_matched,0.050000000000000003,890,3,0.050000000000000003,5.2999405029874289,5-<10%,True,True,4,0.019168451021898941,0.46589837975521653,0.043826719649625118,0.034655878196977644,1.44229906200863,1.4526988466125037,1.4351410657296455,0.98791368154259873,0.95513384879107222,1.0190653122104218,True,True,False,4>1>3>2,19,0,0,True,1,0.011823436148258631,0.0031037039902064734,0.0093593503477929045,0.019168451021898941
10000,0,multi,gaussian_matched,0.050000000000000003,890,4,0.02,5.2999405029874289,5-<10%,True,False,3,0.044258781066980481,0.43872143873339109,-0.0083283496504977031,0.084600581817480772,1.44229906200863,1.5090730855407519,1.4647696155257086,0.97064193216383032,,1.0742364313718999,False,False,False,,-1,,,False,1,0.0065701657197105587,0.0053765065715460783,0.00070603060516577552,0.044258781066980481
10000,0,multi,gaussian_matched,0.050000000000000003,890,4,0.050000000000000003,5.2999405029874289,5-<10%,True,True,4,0.044258781066980481,0.43872143873339109,-0.0083283496504977031,0.084600581817480772,1.44229906200863,1.5090730855407519,1.4647696155257086,0.97064193216383032,0.94104756046839488,1.0742364313718999,True,True,False,4>1>3>2,19,0,0,True,1,0.0065701657197105587,0.0053765065715460783,0.00070603060516577552,0.044258781066980481
10000,0,multi,gaussian_matched,0.050000000000000003,890,5,0.02,5.2999405029874289,5-<10%,True,False,3,0.030071581808568906,0.49972413184094594,0.097548983598728267,0.047549783853486752,1.44229906200863,1.394953958233188,1.4146905107479362,1.0141485332890456,,1.0138260039946374,False,False,False,,-1,,,False,1,0.030071581808568906,0.0063331367226170214,0.0080605509283615435,0.0024994412485867153
10000,0,multi,gaussian_matched,0.050000000000000003,890,5,0.050000000000000003,5.2999405029874289,5-<10%,True,True,4,0.030071581808568906,0.49972413184094594,0.097548983598728267,0.047549783853486752,1.44229906200863,1.394953958233188,1.4146905107479362,1.0141485332890456,0.98030532404986803,1.0138260039946374,True,True,False,4>1>3>2,19,0,0,True,1,0.030071581808568906,0.0063331367226170214,0.0080605509283615435,0.0024994412485867153
10000,0,multi,gaussian_matched,0.050000000000000003,890,6,0.02,5.2999405029874289,5-<10%,True,False,3,0.049777219582005761,0.46020131432621803,-0.042953752364004574,0.10111545608812327,1.44229906200863,1.5392811538235442,1.4947230591871836,0.9710526601812286,,1.1064546579215333,False,False,False,,-1,,,False,1,0.0082134416487674635,0.0057027965119092741,0.0069624361564272416,0.049777219582005761
10000,0,multi,gaussian_matched,0.050000000000000003,890,6,0.050000000000000003,5.2999405029874289,5-<10%,True,True,4,0.049777219582005761,0.46020131432621803,-0.042953752364004574,0.10111545608812327,1.44229906200863,1.5392811538235442,1.4947230591871836,0.9710526601812286,0.94158329819851427,1.1064546579215333,True,True,False,4>1>3>2,19,0,0,True,1,0.0082134416487674635,0.0057027965119092741,0.0069624361564272416,0.049777219582005761
10000,0,multi,gaussian_matched,0.050000000000000003,890,7,0.02,5.2999405029874289,5-<10%,True,False,3,0.022173822693406019,0.4900839018703369,0.070481981448530046,0.022756110523879883,1.44229906200863,1.4228763360428869,1.4247915770704598,1.0013460347741108,,1.0036390688477603,False,False,False,,-1,,,False,1,0.022173822693406019,0.0038471342779297013,0.0071536785669116983,0.0057041271975094582
10000,0,multi,gaussian_matched,0.050000000000000003,890,7,0.050000000000000003,5.2999405029874289,5-<10%,True,True,4,0.022173822693406019,0.4900839018703369,0.070481981448530046,0.022756110523879883,1.44229906200863,1.4228763360428869,1.4247915770704598,1.0013460347741108,0.96741918671097304,1.0036390688477603,True,True,False,4>1>3>2,19,0,0,True,1,0.022173822693406019,0.0038471342779297013,0.0071536785669116983,0.0057041271975094582
10000,0,multi,gaussian_matched,0.050000000000000003,890,8,0.02,5.2999405029874289,5-<10%,True,True,4,0.018443991137937717,0.48449997840703546,0.058437286065617343,0.017647619259702641,1.44229906200863,1.4355028389268067,1.4299505035085169,0.99613213205315509,0.98332792317381357,1.0036740374442246,True,True,False,4>1>3>2,19,0,0,True,1,0.018443991137937717,0.0029963411346619886,0.0073118735009733409,0.0084172291913413091
10000,0,multi,gaussian_matched,0.050000000000000003,890,8,0.050000000000000003,5.2999405029874289,5-<10%,True,True,4,0.018443991137937717,0.48449997840703546,0.058437286065617343,0.017647619259702641,1.44229906200863,1.4355028389268067,1.4299505035085169,0.99613213205315509,0.96238723188510833,1.0036740374442246,True,True,False,4>1>3>2,19,0,0,True,1,0.018443991137937717,0.0029963411346619886,0.0073118735009733409,0.0084172291913413091
10000,0,multi,gaussian_matched,0.050000000000000003,890,9,0.02,5.2999405029874289,5-<10%,True,False,3,0.031596918331188793,0.54495802397682458,0.06313911762422296,0.046838662788810485,1.44229906200863,1.4283082558863716,1.4335499730296863,1.0036698780684858,,1.0264089291972645,False,False,False,,-1,,,False,1,0.031596918331188793,0.00068177919850698915,0.00077131273708383984,0.016513581148674489
10000,0,multi,gaussian_matched,0.050000000000000003,890,9,0.050000000000000003,5.2999405029874289,5-<10%,True,True,4,0.031596918331188793,0.54495802397682458,0.06313911762422296,0.046838662788810485,1.44229906200863,1.4283082558863716,1.4335499730296863,1.0036698780684858,0.96770059094751903,1.0264089291972645,True,True,False,4>1>3>2,19,0,0,True,1,0.031596918331188793,0.00068177919850698915,0.00077131273708383984,0.016513581148674489
10000,0,multi,gaussian_matched,0.050000000000000003,890,10,0.02,5.2999405029874289,5-<10%,True,False,3,0.057701620974438782,0.49809760601465947,0.14108233901646455,0.091102204054488392,1.44229906200863,1.351822677822474,1.3848986600421451,1.0244676929617353,,1.0233667225998666,False,False,False,,-1,,,False,1,0.057701620974438782,0.012456209607058717,0.0060663435109465586,0.0049322594956138213
10000,0,multi,gaussian_matched,0.050000000000000003,890,10,0.050000000000000003,5.2999405029874289,5-<10%,True,False,3,0.057701620974438782,0.49809760601465947,0.14108233901646455,0.091102204054488392,1.44229906200863,1.351822677822474,1.3848986600421451,1.0244676929617353,,1.0233667225998666,False,False,False,,-1,,,False,1,0.057701620974438782,0.012456209607058717,0.0060663435109465586,0.0049322594956138213
10000,0,multi,gaussian_matched,0.050000000000000003,890,11,0.02,5.2999405029874289,5-<10%,True,False,3,0.026496224676510027,0.47461368537782073,0.0042651892342209369,0.052308105355459912,1.44229906200863,1.4904981168633538,1.4620081102815998,0.98088558029062856,,1.0499321919603375,False,False,False,,-1,,,False,1,0.0036302854573398769,0.0020163580064483538,0.0014044106816932978,0.026496224676510027
10000,0,multi,gaussian_matched,0.050000000000000003,890,11,0.050000000000000003,5.2999405029874289,5-<10%,True,True,4,0.026496224676510027,0.47461368537782073,0.0042651892342209369,0.052308105355459912,1.44229906200863,1.4904981168633538,1.4620081102815998,0.98088558029062856,0.94842539342819299,1.0499321919603375,True,True,False,4>1>3>2,19,0,0,True,1,0.0036302854573398769,0.0020163580064483538,0.0014044106816932978,0.026496224676510027
10000,0,multi,gaussian_matched,0.050000000000000003,890,12,0.02,5.2999405029874289,5-<10%,True,False,3,0.025051277919334407,0.48402528673339229,0.086456091689609743,0.039802488430141711,1.44229906200863,1.4077888363409503,1.4170364576658929,1.0065688980379888,,1.0100810466222974,False,False,False,,-1,,,False,1,0.025051277919334407,0.0058545221457678214,0.0091215367758068835,0.0098721978121824976
10000,0,multi,gaussian_matched,0.050000000000000003,890,12,0.050000000000000003,5.2999405029874289,5-<10%,True,True,4,0.025051277919334407,0.48402528673339229,0.086456091689609743,0.039802488430141711,1.44229906200863,1.4077888363409503,1.4170364576658929,1.0065688980379888,0.97323382028301053,1.0100810466222974,True,True,False,4>1>3>2,19,0,0,True,1,0.025051277919334407,0.0058545221457678214,0.0091215367758068835,0.0098721978121824976
10000,0,multi,gaussian_matched,0.050000000000000003,890,13,0.02,5.2999405029874289,5-<10%,True,True,4,0.019994034971075936,0.49148371931795087,0.060255463237499522,0.013330474967950213,1.44229906200863,1.43288610697061,1.4299766629097728,0.99796952175983589,0.98489191187582614,1.0006989367847809,True,True,False,4>1>3>2,19,0,0,True,1,0.019994034971075936,0.0027682581888002233,0.0064786017457534196,0.0047995482636350902
10000,0,multi,gaussian_matched,0.050000000000000003,890,13,0.050000000000000003,5.2999405029874289,5-<10%,True,True,4,0.019994034971075936,0.49148371931795087,0.060255463237499522,0.013330474967950213,1.44229906200863,1.43288610697061,1.4299766629097728,0.99796952175983589,0.96391669926426427,1.0006989367847809,True,True,False,4>1>3>2,19,0,0,True,1,0.019994034971075936,0.0027682581888002233,0.0064786017457534196,0.0047995482636350902
10000,0,multi,gaussian_matched,0.050000000000000003,890,14,0.02,5.2999405029874289,5-<10%,True,False,3,0.030339129625515229,0.49938113925017502,0.098742951821929145,0.048746880320104373,1.44229906200863,1.3937976438715645,1.4141859713306308,1.0146278963440012,,1.0143061797553756,False,False,False,,-1,,,False,1,0.030339129625515229,0.0064904440833372769,0.0082167477645670658,0.0027471356439833093
10000,0,multi,gaussian_matched,0.050000000000000003,890,14,0.050000000000000003,5.2999405029874289,5-<10%,True,True,4,0.030339129625515229,0.49938113925017502,0.098742951821929145,0.048746880320104373,1.44229906200863,1.3937976438715645,1.4141859713306308,1.0146278963440012,0.98083661144315071,1.0143061797553756,True,True,False,4>1>3>2,19,0,0,True,1,0.030339129625515229,0.0064904440833372769,0.0082167477645670658,0.0027471356439833093
10000,0,multi,gaussian_matched,0.050000000000000003,890,15,0.02,5.2999405029874289,5-<10%,True,False,3,0.021229788111372591,0.48361241666383792,0.070532842810418495,0.026270716044238529,1.44229906200863,1.4236224164489113,1.4238720698975289,1.0001753649322553,,1.0054383478016091,False,False,False,,-1,,,False,1,0.021229788111372591,0.0042029183837341043,0.0079883508301804868,0.0090595754621016593
10000,0,multi,gaussian_matched,0.050000000000000003,890,15,0.050000000000000003,5.2999405029874289,5-<10%,True,True,4,0.021229788111372591,0.48361241666383792,0.070532842810418495,0.026270716044238529,1.44229906200863,1.4236224164489113,1.4238720698975289,1.0001753649322553,0.96655359157472165,1.0054383478016091,True,True,False,4>1>3>2,19,0,0,True,1,0.021229788111372591,0.0042029183837341043,0.0079883508301804868,0.0090595754621016593
10000,0,multi,gaussian_matched,0.050000000000000003,890,16,0.02,5.2999405029874289,5-<10%,True,False,3,0.025552058901784712,0.45244433442068754,0.065048915264272616,0.049879967715733949,1.44229906200863,1.4344557163504525,1.4213808648710557,0.99088514805276673,,1.0200802810880469,False,False,False,,-1,,,False,1,0.015620086501903741,0.0057499486386835934,0.01168983283413811,0.025552058901784712
10000,0,multi,gaussian_matched,0.050000000000000003,890,16,0.050000000000000003,5.2999405029874289,5-<10%,True,True,4,0.025552058901784712,0.45244433442068754,0.065048915264272616,0.049879967715733949,1.44229906200863,1.4344557163504525,1.4213808648710557,0.99088514805276673,0.95896791137262771,1.0200802810880469,True,True,False,4>1>3>2,19,0,0,True,1,0.015620086501903741,0.0057499486386835934,0.01168983283413811,0.025552058901784712
10000,0,multi,gaussian_matched,0.050000000000000003,890,17,0.02,5.2999405029874289,5-<10%,True,False,3,0.045260722005193273,0.41974350561743062,0.08461822689788473,0.087404385039497989,1.44229906200863,1.4242753591768238,1.403844812437075,0.98565547974405954,,1.0339389636708023,False,False,False,,-1,,,False,1,0.017504074723706863,0.011207497117479575,0.016859764562888589,0.045260722005193273
10000,0,multi,gaussian_matched,0.050000000000000003,890,17,0.050000000000000003,5.2999405029874289,5-<10%,True,True,4,0.045260722005193273,0.41974350561743062,0.08461822689788473,0.087404385039497989,1.44229906200863,1.4242753591768238,1.403844812437075,0.98565547974405954,0.9576415416241234,1.0339389636708023,True,True,False,4>1>3>2,19,0,0,True,1,0.017504074723706863,0.011207497117479575,0.016859764562888589,0.045260722005193273
10000,0,multi,gaussian_matched,0.050000000000000003,890,18,0.02,5.2999405029874289,5-<10%,True,False,3,0.033713915597133416,0.52370765827809629,-0.034276022123798947,0.087547135681540364,1.44229906200863,1.5254204728615681,1.4952473867143761,0.98021982352800752,,1.0974107687428043,False,False,False,,-1,,,False,1,0.010775246177808671,0.0067879258071668535,0.011478651275448856,0.033713915597133416
10000,0,multi,gaussian_matched,0.050000000000000003,890,18,0.050000000000000003,5.2999405029874289,5-<10%,True,True,4,0.033713915597133416,0.52370765827809629,-0.034276022123798947,0.087547135681540364,1.44229906200863,1.5254204728615681,1.4952473867143761,0.98021982352800752,0.94719804921149753,1.0974107687428043,True,True,False,4>1>3>2,19,0,0,True,1,0.010775246177808671,0.0067879258071668535,0.011478651275448856,0.033713915597133416
10000,0,multi,gaussian_matched,0.050000000000000003,890,19,0.02,5.2999405029874289,5-<10%,True,False,3,0.042402379850863453,0.50832536613764379,0.12301950808787267,0.073492586583414843,1.44229906200863,1.3688557864161379,1.403264687909022,1.0251369807063253,,1.0238911702790809,False,False,False,,-1,,,False,1,0.042402379850863453,0.0092206894872073775,0.0078113590668709675,0.00092362002718345785
10000,0,multi,gaussian_matched,0.050000000000000003,890,19,0.050000000000000003,5.2999405029874289,5-<10%,True,True,4,0.042402379850863453,0.50832536613764379,0.12301950808787267,0.073492586583414843,1.44229906200863,1.3688557864161379,1.403264687909022,1.0251369807063253,0.9913586326437609,1.0238911702790809,True,True,False,4>1>3>2,19,0,0,True,1,0.042402379850863453,0.0092206894872073775,0.0078113590668709675,0.00092362002718345785
10000,0,multi,gaussian_matched,0.050000000000000003,890,20,0.02,5.2999405029874289,5-<10%,True,False,2,0.038555165291648666,0.45548610253169286,0.13112359535231316,0.092533911571406113,1.44229906200863,1.3694938226482112,1.3911017936667149,1.0157780711830595,,1.028660244132672,False,False,False,,-1,,,False,1,0.038555165291648666,0.012752853907919979,0.015171608147784361,0.027883155061340949
10000,0,multi,gaussian_matched,0.050000000000000003,890,20,0.050000000000000003,5.2999405029874289,5-<10%,True,True,4,0.038555165291648666,0.45548610253169286,0.13112359535231316,0.092533911571406113,1.44229906200863,1.3694938226482112,1.3911017936667149,1.0157780711830595,0.9859414261632421,1.028660244132672,True,True,False,4>1>3>2,19,0,0,True,1,0.038555165291648666,0.012752853907919979,0.015171608147784361,0.027883155061340949
10000,0,multi,gaussian_matched,0.050000000000000003,890,21,0.02,5.2999405029874289,5-<10%,True,False,2,0.036647518102697771,0.44027963408533366,0.12993557719048721,0.099780852901536071,1.44229906200863,1.3748365133816798,1.3876398205095875,1.0093126033555913,,1.0312845044353385,False,False,False,,-1,,,False,1,0.03640108455439333,0.013737888608961642,0.016760792441645835,0.036647518102697771
10000,0,multi,gaussian_matched,0.050000000000000003,890,21,0.050000000000000003,5.2999405029874289,5-<10%,True,True,4,0.036647518102697771,0.44027963408533366,0.12993557719048721,0.099780852901536071,1.44229906200863,1.3748365133816798,1.3876398205095875,1.0093126033555913,0.98094698487620813,1.0312845044353385,True,True,False,4>1>3>2,19,0,0,True,1,0.03640108455439333,0.013737888608961642,0.016760792441645835,0.036647518102697771
10000,0,multi,gaussian_matched,0.050000000000000003,890,22,0.02,5.2999405029874289,5-<10%,True,False,3,0.063570085909791171,0.38984198253414337,0.022455755072310148,0.11354943522820596,1.44229906200863,1.4927916557233849,1.4249465663277161,0.95455153494759315,,1.0666969438455591,False,False,False,,-1,,,False,1,0.0038370769690189558,0.017276237150967856,0.0068358947500569128,0.063570085909791171
10000,0,multi,gaussian_matched,0.050000000000000003,890,22,0.050000000000000003,5.2999405029874289,5-<10%,True,False,3,0.063570085909791171,0.38984198253414337,0.022455755072310148,0.11354943522820596,1.44229906200863,1.4927916557233849,1.4249465663277161,0.95455153494759315,,1.0666969438455591,False,False,False,,-1,,,False,1,0.0038370769690189558,0.017276237150967856,0.0068358947500569128,0.063570085909791171
10000,0,multi,gaussian_matched,0.050000000000000003,890,23,0.02,5.2999405029874289,5-<10%,True,False,0,0.27664015091928779,0.58140110678830514,0.084143595852010339,0.088271882975647892,1.44229906200863,1.4110184413247875,1.4285327304533957,1.0124125161058593,,1.0516574914197425,False,False,False,,-1,,,False,1,0.27664015091928779,0.02074366821741298,0.086058010265581991,0.04306220071222365
10000,0,multi,gaussian_matched,0.050000000000000003,890,23,0.050000000000000003,5.2999405029874289,5-<10%,True,False,2,0.27664015091928779,0.58140110678830514,0.084143595852010339,0.088271882975647892,1.44229906200863,1.4110184413247875,1.4285327304533957,1.0124125161058593,,1.0516574914197425,False,False,False,,-1,,,False,1,0.27664015091928779,0.02074366821741298,0.086058010265581991,0.04306220071222365
10000,0,multi,gaussian_matched,0.050000000000000003,890,24,0.02,5.2999405029874289,5-<10%,True,False,3,0.025947433260428889,0.53074502413872826,0.054104433417414,0.031017783334225679,1.44229906200863,1.4370048581477071,1.4376563898284964,1.0004533956006447,,1.018286853156072,False,False,False,,-1,,,False,1,0.025947433260428889,0.00037549973236565429,0.0011466271613326793,0.0095596238744620476
10000,0,multi,gaussian_matched,0.050000000000000003,890,24,0.050000000000000003,5.2999405029874289,5-<10%,True,True,4,0.025947433260428889,0.53074502413872826,0.054104433417414,0.031017783334225679,1.44229906200863,1.4370048581477071,1.4376563898284964,1.0004533956006447,0.96498359549684276,1.018286853156072,True,True,False,4>1>3>2,19,0,0,True,1,0.025947433260428889,0.00037549973236565429,0.0011466271613326793,0.0095596238744620476
10000,0,multi,gaussian_matched,0.050000000000000003,890,25,0.02,5.2999405029874289,5-<10%,True,False,3,0.026990467876239866,0.4847035481511931,0.093918565092646927,0.046506147969488217,1.44229906200863,1.4003041263203193,1.4141690373185294,1.0099013569535382,,1.0127408550441652,False,False,False,,-1,,,False,1,0.026990467876239866,0.0066634519334172288,0.009720588801334527,0.010037059383103293
10000,0,multi,gaussian_matched,0.050000000000000003,890,25,0.050000000000000003,5.2999405029874289,5-<10%,True,True,4,0.026990467876239866,0.4847035481511931,0.093918565092646927,0.046506147969488217,1.44229906200863,1.4003041263203193,1.4141690373185294,1.0099013569535382,0.97675264385936622,1.0127408550441652,True,True,False,4>1>3>2,19,0,0,True,1,0.026990467876239866,0.0066634519334172288,0.009720588801334527,0.010037059383103293
10000,0,multi,gaussian_matched,0.050000000000000003,890,26,0.02,5.2999405029874289,5-<10%,True,False,3,0.053908962847191669,0.4059185618789799,0.088687794824348215,0.10172542684742196,1.44229906200863,1.4250782898399117,1.3964190044820106,0.97988932568671683,,1.0387196877484126,False,False,False,,-1,,,False,1,0.017569426767749873,0.0140198997186902,0.017542721483792843,0.053908962847191669
10000,0,multi,gaussian_matched,0.050000000000000003,890,26,0.050000000000000003,5.2999405029874289,5-<10%,True,False,3,0.053908962847191669,0.4059185618789799,0.088687794824348215,0.10172542684742196,1.44229906200863,1.4250782898399117,1.3964190044820106,0.97988932568671683,,1.0387196877484126,False,False,False,,-1,,,False,1,0.017569426767749873,0.0140198997186902,0.017542721483792843,0.053908962847191669
10000,0,multi,gaussian_matched,0.050000000000000003,890,27,0.02,5.2999405029874289,5-<10%,True,True,4,0.0199358940392548,0.50829461757224759,0.047311700921759368,0.0087193825815769718,1.44229906200863,1.4444072080451673,1.4390953518367453,0.99632246628316745,0.98241909752725787,1.0038242224202869,True,True,False,4>1>3>2,19,0,0,True,1,0.0199358940392548,0.00070216743572901815,0.0039617864825442226,0.00081773636043028805
10000,0,multi,gaussian_matched,0.050000000000000003,890,27,0.050000000000000003,5.2999405029874289,5-<10%,True,True,4,0.0199358940392548,0.50829461757224759,0.047311700921759368,0.0087193825815769718,1.44229906200863,1.4444072080451673,1.4390953518367453,0.99632246628316745,0.96164834994305559,1.0038242224202869,True,True,False,4>1>3>2,19,0,0,True,1,0.0199358940392548,0.00070216743572901815,0.0039617864825442226,0.00081773636043028805
10000,0,multi,gaussian_matched,0.050000000000000003,890,28,0.02,5.2999405029874289,5-<10%,True,True,4,0.018040439127363549,0.50716362348079136,0.0052350222617891934,0.045334542385217197,1.44229906200863,1.4864811411575625,1.4656745441287522,0.98600278439280598,0.97247460767155969,1.0476392353813568,True,True,False,4>1>3>2,19,0,0,True,1,0.011164671763017551,0.0028185701911286908,0.00097905508278641547,0.018040439127363549
10000,0,multi,gaussian_matched,0.050000000000000003,890,28,0.050000000000000003,5.2999405029874289,5-<10%,True,True,4,0.018040439127363549,0.50716362348079136,0.0052350222617891934,0.045334542385217197,1.44229906200863,1.4864811411575625,1.4656745441287522,0.98600278439280598,0.95215014212496041,1.0476392353813568,True,True,False,4>1>3>2,19,0,0,True,1,0.011164671763017551,0.0028185701911286908,0.00097905508278641547,0.018040439127363549
10000,0,multi,gaussian_matched,0.050000000000000003,890,29,0.02,5.2999405029874289,5-<10%,True,True,4,0.017645386333871967,0.48426623936582225,0.019008808196235988,0.034756369101378977,1.44229906200863,1.4746771757354626,1.4534136096670356,0.98558086717669424,0.97265334697357819,1.0318040259250409,True,True,False,4>1>3>2,19,0,0,True,1,0.0088525020203522962,0.0011008023972350039,0.003936044842821786,0.017645386333871967
10000,0,multi,gaussian_matched,0.050000000000000003,890,29,0.050000000000000003,5.2999405029874289,5-<10%,True,True,4,0.017645386333871967,0.48426623936582225,0.019008808196235988,0.034756369101378977,1.44229906200863,1.4746771757354626,1.4534136096670356,0.98558086717669424,0.95228979218655019,1.0318040259250409,True,True,False,4>1>3>2,19,0,0,True,1,0.0088525020203522962,0.0011008023972350039,0.003936044842821786,0.017645386333871967
10000,0,multi,gaussian_matched,0.050000000000000003,890,30,0.02,5.2999405029874289,5-<10%,True,False,1,0.031236136005682098,0.58160153518525415,-0.036208416488726108,0.11870426116228489,1.44229906200863,1.5303186556100574,1.4971918803037023,0.9783530213234255,,1.120361361960255,False,False,False,,-1,,,False,1,0.031236136005682098,0.011049596857637166,0.020828541284660124,0.029625892422124128
10000,0,multi,gaussian_matched,0.050000000000000003,890,30,0.050000000000000003,5.2999405029874289,5-<10%,True,True,4,0.031236136005682098,0.58160153518525415,-0.036208416488726108,0.11870426116228489,1.44229906200863,1.5303186556100574,1.4971918803037023,0.9783530213234255,0.94444789656581984,1.120361361960255,True,True,False,4>1>3>2,19,0,0,True,1,0.031236136005682098,0.011049596857637166,0.020828541284660124,0.029625892422124128
10000,0,multi,gaussian_matched,0.050000000000000003,890,31,0.02,5.2999405029874289,5-<10%,True,False,3,0.029064062724215706,0.4473632780295399,0.078232553194428817,0.059730239909712143,1.44229906200863,1.4227641028450813,1.4141586832324937,0.99395161882747851,,1.021902434776309,False,False,False,,-1,,,False,1,0.018473471983789475,0.0074257109546126999,0.013106809196138967,0.029064062724215706
10000,0,multi,gaussian_matched,0.050000000000000003,890,31,0.050000000000000003,5.2999405029874289,5-<10%,True,True,4,0.029064062724215706,0.4473632780295399,0.078232553194428817,0.059730239909712143,1.44229906200863,1.4227641028450813,1.4141586832324937,0.99395161882747851,0.96273028591822818,1.021902434776309,True,True,False,4>1>3>2,19,0,0,True,1,0.018473471983789475,0.0074257109546126999,0.013106809196138967,0.029064062724215706
10000,0,multi,gaussian_matched,0.050000000000000003,891,0,0.02,20.101042567569785,>=10%,True,True,4,0.017793714907739285,0.53640376978699766,0.046928038471937758,0.036533154836868642,1.4547284461845376,1.4292593663260458,1.4529703464782049,1.0165896972311672,1.0048322916910895,1.0239048430115902,True,True,False,1>2>4>3,1,0,0,True,1,0.017793714907739285,0.00044583549043266958,0.0032068788032765336,0.0067737140462101782
10000,0,multi,gaussian_matched,0.050000000000000003,891,0,0.050000000000000003,20.101042567569785,>=10%,True,True,4,0.017793714907739285,0.53640376978699766,0.046928038471937758,0.036533154836868642,1.4547284461845376,1.4292593663260458,1.4529703464782049,1.0165896972311672,0.9838383670159333,1.0239048430115902,True,True,False,1>2>4>3,1,0,0,True,1,0.017793714907739285,0.00044583549043266958,0.0032068788032765336,0.0067737140462101782
10000,0,multi,gaussian_matched,0.050000000000000003,891,1,0.02,20.101042567569785,>=10%,True,False,2,0.057095156845952413,0.58067765258891724,0.0086669356805922915,0.090649356496835212,1.4547284461845376,1.4298152580683392,1.4761513856574995,1.03240707310101,,1.0770400113256466,False,False,False,,-1,,,False,1,0.057095156845952413,0.023256397512013863,0.01054815206195822,0.0039472090848566722
10000,0,multi,gaussian_matched,0.050000000000000003,891,1,0.050000000000000003,20.101042567569785,>=10%,True,False,3,0.057095156845952413,0.58067765258891724,0.0086669356805922915,0.090649356496835212,1.4547284461845376,1.4298152580683392,1.4761513856574995,1.03240707310101,,1.0770400113256466,False,False,False,,-1,,,False,1,0.057095156845952413,0.023256397512013863,0.01054815206195822,0.0039472090848566722
10000,0,multi,gaussian_matched,0.050000000000000003,891,2,0.02,20.101042567569785,>=10%,True,False,2,0.035108630813119886,0.48414651818063376,0.10078088892249315,0.053198040993588887,1.4547284461845376,1.4399054353862588,1.4221919031261012,0.98769812806810753,,1.0142029929980014,False,False,False,,-1,,,False,1,0.032004240164560382,0.011382326794278958,0.0056693321076603902,0.035108630813119886
10000,0,multi,gaussian_matched,0.050000000000000003,891,2,0.050000000000000003,20.101042567569785,>=10%,True,True,4,0.035108630813119886,0.48414651818063376,0.10078088892249315,0.053198040993588887,1.4547284461845376,1.4399054353862588,1.4221919031261012,0.98769812806810753,0.94886341278184871,1.0142029929980014,True,True,False,1>2>4>3,1,0,0,True,1,0.032004240164560382,0.011382326794278958,0.0056693321076603902,0.035108630813119886
10000,0,multi,gaussian_matched,0.050000000000000003,891,3,0.02,20.101042567569785,>=10%,True,False,3,0.040802412097034772,0.5546653125712232,0.01708678377865222,0.063808903771673781,1.4547284461845376,1.4386891561287474,1.4718231928323866,1.0230307127585481,,1.0556142630136347,False,False,False,,-1,,,False,1,0.040802412097034772,0.016236881032857864,0.0076901895813503065,0.0036589501547833157
10000,0,multi,gaussian_matched,0.050000000000000003,891,3,0.050000000000000003,20.101042567569785,>=10%,True,True,4,0.040802412097034772,0.5546653125712232,0.01708678377865222,0.063808903771673781,1.4547284461845376,1.4386891561287474,1.4718231928323866,1.0230307127585481,0.99326951591524171,1.0556142630136347,True,True,False,1>2>4>3,1,0,0,True,1,0.040802412097034772,0.016236881032857864,0.0076901895813503065,0.0036589501547833157
10000,0,multi,gaussian_matched,0.050000000000000003,891,4,0.02,20.101042567569785,>=10%,True,False,2,0.027874056754422661,0.44322046448654906,0.046444370389286872,0.056890756323429346,1.4547284461845376,1.5029283192870015,1.4599895902073547,0.97142995542194777,,1.0427240565132678,False,False,False,,-1,,,False,1,0.027874056754422661,0.020220178984317948,0.0026907317052801767,0.0028120049822019312
10000,0,multi,gaussian_matched,0.050000000000000003,891,4,0.050000000000000003,20.101042567569785,>=10%,True,True,4,0.027874056754422661,0.44322046448654906,0.046444370389286872,0.056890756323429346,1.4547284461845376,1.5029283192870015,1.4599895902073547,0.97142995542194777,0.93682258025584064,1.0427240565132678,True,True,False,1>2>4>3,1,0,0,True,1,0.027874056754422661,0.020220178984317948,0.0026907317052801767,0.0028120049822019312
10000,0,multi,gaussian_matched,0.050000000000000003,891,5,0.02,20.101042567569785,>=10%,True,False,3,0.032819138433375132,0.5411819250401243,0.090204070303005437,0.057552742931500846,1.4547284461845376,1.397549141255491,1.4220100317206046,1.0175027050878076,,1.0170714531173866,False,False,False,,-1,,,False,1,0.0020609560808520226,0.0091926274154937419,0.0061237196297475316,0.032819138433375132
10000,0,multi,gaussian_matched,0.050000000000000003,891,5,0.050000000000000003,20.101042567569785,>=10%,True,True,4,0.032819138433375132,0.5411819250401243,0.090204070303005437,0.057552742931500846,1.4547284461845376,1.397549141255491,1.4220100317206046,1.0175027050878076,0.98128474711094482,1.0170714531173866,True,True,False,1>2>4>3,1,0,0,True,1,0.0020609560808520226,0.0091926274154937419,0.0061237196297475316,0.032819138433375132
10000,0,multi,gaussian_matched,0.050000000000000003,891,6,0.02,20.101042567569785,>=10%,True,False,3,0.043600620988685009,0.56164820579042996,0.018235655661879596,0.069350377420817857,1.4547284461845376,1.4334005183978591,1.4707779013634701,1.0260760216602882,,1.0587049994270321,False,False,False,,-1,,,False,1,0.043600620988685009,0.016390827230350222,0.0080468677233423661,0.0026719658360676302
10000,0,multi,gaussian_matched,0.050000000000000003,891,6,0.050000000000000003,20.101042567569785,>=10%,True,True,4,0.043600620988685009,0.56164820579042996,0.018235655661879596,0.069350377420817857,1.4547284461845376,1.4334005183978591,1.4707779013634701,1.0260760216602882,0.99650838605684122,1.0587049994270321,True,True,False,1>2>4>3,1,0,0,True,1,0.043600620988685009,0.016390827230350222,0.0080468677233423661,0.0026719658360676302
10000,0,multi,gaussian_matched,0.050000000000000003,891,7,0.02,20.101042567569785,>=10%,True,False,3,0.026726488002591611,0.54175535996141422,0.081147550755098607,0.052092993804817141,1.4547284461845376,1.4026636214357358,1.4283146582929582,1.0182873758649038,,1.0176522332952169,False,False,False,,-1,,,False,1,0.0029272053971412053,0.010548851679179041,0.0045605323298253423,0.026726488002591611
10000,0,multi,gaussian_matched,0.050000000000000003,891,7,0.050000000000000003,20.101042567569785,>=10%,True,True,4,0.026726488002591611,0.54175535996141422,0.081147550755098607,0.052092993804817141,1.4547284461845376,1.4026636214357358,1.4283146582929582,1.0182873758649038,0.98299644345147752,1.0176522332952169,True,True,False,1>2>4>3,1,0,0,True,1,0.0029272053971412053,0.010548851679179041,0.0045605323298253423,0.026726488002591611
10000,0,multi,gaussian_matched,0.050000000000000003,891,8,0.02,20.101042567569785,>=10%,True,False,2,0.049248388120973277,0.49812258588075059,0.11974271658152089,0.069767981194424025,1.4547284461845376,1.4187682916711144,1.4087049384114256,0.99290697901921987,,1.0163222720251255,False,False,False,,-1,,,False,1,0.036088771675526592,0.0092907575785239078,0.0096195202224778186,0.049248388120973277
10000,0,multi,gaussian_matched,0.050000000000000003,891,8,0.050000000000000003,20.101042567569785,>=10%,True,True,4,0.049248388120973277,0.49812258588075059,0.11974271658152089,0.069767981194424025,1.4547284461845376,1.4187682916711144,1.4087049384114256,0.99290697901921987,0.95203050448761728,1.0163222720251255,True,True,False,1>2>4>3,1,0,0,True,1,0.036088771675526592,0.0092907575785239078,0.0096195202224778186,0.049248388120973277
10000,0,multi,gaussian_matched,0.050000000000000003,891,9,0.02,20.101042567569785,>=10%,True,False,2,0.093279421238578727,0.6439124885381613,-0.00439340594333687,0.15384877954460036,1.4547284461845376,1.4120126105487754,1.482127968334761,1.0496563254904185,,1.1245925328333284,False,False,False,,-1,,,False,1,0.093279421238578727,0.040512818186339838,0.018705239812747593,0.0010176952246262884
10000,0,multi,gaussian_matched,0.050000000000000003,891,9,0.050000000000000003,20.101042567569785,>=10%,True,False,3,0.093279421238578727,0.6439124885381613,-0.00439340594333687,0.15384877954460036,1.4547284461845376,1.4120126105487754,1.482127968334761,1.0496563254904185,,1.1245925328333284,False,False,False,,-1,,,False,1,0.093279421238578727,0.040512818186339838,0.018705239812747593,0.0010176952246262884
10000,0,multi,gaussian_matched,0.050000000000000003,891,10,0.02,20.101042567569785,>=10%,True,True,4,0.0061675760169136338,0.48329384035999967,0.043633094260448584,0.017878290147928261,1.4547284461845376,1.4718181275094482,1.4590107516299082,0.99129826189787995,0.97781704816835724,1.0152334929941198,True,True,False,1>2>4>3,1,0,0,True,1,0.0058491855281178236,0.0061675760169136338,0.0017964350928463171,0.0030434174252403001
10000,0,multi,gaussian_matched,0.050000000000000003,891,10,0.050000000000000003,20.101042567569785,>=10%,True,True,4,0.0061675760169136338,0.48329384035999967,0.043633094260448584,0.017878290147928261,1.4547284461845376,1.4718181275094482,1.4590107516299082,0.99129826189787995,0.95739077888111557,1.0152334929941198,True,True,False,1>2>4>3,1,0,0,True,1,0.0058491855281178236,0.0061675760169136338,0.0017964350928463171,0.0030434174252403001
10000,0,multi,gaussian_matched,0.050000000000000003,891,11,0.02,20.101042567569785,>=10%,True,False,2,0.029640672112143614,0.50131465106419615,-0.019077352414386087,0.069089861224364058,1.4547284461845376,1.5010011692761278,1.4952937227652181,0.99619757357440153,,1.0753784241262678,False,False,False,,-1,,,False,1,0.021573274606150588,0.029640672112143614,0.0090264421059250595,0.017688461044802851
10000,0,multi,gaussian_matched,0.050000000000000003,891,11,0.050000000000000003,20.101042567569785,>=10%,True,True,4,0.029640672112143614,0.50131465106419615,-0.019077352414386087,0.069089861224364058,1.4547284461845376,1.5010011692761278,1.4952937227652181,0.99619757357440153,0.96763531100717837,1.0753784241262678,True,True,False,1>2>4>3,1,0,0,True,1,0.021573274606150588,0.029640672112143614,0.0090264421059250595,0.017688461044802851
10000,0,multi,gaussian_matched,0.050000000000000003,891,12,0.02,20.101042567569785,>=10%,True,True,4,0.00314319332293166,0.49611340845104884,0.04300517311518947,0.008002074544569476,1.4547284461845376,1.4621362234748583,1.4584511823198985,0.99747968684737043,0.98442555095794959,1.008059793366028,True,True,False,1>2>4>3,1,0,0,True,1,0.00062933440451579483,0.0024545696290558848,0.001749865556129492,0.00314319332293166
10000,0,multi,gaussian_matched,0.050000000000000003,891,12,0.050000000000000003,20.101042567569785,>=10%,True,True,4,0.00314319332293166,0.49611340845104884,0.04300517311518947,0.008002074544569476,1.4547284461845376,1.4621362234748583,1.4584511823198985,0.99747968684737043,0.96387418100302913,1.008059793366028,True,True,False,1>2>4>3,1,0,0,True,1,0.00062933440451579483,0.0024545696290558848,0.001749865556129492,0.00314319332293166
10000,0,multi,gaussian_matched,0.050000000000000003,891,13,0.02,20.101042567569785,>=10%,True,False,2,0.03699062178248564,0.48272743310045491,-0.03415734599660257,0.085911585088922326,1.4547284461845376,1.5246923309134279,1.5041736756544819,0.98654242902458,,1.0930461041810797,False,False,False,,-1,,,False,1,0.012840732401538489,0.03699062178248564,0.0098918271439061914,0.022255212135878732
10000,0,multi,gaussian_matched,0.050000000000000003,891,13,0.050000000000000003,20.101042567569785,>=10%,True,True,4,0.03699062178248564,0.48272743310045491,-0.03415734599660257,0.085911585088922326,1.4547284461845376,1.5246923309134279,1.5041736756544819,0.98654242902458,0.95865001482707701,1.0930461041810797,True,True,False,1>2>4>3,1,0,0,True,1,0.012840732401538489,0.03699062178248564,0.0098918271439061914,0.022255212135878732
10000,0,multi,gaussian_matched,0.050000000000000003,891,14,0.02,20.101042567569785,>=10%,True,False,2,0.054420118721219442,0.55733394555782767,-0.010591389883593018,0.083417611097738389,1.4547284461845376,1.4589846822896051,1.4888098451634093,1.0204424098730078,,1.0807704079649962,False,False,False,,-1,,,False,1,0.054420118721219442,0.029542204558510921,0.010930582697874022,0.010707395683105095
10000,0,multi,gaussian_matched,0.050000000000000003,891,14,0.050000000000000003,20.101042567569785,>=10%,True,False,3,0.054420118721219442,0.55733394555782767,-0.010591389883593018,0.083417611097738389,1.4547284461845376,1.4589846822896051,1.4888098451634093,1.0204424098730078,,1.0807704079649962,False,False,False,,-1,,,False,1,0.054420118721219442,0.029542204558510921,0.010930582697874022,0.010707395683105095
10000,0,multi,gaussian_matched,0.050000000000000003,891,15,0.02,20.101042567569785,>=10%,True,True,4,0.011875286568117926,0.51884999628977835,0.058252752375692371,0.020577421653335325,1.4547284461845376,1.4348818281276867,1.4465046653813562,1.008100205205634,0.9948055672555699,1.0084920597260301,True,True,False,1>2>4>3,1,0,0,True,1,0.0040209957797044896,0.0058881870567862237,0.0011604326710670464,0.011875286568117926
10000,0,multi,gaussian_matched,0.050000000000000003,891,15,0.050000000000000003,20.101042567569785,>=10%,True,True,4,0.011875286568117926,0.51884999628977835,0.058252752375692371,0.020577421653335325,1.4547284461845376,1.4348818281276867,1.4465046653813562,1.008100205205634,0.97389650293543784,1.0084920597260301,True,True,False,1>2>4>3,1,0,0,True,1,0.0040209957797044896,0.0058881870567862237,0.0011604326710670464,0.011875286568117926
10000,0,multi,gaussian_matched,0.050000000000000003,891,16,0.02,20.101042567569785,>=10%,True,False,2,0.043005887986233282,0.41522351015654496,0.045555015476551115,0.084892939150385968,1.4547284461845376,1.5271493445379551,1.4604406976785678,0.95631819042585497,,1.0622832329168068,False,False,False,,-1,,,False,1,0.043005887986233282,0.031654339075386305,0.0035707287861594448,0.0014239738918066039
10000,0,multi,gaussian_matched,0.050000000000000003,891,16,0.050000000000000003,20.101042567569785,>=10%,True,True,4,0.043005887986233282,0.41522351015654496,0.045555015476551115,0.084892939150385968,1.4547284461845376,1.5271493445379551,1.4604406976785678,0.95631819042585497,0.92161181035712259,1.0622832329168068,True,True,False,1>2>4>3,1,0,0,True,1,0.043005887986233282,0.031654339075386305,0.0035707287861594448,0.0014239738918066039
10000,0,multi,gaussian_matched,0.050000000000000003,891,17,0.02,20.101042567569785,>=10%,True,True,4,0.016098558568967667,0.46432117231460662,0.044844024057261622,0.036049449828341205,1.4547284461845376,1.4863751066596522,1.4596799121830339,0.98204006891866569,0.96800660905185976,1.0281845838200077,True,True,False,1>2>4>3,1,0,0,True,1,0.016098558568967667,0.012630957090038529,0.0022183558340949597,0.0029072477827285907
10000,0,multi,gaussian_matched,0.050000000000000003,891,17,0.050000000000000003,20.101042567569785,>=10%,True,True,4,0.016098558568967667,0.46432117231460662,0.044844024057261622,0.036049449828341205,1.4547284461845376,1.4863751066596522,1.4596799121830339,0.98204006891866569,0.94776217599628132,1.0281845838200077,True,True,False,1>2>4>3,1,0,0,True,1,0.016098558568967667,0.012630957090038529,0.0022183558340949597,0.0029072477827285907
10000,0,multi,gaussian_matched,0.050000000000000003,891,18,0.02,20.101042567569785,>=10%,True,False,3,0.024821362717181512,0.53595223240656853,0.031918912927772658,0.040242871725678114,1.4547284461845376,1.4401372915416799,1.4631069766854683,1.0159496495776448,,1.0334230091905696,False,False,False,,-1,,,False,1,0.024821362717181512,0.0075968688601795583,0.0048207118718733297,0.00012536006203924677
10000,0,multi,gaussian_matched,0.050000000000000003,891,18,0.050000000000000003,20.101042567569785,>=10%,True,True,4,0.024821362717181512,0.53595223240656853,0.031918912927772658,0.040242871725678114,1.4547284461845376,1.4401372915416799,1.4631069766854683,1.0159496495776448,0.98433610813974137,1.0334230091905696,True,True,False,1>2>4>3,1,0,0,True,1,0.024821362717181512,0.0075968688601795583,0.0048207118718733297,0.00012536006203924677
10000,0,multi,gaussian_matched,0.050000000000000003,891,19,0.02,20.101042567569785,>=10%,True,False,3,0.027438375027246619,0.5179800322250242,0.0051628757864470715,0.048307859262799908,1.4547284461845376,1.4718953687745302,1.4807048400721849,1.0059851206033683,,1.0510639998449745,False,False,False,,-1,,,False,1,0.027438375027246619,0.019033846470606637,0.0070743795767425075,0.010590632852995899
10000,0,multi,gaussian_matched,0.050000000000000003,891,19,0.050000000000000003,20.101042567569785,>=10%,True,True,4,0.027438375027246619,0.5179800322250242,0.0051628757864470715,0.048307859262799908,1.4547284461845376,1.4718953687745302,1.4807048400721849,1.0059851206033683,0.97596360796437609,1.0510639998449745,True,True,False,1>2>4>3,1,0,0,True,1,0.027438375027246619,0.019033846470606637,0.0070743795767425075,0.010590632852995899
10000,0,multi,gaussian_matched,0.050000000000000003,891,20,0.02,20.101042567569785,>=10%,True,False,1,0.040904053973199579,0.41966875805560167,-0.0069718606842334996,0.098483000269859636,1.4547284461845376,1.5531034474221388,1.4894582096848974,0.95902060623013841,,1.0915722546841027,False,False,False,,-1,,,False,1,0.02885792575198403,0.040904053973199579,0.0072078182325121774,0.020411091422442216
10000,0,multi,gaussian_matched,0.050000000000000003,891,20,0.050000000000000003,20.101042567569785,>=10%,True,True,4,0.040904053973199579,0.41966875805560167,-0.0069718606842334996,0.098483000269859636,1.4547284461845376,1.5531034474221388,1.4894582096848974,0.95902060623013841,0.92844880079235037,1.0915722546841027,True,True,False,1>2>4>3,1,0,0,True,1,0.02885792575198403,0.040904053973199579,0.0072078182325121774,0.020411091422442216
10000,0,multi,gaussian_matched,0.050000000000000003,891,21,0.02,20.101042567569785,>=10%,True,True,4,0.016598218480198289,0.46426851874113928,0.026125354187248796,0.042973683407832676,1.4547284461845376,1.4975763909547521,1.4707909442375702,0.98211413662837899,0.96959179317194,1.0405822692308695,True,True,False,1>2>4>3,1,0,0,True,1,0.010675059678153328,0.016598218480198289,0.0039324429807521943,0.0059633027515131869
10000,0,multi,gaussian_matched,0.050000000000000003,891,21,0.050000000000000003,20.101042567569785,>=10%,True,True,4,0.016598218480198289,0.46426851874113928,0.026125354187248796,0.042973683407832676,1.4547284461845376,1.4975763909547521,1.4707909442375702,0.98211413662837899,0.9493955952289661,1.0405822692308695,True,True,False,1>2>4>3,1,0,0,True,1,0.010675059678153328,0.016598218480198289,0.0039324429807521943,0.0059633027515131869
10000,0,multi,gaussian_matched,0.050000000000000003,891,22,0.02,20.101042567569785,>=10%,True,True,4,0.0066192054685455543,0.49059415332471962,0.050236959657055769,0.0094088310409930851,1.4547284461845376,1.4620077456792255,1.4542313165195229,0.9946809931871532,0.9809036679392199,1.0061260240008036,True,True,False,1>2>4>3,1,0,0,True,1,0.0052128576480643743,0.0028239768356578504,0.00091148980926675715,0.0066192054685455543
10000,0,multi,gaussian_matched,0.050000000000000003,891,22,0.050000000000000003,20.101042567569785,>=10%,True,True,4,0.0066192054685455543,0.49059415332471962,0.050236959657055769,0.0094088310409930851,1.4547284461845376,1.4620077456792255,1.4542313165195229,0.9946809931871532,0.9603688827994461,1.0061260240008036,True,True,False,1>2>4>3,1,0,0,True,1,0.0052128576480643743,0.0028239768356578504,0.00091148980926675715,0.0066192054685455543
10000,0,multi,gaussian_matched,0.050000000000000003,891,23,0.02,20.101042567569785,>=10%,True,False,2,0.057750057774747426,0.48827783205292774,0.13336354583890217,0.084183668227359343,1.4547284461845376,1.4220653628262296,1.4028632734410458,0.98649704163596152,,1.0222161707008841,False,False,False,,-1,,,False,1,0.046900437980244923,0.014193058212453719,0.011290058722273238,0.057750057774747426
10000,0,multi,gaussian_matched,0.050000000000000003,891,23,0.050000000000000003,20.101042567569785,>=10%,True,False,3,0.057750057774747426,0.48827783205292774,0.13336354583890217,0.084183668227359343,1.4547284461845376,1.4220653628262296,1.4028632734410458,0.98649704163596152,,1.0222161707008841,False,False,False,,-1,,,False,1,0.046900437980244923,0.014193058212453719,0.011290058722273238,0.057750057774747426
10000,0,multi,gaussian_matched,0.050000000000000003,891,24,0.02,20.101042567569785,>=10%,True,False,2,0.063650547522421053,0.47776846837124698,0.14353839925411893,0.096144022869771792,1.4547284461845376,1.4281433330089355,1.3995949963117555,0.98001017402291701,,1.028191222289323,False,False,False,,-1,,,False,1,0.055957337900628991,0.018838380615655285,0.012180312845982375,0.063650547522421053
10000,0,multi,gaussian_matched,0.050000000000000003,891,24,0.050000000000000003,20.101042567569785,>=10%,True,False,2,0.063650547522421053,0.47776846837124698,0.14353839925411893,0.096144022869771792,1.4547284461845376,1.4281433330089355,1.3995949963117555,0.98001017402291701,,1.028191222289323,False,False,False,,-1,,,False,1,0.055957337900628991,0.018838380615655285,0.012180312845982375,0.063650547522421053
10000,0,multi,gaussian_matched,0.050000000000000003,891,25,0.02,20.101042567569785,>=10%,True,False,3,0.022207213232135984,0.44952852354901363,0.023048478146825885,0.057216732389613043,1.4547284461845376,1.5111642696114269,1.473177578667761,0.97486263293306052,,1.0520137384205919,False,False,False,,-1,,,False,1,0.018395554420697163,0.022207213232135984,0.0044589616541602581,0.0078833634488382209
10000,0,multi,gaussian_matched,0.050000000000000003,891,25,0.050000000000000003,20.101042567569785,>=10%,True,True,4,0.022207213232135984,0.44952852354901363,0.023048478146825885,0.057216732389613043,1.4547284461845376,1.5111642696114269,1.473177578667761,0.97486263293306052,0.94225812325517444,1.0520137384205919,True,True,False,1>2>4>3,1,0,0,True,1,0.018395554420697163,0.022207213232135984,0.0044589616541602581,0.0078833634488382209
10000,0,multi,gaussian_matched,0.050000000000000003,891,26,0.02,20.101042567569785,>=10%,True,True,4,0.016979458011903658,0.51807899954296965,0.030170648545349347,0.026833810828630976,1.4547284461845376,1.4540860069830304,1.4652536361982906,1.007680171022642,0.99635233565458436,1.0256810822255997,True,True,False,1>2>4>3,1,0,0,True,1,0.016979458011903658,0.007358639856568751,0.0040985248936842638,0.0021139554567115534
10000,0,multi,gaussian_matched,0.050000000000000003,891,26,0.050000000000000003,20.101042567569785,>=10%,True,True,4,0.016979458011903658,0.51807899954296965,0.030170648545349347,0.026833810828630976,1.4547284461845376,1.4540860069830304,1.4652536361982906,1.007680171022642,0.97565373704373082,1.0256810822255997,True,True,False,1>2>4>3,1,0,0,True,1,0.016979458011903658,0.007358639856568751,0.0040985248936842638,0.0021139554567115534
10000,0,multi,gaussian_matched,0.050000000000000003,891,27,0.02,20.101042567569785,>=10%,True,True,4,0.011833455022327858,0.48011755088934871,0.05421211247482785,0.020323721955838665,1.4547284461845376,1.4680735913612546,1.4525888547041954,0.9894523430240979,0.97505838415041102,1.0125000171153524,True,True,False,1>2>4>3,1,0,0,True,1,0.011833455022327858,0.0064914390248353307,0.00078265430681984051,0.0083104707312057283
10000,0,multi,gaussian_matched,0.050000000000000003,891,27,0.050000000000000003,20.101042567569785,>=10%,True,True,4,0.011833455022327858,0.48011755088934871,0.05421211247482785,0.020323721955838665,1.4547284461845376,1.4680735913612546,1.4525888547041954,0.9894523430240979,0.95461154544178795,1.0125000171153524,True,True,False,1>2>4>3,1,0,0,True,1,0.011833455022327858,0.0064914390248353307,0.00078265430681984051,0.0083104707312057283
10000,0,multi,gaussian_matched,0.050000000000000003,891,28,0.02,20.101042567569785,>=10%,True,False,1,0.039982356882169612,0.44719374751093693,0.085470798784629903,0.063613503820795642,1.4547284461845376,1.4797139253781517,1.4365258158718208,0.97081320330529841,,1.0312160483471555,False,False,False,,-1,,,False,1,0.039982356882169612,0.020980030150289833,0.001773345056511654,0.023931528067090486
10000,0,multi,gaussian_matched,0.050000000000000003,891,28,0.050000000000000003,20.101042567569785,>=10%,True,True,4,0.039982356882169612,0.44719374751093693,0.085470798784629903,0.063613503820795642,1.4547284461845376,1.4797139253781517,1.4365258158718208,0.97081320330529841,0.9327689105524043,1.0312160483471555,True,True,False,1>2>4>3,1,0,0,True,1,0.039982356882169612,0.020980030150289833,0.001773345056511654,0.023931528067090486
10000,0,multi,gaussian_matched,0.050000000000000003,891,29,0.02,20.101042567569785,>=10%,True,False,1,0.050894476193742454,0.44431360791603464,0.1073977453280402,0.079971716450703251,1.4547284461845376,1.4727293764964424,1.4240097577868265,0.96691882467536716,,1.0338571973224095,False,False,False,,-1,,,False,1,0.050894476193742454,0.025326634957278972,0.0045815476911879871,0.036304006301454368
10000,0,multi,gaussian_matched,0.050000000000000003,891,29,0.050000000000000003,20.101042567569785,>=10%,True,False,3,0.050894476193742454,0.44431360791603464,0.1073977453280402,0.079971716450703251,1.4547284461845376,1.4727293764964424,1.4240097577868265,0.96691882467536716,,1.0338571973224095,False,False,False,,-1,,,False,1,0.050894476193742454,0.025326634957278972,0.0045815476911879871,0.036304006301454368
10000,0,multi,gaussian_matched,0.050000000000000003,891,30,0.02,20.101042567569785,>=10%,True,False,2,0.031235648405764694,0.50558328197242874,-0.022526750013859648,0.072741339726159412,1.4547284461845376,1.5007052138473664,1.497117419866949,0.99760926133439665,,1.0791421338535963,False,False,False,,-1,,,False,1,0.024951141537326083,0.031235648405764694,0.0095169605736771992,0.017933897284640135
10000,0,multi,gaussian_matched,0.050000000000000003,891,30,0.050000000000000003,20.101042567569785,>=10%,True,True,4,0.031235648405764694,0.50558328197242874,-0.022526750013859648,0.072741339726159412,1.4547284461845376,1.5007052138473664,1.497117419866949,0.99760926133439665,0.96941788532525697,1.0791421338535963,True,True,False,1>2>4>3,1,0,0,True,1,0.024951141537326083,0.031235648405764694,0.0095169605736771992,0.017933897284640135
10000,0,multi,gaussian_matched,0.050000000000000003,891,31,0.02,20.101042567569785,>=10%,True,False,2,0.029705673069222241,0.43446596925807945,0.014314397430339638,0.074620181023920984,1.4547284461845376,1.5284629639764902,1.4782721143034232,0.96716253461419233,,1.0674791569521247,False,False,False,,-1,,,False,1,0.025021735234438767,0.029705673069222241,0.0054150802020464482,0.012019300844236032
10000,0,multi,gaussian_matched,0.050000000000000003,891,31,0.050000000000000003,20.101042567569785,>=10%,True,True,4,0.029705673069222241,0.43446596925807945,0.014314397430339638,0.074620181023920984,1.4547284461845376,1.5284629639764902,1.4782721143034232,0.96716253461419233,0.93513455561785341,1.0674791569521247,True,True,False,1>2>4>3,1,0,0,True,1,0.025021735234438767,0.029705673069222241,0.0054150802020464482,0.012019300844236032
10000,0,multi,gaussian_matched,0.050000000000000003,892,0,0.02,4.5134266303031572,1-<5%,True,False,1,0.15676748883468344,0.47828504959663121,-0.030900900685994812,0.083764519952220604,1.2039909747475455,1.2834228865937392,1.1134142604097566,0.86753498947241547,,0.99434198882844882,False,False,False,,-1,,,False,2,0.013298226124435647,0.039197406967905218,0.021189975434642547,0.15676748883468344
10000,0,multi,gaussian_matched,0.050000000000000003,892,0,0.050000000000000003,4.5134266303031572,1-<5%,True,False,3,0.15676748883468344,0.47828504959663121,-0.030900900685994812,0.083764519952220604,1.2039909747475455,1.2834228865937392,1.1134142604097566,0.86753498947241547,,0.99434198882844882,False,False,False,,-1,,,False,2,0.013298226124435647,0.039197406967905218,0.021189975434642547,0.15676748883468344
10000,0,multi,gaussian_matched,0.050000000000000003,892,1,0.02,4.5134266303031572,1-<5%,True,False,0,0.14634631901709663,0.46120699813930388,0.0042637792752214104,0.059972484353657048,1.2039909747475455,1.2637192970376434,1.0643867653374521,0.84226518328282396,,0.93386019768700212,False,False,False,,-1,,,False,2,0.028503027361018288,0.046590629228655485,0.021858702283566619,0.14634631901709663
10000,0,multi,gaussian_matched,0.050000000000000003,892,1,0.050000000000000003,4.5134266303031572,1-<5%,True,False,3,0.14634631901709663,0.46120699813930388,0.0042637792752214104,0.059972484353657048,1.2039909747475455,1.2637192970376434,1.0643867653374521,0.84226518328282396,,0.93386019768700212,False,False,False,,-1,,,False,2,0.028503027361018288,0.046590629228655485,0.021858702283566619,0.14634631901709663
10000,0,multi,gaussian_matched,0.050000000000000003,892,2,0.02,4.5134266303031572,1-<5%,True,False,1,0.12794129539573082,0.54571885939941178,0.09842922046659397,0.066600326574162885,1.2039909747475455,1.1382194328694968,0.95429730408363755,0.83841241550218115,,0.84792797626399452,False,False,False,,-1,,,False,2,0.0058981976856810206,0.020688946212397644,0.020010808653697285,0.12794129539573082
10000,0,multi,gaussian_matched,0.050000000000000003,892,2,0.050000000000000003,4.5134266303031572,1-<5%,True,False,3,0.12794129539573082,0.54571885939941178,0.09842922046659397,0.066600326574162885,1.2039909747475455,1.1382194328694968,0.95429730408363755,0.83841241550218115,,0.84792797626399452,False,False,False,,-1,,,False,2,0.0058981976856810206,0.020688946212397644,0.020010808653697285,0.12794129539573082
10000,0,multi,gaussian_matched,0.050000000000000003,892,3,0.02,4.5134266303031572,1-<5%,True,False,2,0.14631598335124019,0.49284404422407746,0.16121150272391105,0.11144149156026867,1.2039909747475455,1.121953088321451,1.0308662863373685,0.91881407259161163,,0.94876772488860051,False,False,False,,-1,,,False,2,0.0042159395222349421,0.094634688880707543,0.0080414074855682284,0.14631598335124019
10000,0,multi,gaussian_matched,0.050000000000000003,892,3,0.050000000000000003,4.5134266303031572,1-<5%,True,False,2,0.14631598335124019,0.49284404422407746,0.16121150272391105,0.11144149156026867,1.2039909747475455,1.121953088321451,1.0308662863373685,0.91881407259161163,,0.94876772488860051,False,False,False,,-1,,,False,2,0.0042159395222349421,0.094634688880707543,0.0080414074855682284,0.14631598335124019
10000,0,multi,gaussian_matched,0.050000000000000003,892,4,0.02,4.5134266303031572,1-<5%,True,False,0,0.14366738800618936,0.42622429366125836,0.047622961516584822,0.073813990257483572,1.2039909747475455,1.2510261428605776,1.1012808345339127,0.88030201512475226,,0.97599969554405652,False,False,False,,-1,,,False,2,0.041265663849376667,0.081484051476111985,0.021018829596557851,0.14366738800618936
10000,0,multi,gaussian_matched,0.050000000000000003,892,4,0.050000000000000003,4.5134266303031572,1-<5%,True,False,2,0.14366738800618936,0.42622429366125836,0.047622961516584822,0.073813990257483572,1.2039909747475455,1.2510261428605776,1.1012808345339127,0.88030201512475226,,0.97599969554405652,False,False,False,,-1,,,False,2,0.041265663849376667,0.081484051476111985,0.021018829596557851,0.14366738800618936
10000,0,multi,gaussian_matched,0.050000000000000003,892,5,0.02,4.5134266303031572,1-<5%,True,False,2,0.12937121169557664,0.5472077641801818,0.058757972479959029,0.048013280255064593,1.2039909747475455,1.1709129736569308,1.0010718533079077,0.85494983472718333,,0.87133969902303121,False,False,False,,-1,,,False,2,0.01012031012881463,0.010958695213065067,0.021525527475199192,0.12937121169557664
10000,0,multi,gaussian_matched,0.050000000000000003,892,5,0.050000000000000003,4.5134266303031572,1-<5%,True,False,3,0.12937121169557664,0.5472077641801818,0.058757972479959029,0.048013280255064593,1.2039909747475455,1.1709129736569308,1.0010718533079077,0.85494983472718333,,0.87133969902303121,False,False,False,,-1,,,False,2,0.01012031012881463,0.010958695213065067,0.021525527475199192,0.12937121169557664
10000,0,multi,gaussian_matched,0.050000000000000003,892,6,0.02,4.5134266303031572,1-<5%,True,False,2,0.14238183406905308,0.4944627596359687,0.09602915074355918,0.046361015401114244,1.2039909747475455,1.1703008402771202,1.0421085646986112,0.89046211780198858,,0.90405127856374279,False,False,False,,-1,,,False,2,0.017811693210603361,0.052080923348478914,0.019989308974796893,0.14238183406905308
10000,0,multi,gaussian_matched,0.050000000000000003,892,6,0.050000000000000003,4.5134266303031572,1-<5%,True,False,2,0.14238183406905308,0.4944627596359687,0.09602915074355918,0.046361015401114244,1.2039909747475455,1.1703008402771202,1.0421085646986112,0.89046211780198858,,0.90405127856374279,False,False,False,,-1,,,False,2,0.017811693210603361,0.052080923348478914,0.019989308974796893,0.14238183406905308
10000,0,multi,gaussian_matched,0.050000000000000003,892,7,0.02,4.5134266303031572,1-<5%,True,False,0,0.13386936779755285,0.50002982026224452,0.049350769047452572,0.00064991543895031125,1.2039909747475455,1.2045067953985646,1.0099071440950795,0.83844038734618087,,0.8393393976611202,False,False,False,,-1,,,False,2,0.023310941132397952,0.03194745409432366,0.021629519491104969,0.13386936779755285
10000,0,multi,gaussian_matched,0.050000000000000003,892,7,0.050000000000000003,4.5134266303031572,1-<5%,True,False,3,0.13386936779755285,0.50002982026224452,0.049350769047452572,0.00064991543895031125,1.2039909747475455,1.2045067953985646,1.0099071440950795,0.83844038734618087,,0.8393393976611202,False,False,False,,-1,,,False,2,0.023310941132397952,0.03194745409432366,0.021629519491104969,0.13386936779755285
10000,0,multi,gaussian_matched,0.050000000000000003,892,8,0.02,4.5134266303031572,1-<5%,True,False,0,0.14726840260231061,0.46121952566210933,0.047058373781393666,0.038891880318156241,1.2039909747475455,1.2293541192977844,1.0084119827525861,0.82027787349718084,,0.86986022739110858,False,False,False,,-1,,,False,2,0.032465479176508619,0.055239655369298236,0.021780891804036764,0.14726840260231061
10000,0,multi,gaussian_matched,0.050000000000000003,892,8,0.050000000000000003,4.5134266303031572,1-<5%,True,False,2,0.14726840260231061,0.46121952566210933,0.047058373781393666,0.038891880318156241,1.2039909747475455,1.2293541192977844,1.0084119827525861,0.82027787349718084,,0.86986022739110858,False,False,False,,-1,,,False,2,0.032465479176508619,0.055239655369298236,0.021780891804036764,0.14726840260231061
10000,0,multi,gaussian_matched,0.050000000000000003,892,9,0.02,4.5134266303031572,1-<5%,True,False,1,0.14362756130279719,0.41555518723661888,0.058095992319115934,0.084832019274998269,1.2039909747475455,1.2501771234683545,1.1170775667375636,0.89353544051299383,,0.99827125885605583,False,False,False,,-1,,,False,2,0.042869264428328425,0.095462897586144152,0.017988851538936319,0.14362756130279719
10000,0,multi,gaussian_matched,0.050000000000000003,892,9,0.050000000000000003,4.5134266303031572,1-<5%,True,False,2,0.14362756130279719,0.41555518723661888,0.058095992319115934,0.084832019274998269,1.2039909747475455,1.2501771234683545,1.1170775667375636,0.89353544051299383,,0.99827125885605583,False,False,False,,-1,,,False,2,0.042869264428328425,0.095462897586144152,0.017988851538936319,0.14362756130279719
10000,0,multi,gaussian_matched,0.050000000000000003,892,10,0.02,4.5134266303031572,1-<5%,True,False,2,0.1363309860545219,0.52291945435335041,0.039326924300256971,0.025282720042506469,1.2039909747475455,1.2002115565023512,1.0251348350103873,0.85412844881933025,,0.87244636968574196,False,False,False,,-1,,,False,2,0.017317880181455813,0.019470688888866432,0.021920131065940308,0.1363309860545219
10000,0,multi,gaussian_matched,0.050000000000000003,892,10,0.050000000000000003,4.5134266303031572,1-<5%,True,False,3,0.1363309860545219,0.52291945435335041,0.039326924300256971,0.025282720042506469,1.2039909747475455,1.2002115565023512,1.0251348350103873,0.85412844881933025,,0.87244636968574196,False,False,False,,-1,,,False,2,0.017317880181455813,0.019470688888866432,0.021920131065940308,0.1363309860545219
10000,0,multi,gaussian_matched,0.050000000000000003,892,11,0.02,4.5134266303031572,1-<5%,True,False,0,0.14766438468974386,0.42453736473702347,0.035617311873082265,0.076821032527486968,1.2039909747475455,1.2612852683684193,1.0964306547680502,0.86929632991462547,,0.97446883897244019,False,False,False,,-1,,,False,2,0.041296217124731117,0.077208257177073719,0.02170169409890214,0.14766438468974386
10000,0,multi,gaussian_matched,0.050000000000000003,892,11,0.050000000000000003,4.5134266303031572,1-<5%,True,False,2,0.14766438468974386,0.42453736473702347,0.035617311873082265,0.076821032527486968,1.2039909747475455,1.2612852683684193,1.0964306547680502,0.86929632991462547,,0.97446883897244019,False,False,False,,-1,,,False,2,0.041296217124731117,0.077208257177073719,0.02170169409890214,0.14766438468974386
10000,0,multi,gaussian_matched,0.050000000000000003,892,12,0.02,4.5134266303031572,1-<5%,True,False,1,0.14523452524382294,0.51467345969478417,0.00065367876518249157,0.051481742771824046,1.2039909747475455,1.237472930251899,1.0737141846035256,0.86766680575789346,,0.93455511791629686,False,False,False,,-1,,,False,2,0.012525175116015898,0.023281948313851775,0.021838707376678292,0.14523452524382294
10000,0,multi,gaussian_matched,0.050000000000000003,892,12,0.050000000000000003,4.5134266303031572,1-<5%,True,False,3,0.14523452524382294,0.51467345969478417,0.00065367876518249157,0.051481742771824046,1.2039909747475455,1.237472930251899,1.0737141846035256,0.86766680575789346,,0.93455511791629686,False,False,False,,-1,,,False,2,0.012525175116015898,0.023281948313851775,0.021838707376678292,0.14523452524382294
10000,0,multi,gaussian_matched,0.050000000000000003,892,13,0.02,4.5134266303031572,1-<5%,True,False,0,0.13295829570994988,0.50783130956463884,0.065556198620542711,0.017416220170260212,1.2039909747475455,1.1867558241424006,0.98879454018612845,0.8331912260895562,,0.83572948756312082,False,False,False,,-1,,,False,2,0.020420404576814689,0.031437482688701071,0.021292961359800598,0.13295829570994988
10000,0,multi,gaussian_matched,0.050000000000000003,892,13,0.050000000000000003,4.5134266303031572,1-<5%,True,False,3,0.13295829570994988,0.50783130956463884,0.065556198620542711,0.017416220170260212,1.2039909747475455,1.1867558241424006,0.98879454018612845,0.8331912260895562,,0.83572948756312082,False,False,False,,-1,,,False,2,0.020420404576814689,0.031437482688701071,0.021292961359800598,0.13295829570994988
10000,0,multi,gaussian_matched,0.050000000000000003,892,14,0.02,4.5134266303031572,1-<5%,True,False,2,0.13059729377529064,0.54165763011772272,0.055793568760930744,0.042058573275999649,1.2039909747475455,1.1763309803606625,1.0045676486347528,0.85398384077817346,,0.86929739828839714,False,False,False,,-1,,,False,2,0.011881424737130329,0.012951074518785341,0.021618540832937384,0.13059729377529064
10000,0,multi,gaussian_matched,0.050000000000000003,892,14,0.050000000000000003,4.5134266303031572,1-<5%,True,False,3,0.13059729377529064,0.54165763011772272,0.055793568760930744,0.042058573275999649,1.2039909747475455,1.1763309803606625,1.0045676486347528,0.85398384077817346,,0.86929739828839714,False,False,False,,-1,,,False,2,0.011881424737130329,0.012951074518785341,0.021618540832937384,0.13059729377529064
10000,0,multi,gaussian_matched,0.050000000000000003,892,15,0.02,4.5134266303031572,1-<5%,True,False,0,0.14581749756892157,0.44336644753408666,0.016715988039537812,0.065690065589048927,1.2039909747475455,1.2642851703921605,1.0357188086735512,0.81921296945394695,,0.91479828118607365,False,False,False,,-1,,,False,2,0.035725604694044406,0.058439522639280324,0.021885160311947299,0.14581749756892157
10000,0,multi,gaussian_matched,0.050000000000000003,892,15,0.050000000000000003,4.5134266303031572,1-<5%,True,False,2,0.14581749756892157,0.44336644753408666,0.016715988039537812,0.065690065589048927,1.2039909747475455,1.2642851703921605,1.0357188086735512,0.81921296945394695,,0.91479828118607365,False,False,False,,-1,,,False,2,0.035725604694044406,0.058439522639280324,0.021885160311947299,0.14581749756892157
10000,0,multi,gaussian_matched,0.050000000000000003,892,16,0.02,4.5134266303031572,1-<5%,True,False,2,0.13904739660699489,0.53150524941136412,0.023892117482888931,0.040917016875617086,1.2039909747475455,1.2088928900679492,1.044097934716085,0.86368109473900423,,0.90118196427444941,False,False,False,,-1,,,False,2,0.012827491058250881,0.015934855456935279,0.021995349606684023,0.13904739660699489
10000,0,multi,gaussian_matched,0.050000000000000003,892,16,0.050000000000000003,4.5134266303031572,1-<5%,True,False,3,0.13904739660699489,0.53150524941136412,0.023892117482888931,0.040917016875617086,1.2039909747475455,1.2088928900679492,1.044097934716085,0.86368109473900423,,0.90118196427444941,False,False,False,,-1,,,False,2,0.012827491058250881,0.015934855456935279,0.021995349606684023,0.13904739660699489
10000,0,multi,gaussian_matched,0.050000000000000003,892,17,0.02,4.5134266303031572,1-<5%,True,False,3,0.12510546797655153,0.5408558509533522,0.086558451974342282,0.054824455928744249,1.2039909747475455,1.1507996471296753,0.97042466841115393,0.84326118002520012,,0.8515422007668072,False,False,False,,-1,,,False,2,0.009300438677024991,0.01956244758821947,0.019988169190119403,0.12510546797655153
10000,0,multi,gaussian_matched,0.050000000000000003,892,17,0.050000000000000003,4.5134266303031572,1-<5%,True,False,3,0.12510546797655153,0.5408558509533522,0.086558451974342282,0.054824455928744249,1.2039909747475455,1.1507996471296753,0.97042466841115393,0.84326118002520012,,0.8515422007668072,False,False,False,,-1,,,False,2,0.009300438677024991,0.01956244758821947,0.019988169190119403,0.12510546797655153
10000,0,multi,gaussian_matched,0.050000000000000003,892,18,0.02,4.5134266303031572,1-<5%,True,False,1,0.14959724336869035,0.48682350270153096,-0.0082427344911880779,0.05971462301704325,1.2039909747475455,1.2597271551279512,1.0860224295471941,0.86210924732894734,,0.95161598101221412,False,False,False,,-1,,,False,2,0.017461499768295811,0.034255378190566788,0.021624801786014836,0.14959724336869035
10000,0,multi,gaussian_matched,0.050000000000000003,892,18,0.050000000000000003,4.5134266303031572,1-<5%,True,False,3,0.14959724336869035,0.48682350270153096,-0.0082427344911880779,0.05971462301704325,1.2039909747475455,1.2597271551279512,1.0860224295471941,0.86210924732894734,,0.95161598101221412,False,False,False,,-1,,,False,2,0.017461499768295811,0.034255378190566788,0.021624801786014836,0.14959724336869035
10000,0,multi,gaussian_matched,0.050000000000000003,892,19,0.02,4.5134266303031572,1-<5%,True,False,2,0.12606299966191939,0.55860209705050279,0.066458189223517414,0.060869350014877373,1.2039909747475455,1.1584611646282903,0.99271531234965615,0.85692584495759405,,0.87507687720454108,False,False,False,,-1,,,False,2,0.0062527919416376764,0.0072057495417158285,0.021179710922003925,0.12606299966191939
10000,0,multi,gaussian_matched,0.050000000000000003,892,19,0.050000000000000003,4.5134266303031572,1-<5%,True,False,3,0.12606299966191939,0.55860209705050279,0.066458189223517414,0.060869350014877373,1.2039909747475455,1.1584611646282903,0.99271531234965615,0.85692584495759405,,0.87507687720454108,False,False,False,,-1,,,False,2,0.0062527919416376764,0.0072057495417158285,0.021179710922003925,0.12606299966191939
10000,0,multi,gaussian_matched,0.050000000000000003,892,20,0.02,4.5134266303031572,1-<5%,True,True,4,0.017104936170208085,0.60352757960133829,0.1024959778612313,0.11607664463499247,1.2039909747475455,1.105063765356378,1.0805366928373186,0.97780483508012817,0.96350255959268616,0.99387234835644733,True,True,False,2>1>4>3,7,0,0,True,2,0.014597487189008974,0.0037640946420686018,0.0049709530969472421,0.017104936170208085
10000,0,multi,gaussian_matched,0.050000000000000003,892,20,0.050000000000000003,4.5134266303031572,1-<5%,True,True,4,0.017104936170208085,0.60352757960133829,0.1024959778612313,0.11607664463499247,1.2039909747475455,1.105063765356378,1.0805366928373186,0.97780483508012817,0.9362225373083618,0.99387234835644733,True,True,False,2>1>4>3,7,0,0,True,2,0.014597487189008974,0.0037640946420686018,0.0049709530969472421,0.017104936170208085
10000,0,multi,gaussian_matched,0.050000000000000003,892,21,0.02,4.5134266303031572,1-<5%,True,False,2,0.13549647039813648,0.55649011506421364,0.025476591771685875,0.061583525809266897,1.2039909747475455,1.1951722592979492,1.0387170695937362,0.86909402516076162,,0.91387777689422944,False,False,False,,-1,,,False,2,0.0046844278853780379,0.0078227725151468423,0.022014780918748079,0.13549647039813648
10000,0,multi,gaussian_matched,0.050000000000000003,892,21,0.050000000000000003,4.5134266303031572,1-<5%,True,False,3,0.13549647039813648,0.55649011506421364,0.025476591771685875,0.061583525809266897,1.2039909747475455,1.1951722592979492,1.0387170695937362,0.86909402516076162,,0.91387777689422944,False,False,False,,-1,,,False,2,0.0046844278853780379,0.0078227725151468423,0.022014780918748079,0.13549647039813648
10000,0,multi,gaussian_matched,0.050000000000000003,892,22,0.02,4.5134266303031572,1-<5%,True,False,1,0.14973808333149641,0.49321225253358153,-0.010723929336373492,0.061102120337323415,1.2039909747475455,1.2583947014402397,1.0889336490013255,0.86533553244863071,,0.95518637054550182,False,False,False,,-1,,,False,2,0.01513968331595452,0.031879912477032403,0.02160196249469002,0.14973808333149641
10000,0,multi,gaussian_matched,0.050000000000000003,892,22,0.050000000000000003,4.5134266303031572,1-<5%,True,False,3,0.14973808333149641,0.49321225253358153,-0.010723929336373492,0.061102120337323415,1.2039909747475455,1.2583947014402397,1.0889336490013255,0.86533553244863071,,0.95518637054550182,False,False,False,,-1,,,False,2,0.01513968331595452,0.031879912477032403,0.02160196249469002,0.14973808333149641
10000,0,multi,gaussian_matched,0.050000000000000003,892,23,0.02,4.5134266303031572,1-<5%,True,False,2,0.14264324138929782,0.48795721663613217,0.10302940023639848,0.054379646197646327,1.2039909747475455,1.168917406930267,1.0522323647778982,0.90017682903807605,,0.91911985570122767,False,False,False,,-1,,,False,2,0.01796884650302941,0.060883522836963952,0.017684602483026616,0.14264324138929782
10000,0,multi,gaussian_matched,0.050000000000000003,892,23,0.050000000000000003,4.5134266303031572,1-<5%,True,False,2,0.14264324138929782,0.48795721663613217,0.10302940023639848,0.054379646197646327,1.2039909747475455,1.168917406930267,1.0522323647778982,0.90017682903807605,,0.91911985570122767,False,False,False,,-1,,,False,2,0.01796884650302941,0.060883522836963952,0.017684602483026616,0.14264324138929782
10000,0,multi,gaussian_matched,0.050000000000000003,892,24,0.02,4.5134266303031572,1-<5%,True,False,0,0.13821710007657395,0.50965675530968257,0.034516321948533053,0.018248211120889684,1.2039909747475455,1.2114266912951019,1.0310544484138322,0.85110758729573732,,0.87152036978910175,False,False,False,,-1,,,False,2,0.020753463481967126,0.024986606730678724,0.02194280818685251,0.13821710007657395
10000,0,multi,gaussian_matched,0.050000000000000003,892,24,0.050000000000000003,4.5134266303031572,1-<5%,True,False,3,0.13821710007657395,0.50965675530968257,0.034516321948533053,0.018248211120889684,1.2039909747475455,1.2114266912951019,1.0310544484138322,0.85110758729573732,,0.87152036978910175,False,False,False,,-1,,,False,2,0.020753463481967126,0.024986606730678724,0.02194280818685251,0.13821710007657395
10000,0,multi,gaussian_matched,0.050000000000000003,892,25,0.02,4.5134266303031572,1-<5%,True,False,2,0.13576129547763136,0.57026465829700557,0.016565376030309505,0.07781385664256435,1.2039909747475455,1.1966715251925084,1.0452331741806373,0.87345035974887997,,0.93277030673646355,False,False,False,,-1,,,False,2,0.0027987849955091104,0.0055345056287442324,0.022068026392668676,0.13576129547763136
10000,0,multi,gaussian_matched,0.050000000000000003,892,25,0.050000000000000003,4.5134266303031572,1-<5%,True,False,3,0.13576129547763136,0.57026465829700557,0.016565376030309505,0.07781385664256435,1.2039909747475455,1.1966715251925084,1.0452331741806373,0.87345035974887997,,0.93277030673646355,False,False,False,,-1,,,False,2,0.0027987849955091104,0.0055345056287442324,0.022068026392668676,0.13576129547763136
10000,0,multi,gaussian_matched,0.050000000000000003,892,26,0.02,4.5134266303031572,1-<5%,True,False,0,0.14366147827386422,0.44948955163026066,0.017986850101006327,0.059800895987999557,1.2039909747475455,1.2595690142771632,1.0376597161987682,0.82382124713845595,,0.91151896916576547,False,False,False,,-1,,,False,2,0.03436561947849566,0.055039918210934707,0.021898958373980485,0.14366147827386422
10000,0,multi,gaussian_matched,0.050000000000000003,892,26,0.050000000000000003,4.5134266303031572,1-<5%,True,False,2,0.14366147827386422,0.44948955163026066,0.017986850101006327,0.059800895987999557,1.2039909747475455,1.2595690142771632,1.0376597161987682,0.82382124713845595,,0.91151896916576547,False,False,False,,-1,,,False,2,0.03436561947849566,0.055039918210934707,0.021898958373980485,0.14366147827386422
10000,0,multi,gaussian_matched,0.050000000000000003,892,27,0.02,4.5134266303031572,1-<5%,True,False,1,0.13642796177223304,0.59613445863375214,-0.011960634490877531,0.11437199990957894,1.2039909747475455,1.2116185338053833,1.0508500759945862,0.86731099490046215,,0.96779967652871368,False,False,False,,-1,,,False,2,0.049123460718921631,0.0061441964659522119,0.022406082370449634,0.13642796177223304
10000,0,multi,gaussian_matched,0.050000000000000003,892,27,0.050000000000000003,4.5134266303031572,1-<5%,True,False,3,0.13642796177223304,0.59613445863375214,-0.011960634490877531,0.11437199990957894,1.2039909747475455,1.2116185338053833,1.0508500759945862,0.86731099490046215,,0.96779967652871368,False,False,False,,-1,,,False,2,0.049123460718921631,0.0061441964659522119,0.022406082370449634,0.13642796177223304
10000,0,multi,gaussian_matched,0.050000000000000003,892,28,0.02,4.5134266303031572,1-<5%,True,False,1,0.14540338755442264,0.50827471884653108,0.0031643097342819101,0.047561043456335321,1.2039909747475455,1.2386481695228908,1.0713894355122546,0.86496671280347359,,0.92936782952481278,False,False,False,,-1,,,False,2,0.014884040655028399,0.025351646767385751,0.021839106830134417,0.14540338755442264
10000,0,multi,gaussian_matched,0.050000000000000003,892,28,0.050000000000000003,4.5134266303031572,1-<5%,True,False,3,0.14540338755442264,0.50827471884653108,0.0031643097342819101,0.047561043456335321,1.2039909747475455,1.2386481695228908,1.0713894355122546,0.86496671280347359,,0.92936782952481278,False,False,False,,-1,,,False,2,0.014884040655028399,0.025351646767385751,0.021839106830134417,0.14540338755442264
10000,0,multi,gaussian_matched,0.050000000000000003,892,29,0.02,4.5134266303031572,1-<5%,True,False,0,0.13205585218048876,0.50694319023522683,0.056452735358898817,0.0094786963372888028,1.2039909747475455,1.1947313179600978,1.0018883779215986,0.83858886333727134,,0.84001217240930914,False,False,False,,-1,,,False,2,0.021281483356543989,0.029679098243984986,0.021428905695956527,0.13205585218048876
10000,0,multi,gaussian_matched,0.050000000000000003,892,29,0.050000000000000003,4.5134266303031572,1-<5%,True,False,3,0.13205585218048876,0.50694319023522683,0.056452735358898817,0.0094786963372888028,1.2039909747475455,1.1947313179600978,1.0018883779215986,0.83858886333727134,,0.84001217240930914,False,False,False,,-1,,,False,2,0.021281483356543989,0.029679098243984986,0.021428905695956527,0.13205585218048876
10000,0,multi,gaussian_matched,0.050000000000000003,892,30,0.02,4.5134266303031572,1-<5%,True,False,1,0.13979473839688517,0.51440262162485095,0.027783727542594328,0.026476371948783054,1.2039909747475455,1.2145199837874849,1.0402047150350251,0.85647393943337424,,0.88595438782875535,False,False,False,,-1,,,False,2,0.018620778716489563,0.022517033319516239,0.021973328274166176,0.13979473839688517
10000,0,multi,gaussian_matched,0.050000000000000003,892,30,0.050000000000000003,4.5134266303031572,1-<5%,True,False,3,0.13979473839688517,0.51440262162485095,0.027783727542594328,0.026476371948783054,1.2039909747475455,1.2145199837874849,1.0402047150350251,0.85647393943337424,,0.88595438782875535,False,False,False,,-1,,,False,2,0.018620778716489563,0.022517033319516239,0.021973328274166176,0.13979473839688517
10000,0,multi,gaussian_matched,0.050000000000000003,892,31,0.02,4.5134266303031572,1-<5%,True,False,2,0.12433209123787131,0.54799672170624891,0.074806478199618859,0.05402820240592196,1.2039909747475455,1.1568281533140241,0.98401979810049911,0.85061881946901774,,0.86217257627207744,False,False,False,,-1,,,False,2,0.0088350598033443781,0.013230983696251405,0.020555706495388452,0.12433209123787131
10000,0,multi,gaussian_matched,0.050000000000000003,892,31,0.050000000000000003,4.5134266303031572,1-<5%,True,False,3,0.12433209123787131,0.54799672170624891,0.074806478199618859,0.05402820240592196,1.2039909747475455,1.1568281533140241,0.98401979810049911,0.85061881946901774,,0.86217257627207744,False,False,False,,-1,,,False,2,0.0088350598033443781,0.013230983696251405,0.020555706495388452,0.12433209123787131
10000,0,multi,gaussian_matched,0.050000000000000003,893,0,0.02,16.582658655262403,>=10%,True,False,3,0.020798174479945159,0.50165633103273388,0.10279403478403343,0.052820010803366263,1.1965232261823056,1.1700571572616281,1.1616166954808234,0.9927862825090028,,1.014971276536804,False,False,False,,-1,,,False,1,0.0011243191206181794,0.0035771328840208528,0.0097891619390060997,0.020798174479945159
10000,0,multi,gaussian_matched,0.050000000000000003,893,0,0.050000000000000003,16.582658655262403,>=10%,True,True,4,0.020798174479945159,0.50165633103273388,0.10279403478403343,0.052820010803366263,1.1965232261823056,1.1700571572616281,1.1616166954808234,0.9927862825090028,0.95401874031610079,1.014971276536804,True,True,False,4>1>2>3,18,0,0,True,1,0.0011243191206181794,0.0035771328840208528,0.0097891619390060997,0.020798174479945159
10000,0,multi,gaussian_matched,0.050000000000000003,893,1,0.02,16.582658655262403,>=10%,True,True,4,0.01002382379333689,0.50251386175505852,0.01344632648125238,0.036640012945395331,1.1965232261823056,1.2209596275698247,1.2103386048624598,0.99130108607398859,0.97864329941378814,1.0421683344890307,True,True,False,4>1>2>3,18,0,0,True,1,0.0034740209996656488,0.01002382379333689,0.005557914428646088,0.0012411877442524146
10000,0,multi,gaussian_matched,0.050000000000000003,893,1,0.050000000000000003,16.582658655262403,>=10%,True,True,4,0.01002382379333689,0.50251386175505852,0.01344632648125238,0.036640012945395331,1.1965232261823056,1.2209596275698247,1.2103386048624598,0.99130108607398859,0.95388780940028572,1.0421683344890307,True,True,False,4>1>2>3,18,0,0,True,1,0.0034740209996656488,0.01002382379333689,0.005557914428646088,0.0012411877442524146
10000,0,multi,gaussian_matched,0.050000000000000003,893,2,0.02,16.582658655262403,>=10%,True,False,3,0.021836619993885829,0.50411088697028106,0.10329369965185858,0.053452014127298678,1.1965232261823056,1.1719968703141304,1.1624751623434189,0.99187565409781397,,1.0162169441125881,False,False,False,,-1,,,False,1,0.00059264075527401213,0.0034513406593777956,0.009780275402272184,0.021836619993885829
10000,0,multi,gaussian_matched,0.050000000000000003,893,2,0.050000000000000003,16.582658655262403,>=10%,True,True,4,0.021836619993885829,0.50411088697028106,0.10329369965185858,0.053452014127298678,1.1965232261823056,1.1719968703141304,1.1624751623434189,0.99187565409781397,0.95298253030064173,1.0162169441125881,True,True,False,4>1>2>3,18,0,0,True,1,0.00059264075527401213,0.0034513406593777956,0.009780275402272184,0.021836619993885829
10000,0,multi,gaussian_matched,0.050000000000000003,893,3,0.02,16.582658655262403,>=10%,True,False,3,0.022898663325607738,0.54735803898463475,-0.021164766446219882,0.085482207738307794,1.1965232261823056,1.277565144425477,1.2484159397466019,0.97718378212957313,,1.1148117464806098,False,False,False,,-1,,,False,1,0.015674535786043782,0.017505830262382029,0.0030508914304544351,0.022898663325607738
10000,0,multi,gaussian_matched,0.050000000000000003,893,3,0.050000000000000003,16.582658655262403,>=10%,True,True,4,0.022898663325607738,0.54735803898463475,-0.021164766446219882,0.085482207738307794,1.1965232261823056,1.277565144425477,1.2484159397466019,0.97718378212957313,0.93738352627955257,1.1148117464806098,True,True,False,4>1>2>3,18,0,0,True,1,0.015674535786043782,0.017505830262382029,0.0030508914304544351,0.022898663325607738
10000,0,multi,gaussian_matched,0.050000000000000003,893,4,0.02,16.582658655262403,>=10%,True,True,4,0.0097918830095104683,0.50886936712725717,0.060436663724330868,0.013696336113458732,1.1965232261823056,1.1979029393590863,1.1865731672646493,0.99054199491279427,0.97700517511370288,1.0031309690558667,True,True,False,4>1>2>3,18,0,0,True,1,0.00016143871392740609,0.002638390306170709,0.0069969482204229804,0.0097918830095104683
10000,0,multi,gaussian_matched,0.050000000000000003,893,4,0.050000000000000003,16.582658655262403,>=10%,True,True,4,0.0097918830095104683,0.50886936712725717,0.060436663724330868,0.013696336113458732,1.1965232261823056,1.1979029393590863,1.1865731672646493,0.99054199491279427,0.95139170064593226,1.0031309690558667,True,True,False,4>1>2>3,18,0,0,True,1,0.00016143871392740609,0.002638390306170709,0.0069969482204229804,0.0097918830095104683
10000,0,multi,gaussian_matched,0.050000000000000003,893,5,0.02,16.582658655262403,>=10%,True,True,4,0.010261637707247872,0.46798221348312879,0.092506554152881157,0.053216029534264929,1.1965232261823056,1.1461395518574411,1.1521351479082447,1.0052311221971941,0.99522183373455608,1.0073780024215417,True,True,False,4>1>2>3,18,0,0,True,1,0.0089523298531477211,0.0042778876009781711,0.010261637707247872,0.0053989355668998479
10000,0,multi,gaussian_matched,0.050000000000000003,893,5,0.050000000000000003,16.582658655262403,>=10%,True,True,4,0.010261637707247872,0.46798221348312879,0.092506554152881157,0.053216029534264929,1.1965232261823056,1.1461395518574411,1.1521351479082447,1.0052311221971941,0.96826337804556728,1.0073780024215417,True,True,False,4>1>2>3,18,0,0,True,1,0.0089523298531477211,0.0042778876009781711,0.010261637707247872,0.0053989355668998479
10000,0,multi,gaussian_matched,0.050000000000000003,893,6,0.02,16.582658655262403,>=10%,True,False,3,0.049059640514245322,0.51731227926021228,0.15896822066663543,0.11033489080266554,1.1965232261823056,1.1628084417772659,1.1440512054456429,0.98386902291236034,,1.0483591699683286,False,False,False,,-1,,,False,1,0.0025043849949028425,0.010405906368653689,0.014071136959550873,0.049059640514245322
10000,0,multi,gaussian_matched,0.050000000000000003,893,6,0.050000000000000003,16.582658655262403,>=10%,True,True,4,0.049059640514245322,0.51731227926021228,0.15896822066663543,0.11033489080266554,1.1965232261823056,1.1628084417772659,1.1440512054456429,0.98386902291236034,0.94607848783342363,1.0483591699683286,True,True,False,4>1>2>3,18,0,0,True,1,0.0025043849949028425,0.010405906368653689,0.014071136959550873,0.049059640514245322
10000,0,multi,gaussian_matched,0.050000000000000003,893,7,0.02,16.582658655262403,>=10%,True,True,4,0.014649534089394664,0.52557045143284109,0.026786702984340025,0.034535563479065078,1.1965232261823056,1.230854251704494,1.2121179162480562,0.98477777898521157,0.9698465187192411,1.0418965987854363,True,True,False,4>1>2>3,18,0,0,True,1,0.0065519522460222692,0.0085057222128018355,0.0050292681690466013,0.014649534089394664
10000,0,multi,gaussian_matched,0.050000000000000003,893,7,0.050000000000000003,16.582658655262403,>=10%,True,True,4,0.014649534089394664,0.52557045143284109,0.026786702984340025,0.034535563479065078,1.1965232261823056,1.230854251704494,1.2121179162480562,0.98477777898521157,0.94514491753444463,1.0418965987854363,True,True,False,4>1>2>3,18,0,0,True,1,0.0065519522460222692,0.0085057222128018355,0.0050292681690466013,0.014649534089394664
10000,0,multi,gaussian_matched,0.050000000000000003,893,8,0.02,16.582658655262403,>=10%,True,True,4,0.0084967206398980678,0.50901363694255441,0.053803694878155735,0.0097833402096773603,1.1965232261823056,1.2017226316547476,1.190214780898982,0.99042387115575958,0.97683662485299583,1.002904160028252,True,True,False,4>1>2>3,18,0,0,True,1,0.0003807068645114381,0.0035817955929863879,0.0066460456937870432,0.0084967206398980678
10000,0,multi,gaussian_matched,0.050000000000000003,893,8,0.050000000000000003,16.582658655262403,>=10%,True,True,4,0.0084967206398980678,0.50901363694255441,0.053803694878155735,0.0097833402096773603,1.1965232261823056,1.2017226316547476,1.190214780898982,0.99042387115575958,0.95137049712292876,1.002904160028252,True,True,False,4>1>2>3,18,0,0,True,1,0.0003807068645114381,0.0035817955929863879,0.0066460456937870432,0.0084967206398980678
10000,0,multi,gaussian_matched,0.050000000000000003,893,9,0.02,16.582658655262403,>=10%,True,False,2,0.02602191726837625,0.45734179802401498,-0.03004048350356546,0.09069840789842161,1.1965232261823056,1.2195954953848229,1.2211263013143097,1.0012551751259164,,1.0963637650380704,False,False,False,,-1,,,False,1,0.0017643297788944143,0.02138035757022241,0.01160246816468183,0.02602191726837625
10000,0,multi,gaussian_matched,0.050000000000000003,893,9,0.050000000000000003,16.582658655262403,>=10%,True,True,4,0.02602191726837625,0.45734179802401498,-0.03004048350356546,0.09069840789842161,1.1965232261823056,1.2195954953848229,1.2211263013143097,1.0012551751259164,0.96976635611128481,1.0963637650380704,True,True,False,4>1>2>3,18,0,0,True,1,0.0017643297788944143,0.02138035757022241,0.01160246816468183,0.02602191726837625
10000,0,multi,gaussian_matched,0.050000000000000003,893,10,0.02,16.582658655262403,>=10%,True,True,4,0.015604593786053918,0.51004033706193841,-0.017660458916473359,0.068401360140753889,1.1965232261823056,1.2471795416669003,1.2315794155738096,0.98749167575965802,0.97496238141130198,1.0864651410590294,True,True,False,4>1>2>3,18,0,0,True,1,0.0078291011004067938,0.015604593786053918,0.0047806735422439841,0.0032866620169335046
10000,0,multi,gaussian_matched,0.050000000000000003,893,10,0.050000000000000003,16.582658655262403,>=10%,True,True,4,0.015604593786053918,0.51004033706193841,-0.017660458916473359,0.068401360140753889,1.1965232261823056,1.2471795416669003,1.2315794155738096,0.98749167575965802,0.95083577760421656,1.0864651410590294,True,True,False,4>1>2>3,18,0,0,True,1,0.0078291011004067938,0.015604593786053918,0.0047806735422439841,0.0032866620169335046
10000,0,multi,gaussian_matched,0.050000000000000003,893,11,0.02,16.582658655262403,>=10%,True,True,4,0.012041224701416458,0.45814127698494883,0.060574956767208886,0.043173862498960075,1.1965232261823056,1.1567633122134142,1.1657925451528068,1.0078056010629484,0.99821674910357505,1.0103994483326189,True,True,False,4>1>2>3,18,0,0,True,1,0.010051039212894484,0.0030884793322601399,0.009656912420634026,0.012041224701416458
10000,0,multi,gaussian_matched,0.050000000000000003,893,11,0.050000000000000003,16.582658655262403,>=10%,True,True,4,0.012041224701416458,0.45814127698494883,0.060574956767208886,0.043173862498960075,1.1965232261823056,1.1567633122134142,1.1657925451528068,1.0078056010629484,0.97193004873427824,1.0103994483326189,True,True,False,4>1>2>3,18,0,0,True,1,0.010051039212894484,0.0030884793322601399,0.009656912420634026,0.012041224701416458
10000,0,multi,gaussian_matched,0.050000000000000003,893,12,0.02,16.582658655262403,>=10%,True,False,3,0.041614289284550424,0.53428397843080488,0.12743627790915579,0.084686293539556354,1.1965232261823056,1.1893818244071404,1.1656673891438669,0.98006154560576531,,1.0449890610756234,False,False,False,,-1,,,False,1,0.0060654018315863291,0.0042223385437101732,0.011519913429492181,0.041614289284550424
10000,0,multi,gaussian_matched,0.050000000000000003,893,12,0.050000000000000003,16.582658655262403,>=10%,True,True,4,0.041614289284550424,0.53428397843080488,0.12743627790915579,0.084686293539556354,1.1965232261823056,1.1893818244071404,1.1656673891438669,0.98006154560576531,0.94004185281890862,1.0449890610756234,True,True,False,4>1>2>3,18,0,0,True,1,0.0060654018315863291,0.0042223385437101732,0.011519913429492181,0.041614289284550424
10000,0,multi,gaussian_matched,0.050000000000000003,893,13,0.02,16.582658655262403,>=10%,True,False,1,0.058534249223833448,0.60931021979320588,0.033268786682785767,0.11058326116689227,1.1965232261823056,1.2978650246600856,1.2467144967447292,0.96058871535678159,,1.1343680826341267,False,False,False,,-1,,,False,1,0.029851155636908471,0.025493601841797893,0.0090209245913184105,0.058534249223833448
10000,0,multi,gaussian_matched,0.050000000000000003,893,13,0.050000000000000003,16.582658655262403,>=10%,True,False,3,0.058534249223833448,0.60931021979320588,0.033268786682785767,0.11058326116689227,1.1965232261823056,1.2978650246600856,1.2467144967447292,0.96058871535678159,,1.1343680826341267,False,False,False,,-1,,,False,1,0.029851155636908471,0.025493601841797893,0.0090209245913184105,0.058534249223833448
10000,0,multi,gaussian_matched,0.050000000000000003,893,14,0.02,16.582658655262403,>=10%,True,False,3,0.025440949298089901,0.50682685982143338,0.11011268974131817,0.060499103158290539,1.1965232261823056,1.1713260923206508,1.1604148767093005,0.99068473272909618,,1.0203846888648438,False,False,False,,-1,,,False,1,0.00010318394963030675,0.0041604202998063583,0.010234798747704544,0.025440949298089901
10000,0,multi,gaussian_matched,0.050000000000000003,893,14,0.050000000000000003,16.582658655262403,>=10%,True,True,4,0.025440949298089901,0.50682685982143338,0.11011268974131817,0.060499103158290539,1.1965232261823056,1.1713260923206508,1.1604148767093005,0.99068473272909618,0.95175683861833915,1.0203846888648438,True,True,False,4>1>2>3,18,0,0,True,1,0.00010318394963030675,0.0041604202998063583,0.010234798747704544,0.025440949298089901
10000,0,multi,gaussian_matched,0.050000000000000003,893,15,0.02,16.582658655262403,>=10%,True,True,4,0.0074013931425672141,0.49716930447749691,0.061281593280305934,0.011631301908357592,1.1965232261823056,1.1877248262721793,1.1811844132613309,0.99449332634447296,0.98186634320055544,0.99690142996684949,True,True,False,4>1>2>3,18,0,0,True,1,0.0025746569500798423,0.0018527152712944186,0.0074013931425672141,0.0043782719385342325
10000,0,multi,gaussian_matched,0.050000000000000003,893,15,0.050000000000000003,16.582658655262403,>=10%,True,True,4,0.0074013931425672141,0.49716930447749691,0.061281593280305934,0.011631301908357592,1.1965232261823056,1.1877248262721793,1.1811844132613309,0.99449332634447296,0.95607328578276396,0.99690142996684949,True,True,False,4>1>2>3,18,0,0,True,1,0.0025746569500798423,0.0018527152712944186,0.0074013931425672141,0.0043782719385342325
10000,0,multi,gaussian_matched,0.050000000000000003,893,16,0.02,16.582658655262403,>=10%,True,True,4,0.013504725942378878,0.52438461499218281,0.01829191788464337,0.04000014899661232,1.1965232261823056,1.2349986899024334,1.2163612359934175,0.98490892819450004,0.9701862515034726,1.0500100269667538,True,True,False,4>1>2>3,18,0,0,True,1,0.007314413128599909,0.0097323025508578541,0.0046365728210861906,0.013504725942378878
10000,0,multi,gaussian_matched,0.050000000000000003,893,16,0.050000000000000003,16.582658655262403,>=10%,True,True,4,0.013504725942378878,0.52438461499218281,0.01829191788464337,0.04000014899661232,1.1965232261823056,1.2349986899024334,1.2163612359934175,0.98490892819450004,0.94562600292617793,1.0500100269667538,True,True,False,4>1>2>3,18,0,0,True,1,0.007314413128599909,0.0097323025508578541,0.0046365728210861906,0.013504725942378878
10000,0,multi,gaussian_matched,0.050000000000000003,893,17,0.02,16.582658655262403,>=10%,True,True,4,0.016217224845661158,0.44149631201183398,0.086137876785847167,0.068765017609288465,1.1965232261823056,1.1279657175300344,1.1448697405542227,1.0149862914816277,1.0070543302541861,1.0143010445654304,True,True,False,4>1>2>3,18,0,0,True,1,0.016217224845661158,0.00016965108963912793,0.011748671781427099,0.0068140562345416281
10000,0,multi,gaussian_matched,0.050000000000000003,893,17,0.050000000000000003,16.582658655262403,>=10%,True,True,4,0.016217224845661158,0.44149631201183398,0.086137876785847167,0.068765017609288465,1.1965232261823056,1.1279657175300344,1.1448697405542227,1.0149862914816277,0.97995562546313164,1.0143010445654304,True,True,False,4>1>2>3,18,0,0,True,1,0.016217224845661158,0.00016965108963912793,0.011748671781427099,0.0068140562345416281
10000,0,multi,gaussian_matched,0.050000000000000003,893,18,0.02,16.582658655262403,>=10%,True,True,4,0.015306877365796345,0.52903782062497118,-0.014218347220606858,0.070478302663971884,1.1965232261823056,1.2590832002081487,1.2368799939312827,0.98236557657731005,0.9678871192857913,1.0926309393647005,True,True,False,4>1>2>3,18,0,0,True,1,0.011378488499337001,0.015306877365796345,0.0032775810547327885,0.013781672079940801
10000,0,multi,gaussian_matched,0.050000000000000003,893,18,0.050000000000000003,16.582658655262403,>=10%,True,True,4,0.015306877365796345,0.52903782062497118,-0.014218347220606858,0.070478302663971884,1.1965232261823056,1.2590832002081487,1.2368799939312827,0.98236557657731005,0.94394223877961569,1.0926309393647005,True,True,False,4>1>2>3,18,0,0,True,1,0.011378488499337001,0.015306877365796345,0.0032775810547327885,0.013781672079940801
10000,0,multi,gaussian_matched,0.050000000000000003,893,19,0.02,16.582658655262403,>=10%,True,True,4,0.010237059913420365,0.51806654292035181,0.021270065691192632,0.033938313135471264,1.1965232261823056,1.228173446369512,1.2120466440036957,0.98686927940553737,0.97268632550478851,1.0413378778401794,True,True,False,4>1>2>3,18,0,0,True,1,0.0057998883996661556,0.0089788071185637145,0.0049118902854809778,0.010237059913420365
10000,0,multi,gaussian_matched,0.050000000000000003,893,19,0.050000000000000003,16.582658655262403,>=10%,True,True,4,0.010237059913420365,0.51806654292035181,0.021270065691192632,0.033938313135471264,1.1965232261823056,1.228173446369512,1.2120466440036957,0.98686927940553737,0.94798922202100011,1.0413378778401794,True,True,False,4>1>2>3,18,0,0,True,1,0.0057998883996661556,0.0089788071185637145,0.0049118902854809778,0.010237059913420365
10000,0,multi,gaussian_matched,0.050000000000000003,893,20,0.02,16.582658655262403,>=10%,True,False,1,0.0600619834870873,0.39141805034975508,0.0055257910805796423,0.11733710005303767,1.1965232261823056,1.1510396689112881,1.1751901333189561,1.0209814353579236,,1.0802358074535703,False,False,False,,-1,,,False,1,0.018982366288572604,0.024322383599294971,0.020201147088295717,0.0600619834870873
10000,0,multi,gaussian_matched,0.050000000000000003,893,20,0.050000000000000003,16.582658655262403,>=10%,True,False,3,0.0600619834870873,0.39141805034975508,0.0055257910805796423,0.11733710005303767,1.1965232261823056,1.1510396689112881,1.1751901333189561,1.0209814353579236,,1.0802358074535703,False,False,False,,-1,,,False,1,0.018982366288572604,0.024322383599294971,0.020201147088295717,0.0600619834870873
10000,0,multi,gaussian_matched,0.050000000000000003,893,21,0.02,16.582658655262403,>=10%,True,False,3,0.026804999277838002,0.54369629685857312,0.053893376175350782,0.043869405480304116,1.1965232261823056,1.230811482852137,1.2058848961174939,0.97974784353093525,,1.0444881254711074,False,False,False,,-1,,,False,1,0.007203929414032962,0.006307828336709234,0.0068618678605967647,0.026804999277838002
10000,0,multi,gaussian_matched,0.050000000000000003,893,21,0.050000000000000003,16.582658655262403,>=10%,True,True,4,0.026804999277838002,0.54369629685857312,0.053893376175350782,0.043869405480304116,1.1965232261823056,1.230811482852137,1.2058848961174939,0.97974784353093525,0.93812884410216013,1.0444881254711074,True,True,False,4>1>2>3,18,0,0,True,1,0.007203929414032962,0.006307828336709234,0.0068618678605967647,0.026804999277838002
10000,0,multi,gaussian_matched,0.050000000000000003,893,22,0.02,16.582658655262403,>=10%,True,True,4,0.01460284686691349,0.46108271342810359,0.051737220506102417,0.038956040984755261,1.1965232261823056,1.1646186879645164,1.1720514311788861,1.0063821260050021,0.99660365013298191,1.0121052777450465,True,True,False,4>1>2>3,18,0,0,True,1,0.0084870734642373772,0.0046464562423446966,0.0092726862124444479,0.01460284686691349
10000,0,multi,gaussian_matched,0.050000000000000003,893,22,0.050000000000000003,16.582658655262403,>=10%,True,True,4,0.01460284686691349,0.46108271342810359,0.051737220506102417,0.038956040984755261,1.1965232261823056,1.1646186879645164,1.1720514311788861,1.0063821260050021,0.97055141459940064,1.0121052777450465,True,True,False,4>1>2>3,18,0,0,True,1,0.0084870734642373772,0.0046464562423446966,0.0092726862124444479,0.01460284686691349
10000,0,multi,gaussian_matched,0.050000000000000003,893,23,0.02,16.582658655262403,>=10%,True,True,4,0.015953214908200113,0.44155002538984889,0.10368192496965761,0.079360875753580612,1.1965232261823056,1.1178989446389795,1.1353493819211511,1.0156100310907863,1.0081496563292718,1.0151998984177304,True,True,False,4>1>2>3,18,0,0,True,1,0.015953214908200113,0.0039315851798659767,0.012545479983351104,0.0013496992400997068
10000,0,multi,gaussian_matched,0.050000000000000003,893,23,0.050000000000000003,16.582658655262403,>=10%,True,True,4,0.015953214908200113,0.44155002538984889,0.10368192496965761,0.079360875753580612,1.1965232261823056,1.1178989446389795,1.1353493819211511,1.0156100310907863,0.98058688777111491,1.0151998984177304,True,True,False,4>1>2>3,18,0,0,True,1,0.015953214908200113,0.0039315851798659767,0.012545479983351104,0.0013496992400997068
10000,0,multi,gaussian_matched,0.050000000000000003,893,24,0.02,16.582658655262403,>=10%,True,True,4,0.010374577962816253,0.46042407734366503,0.062417431925226169,0.041478262616915784,1.1965232261823056,1.1574097471772484,1.1656297230137218,1.0071020447654953,0.99731665426487859,1.0088462632539985,True,True,False,4>1>2>3,18,0,0,True,1,0.0098097573743618303,0.0024534907716557892,0.0095212449907230556,0.010374577962816253
10000,0,multi,gaussian_matched,0.050000000000000003,893,24,0.050000000000000003,16.582658655262403,>=10%,True,True,4,0.010374577962816253,0.46042407734366503,0.062417431925226169,0.041478262616915784,1.1965232261823056,1.1574097471772484,1.1656297230137218,1.0071020447654953,0.97101589254723131,1.0088462632539985,True,True,False,4>1>2>3,18,0,0,True,1,0.0098097573743618303,0.0024534907716557892,0.0095212449907230556,0.010374577962816253
10000,0,multi,gaussian_matched,0.050000000000000003,893,25,0.02,16.582658655262403,>=10%,True,True,4,0.0089967186497286848,0.50140728930312251,0.070346234258316195,0.020394845223167604,1.1965232261823056,1.1862391105768781,1.1781002390887001,0.99313892838668927,0.98028304104808339,1.0016479898479311,True,True,False,4>1>2>3,18,0,0,True,1,0.001934192115931577,0.00078057439480294535,0.007731821728935254,0.0089967186497286848
10000,0,multi,gaussian_matched,0.050000000000000003,893,25,0.050000000000000003,16.582658655262403,>=10%,True,True,4,0.0089967186497286848,0.50140728930312251,0.070346234258316195,0.020394845223167604,1.1965232261823056,1.1862391105768781,1.1781002390887001,0.99313892838668927,0.95433861945646081,1.0016479898479311,True,True,False,4>1>2>3,18,0,0,True,1,0.001934192115931577,0.00078057439480294535,0.007731821728935254,0.0089967186497286848
10000,0,multi,gaussian_matched,0.050000000000000003,893,26,0.02,16.582658655262403,>=10%,True,False,2,0.042918388776861993,0.39989202598015572,0.046342329061567343,0.10017477236835466,1.1965232261823056,1.1242434611273668,1.1532109246182136,1.0257661836536713,,1.0475230815081553,False,False,False,,-1,,,False,1,0.02265795061892564,0.015529729660816546,0.017335850217191581,0.042918388776861993
10000,0,multi,gaussian_matched,0.050000000000000003,893,26,0.050000000000000003,16.582658655262403,>=10%,True,True,4,0.042918388776861993,0.39989202598015572,0.046342329061567343,0.10017477236835466,1.1965232261823056,1.1242434611273668,1.1532109246182136,1.0257661836536713,0.99670295972210687,1.0475230815081553,True,True,False,4>1>2>3,18,0,0,True,1,0.02265795061892564,0.015529729660816546,0.017335850217191581,0.042918388776861993
10000,0,multi,gaussian_matched,0.050000000000000003,893,27,0.02,16.582658655262403,>=10%,True,True,4,0.019117089572963923,0.45869358405485799,0.042924265913558725,0.041908066181763966,1.1965232261823056,1.168494799044884,1.1763194546723192,1.0066963546896666,0.99723940681695111,1.0181394679157449,True,True,False,4>1>2>3,18,0,0,True,1,0.0081755078480569305,0.0067382613441874005,0.0094089916614195947,0.019117089572963923
10000,0,multi,gaussian_matched,0.050000000000000003,893,27,0.050000000000000003,16.582658655262403,>=10%,True,True,4,0.019117089572963923,0.45869358405485799,0.042924265913558725,0.041908066181763966,1.1965232261823056,1.168494799044884,1.1763194546723192,1.0066963546896666,0.9713468206555349,1.0181394679157449,True,True,False,4>1>2>3,18,0,0,True,1,0.0081755078480569305,0.0067382613441874005,0.0094089916614195947,0.019117089572963923
10000,0,multi,gaussian_matched,0.050000000000000003,893,28,0.02,16.582658655262403,>=10%,True,True,4,0.017507414540886852,0.48485409040376026,-0.0227198080441499,0.074280341002687086,1.1965232261823056,1.232680050552466,1.2257824589777022,0.99440439425325944,0.98448932517517651,1.0865336932308811,True,True,False,4>1>2>3,18,0,0,True,1,0.0030637018438331868,0.017507414540886852,0.0078225388327519078,0.010824850113865437
10000,0,multi,gaussian_matched,0.050000000000000003,893,28,0.050000000000000003,16.582658655262403,>=10%,True,True,4,0.017507414540886852,0.48485409040376026,-0.0227198080441499,0.074280341002687086,1.1965232261823056,1.232680050552466,1.2257824589777022,0.99440439425325944,0.96012981763236571,1.0865336932308811,True,True,False,4>1>2>3,18,0,0,True,1,0.0030637018438331868,0.017507414540886852,0.0078225388327519078,0.010824850113865437
10000,0,multi,gaussian_matched,0.050000000000000003,893,29,0.02,16.582658655262403,>=10%,True,False,3,0.021582287839250539,0.50808973804354585,0.098953701097291541,0.049617625021116794,1.1965232261823056,1.1775399215390074,1.166394537274783,0.99053502640517044,,1.0162879714218143,False,False,False,,-1,,,False,1,0.00015136435271826095,0.0025523473200577884,0.0094109764861475213,0.021582287839250539
10000,0,multi,gaussian_matched,0.050000000000000003,893,29,0.050000000000000003,16.582658655262403,>=10%,True,True,4,0.021582287839250539,0.50808973804354585,0.098953701097291541,0.049617625021116794,1.1965232261823056,1.1775399215390074,1.166394537274783,0.99053502640517044,0.95136900790819745,1.0162879714218143,True,True,False,4>1>2>3,18,0,0,True,1,0.00015136435271826095,0.0025523473200577884,0.0094109764861475213,0.021582287839250539
10000,0,multi,gaussian_matched,0.050000000000000003,893,30,0.02,16.582658655262403,>=10%,True,False,3,0.028197854126939908,0.54993482548302075,0.034232450555627639,0.052365087715962683,1.1965232261823056,1.2466112054291658,1.2192394014316428,0.9780430306752298,,1.0627495240563432,False,False,False,,-1,,,False,1,0.0099910994140131361,0.0094547296680048167,0.0059337622978491997,0.028197854126939908
10000,0,multi,gaussian_matched,0.050000000000000003,893,30,0.050000000000000003,16.582658655262403,>=10%,True,True,4,0.028197854126939908,0.54993482548302075,0.034232450555627639,0.052365087715962683,1.1965232261823056,1.2466112054291658,1.2192394014316428,0.9780430306752298,0.93615839165888304,1.0627495240563432,True,True,False,4>1>2>3,18,0,0,True,1,0.0099910994140131361,0.0094547296680048167,0.0059337622978491997,0.028197854126939908
10000,0,multi,gaussian_matched,0.050000000000000003,893,31,0.02,16.582658655262403,>=10%,True,False,3,0.037912013749591293,0.49577018636236087,0.14771645291066926,0.097807957206212007,1.1965232261823056,1.1461371269030387,1.1382634816752903,0.99313027643644736,,1.0330526076166373,False,False,False,,-1,,,False,1,0.0020369087449004777,0.010501684940590389,0.013425122563079492,0.037912013749591293
10000,0,multi,gaussian_matched,0.050000000000000003,893,31,0.050000000000000003,16.582658655262403,>=10%,True,True,4,0.037912013749591293,0.49577018636236087,0.14771645291066926,0.097807957206212007,1.1965232261823056,1.1461371269030387,1.1382634816752903,0.99313027643644736,0.95590710430962933,1.0330526076166373,True,True,False,4>1>2>3,18,0,0,True,1,0.0020369087449004777,0.010501684940590389,0.013425122563079492,0.037912013749591293
10000,0,multi,gaussian_matched,0.050000000000000003,894,0,0.02,8.2671812651966015,5-<10%,True,False,3,0.021095089276929897,0.53108842476610363,0.11579392338742778,0.072769021631106184,1.3009477792523612,1.2296700650302206,1.251267068806359,1.0175632508185093,,1.0177473005091506,False,False,False,,-1,,,False,1,0.0083336218990248644,0.00576873641249876,0.021095089276929897,0.0028299790083772956
10000,0,multi,gaussian_matched,0.050000000000000003,894,0,0.050000000000000003,8.2671812651966015,5-<10%,True,True,4,0.021095089276929897,0.53108842476610363,0.11579392338742778,0.072769021631106184,1.3009477792523612,1.2296700650302206,1.251267068806359,1.0175632508185093,0.97468743975483341,1.0177473005091506,True,True,False,1>3>2>4,2,0,0,True,1,0.0083336218990248644,0.00576873641249876,0.021095089276929897,0.0028299790083772956
10000,0,multi,gaussian_matched,0.050000000000000003,894,1,0.02,8.2671812651966015,5-<10%,True,False,2,0.052744623697575113,0.42935387161460936,0.09944644259441017,0.086231236458068933,1.3009477792523612,1.2855971985178256,1.2712957282102715,0.9888756211323092,,1.0434907429170559,False,False,False,,-1,,,False,1,0.052744623697575113,0.022166503000206162,0.0087661314095608192,0.01124939979012177
10000,0,multi,gaussian_matched,0.050000000000000003,894,1,0.050000000000000003,8.2671812651966015,5-<10%,True,False,3,0.052744623697575113,0.42935387161460936,0.09944644259441017,0.086231236458068933,1.3009477792523612,1.2855971985178256,1.2712957282102715,0.9888756211323092,,1.0434907429170559,False,False,False,,-1,,,False,1,0.052744623697575113,0.022166503000206162,0.0087661314095608192,0.01124939979012177
10000,0,multi,gaussian_matched,0.050000000000000003,894,2,0.02,8.2671812651966015,5-<10%,True,True,4,0.01540964072630658,0.51836052763878959,0.10564080622668987,0.058591879068099581,1.3009477792523612,1.2424509890647011,1.260347287991421,1.0144040280737288,0.99734051678191338,1.0138294465727893,True,True,False,1>3>2>4,2,0,0,True,1,0.0018381875425568964,0.0069565638253311557,0.01540964072630658,0.0029305785660682757
10000,0,multi,gaussian_matched,0.050000000000000003,894,2,0.050000000000000003,8.2671812651966015,5-<10%,True,True,4,0.01540964072630658,0.51836052763878959,0.10564080622668987,0.058591879068099581,1.3009477792523612,1.2424509890647011,1.260347287991421,1.0144040280737288,0.97309575992568664,1.0138294465727893,True,True,False,1>3>2>4,2,0,0,True,1,0.0018381875425568964,0.0069565638253311557,0.01540964072630658,0.0029305785660682757
10000,0,multi,gaussian_matched,0.050000000000000003,894,3,0.02,8.2671812651966015,5-<10%,True,False,2,0.047413013239094123,0.57288986715218715,0.10903243785003504,0.093796382936559661,1.3009477792523612,1.2324434711700112,1.2277416619542736,0.99618496967550652,,1.0158271269353372,False,False,False,,-1,,,False,1,0.037681220613513679,0.0063390096029831778,0.047413013239094123,0.0013267686914981041
10000,0,multi,gaussian_matched,0.050000000000000003,894,3,0.050000000000000003,8.2671812651966015,5-<10%,True,True,4,0.047413013239094123,0.57288986715218715,0.10903243785003504,0.093796382936559661,1.3009477792523612,1.2324434711700112,1.2277416619542736,0.99618496967550652,0.94962100525994375,1.0158271269353372,True,True,False,1>3>2>4,2,0,0,True,1,0.037681220613513679,0.0063390096029831778,0.047413013239094123,0.0013267686914981041
10000,0,multi,gaussian_matched,0.050000000000000003,894,4,0.02,8.2671812651966015,5-<10%,True,False,1,0.30498806106334453,0.61601983849899333,0.081367820223653714,0.12018545282568915,1.3009477792523612,1.2647121339314804,1.2907639824933819,1.0205990342489375,,1.0845550127537991,False,False,False,,-1,,,False,1,0.070613836002911531,0.073677457826821224,0.30498806106334453,0.0025211340175551934
10000,0,multi,gaussian_matched,0.050000000000000003,894,4,0.050000000000000003,8.2671812651966015,5-<10%,True,False,1,0.30498806106334453,0.61601983849899333,0.081367820223653714,0.12018545282568915,1.3009477792523612,1.2647121339314804,1.2907639824933819,1.0205990342489375,,1.0845550127537991,False,False,False,,-1,,,False,1,0.070613836002911531,0.073677457826821224,0.30498806106334453,0.0025211340175551934
10000,0,multi,gaussian_matched,0.050000000000000003,894,5,0.02,8.2671812651966015,5-<10%,True,True,4,0.013418478588199261,0.49699872166945253,0.11212480166180533,0.062197255993621324,1.3009477792523612,1.2427534043783224,1.2591400599009268,1.0131857659491199,0.99777188386583637,1.0156728325051636,True,True,False,1>3>2>4,2,0,0,True,1,0.013418478588199261,0.012181234845540827,0.012008319050244241,0.0041137866984627966
10000,0,multi,gaussian_matched,0.050000000000000003,894,5,0.050000000000000003,8.2671812651966015,5-<10%,True,True,4,0.013418478588199261,0.49699872166945253,0.11212480166180533,0.062197255993621324,1.3009477792523612,1.2427534043783224,1.2591400599009268,1.0131857659491199,0.97343824322390049,1.0156728325051636,True,True,False,1>3>2>4,2,0,0,True,1,0.013418478588199261,0.012181234845540827,0.012008319050244241,0.0041137866984627966
10000,0,multi,gaussian_matched,0.050000000000000003,894,6,0.02,8.2671812651966015,5-<10%,True,True,4,0.012701592562042499,0.52326638522023228,0.059155570613986873,0.02500298291172361,1.3009477792523612,1.286748427737056,1.2902062939792427,1.002687290046484,0.98590582345221811,1.0109623905479135,True,True,False,1>3>2>4,2,0,0,True,1,0.012701592562042499,0.0013967345625819987,0.009025709363893299,0.00060439053328257815
10000,0,multi,gaussian_matched,0.050000000000000003,894,6,0.050000000000000003,8.2671812651966015,5-<10%,True,True,4,0.012701592562042499,0.52326638522023228,0.059155570613986873,0.02500298291172361,1.3009477792523612,1.286748427737056,1.2902062939792427,1.002687290046484,0.96258746968273012,1.0109623905479135,True,True,False,1>3>2>4,2,0,0,True,1,0.012701592562042499,0.0013967345625819987,0.009025709363893299,0.00060439053328257815
10000,0,multi,gaussian_matched,0.050000000000000003,894,7,0.02,8.2671812651966015,5-<10%,True,False,3,0.023905409283418205,0.54102692834471189,0.060853979626173123,0.042438399158397866,1.3009477792523612,1.2823467689411305,1.2853316723765933,1.0023276881946117,,1.0206175011098788,False,False,False,,-1,,,False,1,0.023905409283418205,0.0047695813780891669,0.016357718186866543,8.7552815715102444e-05
10000,0,multi,gaussian_matched,0.050000000000000003,894,7,0.050000000000000003,8.2671812651966015,5-<10%,True,True,4,0.023905409283418205,0.54102692834471189,0.060853979626173123,0.042438399158397866,1.3009477792523612,1.2823467689411305,1.2853316723765933,1.0023276881946117,0.9606291176758005,1.0206175011098788,True,True,False,1>3>2>4,2,0,0,True,1,0.023905409283418205,0.0047695813780891669,0.016357718186866543,8.7552815715102444e-05
10000,0,multi,gaussian_matched,0.050000000000000003,894,8,0.02,8.2671812651966015,5-<10%,True,False,3,0.031867496531564753,0.45881312793989837,0.021737199766090478,0.049951419470892482,1.3009477792523612,1.3408294019712852,1.3253799825877821,0.98847771434547205,,1.0571764862453286,False,False,False,,-1,,,False,1,0.031867496531564753,0.0038865977456507463,0.0018199674766642125,0.0067331278095863712
10000,0,multi,gaussian_matched,0.050000000000000003,894,8,0.050000000000000003,8.2671812651966015,5-<10%,True,True,4,0.031867496531564753,0.45881312793989837,0.021737199766090478,0.049951419470892482,1.3009477792523612,1.3408294019712852,1.3253799825877821,0.98847771434547205,0.95617567649035573,1.0571764862453286,True,True,False,1>3>2>4,2,0,0,True,1,0.031867496531564753,0.0038865977456507463,0.0018199674766642125,0.0067331278095863712
10000,0,multi,gaussian_matched,0.050000000000000003,894,9,0.02,8.2671812651966015,5-<10%,True,False,2,0.038174612751827881,0.56935161822860103,0.091139448193115855,0.08063560720029142,1.3009477792523612,1.2503210286323247,1.2486756449839682,0.99868403105228398,,1.0218021609969608,False,False,False,,-1,,,False,1,0.03805805495437959,0.0073879861521575184,0.038174612751827881,0.00054836194757907882
10000,0,multi,gaussian_matched,0.050000000000000003,894,9,0.050000000000000003,8.2671812651966015,5-<10%,True,True,4,0.038174612751827881,0.56935161822860103,0.091139448193115855,0.08063560720029142,1.3009477792523612,1.2503210286323247,1.2486756449839682,0.99868403105228398,0.95302836595074292,1.0218021609969608,True,True,False,1>3>2>4,2,0,0,True,1,0.03805805495437959,0.0073879861521575184,0.038174612751827881,0.00054836194757907882
10000,0,multi,gaussian_matched,0.050000000000000003,894,10,0.02,8.2671812651966015,5-<10%,True,True,4,0.0048046324849392906,0.5060708319949162,0.070827668629264595,0.021694395166515952,1.3009477792523612,1.2792561063339076,1.2854800063307534,1.0048652493945738,0.98933912364768017,1.004786219973016,True,True,False,1>3>2>4,2,0,0,True,1,0.00039892427418221718,0.0040913918607479102,0.0048046324849392906,0.0019490242823404246
10000,0,multi,gaussian_matched,0.050000000000000003,894,10,0.050000000000000003,8.2671812651966015,5-<10%,True,True,4,0.0048046324849392906,0.5060708319949162,0.070827668629264595,0.021694395166515952,1.3009477792523612,1.2792561063339076,1.2854800063307534,1.0048652493945738,0.96584694239088287,1.004786219973016,True,True,False,1>3>2>4,2,0,0,True,1,0.00039892427418221718,0.0040913918607479102,0.0048046324849392906,0.0019490242823404246
10000,0,multi,gaussian_matched,0.050000000000000003,894,11,0.02,8.2671812651966015,5-<10%,True,False,3,0.039949192918738934,0.44657613830611054,0.091493930590349951,0.067645068365141073,1.3009477792523612,1.283146661062941,1.2784749303584901,0.99635916076765474,,1.0347225462787062,False,False,False,,-1,,,False,1,0.039949192918738934,0.018494828824237964,0.0063624475531096182,0.0080496088837919266
10000,0,multi,gaussian_matched,0.050000000000000003,894,11,0.050000000000000003,8.2671812651966015,5-<10%,True,True,4,0.039949192918738934,0.44657613830611054,0.091493930590349951,0.067645068365141073,1.3009477792523612,1.283146661062941,1.2784749303584901,0.99635916076765474,0.96264921645251555,1.0347225462787062,True,True,False,1>3>2>4,2,0,0,True,1,0.039949192918738934,0.018494828824237964,0.0063624475531096182,0.0080496088837919266
10000,0,multi,gaussian_matched,0.050000000000000003,894,12,0.02,8.2671812651966015,5-<10%,True,True,4,0.018274969653159844,0.53825618169439871,0.04650469280106391,0.038415525640680501,1.3009477792523612,1.2969256197262511,1.2954533537590298,0.99886480308135783,0.98103384779529879,1.0253054739570473,True,True,False,1>3>2>4,2,0,0,True,1,0.018274969653159844,0.0066418746783825436,0.015299865985308296,0.00070873314717660285
10000,0,multi,gaussian_matched,0.050000000000000003,894,12,0.050000000000000003,8.2671812651966015,5-<10%,True,True,4,0.018274969653159844,0.53825618169439871,0.04650469280106391,0.038415525640680501,1.3009477792523612,1.2969256197262511,1.2954533537590298,0.99886480308135783,0.9578966343066172,1.0253054739570473,True,True,False,1>3>2>4,2,0,0,True,1,0.018274969653159844,0.0066418746783825436,0.015299865985308296,0.00070873314717660285
10000,0,multi,gaussian_matched,0.050000000000000003,894,13,0.02,8.2671812651966015,5-<10%,True,True,4,0.013152088497984342,0.51093479254852647,0.10341811463546743,0.054525816447690625,1.3009477792523612,1.2465737885435184,1.2629711129736239,1.013153914016806,0.99674816102426489,1.0127208412458062,True,True,False,1>3>2>4,2,0,0,True,1,0.0025920096965899217,0.008138987314767504,0.013152088497984342,0.0031552480002199667
10000,0,multi,gaussian_matched,0.050000000000000003,894,13,0.050000000000000003,8.2671812651966015,5-<10%,True,True,4,0.013152088497984342,0.51093479254852647,0.10341811463546743,0.054525816447690625,1.3009477792523612,1.2465737885435184,1.2629711129736239,1.013153914016806,0.97256822340950111,1.0127208412458062,True,True,False,1>3>2>4,2,0,0,True,1,0.0025920096965899217,0.008138987314767504,0.013152088497984342,0.0031552480002199667
10000,0,multi,gaussian_matched,0.050000000000000003,894,14,0.02,8.2671812651966015,5-<10%,True,False,2,0.30143491799497513,0.43271450371858361,0.020382567360055157,0.073515510785263333,1.3009477792523612,1.3525286748029732,1.2941548193310135,0.95684094795220276,,1.0512876473045369,False,False,False,,-1,,,False,1,0.047703284836851489,0.0053660522200570139,0.0011614341450329,0.30143491799497513
10000,0,multi,gaussian_matched,0.050000000000000003,894,14,0.050000000000000003,8.2671812651966015,5-<10%,True,False,3,0.30143491799497513,0.43271450371858361,0.020382567360055157,0.073515510785263333,1.3009477792523612,1.3525286748029732,1.2941548193310135,0.95684094795220276,,1.0512876473045369,False,False,False,,-1,,,False,1,0.047703284836851489,0.0053660522200570139,0.0011614341450329,0.30143491799497513
10000,0,multi,gaussian_matched,0.050000000000000003,894,15,0.02,8.2671812651966015,5-<10%,True,True,4,0.0080099400607738964,0.49036624814633334,0.049410103093001777,0.0096517953324193467,1.3009477792523612,1.30422720490315,1.3026475926667573,0.99878885194968003,0.9848816663690213,1.0087256452010234,True,True,False,1>3>2>4,2,0,0,True,1,0.0080099400607738964,0.0037148418033446538,0.0031367651850155781,0.0024193718611890138
10000,0,multi,gaussian_matched,0.050000000000000003,894,15,0.050000000000000003,8.2671812651966015,5-<10%,True,True,4,0.0080099400607738964,0.49036624814633334,0.049410103093001777,0.0096517953324193467,1.3009477792523612,1.30422720490315,1.3026475926667573,0.99878885194968003,0.96185255094144362,1.0087256452010234,True,True,False,1>3>2>4,2,0,0,True,1,0.0080099400607738964,0.0037148418033446538,0.0031367651850155781,0.0024193718611890138
10000,0,multi,gaussian_matched,0.050000000000000003,894,16,0.02,8.2671812651966015,5-<10%,True,False,3,0.020360684301282468,0.54050971319579333,0.097365884393219471,0.062326269482115351,1.3009477792523612,1.2462103996235656,1.2612113670507146,1.0120372670872271,,1.0173641537659959,False,False,False,,-1,,,False,1,0.01795986504446306,0.0010769983537541414,0.020360684301282468,0.0016638733200168589
10000,0,multi,gaussian_matched,0.050000000000000003,894,16,0.050000000000000003,8.2671812651966015,5-<10%,True,True,4,0.020360684301282468,0.54050971319579333,0.097365884393219471,0.062326269482115351,1.3009477792523612,1.2462103996235656,1.2612113670507146,1.0120372670872271,0.96902464996046056,1.0173641537659959,True,True,False,1>3>2>4,2,0,0,True,1,0.01795986504446306,0.0010769983537541414,0.020360684301282468,0.0016638733200168589
10000,0,multi,gaussian_matched,0.050000000000000003,894,17,0.02,8.2671812651966015,5-<10%,True,False,2,0.30860526606458466,0.41774788864874302,0.052320923960221775,0.082284849819202505,1.3009477792523612,1.3315370968059135,1.2618323196019627,0.94765089356416854,,1.0331830307544037,False,False,False,,-1,,,False,1,0.054459385094117171,0.01313678176093353,0.00057909256117411316,0.30860526606458466
10000,0,multi,gaussian_matched,0.050000000000000003,894,17,0.050000000000000003,8.2671812651966015,5-<10%,True,False,2,0.30860526606458466,0.41774788864874302,0.052320923960221775,0.082284849819202505,1.3009477792523612,1.3315370968059135,1.2618323196019627,0.94765089356416854,,1.0331830307544037,False,False,False,,-1,,,False,1,0.054459385094117171,0.01313678176093353,0.00057909256117411316,0.30860526606458466
10000,0,multi,gaussian_matched,0.050000000000000003,894,18,0.02,8.2671812651966015,5-<10%,True,True,4,0.014495423252595504,0.50013777860861519,0.11934659538298495,0.069346732252907356,1.3009477792523612,1.2348882242727226,1.2538633936729757,1.0153659003521784,0.99954684756478007,1.0171124060693011,True,True,False,1>3>2>4,2,0,0,True,1,0.012846306486269839,0.012529126763553338,0.014495423252595504,0.0042395557357963205
10000,0,multi,gaussian_matched,0.050000000000000003,894,18,0.050000000000000003,8.2671812651966015,5-<10%,True,True,4,0.014495423252595504,0.50013777860861519,0.11934659538298495,0.069346732252907356,1.3009477792523612,1.2348882242727226,1.2538633936729757,1.0153659003521784,0.97504312290222916,1.0171124060693011,True,True,False,1>3>2>4,2,0,0,True,1,0.012846306486269839,0.012529126763553338,0.014495423252595504,0.0042395557357963205
10000,0,multi,gaussian_matched,0.050000000000000003,894,19,0.02,8.2671812651966015,5-<10%,True,False,2,0.28895483249705561,0.43878998161081417,0.041056284783767549,0.061859974079153439,1.3009477792523612,1.3312898363293091,1.3012708888922024,0.97745123066523498,,1.0477982934524326,False,False,False,,-1,,,False,1,0.040737286599874481,0.0098940956592629588,0.003162607802834512,0.28895483249705561
10000,0,multi,gaussian_matched,0.050000000000000003,894,19,0.050000000000000003,8.2671812651966015,5-<10%,True,False,3,0.28895483249705561,0.43878998161081417,0.041056284783767549,0.061859974079153439,1.3009477792523612,1.3312898363293091,1.3012708888922024,0.97745123066523498,,1.0477982934524326,False,False,False,,-1,,,False,1,0.040737286599874481,0.0098940956592629588,0.003162607802834512,0.28895483249705561
10000,0,multi,gaussian_matched,0.050000000000000003,894,20,0.02,8.2671812651966015,5-<10%,True,False,2,0.28553807622045196,0.44590133641860746,0.014591478446855481,0.064656235583833585,1.3009477792523612,1.3523412350877826,1.3225646867870096,0.97798148312852395,,1.0663156081238419,False,False,False,,-1,,,False,1,0.04124832333876452,0.0036194073058812897,0.003293973093632194,0.28553807622045196
10000,0,multi,gaussian_matched,0.050000000000000003,894,20,0.050000000000000003,8.2671812651966015,5-<10%,True,False,3,0.28553807622045196,0.44590133641860746,0.014591478446855481,0.064656235583833585,1.3009477792523612,1.3523412350877826,1.3225646867870096,0.97798148312852395,,1.0663156081238419,False,False,False,,-1,,,False,1,0.04124832333876452,0.0036194073058812897,0.003293973093632194,0.28553807622045196
10000,0,multi,gaussian_matched,0.050000000000000003,894,21,0.02,8.2671812651966015,5-<10%,True,False,3,0.027963247807456491,0.51088212093569552,0.16206888028264804,0.11259597898622135,1.3009477792523612,1.1912024148624938,1.2238914010059885,1.0274420079540119,,1.0273182377545338,False,False,False,,-1,,,False,1,0.014348078678236537,0.01560670791648675,0.027963247807456491,0.0053555533461714863
10000,0,multi,gaussian_matched,0.050000000000000003,894,21,0.050000000000000003,8.2671812651966015,5-<10%,True,True,4,0.027963247807456491,0.51088212093569552,0.16206888028264804,0.11259597898622135,1.3009477792523612,1.1912024148624938,1.2238914010059885,1.0274420079540119,0.98404469897102076,1.0273182377545338,True,True,False,1>3>2>4,2,0,0,True,1,0.014348078678236537,0.01560670791648675,0.027963247807456491,0.0053555533461714863
10000,0,multi,gaussian_matched,0.050000000000000003,894,22,0.02,8.2671812651966015,5-<10%,True,False,3,0.027625462115367209,0.54735909304205821,0.064446148870952763,0.049513381130438426,1.3009477792523612,1.2780992045395994,1.2811906947882021,1.0024188186939029,,1.0228727833206188,False,False,False,,-1,,,False,1,0.027625462115367209,0.0055390213279046859,0.019489352064054402,0.00015666747476236192
10000,0,multi,gaussian_matched,0.050000000000000003,894,22,0.050000000000000003,8.2671812651966015,5-<10%,True,True,4,0.027625462115367209,0.54735909304205821,0.064446148870952763,0.049513381130438426,1.3009477792523612,1.2780992045395994,1.2811906947882021,1.0024188186939029,0.96000126894670967,1.0228727833206188,True,True,False,1>3>2>4,2,0,0,True,1,0.027625462115367209,0.0055390213279046859,0.019489352064054402,0.00015666747476236192
10000,0,multi,gaussian_matched,0.050000000000000003,894,23,0.02,8.2671812651966015,5-<10%,True,True,4,0.0096022331633213633,0.49541024163377156,0.088680283262767307,0.03895163918435629,1.3009477792523612,1.2653407409028543,1.275197723497524,1.0077899827896448,0.99291645929065508,1.0101476659094695,True,True,False,1>3>2>4,2,0,0,True,1,0.0096022331633213633,0.0091195310800479875,0.006026353936261046,0.0033383383810774944
10000,0,multi,gaussian_matched,0.050000000000000003,894,23,0.050000000000000003,8.2671812651966015,5-<10%,True,True,4,0.0096022331633213633,0.49541024163377156,0.088680283262767307,0.03895163918435629,1.3009477792523612,1.2653407409028543,1.275197723497524,1.0077899827896448,0.9690923970055324,1.0101476659094695,True,True,False,1>3>2>4,2,0,0,True,1,0.0096022331633213633,0.0091195310800479875,0.006026353936261046,0.0033383383810774944
10000,0,multi,gaussian_matched,0.050000000000000003,894,24,0.02,8.2671812651966015,5-<10%,True,True,4,0.01595181387308723,0.47819978997039514,0.062469973238684147,0.025114724563657532,1.3009477792523612,1.2958476747084888,1.295716206470428,0.9998985465339586,0.98697839510825935,1.0152835894713246,True,True,False,1>3>2>4,2,0,0,True,1,0.01595181387308723,0.0083911688121952304,0.0047043461036719164,0.0040986307468522838
10000,0,multi,gaussian_matched,0.050000000000000003,894,24,0.050000000000000003,8.2671812651966015,5-<10%,True,True,4,0.01595181387308723,0.47819978997039514,0.062469973238684147,0.025114724563657532,1.3009477792523612,1.2958476747084888,1.295716206470428,0.9998985465339586,0.96374894287658031,1.0152835894713246,True,True,False,1>3>2>4,2,0,0,True,1,0.01595181387308723,0.0083911688121952304,0.0047043461036719164,0.0040986307468522838
10000,0,multi,gaussian_matched,0.050000000000000003,894,25,0.02,8.2671812651966015,5-<10%,True,False,1,0.30293505523870856,0.60636091641734702,0.12095908319818365,0.12785865645103825,1.3009477792523612,1.2239953295879569,1.2692668348552498,1.0369866650410611,,1.073928956709699,False,False,False,,-1,,,False,1,0.059521876318953323,0.068744760380474376,0.30293505523870856,0.0019207921657404072
10000,0,multi,gaussian_matched,0.050000000000000003,894,25,0.050000000000000003,8.2671812651966015,5-<10%,True,False,1,0.30293505523870856,0.60636091641734702,0.12095908319818365,0.12785865645103825,1.3009477792523612,1.2239953295879569,1.2692668348552498,1.0369866650410611,,1.073928956709699,False,False,False,,-1,,,False,1,0.059521876318953323,0.068744760380474376,0.30293505523870856,0.0019207921657404072
10000,0,multi,gaussian_matched,0.050000000000000003,894,26,0.02,8.2671812651966015,5-<10%,True,True,4,0.013739452092300763,0.48148175508476559,0.060198918532817239,0.021141034363995715,1.3009477792523612,1.2968372575281106,1.2967755255367905,0.99995239804303759,0.98674374312366986,1.0130433987582321,True,True,False,1>3>2>4,2,0,0,True,1,0.013739452092300763,0.0073671630787535839,0.0042895522068845046,0.003683656607302222
10000,0,multi,gaussian_matched,0.050000000000000003,894,26,0.050000000000000003,8.2671812651966015,5-<10%,True,True,4,0.013739452092300763,0.48148175508476559,0.060198918532817239,0.021141034363995715,1.3009477792523612,1.2968372575281106,1.2967755255367905,0.99995239804303759,0.96354469203928994,1.0130433987582321,True,True,False,1>3>2>4,2,0,0,True,1,0.013739452092300763,0.0073671630787535839,0.0042895522068845046,0.003683656607302222
10000,0,multi,gaussian_matched,0.050000000000000003,894,27,0.02,8.2671812651966015,5-<10%,True,False,2,0.04052776827520415,0.56569172033639969,0.11799904236652398,0.094547722783365179,1.3009477792523612,1.2235154435358067,1.2311923891604304,1.0062744983442451,,1.019057131336726,False,False,False,,-1,,,False,1,0.031332860857735179,0.002774773181726131,0.04052776827520415,0.001862061976671934
10000,0,multi,gaussian_matched,0.050000000000000003,894,27,0.050000000000000003,8.2671812651966015,5-<10%,True,True,4,0.04052776827520415,0.56569172033639969,0.11799904236652398,0.094547722783365179,1.3009477792523612,1.2235154435358067,1.2311923891604304,1.0062744983442451,0.9598704000138738,1.019057131336726,True,True,False,1>3>2>4,2,0,0,True,1,0.031332860857735179,0.002774773181726131,0.04052776827520415,0.001862061976671934
10000,0,multi,gaussian_matched,0.050000000000000003,894,28,0.02,8.2671812651966015,5-<10%,True,False,3,0.04023796869865244,0.44134087949803613,0.075295227045429458,0.063880677276808392,1.3009477792523612,1.2998149884711385,1.2889948849781319,0.99167565877530506,,1.0399153477416452,False,False,False,,-1,,,False,1,0.04023796869865244,0.016473356885610704,0.011940097412273148,0.0094294332216853152
10000,0,multi,gaussian_matched,0.050000000000000003,894,28,0.050000000000000003,8.2671812651966015,5-<10%,True,True,4,0.04023796869865244,0.44134087949803613,0.075295227045429458,0.063880677276808392,1.3009477792523612,1.2998149884711385,1.2889948849781319,0.99167565877530506,0.9599724521245574,1.0399153477416452,True,True,False,1>3>2>4,2,0,0,True,1,0.04023796869865244,0.016473356885610704,0.011940097412273148,0.0094294332216853152
10000,0,multi,gaussian_matched,0.050000000000000003,894,29,0.02,8.2671812651966015,5-<10%,True,True,4,0.0083627194472750115,0.51558347639766233,0.075527323605714361,0.029908008745273572,1.3009477792523612,1.2723457078797837,1.2807460648707161,1.0066022598566631,0.99023131207356618,1.0074609407990278,True,True,False,1>3>2>4,2,0,0,True,1,0.0057168068785293973,0.0028933616779135657,0.0083627194472750115,0.0017329190177597512
10000,0,multi,gaussian_matched,0.050000000000000003,894,29,0.050000000000000003,8.2671812651966015,5-<10%,True,True,4,0.0083627194472750115,0.51558347639766233,0.075527323605714361,0.029908008745273572,1.3009477792523612,1.2723457078797837,1.2807460648707161,1.0066022598566631,0.96661994596066492,1.0074609407990278,True,True,False,1>3>2>4,2,0,0,True,1,0.0057168068785293973,0.0028933616779135657,0.0083627194472750115,0.0017329190177597512
10000,0,multi,gaussian_matched,0.050000000000000003,894,30,0.02,8.2671812651966015,5-<10%,True,False,3,0.027231174481002925,0.54446857994637154,0.12180965105174149,0.084463486706503638,1.3009477792523612,1.2214529253194375,1.2432896698192966,1.0178776799721105,,1.0206044990436463,False,False,False,,-1,,,False,1,0.016212042394611752,0.0035570837980424372,0.027231174481002925,0.0025857076991899126
10000,0,multi,gaussian_matched,0.050000000000000003,894,30,0.050000000000000003,8.2671812651966015,5-<10%,True,True,4,0.027231174481002925,0.54446857994637154,0.12180965105174149,0.084463486706503638,1.3009477792523612,1.2214529253194375,1.2432896698192966,1.0178776799721105,0.97338714501483881,1.0206044990436463,True,True,False,1>3>2>4,2,0,0,True,1,0.016212042394611752,0.0035570837980424372,0.027231174481002925,0.0025857076991899126
10000,0,multi,gaussian_matched,0.050000000000000003,894,31,0.02,8.2671812651966015,5-<10%,True,True,4,0.014459923695671647,0.50311303984761213,0.11644673127881755,0.066519614511301936,1.3009477792523612,1.2365887764512384,1.2554044581408321,1.0152157952974399,0.99921285493034173,1.0161238550342333,True,True,False,1>3>2>4,2,0,0,True,1,0.01030956364845774,0.011547650410826119,0.014459923695671647,0.0040061614686558843
10000,0,multi,gaussian_matched,0.050000000000000003,894,31,0.050000000000000003,8.2671812651966015,5-<10%,True,True,4,0.014459923695671647,0.50311303984761213,0.11644673127881755,0.066519614511301936,1.3009477792523612,1.2365887764512384,1.2554044581408321,1.0152157952974399,0.97476570604071289,1.0161238550342333,True,True,False,1>3>2>4,2,0,0,True,1,0.01030956364845774,0.011547650410826119,0.014459923695671647,0.0040061614686558843
10000,0,multi,gaussian_matched,0.050000000000000003,895,0,0.02,4.7612540468195403,1-<5%,True,False,2,0.0347327103233162,0.46283509594356043,0.0043888044561492881,0.058835459142117227,1.5184178171624425,1.5762654051500378,1.4997711186990181,0.95147118867095959,,1.0264675244352677,False,False,False,,-1,,,False,2,0.025558674767585807,0.0054331843653488603,0.003787120826821908,0.0347327103233162
10000,0,multi,gaussian_matched,0.050000000000000003,895,0,0.050000000000000003,4.7612540468195403,1-<5%,True,True,4,0.0347327103233162,0.46283509594356043,0.0043888044561492881,0.058835459142117227,1.5184178171624425,1.5762654051500378,1.4997711186990181,0.95147118867095959,0.92160127758964261,1.0264675244352677,True,True,False,4>1>2>3,18,0,0,True,2,0.025558674767585807,0.0054331843653488603,0.003787120826821908,0.0347327103233162
10000,0,multi,gaussian_matched,0.050000000000000003,895,1,0.02,4.7612540468195403,1-<5%,True,False,3,0.028627271383626616,0.54293920247568583,0.0068975637552307692,0.060840735691494896,1.5184178171624425,1.5169700276124443,1.5152363045601751,0.99885711449751069,,1.0379732261025352,False,False,False,,-1,,,False,2,0.028627271383626616,0.012149420481443976,0.010323396903555956,0.0031781953541914765
10000,0,multi,gaussian_matched,0.050000000000000003,895,1,0.050000000000000003,4.7612540468195403,1-<5%,True,True,4,0.028627271383626616,0.54293920247568583,0.0068975637552307692,0.060840735691494896,1.5184178171624425,1.5169700276124443,1.5152363045601751,0.99885711449751069,0.97100251243800517,1.0379732261025352,True,True,False,4>1>2>3,18,0,0,True,2,0.028627271383626616,0.012149420481443976,0.010323396903555956,0.0031781953541914765
10000,0,multi,gaussian_matched,0.050000000000000003,895,2,0.02,4.7612540468195403,1-<5%,True,False,2,0.053391206079929886,0.49284970770555442,0.10601465688084909,0.056469181553970314,1.5184178171624425,1.4908823098223452,1.4094311357656748,0.94536713359596025,,0.96541301132718538,False,False,False,,-1,,,False,2,0.002081206191036251,0.053391206079929886,0.0178587502077279,0.03278245565727908
10000,0,multi,gaussian_matched,0.050000000000000003,895,2,0.050000000000000003,4.7612540468195403,1-<5%,True,False,3,0.053391206079929886,0.49284970770555442,0.10601465688084909,0.056469181553970314,1.5184178171624425,1.4908823098223452,1.4094311357656748,0.94536713359596025,,0.96541301132718538,False,False,False,,-1,,,False,2,0.002081206191036251,0.053391206079929886,0.0178587502077279,0.03278245565727908
10000,0,multi,gaussian_matched,0.050000000000000003,895,3,0.02,4.7612540468195403,1-<5%,True,False,3,0.021137785145912989,0.47885222522552584,0.02668093872953602,0.031480263601938577,1.5184178171624425,1.5496010939777378,1.4821363571233386,0.95646315873382537,,0.99683802680467914,False,False,False,,-1,,,False,2,0.019089564473751569,0.013065869622198974,0.0043541245309666301,0.021137785145912989
10000,0,multi,gaussian_matched,0.050000000000000003,895,3,0.050000000000000003,4.7612540468195403,1-<5%,True,True,4,0.021137785145912989,0.47885222522552584,0.02668093872953602,0.031480263601938577,1.5184178171624425,1.5496010939777378,1.4821363571233386,0.95646315873382537,0.92695500474807269,0.99683802680467914,True,True,False,4>1>2>3,18,0,0,True,2,0.019089564473751569,0.013065869622198974,0.0043541245309666301,0.021137785145912989
10000,0,multi,gaussian_matched,0.050000000000000003,895,4,0.02,4.7612540468195403,1-<5%,True,False,3,0.022125193537194346,0.52800773804462864,0.023624846827104081,0.038471835091015094,1.5184178171624425,1.515316352151864,1.5038093417357961,0.99240619927335494,,1.0157159375994176,False,False,False,,-1,,,False,2,0.022125193537194346,0.0027852506848801573,0.0061962938459931786,0.0014024243270064794
10000,0,multi,gaussian_matched,0.050000000000000003,895,4,0.050000000000000003,4.7612540468195403,1-<5%,True,True,4,0.022125193537194346,0.52800773804462864,0.023624846827104081,0.038471835091015094,1.5184178171624425,1.515316352151864,1.5038093417357961,0.99240619927335494,0.96190240832286966,1.0157159375994176,True,True,False,4>1>2>3,18,0,0,True,2,0.022125193537194346,0.0027852506848801573,0.0061962938459931786,0.0014024243270064794
10000,0,multi,gaussian_matched,0.050000000000000003,895,5,0.02,4.7612540468195403,1-<5%,True,True,4,0.01959802223168405,0.50048765687381569,0.046119646981700596,0.0039108757041364794,1.5184178171624425,1.5205303605182916,1.466999747721164,0.9647947754368541,0.95552667845456485,0.96871270002223653,True,True,False,4>1>2>3,18,0,0,True,2,0.013296594584606395,0.01959802223168405,0.0063753778459591784,0.007429293517586557
10000,0,multi,gaussian_matched,0.050000000000000003,895,5,0.050000000000000003,4.7612540468195403,1-<5%,True,True,4,0.01959802223168405,0.50048765687381569,0.046119646981700596,0.0039108757041364794,1.5184178171624425,1.5205303605182916,1.466999747721164,0.9647947754368541,0.9357112097283492,0.96871270002223653,True,True,False,4>1>2>3,18,0,0,True,2,0.013296594584606395,0.01959802223168405,0.0063753778459591784,0.007429293517586557
10000,0,multi,gaussian_matched,0.050000000000000003,895,6,0.02,4.7612540468195403,1-<5%,True,False,2,0.42192184295999213,0.44431557987219578,0.12504132388106609,0.093444929957664735,1.5184178171624425,1.5132721930774313,1.3718705710486134,0.90655902971344515,,0.96502786284778996,False,False,False,,-1,,,False,2,0.040324388160177201,0.0042624981483403677,0.016573136272459994,0.42192184295999213
10000,0,multi,gaussian_matched,0.050000000000000003,895,6,0.050000000000000003,4.7612540468195403,1-<5%,True,False,3,0.42192184295999213,0.44431557987219578,0.12504132388106609,0.093444929957664735,1.5184178171624425,1.5132721930774313,1.3718705710486134,0.90655902971344515,,0.96502786284778996,False,False,False,,-1,,,False,2,0.040324388160177201,0.0042624981483403677,0.016573136272459994,0.42192184295999213
10000,0,multi,gaussian_matched,0.050000000000000003,895,7,0.02,4.7612540468195403,1-<5%,True,False,2,0.04924598804885013,0.44827674112102783,-0.0051834278144840401,0.075634028151471244,1.5184178171624425,1.5935403449789127,1.4886983971198839,0.93420816222860292,,1.0302384545215073,False,False,False,,-1,,,False,2,0.02836463422227262,0.0099208745961692005,0.0033612566491355213,0.04924598804885013
10000,0,multi,gaussian_matched,0.050000000000000003,895,7,0.050000000000000003,4.7612540468195403,1-<5%,True,True,4,0.04924598804885013,0.44827674112102783,-0.0051834278144840401,0.075634028151471244,1.5184178171624425,1.5935403449789127,1.4886983971198839,0.93420816222860292,0.90488252851741002,1.0302384545215073,True,True,False,4>1>2>3,18,0,0,True,2,0.02836463422227262,0.0099208745961692005,0.0033612566491355213,0.04924598804885013
10000,0,multi,gaussian_matched,0.050000000000000003,895,8,0.02,4.7612540468195403,1-<5%,True,False,1,0.46493613731368721,0.42347499598351018,0.030482716302216356,0.078974683302078227,1.5184178171624425,1.5908879301686998,1.469754959180984,0.92385826261509774,,1.0199627697844491,False,False,False,,-1,,,False,2,0.047103424443539661,0.04458016216123134,0.0049573335573394805,0.46493613731368721
10000,0,multi,gaussian_matched,0.050000000000000003,895,8,0.050000000000000003,4.7612540468195403,1-<5%,True,False,3,0.46493613731368721,0.42347499598351018,0.030482716302216356,0.078974683302078227,1.5184178171624425,1.5908879301686998,1.469754959180984,0.92385826261509774,,1.0199627697844491,False,False,False,,-1,,,False,2,0.047103424443539661,0.04458016216123134,0.0049573335573394805,0.46493613731368721
10000,0,multi,gaussian_matched,0.050000000000000003,895,9,0.02,4.7612540468195403,1-<5%,True,False,2,0.053709931457733694,0.45358599639556912,0.044665914562820812,0.046719505541510706,1.5184178171624425,1.5582234726430566,1.4205585521952204,0.91165264619308484,,0.96632036396854237,False,False,False,,-1,,,False,2,0.015143698023741351,0.053709931457733694,0.014210246674664192,0.051928015553645034
10000,0,multi,gaussian_matched,0.050000000000000003,895,9,0.050000000000000003,4.7612540468195403,1-<5%,True,False,2,0.053709931457733694,0.45358599639556912,0.044665914562820812,0.046719505541510706,1.5184178171624425,1.5582234726430566,1.4205585521952204,0.91165264619308484,,0.96632036396854237,False,False,False,,-1,,,False,2,0.015143698023741351,0.053709931457733694,0.014210246674664192,0.051928015553645034
10000,0,multi,gaussian_matched,0.050000000000000003,895,10,0.02,4.7612540468195403,1-<5%,True,False,3,0.043697286980679963,0.49961896045773496,0.083435553693586045,0.033437724831833951,1.5184178171624425,1.4981631369019297,1.4268863055031646,0.95242385182019673,,0.96174057879799701,False,False,False,,-1,,,False,2,0.0035313957599618002,0.043697286980679963,0.013696627310923255,0.019511660420312892
10000,0,multi,gaussian_matched,0.050000000000000003,895,10,0.050000000000000003,4.7612540468195403,1-<5%,True,True,4,0.043697286980679963,0.49961896045773496,0.083435553693586045,0.033437724831833951,1.5184178171624425,1.4981631369019297,1.4268863055031646,0.95242385182019673,0.92614814855327621,0.96174057879799701,True,True,False,4>1>2>3,18,0,0,True,2,0.0035313957599618002,0.043697286980679963,0.013696627310923255,0.019511660420312892
10000,0,multi,gaussian_matched,0.050000000000000003,895,11,0.02,4.7612540468195403,1-<5%,True,False,2,0.043176132691663427,0.45466395823599626,0.02999417532089458,0.049553907049985427,1.5184178171624425,1.5662742315053437,1.4464464712329965,0.92349503180092485,,0.98523631728627026,False,False,False,,-1,,,False,2,0.016769493690715558,0.036702066303043943,0.0096499662593493782,0.043176132691663427
10000,0,multi,gaussian_matched,0.050000000000000003,895,11,0.050000000000000003,4.7612540468195403,1-<5%,True,True,4,0.043176132691663427,0.45466395823599626,0.02999417532089458,0.049553907049985427,1.5184178171624425,1.5662742315053437,1.4464464712329965,0.92349503180092485,0.89654573974276308,0.98523631728627026,True,True,False,4>1>2>3,18,0,0,True,2,0.016769493690715558,0.036702066303043943,0.0096499662593493782,0.043176132691663427
10000,0,multi,gaussian_matched,0.050000000000000003,895,12,0.02,4.7612540468195403,1-<5%,True,False,1,0.49141119316473919,0.40493178334235314,0.034506790666409576,0.096322403177660276,1.5184178171624425,1.5838125987717819,1.4526548010098794,0.91718856267236859,,1.020125809036017,False,False,False,,-1,,,False,2,0.050139255736103235,0.067117330410066886,0.0076147822884848511,0.49141119316473919
10000,0,multi,gaussian_matched,0.050000000000000003,895,12,0.050000000000000003,4.7612540468195403,1-<5%,True,False,1,0.49141119316473919,0.40493178334235314,0.034506790666409576,0.096322403177660276,1.5184178171624425,1.5838125987717819,1.4526548010098794,0.91718856267236859,,1.020125809036017,False,False,False,,-1,,,False,2,0.050139255736103235,0.067117330410066886,0.0076147822884848511,0.49141119316473919
10000,0,multi,gaussian_matched,0.050000000000000003,895,13,0.02,4.7612540468195403,1-<5%,True,False,1,0.4728806992429217,0.41990870582926793,-0.0097389453564875467,0.099916750318693556,1.5184178171624425,1.6182276541784177,1.5086857564039526,0.93230748622320381,,1.0593938562501442,False,False,False,,-1,,,False,2,0.053610749938922168,0.032999335956851672,0.0074701951057449239,0.4728806992429217
10000,0,multi,gaussian_matched,0.050000000000000003,895,13,0.050000000000000003,4.7612540468195403,1-<5%,True,False,2,0.4728806992429217,0.41990870582926793,-0.0097389453564875467,0.099916750318693556,1.5184178171624425,1.6182276541784177,1.5086857564039526,0.93230748622320381,,1.0593938562501442,False,False,False,,-1,,,False,2,0.053610749938922168,0.032999335956851672,0.0074701951057449239,0.4728806992429217
10000,0,multi,gaussian_matched,0.050000000000000003,895,14,0.02,4.7612540468195403,1-<5%,True,False,0,0.48502626979698166,0.38756183818706191,0.16216197934969173,0.15881640294224372,1.5184178171624425,1.4569586860926464,1.3411498411219887,0.92051329521138281,,0.9878481582014812,False,False,False,,-1,,,False,2,0.079141865522300792,0.039223885489387364,0.033642862159093442,0.48502626979698166
10000,0,multi,gaussian_matched,0.050000000000000003,895,14,0.050000000000000003,4.7612540468195403,1-<5%,True,False,2,0.48502626979698166,0.38756183818706191,0.16216197934969173,0.15881640294224372,1.5184178171624425,1.4569586860926464,1.3411498411219887,0.92051329521138281,,0.9878481582014812,False,False,False,,-1,,,False,2,0.079141865522300792,0.039223885489387364,0.033642862159093442,0.48502626979698166
10000,0,multi,gaussian_matched,0.050000000000000003,895,15,0.02,4.7612540468195403,1-<5%,True,False,3,0.024860497929510953,0.53008159906488417,0.067183051362875112,0.034643323403502214,1.5184178171624425,1.4843345163419952,1.453542460047871,0.97925531209096428,,0.98008977939447151,False,False,False,,-1,,,False,2,0.0067567738111717389,0.024860497929510953,0.0082992695048238977,0.0001653588172495215
10000,0,multi,gaussian_matched,0.050000000000000003,895,15,0.050000000000000003,4.7612540468195403,1-<5%,True,True,4,0.024860497929510953,0.53008159906488417,0.067183051362875112,0.034643323403502214,1.5184178171624425,1.4843345163419952,1.453542460047871,0.97925531209096428,0.95041879205856017,0.98008977939447151,True,True,False,4>1>2>3,18,0,0,True,2,0.0067567738111717389,0.024860497929510953,0.0082992695048238977,0.0001653588172495215
10000,0,multi,gaussian_matched,0.050000000000000003,895,16,0.02,4.7612540468195403,1-<5%,True,False,3,0.035294259791130891,0.51742936947110896,-0.015426029002191713,0.067707814845526182,1.5184178171624425,1.5506825394636858,1.5222014887341755,0.98163321633881251,,1.04708288167407,False,False,False,,-1,,,False,2,0.035294259791130891,0.01606819944583264,0.013841894011095299,0.013856877981482579
10000,0,multi,gaussian_matched,0.050000000000000003,895,16,0.050000000000000003,4.7612540468195403,1-<5%,True,True,4,0.035294259791130891,0.51742936947110896,-0.015426029002191713,0.067707814845526182,1.5184178171624425,1.5506825394636858,1.5222014887341755,0.98163321633881251,0.95705763263707577,1.04708288167407,True,True,False,4>1>2>3,18,0,0,True,2,0.035294259791130891,0.01606819944583264,0.013841894011095299,0.013856877981482579
10000,0,multi,gaussian_matched,0.050000000000000003,895,17,0.02,4.7612540468195403,1-<5%,True,False,2,0.0494523448469062,0.50500936662401363,0.10842662487269714,0.058640977549736101,1.5184178171624425,1.4794102170551522,1.4119275897732513,0.95438545272708142,,0.96848742862562431,False,False,False,,-1,,,False,2,9.6927101568864283e-05,0.0494523448469062,0.017873327094748821,0.02773900599128255
10000,0,multi,gaussian_matched,0.050000000000000003,895,17,0.050000000000000003,4.7612540468195403,1-<5%,True,True,4,0.0494523448469062,0.50500936662401363,0.10842662487269714,0.058640977549736101,1.5184178171624425,1.4794102170551522,1.4119275897732513,0.95438545272708142,0.9302678982355993,0.96848742862562431,True,True,False,4>1>2>3,18,0,0,True,2,9.6927101568864283e-05,0.0494523448469062,0.017873327094748821,0.02773900599128255
10000,0,multi,gaussian_matched,0.050000000000000003,895,18,0.02,4.7612540468195403,1-<5%,True,False,1,0.53187082422819676,0.37255960694567736,0.032219946558892154,0.12867472200167715,1.5184178171624425,1.5781157344026822,1.4330127282098204,0.90805300078464568,,1.028496526160313,False,False,False,,-1,,,False,2,0.073488841775646768,0.095660288303931473,0.0045792274737069157,0.53187082422819676
10000,0,multi,gaussian_matched,0.050000000000000003,895,18,0.050000000000000003,4.7612540468195403,1-<5%,True,False,1,0.53187082422819676,0.37255960694567736,0.032219946558892154,0.12867472200167715,1.5184178171624425,1.5781157344026822,1.4330127282098204,0.90805300078464568,,1.028496526160313,False,False,False,,-1,,,False,2,0.073488841775646768,0.095660288303931473,0.0045792274737069157,0.53187082422819676
10000,0,multi,gaussian_matched,0.050000000000000003,895,19,0.02,4.7612540468195403,1-<5%,True,False,2,0.033342605736037825,0.47093089487089473,-0.0094441560882306055,0.066171146023390734,1.5184178171624425,1.5794559900923024,1.5187207042496371,0.96154670581285651,,1.0437784859735177,False,False,False,,-1,,,False,2,0.031258452735615998,0.0056324973909552779,0.0078756931619392533,0.033342605736037825
10000,0,multi,gaussian_matched,0.050000000000000003,895,19,0.050000000000000003,4.7612540468195403,1-<5%,True,True,4,0.033342605736037825,0.47093089487089473,-0.0094441560882306055,0.066171146023390734,1.5184178171624425,1.5794559900923024,1.5187207042496371,0.96154670581285651,0.93238405505723976,1.0437784859735177,True,True,False,4>1>2>3,18,0,0,True,2,0.031258452735615998,0.0056324973909552779,0.0078756931619392533,0.033342605736037825
10000,0,multi,gaussian_matched,0.050000000000000003,895,20,0.02,4.7612540468195403,1-<5%,True,False,2,0.43527329785415991,0.43862797797387076,0.084473476799063668,0.070391375112234256,1.5184178171624425,1.547893288111132,1.4155589299793334,0.91450679504316224,,0.97861753747624691,False,False,False,,-1,,,False,2,0.042396109349547378,0.012142247374042122,0.014001159848533028,0.43527329785415991
10000,0,multi,gaussian_matched,0.050000000000000003,895,20,0.050000000000000003,4.7612540468195403,1-<5%,True,False,3,0.43527329785415991,0.43862797797387076,0.084473476799063668,0.070391375112234256,1.5184178171624425,1.547893288111132,1.4155589299793334,0.91450679504316224,,0.97861753747624691,False,False,False,,-1,,,False,2,0.042396109349547378,0.012142247374042122,0.014001159848533028,0.43527329785415991
10000,0,multi,gaussian_matched,0.050000000000000003,895,21,0.02,4.7612540468195403,1-<5%,True,False,1,0.48745681274456476,0.39908976596572748,0.093801140519802095,0.11000643273775902,1.5184178171624425,1.5254034364951261,1.3995136990416759,0.91747118536542482,,0.99414016005183914,False,False,False,,-1,,,False,2,0.056739969495330209,0.056509672716199937,0.0074286284289807603,0.48745681274456476
10000,0,multi,gaussian_matched,0.050000000000000003,895,21,0.050000000000000003,4.7612540468195403,1-<5%,True,False,1,0.48745681274456476,0.39908976596572748,0.093801140519802095,0.11000643273775902,1.5184178171624425,1.5254034364951261,1.3995136990416759,0.91747118536542482,,0.99414016005183914,False,False,False,,-1,,,False,2,0.056739969495330209,0.056509672716199937,0.0074286284289807603,0.48745681274456476
10000,0,multi,gaussian_matched,0.050000000000000003,895,22,0.02,4.7612540468195403,1-<5%,True,True,4,0.019607692008885753,0.56267570731348582,0.035410981539171917,0.064351252877439161,1.5184178171624425,1.4826485626356591,1.4998561831938619,1.0116060009039589,1.0011534372037016,1.0301561391017056,True,True,False,4>1>2>3,18,0,0,True,2,0.019607692008885753,0.003308499362666762,0.0060864863742568507,0.019232895472755956
10000,0,multi,gaussian_matched,0.050000000000000003,895,22,0.050000000000000003,4.7612540468195403,1-<5%,True,True,4,0.019607692008885753,0.56267570731348582,0.035410981539171917,0.064351252877439161,1.5184178171624425,1.4826485626356591,1.4998561831938619,1.0116060009039589,0.98069546206156188,1.0301561391017056,True,True,False,4>1>2>3,18,0,0,True,2,0.019607692008885753,0.003308499362666762,0.0060864863742568507,0.019232895472755956
10000,0,multi,gaussian_matched,0.050000000000000003,895,23,0.02,4.7612540468195403,1-<5%,True,False,3,0.034526709960966406,0.49487523198665617,0.063730540085659454,0.014655748982378659,1.5184178171624425,1.5138176756782362,1.4440334586287804,0.95390183496292558,,0.96066391682435481,False,False,False,,-1,,,False,2,0.0079074197539352915,0.034526709960966406,0.010040653422151116,0.014274818907079679
10000,0,multi,gaussian_matched,0.050000000000000003,895,23,0.050000000000000003,4.7612540468195403,1-<5%,True,True,4,0.034526709960966406,0.49487523198665617,0.063730540085659454,0.014655748982378659,1.5184178171624425,1.5138176756782362,1.4440334586287804,0.95390183496292558,0.92632311404474443,0.96066391682435481,True,True,False,4>1>2>3,18,0,0,True,2,0.0079074197539352915,0.034526709960966406,0.010040653422151116,0.014274818907079679
10000,0,multi,gaussian_matched,0.050000000000000003,895,24,0.02,4.7612540468195403,1-<5%,True,False,3,0.022532854673983724,0.55899288857727358,0.026484625274859987,0.06350695828926442,1.5184178171624425,1.491687808556343,1.505927850619829,1.0095462616117159,,1.0335987836615284,False,False,False,,-1,,,False,2,0.022532854673983724,0.0067925875907102274,0.0075682606143890529,0.01521668226256816
10000,0,multi,gaussian_matched,0.050000000000000003,895,24,0.050000000000000003,4.7612540468195403,1-<5%,True,True,4,0.022532854673983724,0.55899288857727358,0.026484625274859987,0.06350695828926442,1.5184178171624425,1.491687808556343,1.505927850619829,1.0095462616117159,0.97944408485436663,1.0335987836615284,True,True,False,4>1>2>3,18,0,0,True,2,0.022532854673983724,0.0067925875907102274,0.0075682606143890529,0.01521668226256816
10000,0,multi,gaussian_matched,0.050000000000000003,895,25,0.02,4.7612540468195403,1-<5%,True,False,3,0.021948073474152445,0.52472198489245236,0.023701299872774834,0.036094295469012216,1.5184178171624425,1.5176104498478602,1.5031044192420404,0.99044153220790354,,1.0136858888994364,False,False,False,,-1,,,False,2,0.021948073474152445,0.0020850003805506939,0.0059509821970193623,6.4455783340831288e-06
10000,0,multi,gaussian_matched,0.050000000000000003,895,25,0.050000000000000003,4.7612540468195403,1-<5%,True,True,4,0.021948073474152445,0.52472198489245236,0.023701299872774834,0.036094295469012216,1.5184178171624425,1.5176104498478602,1.5031044192420404,0.99044153220790354,0.95989251364192729,1.0136858888994364,True,True,False,4>1>2>3,18,0,0,True,2,0.021948073474152445,0.0020850003805506939,0.0059509821970193623,6.4455783340831288e-06
10000,0,multi,gaussian_matched,0.050000000000000003,895,26,0.02,4.7612540468195403,1-<5%,True,False,3,0.033961259941666724,0.53076002375282894,0.08454038337572356,0.046251671807801285,1.5184178171624425,1.4727540128143011,1.4374161456752232,0.97600558760552936,,0.9771143361947916,False,False,False,,-1,,,False,2,0.00094489189298318848,0.033961259941666724,0.01117313695441855,0.0069881483299289952
10000,0,multi,gaussian_matched,0.050000000000000003,895,26,0.050000000000000003,4.7612540468195403,1-<5%,True,True,4,0.033961259941666724,0.53076002375282894,0.08454038337572356,0.046251671807801285,1.5184178171624425,1.4727540128143011,1.4374161456752232,0.97600558760552936,0.94833845123141369,0.9771143361947916,True,True,False,4>1>2>3,18,0,0,True,2,0.00094489189298318848,0.033961259941666724,0.01117313695441855,0.0069881483299289952
10000,0,multi,gaussian_matched,0.050000000000000003,895,27,0.02,4.7612540468195403,1-<5%,True,False,3,0.033476304038313864,0.52329667374097877,0.078436007360024762,0.036760597410447397,1.5184178171624425,1.4823952996604914,1.440046191659528,0.97143197363708411,,0.97259579832234311,False,False,False,,-1,,,False,2,0.0029137841350495991,0.033476304038313864,0.010623927944493048,0.0073303423422839964
10000,0,multi,gaussian_matched,0.050000000000000003,895,27,0.050000000000000003,4.7612540468195403,1-<5%,True,True,4,0.033476304038313864,0.52329667374097877,0.078436007360024762,0.036760597410447397,1.5184178171624425,1.4823952996604914,1.440046191659528,0.97143197363708411,0.94364189901023943,0.97259579832234311,True,True,False,4>1>2>3,18,0,0,True,2,0.0029137841350495991,0.033476304038313864,0.010623927944493048,0.0073303423422839964
10000,0,multi,gaussian_matched,0.050000000000000003,895,28,0.02,4.7612540468195403,1-<5%,True,False,3,0.020782883971306402,0.52199123294953709,0.026691658884120794,0.032045172681934339,1.5184178171624425,1.5174981274949073,1.499697179989991,0.98826954235897335,,1.0087752760530584,False,False,False,,-1,,,False,2,0.020782883971306402,3.8648872785060289e-05,0.0051518088991129819,0.0004226140091941233
10000,0,multi,gaussian_matched,0.050000000000000003,895,28,0.050000000000000003,4.7612540468195403,1-<5%,True,True,4,0.020782883971306402,0.52199123294953709,0.026691658884120794,0.032045172681934339,1.5184178171624425,1.5174981274949073,1.499697179989991,0.98826954235897335,0.95754282363550491,1.0087752760530584,True,True,False,4>1>2>3,18,0,0,True,2,0.020782883971306402,3.8648872785060289e-05,0.0051518088991129819,0.0004226140091941233
10000,0,multi,gaussian_matched,0.050000000000000003,895,29,0.02,4.7612540468195403,1-<5%,True,False,1,0.22694820719986966,0.45564380973763113,0.074981228007165612,0.050907105273600685,1.5184178171624425,1.5390379321755692,1.3664956645390798,0.88788952888731909,,0.93347348390673213,False,False,False,,-1,,,False,2,0.015710305827747378,0.16338834767483892,0.22694820719986966,0.081406100307886295
10000,0,multi,gaussian_matched,0.050000000000000003,895,29,0.050000000000000003,4.7612540468195403,1-<5%,True,False,1,0.22694820719986966,0.45564380973763113,0.074981228007165612,0.050907105273600685,1.5184178171624425,1.5390379321755692,1.3664956645390798,0.88788952888731909,,0.93347348390673213,False,False,False,,-1,,,False,2,0.015710305827747378,0.16338834767483892,0.22694820719986966,0.081406100307886295
10000,0,multi,gaussian_matched,0.050000000000000003,895,30,0.02,4.7612540468195403,1-<5%,True,True,4,0.019836779505791206,0.56252822245604361,0.075598420145883999,0.067565210852018193,1.5184178171624425,1.4544674958265327,1.4566919151459756,1.001529370251192,0.99268647713510916,1.0038456535280016,True,True,False,4>1>2>3,18,0,0,True,2,0.0055155888804527394,0.019836779505791206,0.0077811234685629749,0.0080831272844544937
10000,0,multi,gaussian_matched,0.050000000000000003,895,30,0.050000000000000003,4.7612540468195403,1-<5%,True,True,4,0.019836779505791206,0.56252822245604361,0.075598420145883999,0.067565210852018193,1.5184178171624425,1.4544674958265327,1.4566919151459756,1.001529370251192,0.97189546433051954,1.0038456535280016,True,True,False,4>1>2>3,18,0,0,True,2,0.0055155888804527394,0.019836779505791206,0.0077811234685629749,0.0080831272844544937
10000,0,multi,gaussian_matched,0.050000000000000003,895,31,0.02,4.7612540468195403,1-<5%,True,False,2,0.03237426661826754,0.47716819325470916,0.049445705440161025,0.022838534141082157,1.5184178171624425,1.5365649329063806,1.4506238482786924,0.9440693440366803,,0.97039323812290423,False,False,False,,-1,,,False,2,0.012091379957787729,0.03237426661826754,0.0091611350681068369,0.022479032583296851
10000,0,multi,gaussian_matched,0.050000000000000003,895,31,0.050000000000000003,4.7612540468195403,1-<5%,True,True,4,0.03237426661826754,0.47716819325470916,0.049445705440161025,0.022838534141082157,1.5184178171624425,1.5365649329063806,1.4506238482786924,0.9440693440366803,0.91649842153570604,0.97039323812290423,True,True,False,4>1>2>3,18,0,0,True,2,0.012091379957787729,0.03237426661826754,0.0091611350681068369,0.022479032583296851
