budget,seed,mode,init_name,init_sigma,layout_index,draw_id,tolerance,gap_percent,gap_bin,numeric_valid,success,visited_count,worst_distance,initial_x,initial_y,initial_offset,optimal_nominal,optimal_sampled_start,path_length,path_length_ratio_sampled_start,completion_length_ratio_sampled_start,path_plus_connector_ratio_nominal,success_with_connector,order_evaluable,order_ambiguous,actual_order,order_class,order_excess_nominal_percent,order_excess_sampled_start_percent,success_nearopt_order,available_nearopt_center_orders,target_1_distance,target_2_distance,target_3_distance,target_4_distance
10000,0,multi,gaussian_matched,0.050000000000000003,656,0,0.02,25.59866409161214,>=10%,True,False,3,0.031462351410529554,0.49757745180811358,0.0038043879524562035,0.046259088968430687,1.1309069592100536,1.1729886954716209,1.1367586129915075,0.96911301650222093,,1.0460787179046844,False,False,False,,-1,,,False,1,0.010720341480493431,0.0013360698198354218,0.012909727648817206,0.031462351410529554
10000,0,multi,gaussian_matched,0.050000000000000003,656,0,0.050000000000000003,25.59866409161214,>=10%,True,True,4,0.031462351410529554,0.49757745180811358,0.0038043879524562035,0.046259088968430687,1.1309069592100536,1.1729886954716209,1.1367586129915075,0.96911301650222093,0.92341278561314377,1.0460787179046844,True,True,False,3>1>4>2,13,0,0,True,1,0.010720341480493431,0.0013360698198354218,0.012909727648817206,0.031462351410529554
10000,0,multi,gaussian_matched,0.050000000000000003,656,1,0.02,25.59866409161214,>=10%,True,False,2,0.027339796540815774,0.46229520913187172,0.027179667583402494,0.044072880845405386,1.1309069592100536,1.1402834414545167,1.1206244982546398,0.98275959951255598,,1.0298790449689994,False,False,False,,-1,,,False,1,0.0052171630510263901,0.00038641501520434666,0.027339796540815774,0.025730073828827686
10000,0,multi,gaussian_matched,0.050000000000000003,656,1,0.050000000000000003,25.59866409161214,>=10%,True,True,4,0.027339796540815774,0.46229520913187172,0.027179667583402494,0.044072880845405386,1.1309069592100536,1.1402834414545167,1.1206244982546398,0.98275959951255598,0.93922173004589826,1.0298790449689994,True,True,False,3>1>4>2,13,0,0,True,1,0.0052171630510263901,0.00038641501520434666,0.027339796540815774,0.025730073828827686
10000,0,multi,gaussian_matched,0.050000000000000003,656,2,0.02,25.59866409161214,>=10%,True,False,2,0.068052829448166013,0.53102947434380077,0.1934978922921492,0.14681441812826779,1.1309069592100536,1.0353112250046104,1.0448967693875844,1.0092586114701223,,1.0537658980790698,False,False,False,,-1,,,False,1,0.050766710996858685,0.012030872308250931,0.068052829448166013,0.011246423806828047
10000,0,multi,gaussian_matched,0.050000000000000003,656,2,0.050000000000000003,25.59866409161214,>=10%,True,False,2,0.068052829448166013,0.53102947434380077,0.1934978922921492,0.14681441812826779,1.1309069592100536,1.0353112250046104,1.0448967693875844,1.0092586114701223,,1.0537658980790698,False,False,False,,-1,,,False,1,0.050766710996858685,0.012030872308250931,0.068052829448166013,0.011246423806828047
10000,0,multi,gaussian_matched,0.050000000000000003,656,3,0.02,25.59866409161214,>=10%,True,True,4,0.012468615079608321,0.4813240949769243,0.13501564610394751,0.087042802751879422,1.1309069592100536,1.046303509170764,1.0590953852110123,1.0122257795449681,0.99649974312141654,1.0134681537051264,True,True,False,3>1>4>2,13,0,0,True,1,0.0095672970700638026,0.0068930508133415256,0.012468615079608321,0.0055421449849254378
10000,0,multi,gaussian_matched,0.050000000000000003,656,3,0.050000000000000003,25.59866409161214,>=10%,True,True,4,0.012468615079608321,0.4813240949769243,0.13501564610394751,0.087042802751879422,1.1309069592100536,1.046303509170764,1.0590953852110123,1.0122257795449681,0.96717758076277383,1.0134681537051264,True,True,False,3>1>4>2,13,0,0,True,1,0.0095672970700638026,0.0068930508133415256,0.012468615079608321,0.0055421449849254378
10000,0,multi,gaussian_matched,0.050000000000000003,656,4,0.02,25.59866409161214,>=10%,True,False,1,0.068731578761108886,0.39372123621827654,0.018903970536263567,0.11073454149171766,1.1309069592100536,1.1400643615209258,1.1257319005678057,0.98742837559276075,,1.0933405546670292,False,False,False,,-1,,,False,1,0.025210751450577062,0.007284858837895463,0.068731578761108886,0.03359195261379426
10000,0,multi,gaussian_matched,0.050000000000000003,656,4,0.050000000000000003,25.59866409161214,>=10%,True,False,3,0.068731578761108886,0.39372123621827654,0.018903970536263567,0.11073454149171766,1.1309069592100536,1.1400643615209258,1.1257319005678057,0.98742837559276075,,1.0933405546670292,False,False,False,,-1,,,False,1,0.025210751450577062,0.007284858837895463,0.068731578761108886,0.03359195261379426
10000,0,multi,gaussian_matched,0.050000000000000003,656,5,0.02,25.59866409161214,>=10%,True,True,4,0.011869013391473457,0.5004238227676947,0.076631940451568403,0.026635312612287878,1.1309069592100536,1.1069157356834969,1.0945864973004622,0.98886162877120753,0.9669199302274013,0.99143594508953348,True,True,False,3>1>4>2,13,0,0,True,1,0.0067511307294151942,0.002008907938739759,0.0066846263919054039,0.011869013391473457
10000,0,multi,gaussian_matched,0.050000000000000003,656,5,0.050000000000000003,25.59866409161214,>=10%,True,True,4,0.011869013391473457,0.5004238227676947,0.076631940451568403,0.026635312612287878,1.1309069592100536,1.1069157356834969,1.0945864973004622,0.98886162877120753,0.93975163788089755,0.99143594508953348,True,True,False,3>1>4>2,13,0,0,True,1,0.0067511307294151942,0.002008907938739759,0.0066846263919054039,0.011869013391473457
10000,0,multi,gaussian_matched,0.050000000000000003,656,6,0.02,25.59866409161214,>=10%,True,True,4,0.0060726748804032097,0.47333406791189425,0.12297518279346636,0.077694589501890648,1.1309069592100536,1.0534146441537107,1.0646379999724034,1.0106542621948353,0.99472851590623668,1.0101030683127294,True,True,False,3>1>4>2,13,0,0,True,1,0.0031788568784982263,0.0060726748804032097,0.0030691907014612548,0.0039317787575270744
10000,0,multi,gaussian_matched,0.050000000000000003,656,6,0.050000000000000003,25.59866409161214,>=10%,True,True,4,0.0060726748804032097,0.47333406791189425,0.12297518279346636,0.077694589501890648,1.1309069592100536,1.0534146441537107,1.0646379999724034,1.0106542621948353,0.9657661036204046,1.0101030683127294,True,True,False,3>1>4>2,13,0,0,True,1,0.0031788568784982263,0.0060726748804032097,0.0030691907014612548,0.0039317787575270744
10000,0,multi,gaussian_matched,0.050000000000000003,656,7,0.02,25.59866409161214,>=10%,True,True,4,0.014058608317237473,0.485651318267381,0.066082403859758859,0.02155292048359991,1.1309069592100536,1.1105246214422466,1.0991658784075387,0.98977173237279847,0.96969224861396941,0.99099115958572614,True,True,False,3>1>4>2,13,0,0,True,1,0.001229428401682999,0.0016613055333102697,0.0048676545886453346,0.014058608317237473
10000,0,multi,gaussian_matched,0.050000000000000003,656,7,0.050000000000000003,25.59866409161214,>=10%,True,True,4,0.014058608317237473,0.485651318267381,0.066082403859758859,0.02155292048359991,1.1309069592100536,1.1105246214422466,1.0991658784075387,0.98977173237279847,0.94263065421090286,0.99099115958572614,True,True,False,3>1>4>2,13,0,0,True,1,0.001229428401682999,0.0016613055333102697,0.0048676545886453346,0.014058608317237473
10000,0,multi,gaussian_matched,0.050000000000000003,656,8,0.02,25.59866409161214,>=10%,True,False,2,0.034610920441421479,0.5443476761312227,0.0082979190583543083,0.060875117520242938,1.1309069592100536,1.1877531483572017,1.1355764580079479,0.95607109909881516,,1.0579575674058286,False,False,False,,-1,,,False,1,0.025593017745513931,0.0010814596500401349,0.010707721810374129,0.034610920441421479
10000,0,multi,gaussian_matched,0.050000000000000003,656,8,0.050000000000000003,25.59866409161214,>=10%,True,True,4,0.034610920441421479,0.5443476761312227,0.0082979190583543083,0.060875117520242938,1.1309069592100536,1.1877531483572017,1.1355764580079479,0.95607109909881516,0.90730413774739072,1.0579575674058286,True,True,False,3>1>4>2,13,0,0,True,1,0.025593017745513931,0.0010814596500401349,0.010707721810374129,0.034610920441421479
10000,0,multi,gaussian_matched,0.050000000000000003,656,9,0.02,25.59866409161214,>=10%,True,False,2,0.030676918720701506,0.45890183153872255,0.020165105948293866,0.050785631372939247,1.1309069592100536,1.1462846876745032,1.1247232430298462,0.9811901485935407,,1.0394390668741544,False,False,False,,-1,,,False,1,0.0048816141838530008,0.00089951367345007306,0.030676918720701506,0.027821237014204678
10000,0,multi,gaussian_matched,0.050000000000000003,656,9,0.050000000000000003,25.59866409161214,>=10%,True,True,4,0.030676918720701506,0.45890183153872255,0.020165105948293866,0.050785631372939247,1.1309069592100536,1.1462846876745032,1.1247232430298462,0.9811901485935407,0.93823396143514015,1.0394390668741544,True,True,False,3>1>4>2,13,0,0,True,1,0.0048816141838530008,0.00089951367345007306,0.030676918720701506,0.027821237014204678
10000,0,multi,gaussian_matched,0.050000000000000003,656,10,0.02,25.59866409161214,>=10%,True,False,1,0.045940293700147579,0.59446229389627558,0.0010381152549224851,0.10639732668604319,1.1309069592100536,1.2199606947493922,1.1406703683387898,0.93500583522742886,,1.1027146706179247,False,False,False,,-1,,,False,1,0.042596121486877511,0.0010817832521000067,0.026733709546159952,0.045940293700147579
10000,0,multi,gaussian_matched,0.050000000000000003,656,10,0.050000000000000003,25.59866409161214,>=10%,True,True,4,0.045940293700147579,0.59446229389627558,0.0010381152549224851,0.10639732668604319,1.1309069592100536,1.2199606947493922,1.1406703683387898,0.93500583522742886,0.88599656831557183,1.1027146706179247,True,True,False,3>1>4>2,13,0,0,True,1,0.042596121486877511,0.0010817832521000067,0.026733709546159952,0.045940293700147579
10000,0,multi,gaussian_matched,0.050000000000000003,656,11,0.02,25.59866409161214,>=10%,True,False,3,0.028860635698406807,0.50036411130726344,0.013866051107221548,0.036135783368151882,1.1309069592100536,1.1645126152105152,1.1309533318771419,0.97118169189836845,,1.0319939281835473,False,False,False,,-1,,,False,1,0.0097895084822196814,0.00091730585760864934,0.009209886524799548,0.028860635698406807
10000,0,multi,gaussian_matched,0.050000000000000003,656,11,0.050000000000000003,25.59866409161214,>=10%,True,True,4,0.028860635698406807,0.50036411130726344,0.013866051107221548,0.036135783368151882,1.1309069592100536,1.1645126152105152,1.1309533318771419,0.97118169189836845,0.92469298537910682,1.0319939281835473,True,True,False,3>1>4>2,13,0,0,True,1,0.0097895084822196814,0.00091730585760864934,0.009209886524799548,0.028860635698406807
10000,0,multi,gaussian_matched,0.050000000000000003,656,12,0.02,25.59866409161214,>=10%,True,False,2,0.041997204652403412,0.54120578568998368,0.11613478686762377,0.077921285977291754,1.1309069592100536,1.095940676986523,1.0781502417448356,0.98376697241441469,,1.0222516700486586,False,False,False,,-1,,,False,1,0.031315148428144757,0.0032705100449849033,0.041997204652403412,0.011864153927316812
10000,0,multi,gaussian_matched,0.050000000000000003,656,12,0.050000000000000003,25.59866409161214,>=10%,True,True,4,0.041997204652403412,0.54120578568998368,0.11613478686762377,0.077921285977291754,1.1309069592100536,1.095940676986523,1.0781502417448356,0.98376697241441469,0.92950990652046217,1.0222516700486586,True,True,False,3>1>4>2,13,0,0,True,1,0.031315148428144757,0.0032705100449849033,0.041997204652403412,0.011864153927316812
10000,0,multi,gaussian_matched,0.050000000000000003,656,13,0.02,25.59866409161214,>=10%,True,False,2,0.035303173791063271,0.4640772518072161,-0.0085220390536510787,0.068667844677980261,1.1309069592100536,1.1753969107878115,1.1426104634134731,0.97210606300439972,,1.0710680469572313,False,False,False,,-1,,,False,1,0.0021763735333573614,0.0019275154129655494,0.03340432074193958,0.035303173791063271
10000,0,multi,gaussian_matched,0.050000000000000003,656,13,0.050000000000000003,25.59866409161214,>=10%,True,True,4,0.035303173791063271,0.4640772518072161,-0.0085220390536510787,0.068667844677980261,1.1309069592100536,1.1753969107878115,1.1426104634134731,0.97210606300439972,0.92997751448814014,1.0710680469572313,True,True,False,3>1>4>2,13,0,0,True,1,0.0021763735333573614,0.0019275154129655494,0.03340432074193958,0.035303173791063271
10000,0,multi,gaussian_matched,0.050000000000000003,656,14,0.02,25.59866409161214,>=10%,True,False,3,0.022433862825923204,0.44623004379680925,0.095550208201188855,0.070470062134673217,1.1309069592100536,1.07006863774634,1.0782871309020732,1.0076803420508071,,1.015783998569751,False,False,False,,-1,,,False,1,0.014144925015132315,0.0055893692806976763,0.022433862825923204,0.0069444635420604891
10000,0,multi,gaussian_matched,0.050000000000000003,656,14,0.050000000000000003,25.59866409161214,>=10%,True,True,4,0.022433862825923204,0.44623004379680925,0.095550208201188855,0.070470062134673217,1.1309069592100536,1.07006863774634,1.0782871309020732,1.0076803420508071,0.96482393615301587,1.015783998569751,True,True,False,3>1>4>2,13,0,0,True,1,0.014144925015132315,0.0055893692806976763,0.022433862825923204,0.0069444635420604891
10000,0,multi,gaussian_matched,0.050000000000000003,656,15,0.02,25.59866409161214,>=10%,True,False,2,0.031839942746652777,0.46752626164665068,0.0038536598472693265,0.056427195501223645,1.1309069592100536,1.1641791884233101,1.1351430673331899,0.9750587182979582,,1.0536412859876056,False,False,False,,-1,,,False,1,0.00098366182407739252,0.001304971387959667,0.029219602466844349,0.031839942746652777
10000,0,multi,gaussian_matched,0.050000000000000003,656,15,0.050000000000000003,25.59866409161214,>=10%,True,True,4,0.031839942746652777,0.46752626164665068,0.0038536598472693265,0.056427195501223645,1.1309069592100536,1.1641791884233101,1.1351430673331899,0.9750587182979582,0.93202708447728688,1.0536412859876056,True,True,False,3>1>4>2,13,0,0,True,1,0.00098366182407739252,0.001304971387959667,0.029219602466844349,0.031839942746652777
10000,0,multi,gaussian_matched,0.050000000000000003,656,16,0.02,25.59866409161214,>=10%,True,True,4,0.019078378660815878,0.49422054933674131,0.049135809240799036,0.0058437039313546371,1.1309069592100536,1.1294511516058732,1.1098623045067475,0.98265631313822299,0.96164930184233621,0.98655861947956403,True,True,False,3>1>4>2,13,0,0,True,1,0.0017731876123711031,0.0006903939195023205,0.0040586826186136708,0.019078378660815878
10000,0,multi,gaussian_matched,0.050000000000000003,656,16,0.050000000000000003,25.59866409161214,>=10%,True,True,4,0.019078378660815878,0.49422054933674131,0.049135809240799036,0.0058437039313546371,1.1309069592100536,1.1294511516058732,1.1098623045067475,0.98265631313822299,0.93507687758471447,0.98655861947956403,True,True,False,3>1>4>2,13,0,0,True,1,0.0017731876123711031,0.0006903939195023205,0.0040586826186136708,0.019078378660815878
10000,0,multi,gaussian_matched,0.050000000000000003,656,17,0.02,25.59866409161214,>=10%,True,False,2,0.048049834384982025,0.5129597193584664,-0.055148913904727606,0.10594455352302934,1.1309069592100536,1.2337190515783711,1.1721678592379359,0.95010923089686494,,1.1301658393310583,False,False,False,,-1,,,False,1,0.025887350312509241,0.0036516174169769918,0.017484883707121961,0.048049834384982025
10000,0,multi,gaussian_matched,0.050000000000000003,656,17,0.050000000000000003,25.59866409161214,>=10%,True,True,4,0.048049834384982025,0.5129597193584664,-0.055148913904727606,0.10594455352302934,1.1309069592100536,1.2337190515783711,1.1721678592379359,0.95010923089686494,0.90692758715732136,1.1301658393310583,True,True,False,3>1>4>2,13,0,0,True,1,0.025887350312509241,0.0036516174169769918,0.017484883707121961,0.048049834384982025
10000,0,multi,gaussian_matched,0.050000000000000003,656,18,0.02,25.59866409161214,>=10%,True,False,3,0.025387424088691112,0.43949586785790851,0.10091043308302111,0.0790735240328167,1.1309069592100536,1.0632409282440538,1.0746974136916729,1.0107750606125927,,1.0202173824541734,False,False,False,,-1,,,False,1,0.016206853335736439,0.0066301154655228518,0.025387424088691112,0.0060512456439792929
10000,0,multi,gaussian_matched,0.050000000000000003,656,18,0.050000000000000003,25.59866409161214,>=10%,True,True,4,0.025387424088691112,0.43949586785790851,0.10091043308302111,0.0790735240328167,1.1309069592100536,1.0632409282440538,1.0746974136916729,1.0107750606125927,0.96866064908351446,1.0202173824541734,True,True,False,3>1>4>2,13,0,0,True,1,0.016206853335736439,0.0066301154655228518,0.025387424088691112,0.0060512456439792929
10000,0,multi,gaussian_matched,0.050000000000000003,656,19,0.02,25.59866409161214,>=10%,True,False,1,0.076948584245186927,0.59484597979054643,0.13728658310004876,0.12889805069011115,1.1309069592100536,1.1200807245171422,1.0728846251796194,0.95786366258747224,,1.062671571770311,False,False,False,,-1,,,False,1,0.055069403909675414,0.0034087346267560534,0.076948584245186927,0.022222130184639526
10000,0,multi,gaussian_matched,0.050000000000000003,656,19,0.050000000000000003,25.59866409161214,>=10%,True,False,2,0.076948584245186927,0.59484597979054643,0.13728658310004876,0.12889805069011115,1.1309069592100536,1.1200807245171422,1.0728846251796194,0.95786366258747224,,1.062671571770311,False,False,False,,-1,,,False,1,0.055069403909675414,0.0034087346267560534,0.076948584245186927,0.022222130184639526
10000,0,multi,gaussian_matched,0.050000000000000003,656,20,0.02,25.59866409161214,>=10%,True,True,4,0.01587278096744665,0.46729785308133909,0.066363011933053134,0.036567452366974139,1.1309069592100536,1.1040064044313906,1.0973341658047482,0.99395634065177463,0.97611190349177979,1.0026480153272384,True,True,False,3>1>4>2,13,0,0,True,1,0.0092750852109491147,0.0019110269693685498,0.01587278096744665,0.014279783642001446
10000,0,multi,gaussian_matched,0.050000000000000003,656,20,0.050000000000000003,25.59866409161214,>=10%,True,True,4,0.01587278096744665,0.46729785308133909,0.066363011933053134,0.036567452366974139,1.1309069592100536,1.1040064044313906,1.0973341658047482,0.99395634065177463,0.94887705774815734,1.0026480153272384,True,True,False,3>1>4>2,13,0,0,True,1,0.0092750852109491147,0.0019110269693685498,0.01587278096744665,0.014279783642001446
10000,0,multi,gaussian_matched,0.050000000000000003,656,21,0.02,25.59866409161214,>=10%,True,False,3,0.022903224466385812,0.45226082964988329,0.077137399452084698,0.054913266473043371,1.1309069592100536,1.0894125263802512,1.0897844898216507,1.0003414348856767,,1.0121944577070012,False,False,False,,-1,,,False,1,0.014347346279459711,0.0036536984662079125,0.022903224466385812,0.011960858864093952
10000,0,multi,gaussian_matched,0.050000000000000003,656,21,0.050000000000000003,25.59866409161214,>=10%,True,True,4,0.022903224466385812,0.45226082964988329,0.077137399452084698,0.054913266473043371,1.1309069592100536,1.0894125263802512,1.0897844898216507,1.0003414348856767,0.95676396802530905,1.0121944577070012,True,True,False,3>1>4>2,13,0,0,True,1,0.014347346279459711,0.0036536984662079125,0.022903224466385812,0.011960858864093952
10000,0,multi,gaussian_matched,0.050000000000000003,656,22,0.02,25.59866409161214,>=10%,True,False,2,0.053221460927130614,0.42850223549075606,-0.011958763656961968,0.094608766632477428,1.1309069592100536,1.172798310544843,1.1439822557097545,0.975429658641219,,1.0952192063681319,False,False,False,,-1,,,False,1,0.008141407515338395,0.0046310551005895595,0.053221460927130614,0.038496657409279468
10000,0,multi,gaussian_matched,0.050000000000000003,656,22,0.050000000000000003,25.59866409161214,>=10%,True,False,3,0.053221460927130614,0.42850223549075606,-0.011958763656961968,0.094608766632477428,1.1309069592100536,1.172798310544843,1.1439822557097545,0.975429658641219,,1.0952192063681319,False,False,False,,-1,,,False,1,0.008141407515338395,0.0046310551005895595,0.053221460927130614,0.038496657409279468
10000,0,multi,gaussian_matched,0.050000000000000003,656,23,0.02,25.59866409161214,>=10%,True,False,2,0.034455688675558718,0.54650157817487599,0.010284425067984278,0.061153280083202886,1.1309069592100536,1.1870150884072046,1.1344951726615502,0.95575463508544933,,1.0572474092651458,False,False,False,,-1,,,False,1,0.026048887586651741,0.0010045517651157126,0.012125812681421573,0.034455688675558718
10000,0,multi,gaussian_matched,0.050000000000000003,656,23,0.050000000000000003,25.59866409161214,>=10%,True,True,4,0.034455688675558718,0.54650157817487599,0.010284425067984278,0.061153280083202886,1.1309069592100536,1.1870150884072046,1.1344951726615502,0.95575463508544933,0.90679012982402474,1.0572474092651458,True,True,False,3>1>4>2,13,0,0,True,1,0.026048887586651741,0.0010045517651157126,0.012125812681421573,0.034455688675558718
10000,0,multi,gaussian_matched,0.050000000000000003,656,24,0.02,25.59866409161214,>=10%,True,False,2,0.033690543880326801,0.5351647686198393,0.0067096083385436642,0.055772923200143661,1.1309069592100536,1.1849925450910597,1.1363078149345773,0.95891558106575159,,1.0540926717502894,False,False,False,,-1,,,False,1,0.022760584942476021,0.0011680253651631439,0.0063466572778190363,0.033690543880326801
10000,0,multi,gaussian_matched,0.050000000000000003,656,24,0.050000000000000003,25.59866409161214,>=10%,True,True,4,0.033690543880326801,0.5351647686198393,0.0067096083385436642,0.055772923200143661,1.1309069592100536,1.1849925450910597,1.1363078149345773,0.95891558106575159,0.91059907600914891,1.0540926717502894,True,True,False,3>1>4>2,13,0,0,True,1,0.022760584942476021,0.0011680253651631439,0.0063466572778190363,0.033690543880326801
10000,0,multi,gaussian_matched,0.050000000000000003,656,25,0.02,25.59866409161214,>=10%,True,True,4,0.015272855827427068,0.50470984443697176,0.099232138749814403,0.049456911756613459,1.1309069592100536,1.0889575671303109,1.0823818758905879,0.99396148074249424,0.97181938500969089,1.0008239656052684,True,True,False,3>1>4>2,13,0,0,True,1,0.012491667868680665,0.0032465655151613917,0.015272855827427068,0.0068387392663352264
10000,0,multi,gaussian_matched,0.050000000000000003,656,25,0.050000000000000003,25.59866409161214,>=10%,True,True,4,0.015272855827427068,0.50470984443697176,0.099232138749814403,0.049456911756613459,1.1309069592100536,1.0889575671303109,1.0823818758905879,0.99396148074249424,0.94410681442771005,1.0008239656052684,True,True,False,3>1>4>2,13,0,0,True,1,0.012491667868680665,0.0032465655151613917,0.015272855827427068,0.0068387392663352264
10000,0,multi,gaussian_matched,0.050000000000000003,656,26,0.02,25.59866409161214,>=10%,True,False,2,0.056832807726350867,0.42199773846519328,-0.01176648963007039,0.099495990098928011,1.1309069592100536,1.1719560945765857,1.1439198100504542,0.97607735933464246,,1.0994854970367474,False,False,False,,-1,,,False,1,0.010172252283966178,0.0051925301834440671,0.056832807726350867,0.038981516457688298
10000,0,multi,gaussian_matched,0.050000000000000003,656,26,0.050000000000000003,25.59866409161214,>=10%,True,False,3,0.056832807726350867,0.42199773846519328,-0.01176648963007039,0.099495990098928011,1.1309069592100536,1.1719560945765857,1.1439198100504542,0.97607735933464246,,1.0994854970367474,False,False,False,,-1,,,False,1,0.010172252283966178,0.0051925301834440671,0.056832807726350867,0.038981516457688298
10000,0,multi,gaussian_matched,0.050000000000000003,656,27,0.02,25.59866409161214,>=10%,True,False,1,0.061472235509743699,0.39938773408652861,0.04565575443313151,0.10070601035582898,1.1309069592100536,1.113354824580578,1.1088155858609106,0.99592291817536471,,1.069514681439045,False,False,False,,-1,,,False,1,0.029265261689146112,0.0071598282741230559,0.061472235509743699,0.025820675942643048
10000,0,multi,gaussian_matched,0.050000000000000003,656,27,0.050000000000000003,25.59866409161214,>=10%,True,False,3,0.061472235509743699,0.39938773408652861,0.04565575443313151,0.10070601035582898,1.1309069592100536,1.113354824580578,1.1088155858609106,0.99592291817536471,,1.069514681439045,False,False,False,,-1,,,False,1,0.029265261689146112,0.0071598282741230559,0.061472235509743699,0.025820675942643048
10000,0,multi,gaussian_matched,0.050000000000000003,656,28,0.02,25.59866409161214,>=10%,True,False,1,0.031257681677034931,0.55375587045073815,0.063707501579884765,0.055476023717269847,1.1309069592100536,1.1452639865981826,1.1052347382034577,0.96504801612279356,,1.0263538945162138,False,False,False,,-1,,,False,1,0.027267852902552146,0.00085065190342194642,0.031257681677034931,0.024045394214226721
10000,0,multi,gaussian_matched,0.050000000000000003,656,28,0.050000000000000003,25.59866409161214,>=10%,True,True,4,0.031257681677034931,0.55375587045073815,0.063707501579884765,0.055476023717269847,1.1309069592100536,1.1452639865981826,1.1052347382034577,0.96504801612279356,0.91250607068361056,1.0263538945162138,True,True,False,3>1>4>2,13,0,0,True,1,0.027267852902552146,0.00085065190342194642,0.031257681677034931,0.024045394214226721
10000,0,multi,gaussian_matched,0.050000000000000003,656,29,0.02,25.59866409161214,>=10%,True,False,3,0.026513893492071738,0.50272251829470982,0.02293004894282907,0.027206513119153279,1.1309069592100536,1.1569301558953973,1.1257686312983339,0.973065336366009,,1.019513705374002,False,False,False,,-1,,,False,1,0.008939100530079928,0.00054188155792384734,0.005843452571278363,0.026513893492071738
10000,0,multi,gaussian_matched,0.050000000000000003,656,29,0.050000000000000003,25.59866409161214,>=10%,True,True,4,0.026513893492071738,0.50272251829470982,0.02293004894282907,0.027206513119153279,1.1309069592100536,1.1569301558953973,1.1257686312983339,0.973065336366009,0.92588817670306645,1.019513705374002,True,True,False,3>1>4>2,13,0,0,True,1,0.008939100530079928,0.00054188155792384734,0.005843452571278363,0.026513893492071738
10000,0,multi,gaussian_matched,0.050000000000000003,656,30,0.02,25.59866409161214,>=10%,True,False,2,0.053098514267025061,0.59388344562382001,-0.028847245684835141,0.12260093602532372,1.1309069592100536,1.2446617658773509,1.1573693905953253,0.92986658891984686,,1.1318086923036685,False,False,False,,-1,,,False,1,0.046010342506828457,0.0020353765482131873,0.018131757428950991,0.053098514267025061
10000,0,multi,gaussian_matched,0.050000000000000003,656,30,0.050000000000000003,25.59866409161214,>=10%,True,False,3,0.053098514267025061,0.59388344562382001,-0.028847245684835141,0.12260093602532372,1.1309069592100536,1.2446617658773509,1.1573693905953253,0.92986658891984686,,1.1318086923036685,False,False,False,,-1,,,False,1,0.046010342506828457,0.0020353765482131873,0.018131757428950991,0.053098514267025061
10000,0,multi,gaussian_matched,0.050000000000000003,656,31,0.02,25.59866409161214,>=10%,True,False,3,0.036703857022447245,0.50275076940673957,-0.015224930889183891,0.065282910028795979,1.1309069592100536,1.1926526433749771,1.1482624028882991,0.96278024390985939,,1.0730726369963846,False,False,False,,-1,,,False,1,0.015844652654076266,0.0021086795509960917,0.01420376479098547,0.036703857022447245
10000,0,multi,gaussian_matched,0.050000000000000003,656,31,0.050000000000000003,25.59866409161214,>=10%,True,True,4,0.036703857022447245,0.50275076940673957,-0.015224930889183891,0.065282910028795979,1.1309069592100536,1.1926526433749771,1.1482624028882991,0.96278024390985939,0.9177716946621528,1.0730726369963846,True,True,False,3>1>4>2,13,0,0,True,1,0.015844652654076266,0.0021086795509960917,0.01420376479098547,0.036703857022447245
10000,0,multi,gaussian_matched,0.050000000000000003,657,0,0.02,19.098382149701781,>=10%,True,False,3,0.044494694360964475,0.55257246592965192,-0.01805248786832625,0.085994216543864771,1.1408596833321467,1.2235990821297744,1.1705348380550786,0.95663265456007607,,1.1013879033124891,False,False,False,,-1,,,False,1,0.013937331979938577,0.00073189026860593395,0.044494694360964475,0.0025028347968423905
10000,0,multi,gaussian_matched,0.050000000000000003,657,0,0.050000000000000003,19.098382149701781,>=10%,True,True,4,0.044494694360964475,0.55257246592965192,-0.01805248786832625,0.085994216543864771,1.1408596833321467,1.2235990821297744,1.1705348380550786,0.95663265456007607,0.91776146483241794,1.1013879033124891,True,True,False,3>1>2>4,12,0,0,True,1,0.013937331979938577,0.00073189026860593395,0.044494694360964475,0.0025028347968423905
10000,0,multi,gaussian_matched,0.050000000000000003,657,1,0.02,19.098382149701781,>=10%,True,False,3,0.036205614070905077,0.54491966672100189,0.11424801566636,0.078393775106131519,1.1408596833321467,1.1509633550355616,1.1244701923383866,0.97698174960891226,,1.0543487380773009,False,False,False,,-1,,,False,1,0.011536748996732543,0.00055728153769943973,0.036205614070905077,0.00076925503979777352
10000,0,multi,gaussian_matched,0.050000000000000003,657,1,0.050000000000000003,19.098382149701781,>=10%,True,True,4,0.036205614070905077,0.54491966672100189,0.11424801566636,0.078393775106131519,1.1408596833321467,1.1509633550355616,1.1244701923383866,0.97698174960891226,0.93014575138249445,1.0543487380773009,True,True,False,3>1>2>4,12,0,0,True,1,0.011536748996732543,0.00055728153769943973,0.036205614070905077,0.00076925503979777352
10000,0,multi,gaussian_matched,0.050000000000000003,657,2,0.02,19.098382149701781,>=10%,True,True,4,0.013094040538817022,0.44782814366640383,0.044543397562211498,0.052456430525317656,1.1408596833321467,1.1030353944106606,1.1482829146812443,1.0410209141971905,1.0241727829643195,1.0524864387349746,True,True,False,3>1>2>4,12,0,0,True,1,0.0061357275352585464,0.013094040538817022,0.0031793286442150571,0.0030457136369315871
10000,0,multi,gaussian_matched,0.050000000000000003,657,2,0.050000000000000003,19.098382149701781,>=10%,True,True,4,0.013094040538817022,0.44782814366640383,0.044543397562211498,0.052456430525317656,1.1408596833321467,1.1030353944106606,1.1482829146812443,1.0410209141971905,0.99681438932634914,1.0524864387349746,True,True,False,3>1>2>4,12,0,0,True,1,0.0061357275352585464,0.013094040538817022,0.0031793286442150571,0.0030457136369315871
10000,0,multi,gaussian_matched,0.050000000000000003,657,3,0.02,19.098382149701781,>=10%,True,True,4,0.005163525333834634,0.50413622233070265,0.076045998922352198,0.02637237939648554,1.1408596833321467,1.1304325073625157,1.1346573602806531,1.0037373774114076,0.98473798582936456,1.0176796994754698,True,True,False,3>1>2>4,12,0,0,True,1,0.0043398752019392431,0.005163525333834634,0.0044999372625978062,0.0010130603485102615
10000,0,multi,gaussian_matched,0.050000000000000003,657,3,0.050000000000000003,19.098382149701781,>=10%,True,True,4,0.005163525333834634,0.50413622233070265,0.076045998922352198,0.02637237939648554,1.1408596833321467,1.1304325073625157,1.1346573602806531,1.0037373774114076,0.95816903071925408,1.0176796994754698,True,True,False,3>1>2>4,12,0,0,True,1,0.0043398752019392431,0.005163525333834634,0.0044999372625978062,0.0010130603485102615
10000,0,multi,gaussian_matched,0.050000000000000003,657,4,0.02,19.098382149701781,>=10%,True,False,3,0.041338987852103604,0.4939930688658366,-0.028051167320014794,0.078281977119050383,1.1408596833321467,1.1864856096241858,1.1727593946604626,0.98843119979510674,,1.0965777738113727,False,False,False,,-1,,,False,1,0.01156375142438339,0.0081183408438284168,0.041338987852103604,0.0045382338300012353
10000,0,multi,gaussian_matched,0.050000000000000003,657,4,0.050000000000000003,19.098382149701781,>=10%,True,True,4,0.041338987852103604,0.4939930688658366,-0.028051167320014794,0.078281977119050383,1.1408596833321467,1.1864856096241858,1.1727593946604626,0.98843119979510674,0.94999363401432535,1.0965777738113727,True,True,False,3>1>2>4,12,0,0,True,1,0.01156375142438339,0.0081183408438284168,0.041338987852103604,0.0045382338300012353
10000,0,multi,gaussian_matched,0.050000000000000003,657,5,0.02,19.098382149701781,>=10%,True,False,3,0.029519708591531722,0.55634874217840968,0.033224986977108045,0.058792701987636878,1.1408596833321467,1.1972334672011553,1.1513267106857246,0.96165596955558741,,1.0607083678677518,False,False,False,,-1,,,False,1,0.0042484610406816328,0.0026248229934644064,0.029519708591531722,0.00080704650094861252
10000,0,multi,gaussian_matched,0.050000000000000003,657,5,0.050000000000000003,19.098382149701781,>=10%,True,True,4,0.029519708591531722,0.55634874217840968,0.033224986977108045,0.058792701987636878,1.1408596833321467,1.1972334672011553,1.1513267106857246,0.96165596955558741,0.91946099470619169,1.0607083678677518,True,True,False,3>1>2>4,12,0,0,True,1,0.0042484610406816328,0.0026248229934644064,0.029519708591531722,0.00080704650094861252
10000,0,multi,gaussian_matched,0.050000000000000003,657,6,0.02,19.098382149701781,>=10%,True,True,4,0.011491402647778063,0.51760520302924418,0.078912248254749712,0.033850572710741336,1.1408596833321467,1.1407851310683368,1.1335273794561143,0.99363793284592894,0.97443142302578767,1.0232441107544936,True,True,False,3>1>2>4,12,0,0,True,1,0.0042559286754414198,0.003243390082398255,0.011491402647778063,0.0004880907069817855
10000,0,multi,gaussian_matched,0.050000000000000003,657,6,0.050000000000000003,19.098382149701781,>=10%,True,True,4,0.011491402647778063,0.51760520302924418,0.078912248254749712,0.033850572710741336,1.1408596833321467,1.1407851310683368,1.1335273794561143,0.99363793284592894,0.94812139710477739,1.0232441107544936,True,True,False,3>1>2>4,12,0,0,True,1,0.0042559286754414198,0.003243390082398255,0.011491402647778063,0.0004880907069817855
10000,0,multi,gaussian_matched,0.050000000000000003,657,7,0.02,19.098382149701781,>=10%,True,False,3,0.035396503587045984,0.55427395175917893,0.10197372136922128,0.07514605480345013,1.1408596833321467,1.1641510244194602,1.1288750214159391,0.96969808704921889,,1.0553629809257217,False,False,False,,-1,,,False,1,0.0090509579207266287,0.001218261009238673,0.035396503587045984,0.0010969071972549106
10000,0,multi,gaussian_matched,0.050000000000000003,657,7,0.050000000000000003,19.098382149701781,>=10%,True,True,4,0.035396503587045984,0.55427395175917893,0.10197372136922128,0.07514605480345013,1.1408596833321467,1.1641510244194602,1.1288750214159391,0.96969808704921889,0.92369688203739408,1.0553629809257217,True,True,False,3>1>2>4,12,0,0,True,1,0.0090509579207266287,0.001218261009238673,0.035396503587045984,0.0010969071972549106
10000,0,multi,gaussian_matched,0.050000000000000003,657,8,0.02,19.098382149701781,>=10%,True,False,3,0.029919712404829879,0.5471635445716998,0.0947822025762802,0.065037263196952799,1.1408596833321467,1.1603938302583958,1.1302180620656341,0.97399523557787082,,1.0476795198613429,False,False,False,,-1,,,False,1,0.0074891295873725228,0.00044788760750643389,0.029919712404829879,0.00075845867848119565
10000,0,multi,gaussian_matched,0.050000000000000003,657,8,0.050000000000000003,19.098382149701781,>=10%,True,True,4,0.029919712404829879,0.5471635445716998,0.0947822025762802,0.065037263196952799,1.1408596833321467,1.1603938302583958,1.1302180620656341,0.97399523557787082,0.92820688048499589,1.0476795198613429,True,True,False,3>1>2>4,12,0,0,True,1,0.0074891295873725228,0.00044788760750643389,0.029919712404829879,0.00075845867848119565
10000,0,multi,gaussian_matched,0.050000000000000003,657,9,0.02,19.098382149701781,>=10%,True,False,2,0.064722691410899535,0.56393938959019108,0.16446679616149307,0.13111404564211662,1.1408596833321467,1.1553584744252448,1.1120741561374317,0.96253602734913446,,1.089694219142294,False,False,False,,-1,,,False,1,0.024033525859924122,0.0011041152484842518,0.064722691410899535,0.0020007324741125793
10000,0,multi,gaussian_matched,0.050000000000000003,657,9,0.050000000000000003,19.098382149701781,>=10%,True,False,3,0.064722691410899535,0.56393938959019108,0.16446679616149307,0.13111404564211662,1.1408596833321467,1.1553584744252448,1.1120741561374317,0.96253602734913446,,1.089694219142294,False,False,False,,-1,,,False,1,0.024033525859924122,0.0011041152484842518,0.064722691410899535,0.0020007324741125793
10000,0,multi,gaussian_matched,0.050000000000000003,657,10,0.02,19.098382149701781,>=10%,True,False,2,0.12593385630180987,0.64268555452872578,0.17844626801414254,0.19198336187787451,1.1408596833321467,1.2308285873580647,1.0782636108700683,0.87604693451630633,,1.1134120973035793,False,False,False,,-1,,,False,1,0.036065970635161461,0.011841654592643224,0.12593385630180987,0.0091729149156536023
10000,0,multi,gaussian_matched,0.050000000000000003,657,10,0.050000000000000003,19.098382149701781,>=10%,True,False,3,0.12593385630180987,0.64268555452872578,0.17844626801414254,0.19198336187787451,1.1408596833321467,1.2308285873580647,1.0782636108700683,0.87604693451630633,,1.1134120973035793,False,False,False,,-1,,,False,1,0.036065970635161461,0.011841654592643224,0.12593385630180987,0.0091729149156536023
10000,0,multi,gaussian_matched,0.050000000000000003,657,11,0.02,19.098382149701781,>=10%,True,False,3,0.030364803734945905,0.46304889760482759,-0.0097282275422220996,0.070234216259270482,1.1408596833321467,1.1518097903456055,1.1667615508696609,1.0129811021310811,,1.084266352121408,False,False,False,,-1,,,False,1,0.0046925861908999455,0.011714288806051753,0.030364803734945905,0.0043681361188317907
10000,0,multi,gaussian_matched,0.050000000000000003,657,11,0.050000000000000003,19.098382149701781,>=10%,True,True,4,0.030364803734945905,0.46304889760482759,-0.0097282275422220996,0.070234216259270482,1.1408596833321467,1.1518097903456055,1.1667615508696609,1.0129811021310811,0.97291640850946848,1.084266352121408,True,True,False,3>1>2>4,12,0,0,True,1,0.0046925861908999455,0.011714288806051753,0.030364803734945905,0.0043681361188317907
10000,0,multi,gaussian_matched,0.050000000000000003,657,12,0.02,19.098382149701781,>=10%,True,False,3,0.038235212592274928,0.46664743341535153,-0.025548125110446435,0.082582763973404749,1.1408596833321467,1.1659047624914751,1.1727799814139503,1.0058968958217336,,1.1003655959870327,False,False,False,,-1,,,False,1,0.0074185972846645088,0.011523058705711894,0.038235212592274928,0.0052313594872089595
10000,0,multi,gaussian_matched,0.050000000000000003,657,12,0.050000000000000003,19.098382149701781,>=10%,True,True,4,0.038235212592274928,0.46664743341535153,-0.025548125110446435,0.082582763973404749,1.1408596833321467,1.1659047624914751,1.1727799814139503,1.0058968958217336,0.96721471010841076,1.1003655959870327,True,True,False,3>1>2>4,12,0,0,True,1,0.0074185972846645088,0.011523058705711894,0.038235212592274928,0.0052313594872089595
10000,0,multi,gaussian_matched,0.050000000000000003,657,13,0.02,19.098382149701781,>=10%,True,False,3,0.034491274258655794,0.57051264581946148,0.054359583817523698,0.07064728721984187,1.1408596833321467,1.1990189445539845,1.1460813768025218,0.95584926494121858,,1.0665015880556177,False,False,False,,-1,,,False,1,0.00013957287427359213,0.0044936828514371687,0.034491274258655794,0.0014016040660291319
10000,0,multi,gaussian_matched,0.050000000000000003,657,13,0.050000000000000003,19.098382149701781,>=10%,True,True,4,0.034491274258655794,0.57051264581946148,0.054359583817523698,0.07064728721984187,1.1408596833321467,1.1990189445539845,1.1460813768025218,0.95584926494121858,0.91271997683393513,1.0665015880556177,True,True,False,3>1>2>4,12,0,0,True,1,0.00013957287427359213,0.0044936828514371687,0.034491274258655794,0.0014016040660291319
10000,0,multi,gaussian_matched,0.050000000000000003,657,14,0.02,19.098382149701781,>=10%,True,True,4,0.015693967420230964,0.42714277353313751,0.046161419690404749,0.072958276756218007,1.1408596833321467,1.0867624027609182,1.1494277791245602,1.0576624441593128,1.0411101761433272,1.0714604729571253,True,True,False,3>1>2>4,12,0,0,True,1,0.010016470639399993,0.015693967420230964,0.00038722284753240119,0.0037976301841778359
10000,0,multi,gaussian_matched,0.050000000000000003,657,14,0.050000000000000003,19.098382149701781,>=10%,True,True,4,0.015693967420230964,0.42714277353313751,0.046161419690404749,0.072958276756218007,1.1408596833321467,1.0867624027609182,1.1494277791245602,1.0576624441593128,1.0132748458302252,1.0714604729571253,True,True,False,3>1>2>4,12,0,0,True,1,0.010016470639399993,0.015693967420230964,0.00038722284753240119,0.0037976301841778359
10000,0,multi,gaussian_matched,0.050000000000000003,657,15,0.02,19.098382149701781,>=10%,True,False,3,0.022282140182767564,0.43807228163628181,0.0020257749768908401,0.078336253218442314,1.1408596833321467,1.1263156409799864,1.1640433006790749,1.0334965247097718,,1.0889854134111026,False,False,False,,-1,,,False,1,0.00077253442844896821,0.014542863507782788,0.022282140182767564,0.0046963776236650682
10000,0,multi,gaussian_matched,0.050000000000000003,657,15,0.050000000000000003,19.098382149701781,>=10%,True,True,4,0.022282140182767564,0.43807228163628181,0.0020257749768908401,0.078336253218442314,1.1408596833321467,1.1263156409799864,1.1640433006790749,1.0334965247097718,0.99248502343946599,1.0889854134111026,True,True,False,3>1>2>4,12,0,0,True,1,0.00077253442844896821,0.014542863507782788,0.022282140182767564,0.0046963776236650682
10000,0,multi,gaussian_matched,0.050000000000000003,657,16,0.02,19.098382149701781,>=10%,True,True,4,0.0075498792638208868,0.48872690112536699,0.043790760187660011,0.012870020096503352,1.1408596833321467,1.1353000539712403,1.1457552234948318,1.0092091685251134,0.99187293994315051,1.0155720817544363,True,True,False,3>1>2>4,12,0,0,True,1,3.2629866812078646e-05,0.0075498792638208868,0.005415397004408266,0.0015588103295577993
10000,0,multi,gaussian_matched,0.050000000000000003,657,16,0.050000000000000003,19.098382149701781,>=10%,True,True,4,0.0075498792638208868,0.48872690112536699,0.043790760187660011,0.012870020096503352,1.1408596833321467,1.1353000539712403,1.1457552234948318,1.0092091685251134,0.96539034467849838,1.0155720817544363,True,True,False,3>1>2>4,12,0,0,True,1,3.2629866812078646e-05,0.0075498792638208868,0.005415397004408266,0.0015588103295577993
10000,0,multi,gaussian_matched,0.050000000000000003,657,17,0.02,19.098382149701781,>=10%,True,False,3,0.037417401043918504,0.57558117510314255,0.040684322922995481,0.076153108074292819,1.1408596833321467,1.2100144350847604,1.1516595640246832,0.95177340916929687,,1.076217075629198,False,False,False,,-1,,,False,1,0.0026672438325733632,0.0052797898028759914,0.037417401043918504,0.0014911884973420437
10000,0,multi,gaussian_matched,0.050000000000000003,657,17,0.050000000000000003,19.098382149701781,>=10%,True,True,4,0.037417401043918504,0.57558117510314255,0.040684322922995481,0.076153108074292819,1.1408596833321467,1.2100144350847604,1.1516595640246832,0.95177340916929687,0.90950896847371621,1.076217075629198,True,True,False,3>1>2>4,12,0,0,True,1,0.0026672438325733632,0.0052797898028759914,0.037417401043918504,0.0014911884973420437
10000,0,multi,gaussian_matched,0.050000000000000003,657,18,0.02,19.098382149701781,>=10%,True,False,3,0.031228179424150904,0.5638208107639715,0.057273269935424378,0.064233918937927251,1.1408596833321467,1.1917416663885823,1.1440465858295465,0.95997867498954748,,1.0590965062753457,False,False,False,,-1,,,False,1,0.00035178675473052583,0.0035375294895798048,0.031228179424150904,0.0011801739320023616
10000,0,multi,gaussian_matched,0.050000000000000003,657,18,0.050000000000000003,19.098382149701781,>=10%,True,True,4,0.031228179424150904,0.5638208107639715,0.057273269935424378,0.064233918937927251,1.1408596833321467,1.1917416663885823,1.1440465858295465,0.95997867498954748,0.91655057728264755,1.0590965062753457,True,True,False,3>1>2>4,12,0,0,True,1,0.00035178675473052583,0.0035375294895798048,0.031228179424150904,0.0011801739320023616
10000,0,multi,gaussian_matched,0.050000000000000003,657,19,0.02,19.098382149701781,>=10%,True,True,4,0.0096109900896410409,0.4739167299950261,0.050725737805237446,0.026093364472875514,1.1408596833321467,1.1192944430984091,1.1443356266133651,1.0223722932507711,1.0048524575234017,1.0259184439472258,True,True,False,3>1>2>4,12,0,0,True,1,0.003189955831745105,0.0096109900896410409,0.0015127279342832143,0.0020499172560276995
10000,0,multi,gaussian_matched,0.050000000000000003,657,19,0.050000000000000003,19.098382149701781,>=10%,True,True,4,0.0096109900896410409,0.4739167299950261,0.050725737805237446,0.026093364472875514,1.1408596833321467,1.1192944430984091,1.1443356266133651,1.0223722932507711,0.97795800177299852,1.0259184439472258,True,True,False,3>1>2>4,12,0,0,True,1,0.003189955831745105,0.0096109900896410409,0.0015127279342832143,0.0020499172560276995
10000,0,multi,gaussian_matched,0.050000000000000003,657,20,0.02,19.098382149701781,>=10%,True,True,4,0.013195327359697471,0.52220358467626893,0.077876594922033401,0.035638514516227841,1.1408596833321467,1.1453248308137796,1.1338833862516393,0.99001030602470141,0.97083251450811914,1.0251233502721437,True,True,False,3>1>2>4,12,0,0,True,1,0.0039655450932107195,0.0025807904245784379,0.013195327359697471,0.00030988053222308441
10000,0,multi,gaussian_matched,0.050000000000000003,657,20,0.050000000000000003,19.098382149701781,>=10%,True,True,4,0.013195327359697471,0.52220358467626893,0.077876594922033401,0.035638514516227841,1.1408596833321467,1.1453248308137796,1.1338833862516393,0.99001030602470141,0.94463093501699014,1.0251233502721437,True,True,False,3>1>2>4,12,0,0,True,1,0.0039655450932107195,0.0025807904245784379,0.013195327359697471,0.00030988053222308441
10000,0,multi,gaussian_matched,0.050000000000000003,657,21,0.02,19.098382149701781,>=10%,True,False,3,0.030827601557033964,0.56088632004276018,0.070836292857262617,0.064352894794119653,1.1408596833321467,1.1829471595039822,1.1391878615995041,0.963008239587957,,1.0549419652366032,False,False,False,,-1,,,False,1,0.0029177930310903448,0.0029317564743306223,0.030827601557033964,0.0011554955154016904
10000,0,multi,gaussian_matched,0.050000000000000003,657,21,0.050000000000000003,19.098382149701781,>=10%,True,True,4,0.030827601557033964,0.56088632004276018,0.070836292857262617,0.064352894794119653,1.1408596833321467,1.1829471595039822,1.1391878615995041,0.963008239587957,0.91878060331942268,1.0549419652366032,True,True,False,3>1>2>4,12,0,0,True,1,0.0029177930310903448,0.0029317564743306223,0.030827601557033964,0.0011554955154016904
10000,0,multi,gaussian_matched,0.050000000000000003,657,22,0.02,19.098382149701781,>=10%,True,True,4,0.012378231386620571,0.45334996851107484,0.070808937457682505,0.051080694161644388,1.1408596833321467,1.0907903655909226,1.1396067002534385,1.0447531773312557,1.0265153378440273,1.0436755823795987,True,True,False,3>1>2>4,12,0,0,True,1,0.010121603953063728,0.012378231386620571,0.0092363156435005412,0.0027412053715812922
10000,0,multi,gaussian_matched,0.050000000000000003,657,22,0.050000000000000003,19.098382149701781,>=10%,True,True,4,0.012378231386620571,0.45334996851107484,0.070808937457682505,0.051080694161644388,1.1408596833321467,1.0907903655909226,1.1396067002534385,1.0447531773312557,0.99885521451901604,1.0436755823795987,True,True,False,3>1>2>4,12,0,0,True,1,0.010121603953063728,0.012378231386620571,0.0092363156435005412,0.0027412053715812922
10000,0,multi,gaussian_matched,0.050000000000000003,657,23,0.02,19.098382149701781,>=10%,True,True,4,0.018340007846760358,0.49852942359642266,0.01861930939824865,0.031415129119607386,1.1408596833321467,1.1584890463056534,1.1543189299416219,0.99640038343277415,0.98028855103492551,1.039333825521835,True,True,False,3>1>2>4,12,0,0,True,1,0.0054143687108334461,0.0064956818197019518,0.018340007846760358,0.0017589166093744831
10000,0,multi,gaussian_matched,0.050000000000000003,657,23,0.050000000000000003,19.098382149701781,>=10%,True,True,4,0.018340007846760358,0.49852942359642266,0.01861930939824865,0.031415129119607386,1.1408596833321467,1.1584890463056534,1.1543189299416219,0.99640038343277415,0.95435480611186707,1.039333825521835,True,True,False,3>1>2>4,12,0,0,True,1,0.0054143687108334461,0.0064956818197019518,0.018340007846760358,0.0017589166093744831
10000,0,multi,gaussian_matched,0.050000000000000003,657,24,0.02,19.098382149701781,>=10%,True,True,4,0.017685639330746156,0.53344271652354525,0.039577078190213361,0.035029310406103235,1.1408596833321467,1.1744746898974494,1.1469757527406077,0.97658618155556609,0.95916403196468025,1.0360652413401004,True,True,False,3>1>2>4,12,0,0,True,1,0.003381799759252381,0.00073323178289332047,0.017685639330746156,2.3545559977304177e-05
10000,0,multi,gaussian_matched,0.050000000000000003,657,24,0.050000000000000003,19.098382149701781,>=10%,True,True,4,0.017685639330746156,0.53344271652354525,0.039577078190213361,0.035029310406103235,1.1408596833321467,1.1744746898974494,1.1469757527406077,0.97658618155556609,0.93361797456770224,1.0360652413401004,True,True,False,3>1>2>4,12,0,0,True,1,0.003381799759252381,0.00073323178289332047,0.017685639330746156,2.3545559977304177e-05
10000,0,multi,gaussian_matched,0.050000000000000003,657,25,0.02,19.098382149701781,>=10%,True,True,4,0.0045944128110355304,0.50790922911986591,0.049020574242865926,0.0079696411515370359,1.1408596833321467,1.1479526395869661,1.1432736043426992,0.99592401717378298,0.97816251608073168,1.0091015243274808,True,True,False,3>1>2>4,12,0,0,True,1,0.0010999394797996072,0.0045944128110355304,0.0043631985980579213,0.00088034392131800519
10000,0,multi,gaussian_matched,0.050000000000000003,657,25,0.050000000000000003,19.098382149701781,>=10%,True,True,4,0.0045944128110355304,0.50790922911986591,0.049020574242865926,0.0079696411515370359,1.1408596833321467,1.1479526395869661,1.1432736043426992,0.99592401717378298,0.95200366471388997,1.0091015243274808,True,True,False,3>1>2>4,12,0,0,True,1,0.0010999394797996072,0.0045944128110355304,0.0043631985980579213,0.00088034392131800519
10000,0,multi,gaussian_matched,0.050000000000000003,657,26,0.02,19.098382149701781,>=10%,True,False,3,0.02951908117438996,0.50351611967056864,-0.003221322347440117,0.053337343859137652,1.1408596833321467,1.1763951377697563,1.1625763099758304,0.98825324302162276,,1.0657872055602917,False,False,False,,-1,,,False,1,0.0093831580541051014,0.0062283164801636131,0.02951908117438996,0.0026432731134479882
10000,0,multi,gaussian_matched,0.050000000000000003,657,26,0.050000000000000003,19.098382149701781,>=10%,True,True,4,0.02951908117438996,0.50351611967056864,-0.003221322347440117,0.053337343859137652,1.1408596833321467,1.1763951377697563,1.1625763099758304,0.98825324302162276,0.94783194489023759,1.0657872055602917,True,True,False,3>1>2>4,12,0,0,True,1,0.0093831580541051014,0.0062283164801636131,0.02951908117438996,0.0026432731134479882
10000,0,multi,gaussian_matched,0.050000000000000003,657,27,0.02,19.098382149701781,>=10%,True,False,3,0.022482878751090618,0.48675355193052822,0.0092329908909718206,0.042865107233655671,1.1408596833321467,1.1555866603590852,1.158266113296603,1.0023186949360294,,1.0528299299893522,False,False,False,,-1,,,False,1,0.0052893626464359791,0.0083512711315703453,0.022482878751090618,0.0025843401221538331
10000,0,multi,gaussian_matched,0.050000000000000003,657,27,0.050000000000000003,19.098382149701781,>=10%,True,True,4,0.022482878751090618,0.48675355193052822,0.0092329908909718206,0.042865107233655671,1.1408596833321467,1.1555866603590852,1.158266113296603,1.0023186949360294,0.96085155739098105,1.0528299299893522,True,True,False,3>1>2>4,12,0,0,True,1,0.0052893626464359791,0.0083512711315703453,0.022482878751090618,0.0025843401221538331
10000,0,multi,gaussian_matched,0.050000000000000003,657,28,0.02,19.098382149701781,>=10%,True,True,4,0.018851285977326472,0.50075974141397095,0.113942009756653,0.063946523116867035,1.1408596833321467,1.110203594665315,1.1241002924246444,1.0125172516339389,0.99188399736324218,1.041361030544566,True,True,False,3>1>2>4,12,0,0,True,1,0.012726585365203401,0.0064842934552325586,0.018851285977326472,0.0011447879771976015
10000,0,multi,gaussian_matched,0.050000000000000003,657,28,0.050000000000000003,19.098382149701781,>=10%,True,True,4,0.018851285977326472,0.50075974141397095,0.113942009756653,0.063946523116867035,1.1408596833321467,1.110203594665315,1.1241002924246444,1.0125172516339389,0.96482572801212863,1.041361030544566,True,True,False,3>1>2>4,12,0,0,True,1,0.012726585365203401,0.0064842934552325586,0.018851285977326472,0.0011447879771976015
10000,0,multi,gaussian_matched,0.050000000000000003,657,29,0.02,19.098382149701781,>=10%,True,False,2,0.021025036397407191,0.42211837890176263,0.090248644645604961,0.08766698523787389,1.1408596833321467,1.0541398997686775,1.1367251609421674,1.0783437389967048,,1.073218875264238,False,False,False,,-1,,,False,1,0.021025036397407191,0.016968828828781965,0.02040415971979842,0.0039065372244698211
10000,0,multi,gaussian_matched,0.050000000000000003,657,29,0.050000000000000003,19.098382149701781,>=10%,True,True,4,0.021025036397407191,0.42211837890176263,0.090248644645604961,0.08766698523787389,1.1408596833321467,1.0541398997686775,1.1367251609421674,1.0783437389967048,1.0309111651663532,1.073218875264238,True,True,False,3>1>2>4,12,0,0,True,1,0.021025036397407191,0.016968828828781965,0.02040415971979842,0.0039065372244698211
10000,0,multi,gaussian_matched,0.050000000000000003,657,30,0.02,19.098382149701781,>=10%,True,False,2,0.058529063420131859,0.53526172602180355,0.17168010397339883,0.12668637268867511,1.1408596833321467,1.1258234558323905,1.1080077664411618,0.98417541462745906,,1.082248901568355,False,False,False,,-1,,,False,1,0.026869417916696326,0.0058377308167835169,0.058529063420131859,0.00049827497821138282
10000,0,multi,gaussian_matched,0.050000000000000003,657,30,0.050000000000000003,19.098382149701781,>=10%,True,False,3,0.058529063420131859,0.53526172602180355,0.17168010397339883,0.12668637268867511,1.1408596833321467,1.1258234558323905,1.1080077664411618,0.98417541462745906,,1.082248901568355,False,False,False,,-1,,,False,1,0.026869417916696326,0.0058377308167835169,0.058529063420131859,0.00049827497821138282
10000,0,multi,gaussian_matched,0.050000000000000003,657,31,0.02,19.098382149701781,>=10%,True,True,4,0.010457854064318126,0.52464747385645016,0.058998308035878647,0.026238664505133499,1.1408596833321467,1.1567556639279339,1.1399693347938979,0.98548844007641545,0.96716368090463267,1.0222186096478132,True,True,False,3>1>2>4,12,0,0,True,1,0.00025987643574054914,0.0020101440338095846,0.010457854064318126,0.0002595846782209489
10000,0,multi,gaussian_matched,0.050000000000000003,657,31,0.050000000000000003,19.098382149701781,>=10%,True,True,4,0.010457854064318126,0.52464747385645016,0.058998308035878647,0.026238664505133499,1.1408596833321467,1.1567556639279339,1.1399693347938979,0.98548844007641545,0.9412219629197377,1.0222186096478132,True,True,False,3>1>2>4,12,0,0,True,1,0.00025987643574054914,0.0020101440338095846,0.010457854064318126,0.0002595846782209489
10000,0,multi,gaussian_matched,0.050000000000000003,658,0,0.02,17.633814064129748,>=10%,True,True,4,0.018994819896039346,0.51762095047346757,-0.010601157884565005,0.063110999299158407,1.457641815971447,1.5074361468185247,1.4910167391433804,0.98910772591608753,0.97806936150402302,1.066193163103508,True,True,False,3>1>2>4,12,0,0,True,1,0.011821130276342498,0.0029887185634401314,0.018994819896039346,0.0035139873202344953
10000,0,multi,gaussian_matched,0.050000000000000003,658,0,0.050000000000000003,17.633814064129748,>=10%,True,True,4,0.018994819896039346,0.51762095047346757,-0.010601157884565005,0.063110999299158407,1.457641815971447,1.5074361468185247,1.4910167391433804,0.98910772591608753,0.9581423932333073,1.066193163103508,True,True,False,3>1>2>4,12,0,0,True,1,0.011821130276342498,0.0029887185634401314,0.018994819896039346,0.0035139873202344953
10000,0,multi,gaussian_matched,0.050000000000000003,658,1,0.02,17.633814064129748,>=10%,True,False,2,0.026369328324655477,0.46269402938876425,0.090933133861779786,0.055382821262488682,1.457641815971447,1.4381566628557971,1.4267217370916208,0.99204890116667144,,1.0167824098585969,False,False,False,,-1,,,False,1,0.020512652346696469,0.0074954846387340198,0.026369328324655477,0.0070488401254147548
10000,0,multi,gaussian_matched,0.050000000000000003,658,1,0.050000000000000003,17.633814064129748,>=10%,True,True,4,0.026369328324655477,0.46269402938876425,0.090933133861779786,0.055382821262488682,1.457641815971447,1.4381566628557971,1.4267217370916208,0.99204890116667144,0.95777207512641327,1.0167824098585969,True,True,False,3>1>2>4,12,0,0,True,1,0.020512652346696469,0.0074954846387340198,0.026369328324655477,0.0070488401254147548
10000,0,multi,gaussian_matched,0.050000000000000003,658,2,0.02,17.633814064129748,>=10%,True,False,2,0.03027039028008454,0.44045036114519209,0.074327842384038167,0.064327314593418644,1.457641815971447,1.4638240934885149,1.4401322991028016,0.98381513564976775,,1.0321188629550748,False,False,False,,-1,,,False,1,0.025566706282389693,0.0022964573521146239,0.03027039028008454,0.006089790468409316
10000,0,multi,gaussian_matched,0.050000000000000003,658,2,0.050000000000000003,17.633814064129748,>=10%,True,True,4,0.03027039028008454,0.44045036114519209,0.074327842384038167,0.064327314593418644,1.457641815971447,1.4638240934885149,1.4401322991028016,0.98381513564976775,0.94777694446297367,1.0321188629550748,True,True,False,3>1>2>4,12,0,0,True,1,0.025566706282389693,0.0022964573521146239,0.03027039028008454,0.006089790468409316
10000,0,multi,gaussian_matched,0.050000000000000003,658,3,0.02,17.633814064129748,>=10%,True,True,4,0.0097904374349745121,0.50254957347938123,0.071618176460436389,0.021768001249571123,1.457641815971447,1.4368941306438665,1.4358099454507445,0.99924546619684762,0.98893581559832899,0.99995618315114754,True,True,False,3>1>2>4,12,0,0,True,1,0.0097904374349745121,0.0079981227189230841,0.0063446630555400087,0.0074629564577560672
10000,0,multi,gaussian_matched,0.050000000000000003,658,3,0.050000000000000003,17.633814064129748,>=10%,True,True,4,0.0097904374349745121,0.50254957347938123,0.071618176460436389,0.021768001249571123,1.457641815971447,1.4368941306438665,1.4358099454507445,0.99924546619684762,0.9675813537056851,0.99995618315114754,True,True,False,3>1>2>4,12,0,0,True,1,0.0097904374349745121,0.0079981227189230841,0.0063446630555400087,0.0074629564577560672
10000,0,multi,gaussian_matched,0.050000000000000003,658,4,0.02,17.633814064129748,>=10%,True,True,4,0.015195506746989784,0.50391847848382587,0.10521596889080406,0.055354834424632217,1.457641815971447,1.4059985497674183,1.4141489586916927,1.0057968828812964,0.99658950299220672,1.0081377859875489,True,True,False,3>1>2>4,12,0,0,True,1,0.015195506746989784,0.011730137196609192,0.011363713208732768,0.0094105844901129637
10000,0,multi,gaussian_matched,0.050000000000000003,658,4,0.050000000000000003,17.633814064129748,>=10%,True,True,4,0.015195506746989784,0.50391847848382587,0.10521596889080406,0.055354834424632217,1.457641815971447,1.4059985497674183,1.4141489586916927,1.0057968828812964,0.97452062339764634,1.0081377859875489,True,True,False,3>1>2>4,12,0,0,True,1,0.015195506746989784,0.011730137196609192,0.011363713208732768,0.0094105844901129637
10000,0,multi,gaussian_matched,0.050000000000000003,658,5,0.02,17.633814064129748,>=10%,True,False,3,0.043143779937330907,0.54711497402705644,-0.065135788320636268,0.1244028557943288,1.457641815971447,1.5507977555778949,1.5285683081662769,0.98566579856614867,,1.1340036666408209,False,False,False,,-1,,,False,1,0.019186144886068585,0.010808434299633646,0.043143779937330907,0.0057726914248702084
10000,0,multi,gaussian_matched,0.050000000000000003,658,5,0.050000000000000003,17.633814064129748,>=10%,True,True,4,0.043143779937330907,0.54711497402705644,-0.065135788320636268,0.1244028557943288,1.457641815971447,1.5507977555778949,1.5285683081662769,0.98566579856614867,0.95657340957424064,1.1340036666408209,True,True,False,3>1>2>4,12,0,0,True,1,0.019186144886068585,0.010808434299633646,0.043143779937330907,0.0057726914248702084
10000,0,multi,gaussian_matched,0.050000000000000003,658,6,0.02,17.633814064129748,>=10%,True,False,2,0.05133599988241163,0.38728295655878808,-0.0036925731121533537,0.12485200955343885,1.457641815971447,1.5581456453931732,1.4978109441937442,0.96127788093634559,,1.1132110344033712,False,False,False,,-1,,,False,1,0.05133599988241163,0.013468859159893274,0.027550484991111457,0.00068218746694271649
10000,0,multi,gaussian_matched,0.050000000000000003,658,6,0.050000000000000003,17.633814064129748,>=10%,True,False,3,0.05133599988241163,0.38728295655878808,-0.0036925731121533537,0.12485200955343885,1.457641815971447,1.5581456453931732,1.4978109441937442,0.96127788093634559,,1.1132110344033712,False,False,False,,-1,,,False,1,0.05133599988241163,0.013468859159893274,0.027550484991111457,0.00068218746694271649
10000,0,multi,gaussian_matched,0.050000000000000003,658,7,0.02,17.633814064129748,>=10%,True,True,4,0.0090335176994161635,0.53022889594489742,0.067977824194442371,0.035170844641744282,1.457641815971447,1.4293988600380716,1.4370655269399397,1.0053635602463429,0.99677336668565564,1.0100124430091972,True,True,False,3>1>2>4,12,0,0,True,1,0.0039835506482803103,0.0074266723011249909,0.0061136172758976832,0.0090335176994161635
10000,0,multi,gaussian_matched,0.050000000000000003,658,7,0.050000000000000003,17.633814064129748,>=10%,True,True,4,0.0090335176994161635,0.53022889594489742,0.067977824194442371,0.035170844641744282,1.457641815971447,1.4293988600380716,1.4370655269399397,1.0053635602463429,0.97534698558696686,1.0100124430091972,True,True,False,3>1>2>4,12,0,0,True,1,0.0039835506482803103,0.0074266723011249909,0.0061136172758976832,0.0090335176994161635
10000,0,multi,gaussian_matched,0.050000000000000003,658,8,0.02,17.633814064129748,>=10%,True,False,3,0.020212535099194968,0.47082077877742951,0.076370744501795429,0.039329926477616024,1.457641815971447,1.446864971541413,1.4352036629571563,0.99194029241593051,,1.0115884254130483,False,False,False,,-1,,,False,1,0.017127748939633501,0.0065814968937462116,0.020212535099194968,0.0064195708466225571
10000,0,multi,gaussian_matched,0.050000000000000003,658,8,0.050000000000000003,17.633814064129748,>=10%,True,True,4,0.020212535099194968,0.47082077877742951,0.076370744501795429,0.039329926477616024,1.457641815971447,1.446864971541413,1.4352036629571563,0.99194029241593051,0.95815086405113847,1.0115884254130483,True,True,False,3>1>2>4,12,0,0,True,1,0.017127748939633501,0.0065814968937462116,0.020212535099194968,0.0064195708466225571
10000,0,multi,gaussian_matched,0.050000000000000003,658,9,0.02,17.633814064129748,>=10%,True,False,2,0.036794962939306217,0.41236831564235926,0.038784010480664446,0.088346536571928064,1.457641815971447,1.5088306165017116,1.4672224987112856,0.97242359921957566,,1.0671819498032875,False,False,False,,-1,,,False,1,0.036794962939306217,0.005286671903971662,0.030340503212130769,0.0035761470996924414
10000,0,multi,gaussian_matched,0.050000000000000003,658,9,0.050000000000000003,17.633814064129748,>=10%,True,True,4,0.036794962939306217,0.41236831564235926,0.038784010480664446,0.088346536571928064,1.457641815971447,1.5088306165017116,1.4672224987112856,0.97242359921957566,0.93429154329259778,1.0671819498032875,True,True,False,3>1>2>4,12,0,0,True,1,0.036794962939306217,0.005286671903971662,0.030340503212130769,0.0035761470996924414
10000,0,multi,gaussian_matched,0.050000000000000003,658,10,0.02,17.633814064129748,>=10%,True,True,4,0.017320576065369363,0.50955497596037325,-0.014660197504756903,0.06536236460653394,1.457641815971447,1.513997110440356,1.4941426010912149,0.98688603220427129,0.97530266236300367,1.0698821539078962,True,True,False,3>1>2>4,12,0,0,True,1,0.014987497400915803,0.003895381306768322,0.017320576065369363,0.0025506516587856737
10000,0,multi,gaussian_matched,0.050000000000000003,658,10,0.050000000000000003,17.633814064129748,>=10%,True,True,4,0.017320576065369363,0.50955497596037325,-0.014660197504756903,0.06536236460653394,1.457641815971447,1.513997110440356,1.4941426010912149,0.98688603220427129,0.95547334840659248,1.0698821539078962,True,True,False,3>1>2>4,12,0,0,True,1,0.014987497400915803,0.003895381306768322,0.017320576065369363,0.0025506516587856737
10000,0,multi,gaussian_matched,0.050000000000000003,658,11,0.02,17.633814064129748,>=10%,True,True,4,0.018097954768661832,0.58077285304245996,0.13895025182363804,0.12015157547076716,1.457641815971447,1.3454935904830179,1.385919553487414,1.0300454519369979,1.0253910776288997,1.0332244262315282,True,True,False,3>1>2>4,12,0,0,True,1,0.0058438553293333308,0.013300150768129232,0.018097954768661832,0.014439428577380247
10000,0,multi,gaussian_matched,0.050000000000000003,658,11,0.050000000000000003,17.633814064129748,>=10%,True,True,4,0.018097954768661832,0.58077285304245996,0.13895025182363804,0.12015157547076716,1.457641815971447,1.3454935904830179,1.385919553487414,1.0300454519369979,1.0023048234639749,1.0332244262315282,True,True,False,3>1>2>4,12,0,0,True,1,0.0058438553293333308,0.013300150768129232,0.018097954768661832,0.014439428577380247
10000,0,multi,gaussian_matched,0.050000000000000003,658,12,0.02,17.633814064129748,>=10%,True,False,3,0.026143438356410299,0.47132275772228605,-0.016440881149189374,0.072365564411088601,1.457641815971447,1.5300039693614556,1.4977998385915507,0.97895160312339247,,1.0771956359911374,False,False,False,,-1,,,False,1,0.026143438356410299,0.0065767244163249866,0.0042128591646260049,3.8768845419907399e-05
10000,0,multi,gaussian_matched,0.050000000000000003,658,12,0.050000000000000003,17.633814064129748,>=10%,True,True,4,0.026143438356410299,0.47132275772228605,-0.016440881149189374,0.072365564411088601,1.457641815971447,1.5300039693614556,1.4977998385915507,0.97895160312339247,0.94532621145034335,1.0771956359911374,True,True,False,3>1>2>4,12,0,0,True,1,0.026143438356410299,0.0065767244163249866,0.0042128591646260049,3.8768845419907399e-05
10000,0,multi,gaussian_matched,0.050000000000000003,658,13,0.02,17.633814064129748,>=10%,True,False,3,0.02133360012485571,0.55728650963626913,0.04679031192760693,0.057376356487915982,1.457641815971447,1.4404331051532802,1.4508866051039111,1.0072571922383848,,1.0347281102021921,False,False,False,,-1,,,False,1,0.0050503768653534986,0.0048978026309660274,0.02133360012485571,0.0097753634871710904
10000,0,multi,gaussian_matched,0.050000000000000003,658,13,0.050000000000000003,17.633814064129748,>=10%,True,True,4,0.02133360012485571,0.55728650963626913,0.04679031192760693,0.057376356487915982,1.457641815971447,1.4404331051532802,1.4508866051039111,1.0072571922383848,0.97857547094407149,1.0347281102021921,True,True,False,3>1>2>4,12,0,0,True,1,0.0050503768653534986,0.0048978026309660274,0.02133360012485571,0.0097753634871710904
10000,0,multi,gaussian_matched,0.050000000000000003,658,14,0.02,17.633814064129748,>=10%,True,True,4,0.0092976991799775741,0.53241231402055489,0.070220412205964922,0.038202397437153,1.457641815971447,1.4265163517568267,1.4355163400253139,1.0063090677210977,0.99791048143948347,1.0110294046965889,True,True,False,3>1>2>4,12,0,0,True,1,0.0039394079667968733,0.0076691477526916298,0.0066790122647277638,0.0092976991799775741
10000,0,multi,gaussian_matched,0.050000000000000003,658,14,0.050000000000000003,17.633814064129748,>=10%,True,True,4,0.0092976991799775741,0.53241231402055489,0.070220412205964922,0.038202397437153,1.457641815971447,1.4265163517568267,1.4355163400253139,1.0063090677210977,0.97642802977992438,1.0110294046965889,True,True,False,3>1>2>4,12,0,0,True,1,0.0039394079667968733,0.0076691477526916298,0.0066790122647277638,0.0092976991799775741
10000,0,multi,gaussian_matched,0.050000000000000003,658,15,0.02,17.633814064129748,>=10%,True,True,4,0.019861743321261886,0.49918022996097844,0.12953999782044012,0.079544222142104673,1.457641815971447,1.3866071015622408,1.3993293053188003,1.0091750602908538,1.0004394418182627,1.0145657947355937,True,True,False,3>1>2>4,12,0,0,True,1,0.019861743321261886,0.014257688502104756,0.016994224470479158,0.010390970736818682
10000,0,multi,gaussian_matched,0.050000000000000003,658,15,0.050000000000000003,17.633814064129748,>=10%,True,True,4,0.019861743321261886,0.49918022996097844,0.12953999782044012,0.079544222142104673,1.457641815971447,1.3866071015622408,1.3993293053188003,1.0091750602908538,0.97787615183940946,1.0145657947355937,True,True,False,3>1>2>4,12,0,0,True,1,0.019861743321261886,0.014257688502104756,0.016994224470479158,0.010390970736818682
10000,0,multi,gaussian_matched,0.050000000000000003,658,16,0.02,17.633814064129748,>=10%,True,False,2,0.034605846960882924,0.4157621922861009,0.050760284144994415,0.084241238597405302,1.457641815971447,1.4968923520603512,1.4588712732140778,0.97459999124590324,,1.0586362814948982,False,False,False,,-1,,,False,1,0.034605846960882924,0.0034463794638712793,0.032359301119726437,0.0044414824682385981
10000,0,multi,gaussian_matched,0.050000000000000003,658,16,0.050000000000000003,17.633814064129748,>=10%,True,True,4,0.034605846960882924,0.4157621922861009,0.050760284144994415,0.084241238597405302,1.457641815971447,1.4968923520603512,1.4588712732140778,0.97459999124590324,0.93669701137871342,1.0586362814948982,True,True,False,3>1>2>4,12,0,0,True,1,0.034605846960882924,0.0034463794638712793,0.032359301119726437,0.0044414824682385981
10000,0,multi,gaussian_matched,0.050000000000000003,658,17,0.02,17.633814064129748,>=10%,True,True,4,0.0082838016756233562,0.51227052578368515,0.072969218245225925,0.02604132849539173,1.457641815971447,1.4316733297765429,1.4344252629560068,1.0019221795379072,0.99231616451106774,1.0019379078241311,True,True,False,3>1>2>4,12,0,0,True,1,0.0082838016756233562,0.0080934338685575893,0.0024438936611352476,0.0081342457098079086
10000,0,multi,gaussian_matched,0.050000000000000003,658,17,0.050000000000000003,17.633814064129748,>=10%,True,True,4,0.0082838016756233562,0.51227052578368515,0.072969218245225925,0.02604132849539173,1.457641815971447,1.4316733297765429,1.4344252629560068,1.0019221795379072,0.9708789875478917,1.0019379078241311,True,True,False,3>1>2>4,12,0,0,True,1,0.0082838016756233562,0.0080934338685575893,0.0024438936611352476,0.0081342457098079086
10000,0,multi,gaussian_matched,0.050000000000000003,658,18,0.02,17.633814064129748,>=10%,True,True,4,0.0096010416831932583,0.50051396320492125,0.018177543529631801,0.031826606699183184,1.457641815971447,1.4866926367607505,1.4718184084816699,0.98999508848615203,0.97830085705139425,1.0315600161201106,True,True,False,3>1>2>4,12,0,0,True,1,0.0096010416831932583,0.00080127860649846212,0.0053220540926400082,0.0038912701367910013
10000,0,multi,gaussian_matched,0.050000000000000003,658,18,0.050000000000000003,17.633814064129748,>=10%,True,True,4,0.0096010416831932583,0.50051396320492125,0.018177543529631801,0.031826606699183184,1.457641815971447,1.4866926367607505,1.4718184084816699,0.98999508848615203,0.95799185628003125,1.0315600161201106,True,True,False,3>1>2>4,12,0,0,True,1,0.0096010416831932583,0.00080127860649846212,0.0053220540926400082,0.0038912701367910013
10000,0,multi,gaussian_matched,0.050000000000000003,658,19,0.02,17.633814064129748,>=10%,True,True,4,0.012325716029725655,0.53315863990812018,0.11479814026572628,0.072789383720794881,1.457641815971447,1.3849825326523391,1.4063029129255451,1.0153939705162751,1.0082647686126194,1.0147158790588051,True,True,False,3>1>2>4,12,0,0,True,1,0.011129363994363416,0.012325716029725655,0.00013541055390030917,0.011540824879336414
10000,0,multi,gaussian_matched,0.050000000000000003,658,19,0.050000000000000003,17.633814064129748,>=10%,True,True,4,0.012325716029725655,0.53315863990812018,0.11479814026572628,0.072789383720794881,1.457641815971447,1.3849825326523391,1.4063029129255451,1.0153939705162751,0.98584187961710834,1.0147158790588051,True,True,False,3>1>2>4,12,0,0,True,1,0.011129363994363416,0.012325716029725655,0.00013541055390030917,0.011540824879336414
10000,0,multi,gaussian_matched,0.050000000000000003,658,20,0.02,17.633814064129748,>=10%,True,False,2,0.052576378996104275,0.40902761067231708,0.12011942674032161,0.11485952127002291,1.457641815971447,1.4439573162571091,1.4157547931274657,0.98046858947136517,,1.0500620232120668,False,False,False,,-1,,,False,1,0.036555476354184727,0.0049974856095255189,0.052576378996104275,0.0081607579979719336
10000,0,multi,gaussian_matched,0.050000000000000003,658,20,0.050000000000000003,17.633814064129748,>=10%,True,False,3,0.052576378996104275,0.40902761067231708,0.12011942674032161,0.11485952127002291,1.457641815971447,1.4439573162571091,1.4157547931274657,0.98046858947136517,,1.0500620232120668,False,False,False,,-1,,,False,1,0.036555476354184727,0.0049974856095255189,0.052576378996104275,0.0081607579979719336
10000,0,multi,gaussian_matched,0.050000000000000003,658,21,0.02,17.633814064129748,>=10%,True,True,4,0.010151315252382165,0.53374766947610119,0.085135180218265202,0.048717410481655801,1.457641815971447,1.4121493868713162,1.425620266389259,1.0095392737079949,1.0016200501855497,1.0114540216372299,True,True,False,3>1>2>4,12,0,0,True,1,0.0061918933179341135,0.0092994562175231898,0.0048333677961604942,0.010151315252382165
10000,0,multi,gaussian_matched,0.050000000000000003,658,21,0.050000000000000003,17.633814064129748,>=10%,True,True,4,0.010151315252382165,0.53374766947610119,0.085135180218265202,0.048717410481655801,1.457641815971447,1.4121493868713162,1.425620266389259,1.0095392737079949,0.97982298764258591,1.0114540216372299,True,True,False,3>1>2>4,12,0,0,True,1,0.0061918933179341135,0.0092994562175231898,0.0048333677961604942,0.010151315252382165
10000,0,multi,gaussian_matched,0.050000000000000003,658,22,0.02,17.633814064129748,>=10%,True,False,3,0.028086967112617427,0.46756624418468051,-0.020043461261304213,0.077188308582009979,1.457641815971447,1.5348218428822413,1.5006151044118605,0.97771289310937615,,1.0824356132664468,False,False,False,,-1,,,False,1,0.028086967112617427,0.0074482722686656571,0.0038496979252751395,0.0003508420740533659
10000,0,multi,gaussian_matched,0.050000000000000003,658,22,0.050000000000000003,17.633814064129748,>=10%,True,True,4,0.028086967112617427,0.46756624418468051,-0.020043461261304213,0.077188308582009979,1.457641815971447,1.5348218428822413,1.5006151044118605,0.97771289310937615,0.94390524029838185,1.0824356132664468,True,True,False,3>1>2>4,12,0,0,True,1,0.028086967112617427,0.0074482722686656571,0.0038496979252751395,0.0003508420740533659
10000,0,multi,gaussian_matched,0.050000000000000003,658,23,0.02,17.633814064129748,>=10%,True,True,4,0.018492359871251453,0.52831911754681071,0.0052876254045554488,0.052926069763335332,1.457641815971447,1.4889050233186949,1.4796917604140876,0.99381205465740763,0.9836812994380455,1.0514365143648188,True,True,False,3>1>2>4,12,0,0,True,1,0.0047620447157766801,0.00048326834858819062,0.018492359871251453,0.0053359126295407225
10000,0,multi,gaussian_matched,0.050000000000000003,658,23,0.050000000000000003,17.633814064129748,>=10%,True,True,4,0.018492359871251453,0.52831911754681071,0.0052876254045554488,0.052926069763335332,1.457641815971447,1.4889050233186949,1.4796917604140876,0.99381205465740763,0.96345025724434508,1.0514365143648188,True,True,False,3>1>2>4,12,0,0,True,1,0.0047620447157766801,0.00048326834858819062,0.018492359871251453,0.0053359126295407225
10000,0,multi,gaussian_matched,0.050000000000000003,658,24,0.02,17.633814064129748,>=10%,True,False,3,0.022931957580218664,0.47596920752033622,-0.0084728652942312604,0.063218311927146401,1.457641815971447,1.5208383021458542,1.4919016808394985,0.98097324267443353,,1.0668738888574167,False,False,False,,-1,,,False,1,0.022931957580218664,0.0049687630199424454,0.003734589847077099,0.00080203293986785384
10000,0,multi,gaussian_matched,0.050000000000000003,658,24,0.050000000000000003,17.633814064129748,>=10%,True,True,4,0.022931957580218664,0.47596920752033622,-0.0084728652942312604,0.063218311927146401,1.457641815971447,1.5208383021458542,1.4919016808394985,0.98097324267443353,0.94755447655408298,1.0668738888574167,True,True,False,3>1>2>4,12,0,0,True,1,0.022931957580218664,0.0049687630199424454,0.003734589847077099,0.00080203293986785384
10000,0,multi,gaussian_matched,0.050000000000000003,658,25,0.02,17.633814064129748,>=10%,True,True,4,0.013097464182913139,0.51904762043789365,0.013520727987085694,0.041152753625222423,1.457641815971447,1.4842726837716127,1.4742371325044705,0.99323874152177938,0.98267494740859207,1.0396174626204449,True,True,False,3>1>2>4,12,0,0,True,1,0.0050386971428879046,0.00055805866145766463,0.013097464182913139,0.005023238003724422
10000,0,multi,gaussian_matched,0.050000000000000003,658,25,0.050000000000000003,17.633814064129748,>=10%,True,True,4,0.013097464182913139,0.51904762043789365,0.013520727987085694,0.041152753625222423,1.457641815971447,1.4842726837716127,1.4742371325044705,0.99323874152177938,0.96234827682674595,1.0396174626204449,True,True,False,3>1>2>4,12,0,0,True,1,0.0050386971428879046,0.00055805866145766463,0.013097464182913139,0.005023238003724422
10000,0,multi,gaussian_matched,0.050000000000000003,658,26,0.02,17.633814064129748,>=10%,True,True,4,0.012409845961749703,0.48393379208776494,0.059042088493461521,0.018435899788259692,1.457641815971447,1.4562481288662008,1.4453596649723908,0.99252293364161259,0.98053420440995664,1.0042217153224999,True,True,False,3>1>2>4,12,0,0,True,1,0.012409845961749703,0.0057761685462406846,0.011237261645505982,0.0057803117434792762
10000,0,multi,gaussian_matched,0.050000000000000003,658,26,0.050000000000000003,17.633814064129748,>=10%,True,True,4,0.012409845961749703,0.48393379208776494,0.059042088493461521,0.018435899788259692,1.457641815971447,1.4562481288662008,1.4453596649723908,0.99252293364161259,0.9595508858876991,1.0042217153224999,True,True,False,3>1>2>4,12,0,0,True,1,0.012409845961749703,0.0057761685462406846,0.011237261645505982,0.0057803117434792762
10000,0,multi,gaussian_matched,0.050000000000000003,658,27,0.02,17.633814064129748,>=10%,True,False,2,0.027860732231613755,0.43438606733935792,0.057051731709457147,0.065991780391935456,1.457641815971447,1.4817372532918329,1.4522213495863674,0.98008020407134067,,1.0415543196848314,False,False,False,,-1,,,False,1,0.027860732231613755,0.00063634110592401198,0.027777691372666502,0.0050457226422431179
10000,0,multi,gaussian_matched,0.050000000000000003,658,27,0.050000000000000003,17.633814064129748,>=10%,True,True,4,0.027860732231613755,0.43438606733935792,0.057051731709457147,0.065991780391935456,1.457641815971447,1.4817372532918329,1.4522213495863674,0.98008020407134067,0.94355168783262577,1.0415543196848314,True,True,False,3>1>2>4,12,0,0,True,1,0.027860732231613755,0.00063634110592401198,0.027777691372666502,0.0050457226422431179
10000,0,multi,gaussian_matched,0.050000000000000003,658,28,0.02,17.633814064129748,>=10%,True,False,3,0.0534658001103464,0.60795884851046922,-0.01293239770107471,0.12496239295129025,1.457641815971447,1.4866626772137017,1.4928611658043822,1.004169398132936,,1.1098910178269494,False,False,False,,-1,,,False,1,0.0099887584592365693,0.0023879067813563381,0.0534658001103464,0.010895883172378773
10000,0,multi,gaussian_matched,0.050000000000000003,658,28,0.050000000000000003,17.633814064129748,>=10%,True,False,3,0.0534658001103464,0.60795884851046922,-0.01293239770107471,0.12496239295129025,1.457641815971447,1.4866626772137017,1.4928611658043822,1.004169398132936,,1.1098910178269494,False,False,False,,-1,,,False,1,0.0099887584592365693,0.0023879067813563381,0.0534658001103464,0.010895883172378773
10000,0,multi,gaussian_matched,0.050000000000000003,658,29,0.02,17.633814064129748,>=10%,True,False,2,0.027767671180066934,0.45911742060417937,0.090953091062831504,0.057866579004258983,1.457641815971447,1.4399506363222654,1.4271167538065337,0.99108727605516367,,1.0187573631188152,False,False,False,,-1,,,False,1,0.021332510308518248,0.0069905280368333603,0.027767671180066934,0.0070279440540236167
10000,0,multi,gaussian_matched,0.050000000000000003,658,29,0.050000000000000003,17.633814064129748,>=10%,True,True,4,0.027767671180066934,0.45911742060417937,0.090953091062831504,0.057866579004258983,1.457641815971447,1.4399506363222654,1.4271167538065337,0.99108727605516367,0.95654455778832315,1.0187573631188152,True,True,False,3>1>2>4,12,0,0,True,1,0.021332510308518248,0.0069905280368333603,0.027767671180066934,0.0070279440540236167
10000,0,multi,gaussian_matched,0.050000000000000003,658,30,0.02,17.633814064129748,>=10%,True,True,4,0.013590710201179277,0.48055767482796835,0.06336112652644435,0.023590754760089181,1.457641815971447,1.4538827910980046,1.4427920269440047,0.992371624300179,0.98023863723342219,1.0059966485846328,True,True,False,3>1>2>4,12,0,0,True,1,0.013590710201179277,0.0060063709168237146,0.01353991914404489,0.0059251481338201319
10000,0,multi,gaussian_matched,0.050000000000000003,658,30,0.050000000000000003,17.633814064129748,>=10%,True,True,4,0.013590710201179277,0.48055767482796835,0.06336112652644435,0.023590754760089181,1.457641815971447,1.4538827910980046,1.4427920269440047,0.992371624300179,0.95919069910048482,1.0059966485846328,True,True,False,3>1>2>4,12,0,0,True,1,0.013590710201179277,0.0060063709168237146,0.01353991914404489,0.0059251481338201319
10000,0,multi,gaussian_matched,0.050000000000000003,658,31,0.02,17.633814064129748,>=10%,True,True,4,0.011204719677526349,0.49378492169545074,0.021453237751493704,0.029215489610896875,1.457641815971447,1.4862885293509049,1.4699711332035978,0.98902138055628186,0.97692892814686672,1.0285013824300588,True,True,False,3>1>2>4,12,0,0,True,1,0.011204719677526349,0.00096075467062837615,0.0020657439028035217,0.0037033785415603588
10000,0,multi,gaussian_matched,0.050000000000000003,658,31,0.050000000000000003,17.633814064129748,>=10%,True,True,4,0.011204719677526349,0.49378492169545074,0.021453237751493704,0.029215489610896875,1.457641815971447,1.4862885293509049,1.4699711332035978,0.98902138055628186,0.95660047127497427,1.0285013824300588,True,True,False,3>1>2>4,12,0,0,True,1,0.011204719677526349,0.00096075467062837615,0.0020657439028035217,0.0037033785415603588
10000,0,multi,gaussian_matched,0.050000000000000003,659,0,0.02,6.8126126766839104,5-<10%,True,False,2,0.12693435942403267,0.536725662955436,-0.041575272343329972,0.098665114525202574,1.3261973665986702,1.3938279524211366,1.3791093223245636,0.98944013852570112,,1.1142945040223156,False,False,False,,-1,,,False,1,0.025486751899727288,0.12693435942403267,0.012041608963178747,0.004961374080726849
10000,0,multi,gaussian_matched,0.050000000000000003,659,0,0.050000000000000003,6.8126126766839104,5-<10%,True,False,3,0.12693435942403267,0.536725662955436,-0.041575272343329972,0.098665114525202574,1.3261973665986702,1.3938279524211366,1.3791093223245636,0.98944013852570112,,1.1142945040223156,False,False,False,,-1,,,False,1,0.025486751899727288,0.12693435942403267,0.012041608963178747,0.004961374080726849
10000,0,multi,gaussian_matched,0.050000000000000003,659,1,0.02,6.8126126766839104,5-<10%,True,True,4,0.0082692496867830048,0.55135606742140697,0.02144229160302415,0.058762133809782673,1.3261973665986702,1.3298955351353308,1.3430268203730829,1.0098739223426416,0.99352756203377879,1.0569987465576611,True,True,False,1>3>4>2,3,0,0,True,1,0.0056513087785294881,0.0034635679599082964,0.0036899350695071822,0.0082692496867830048
10000,0,multi,gaussian_matched,0.050000000000000003,659,1,0.050000000000000003,6.8126126766839104,5-<10%,True,True,4,0.0082692496867830048,0.55135606742140697,0.02144229160302415,0.058762133809782673,1.3261973665986702,1.3298955351353308,1.3430268203730829,1.0098739223426416,0.97084042296820361,1.0569987465576611,True,True,False,1>3>4>2,3,0,0,True,1,0.0056513087785294881,0.0034635679599082964,0.0036899350695071822,0.0082692496867830048
10000,0,multi,gaussian_matched,0.050000000000000003,659,2,0.02,6.8126126766839104,5-<10%,True,False,1,0.13977190223648017,0.47861360074300896,-0.10729611794406722,0.15874333621747191,1.3261973665986702,1.4768733579100595,1.4063657646464649,0.95225887657465047,,1.1801479480222534,False,False,False,,-1,,,False,1,0.052134938780867349,0.13977190223648017,0.032304718035016111,0.0020782059428737895
10000,0,multi,gaussian_matched,0.050000000000000003,659,2,0.050000000000000003,6.8126126766839104,5-<10%,True,False,2,0.13977190223648017,0.47861360074300896,-0.10729611794406722,0.15874333621747191,1.3261973665986702,1.4768733579100595,1.4063657646464649,0.95225887657465047,,1.1801479480222534,False,False,False,,-1,,,False,1,0.052134938780867349,0.13977190223648017,0.032304718035016111,0.0020782059428737895
10000,0,multi,gaussian_matched,0.050000000000000003,659,3,0.02,6.8126126766839104,5-<10%,True,True,4,0.0091664216371733897,0.53793455740253804,0.044992638364037857,0.038263616084731965,1.3261973665986702,1.313660220113269,1.3253437566344,1.0088938801238296,0.99087206351374046,1.0282084756482424,True,True,False,1>3>4>2,3,0,0,True,1,0.0019950579204347034,0.0025629499277544225,0.0091664216371733897,0.0086419245157310278
10000,0,multi,gaussian_matched,0.050000000000000003,659,3,0.050000000000000003,6.8126126766839104,5-<10%,True,True,4,0.0091664216371733897,0.53793455740253804,0.044992638364037857,0.038263616084731965,1.3261973665986702,1.313660220113269,1.3253437566344,1.0088938801238296,0.96796278102729605,1.0282084756482424,True,True,False,1>3>4>2,3,0,0,True,1,0.0019950579204347034,0.0025629499277544225,0.0091664216371733897,0.0086419245157310278
10000,0,multi,gaussian_matched,0.050000000000000003,659,4,0.02,6.8126126766839104,5-<10%,True,False,3,0.026104386147347596,0.48814463810597258,-0.035541553720069452,0.086359174489349336,1.3261973665986702,1.4077387929793099,1.3839666609798891,0.98311325075505662,,1.1086779935630682,False,False,False,,-1,,,False,1,0.026104386147347596,0.006387958749455587,0.014554966596966222,0.00058266296447135582
10000,0,multi,gaussian_matched,0.050000000000000003,659,4,0.050000000000000003,6.8126126766839104,5-<10%,True,True,4,0.026104386147347596,0.48814463810597258,-0.035541553720069452,0.086359174489349336,1.3261973665986702,1.4077387929793099,1.3839666609798891,0.98311325075505662,0.95191435536097579,1.1086779935630682,True,True,False,1>3>4>2,3,0,0,True,1,0.026104386147347596,0.006387958749455587,0.014554966596966222,0.00058266296447135582
10000,0,multi,gaussian_matched,0.050000000000000003,659,5,0.02,6.8126126766839104,5-<10%,True,False,2,0.026230813405517327,0.56565416603142848,0.097408498217559092,0.080981696824200228,1.3261973665986702,1.254468653867912,1.2734384582805502,1.0151217843141385,,1.0212809866893824,False,False,False,,-1,,,False,1,0.014896439665901295,0.004046425111104146,0.026230813405517327,0.021136158038179347
10000,0,multi,gaussian_matched,0.050000000000000003,659,5,0.050000000000000003,6.8126126766839104,5-<10%,True,True,4,0.026230813405517327,0.56565416603142848,0.097408498217559092,0.080981696824200228,1.3261973665986702,1.254468653867912,1.2734384582805502,1.0151217843141385,0.97131109337524457,1.0212809866893824,True,True,False,1>3>4>2,3,0,0,True,1,0.014896439665901295,0.004046425111104146,0.026230813405517327,0.021136158038179347
10000,0,multi,gaussian_matched,0.050000000000000003,659,6,0.02,6.8126126766839104,5-<10%,True,True,4,0.0071571768357071731,0.51533702976775186,0.016675708247639393,0.036684232347063722,1.3261973665986702,1.3488956404658057,1.349048173719676,1.000113080099968,0.98421195972009123,1.0448915379923884,True,True,False,1>3>4>2,3,0,0,True,1,0.0071571768357071731,0.0010892492612684405,0.00045670258377451031,0.0038767500196027825
10000,0,multi,gaussian_matched,0.050000000000000003,659,6,0.050000000000000003,6.8126126766839104,5-<10%,True,True,4,0.0071571768357071731,0.51533702976775186,0.016675708247639393,0.036684232347063722,1.3261973665986702,1.3488956404658057,1.349048173719676,1.000113080099968,0.96196026971394166,1.0448915379923884,True,True,False,1>3>4>2,3,0,0,True,1,0.0071571768357071731,0.0010892492612684405,0.00045670258377451031,0.0038767500196027825
10000,0,multi,gaussian_matched,0.050000000000000003,659,7,0.02,6.8126126766839104,5-<10%,True,True,4,0.0066344956050221069,0.53419850995377172,0.017758846933661573,0.047000319510672336,1.3261973665986702,1.3400216657229043,1.3469901751894506,1.0052002961181878,0.98911228251993011,1.0511184306415291,True,True,False,1>3>4>2,3,0,0,True,1,0.0066344956050221069,0.0023816079107168431,0.0019855753911314695,0.0061578143806069324
10000,0,multi,gaussian_matched,0.050000000000000003,659,7,0.050000000000000003,6.8126126766839104,5-<10%,True,True,4,0.0066344956050221069,0.53419850995377172,0.017758846933661573,0.047000319510672336,1.3261973665986702,1.3400216657229043,1.3469901751894506,1.0052002961181878,0.96666627665175853,1.0511184306415291,True,True,False,1>3>4>2,3,0,0,True,1,0.0066344956050221069,0.0023816079107168431,0.0019855753911314695,0.0061578143806069324
10000,0,multi,gaussian_matched,0.050000000000000003,659,8,0.02,6.8126126766839104,5-<10%,True,True,4,0.013831409125647086,0.46908036338837938,0.052220222941741813,0.030999247057077156,1.3261973665986702,1.3397550241034217,1.3234286938067332,0.98781394359195307,0.97199113297657791,1.0212868574287279,True,True,False,1>3>4>2,3,0,0,True,1,0.013831409125647086,0.003789139226325598,0.0049438685818586382,0.0044535346383230996
10000,0,multi,gaussian_matched,0.050000000000000003,659,8,0.050000000000000003,6.8126126766839104,5-<10%,True,True,4,0.013831409125647086,0.46908036338837938,0.052220222941741813,0.030999247057077156,1.3261973665986702,1.3397550241034217,1.3234286938067332,0.98781394359195307,0.94944720584024977,1.0212868574287279,True,True,False,1>3>4>2,3,0,0,True,1,0.013831409125647086,0.003789139226325598,0.0049438685818586382,0.0044535346383230996
10000,0,multi,gaussian_matched,0.050000000000000003,659,9,0.02,6.8126126766839104,5-<10%,True,True,4,0.013176016044279837,0.5430135546042314,0.05874302177847894,0.043893123715567944,1.3261973665986702,1.2990466905842686,1.3131162196662356,1.0108306569609433,0.99225111797932597,1.0232333267725886,True,True,False,1>3>4>2,3,0,0,True,1,0.0063347672116938506,0.0027913767139719271,0.013176016044279837,0.010983900582494615
10000,0,multi,gaussian_matched,0.050000000000000003,659,9,0.050000000000000003,6.8126126766839104,5-<10%,True,True,4,0.013176016044279837,0.5430135546042314,0.05874302177847894,0.043893123715567944,1.3261973665986702,1.2990466905842686,1.3131162196662356,1.0108306569609433,0.96906938432721623,1.0232333267725886,True,True,False,1>3>4>2,3,0,0,True,1,0.0063347672116938506,0.0027913767139719271,0.013176016044279837,0.010983900582494615
10000,0,multi,gaussian_matched,0.050000000000000003,659,10,0.02,6.8126126766839104,5-<10%,True,False,2,0.12288357666307664,0.54160747567153567,-0.029358037391347125,0.08960401849450661,1.3261973665986702,1.3806717880585855,1.3435455270906338,0.97311000247194424,,1.0806457482725764,False,False,False,,-1,,,False,1,0.021641262814883218,0.12288357666307664,0.009078431343858745,0.0088192991828183031
10000,0,multi,gaussian_matched,0.050000000000000003,659,10,0.050000000000000003,6.8126126766839104,5-<10%,True,False,3,0.12288357666307664,0.54160747567153567,-0.029358037391347125,0.08960401849450661,1.3261973665986702,1.3806717880585855,1.3435455270906338,0.97311000247194424,,1.0806457482725764,False,False,False,,-1,,,False,1,0.021641262814883218,0.12288357666307664,0.009078431343858745,0.0088192991828183031
10000,0,multi,gaussian_matched,0.050000000000000003,659,11,0.02,6.8126126766839104,5-<10%,True,True,4,0.010431675325721521,0.50810947259806483,0.058535277861015533,0.011773466523649955,1.3261973665986702,1.314831723130212,1.316361813935051,1.0011637160694573,0.98333755271896006,1.0014612560006819,True,True,False,1>3>4>2,3,0,0,True,1,0.0029082319334994954,0.00038066249739685627,0.010431675325721521,0.0085675904774021334
10000,0,multi,gaussian_matched,0.050000000000000003,659,11,0.050000000000000003,6.8126126766839104,5-<10%,True,True,4,0.010431675325721521,0.50810947259806483,0.058535277861015533,0.011773466523649955,1.3261973665986702,1.314831723130212,1.316361813935051,1.0011637160694573,0.96051929059061369,1.0014612560006819,True,True,False,1>3>4>2,3,0,0,True,1,0.0029082319334994954,0.00038066249739685627,0.010431675325721521,0.0085675904774021334
10000,0,multi,gaussian_matched,0.050000000000000003,659,12,0.02,6.8126126766839104,5-<10%,True,False,3,0.033934301651569083,0.44422345558605375,0.066406910352771464,0.058139570122979052,1.3261973665986702,1.3413799033883613,1.3096215981917716,0.97632415312293896,,1.0313405853177646,False,False,False,,-1,,,False,1,0.033934301651569083,0.01008351925161652,0.0046090035292720068,0.0029642710468768194
10000,0,multi,gaussian_matched,0.050000000000000003,659,12,0.050000000000000003,6.8126126766839104,5-<10%,True,True,4,0.033934301651569083,0.44422345558605375,0.066406910352771464,0.058139570122979052,1.3261973665986702,1.3413799033883613,1.3096215981917716,0.97632415312293896,0.94054531470883984,1.0313405853177646,True,True,False,1>3>4>2,3,0,0,True,1,0.033934301651569083,0.01008351925161652,0.0046090035292720068,0.0029642710468768194
10000,0,multi,gaussian_matched,0.050000000000000003,659,13,0.02,6.8126126766839104,5-<10%,True,True,4,0.012254889557906637,0.54876750481027825,0.00050960689364492467,0.069480706208573259,1.3261973665986702,1.3502651672666008,1.3582727409039619,1.0059303711829959,0.99177916674698674,1.0765768980331549,True,True,False,1>3>4>2,3,0,0,True,1,0.012254889557906637,0.0032286481222277125,0.0016953671568668094,0.0081133933417563749
10000,0,multi,gaussian_matched,0.050000000000000003,659,13,0.050000000000000003,6.8126126766839104,5-<10%,True,True,4,0.012254889557906637,0.54876750481027825,0.00050960689364492467,0.069480706208573259,1.3261973665986702,1.3502651672666008,1.3582727409039619,1.0059303711829959,0.96946118887526989,1.0765768980331549,True,True,False,1>3>4>2,3,0,0,True,1,0.012254889557906637,0.0032286481222277125,0.0016953671568668094,0.0081133933417563749
10000,0,multi,gaussian_matched,0.050000000000000003,659,14,0.02,6.8126126766839104,5-<10%,True,False,3,0.039255669128792886,0.44422657443604685,0.014033187983476261,0.066364799146609185,1.3261973665986702,1.3853020304776513,1.3421971612736521,0.96888413627089198,,1.0621058342415757,False,False,False,,-1,,,False,1,0.039255669128792886,0.011812143328588961,0.0083159366068892449,0.0072836864135834133
10000,0,multi,gaussian_matched,0.050000000000000003,659,14,0.050000000000000003,6.8126126766839104,5-<10%,True,True,4,0.039255669128792886,0.44422657443604685,0.014033187983476261,0.066364799146609185,1.3261973665986702,1.3853020304776513,1.3421971612736521,0.96888413627089198,0.93737492728019778,1.0621058342415757,True,True,False,1>3>4>2,3,0,0,True,1,0.039255669128792886,0.011812143328588961,0.0083159366068892449,0.0072836864135834133
10000,0,multi,gaussian_matched,0.050000000000000003,659,15,0.02,6.8126126766839104,5-<10%,True,False,3,0.024886948152359544,0.51384844956249653,0.10727000429604359,0.05892056472365028,1.3261973665986702,1.2695189189333789,1.2712709671730149,1.0013800883259842,,1.0030117427455305,False,False,False,,-1,,,False,1,0.0038030464475308969,0.00086283551366897926,0.024886948152359544,0.019914676284099677
10000,0,multi,gaussian_matched,0.050000000000000003,659,15,0.050000000000000003,6.8126126766839104,5-<10%,True,True,4,0.024886948152359544,0.51384844956249653,0.10727000429604359,0.05892056472365028,1.3261973665986702,1.2695189189333789,1.2712709671730149,1.0013800883259842,0.9588186078203893,1.0030117427455305,True,True,False,1>3>4>2,3,0,0,True,1,0.0038030464475308969,0.00086283551366897926,0.024886948152359544,0.019914676284099677
10000,0,multi,gaussian_matched,0.050000000000000003,659,16,0.02,6.8126126766839104,5-<10%,True,True,4,0.015537285378241301,0.53435871058122719,0.069532736750037932,0.039522763032850017,1.3261973665986702,1.2930381572003,1.3042015591770388,1.008633466780988,0.98994635043694923,1.0132159481330978,True,True,False,1>3>4>2,3,0,0,True,1,0.0096354839849355813,0.0021644815024007831,0.015537285378241301,0.012352609116897542
10000,0,multi,gaussian_matched,0.050000000000000003,659,16,0.050000000000000003,6.8126126766839104,5-<10%,True,True,4,0.015537285378241301,0.53435871058122719,0.069532736750037932,0.039522763032850017,1.3261973665986702,1.2930381572003,1.3042015591770388,1.008633466780988,0.96669233154199818,1.0132159481330978,True,True,False,1>3>4>2,3,0,0,True,1,0.0096354839849355813,0.0021644815024007831,0.015537285378241301,0.012352609116897542
10000,0,multi,gaussian_matched,0.050000000000000003,659,17,0.02,6.8126126766839104,5-<10%,True,False,3,0.026775695602947146,0.4697665356064607,-0.019462207492969313,0.075756588089959095,1.3261973665986702,1.4016957196633224,1.3721408624475544,0.97891492654135603,,1.0917661933313669,False,False,False,,-1,,,False,1,0.026775695602947146,0.0056181453827526201,0.01254015566710181,0.0045403835229960851
10000,0,multi,gaussian_matched,0.050000000000000003,659,17,0.050000000000000003,6.8126126766839104,5-<10%,True,True,4,0.026775695602947146,0.4697665356064607,-0.019462207492969313,0.075756588089959095,1.3261973665986702,1.4016957196633224,1.3721408624475544,0.97891492654135603,0.94619822778997231,1.0917661933313669,True,True,False,1>3>4>2,3,0,0,True,1,0.026775695602947146,0.0056181453827526201,0.01254015566710181,0.0045403835229960851
10000,0,multi,gaussian_matched,0.050000000000000003,659,18,0.02,6.8126126766839104,5-<10%,True,True,4,0.0062414957053609811,0.50201208243193995,0.022184983680027134,0.027887696365839872,1.3261973665986702,1.349863565424223,1.3456942691198228,0.99691132021695106,0.98082898862336987,1.0357296734863235,True,True,False,1>3>4>2,3,0,0,True,1,0.0062414957053609811,3.5009709225336632e-05,0.00064325988247997026,0.0026866927513686111
10000,0,multi,gaussian_matched,0.050000000000000003,659,18,0.050000000000000003,6.8126126766839104,5-<10%,True,True,4,0.0062414957053609811,0.50201208243193995,0.022184983680027134,0.027887696365839872,1.3261973665986702,1.349863565424223,1.3456942691198228,0.99691132021695106,0.95860448059723813,1.0357296734863235,True,True,False,1>3>4>2,3,0,0,True,1,0.0062414957053609811,3.5009709225336632e-05,0.00064325988247997026,0.0026866927513686111
10000,0,multi,gaussian_matched,0.050000000000000003,659,19,0.02,6.8126126766839104,5-<10%,True,False,3,0.021792385241339154,0.46300752867083506,0.095676394392787217,0.058777342061074295,1.3261973665986702,1.3066187679975232,1.2894764912242183,0.98688042970668743,,1.016631360642188,False,False,False,,-1,,,False,1,0.021792385241339154,0.0048575495189776934,0.01562534156924808,0.012290834614175456
10000,0,multi,gaussian_matched,0.050000000000000003,659,19,0.050000000000000003,6.8126126766839104,5-<10%,True,True,4,0.021792385241339154,0.46300752867083506,0.095676394392787217,0.058777342061074295,1.3261973665986702,1.3066187679975232,1.2894764912242183,0.98688042970668743,0.94734688764043973,1.016631360642188,True,True,False,1>3>4>2,3,0,0,True,1,0.021792385241339154,0.0048575495189776934,0.01562534156924808,0.012290834614175456
10000,0,multi,gaussian_matched,0.050000000000000003,659,20,0.02,6.8126126766839104,5-<10%,True,False,3,0.028796121174722446,0.44913992070150255,0.059517533103687632,0.051742932876183576,1.3261973665986702,1.3443372730255612,1.315784656056366,0.97876082323825275,,1.0311644581529218,False,False,False,,-1,,,False,1,0.028796121174722446,0.0083122679777092208,0.0039915697992239495,0.0028684537319994003
10000,0,multi,gaussian_matched,0.050000000000000003,659,20,0.050000000000000003,6.8126126766839104,5-<10%,True,True,4,0.028796121174722446,0.44913992070150255,0.059517533103687632,0.051742932876183576,1.3261973665986702,1.3443372730255612,1.315784656056366,0.97876082323825275,0.94234442930437179,1.0311644581529218,True,True,False,1>3>4>2,3,0,0,True,1,0.028796121174722446,0.0083122679777092208,0.0039915697992239495,0.0028684537319994003
10000,0,multi,gaussian_matched,0.050000000000000003,659,21,0.02,6.8126126766839104,5-<10%,True,True,4,0.0040039126311116665,0.49954163843434946,0.034624782916971658,0.015382047837499149,1.3261973665986702,1.3399627439892912,1.3363591350732564,0.99731066484333275,0.9805759713354445,1.0192609463383253,True,True,False,1>3>4>2,3,0,0,True,1,0.0028379211712422701,0.00021357991829675427,0.0035038927508826588,0.0040039126311116665
10000,0,multi,gaussian_matched,0.050000000000000003,659,21,0.050000000000000003,6.8126126766839104,5-<10%,True,True,4,0.0040039126311116665,0.49954163843434946,0.034624782916971658,0.015382047837499149,1.3261973665986702,1.3399627439892912,1.3363591350732564,0.99731066484333275,0.95818667692471426,1.0192609463383253,True,True,False,1>3>4>2,3,0,0,True,1,0.0028379211712422701,0.00021357991829675427,0.0035038927508826588,0.0040039126311116665
10000,0,multi,gaussian_matched,0.050000000000000003,659,22,0.02,6.8126126766839104,5-<10%,True,False,2,0.025331814353040841,0.55525446064052386,0.097132134526721467,0.072625708435237801,1.3261973665986702,1.259091782272606,1.2750188132325642,1.0126496187046909,,1.0161719180035305,False,False,False,,-1,,,False,1,0.011545775776496136,0.0034365050496085966,0.025331814353040841,0.020258198356914347
10000,0,multi,gaussian_matched,0.050000000000000003,659,22,0.050000000000000003,6.8126126766839104,5-<10%,True,True,4,0.025331814353040841,0.55525446064052386,0.097132134526721467,0.072625708435237801,1.3261973665986702,1.259091782272606,1.2750188132325642,1.0126496187046909,0.96913000941747407,1.0161719180035305,True,True,False,1>3>4>2,3,0,0,True,1,0.011545775776496136,0.0034365050496085966,0.025331814353040841,0.020258198356914347
10000,0,multi,gaussian_matched,0.050000000000000003,659,23,0.02,6.8126126766839104,5-<10%,True,True,4,0.013291579806250425,0.53869595154546601,0.060231970790743515,0.040025865290730211,1.3261973665986702,1.2995278786894295,1.3121406427050184,1.0097056509694189,0.9911566374687234,1.0195816565853106,True,True,False,1>3>4>2,3,0,0,True,1,0.006847322594543028,0.0025053494144765902,0.013291579806250425,0.010922727219103459
10000,0,multi,gaussian_matched,0.050000000000000003,659,23,0.050000000000000003,6.8126126766839104,5-<10%,True,True,4,0.013291579806250425,0.53869595154546601,0.060231970790743515,0.040025865290730211,1.3261973665986702,1.2995278786894295,1.3121406427050184,1.0097056509694189,0.96800083451609509,1.0195816565853106,True,True,False,1>3>4>2,3,0,0,True,1,0.006847322594543028,0.0025053494144765902,0.013291579806250425,0.010922727219103459
10000,0,multi,gaussian_matched,0.050000000000000003,659,24,0.02,6.8126126766839104,5-<10%,True,False,3,0.023746857553930596,0.46050112309420044,0.014203914370611616,0.053305919213592144,1.3261973665986702,1.3767865704602449,1.3488853810881518,0.97973455728670711,,1.0573021298466134,False,False,False,,-1,,,False,1,0.023746857553930596,0.0056294207028913463,0.0053338119973837172,0.0034003049241180645
10000,0,multi,gaussian_matched,0.050000000000000003,659,24,0.050000000000000003,6.8126126766839104,5-<10%,True,True,4,0.023746857553930596,0.46050112309420044,0.014203914370611616,0.053305919213592144,1.3261973665986702,1.3767865704602449,1.3488853810881518,0.97973455728670711,0.94468831760519678,1.0573021298466134,True,True,False,1>3>4>2,3,0,0,True,1,0.023746857553930596,0.0056294207028913463,0.0053338119973837172,0.0034003049241180645
10000,0,multi,gaussian_matched,0.050000000000000003,659,25,0.02,6.8126126766839104,5-<10%,True,True,4,0.0074060878452014162,0.48102936358278708,0.051200773018324972,0.019008600735341417,1.3261973665986702,1.3344869852491148,1.3242221571293202,0.99230803429837988,0.97572549924816943,1.0128437830559696,True,True,False,1>3>4>2,3,0,0,True,1,0.0074060878452014162,0.0021392860995366357,0.0059449177777556907,0.0053405328971453921
10000,0,multi,gaussian_matched,0.050000000000000003,659,25,0.050000000000000003,6.8126126766839104,5-<10%,True,True,4,0.0074060878452014162,0.48102936358278708,0.051200773018324972,0.019008600735341417,1.3261973665986702,1.3344869852491148,1.3242221571293202,0.99230803429837988,0.95319662155681928,1.0128437830559696,True,True,False,1>3>4>2,3,0,0,True,1,0.0074060878452014162,0.0021392860995366357,0.0059449177777556907,0.0053405328971453921
10000,0,multi,gaussian_matched,0.050000000000000003,659,26,0.02,6.8126126766839104,5-<10%,True,False,3,0.02460509135172469,0.48352244010785,-0.027812931544804034,0.079538432820842969,1.3261973665986702,1.402833270757041,1.3793946973719311,0.98329197498113141,,1.1000874884366076,False,False,False,,-1,,,False,1,0.02460509135172469,0.004937065276122107,0.013350856505359854,0.00079492039467844939
10000,0,multi,gaussian_matched,0.050000000000000003,659,26,0.050000000000000003,6.8126126766839104,5-<10%,True,True,4,0.02460509135172469,0.48352244010785,-0.027812931544804034,0.079538432820842969,1.3261973665986702,1.402833270757041,1.3793946973719311,0.98329197498113141,0.95083017143117721,1.1000874884366076,True,True,False,1>3>4>2,3,0,0,True,1,0.02460509135172469,0.004937065276122107,0.013350856505359854,0.00079492039467844939
10000,0,multi,gaussian_matched,0.050000000000000003,659,27,0.02,6.8126126766839104,5-<10%,True,False,2,0.042243262761669252,0.52987210341940905,0.14633900472214414,0.1008639994921537,1.3261973665986702,1.2277503695408496,1.2140182714331134,0.98881523602157684,,0.99146801527556694,False,False,False,,-1,,,False,1,0.0061606091141733262,0.0025800637294018393,0.04027923575174859,0.042243262761669252
10000,0,multi,gaussian_matched,0.050000000000000003,659,27,0.050000000000000003,6.8126126766839104,5-<10%,True,True,4,0.042243262761669252,0.52987210341940905,0.14633900472214414,0.1008639994921537,1.3261973665986702,1.2277503695408496,1.2140182714331134,0.98881523602157684,0.94433817739881032,0.99146801527556694,True,True,False,1>3>4>2,3,0,0,True,1,0.0061606091141733262,0.0025800637294018393,0.04027923575174859,0.042243262761669252
10000,0,multi,gaussian_matched,0.050000000000000003,659,28,0.02,6.8126126766839104,5-<10%,True,True,4,0.018767111183335086,0.52386676372038243,0.083885113523434446,0.04144663229962843,1.3261973665986702,1.2850467872401408,1.2922415895940293,1.0055988641233373,0.98685303643483091,1.005648371414128,True,True,False,1>3>4>2,3,0,0,True,1,0.0037052872637854703,0.0014269834859804123,0.018767111183335086,0.014672649082169191
10000,0,multi,gaussian_matched,0.050000000000000003,659,28,0.050000000000000003,6.8126126766839104,5-<10%,True,True,4,0.018767111183335086,0.52386676372038243,0.083885113523434446,0.04144663229962843,1.3261973665986702,1.2850467872401408,1.2922415895940293,1.0055988641233373,0.96348444001185596,1.005648371414128,True,True,False,1>3>4>2,3,0,0,True,1,0.0037052872637854703,0.0014269834859804123,0.018767111183335086,0.014672649082169191
10000,0,multi,gaussian_matched,0.050000000000000003,659,29,0.02,6.8126126766839104,5-<10%,True,True,4,0.011228835371822923,0.49089174032426797,0.01111277092146614,0.039939666745316439,1.3261973665986702,1.3648016425900011,1.3539916841062669,0.99207946550883397,0.97713376211124181,1.0510738340754153,True,True,False,1>3>4>2,3,0,0,True,1,0.011228835371822923,0.00096428437125465304,0.0031682470123766877,0.00026602945555817455
10000,0,multi,gaussian_matched,0.050000000000000003,659,29,0.050000000000000003,6.8126126766839104,5-<10%,True,True,4,0.011228835371822923,0.49089174032426797,0.01111277092146614,0.039939666745316439,1.3261973665986702,1.3648016425900011,1.3539916841062669,0.99207946550883397,0.95514142715119354,1.0510738340754153,True,True,False,1>3>4>2,3,0,0,True,1,0.011228835371822923,0.00096428437125465304,0.0031682470123766877,0.00026602945555817455
10000,0,multi,gaussian_matched,0.050000000000000003,659,30,0.02,6.8126126766839104,5-<10%,True,False,1,0.37836513326927851,0.39664107515910252,0.038961533948221702,0.10394669343967877,1.3261973665986702,1.3913906783685199,1.2965385205433002,0.93182924156395885,,1.0560156800603795,False,False,False,,-1,,,False,1,0.37836513326927851,0.0019495568663112153,0.13631172046775777,0.025894922228378598
10000,0,multi,gaussian_matched,0.050000000000000003,659,30,0.050000000000000003,6.8126126766839104,5-<10%,True,False,2,0.37836513326927851,0.39664107515910252,0.038961533948221702,0.10394669343967877,1.3261973665986702,1.3913906783685199,1.2965385205433002,0.93182924156395885,,1.0560156800603795,False,False,False,,-1,,,False,1,0.37836513326927851,0.0019495568663112153,0.13631172046775777,0.025894922228378598
10000,0,multi,gaussian_matched,0.050000000000000003,659,31,0.02,6.8126126766839104,5-<10%,True,False,3,0.028671314348656721,0.48316818450118937,-0.040414566427936921,0.091967950044229099,1.3261973665986702,1.4142948817232344,1.3859674369227515,0.97997062340636654,,1.1144158661372376,False,False,False,,-1,,,False,1,0.028671314348656721,0.0078873023717428575,0.016364731284192451,0.00015795521484002634
10000,0,multi,gaussian_matched,0.050000000000000003,659,31,0.050000000000000003,6.8126126766839104,5-<10%,True,True,4,0.028671314348656721,0.48316818450118937,-0.040414566427936921,0.091967950044229099,1.3261973665986702,1.4142948817232344,1.3859674369227515,0.97997062340636654,0.94985991784436108,1.1144158661372376,True,True,False,1>3>4>2,3,0,0,True,1,0.028671314348656721,0.0078873023717428575,0.016364731284192451,0.00015795521484002634
10000,0,multi,gaussian_matched,0.050000000000000003,660,0,0.02,0.84103828013017301,<1%,True,False,3,0.15110403181557097,0.48626140887956038,-0.0078337320002507815,0.059443161448996418,1.3507337221395976,1.3979543179903045,1.3345926833568149,0.95467546126644676,,1.0320582228432276,False,False,False,,-1,,,False,3,0.019814582190104717,0.018769787079279336,0.0027623473327373083,0.15110403181557097
10000,0,multi,gaussian_matched,0.050000000000000003,660,0,0.050000000000000003,0.84103828013017301,<1%,True,False,3,0.15110403181557097,0.48626140887956038,-0.0078337320002507815,0.059443161448996418,1.3507337221395976,1.3979543179903045,1.3345926833568149,0.95467546126644676,,1.0320582228432276,False,False,False,,-1,,,False,3,0.019814582190104717,0.018769787079279336,0.0027623473327373083,0.15110403181557097
10000,0,multi,gaussian_matched,0.050000000000000003,660,1,0.02,0.84103828013017301,<1%,True,False,3,0.14928499150759814,0.48665763769027637,-0.0046845927229869563,0.056288749437901818,1.3507337221395976,1.3951694827773378,1.3336429735035642,0.95590033323313961,,1.0290197839584383,False,False,False,,-1,,,False,3,0.019063837690440812,0.017658946601543539,0.0031617420797802613,0.14928499150759814
10000,0,multi,gaussian_matched,0.050000000000000003,660,1,0.050000000000000003,0.84103828013017301,<1%,True,False,3,0.14928499150759814,0.48665763769027637,-0.0046845927229869563,0.056288749437901818,1.3507337221395976,1.3951694827773378,1.3336429735035642,0.95590033323313961,,1.0290197839584383,False,False,False,,-1,,,False,3,0.019063837690440812,0.017658946601543539,0.0031617420797802613,0.14928499150759814
10000,0,multi,gaussian_matched,0.050000000000000003,660,2,0.02,0.84103828013017301,<1%,True,False,2,0.048646005335967128,0.40228997607644346,0.083433294205963709,0.10327165117593752,1.3507337221395976,1.2858386917741635,1.2961341716513997,1.0080068207179478,,1.036033823610061,False,False,False,,-1,,,False,3,0.004956252869725411,0.048646005335967128,0.034280206098445822,0.010843970553600446
10000,0,multi,gaussian_matched,0.050000000000000003,660,2,0.050000000000000003,0.84103828013017301,<1%,True,True,4,0.048646005335967128,0.40228997607644346,0.083433294205963709,0.10327165117593752,1.3507337221395976,1.2858386917741635,1.2961341716513997,1.0080068207179478,0.96715734829137423,1.036033823610061,True,True,False,2>1>3>4,6,0,0,True,3,0.004956252869725411,0.048646005335967128,0.034280206098445822,0.010843970553600446
10000,0,multi,gaussian_matched,0.050000000000000003,660,3,0.02,0.84103828013017301,<1%,True,True,4,0.0085659046800002654,0.48873147834109437,0.048928337174108244,0.011319365776827938,1.3507337221395976,1.3467564163387062,1.3329206390966784,0.98972659266800311,0.97252646514202523,0.99519245195433115,True,True,False,2>1>3>4,6,0,0,True,3,0.0085659046800002654,0.0012495600862027869,0.0068869521240486932,0.0010710916973646072
10000,0,multi,gaussian_matched,0.050000000000000003,660,3,0.050000000000000003,0.84103828013017301,<1%,True,True,4,0.0085659046800002654,0.48873147834109437,0.048928337174108244,0.011319365776827938,1.3507337221395976,1.3467564163387062,1.3329206390966784,0.98972659266800311,0.95024982922574008,0.99519245195433115,True,True,False,2>1>3>4,6,0,0,True,3,0.0085659046800002654,0.0012495600862027869,0.0068869521240486932,0.0010710916973646072
10000,0,multi,gaussian_matched,0.050000000000000003,660,4,0.02,0.84103828013017301,<1%,True,False,1,0.10786039312276435,0.49964313772237312,0.10315756267375979,0.053158760520725962,1.3507337221395976,1.304060958240842,1.2070570587720375,0.92561398387414251,,0.93298612349482812,False,False,False,,-1,,,False,3,0.024339689514690375,0.025391830239166489,0.10786039312276435,0.0026240890129236392
10000,0,multi,gaussian_matched,0.050000000000000003,660,4,0.050000000000000003,0.84103828013017301,<1%,True,False,3,0.10786039312276435,0.49964313772237312,0.10315756267375979,0.053158760520725962,1.3507337221395976,1.304060958240842,1.2070570587720375,0.92561398387414251,,0.93298612349482812,False,False,False,,-1,,,False,3,0.024339689514690375,0.025391830239166489,0.10786039312276435,0.0026240890129236392
10000,0,multi,gaussian_matched,0.050000000000000003,660,5,0.02,0.84103828013017301,<1%,True,False,1,0.31897648558719488,0.52603569805613681,0.036502414268368699,0.029326479397518264,1.3507337221395976,1.3661996511163701,1.2035150530153977,0.88092179794656145,,0.91271988860991993,False,False,False,,-1,,,False,3,0.31897648558719488,0.14223953472290027,0.0055139661517587353,0.077023275892669996
10000,0,multi,gaussian_matched,0.050000000000000003,660,5,0.050000000000000003,0.84103828013017301,<1%,True,False,1,0.31897648558719488,0.52603569805613681,0.036502414268368699,0.029326479397518264,1.3507337221395976,1.3661996511163701,1.2035150530153977,0.88092179794656145,,0.91271988860991993,False,False,False,,-1,,,False,3,0.31897648558719488,0.14223953472290027,0.0055139661517587353,0.077023275892669996
10000,0,multi,gaussian_matched,0.050000000000000003,660,6,0.02,0.84103828013017301,<1%,True,True,4,0.014617417201645881,0.46698126889336372,0.065188078399322419,0.036344385114571887,1.3507337221395976,1.3230455033256634,1.3206682014198103,0.99820315937745352,0.98015612900178661,1.0046484842214785,True,True,False,2>1>3>4,6,0,0,True,3,0.0028963694265410835,0.010787634927204503,0.014617417201645881,0.0016705492380073876
10000,0,multi,gaussian_matched,0.050000000000000003,660,6,0.050000000000000003,0.84103828013017301,<1%,True,True,4,0.014617417201645881,0.46698126889336372,0.065188078399322419,0.036344385114571887,1.3507337221395976,1.3230455033256634,1.3206682014198103,0.99820315937745352,0.95739877499273507,1.0046484842214785,True,True,False,2>1>3>4,6,0,0,True,3,0.0028963694265410835,0.010787634927204503,0.014617417201645881,0.0016705492380073876
10000,0,multi,gaussian_matched,0.050000000000000003,660,7,0.02,0.84103828013017301,<1%,True,False,1,0.035993605493740165,0.51008235439981886,0.064160962598139595,0.017383518974863954,1.3507337221395976,1.3429968722091985,1.2821097167009827,0.95466321868042936,,0.96206470185508897,False,False,False,,-1,,,False,3,0.030483671726081379,0.02506208556362385,0.035993605493740165,0.0056496614975272705
10000,0,multi,gaussian_matched,0.050000000000000003,660,7,0.050000000000000003,0.84103828013017301,<1%,True,True,4,0.035993605493740165,0.51008235439981886,0.064160962598139595,0.017383518974863954,1.3507337221395976,1.3429968722091985,1.2821097167009827,0.95466321868042936,0.9150869650007003,0.96206470185508897,True,True,False,2>1>3>4,6,0,0,True,3,0.030483671726081379,0.02506208556362385,0.035993605493740165,0.0056496614975272705
10000,0,multi,gaussian_matched,0.050000000000000003,660,8,0.02,0.84103828013017301,<1%,True,False,1,0.043378750610299797,0.51518374258819488,0.053383200351925016,0.015556094741477648,1.3507337221395976,1.3536133541059248,1.2703246398618895,0.93846934651509228,,0.95198684502116249,False,False,False,,-1,,,False,3,0.042394697536303746,0.033593145906569741,0.043378750610299797,0.0073914086831753769
10000,0,multi,gaussian_matched,0.050000000000000003,660,8,0.050000000000000003,0.84103828013017301,<1%,True,True,4,0.043378750610299797,0.51518374258819488,0.053383200351925016,0.015556094741477648,1.3507337221395976,1.3536133541059248,1.2703246398618895,0.93846934651509228,0.89962458314195115,0.95198684502116249,True,True,False,2>1>3>4,6,0,0.094456261209630021,True,3,0.042394697536303746,0.033593145906569741,0.043378750610299797,0.0073914086831753769
10000,0,multi,gaussian_matched,0.050000000000000003,660,9,0.02,0.84103828013017301,<1%,True,False,3,0.029047037873197366,0.44881358639744551,0.036408519083924284,0.052960148139745852,1.3507337221395976,1.34360583123815,1.3490403923433265,1.0040447584989778,,1.0379547926457828,False,False,False,,-1,,,False,3,0.0060618839121871137,0.029047037873197366,0.0056614891129609882,0.0019383706328995713
10000,0,multi,gaussian_matched,0.050000000000000003,660,9,0.050000000000000003,0.84103828013017301,<1%,True,True,4,0.029047037873197366,0.44881358639744551,0.036408519083924284,0.052960148139745852,1.3507337221395976,1.34360583123815,1.3490403923433265,1.0040447584989778,0.96705331123316707,1.0379547926457828,True,True,False,2>1>3>4,6,0,0,True,3,0.0060618839121871137,0.029047037873197366,0.0056614891129609882,0.0019383706328995713
10000,0,multi,gaussian_matched,0.050000000000000003,660,10,0.02,0.84103828013017301,<1%,True,False,1,0.30999154768598508,0.52440027786929366,0.067293430301094956,0.029907127773786155,1.3507337221395976,1.3374429806082706,1.218881388545249,0.91135203983866309,,0.92452605265597521,False,False,False,,-1,,,False,3,0.30999154768598508,0.16111982321323023,0.007976941284531202,0.059172039911168851
10000,0,multi,gaussian_matched,0.050000000000000003,660,10,0.050000000000000003,0.84103828013017301,<1%,True,False,1,0.30999154768598508,0.52440027786929366,0.067293430301094956,0.029907127773786155,1.3507337221395976,1.3374429806082706,1.218881388545249,0.91135203983866309,,0.92452605265597521,False,False,False,,-1,,,False,3,0.30999154768598508,0.16111982321323023,0.007976941284531202,0.059172039911168851
10000,0,multi,gaussian_matched,0.050000000000000003,660,11,0.02,0.84103828013017301,<1%,True,False,2,0.061524338698608218,0.51874154312701126,0.018658226870488799,0.036517833748503946,1.3507337221395976,1.3854094898849576,1.2953978481641886,0.93502885437269279,,0.98606828280181169,False,False,False,,-1,,,False,3,0.061524338698608218,0.037881655035671778,0.011388577480214138,0.0043359247835945761
10000,0,multi,gaussian_matched,0.050000000000000003,660,11,0.050000000000000003,0.84103828013017301,<1%,True,False,3,0.061524338698608218,0.51874154312701126,0.018658226870488799,0.036517833748503946,1.3507337221395976,1.3854094898849576,1.2953978481641886,0.93502885437269279,,0.98606828280181169,False,False,False,,-1,,,False,3,0.061524338698608218,0.037881655035671778,0.011388577480214138,0.0043359247835945761
10000,0,multi,gaussian_matched,0.050000000000000003,660,12,0.02,0.84103828013017301,<1%,True,False,2,0.32347930337770153,0.59476354648845886,0.10362246029569891,0.10888295546702481,1.3507337221395976,1.2848409490398587,1.1680124896715869,0.90907165633569209,,0.9453346904791684,False,False,False,,-1,,,False,3,0.32347930337770153,0.2356919870606751,0.015738102360590991,0.0045359331544183659
10000,0,multi,gaussian_matched,0.050000000000000003,660,12,0.050000000000000003,0.84103828013017301,<1%,True,False,2,0.32347930337770153,0.59476354648845886,0.10362246029569891,0.10888295546702481,1.3507337221395976,1.2848409490398587,1.1680124896715869,0.90907165633569209,,0.9453346904791684,False,False,False,,-1,,,False,3,0.32347930337770153,0.2356919870606751,0.015738102360590991,0.0045359331544183659
10000,0,multi,gaussian_matched,0.050000000000000003,660,13,0.02,0.84103828013017301,<1%,True,False,1,0.37427586024657716,0.60625990002249419,-0.0042822241934366012,0.11932194356520084,1.3507337221395976,1.3904059734067433,1.1364752681525117,0.81736937979915603,,0.92971485877208782,False,False,False,,-1,,,False,3,0.37427586024657716,0.26903849261798091,0.040920798645922338,0.0041035205580799237
10000,0,multi,gaussian_matched,0.050000000000000003,660,13,0.050000000000000003,0.84103828013017301,<1%,True,False,2,0.37427586024657716,0.60625990002249419,-0.0042822241934366012,0.11932194356520084,1.3507337221395976,1.3904059734067433,1.1364752681525117,0.81736937979915603,,0.92971485877208782,False,False,False,,-1,,,False,3,0.37427586024657716,0.26903849261798091,0.040920798645922338,0.0041035205580799237
10000,0,multi,gaussian_matched,0.050000000000000003,660,14,0.02,0.84103828013017301,<1%,True,False,3,0.022671544873055074,0.50551530099907338,0.028083375695696175,0.022599932876147685,1.3507337221395976,1.3728105473801335,1.3433791551708363,0.97856121351524872,,1.0112867293216292,False,False,False,,-1,,,False,3,0.022671544873055074,0.0064524384673375658,0.00092706109138819266,0.0029679697214683907
10000,0,multi,gaussian_matched,0.050000000000000003,660,14,0.050000000000000003,0.84103828013017301,<1%,True,True,4,0.022671544873055074,0.50551530099907338,0.028083375695696175,0.022599932876147685,1.3507337221395976,1.3728105473801335,1.3433791551708363,0.97856121351524872,0.9425050096175126,1.0112867293216292,True,True,False,2>1>3>4,6,0,0,True,3,0.022671544873055074,0.0064524384673375658,0.00092706109138819266,0.0029679697214683907
10000,0,multi,gaussian_matched,0.050000000000000003,660,15,0.02,0.84103828013017301,<1%,True,False,1,0.15360328244356686,0.50723549857278827,0.11209034208828707,0.062510503279347651,1.3507337221395976,1.3005681538366676,1.188533543048506,0.91385717814352119,,0.92619590806259511,False,False,False,,-1,,,False,3,0.037272650648871905,0.038875455834279524,0.15360328244356686,0.016866218807538507
10000,0,multi,gaussian_matched,0.050000000000000003,660,15,0.050000000000000003,0.84103828013017301,<1%,True,False,3,0.15360328244356686,0.50723549857278827,0.11209034208828707,0.062510503279347651,1.3507337221395976,1.3005681538366676,1.188533543048506,0.91385717814352119,,0.92619590806259511,False,False,False,,-1,,,False,3,0.037272650648871905,0.038875455834279524,0.15360328244356686,0.016866218807538507
10000,0,multi,gaussian_matched,0.050000000000000003,660,16,0.02,0.84103828013017301,<1%,True,False,1,0.32451241081982424,0.5296433172247057,0.022816553001553726,0.040220219377843675,1.3507337221395976,1.3782576015850663,1.2775912792642874,0.92696117024494729,,0.97562641477158285,False,False,False,,-1,,,False,3,0.32451241081982424,0.13844332486739377,0.0034414472209231034,0.038631938057544002
10000,0,multi,gaussian_matched,0.050000000000000003,660,16,0.050000000000000003,0.84103828013017301,<1%,True,False,2,0.32451241081982424,0.5296433172247057,0.022816553001553726,0.040220219377843675,1.3507337221395976,1.3782576015850663,1.2775912792642874,0.92696117024494729,,0.97562641477158285,False,False,False,,-1,,,False,3,0.32451241081982424,0.13844332486739377,0.0034414472209231034,0.038631938057544002
10000,0,multi,gaussian_matched,0.050000000000000003,660,17,0.02,0.84103828013017301,<1%,True,False,1,0.33528689395041772,0.54098453433902893,-0.032346219440987756,0.09198169334824377,1.3507337221395976,1.4287551027870791,1.3074537201549292,0.9150999479228269,,1.0360557307227294,False,False,False,,-1,,,False,3,0.33528689395041772,0.13585938921164722,0.0018256646069803963,0.047692558721796244
10000,0,multi,gaussian_matched,0.050000000000000003,660,17,0.050000000000000003,0.84103828013017301,<1%,True,False,2,0.33528689395041772,0.54098453433902893,-0.032346219440987756,0.09198169334824377,1.3507337221395976,1.4287551027870791,1.3074537201549292,0.9150999479228269,,1.0360557307227294,False,False,False,,-1,,,False,3,0.33528689395041772,0.13585938921164722,0.0018256646069803963,0.047692558721796244
10000,0,multi,gaussian_matched,0.050000000000000003,660,18,0.02,0.84103828013017301,<1%,True,False,2,0.32929251823993783,0.60079463563316449,0.044452989002401376,0.10094715401352269,1.3507337221395976,1.3425585414951482,1.3031114080005632,0.97061794158290149,,1.0394784249481981,False,False,False,,-1,,,False,3,0.32929251823993783,0.15837508783811435,0.011589080320008464,0.013162221194500447
10000,0,multi,gaussian_matched,0.050000000000000003,660,18,0.050000000000000003,0.84103828013017301,<1%,True,False,2,0.32929251823993783,0.60079463563316449,0.044452989002401376,0.10094715401352269,1.3507337221395976,1.3425585414951482,1.3031114080005632,0.97061794158290149,,1.0394784249481981,False,False,False,,-1,,,False,3,0.32929251823993783,0.15837508783811435,0.011589080320008464,0.013162221194500447
10000,0,multi,gaussian_matched,0.050000000000000003,660,19,0.02,0.84103828013017301,<1%,True,False,3,0.039200280404861558,0.42812691034325628,0.047963099704421967,0.07190194698073514,1.3507337221395976,1.3265253282954155,1.3400432785778391,1.0101904954199361,,1.0453172245688929,False,False,False,,-1,,,False,3,0.0042325612929516813,0.039200280404861558,0.012526142348598961,0.0046458908402720869
10000,0,multi,gaussian_matched,0.050000000000000003,660,19,0.050000000000000003,0.84103828013017301,<1%,True,True,4,0.039200280404861558,0.42812691034325628,0.047963099704421967,0.07190194698073514,1.3507337221395976,1.3265253282954155,1.3400432785778391,1.0101904954199361,0.97145483420319612,1.0453172245688929,True,True,False,2>1>3>4,6,0,0,True,3,0.0042325612929516813,0.039200280404861558,0.012526142348598961,0.0046458908402720869
10000,0,multi,gaussian_matched,0.050000000000000003,660,20,0.02,0.84103828013017301,<1%,True,False,3,0.020414527380319999,0.45497544049863808,0.057044471657265852,0.045572311102485261,1.3507337221395976,1.3261797175498273,1.3308640627820796,1.0035322099789814,,1.0190286592565807,False,False,False,,-1,,,False,3,6.5117805627813477e-05,0.020414527380319999,0.011678515787786553,0.0026084062493338944
10000,0,multi,gaussian_matched,0.050000000000000003,660,20,0.050000000000000003,0.84103828013017301,<1%,True,True,4,0.020414527380319999,0.45497544049863808,0.057044471657265852,0.045572311102485261,1.3507337221395976,1.3261797175498273,1.3308640627820796,1.0035322099789814,0.96331382503912166,1.0190286592565807,True,True,False,2>1>3>4,6,0,0,True,3,6.5117805627813477e-05,0.020414527380319999,0.011678515787786553,0.0026084062493338944
10000,0,multi,gaussian_matched,0.050000000000000003,660,21,0.02,0.84103828013017301,<1%,True,False,3,0.069718582934323356,0.46419527961453783,0.11680386081265443,0.075794022332619587,1.3507337221395976,1.2749656301466912,1.2336285149072483,0.96757785915006445,,0.96941574477440928,False,False,False,,-1,,,False,3,0.0056424023272610112,0.00043928233455875812,0.069718582934323356,0.0041355218797350796
10000,0,multi,gaussian_matched,0.050000000000000003,660,21,0.050000000000000003,0.84103828013017301,<1%,True,False,3,0.069718582934323356,0.46419527961453783,0.11680386081265443,0.075794022332619587,1.3507337221395976,1.2749656301466912,1.2336285149072483,0.96757785915006445,,0.96941574477440928,False,False,False,,-1,,,False,3,0.0056424023272610112,0.00043928233455875812,0.069718582934323356,0.0041355218797350796
10000,0,multi,gaussian_matched,0.050000000000000003,660,22,0.02,0.84103828013017301,<1%,True,False,1,0.05176730338105278,0.51755722924294156,0.035750699988440299,0.022611918306694765,1.3507337221395976,1.3695165756945711,1.2835567526718539,0.93723345555045845,,0.96700678273549234,False,False,False,,-1,,,False,3,0.05176730338105278,0.036687465969233966,0.028249871798022522,0.0061155721783135407
10000,0,multi,gaussian_matched,0.050000000000000003,660,22,0.050000000000000003,0.84103828013017301,<1%,True,False,3,0.05176730338105278,0.51755722924294156,0.035750699988440299,0.022611918306694765,1.3507337221395976,1.3695165756945711,1.2835567526718539,0.93723345555045845,,0.96700678273549234,False,False,False,,-1,,,False,3,0.05176730338105278,0.036687465969233966,0.028249871798022522,0.0061155721783135407
10000,0,multi,gaussian_matched,0.050000000000000003,660,23,0.02,0.84103828013017301,<1%,True,False,1,0.15941529520072217,0.49124365886859023,-0.022646869326162444,0.073172680235878626,1.3507337221395976,1.4135649132534294,1.3375313418991084,0.94621147522732163,,1.0443983140514139,False,False,False,,-1,,,False,3,0.025024803538140745,0.020041311746794403,0.000732212172627261,0.15941529520072217
10000,0,multi,gaussian_matched,0.050000000000000003,660,23,0.050000000000000003,0.84103828013017301,<1%,True,False,3,0.15941529520072217,0.49124365886859023,-0.022646869326162444,0.073172680235878626,1.3507337221395976,1.4135649132534294,1.3375313418991084,0.94621147522732163,,1.0443983140514139,False,False,False,,-1,,,False,3,0.025024803538140745,0.020041311746794403,0.000732212172627261,0.15941529520072217
10000,0,multi,gaussian_matched,0.050000000000000003,660,24,0.02,0.84103828013017301,<1%,True,False,3,0.059220442875816903,0.48785950361002017,0.10266364862835628,0.05404490299229045,1.3507337221395976,1.298543888865507,1.2524073507107567,0.96447055925459846,,0.96721672990705565,False,False,False,,-1,,,False,3,0.014949333222528206,0.014491237344024058,0.059220442875816903,0.0044584984130320261
10000,0,multi,gaussian_matched,0.050000000000000003,660,24,0.050000000000000003,0.84103828013017301,<1%,True,False,3,0.059220442875816903,0.48785950361002017,0.10266364862835628,0.05404490299229045,1.3507337221395976,1.298543888865507,1.2524073507107567,0.96447055925459846,,0.96721672990705565,False,False,False,,-1,,,False,3,0.014949333222528206,0.014491237344024058,0.059220442875816903,0.0044584984130320261
10000,0,multi,gaussian_matched,0.050000000000000003,660,25,0.02,0.84103828013017301,<1%,True,True,4,0.01505865363810056,0.47171453319711942,0.038385855117680112,0.030577050112860406,1.3507337221395976,1.3496283865383871,1.3460494685439319,0.99734821968020793,0.98191805095375218,1.0191694307270125,True,True,False,2>1>3>4,6,0,0,True,3,0.0043387872709525089,0.01505865363810056,0.0024044311687312246,3.8882781107220522e-05
10000,0,multi,gaussian_matched,0.050000000000000003,660,25,0.050000000000000003,0.84103828013017301,<1%,True,True,4,0.01505865363810056,0.47171453319711942,0.038385855117680112,0.030577050112860406,1.3507337221395976,1.3496283865383871,1.3460494685439319,0.99734821968020793,0.95967966502520441,1.0191694307270125,True,True,False,2>1>3>4,6,0,0,True,3,0.0043387872709525089,0.01505865363810056,0.0024044311687312246,3.8882781107220522e-05
10000,0,multi,gaussian_matched,0.050000000000000003,660,26,0.02,0.84103828013017301,<1%,True,False,2,0.31559829515071153,0.55062978556122166,0.12962787875882811,0.094360872514013552,1.3507337221395976,1.2700038227394899,1.2026733024118332,0.94698400184149067,,0.96024416483162245,False,False,False,,-1,,,False,3,0.31559829515071153,0.24685685050657288,0.013126523819520753,0.00048249107251593622
10000,0,multi,gaussian_matched,0.050000000000000003,660,26,0.050000000000000003,0.84103828013017301,<1%,True,False,2,0.31559829515071153,0.55062978556122166,0.12962787875882811,0.094360872514013552,1.3507337221395976,1.2700038227394899,1.2026733024118332,0.94698400184149067,,0.96024416483162245,False,False,False,,-1,,,False,3,0.31559829515071153,0.24685685050657288,0.013126523819520753,0.00048249107251593622
10000,0,multi,gaussian_matched,0.050000000000000003,660,27,0.02,0.84103828013017301,<1%,True,False,1,0.30894755385467193,0.52905687481748509,0.11943937127257591,0.075273689008109865,1.3507337221395976,1.286844286762556,1.1700978737211563,0.90927696983827744,,0.9219963508104061,False,False,False,,-1,,,False,3,0.30894755385467193,0.22319576439433858,0.031143520427339994,0.00097177825978019927
10000,0,multi,gaussian_matched,0.050000000000000003,660,27,0.050000000000000003,0.84103828013017301,<1%,True,False,2,0.30894755385467193,0.52905687481748509,0.11943937127257591,0.075273689008109865,1.3507337221395976,1.286844286762556,1.1700978737211563,0.90927696983827744,,0.9219963508104061,False,False,False,,-1,,,False,3,0.30894755385467193,0.22319576439433858,0.031143520427339994,0.00097177825978019927
10000,0,multi,gaussian_matched,0.050000000000000003,660,28,0.02,0.84103828013017301,<1%,True,False,3,0.12824692750717584,0.49215487595018387,0.019687356610069331,0.031311376856377797,1.3507337221395976,1.3747960095566667,1.3296888688990103,0.96718993920254237,,1.0076007013429176,False,False,False,,-1,,,False,3,0.014936957301194207,0.0073114394130236841,0.0046930316752175983,0.12824692750717584
10000,0,multi,gaussian_matched,0.050000000000000003,660,28,0.050000000000000003,0.84103828013017301,<1%,True,False,3,0.12824692750717584,0.49215487595018387,0.019687356610069331,0.031311376856377797,1.3507337221395976,1.3747960095566667,1.3296888688990103,0.96718993920254237,,1.0076007013429176,False,False,False,,-1,,,False,3,0.014936957301194207,0.0073114394130236841,0.0046930316752175983,0.12824692750717584
10000,0,multi,gaussian_matched,0.050000000000000003,660,29,0.02,0.84103828013017301,<1%,True,True,4,0.019277243892388825,0.46759773424650214,0.031720382439046582,0.037202839194542897,1.3507337221395976,1.3543299395763575,1.3494958785069413,0.99643066218344967,0.98396406263135527,1.0266262661340217,True,True,False,2>1>3>4,6,0,0,True,3,0.0062387316008713223,0.019277243892388825,0.0010246011959607441,0.0031440689745668828
10000,0,multi,gaussian_matched,0.050000000000000003,660,29,0.050000000000000003,0.84103828013017301,<1%,True,True,4,0.019277243892388825,0.46759773424650214,0.031720382439046582,0.037202839194542897,1.3507337221395976,1.3543299395763575,1.3494958785069413,0.99643066218344967,0.96181196410519942,1.0266262661340217,True,True,False,2>1>3>4,6,0,0,True,3,0.0062387316008713223,0.019277243892388825,0.0010246011959607441,0.0031440689745668828
10000,0,multi,gaussian_matched,0.050000000000000003,660,30,0.02,0.84103828013017301,<1%,True,False,1,0.33930149238750756,0.56913773563692427,-0.016593361520512329,0.095993240843316049,1.3507337221395976,1.4076593739663958,1.3114656834150464,0.93166408555195979,,1.0419958435841155,False,False,False,,-1,,,False,3,0.33930149238750756,0.15324216217375342,0.011951355599236796,0.033083736046607054
10000,0,multi,gaussian_matched,0.050000000000000003,660,30,0.050000000000000003,0.84103828013017301,<1%,True,False,2,0.33930149238750756,0.56913773563692427,-0.016593361520512329,0.095993240843316049,1.3507337221395976,1.4076593739663958,1.3114656834150464,0.93166408555195979,,1.0419958435841155,False,False,False,,-1,,,False,3,0.33930149238750756,0.15324216217375342,0.011951355599236796,0.033083736046607054
10000,0,multi,gaussian_matched,0.050000000000000003,660,31,0.02,0.84103828013017301,<1%,True,False,1,0.15564073474523032,0.48607571417858381,-0.01608877909143662,0.06753971022615661,1.3507337221395976,1.4055853791800597,1.3368938925873133,0.95112962356451292,,1.0397560820416998,False,False,False,,-1,,,False,3,0.022014002083599372,0.021183054792736987,0.0015312389281950224,0.15564073474523032
10000,0,multi,gaussian_matched,0.050000000000000003,660,31,0.050000000000000003,0.84103828013017301,<1%,True,False,3,0.15564073474523032,0.48607571417858381,-0.01608877909143662,0.06753971022615661,1.3507337221395976,1.4055853791800597,1.3368938925873133,0.95112962356451292,,1.0397560820416998,False,False,False,,-1,,,False,3,0.022014002083599372,0.021183054792736987,0.0015312389281950224,0.15564073474523032
10000,0,multi,gaussian_matched,0.050000000000000003,661,0,0.02,8.6713952702598274,5-<10%,True,False,3,0.047766408320887591,0.47226116354196424,-0.0071499323728319922,0.06352604047369019,1.2690208535882395,1.3324863086776397,1.2848049602586384,0.9642162564009229,,1.0624971188769945,False,False,False,,-1,,,False,1,0.047766408320887591,0.01313923558899077,0.013070299752511075,0.0064713624889784988
10000,0,multi,gaussian_matched,0.050000000000000003,661,0,0.050000000000000003,8.6713952702598274,5-<10%,True,True,4,0.047766408320887591,0.47226116354196424,-0.0071499323728319922,0.06352604047369019,1.2690208535882395,1.3324863086776397,1.2848049602586384,0.9642162564009229,0.92876729916233247,1.0624971188769945,True,True,False,1>2>3>4,0,0,0,True,1,0.047766408320887591,0.01313923558899077,0.013070299752511075,0.0064713624889784988
10000,0,multi,gaussian_matched,0.050000000000000003,661,1,0.02,8.6713952702598274,5-<10%,True,False,3,0.026239981423160308,0.56655170100940833,0.060978976547913316,0.067451218174954503,1.2690208535882395,1.233258952239549,1.2355880818466014,1.0018885973645866,,1.0268068458742243,False,False,False,,-1,,,False,1,0.019671993865165733,0.026239981423160308,0.0046917684703327535,0.0046273414478747539
10000,0,multi,gaussian_matched,0.050000000000000003,661,1,0.050000000000000003,8.6713952702598274,5-<10%,True,True,4,0.026239981423160308,0.56655170100940833,0.060978976547913316,0.067451218174954503,1.2690208535882395,1.233258952239549,1.2355880818466014,1.0018885973645866,0.9537245510156751,1.0268068458742243,True,True,False,1>2>3>4,0,0,0,True,1,0.019671993865165733,0.026239981423160308,0.0046917684703327535,0.0046273414478747539
10000,0,multi,gaussian_matched,0.050000000000000003,661,2,0.02,8.6713952702598274,5-<10%,True,False,3,0.051780729462454232,0.46827275686389325,-0.013225359561242184,0.070739409445273099,1.2690208535882395,1.3397253809859113,1.2883254816049958,0.96163400342308214,,1.0709555222890341,False,False,False,,-1,,,False,1,0.051780729462454232,0.014673597947950942,0.012792360361638607,0.0065583286151090258
10000,0,multi,gaussian_matched,0.050000000000000003,661,2,0.050000000000000003,8.6713952702598274,5-<10%,True,False,3,0.051780729462454232,0.46827275686389325,-0.013225359561242184,0.070739409445273099,1.2690208535882395,1.3397253809859113,1.2883254816049958,0.96163400342308214,,1.0709555222890341,False,False,False,,-1,,,False,1,0.051780729462454232,0.014673597947950942,0.012792360361638607,0.0065583286151090258
10000,0,multi,gaussian_matched,0.050000000000000003,661,3,0.02,8.6713952702598274,5-<10%,True,False,3,0.025985146693452574,0.52879157502293439,0.13254479129564073,0.087421950117474181,1.2690208535882395,1.1833030585637405,1.2069322858588345,1.0199688719843034,,1.0199629362405176,False,False,False,,-1,,,False,1,0.015677103698883203,0.025985146693452574,0.016441543994043926,0.0084879743255889695
10000,0,multi,gaussian_matched,0.050000000000000003,661,3,0.050000000000000003,8.6713952702598274,5-<10%,True,True,4,0.025985146693452574,0.52879157502293439,0.13254479129564073,0.087421950117474181,1.2690208535882395,1.1833030585637405,1.2069322858588345,1.0199688719843034,0.96799393480381768,1.0199629362405176,True,True,False,1>2>3>4,0,0,0,True,1,0.015677103698883203,0.025985146693452574,0.016441543994043926,0.0084879743255889695
10000,0,multi,gaussian_matched,0.050000000000000003,661,4,0.02,8.6713952702598274,5-<10%,True,False,1,0.048680355507849937,0.49849650211435009,0.16701327105115521,0.11702292983848624,1.2690208535882395,1.1759872380811558,1.1942743631112227,1.0155504451391035,,1.0333142195748242,False,False,False,,-1,,,False,1,0.048680355507849937,0.033054641439476243,0.023539720813710883,0.010509809145744949
10000,0,multi,gaussian_matched,0.050000000000000003,661,4,0.050000000000000003,8.6713952702598274,5-<10%,True,True,4,0.048680355507849937,0.49849650211435009,0.16701327105115521,0.11702292983848624,1.2690208535882395,1.1759872380811558,1.1942743631112227,1.0155504451391035,0.96409487858181553,1.0333142195748242,True,True,False,1>2>3>4,0,0,0,True,1,0.048680355507849937,0.033054641439476243,0.023539720813710883,0.010509809145744949
10000,0,multi,gaussian_matched,0.050000000000000003,661,5,0.02,8.6713952702598274,5-<10%,True,False,2,0.054125508487490627,0.6225212944540669,0.11618006532992853,0.13925253549495525,1.2690208535882395,1.1687003825662734,1.1877319242062385,1.016284363318317,,1.0456758499665773,False,False,False,,-1,,,False,1,0.044693896160876385,0.054125508487490627,0.0034178621769161408,0.0071840245535477612
10000,0,multi,gaussian_matched,0.050000000000000003,661,5,0.050000000000000003,8.6713952702598274,5-<10%,True,False,3,0.054125508487490627,0.6225212944540669,0.11618006532992853,0.13925253549495525,1.2690208535882395,1.1687003825662734,1.1877319242062385,1.016284363318317,,1.0456758499665773,False,False,False,,-1,,,False,1,0.044693896160876385,0.054125508487490627,0.0034178621769161408,0.0071840245535477612
10000,0,multi,gaussian_matched,0.050000000000000003,661,6,0.02,8.6713952702598274,5-<10%,True,False,2,0.051513617898697343,0.44791879961430814,0.028119822629041509,0.05649065051315301,1.2690208535882395,1.3150913390053471,1.2708779040219489,0.96637995120792253,,1.0459785201967962,False,False,False,,-1,,,False,1,0.051513617898697343,0.0051563303396968295,0.020448687174685121,0.0090809423310102538
10000,0,multi,gaussian_matched,0.050000000000000003,661,6,0.050000000000000003,8.6713952702598274,5-<10%,True,False,3,0.051513617898697343,0.44791879961430814,0.028119822629041509,0.05649065051315301,1.2690208535882395,1.3150913390053471,1.2708779040219489,0.96637995120792253,,1.0459785201967962,False,False,False,,-1,,,False,1,0.051513617898697343,0.0051563303396968295,0.020448687174685121,0.0090809423310102538
10000,0,multi,gaussian_matched,0.050000000000000003,661,7,0.02,8.6713952702598274,5-<10%,True,False,3,0.038261744390843969,0.46810118208114393,0.039150982383399986,0.033693259976820746,1.2690208535882395,1.2946837085755087,1.2629140785789208,0.97546147388264981,,1.0217384016105799,False,False,False,,-1,,,False,1,0.038261744390843969,0.0051608789338917303,0.019223984525678341,0.0087142807928349553
10000,0,multi,gaussian_matched,0.050000000000000003,661,7,0.050000000000000003,8.6713952702598274,5-<10%,True,True,4,0.038261744390843969,0.46810118208114393,0.039150982383399986,0.033693259976820746,1.2690208535882395,1.2946837085755087,1.2629140785789208,0.97546147388264981,0.93669016234133584,1.0217384016105799,True,True,False,1>2>3>4,0,0,0,True,1,0.038261744390843969,0.0051608789338917303,0.019223984525678341,0.0087142807928349553
10000,0,multi,gaussian_matched,0.050000000000000003,661,8,0.02,8.6713952702598274,5-<10%,True,False,3,0.021371928905958616,0.54802798790229745,0.04029217003064519,0.048999281470824996,1.2690208535882395,1.2585616729782112,1.2496890187482741,0.99295016333292496,,1.0233782183696769,False,False,False,,-1,,,False,1,0.0027008257945941895,0.021371928905958616,0.0057613938031411977,0.0041752575225035213
10000,0,multi,gaussian_matched,0.050000000000000003,661,8,0.050000000000000003,8.6713952702598274,5-<10%,True,True,4,0.021371928905958616,0.54802798790229745,0.04029217003064519,0.048999281470824996,1.2690208535882395,1.2585616729782112,1.2496890187482741,0.99295016333292496,0.94812020443289668,1.0233782183696769,True,True,False,1>2>3>4,0,0,0,True,1,0.0027008257945941895,0.021371928905958616,0.0057613938031411977,0.0041752575225035213
10000,0,multi,gaussian_matched,0.050000000000000003,661,9,0.02,8.6713952702598274,5-<10%,True,False,2,0.14806664786697057,0.60629758985372562,-0.00044177588776100896,0.11765861788845719,1.2690208535882395,1.286283821524707,1.2489631615709549,0.97098567257923385,,1.0769104192379499,False,False,False,,-1,,,False,1,0.00066303027159358204,0.14806664786697057,0.035502947175896069,0.019589810985442636
10000,0,multi,gaussian_matched,0.050000000000000003,661,9,0.050000000000000003,8.6713952702598274,5-<10%,True,False,3,0.14806664786697057,0.60629758985372562,-0.00044177588776100896,0.11765861788845719,1.2690208535882395,1.286283821524707,1.2489631615709549,0.97098567257923385,,1.0769104192379499,False,False,False,,-1,,,False,1,0.00066303027159358204,0.14806664786697057,0.035502947175896069,0.019589810985442636
10000,0,multi,gaussian_matched,0.050000000000000003,661,10,0.02,8.6713952702598274,5-<10%,True,False,2,0.062325184495624443,0.43017137373162984,0.022320011339217419,0.075114704411245389,1.2690208535882395,1.3301697040414915,1.2759658776474616,0.95925044283496996,,1.0646638140251505,False,False,False,,-1,,,False,1,0.062325184495624443,0.0065544759568195773,0.021753107634254219,0.0095542463458026024
10000,0,multi,gaussian_matched,0.050000000000000003,661,10,0.050000000000000003,8.6713952702598274,5-<10%,True,False,3,0.062325184495624443,0.43017137373162984,0.022320011339217419,0.075114704411245389,1.2690208535882395,1.3301697040414915,1.2759658776474616,0.95925044283496996,,1.0646638140251505,False,False,False,,-1,,,False,1,0.062325184495624443,0.0065544759568195773,0.021753107634254219,0.0095542463458026024
10000,0,multi,gaussian_matched,0.050000000000000003,661,11,0.02,8.6713952702598274,5-<10%,True,True,4,0.016212355020013385,0.50642605056805556,0.072899969062021092,0.023784505648525266,1.2690208535882395,1.245899662632616,1.2419022839904121,0.99679157257835893,0.97705224059883233,0.99737272721730719,True,True,False,1>2>3>4,0,0,0,True,1,0.011734899764751793,0.0036983704961906206,0.016212355020013385,0.0076551610044931911
10000,0,multi,gaussian_matched,0.050000000000000003,661,11,0.050000000000000003,8.6713952702598274,5-<10%,True,True,4,0.016212355020013385,0.50642605056805556,0.072899969062021092,0.023784505648525266,1.2690208535882395,1.245899662632616,1.2419022839904121,0.99679157257835893,0.95220600165567426,0.99737272721730719,True,True,False,1>2>3>4,0,0,0,True,1,0.011734899764751793,0.0036983704961906206,0.016212355020013385,0.0076551610044931911
10000,0,multi,gaussian_matched,0.050000000000000003,661,12,0.02,8.6713952702598274,5-<10%,True,False,2,0.086959661899823612,0.4014606524866271,0.028352263375348269,0.10088918430303398,1.2690208535882395,1.343482167101177,1.2636653157430648,0.94058957140433619,,1.0752813842166042,False,False,False,,-1,,,False,1,0.086959661899823612,0.012467247986413297,0.024331687245504698,0.010506839999507033
10000,0,multi,gaussian_matched,0.050000000000000003,661,12,0.050000000000000003,8.6713952702598274,5-<10%,True,False,3,0.086959661899823612,0.4014606524866271,0.028352263375348269,0.10088918430303398,1.2690208535882395,1.343482167101177,1.2636653157430648,0.94058957140433619,,1.0752813842166042,False,False,False,,-1,,,False,1,0.086959661899823612,0.012467247986413297,0.024331687245504698,0.010506839999507033
10000,0,multi,gaussian_matched,0.050000000000000003,661,13,0.02,8.6713952702598274,5-<10%,True,False,2,0.031629659242754335,0.57870163735704439,0.088826391376742017,0.087757828083993003,1.2690208535882395,1.2031611110250739,1.218161630272897,1.0124675898434274,,1.0290764368956722,False,False,False,,-1,,,False,1,0.025175717433670652,0.031629659242754335,0.0047742019949955127,0.0059465052823534032
10000,0,multi,gaussian_matched,0.050000000000000003,661,13,0.050000000000000003,8.6713952702598274,5-<10%,True,True,4,0.031629659242754335,0.57870163735704439,0.088826391376742017,0.087757828083993003,1.2690208535882395,1.2031611110250739,1.218161630272897,1.0124675898434274,0.96098258381337531,1.0290764368956722,True,True,False,1>2>3>4,0,0,0,True,1,0.025175717433670652,0.031629659242754335,0.0047742019949955127,0.0059465052823534032
10000,0,multi,gaussian_matched,0.050000000000000003,661,14,0.02,8.6713952702598274,5-<10%,True,False,2,0.040343226489850476,0.54942921055564586,-0.015132367087581949,0.081764736277847194,1.2690208535882395,1.3111593478703045,1.270700190070742,0.96914245559452428,,1.0657546899441457,False,False,False,,-1,,,False,1,0.026274610550883669,0.040343226489850476,0.0022569650667672958,0.0009969136830181983
10000,0,multi,gaussian_matched,0.050000000000000003,661,14,0.050000000000000003,8.6713952702598274,5-<10%,True,True,4,0.040343226489850476,0.54942921055564586,-0.015132367087581949,0.081764736277847194,1.2690208535882395,1.3111593478703045,1.270700190070742,0.96914245559452428,0.93026499651817229,1.0657546899441457,True,True,False,1>2>3>4,0,0,0,True,1,0.026274610550883669,0.040343226489850476,0.0022569650667672958,0.0009969136830181983
10000,0,multi,gaussian_matched,0.050000000000000003,661,15,0.02,8.6713952702598274,5-<10%,True,False,3,0.020367080660830116,0.49269110174282443,0.06375214444217174,0.015573742982728945,1.2690208535882395,1.2607679175740207,1.2482732930971161,0.99008967130053016,,0.99592298464302997,False,False,False,,-1,,,False,1,0.020367080660830116,0.0011038208780121644,0.017900142306814488,0.0082814968512490254
10000,0,multi,gaussian_matched,0.050000000000000003,661,15,0.050000000000000003,8.6713952702598274,5-<10%,True,True,4,0.020367080660830116,0.49269110174282443,0.06375214444217174,0.015573742982728945,1.2690208535882395,1.2607679175740207,1.2482732930971161,0.99008967130053016,0.9476126744225023,0.99592298464302997,True,True,False,1>2>3>4,0,0,0,True,1,0.020367080660830116,0.0011038208780121644,0.017900142306814488,0.0082814968512490254
10000,0,multi,gaussian_matched,0.050000000000000003,661,16,0.02,8.6713952702598274,5-<10%,True,False,2,0.059850373601560813,0.45866991123866352,0.10487570447940235,0.068698756750982415,1.2690208535882395,1.2482859926113805,1.224744110257912,0.98114063404314944,,1.0192447691868893,False,False,False,,-1,,,False,1,0.059850373601560813,0.0084975621447443018,0.025791328278675831,0.011235069984668158
10000,0,multi,gaussian_matched,0.050000000000000003,661,16,0.050000000000000003,8.6713952702598274,5-<10%,True,False,3,0.059850373601560813,0.45866991123866352,0.10487570447940235,0.068698756750982415,1.2690208535882395,1.2482859926113805,1.224744110257912,0.98114063404314944,,1.0192447691868893,False,False,False,,-1,,,False,1,0.059850373601560813,0.0084975621447443018,0.025791328278675831,0.011235069984668158
10000,0,multi,gaussian_matched,0.050000000000000003,661,17,0.02,8.6713952702598274,5-<10%,True,False,3,0.068068900206673971,0.43490161729631704,-0.023283467546049361,0.098021763125379649,1.2690208535882395,1.3651860276008816,1.2989839999928425,0.95150695489875503,,1.1008532753170266,False,False,False,,-1,,,False,1,0.068068900206673971,0.012097033230505379,0.015300173668147111,0.007879844693738992
10000,0,multi,gaussian_matched,0.050000000000000003,661,17,0.050000000000000003,8.6713952702598274,5-<10%,True,False,3,0.068068900206673971,0.43490161729631704,-0.023283467546049361,0.098021763125379649,1.2690208535882395,1.3651860276008816,1.2989839999928425,0.95150695489875503,,1.1008532753170266,False,False,False,,-1,,,False,1,0.068068900206673971,0.012097033230505379,0.015300173668147111,0.007879844693738992
10000,0,multi,gaussian_matched,0.050000000000000003,661,18,0.02,8.6713952702598274,5-<10%,True,False,3,0.035908101048276055,0.56395408604943276,0.013244660436674958,0.073763677435670041,1.2690208535882395,1.2800192064676998,1.2558829978345187,0.98114386994255609,,1.0477737001015592,False,False,False,,-1,,,False,1,0.0071329300486144909,0.035908101048276055,0.00087710904686936629,0.0021129663357978994
10000,0,multi,gaussian_matched,0.050000000000000003,661,18,0.050000000000000003,8.6713952702598274,5-<10%,True,True,4,0.035908101048276055,0.56395408604943276,0.013244660436674958,0.073763677435670041,1.2690208535882395,1.2800192064676998,1.2558829978345187,0.98114386994255609,0.93797153734909711,1.0477737001015592,True,True,False,1>2>3>4,0,0,0,True,1,0.0071329300486144909,0.035908101048276055,0.00087710904686936629,0.0021129663357978994
10000,0,multi,gaussian_matched,0.050000000000000003,661,19,0.02,8.6713952702598274,5-<10%,True,False,3,0.051647962791245811,0.47519574883829602,-0.019094187326526985,0.073411563108314856,1.2690208535882395,1.3417282371692323,1.2900058577524589,0.96145092725640413,,1.0743853554538696,False,False,False,,-1,,,False,1,0.051647962791245811,0.018482628523794693,0.011053537215117249,0.0061235900831771205
10000,0,multi,gaussian_matched,0.050000000000000003,661,19,0.050000000000000003,8.6713952702598274,5-<10%,True,False,3,0.051647962791245811,0.47519574883829602,-0.019094187326526985,0.073411563108314856,1.2690208535882395,1.3417282371692323,1.2900058577524589,0.96145092725640413,,1.0743853554538696,False,False,False,,-1,,,False,1,0.051647962791245811,0.018482628523794693,0.011053537215117249,0.0061235900831771205
10000,0,multi,gaussian_matched,0.050000000000000003,661,20,0.02,8.6713952702598274,5-<10%,True,True,4,0.013702837723484129,0.52499726964705329,0.083353516660276517,0.041681177567516429,1.2690208535882395,1.2278378769618516,1.2332811518640683,1.0044332195677865,0.98218715380259691,1.0046819371222666,True,True,False,1>2>3>4,0,0,0,True,1,0.002580495569037335,0.01119279138451342,0.013702837723484129,0.0069113543400445114
10000,0,multi,gaussian_matched,0.050000000000000003,661,20,0.050000000000000003,8.6713952702598274,5-<10%,True,True,4,0.013702837723484129,0.52499726964705329,0.083353516660276517,0.041681177567516429,1.2690208535882395,1.2278378769618516,1.2332811518640683,1.0044332195677865,0.95712334771375041,1.0046819371222666,True,True,False,1>2>3>4,0,0,0,True,1,0.002580495569037335,0.01119279138451342,0.013702837723484129,0.0069113543400445114
10000,0,multi,gaussian_matched,0.050000000000000003,661,21,0.02,8.6713952702598274,5-<10%,True,False,3,0.023385604506875348,0.50952339392352453,0.013667026243484891,0.037560351619949452,1.2690208535882395,1.2974060375619612,1.2693462643628721,0.97837240433086159,,1.0298543261030404,False,False,False,,-1,,,False,1,0.023385604506875348,0.015065240333491851,0.009586777498330392,0.0050227127306932953
10000,0,multi,gaussian_matched,0.050000000000000003,661,21,0.050000000000000003,8.6713952702598274,5-<10%,True,True,4,0.023385604506875348,0.50952339392352453,0.013667026243484891,0.037560351619949452,1.2690208535882395,1.2974060375619612,1.2693462643628721,0.97837240433086159,0.93910215650460027,1.0298543261030404,True,True,False,1>2>3>4,0,0,0,True,1,0.023385604506875348,0.015065240333491851,0.009586777498330392,0.0050227127306932953
10000,0,multi,gaussian_matched,0.050000000000000003,661,22,0.02,8.6713952702598274,5-<10%,True,False,2,0.045555935967665995,0.47504522023417523,0.10245619851217999,0.058089532581266756,1.2690208535882395,1.2393791692401963,1.229738518670527,0.99222138728087583,,1.0148202431901538,False,False,False,,-1,,,False,1,0.045555935967665995,0.0089468558471733402,0.02420307065039895,0.010629839659344014
10000,0,multi,gaussian_matched,0.050000000000000003,661,22,0.050000000000000003,8.6713952702598274,5-<10%,True,True,4,0.045555935967665995,0.47504522023417523,0.10245619851217999,0.058089532581266756,1.2690208535882395,1.2393791692401963,1.229738518670527,0.99222138728087583,0.94852666788437656,1.0148202431901538,True,True,False,1>2>3>4,0,0,0,True,1,0.045555935967665995,0.0089468558471733402,0.02420307065039895,0.010629839659344014
10000,0,multi,gaussian_matched,0.050000000000000003,661,23,0.02,8.6713952702598274,5-<10%,True,False,3,0.024636170888780538,0.53445161589597112,0.0099593628005746268,0.052822026325951725,1.2690208535882395,1.2916645360831451,1.2663238742943883,0.98038139077070263,,1.0394989939608705,False,False,False,,-1,,,False,1,0.017788416390364624,0.024636170888780538,0.0046355053421294964,0.0033540737164544049
10000,0,multi,gaussian_matched,0.050000000000000003,661,23,0.050000000000000003,8.6713952702598274,5-<10%,True,True,4,0.024636170888780538,0.53445161589597112,0.0099593628005746268,0.052822026325951725,1.2690208535882395,1.2916645360831451,1.2663238742943883,0.98038139077070263,0.9397921503354506,1.0394989939608705,True,True,False,1>2>3>4,0,0,0,True,1,0.017788416390364624,0.024636170888780538,0.0046355053421294964,0.0033540737164544049
10000,0,multi,gaussian_matched,0.050000000000000003,661,24,0.02,8.6713952702598274,5-<10%,True,False,3,0.048246481167995001,0.45442712118610457,0.022945592010063492,0.052998379928748195,1.2690208535882395,1.3157284764180071,1.2727211284939508,0.96731290027168737,,1.044679056828846,False,False,False,,-1,,,False,1,0.048246481167995001,0.0020166786725111102,0.019109607597313349,0.0085656502349913139
10000,0,multi,gaussian_matched,0.050000000000000003,661,24,0.050000000000000003,8.6713952702598274,5-<10%,True,True,4,0.048246481167995001,0.45442712118610457,0.022945592010063492,0.052998379928748195,1.2690208535882395,1.3157284764180071,1.2727211284939508,0.96731290027168737,0.93034415930300429,1.044679056828846,True,True,False,1>2>3>4,0,0,0,True,1,0.048246481167995001,0.0020166786725111102,0.019109607597313349,0.0085656502349913139
10000,0,multi,gaussian_matched,0.050000000000000003,661,25,0.02,8.6713952702598274,5-<10%,True,False,2,0.034526837780920541,0.47878180869031967,0.077698847731173346,0.034891801445166466,1.2690208535882395,1.2567825815638911,1.2426385673625324,0.98874585436746076,,1.0067055755588241,False,False,False,,-1,,,False,1,0.034526837780920541,0.0015840320387079977,0.021533603661860787,0.0096574881170275306
10000,0,multi,gaussian_matched,0.050000000000000003,661,25,0.050000000000000003,8.6713952702598274,5-<10%,True,True,4,0.034526837780920541,0.47878180869031967,0.077698847731173346,0.034891801445166466,1.2690208535882395,1.2567825815638911,1.2426385673625324,0.98874585436746076,0.94648208604620709,1.0067055755588241,True,True,False,1>2>3>4,0,0,0,True,1,0.034526837780920541,0.0015840320387079977,0.021533603661860787,0.0096574881170275306
10000,0,multi,gaussian_matched,0.050000000000000003,661,26,0.02,8.6713952702598274,5-<10%,True,False,3,0.03346989126741734,0.47482819874849758,0.054139826165669702,0.025509953722559014,1.2690208535882395,1.2784555894320691,1.2547829671588686,0.98148342228788987,,1.008882491774123,False,False,False,,-1,,,False,1,0.03346989126741734,0.0059093962508155237,0.019861750432263757,0.0090141737487585659
10000,0,multi,gaussian_matched,0.050000000000000003,661,26,0.050000000000000003,8.6713952702598274,5-<10%,True,True,4,0.03346989126741734,0.47482819874849758,0.054139826165669702,0.025509953722559014,1.2690208535882395,1.2784555894320691,1.2547829671588686,0.98148342228788987,0.94121392944067528,1.008882491774123,True,True,False,1>2>3>4,0,0,0,True,1,0.03346989126741734,0.0059093962508155237,0.019861750432263757,0.0090141737487585659
10000,0,multi,gaussian_matched,0.050000000000000003,661,27,0.02,8.6713952702598274,5-<10%,True,False,2,0.054955851678851766,0.44700512643887463,0.061528541043154555,0.054234342278148481,1.2690208535882395,1.2888346381044578,1.2525585782677029,0.97185359644732427,,1.0297647330623518,False,False,False,,-1,,,False,1,0.054955851678851766,0.005046731459618068,0.024014681114291263,0.010561185001486456
10000,0,multi,gaussian_matched,0.050000000000000003,661,27,0.050000000000000003,8.6713952702598274,5-<10%,True,False,3,0.054955851678851766,0.44700512643887463,0.061528541043154555,0.054234342278148481,1.2690208535882395,1.2888346381044578,1.2525585782677029,0.97185359644732427,,1.0297647330623518,False,False,False,,-1,,,False,1,0.054955851678851766,0.005046731459618068,0.024014681114291263,0.010561185001486456
10000,0,multi,gaussian_matched,0.050000000000000003,661,28,0.02,8.6713952702598274,5-<10%,True,False,3,0.043732874578007348,0.4602143674476783,0.033571051741154198,0.043044243499917534,1.2690208535882395,1.3036731199219316,1.2665966573387626,0.9715600007267241,,1.0320089674929964,False,False,False,,-1,,,False,1,0.043732874578007348,0.0047629703839059028,0.019624645418599065,0.0088191619891851997
10000,0,multi,gaussian_matched,0.050000000000000003,661,28,0.050000000000000003,8.6713952702598274,5-<10%,True,True,4,0.043732874578007348,0.4602143674476783,0.033571051741154198,0.043044243499917534,1.2690208535882395,1.3036731199219316,1.2665966573387626,0.9715600007267241,0.93360087273466064,1.0320089674929964,True,True,False,1>2>3>4,0,0,0,True,1,0.043732874578007348,0.0047629703839059028,0.019624645418599065,0.0088191619891851997
10000,0,multi,gaussian_matched,0.050000000000000003,661,29,0.02,8.6713952702598274,5-<10%,True,False,2,0.069462659352643688,0.54591811770242182,-0.057162600045846418,0.11658600422829279,1.2690208535882395,1.352699240312903,1.2671290989899622,0.93674119214915286,,1.0903801141688965,False,False,False,,-1,,,False,1,0.047818416065232905,0.069462659352643688,0.014246735962518176,0.005402840217176649
10000,0,multi,gaussian_matched,0.050000000000000003,661,29,0.050000000000000003,8.6713952702598274,5-<10%,True,False,3,0.069462659352643688,0.54591811770242182,-0.057162600045846418,0.11658600422829279,1.2690208535882395,1.352699240312903,1.2671290989899622,0.93674119214915286,,1.0903801141688965,False,False,False,,-1,,,False,1,0.047818416065232905,0.069462659352643688,0.014246735962518176,0.005402840217176649
10000,0,multi,gaussian_matched,0.050000000000000003,661,30,0.02,8.6713952702598274,5-<10%,True,True,4,0.013154515993243184,0.5349970927108999,0.066529680379059875,0.038704351585438036,1.2690208535882395,1.2387625858968514,1.2396257410467411,1.0006967881979296,0.97882582799510276,1.0073357652221531,True,True,False,1>2>3>4,0,0,0,True,1,0.0078187249298444506,0.013154515993243184,0.010529267351804983,0.0058265928409532604
10000,0,multi,gaussian_matched,0.050000000000000003,661,30,0.050000000000000003,8.6713952702598274,5-<10%,True,True,4,0.013154515993243184,0.5349970927108999,0.066529680379059875,0.038704351585438036,1.2690208535882395,1.2387625858968514,1.2396257410467411,1.0006967881979296,0.95416828704700085,1.0073357652221531,True,True,False,1>2>3>4,0,0,0,True,1,0.0078187249298444506,0.013154515993243184,0.010529267351804983,0.0058265928409532604
10000,0,multi,gaussian_matched,0.050000000000000003,661,31,0.02,8.6713952702598274,5-<10%,True,False,3,0.059978049094345814,0.44687606281708192,-0.012574813922411443,0.08208385979739892,1.2690208535882395,1.3497877022837035,1.2916466030900708,0.9569257453633162,,1.0825121265762947,False,False,False,,-1,,,False,1,0.059978049094345814,0.010138611094373992,0.015472047789124463,0.0075811653736707167
10000,0,multi,gaussian_matched,0.050000000000000003,661,31,0.050000000000000003,8.6713952702598274,5-<10%,True,False,3,0.059978049094345814,0.44687606281708192,-0.012574813922411443,0.08208385979739892,1.2690208535882395,1.3497877022837035,1.2916466030900708,0.9569257453633162,,1.0825121265762947,False,False,False,,-1,,,False,1,0.059978049094345814,0.010138611094373992,0.015472047789124463,0.0075811653736707167
10000,0,multi,gaussian_matched,0.050000000000000003,662,0,0.02,5.7498662867639254,5-<10%,True,True,4,0.0095832125627063579,0.50307717439563815,0.039836659378428264,0.010618968634065232,1.397207171450217,1.4018724497728361,1.3908863462687404,0.99216326456385107,0.97842226389138953,1.003076239186582,True,True,False,3>4>1>2,16,0,0,True,1,0.00087670699528763843,0.0036032549425279873,0.0095832125627063579,0.0059573316194290963
10000,0,multi,gaussian_matched,0.050000000000000003,662,0,0.050000000000000003,5.7498662867639254,5-<10%,True,True,4,0.0095832125627063579,0.50307717439563815,0.039836659378428264,0.010618968634065232,1.397207171450217,1.4018724497728361,1.3908863462687404,0.99216326456385107,0.95680879810466057,1.003076239186582,True,True,False,3>4>1>2,16,0,0,True,1,0.00087670699528763843,0.0036032549425279873,0.0095832125627063579,0.0059573316194290963
10000,0,multi,gaussian_matched,0.050000000000000003,662,1,0.02,5.7498662867639254,5-<10%,True,True,4,0.01193349916669907,0.55141197221187221,0.010162618081655209,0.065040048315037291,1.397207171450217,1.3906432792782824,1.4014978696733267,1.007805445549399,0.99488625410745313,1.0496209495304736,True,True,False,3>4>1>2,16,0,0,True,1,0.0065689662082612423,0.0058178556611941292,0.01193349916669907,0.010121049876760357
10000,0,multi,gaussian_matched,0.050000000000000003,662,1,0.050000000000000003,5.7498662867639254,5-<10%,True,True,4,0.01193349916669907,0.55141197221187221,0.010162618081655209,0.065040048315037291,1.397207171450217,1.3906432792782824,1.4014978696733267,1.007805445549399,0.97284348223350592,1.0496209495304736,True,True,False,3>4>1>2,16,0,0,True,1,0.0065689662082612423,0.0058178556611941292,0.01193349916669907,0.010121049876760357
10000,0,multi,gaussian_matched,0.050000000000000003,662,2,0.02,5.7498662867639254,5-<10%,True,False,2,0.31976742035124101,0.61041263045212379,0.077309945006011349,0.11373997564439962,1.397207171450217,1.3013194538226134,1.2169083688631268,0.93513423263478479,,0.95236295067566346,False,False,False,,-1,,,False,1,0.00062100399687315267,0.31976742035124101,0.025074171479237763,0.0075253563829798956
10000,0,multi,gaussian_matched,0.050000000000000003,662,2,0.050000000000000003,5.7498662867639254,5-<10%,True,False,3,0.31976742035124101,0.61041263045212379,0.077309945006011349,0.11373997564439962,1.397207171450217,1.3013194538226134,1.2169083688631268,0.93513423263478479,,0.95236295067566346,False,False,False,,-1,,,False,1,0.00062100399687315267,0.31976742035124101,0.025074171479237763,0.0075253563829798956
10000,0,multi,gaussian_matched,0.050000000000000003,662,3,0.02,5.7498662867639254,5-<10%,True,False,3,0.02215893335064345,0.53231574141590621,-0.032431266043863927,0.088539374093416709,1.397207171450217,1.4358328916689813,1.4278515150920179,0.99444129144604976,,1.0853013927859474,False,False,False,,-1,,,False,1,0.015940397390464326,0.0082702107805340853,0.0019308361020497317,0.02215893335064345
10000,0,multi,gaussian_matched,0.050000000000000003,662,3,0.050000000000000003,5.7498662867639254,5-<10%,True,True,4,0.02215893335064345,0.53231574141590621,-0.032431266043863927,0.088539374093416709,1.397207171450217,1.4358328916689813,1.4278515150920179,0.99444129144604976,0.96084153737654387,1.0853013927859474,True,True,False,3>4>1>2,16,0,0,True,1,0.015940397390464326,0.0082702107805340853,0.0019308361020497317,0.02215893335064345
10000,0,multi,gaussian_matched,0.050000000000000003,662,4,0.02,5.7498662867639254,5-<10%,True,True,4,0.0083748685031532696,0.54416558429550577,0.057249456335082383,0.044756602343315695,1.397207171450217,1.3603808066896497,1.3782256755536042,1.0131175541261701,0.99939872513819661,1.0184475910039525,True,True,False,3>4>1>2,16,0,0,True,1,0.0042620392195596088,0.0031228189738294965,0.0083748685031532696,0.0017922077181318564
10000,0,multi,gaussian_matched,0.050000000000000003,662,4,0.050000000000000003,5.7498662867639254,5-<10%,True,True,4,0.0083748685031532696,0.54416558429550577,0.057249456335082383,0.044756602343315695,1.397207171450217,1.3603808066896497,1.3782256755536042,1.0131175541261701,0.97718717606410832,1.0184475910039525,True,True,False,3>4>1>2,16,0,0,True,1,0.0042620392195596088,0.0031228189738294965,0.0083748685031532696,0.0017922077181318564
10000,0,multi,gaussian_matched,0.050000000000000003,662,5,0.02,5.7498662867639254,5-<10%,True,False,2,0.041805090507827505,0.469261882742596,-0.0014645150316590638,0.059945209649927653,1.397207171450217,1.4548758992953945,1.3831100378348116,0.95067217657853864,,1.0328140858215997,False,False,False,,-1,,,False,1,0.012889514682595625,0.0066797957929277613,0.027881570329765952,0.041805090507827505
10000,0,multi,gaussian_matched,0.050000000000000003,662,5,0.050000000000000003,5.7498662867639254,5-<10%,True,True,4,0.041805090507827505,0.469261882742596,-0.0014645150316590638,0.059945209649927653,1.397207171450217,1.4548758992953945,1.3831100378348116,0.95067217657853864,0.91684530067165915,1.0328140858215997,True,True,False,3>4>1>2,16,0,0,True,1,0.012889514682595625,0.0066797957929277613,0.027881570329765952,0.041805090507827505
10000,0,multi,gaussian_matched,0.050000000000000003,662,6,0.02,5.7498662867639254,5-<10%,True,False,2,0.054612439814588583,0.46334986056260891,0.057527596727725179,0.037415203237126334,1.397207171450217,1.4202149282856431,1.3322879298887544,0.93808894932330678,,0.98031498915383564,False,False,False,,-1,,,False,1,0.0029292214995962876,0.00075641430625683029,0.02747939835552737,0.054612439814588583
10000,0,multi,gaussian_matched,0.050000000000000003,662,6,0.050000000000000003,5.7498662867639254,5-<10%,True,False,3,0.054612439814588583,0.46334986056260891,0.057527596727725179,0.037415203237126334,1.397207171450217,1.4202149282856431,1.3322879298887544,0.93808894932330678,,0.98031498915383564,False,False,False,,-1,,,False,1,0.0029292214995962876,0.00075641430625683029,0.02747939835552737,0.054612439814588583
10000,0,multi,gaussian_matched,0.050000000000000003,662,7,0.02,5.7498662867639254,5-<10%,True,True,4,0.01551485070682798,0.51702103462797211,0.098536548136203855,0.05143454213643453,1.397207171450217,1.352688819148212,1.3630138228000757,1.0076329481738198,0.9931063237626252,1.0123397545035486,True,True,False,3>4>1>2,16,0,0,True,1,0.01551485070682798,0.00087741853361579677,0.012947835614483406,0.0013638523387665823
10000,0,multi,gaussian_matched,0.050000000000000003,662,7,0.050000000000000003,5.7498662867639254,5-<10%,True,True,4,0.01551485070682798,0.51702103462797211,0.098536548136203855,0.05143454213643453,1.397207171450217,1.352688819148212,1.3630138228000757,1.0076329481738198,0.97092554258393493,1.0123397545035486,True,True,False,3>4>1>2,16,0,0,True,1,0.01551485070682798,0.00087741853361579677,0.012947835614483406,0.0013638523387665823
10000,0,multi,gaussian_matched,0.050000000000000003,662,8,0.02,5.7498662867639254,5-<10%,True,True,4,0.017754781288404679,0.52165279215019111,0.10735776468884579,0.061308699040188278,1.397207171450217,1.3435682868206553,1.3585580766751237,1.0111567011528231,0.996639551921638,1.0162177841111248,True,True,False,3>4>1>2,16,0,0,True,1,0.017754781288404679,0.0014521032101723721,0.014349990099309552,0.0022769248311143718
10000,0,multi,gaussian_matched,0.050000000000000003,662,8,0.050000000000000003,5.7498662867639254,5-<10%,True,True,4,0.017754781288404679,0.52165279215019111,0.10735776468884579,0.061308699040188278,1.397207171450217,1.3435682868206553,1.3585580766751237,1.0111567011528231,0.97430475838881514,1.0162177841111248,True,True,False,3>4>1>2,16,0,0,True,1,0.017754781288404679,0.0014521032101723721,0.014349990099309552,0.0022769248311143718
10000,0,multi,gaussian_matched,0.050000000000000003,662,9,0.02,5.7498662867639254,5-<10%,True,False,1,0.04130651602447228,0.61082290471081435,-0.076351323356051229,0.16806657348315177,1.397207171450217,1.430421460599465,1.4464043421452879,1.0111735470880903,,1.1554985893414187,False,False,False,,-1,,,False,1,0.022165632707019853,0.010219781412822775,0.04130651602447228,0.028351458990854939
10000,0,multi,gaussian_matched,0.050000000000000003,662,9,0.050000000000000003,5.7498662867639254,5-<10%,True,True,4,0.04130651602447228,0.61082290471081435,-0.076351323356051229,0.16806657348315177,1.397207171450217,1.430421460599465,1.4464043421452879,1.0111735470880903,0.97822048139239681,1.1554985893414187,True,True,False,3>4>1>2,16,0,0,True,1,0.022165632707019853,0.010219781412822775,0.04130651602447228,0.028351458990854939
10000,0,multi,gaussian_matched,0.050000000000000003,662,10,0.02,5.7498662867639254,5-<10%,True,False,2,0.039391444361716772,0.46731491394695357,0.054841057354611256,0.033041650785117956,1.397207171450217,1.4188174279552301,1.3523278846564797,0.95313735087496509,,0.99152764439626184,False,False,False,,-1,,,False,1,0.0023580944930507654,0.00056300773078770804,0.025617282989813236,0.039391444361716772
10000,0,multi,gaussian_matched,0.050000000000000003,662,10,0.050000000000000003,5.7498662867639254,5-<10%,True,True,4,0.039391444361716772,0.46731491394695357,0.054841057354611256,0.033041650785117956,1.397207171450217,1.4188174279552301,1.3523278846564797,0.95313735087496509,0.91738706395476255,0.99152764439626184,True,True,False,3>4>1>2,16,0,0,True,1,0.0023580944930507654,0.00056300773078770804,0.025617282989813236,0.039391444361716772
10000,0,multi,gaussian_matched,0.050000000000000003,662,11,0.02,5.7498662867639254,5-<10%,True,False,0,0.23778746249926863,0.44207525342974391,0.067801740231917609,0.060598500150689114,1.397207171450217,1.4308869752443598,1.3776805371581946,0.96281576462244411,,1.0293956878392174,False,False,False,,-1,,,False,1,0.12044198468620085,0.025899042263026528,0.037865985774011977,0.23778746249926863
10000,0,multi,gaussian_matched,0.050000000000000003,662,11,0.050000000000000003,5.7498662867639254,5-<10%,True,False,2,0.23778746249926863,0.44207525342974391,0.067801740231917609,0.060598500150689114,1.397207171450217,1.4308869752443598,1.3776805371581946,0.96281576462244411,,1.0293956878392174,False,False,False,,-1,,,False,1,0.12044198468620085,0.025899042263026528,0.037865985774011977,0.23778746249926863
10000,0,multi,gaussian_matched,0.050000000000000003,662,12,0.02,5.7498662867639254,5-<10%,True,False,0,0.24097576921958447,0.43075684924397362,0.089507033798777252,0.079720885884437626,1.397207171450217,1.4278471536196071,1.3795977997053621,0.96620832013291313,,1.044454047623528,False,False,False,,-1,,,False,1,0.12160409442731492,0.02064950819704759,0.046278759215147722,0.24097576921958447
10000,0,multi,gaussian_matched,0.050000000000000003,662,12,0.050000000000000003,5.7498662867639254,5-<10%,True,False,2,0.24097576921958447,0.43075684924397362,0.089507033798777252,0.079720885884437626,1.397207171450217,1.4278471536196071,1.3795977997053621,0.96620832013291313,,1.044454047623528,False,False,False,,-1,,,False,1,0.12160409442731492,0.02064950819704759,0.046278759215147722,0.24097576921958447
10000,0,multi,gaussian_matched,0.050000000000000003,662,13,0.02,5.7498662867639254,5-<10%,True,True,4,0.0098740383654992766,0.50426461685208379,0.066841361132747024,0.017372921507296323,1.397207171450217,1.3828237738447993,1.3779477615559164,0.9964738729684075,0.98218861103077759,0.99864981484095439,True,True,False,3>4>1>2,16,0,0,True,1,0.0064587896982643538,0.0014703448069623927,0.0098740383654992766,0.0011957364976471858
10000,0,multi,gaussian_matched,0.050000000000000003,662,13,0.050000000000000003,5.7498662867639254,5-<10%,True,True,4,0.0098740383654992766,0.50426461685208379,0.066841361132747024,0.017372921507296323,1.397207171450217,1.3828237738447993,1.3779477615559164,0.9964738729684075,0.96043354762999378,0.99864981484095439,True,True,False,3>4>1>2,16,0,0,True,1,0.0064587896982643538,0.0014703448069623927,0.0098740383654992766,0.0011957364976471858
10000,0,multi,gaussian_matched,0.050000000000000003,662,14,0.02,5.7498662867639254,5-<10%,True,True,4,0.017560794863067702,0.48823082128811535,0.022961221651362274,0.02948913532369234,1.397207171450217,1.4242624676206521,1.3957728048194893,0.97999690123916761,0.96648461770050176,1.020079175992094,True,True,False,3>4>1>2,16,0,0,True,1,0.0055757967392821165,0.0043356091728560834,0.017560794863067702,0.015423370899069002
10000,0,multi,gaussian_matched,0.050000000000000003,662,14,0.050000000000000003,5.7498662867639254,5-<10%,True,True,4,0.017560794863067702,0.48823082128811535,0.022961221651362274,0.02948913532369234,1.397207171450217,1.4242624676206521,1.3957728048194893,0.97999690123916761,0.94513392309412803,1.020079175992094,True,True,False,3>4>1>2,16,0,0,True,1,0.0055757967392821165,0.0043356091728560834,0.017560794863067702,0.015423370899069002
10000,0,multi,gaussian_matched,0.050000000000000003,662,15,0.02,5.7498662867639254,5-<10%,True,False,2,0.02610939576186538,0.52646174320642636,0.13850246632082497,0.09237375383945165,1.397207171450217,1.3211178952216533,1.3442863789227717,1.0175370296511133,,1.0282370160404033,False,False,False,,-1,,,False,1,0.02610939576186538,0.0040471325467217132,0.024252130991187868,0.0021982174804868132
10000,0,multi,gaussian_matched,0.050000000000000003,662,15,0.050000000000000003,5.7498662867639254,5-<10%,True,True,4,0.02610939576186538,0.52646174320642636,0.13850246632082497,0.09237375383945165,1.397207171450217,1.3211178952216533,1.3442863789227717,1.0175370296511133,0.98027842965201872,1.0282370160404033,True,True,False,3>4>1>2,16,0,0,True,1,0.02610939576186538,0.0040471325467217132,0.024252130991187868,0.0021982174804868132
10000,0,multi,gaussian_matched,0.050000000000000003,662,16,0.02,5.7498662867639254,5-<10%,True,True,4,0.016078787162881514,0.50048170963706518,0.089145325136668521,0.039148288905518379,1.397207171450217,1.3714716560282043,1.3672821056963826,0.99694521551837634,0.98230262590864403,1.0066011850927667,True,True,False,3>4>1>2,16,0,0,True,1,0.013278310239680943,0.00088613060026050271,0.016078787162881514,0.0040316373123743558
10000,0,multi,gaussian_matched,0.050000000000000003,662,16,0.050000000000000003,5.7498662867639254,5-<10%,True,True,4,0.016078787162881514,0.50048170963706518,0.089145325136668521,0.039148288905518379,1.397207171450217,1.3714716560282043,1.3672821056963826,0.99694521551837634,0.96042582160241108,1.0066011850927667,True,True,False,3>4>1>2,16,0,0,True,1,0.013278310239680943,0.00088613060026050271,0.016078787162881514,0.0040316373123743558
10000,0,multi,gaussian_matched,0.050000000000000003,662,17,0.02,5.7498662867639254,5-<10%,True,False,2,0.055611687943780012,0.46321654485479075,0.027148874770762828,0.043303539077792483,1.397207171450217,1.4398549339006599,1.3482282811268658,0.9363639693023994,,0.99593807463808814,False,False,False,,-1,,,False,1,0.0054747206204196468,0.0043774145090434823,0.028343860983353612,0.055611687943780012
10000,0,multi,gaussian_matched,0.050000000000000003,662,17,0.050000000000000003,5.7498662867639254,5-<10%,True,False,3,0.055611687943780012,0.46321654485479075,0.027148874770762828,0.043303539077792483,1.397207171450217,1.4398549339006599,1.3482282811268658,0.9363639693023994,,0.99593807463808814,False,False,False,,-1,,,False,1,0.0054747206204196468,0.0043774145090434823,0.028343860983353612,0.055611687943780012
10000,0,multi,gaussian_matched,0.050000000000000003,662,18,0.02,5.7498662867639254,5-<10%,True,True,4,0.0090198226338277353,0.504145200230809,0.041147790911141083,0.0097746759898410668,1.397207171450217,1.4001952268067459,1.3902974415914933,0.99293113915419828,0.97917026607334923,1.002050480551244,True,True,False,3>4>1>2,16,0,0,True,1,0.00052563208402082496,0.0035352678459954255,0.0090198226338277353,0.0053843944076284291
10000,0,multi,gaussian_matched,0.050000000000000003,662,18,0.050000000000000003,5.7498662867639254,5-<10%,True,True,4,0.0090198226338277353,0.504145200230809,0.041147790911141083,0.0097746759898410668,1.397207171450217,1.4001952268067459,1.3902974415914933,0.99293113915419828,0.95753753115649776,1.002050480551244,True,True,False,3>4>1>2,16,0,0,True,1,0.00052563208402082496,0.0035352678459954255,0.0090198226338277353,0.0053843944076284291
10000,0,multi,gaussian_matched,0.050000000000000003,662,19,0.02,5.7498662867639254,5-<10%,True,False,3,0.021203845636506399,0.48293871699197133,0.080461599808939452,0.034914129529461678,1.397207171450217,1.3906304176758826,1.3650099215339608,0.98157634421319473,,1.0019445073491755,False,False,False,,-1,,,False,1,0.010091386565196358,0.0015730449323280232,0.021203845636506399,0.014296537857964909
10000,0,multi,gaussian_matched,0.050000000000000003,662,19,0.050000000000000003,5.7498662867639254,5-<10%,True,True,4,0.021203845636506399,0.48293871699197133,0.080461599808939452,0.034914129529461678,1.397207171450217,1.3906304176758826,1.3650099215339608,0.98157634421319473,0.94520175341884738,1.0019445073491755,True,True,False,3>4>1>2,16,0,0,True,1,0.010091386565196358,0.0015730449323280232,0.021203845636506399,0.014296537857964909
10000,0,multi,gaussian_matched,0.050000000000000003,662,20,0.02,5.7498662867639254,5-<10%,True,False,2,0.035143821110415509,0.50206546764360571,0.1461250752411698,0.096147263334466979,1.397207171450217,1.3372604771698999,1.3422457664312941,1.0037279866910782,,1.0294772737766551,False,False,False,,-1,,,False,1,0.031349544063172474,0.0070784708810973443,0.035143821110415509,0.0074607899397255732
10000,0,multi,gaussian_matched,0.050000000000000003,662,20,0.050000000000000003,5.7498662867639254,5-<10%,True,True,4,0.035143821110415509,0.50206546764360571,0.1461250752411698,0.096147263334466979,1.397207171450217,1.3372604771698999,1.3422457664312941,1.0037279866910782,0.96665786284978839,1.0294772737766551,True,True,False,3>4>1>2,16,0,0,True,1,0.031349544063172474,0.0070784708810973443,0.035143821110415509,0.0074607899397255732
10000,0,multi,gaussian_matched,0.050000000000000003,662,21,0.02,5.7498662867639254,5-<10%,True,True,4,0.017454734797256174,0.56236441420453986,0.014851545857674807,0.071587247381573141,1.397207171450217,1.3801032413969188,1.3971864816387678,1.0123782335476277,0.99941271637238727,1.0512211496136554,True,True,False,3>4>1>2,16,0,0,True,1,0.0051456252300450464,0.0055572622192832264,0.017454734797256174,0.0084032741956623826
10000,0,multi,gaussian_matched,0.050000000000000003,662,21,0.050000000000000003,5.7498662867639254,5-<10%,True,True,4,0.017454734797256174,0.56236441420453986,0.014851545857674807,0.071587247381573141,1.397207171450217,1.3801032413969188,1.3971864816387678,1.0123782335476277,0.977245802439629,1.0512211496136554,True,True,False,3>4>1>2,16,0,0,True,1,0.0051456252300450464,0.0055572622192832264,0.017454734797256174,0.0084032741956623826
10000,0,multi,gaussian_matched,0.050000000000000003,662,22,0.02,5.7498662867639254,5-<10%,True,True,4,0.014053573688387928,0.5739821649999941,0.097995831057818172,0.088187076927500982,1.397207171450217,1.3104671961833652,1.3463006001229678,1.0273439915504674,1.01833270142119,1.0266821602136189,True,True,False,3>4>1>2,16,0,0,True,1,0.014053573688387928,0.0082214604583083183,0.0056035283730911951,0.012774154986624115
10000,0,multi,gaussian_matched,0.050000000000000003,662,22,0.050000000000000003,5.7498662867639254,5-<10%,True,True,4,0.014053573688387928,0.5739821649999941,0.097995831057818172,0.088187076927500982,1.397207171450217,1.3104671961833652,1.3463006001229678,1.0273439915504674,0.99540596187580965,1.0266821602136189,True,True,False,3>4>1>2,16,0,0,True,1,0.014053573688387928,0.0082214604583083183,0.0056035283730911951,0.012774154986624115
10000,0,multi,gaussian_matched,0.050000000000000003,662,23,0.02,5.7498662867639254,5-<10%,True,False,0,0.29442007547777532,0.42130000809186319,-0.030394338057679091,0.11250305914984352,1.397207171450217,1.509560109757591,1.4014254685762828,0.92836678679945195,,1.0835390475091533,False,False,False,,-1,,,False,1,0.17849469408653712,0.035493442160438926,0.053164973910953692,0.29442007547777532
10000,0,multi,gaussian_matched,0.050000000000000003,662,23,0.050000000000000003,5.7498662867639254,5-<10%,True,False,1,0.29442007547777532,0.42130000809186319,-0.030394338057679091,0.11250305914984352,1.397207171450217,1.509560109757591,1.4014254685762828,0.92836678679945195,,1.0835390475091533,False,False,False,,-1,,,False,1,0.17849469408653712,0.035493442160438926,0.053164973910953692,0.29442007547777532
10000,0,multi,gaussian_matched,0.050000000000000003,662,24,0.02,5.7498662867639254,5-<10%,True,False,1,0.26775908345003407,0.37694906457984595,0.095790120065296191,0.13129458405954589,1.397207171450217,1.4705677017699768,1.3856237605996364,0.94223731347553619,,1.0856788997759812,False,False,False,,-1,,,False,1,0.14634721547215374,0.013154951636346777,0.082069224863396489,0.26775908345003407
10000,0,multi,gaussian_matched,0.050000000000000003,662,24,0.050000000000000003,5.7498662867639254,5-<10%,True,False,1,0.26775908345003407,0.37694906457984595,0.095790120065296191,0.13129458405954589,1.397207171450217,1.4705677017699768,1.3856237605996364,0.94223731347553619,,1.0856788997759812,False,False,False,,-1,,,False,1,0.14634721547215374,0.013154951636346777,0.082069224863396489,0.26775908345003407
10000,0,multi,gaussian_matched,0.050000000000000003,662,25,0.02,5.7498662867639254,5-<10%,True,False,2,0.092187023111500524,0.45729386508385089,0.072652163673156661,0.048341850177168522,1.397207171450217,1.4157610871236033,1.268619031915587,0.89606858350163854,,0.94256664938659707,False,False,False,,-1,,,False,1,0.012965204927595239,0.0081741314893687671,0.031322246103828291,0.092187023111500524
10000,0,multi,gaussian_matched,0.050000000000000003,662,25,0.050000000000000003,5.7498662867639254,5-<10%,True,False,3,0.092187023111500524,0.45729386508385089,0.072652163673156661,0.048341850177168522,1.397207171450217,1.4157610871236033,1.268619031915587,0.89606858350163854,,0.94256664938659707,False,False,False,,-1,,,False,1,0.012965204927595239,0.0081741314893687671,0.031322246103828291,0.092187023111500524
10000,0,multi,gaussian_matched,0.050000000000000003,662,26,0.02,5.7498662867639254,5-<10%,True,False,3,0.022870490436642823,0.57278953025807922,0.042096389295712369,0.07321736663768208,1.397207171450217,1.3524150869322811,1.3803958665079197,1.0206894908567665,,1.0403705784281359,False,False,False,,-1,,,False,1,0.0014320272713242248,0.0043138980490570102,0.022870490436642823,0.0012589261718895669
10000,0,multi,gaussian_matched,0.050000000000000003,662,26,0.050000000000000003,5.7498662867639254,5-<10%,True,True,4,0.022870490436642823,0.57278953025807922,0.042096389295712369,0.07321736663768208,1.397207171450217,1.3524150869322811,1.3803958665079197,1.0206894908567665,0.98523909662075393,1.0403705784281359,True,True,False,3>4>1>2,16,0,0,True,1,0.0014320272713242248,0.0043138980490570102,0.022870490436642823,0.0012589261718895669
10000,0,multi,gaussian_matched,0.050000000000000003,662,27,0.02,5.7498662867639254,5-<10%,True,False,2,0.034314117779972148,0.47142837632726031,0.013299170617280483,0.046511165935462714,1.397207171450217,1.4431030115124537,1.3821603719759197,0.95776972326274712,,1.0225194710591896,False,False,False,,-1,,,False,1,0.009388828931712237,0.004947093050510068,0.025794407507372774,0.034314117779972148
10000,0,multi,gaussian_matched,0.050000000000000003,662,27,0.050000000000000003,5.7498662867639254,5-<10%,True,True,4,0.034314117779972148,0.47142837632726031,0.013299170617280483,0.046511165935462714,1.397207171450217,1.4431030115124537,1.3821603719759197,0.95776972326274712,0.92329552434891415,1.0225194710591896,True,True,False,3>4>1>2,16,0,0,True,1,0.009388828931712237,0.004947093050510068,0.025794407507372774,0.034314117779972148
10000,0,multi,gaussian_matched,0.050000000000000003,662,28,0.02,5.7498662867639254,5-<10%,True,True,4,0.0047845985318587811,0.53632044939213985,0.059587886563937924,0.037564645783102146,1.397207171450217,1.364251910400734,1.3784302883342381,1.0103927858377264,0.99654881524435102,1.0134466549063177,True,True,False,3>4>1>2,16,0,0,True,1,0.0047246613142419638,0.0028608824070499648,0.0047845985318587811,0.0021462772167988278
10000,0,multi,gaussian_matched,0.050000000000000003,662,28,0.050000000000000003,5.7498662867639254,5-<10%,True,True,4,0.0047845985318587811,0.53632044939213985,0.059587886563937924,0.037564645783102146,1.397207171450217,1.364251910400734,1.3784302883342381,1.0103927858377264,0.97441699254150127,1.0134466549063177,True,True,False,3>4>1>2,16,0,0,True,1,0.0047246613142419638,0.0028608824070499648,0.0047845985318587811,0.0021462772167988278
10000,0,multi,gaussian_matched,0.050000000000000003,662,29,0.02,5.7498662867639254,5-<10%,True,False,2,0.029192693330855599,0.48625467989402144,-0.028145377923615184,0.079345030818826087,1.397207171450217,1.4622591913197593,1.4206081115461848,0.97151593915714596,,1.0735366758876208,False,False,False,,-1,,,False,1,0.017715822288188823,0.0081509366360241163,0.021980211103317455,0.029192693330855599
10000,0,multi,gaussian_matched,0.050000000000000003,662,29,0.050000000000000003,5.7498662867639254,5-<10%,True,True,4,0.029192693330855599,0.48625467989402144,-0.028145377923615184,0.079345030818826087,1.397207171450217,1.4622591913197593,1.4206081115461848,0.97151593915714596,0.93829772311934567,1.0735366758876208,True,True,False,3>4>1>2,16,0,0,True,1,0.017715822288188823,0.0081509366360241163,0.021980211103317455,0.029192693330855599
10000,0,multi,gaussian_matched,0.050000000000000003,662,30,0.02,5.7498662867639254,5-<10%,True,True,4,0.0076034708584613248,0.52385904114580728,0.026297669470637584,0.033631150990123287,1.397207171450217,1.3967686154879573,1.3967397614487691,0.99997934229129415,0.98665974518997113,1.0237357363076325,True,True,False,3>4>1>2,16,0,0,True,1,0.0037426981869304143,0.0048312694223040398,0.00071657074131852754,0.0076034708584613248
10000,0,multi,gaussian_matched,0.050000000000000003,662,30,0.050000000000000003,5.7498662867639254,5-<10%,True,True,4,0.0076034708584613248,0.52385904114580728,0.026297669470637584,0.033631150990123287,1.397207171450217,1.3967686154879573,1.3967397614487691,0.99997934229129415,0.96483793400142515,1.0237357363076325,True,True,False,3>4>1>2,16,0,0,True,1,0.0037426981869304143,0.0048312694223040398,0.00071657074131852754,0.0076034708584613248
10000,0,multi,gaussian_matched,0.050000000000000003,662,31,0.02,5.7498662867639254,5-<10%,True,False,3,0.024580101590333667,0.5654757584083473,0.14417032045988676,0.1146957897861383,1.397207171450217,1.2863667383482018,1.3315943703601989,1.0351592051191194,,1.0351293564040149,False,False,False,,-1,,,False,1,0.024580101590333667,0.0044076716491391376,0.014158282138671445,0.011132498001678348
10000,0,multi,gaussian_matched,0.050000000000000003,662,31,0.050000000000000003,5.7498662867639254,5-<10%,True,True,4,0.024580101590333667,0.5654757584083473,0.14417032045988676,0.1146957897861383,1.397207171450217,1.2863667383482018,1.3315943703601989,1.0351592051191194,0.99898966248634613,1.0351293564040149,True,True,False,3>4>1>2,16,0,0,True,1,0.024580101590333667,0.0044076716491391376,0.014158282138671445,0.011132498001678348
10000,0,multi,gaussian_matched,0.050000000000000003,663,0,0.02,18.596792552645738,>=10%,True,False,3,0.038885510978228358,0.44411306122458827,0.020691803800882237,0.063105628038492734,1.2999398917371134,1.3624437075701912,1.3165053209920439,0.96628235990749689,,1.0612882624803202,False,False,False,,-1,,,False,1,0.0015766551305408127,0.038885510978228358,0.019108772801696948,0.016042261300724434
10000,0,multi,gaussian_matched,0.050000000000000003,663,0,0.050000000000000003,18.596792552645738,>=10%,True,True,4,0.038885510978228358,0.44411306122458827,0.020691803800882237,0.063105628038492734,1.2999398917371134,1.3624437075701912,1.3165053209920439,0.96628235990749689,0.9273454732228289,1.0612882624803202,True,True,False,2>3>4>1,9,0,0,True,1,0.0015766551305408127,0.038885510978228358,0.019108772801696948,0.016042261300724434
10000,0,multi,gaussian_matched,0.050000000000000003,663,1,0.02,18.596792552645738,>=10%,True,True,4,0.013287207915761167,0.49039448602323876,0.032938886785730905,0.019579261550627058,1.2999398917371134,1.3178681014625651,1.3016436724440648,0.9876888825213278,0.97151684117393988,1.016372327976748,True,True,False,2>3>4>1,9,0,0,True,1,0.0014714684449259963,0.013287207915761167,0.0022368107165681231,0.01046626529344208
10000,0,multi,gaussian_matched,0.050000000000000003,663,1,0.050000000000000003,18.596792552645738,>=10%,True,True,4,0.013287207915761167,0.49039448602323876,0.032938886785730905,0.019579261550627058,1.2999398917371134,1.3178681014625651,1.3016436724440648,0.9876888825213278,0.94874930843509542,1.016372327976748,True,True,False,2>3>4>1,9,0,0,True,1,0.0014714684449259963,0.013287207915761167,0.0022368107165681231,0.01046626529344208
10000,0,multi,gaussian_matched,0.050000000000000003,663,2,0.02,18.596792552645738,>=10%,True,False,3,0.021264086546051858,0.49207245279261735,-0.0099116328021924827,0.060433846061209995,1.2999398917371134,1.3442191760092101,1.3270120491274855,0.98719916573961541,,1.06731542281901,False,False,False,,-1,,,False,1,0.0049268008347422053,0.021264086546051858,0.0071486225951871377,0.016994333386243992
10000,0,multi,gaussian_matched,0.050000000000000003,663,2,0.050000000000000003,18.596792552645738,>=10%,True,True,4,0.021264086546051858,0.49207245279261735,-0.0099116328021924827,0.060433846061209995,1.2999398917371134,1.3442191760092101,1.3270120491274855,0.98719916573961541,0.95054265308886554,1.06731542281901,True,True,False,2>3>4>1,9,0,0,True,1,0.0049268008347422053,0.021264086546051858,0.0071486225951871377,0.016994333386243992
10000,0,multi,gaussian_matched,0.050000000000000003,663,3,0.02,18.596792552645738,>=10%,True,False,3,0.032882024825251085,0.57241301548095547,0.081186109863897196,0.078842997529826084,1.2999398917371134,1.2236911115482239,1.2613172882238057,1.0307481000070164,,1.030940195213774,False,False,False,,-1,,,False,1,0.0016431641105591655,0.0088805682870326929,0.032882024825251085,0.0027256580751125466
10000,0,multi,gaussian_matched,0.050000000000000003,663,3,0.050000000000000003,18.596792552645738,>=10%,True,True,4,0.032882024825251085,0.57241301548095547,0.081186109863897196,0.078842997529826084,1.2999398917371134,1.2236911115482239,1.2613172882238057,1.0307481000070164,0.99114323851714325,1.030940195213774,True,True,False,2>3>4>1,9,0,0,True,1,0.0016431641105591655,0.0088805682870326929,0.032882024825251085,0.0027256580751125466
10000,0,multi,gaussian_matched,0.050000000000000003,663,4,0.02,18.596792552645738,>=10%,True,True,4,0.017109043159196344,0.48406620595485905,0.029683834488131028,0.025819224887254525,1.2999398917371134,1.3248713543969395,1.3046148355932337,0.98471057681451168,0.96848600117613259,1.0234581375163627,True,True,False,2>3>4>1,9,0,0,True,1,0.0016066318555483978,0.017109043159196344,0.0047522628715594237,0.011400320090741841
10000,0,multi,gaussian_matched,0.050000000000000003,663,4,0.050000000000000003,18.596792552645738,>=10%,True,True,4,0.017109043159196344,0.48406620595485905,0.029683834488131028,0.025819224887254525,1.2999398917371134,1.3248713543969395,1.3046148355932337,0.98471057681451168,0.94584012199015322,1.0234581375163627,True,True,False,2>3>4>1,9,0,0,True,1,0.0016066318555483978,0.017109043159196344,0.0047522628715594237,0.011400320090741841
10000,0,multi,gaussian_matched,0.050000000000000003,663,5,0.02,18.596792552645738,>=10%,True,True,4,0.018834501323452865,0.55672369218833251,0.02852713528024305,0.060651967608229149,1.2999398917371134,1.2710131258226114,1.29426293797743,1.0182923462255915,1.0042630716844532,1.0422904275789877,True,True,False,2>3>4>1,9,0,0,True,1,0.0037029619381895185,0.018834501323452865,0.01880272414524943,0.007636774344924979
10000,0,multi,gaussian_matched,0.050000000000000003,663,5,0.050000000000000003,18.596792552645738,>=10%,True,True,4,0.018834501323452865,0.55672369218833251,0.02852713528024305,0.060651967608229149,1.2999398917371134,1.2710131258226114,1.29426293797743,1.0182923462255915,0.98061389606374516,1.0422904275789877,True,True,False,2>3>4>1,9,0,0,True,1,0.0037029619381895185,0.018834501323452865,0.01880272414524943,0.007636774344924979
10000,0,multi,gaussian_matched,0.050000000000000003,663,6,0.02,18.596792552645738,>=10%,True,True,4,0.010883426533094246,0.5264366640140995,0.041493628481377595,0.027771488267775889,1.2999398917371134,1.2844263213301004,1.2909530608882362,1.0050814433259021,0.98961810571466813,1.014450404621245,True,True,False,2>3>4>1,9,0,0,True,1,0.0015445591343670672,0.0067744777292387632,0.010883426533094246,0.0066921808991582442
10000,0,multi,gaussian_matched,0.050000000000000003,663,6,0.050000000000000003,18.596792552645738,>=10%,True,True,4,0.010883426533094246,0.5264366640140995,0.041493628481377595,0.027771488267775889,1.2999398917371134,1.2844263213301004,1.2909530608882362,1.0050814433259021,0.96625824891529355,1.014450404621245,True,True,False,2>3>4>1,9,0,0,True,1,0.0015445591343670672,0.0067744777292387632,0.010883426533094246,0.0066921808991582442
10000,0,multi,gaussian_matched,0.050000000000000003,663,7,0.02,18.596792552645738,>=10%,True,True,4,0.015730794780175892,0.53290943553749148,-0.010692608202333906,0.06904073897198898,1.2999398917371134,1.315827210019141,1.3210140883422761,1.0039419144729949,0.99127548685037115,1.069322386481063,True,True,False,2>3>4>1,9,0,0,True,1,0.0062632987256693619,0.0014011537848808127,0.0055319974376748906,0.015730794780175892
10000,0,multi,gaussian_matched,0.050000000000000003,663,7,0.050000000000000003,18.596792552645738,>=10%,True,True,4,0.015730794780175892,0.53290943553749148,-0.010692608202333906,0.06904073897198898,1.2999398917371134,1.315827210019141,1.3210140883422761,1.0039419144729949,0.96809087712001096,1.069322386481063,True,True,False,2>3>4>1,9,0,0,True,1,0.0062632987256693619,0.0014011537848808127,0.0055319974376748906,0.015730794780175892
10000,0,multi,gaussian_matched,0.050000000000000003,663,8,0.02,18.596792552645738,>=10%,True,False,3,0.036750943229965416,0.5071254844678722,0.13617138612082291,0.086465486264091743,1.2999398917371134,1.2504454148763793,1.2359125286529449,0.98837783237033894,,1.0172608928478524,False,False,False,,-1,,,False,1,0.0063119588423881335,0.036750943229965416,0.019787364256588669,0.0014540245173170184
10000,0,multi,gaussian_matched,0.050000000000000003,663,8,0.050000000000000003,18.596792552645738,>=10%,True,True,4,0.036750943229965416,0.5071254844678722,0.13617138612082291,0.086465486264091743,1.2999398917371134,1.2504454148763793,1.2359125286529449,0.98837783237033894,0.94629488144327212,1.0172608928478524,True,True,False,2>3>4>1,9,0,0,True,1,0.0063119588423881335,0.036750943229965416,0.019787364256588669,0.0014540245173170184
10000,0,multi,gaussian_matched,0.050000000000000003,663,9,0.02,18.596792552645738,>=10%,True,False,2,0.037749361406737313,0.50737096745896615,0.13818136583590779,0.088488894455560602,1.2999398917371134,1.2494203956157666,1.2345780894955425,0.98812064684368373,,1.0177908935336117,False,False,False,,-1,,,False,1,0.006447020449465617,0.037749361406737313,0.02018276190398912,0.0016315649155739182
10000,0,multi,gaussian_matched,0.050000000000000003,663,9,0.050000000000000003,18.596792552645738,>=10%,True,True,4,0.037749361406737313,0.50737096745896615,0.13818136583590779,0.088488894455560602,1.2999398917371134,1.2494203956157666,1.2345780894955425,0.98812064684368373,0.94599924632743893,1.0177908935336117,True,True,False,2>3>4>1,9,0,0,True,1,0.006447020449465617,0.037749361406737313,0.02018276190398912,0.0016315649155739182
10000,0,multi,gaussian_matched,0.050000000000000003,663,10,0.02,18.596792552645738,>=10%,True,False,3,0.029915510514513795,0.5638645522590453,0.080696937787520781,0.070858895170467132,1.2999398917371134,1.2305986971811296,1.2627052970855632,1.0260902274461843,,1.0258660425244621,False,False,False,,-1,,,False,1,0.0012756213961951279,0.0064921422718177335,0.029915510514513795,0.002282702743687825
10000,0,multi,gaussian_matched,0.050000000000000003,663,10,0.050000000000000003,18.596792552645738,>=10%,True,True,4,0.029915510514513795,0.5638645522590453,0.080696937787520781,0.070858895170467132,1.2999398917371134,1.2305986971811296,1.2627052970855632,1.0260902274461843,0.98634496012745576,1.0258660425244621,True,True,False,2>3>4>1,9,0,0,True,1,0.0012756213961951279,0.0064921422718177335,0.029915510514513795,0.002282702743687825
10000,0,multi,gaussian_matched,0.050000000000000003,663,11,0.02,18.596792552645738,>=10%,True,True,4,0.014302309732929676,0.52557152248765382,0.065272836801333681,0.02978526995507607,1.2999398917371134,1.2703009167767858,1.2770479749034027,1.0053113857020088,0.98917089316187279,1.0053028245114886,True,True,False,2>3>4>1,9,0,0,True,1,0.0003249699254828686,0.0015260173943440712,0.014302309732929676,0.0030302227110443961
10000,0,multi,gaussian_matched,0.050000000000000003,663,11,0.050000000000000003,18.596792552645738,>=10%,True,True,4,0.014302309732929676,0.52557152248765382,0.065272836801333681,0.02978526995507607,1.2999398917371134,1.2703009167767858,1.2770479749034027,1.0053113857020088,0.96549405671847099,1.0053028245114886,True,True,False,2>3>4>1,9,0,0,True,1,0.0003249699254828686,0.0015260173943440712,0.014302309732929676,0.0030302227110443961
10000,0,multi,gaussian_matched,0.050000000000000003,663,12,0.02,18.596792552645738,>=10%,True,False,3,0.026697737254802824,0.47126518746945101,0.013028264743340366,0.046825192568256721,1.2999398917371134,1.3451903386846098,1.3167337802678589,0.97884570116331859,,1.0489400175372632,False,False,False,,-1,,,False,1,0.0027158820088776106,0.026697737254802824,0.010998960229047648,0.014692395480880818
10000,0,multi,gaussian_matched,0.050000000000000003,663,12,0.050000000000000003,18.596792552645738,>=10%,True,True,4,0.026697737254802824,0.47126518746945101,0.013028264743340366,0.046825192568256721,1.2999398917371134,1.3451903386846098,1.3167337802678589,0.97884570116331859,0.94062074124627004,1.0489400175372632,True,True,False,2>3>4>1,9,0,0,True,1,0.0027158820088776106,0.026697737254802824,0.010998960229047648,0.014692395480880818
10000,0,multi,gaussian_matched,0.050000000000000003,663,13,0.02,18.596792552645738,>=10%,True,False,3,0.02013724937601697,0.52942095888292828,0.091848178461269636,0.051155281859425118,1.2999398917371134,1.25190550590598,1.260708253515771,1.0070314792676149,,1.0091724576758307,False,False,False,,-1,,,False,1,0.0022276733490541427,0.0085157708557086591,0.02013724937601697,0.00058731900129625867
10000,0,multi,gaussian_matched,0.050000000000000003,663,13,0.050000000000000003,18.596792552645738,>=10%,True,True,4,0.02013724937601697,0.52942095888292828,0.091848178461269636,0.051155281859425118,1.2999398917371134,1.25190550590598,1.260708253515771,1.0070314792676149,0.96638066120129407,1.0091724576758307,True,True,False,2>3>4>1,9,0,0,True,1,0.0022276733490541427,0.0085157708557086591,0.02013724937601697,0.00058731900129625867
10000,0,multi,gaussian_matched,0.050000000000000003,663,14,0.02,18.596792552645738,>=10%,True,False,3,0.034678579215798887,0.56984068323072801,0.095491521567869386,0.083349862439567463,1.2999398917371134,1.2167611951906112,1.2533092107628385,1.030037131128678,,1.028246830256301,False,False,False,,-1,,,False,1,0.0018685641977862694,0.0020327763277211042,0.034678579215798887,0.0052288121880294256
10000,0,multi,gaussian_matched,0.050000000000000003,663,14,0.050000000000000003,18.596792552645738,>=10%,True,True,4,0.034678579215798887,0.56984068323072801,0.095491521567869386,0.083349862439567463,1.2999398917371134,1.2167611951906112,1.2533092107628385,1.030037131128678,0.98994353415198488,1.028246830256301,True,True,False,2>3>4>1,9,0,0,True,1,0.0018685641977862694,0.0020327763277211042,0.034678579215798887,0.0052288121880294256
10000,0,multi,gaussian_matched,0.050000000000000003,663,15,0.02,18.596792552645738,>=10%,True,False,3,0.021383051777205918,0.55493131800541962,0.048420022939666643,0.054954035569043665,1.2999398917371134,1.2584653285661047,1.2827892426887195,1.0193282354074302,,1.0290808727087626,False,False,False,,-1,,,False,1,0.0020702742828964216,0.016680661456350013,0.021383051777205918,0.0040037907670665406
10000,0,multi,gaussian_matched,0.050000000000000003,663,15,0.050000000000000003,18.596792552645738,>=10%,True,True,4,0.021383051777205918,0.55493131800541962,0.048420022939666643,0.054954035569043665,1.2999398917371134,1.2584653285661047,1.2827892426887195,1.0193282354074302,0.98066399609373855,1.0290808727087626,True,True,False,2>3>4>1,9,0,0,True,1,0.0020702742828964216,0.016680661456350013,0.021383051777205918,0.0040037907670665406
10000,0,multi,gaussian_matched,0.050000000000000003,663,16,0.02,18.596792552645738,>=10%,True,True,4,0.017597035160110058,0.48614700563035379,0.021728520448680851,0.031483043198301308,1.2999398917371134,1.3281203539784792,1.309031729438126,0.98562733830321037,0.96975846478388816,1.0312128900399338,True,True,False,2>3>4>1,9,0,0,True,1,0.0023025308755028027,0.017597035160110058,0.0050929401751556294,0.012410840213709914
10000,0,multi,gaussian_matched,0.050000000000000003,663,16,0.050000000000000003,18.596792552645738,>=10%,True,True,4,0.017597035160110058,0.48614700563035379,0.021728520448680851,0.031483043198301308,1.2999398917371134,1.3281203539784792,1.309031729438126,0.98562733830321037,0.94716696290437474,1.0312128900399338,True,True,False,2>3>4>1,9,0,0,True,1,0.0023025308755028027,0.017597035160110058,0.0050929401751556294,0.012410840213709914
10000,0,multi,gaussian_matched,0.050000000000000003,663,17,0.02,18.596792552645738,>=10%,True,False,1,0.065340737545206876,0.39985289132881485,-0.0098459437301041258,0.11666610628689446,1.2999398917371134,1.416215618747158,1.3414925933156958,0.94723753611927741,,1.1217124029127599,False,False,False,,-1,,,False,1,0.00372996396167529,0.065340737545206876,0.037405141735163634,0.025077886579470958
10000,0,multi,gaussian_matched,0.050000000000000003,663,17,0.050000000000000003,18.596792552645738,>=10%,True,False,3,0.065340737545206876,0.39985289132881485,-0.0098459437301041258,0.11666610628689446,1.2999398917371134,1.416215618747158,1.3414925933156958,0.94723753611927741,,1.1217124029127599,False,False,False,,-1,,,False,1,0.00372996396167529,0.065340737545206876,0.037405141735163634,0.025077886579470958
10000,0,multi,gaussian_matched,0.050000000000000003,663,18,0.02,18.596792552645738,>=10%,True,False,3,0.031660185055627135,0.55745751082888617,0.10190095957901467,0.077427870666021067,1.2999398917371134,1.2230236158638186,1.2511153137582036,1.0229690559773401,,1.0220035502171476,False,False,False,,-1,,,False,1,0.0021710549889092838,0.0046014343739120356,0.031660185055627135,0.0047723536879936863
10000,0,multi,gaussian_matched,0.050000000000000003,663,18,0.050000000000000003,18.596792552645738,>=10%,True,True,4,0.031660185055627135,0.55745751082888617,0.10190095957901467,0.077427870666021067,1.2999398917371134,1.2230236158638186,1.2511153137582036,1.0229690559773401,0.98248034232632953,1.0220035502171476,True,True,False,2>3>4>1,9,0,0,True,1,0.0021710549889092838,0.0046014343739120356,0.031660185055627135,0.0047723536879936863
10000,0,multi,gaussian_matched,0.050000000000000003,663,19,0.02,18.596792552645738,>=10%,True,True,4,0.011820508878909047,0.52362220854480956,0.053706642447537839,0.023911251217122939,1.2999398917371134,1.2788892202590865,1.2841692519186383,1.0041286075258982,0.9882193046310831,1.0062622983188625,True,True,False,2>3>4>1,9,0,0,True,1,0.0005268722444270377,0.0054311963578041571,0.011820508878909047,0.0048976448988482585
10000,0,multi,gaussian_matched,0.050000000000000003,663,19,0.050000000000000003,18.596792552645738,>=10%,True,True,4,0.011820508878909047,0.52362220854480956,0.053706642447537839,0.023911251217122939,1.2999398917371134,1.2788892202590865,1.2841692519186383,1.0041286075258982,0.96473660877682588,1.0062622983188625,True,True,False,2>3>4>1,9,0,0,True,1,0.0005268722444270377,0.0054311963578041571,0.011820508878909047,0.0048976448988482585
10000,0,multi,gaussian_matched,0.050000000000000003,663,20,0.02,18.596792552645738,>=10%,True,False,1,0.068880729094046786,0.3842383121122212,0.03385333213135952,0.11688234796532665,1.2999398917371134,1.4062212253604884,1.3133122031171012,0.93393001003837794,,1.1002005247883075,False,False,False,,-1,,,False,1,0.00053585366111229683,0.068880729094046786,0.039378698814969922,0.024749846548996875
10000,0,multi,gaussian_matched,0.050000000000000003,663,20,0.050000000000000003,18.596792552645738,>=10%,True,False,3,0.068880729094046786,0.3842383121122212,0.03385333213135952,0.11688234796532665,1.2999398917371134,1.4062212253604884,1.3133122031171012,0.93393001003837794,,1.1002005247883075,False,False,False,,-1,,,False,1,0.00053585366111229683,0.068880729094046786,0.039378698814969922,0.024749846548996875
10000,0,multi,gaussian_matched,0.050000000000000003,663,21,0.02,18.596792552645738,>=10%,True,False,3,0.032883405750721149,0.57267055407030465,0.080719342250231571,0.078896688252244995,1.2999398917371134,1.2237946291569388,1.2615565135190114,1.0308563900040046,,1.0311655256459626,False,False,False,,-1,,,False,1,0.0016553470399281096,0.0091520732087869618,0.032883405750721149,0.0026487327065590513
10000,0,multi,gaussian_matched,0.050000000000000003,663,21,0.050000000000000003,18.596792552645738,>=10%,True,True,4,0.032883405750721149,0.57267055407030465,0.080719342250231571,0.078896688252244995,1.2999398917371134,1.2237946291569388,1.2615565135190114,1.0308563900040046,0.99127187970171926,1.0311655256459626,True,True,False,2>3>4>1,9,0,0,True,1,0.0016553470399281096,0.0091520732087869618,0.032883405750721149,0.0026487327065590513
10000,0,multi,gaussian_matched,0.050000000000000003,663,22,0.02,18.596792552645738,>=10%,True,True,4,0.011730892622539034,0.51319092075417139,0.075409605115555459,0.028629502658469138,1.2999398917371134,1.274520368916173,1.2728034825679297,0.99865291572412973,0.98195902123393419,1.0011485865606371,True,True,False,2>3>4>1,9,0,0,True,1,0.0014461927139813643,0.0063599579211303632,0.011730892622539034,0.0028907284593517333
10000,0,multi,gaussian_matched,0.050000000000000003,663,22,0.050000000000000003,18.596792552645738,>=10%,True,True,4,0.011730892622539034,0.51319092075417139,0.075409605115555459,0.028629502658469138,1.2999398917371134,1.274520368916173,1.2728034825679297,0.99865291572412973,0.95829958450929986,1.0011485865606371,True,True,False,2>3>4>1,9,0,0,True,1,0.0014461927139813643,0.0063599579211303632,0.011730892622539034,0.0028907284593517333
10000,0,multi,gaussian_matched,0.050000000000000003,663,23,0.02,18.596792552645738,>=10%,True,True,4,0.0081177174546944973,0.50704426325258323,0.040620724990465415,0.011729980582941068,1.2999398917371134,1.3000095613089393,1.2944326384865317,0.99571009091902951,0.97972906833554518,1.0047869346666822,True,True,False,2>3>4>1,9,0,0,True,1,0.0012000419217797567,0.0033315429360962728,0.0043378085503472915,0.0081177174546944973
10000,0,multi,gaussian_matched,0.050000000000000003,663,23,0.050000000000000003,18.596792552645738,>=10%,True,True,4,0.0081177174546944973,0.50704426325258323,0.040620724990465415,0.011729980582941068,1.2999398917371134,1.3000095613089393,1.2944326384865317,0.99571009091902951,0.95664484809186312,1.0047869346666822,True,True,False,2>3>4>1,9,0,0,True,1,0.0012000419217797567,0.0033315429360962728,0.0043378085503472915,0.0081177174546944973
10000,0,multi,gaussian_matched,0.050000000000000003,663,24,0.02,18.596792552645738,>=10%,True,False,2,0.030862141310399861,0.53065305075244884,0.13907821109809893,0.094204762156006094,1.2999398917371134,1.2278069688079893,1.2316801382297045,1.0031545426277189,,1.0199586217897558,False,False,False,,-1,,,False,1,0.0055243275147999907,0.030862141310399861,0.028995215266779319,0.0047175126181583449
10000,0,multi,gaussian_matched,0.050000000000000003,663,24,0.050000000000000003,18.596792552645738,>=10%,True,True,4,0.030862141310399861,0.53065305075244884,0.13907821109809893,0.094204762156006094,1.2999398917371134,1.2278069688079893,1.2316801382297045,1.0031545426277189,0.96138572689413715,1.0199586217897558,True,True,False,2>3>4>1,9,0,0,True,1,0.0055243275147999907,0.030862141310399861,0.028995215266779319,0.0047175126181583449
10000,0,multi,gaussian_matched,0.050000000000000003,663,25,0.02,18.596792552645738,>=10%,True,False,3,0.024287615790977365,0.46838630088969579,0.035190442848067785,0.034910585135073224,1.2999398917371134,1.3342480910285457,1.3038395446096274,0.97720922621258766,,1.0298554096649231,False,False,False,,-1,,,False,1,0.00080990865747350936,0.024287615790977365,0.0092796573697323734,0.011971766070916701
10000,0,multi,gaussian_matched,0.050000000000000003,663,25,0.050000000000000003,18.596792552645738,>=10%,True,True,4,0.024287615790977365,0.46838630088969579,0.035190442848067785,0.034910585135073224,1.2999398917371134,1.3342480910285457,1.3038395446096274,0.97720922621258766,0.93789188981706728,1.0298554096649231,True,True,False,2>3>4>1,9,0,0,True,1,0.00080990865747350936,0.024287615790977365,0.0092796573697323734,0.011971766070916701
10000,0,multi,gaussian_matched,0.050000000000000003,663,26,0.02,18.596792552645738,>=10%,True,False,3,0.053386975318406298,0.42061603634454214,0.084030842000638567,0.086370781476859865,1.2999398917371134,1.3508138314929843,1.2782854746014909,0.94630765898263602,,1.0497841205986507,False,False,False,,-1,,,False,1,0.0044600305158257591,0.053386975318406298,0.018693264523047821,0.013861297474274462
10000,0,multi,gaussian_matched,0.050000000000000003,663,26,0.050000000000000003,18.596792552645738,>=10%,True,False,3,0.053386975318406298,0.42061603634454214,0.084030842000638567,0.086370781476859865,1.2999398917371134,1.3508138314929843,1.2782854746014909,0.94630765898263602,,1.0497841205986507,False,False,False,,-1,,,False,1,0.0044600305158257591,0.053386975318406298,0.018693264523047821,0.013861297474274462
10000,0,multi,gaussian_matched,0.050000000000000003,663,27,0.02,18.596792552645738,>=10%,True,True,4,0.019877865478411381,0.48113111046751555,0.079281532702548535,0.034834510899387126,1.2999398917371134,1.2995713697913067,1.2750610980146804,0.98113972626177326,0.9635244437228091,1.007658598093832,True,True,False,2>3>4>1,9,0,0,True,1,0.0026980650915130462,0.019877865478411381,0.0015180201764411346,0.0059383221798829568
10000,0,multi,gaussian_matched,0.050000000000000003,663,27,0.050000000000000003,18.596792552645738,>=10%,True,True,4,0.019877865478411381,0.48113111046751555,0.079281532702548535,0.034834510899387126,1.2999398917371134,1.2995713697913067,1.2750610980146804,0.98113972626177326,0.9402509280485376,1.007658598093832,True,True,False,2>3>4>1,9,0,0,True,1,0.0026980650915130462,0.019877865478411381,0.0015180201764411346,0.0059383221798829568
10000,0,multi,gaussian_matched,0.050000000000000003,663,28,0.02,18.596792552645738,>=10%,True,False,3,0.07440286821688509,0.42386364805568416,0.13779513067522153,0.11620984922831606,1.2999398917371134,1.3277062164146076,1.23738600116191,0.9319727405535525,,1.0412757228193159,False,False,False,,-1,,,False,1,0.0086015470074184246,0.07440286821688509,0.012180462765773881,0.011551767729523073
10000,0,multi,gaussian_matched,0.050000000000000003,663,28,0.050000000000000003,18.596792552645738,>=10%,True,False,3,0.07440286821688509,0.42386364805568416,0.13779513067522153,0.11620984922831606,1.2999398917371134,1.3277062164146076,1.23738600116191,0.9319727405535525,,1.0412757228193159,False,False,False,,-1,,,False,1,0.0086015470074184246,0.07440286821688509,0.012180462765773881,0.011551767729523073
10000,0,multi,gaussian_matched,0.050000000000000003,663,29,0.02,18.596792552645738,>=10%,True,False,3,0.023088175228469114,0.4693657281027499,0.066102130956626967,0.034608340555695699,1.2999398917371134,1.3164399637512367,1.2848560816740824,0.97600811055055248,,1.0150195640712079,False,False,False,,-1,,,False,1,0.0018750853751455419,0.023088175228469114,0.0045683397825124917,0.0084446298425108705
10000,0,multi,gaussian_matched,0.050000000000000003,663,29,0.050000000000000003,18.596792552645738,>=10%,True,True,4,0.023088175228469114,0.4693657281027499,0.066102130956626967,0.034608340555695699,1.2999398917371134,1.3164399637512367,1.2848560816740824,0.97600811055055248,0.93544420599822864,1.0150195640712079,True,True,False,2>3>4>1,9,0,0,True,1,0.0018750853751455419,0.023088175228469114,0.0045683397825124917,0.0084446298425108705
10000,0,multi,gaussian_matched,0.050000000000000003,663,30,0.02,18.596792552645738,>=10%,True,True,4,0.014502988774055103,0.49525927645575446,0.080909256405024943,0.03127069860483675,1.2999398917371134,1.2866244992675819,1.2720559415487154,0.98867691566019478,0.97140141890956844,1.0026053115516849,True,True,False,2>3>4>1,9,0,0,True,1,0.0024144550325696725,0.014502988774055103,0.0065563095676956827,0.0042159528306473923
10000,0,multi,gaussian_matched,0.050000000000000003,663,30,0.050000000000000003,18.596792552645738,>=10%,True,True,4,0.014502988774055103,0.49525927645575446,0.080909256405024943,0.03127069860483675,1.2999398917371134,1.2866244992675819,1.2720559415487154,0.98867691566019478,0.9479066799281789,1.0026053115516849,True,True,False,2>3>4>1,9,0,0,True,1,0.0024144550325696725,0.014502988774055103,0.0065563095676956827,0.0042159528306473923
10000,0,multi,gaussian_matched,0.050000000000000003,663,31,0.02,18.596792552645738,>=10%,True,False,2,0.030627813198162993,0.52514855931612059,0.1353597204780719,0.088987257041505688,1.2999398917371134,1.2343696212521371,1.2345805163300432,1.0001708524531672,,1.0181761339771345,False,False,False,,-1,,,False,1,0.0055036254768450893,0.030627813198162993,0.026336179474935884,0.003712286052047261
10000,0,multi,gaussian_matched,0.050000000000000003,663,31,0.050000000000000003,18.596792552645738,>=10%,True,True,4,0.030627813198162993,0.52514855931612059,0.1353597204780719,0.088987257041505688,1.2999398917371134,1.2343696212521371,1.2345805163300432,1.0001708524531672,0.95838554515935948,1.0181761339771345,True,True,False,2>3>4>1,9,0,0,True,1,0.0055036254768450893,0.030627813198162993,0.026336179474935884,0.003712286052047261
