budget,seed,mode,init_name,init_sigma,layout_index,draw_id,tolerance,gap_percent,gap_bin,numeric_valid,success,visited_count,worst_distance,initial_x,initial_y,initial_offset,optimal_nominal,optimal_sampled_start,path_length,path_length_ratio_sampled_start,completion_length_ratio_sampled_start,path_plus_connector_ratio_nominal,success_with_connector,order_evaluable,order_ambiguous,actual_order,order_class,order_excess_nominal_percent,order_excess_sampled_start_percent,success_nearopt_order,available_nearopt_center_orders,target_1_distance,target_2_distance,target_3_distance,target_4_distance
10000,0,multi,gaussian_matched,0.050000000000000003,456,0,0.02,15.882426429631627,>=10%,True,False,3,0.032957892771622789,0.55144147427734991,0.025138115581417486,0.057134390455050872,1.1915547812635099,1.2028672920926147,1.1999113696743788,0.99754260304717945,,1.0549626252151614,False,False,False,,-1,,,False,1,0.0061207248260415443,0.0007332732087000092,0.032957892771622789,0.009301371504013901
10000,0,multi,gaussian_matched,0.050000000000000003,456,0,0.050000000000000003,15.882426429631627,>=10%,True,True,4,0.032957892771622789,0.55144147427734991,0.025138115581417486,0.057134390455050872,1.1915547812635099,1.2028672920926147,1.1999113696743788,0.99754260304717945,0.95118913074939981,1.0549626252151614,True,True,False,1>3>4>2,3,0,0,True,1,0.0061207248260415443,0.0007332732087000092,0.032957892771622789,0.009301371504013901
10000,0,multi,gaussian_matched,0.050000000000000003,456,1,0.02,15.882426429631627,>=10%,True,False,3,0.020345246840366621,0.47579251352276425,0.012743518669057922,0.044430257738487036,1.1915547812635099,1.2347204702413794,1.2170141762396924,0.9856596740489566,,1.0586541666515403,False,False,False,,-1,,,False,1,0.020345246840366621,0.0045331316132048004,0.0030244533501210722,0.0076179645839202555
10000,0,multi,gaussian_matched,0.050000000000000003,456,1,0.050000000000000003,15.882426429631627,>=10%,True,True,4,0.020345246840366621,0.47579251352276425,0.012743518669057922,0.044430257738487036,1.1915547812635099,1.2347204702413794,1.2170141762396924,0.9856596740489566,0.94782965089529958,1.0586541666515403,True,True,False,1>3>4>2,3,0,0,True,1,0.020345246840366621,0.0045331316132048004,0.0030244533501210722,0.0076179645839202555
10000,0,multi,gaussian_matched,0.050000000000000003,456,2,0.02,15.882426429631627,>=10%,True,False,2,0.049103771679733323,0.56414982712248141,0.075033742951954863,0.068861372379795047,1.1915547812635099,1.1515246373161849,1.1548901241560163,1.0029226355483589,,1.0270207595811587,False,False,False,,-1,,,False,1,0.026578445792008732,0.0037340708450784889,0.049103771679733323,0.012279433524338969
10000,0,multi,gaussian_matched,0.050000000000000003,456,2,0.050000000000000003,15.882426429631627,>=10%,True,True,4,0.049103771679733323,0.56414982712248141,0.075033742951954863,0.068861372379795047,1.1915547812635099,1.1515246373161849,1.1548901241560163,1.0029226355483589,0.95348010955154106,1.0270207595811587,True,True,False,1>3>4>2,3,0,0,True,1,0.026578445792008732,0.0037340708450784889,0.049103771679733323,0.012279433524338969
10000,0,multi,gaussian_matched,0.050000000000000003,456,3,0.02,15.882426429631627,>=10%,True,False,3,0.031473385318174875,0.48050766058559025,-0.025747663010432381,0.078215470000432635,1.1915547812635099,1.2696030068546853,1.2458821607946882,0.98131632807111635,,1.1112352126950169,False,False,False,,-1,,,False,1,0.031473385318174875,0.0065986302388995211,0.000111907252689231,0.014415602684222416
10000,0,multi,gaussian_matched,0.050000000000000003,456,3,0.050000000000000003,15.882426429631627,>=10%,True,True,4,0.031473385318174875,0.48050766058559025,-0.025747663010432381,0.078215470000432635,1.1915547812635099,1.2696030068546853,1.2458821607946882,0.98131632807111635,0.94531331927833795,1.1112352126950169,True,True,False,1>3>4>2,3,0,0,True,1,0.031473385318174875,0.0065986302388995211,0.000111907252689231,0.014415602684222416
10000,0,multi,gaussian_matched,0.050000000000000003,456,4,0.02,15.882426429631627,>=10%,True,True,4,0.015722133677218954,0.4965362212198649,0.054373627812489889,0.0055791024080849459,1.1915547812635099,1.1885386141146788,1.1831793217373687,0.99549085548112204,0.97844225305787713,0.99765318627223243,True,True,False,1>3>4>2,3,0,0,True,1,4.5660057540086058e-05,0.00014511340135179505,0.015722133677218954,3.1654963856306365e-05
10000,0,multi,gaussian_matched,0.050000000000000003,456,4,0.050000000000000003,15.882426429631627,>=10%,True,True,4,0.015722133677218954,0.4965362212198649,0.054373627812489889,0.0055791024080849459,1.1915547812635099,1.1885386141146788,1.1831793217373687,0.99549085548112204,0.95320096722057412,0.99765318627223243,True,True,False,1>3>4>2,3,0,0,True,1,4.5660057540086058e-05,0.00014511340135179505,0.015722133677218954,3.1654963856306365e-05
10000,0,multi,gaussian_matched,0.050000000000000003,456,5,0.02,15.882426429631627,>=10%,True,False,3,0.060781790145257031,0.37859893127358446,0.11638841123340017,0.13836777310490664,1.1915547812635099,1.1922574215905548,1.144090751680223,0.95960044446938808,,1.0762900245553348,False,False,False,,-1,,,False,1,0.060781790145257031,0.0087940446081236912,0.0025064099350159308,0.015262462065221321
10000,0,multi,gaussian_matched,0.050000000000000003,456,5,0.050000000000000003,15.882426429631627,>=10%,True,False,3,0.060781790145257031,0.37859893127358446,0.11638841123340017,0.13836777310490664,1.1915547812635099,1.1922574215905548,1.144090751680223,0.95960044446938808,,1.0762900245553348,False,False,False,,-1,,,False,1,0.060781790145257031,0.0087940446081236912,0.0025064099350159308,0.015262462065221321
10000,0,multi,gaussian_matched,0.050000000000000003,456,6,0.02,15.882426429631627,>=10%,True,True,4,0.015574087785529813,0.50618924476747662,-0.0030438185714873542,0.053403683762794904,1.1915547812635099,1.2404760427878903,1.2270357478047798,0.98916521196741192,0.97345529656128282,1.0745955214999117,True,True,False,1>3>4>2,3,0,0,True,1,0.015574087785529813,0.0037301019373150862,0.011507893316939794,0.010469582945227684
10000,0,multi,gaussian_matched,0.050000000000000003,456,6,0.050000000000000003,15.882426429631627,>=10%,True,True,4,0.015574087785529813,0.50618924476747662,-0.0030438185714873542,0.053403683762794904,1.1915547812635099,1.2404760427878903,1.2270357478047798,0.98916521196741192,0.94911760544875301,1.0745955214999117,True,True,False,1>3>4>2,3,0,0,True,1,0.015574087785529813,0.0037301019373150862,0.011507893316939794,0.010469582945227684
10000,0,multi,gaussian_matched,0.050000000000000003,456,7,0.02,15.882426429631627,>=10%,True,False,3,0.045497029246508183,0.57329569845132911,0.042195382783881089,0.073710049934580205,1.1915547812635099,1.1826449729211965,1.1826998087705993,1.0000463671267865,,1.0544289515358229,False,False,False,,-1,,,False,1,0.017075750162803757,0.0011186885639082767,0.045497029246508183,0.01230721258230613
10000,0,multi,gaussian_matched,0.050000000000000003,456,7,0.050000000000000003,15.882426429631627,>=10%,True,True,4,0.045497029246508183,0.57329569845132911,0.042195382783881089,0.073710049934580205,1.1915547812635099,1.1826449729211965,1.1826998087705993,1.0000463671267865,0.95127714371381022,1.0544289515358229,True,True,False,1>3>4>2,3,0,0,True,1,0.017075750162803757,0.0011186885639082767,0.045497029246508183,0.01230721258230613
10000,0,multi,gaussian_matched,0.050000000000000003,456,8,0.02,15.882426429631627,>=10%,True,False,3,0.065229707176727159,0.54852877256180921,0.15069498972230294,0.11177890105708903,1.1915547812635099,1.0810142379117851,1.0882783831436145,1.006719749821114,,1.0071356374636655,False,False,False,,-1,,,False,1,0.016482241640809407,0.0098581590394510067,0.065229707176727159,0.016566124706615271
10000,0,multi,gaussian_matched,0.050000000000000003,456,8,0.050000000000000003,15.882426429631627,>=10%,True,False,3,0.065229707176727159,0.54852877256180921,0.15069498972230294,0.11177890105708903,1.1915547812635099,1.0810142379117851,1.0882783831436145,1.006719749821114,,1.0071356374636655,False,False,False,,-1,,,False,1,0.016482241640809407,0.0098581590394510067,0.065229707176727159,0.016566124706615271
10000,0,multi,gaussian_matched,0.050000000000000003,456,9,0.02,15.882426429631627,>=10%,True,False,3,0.032993049332124338,0.56803879307250893,-0.017786179257436613,0.09604292509646413,1.1915547812635099,1.2428100804691204,1.2340463428166739,0.99294844981532615,,1.1162636320444519,False,False,False,,-1,,,False,1,0.0050738201517179383,0.0037647813221018882,0.032993049332124338,0.01630248180269633
10000,0,multi,gaussian_matched,0.050000000000000003,456,9,0.050000000000000003,15.882426429631627,>=10%,True,True,4,0.032993049332124338,0.56803879307250893,-0.017786179257436613,0.09604292509646413,1.1915547812635099,1.2428100804691204,1.2340463428166739,0.99294844981532615,0.9476276427033733,1.1162636320444519,True,True,False,1>3>4>2,3,0,0,True,1,0.0050738201517179383,0.0037647813221018882,0.032993049332124338,0.01630248180269633
10000,0,multi,gaussian_matched,0.050000000000000003,456,10,0.02,15.882426429631627,>=10%,True,False,3,0.030034310471673261,0.55386893643437529,0.00020462655858683593,0.073358309200393657,1.1915547812635099,1.2270248504924628,1.2203438868105803,0.99455515209883394,,1.085726159093708,False,False,False,,-1,,,False,1,0.0019497068789662217,0.0026322946131651214,0.030034310471673261,0.01230864973200037
10000,0,multi,gaussian_matched,0.050000000000000003,456,10,0.050000000000000003,15.882426429631627,>=10%,True,True,4,0.030034310471673261,0.55386893643437529,0.00020462655858683593,0.073358309200393657,1.1915547812635099,1.2270248504924628,1.2203438868105803,0.99455515209883394,0.9493633358493454,1.085726159093708,True,True,False,1>3>4>2,3,0,0,True,1,0.0019497068789662217,0.0026322946131651214,0.030034310471673261,0.01230864973200037
10000,0,multi,gaussian_matched,0.050000000000000003,456,11,0.02,15.882426429631627,>=10%,True,False,2,0.043502713151887924,0.53803947058363455,0.1008076797586336,0.063469848311927327,1.1915547812635099,1.1319018772109175,1.1368500161837451,1.004371526430383,,1.0073560052546373,False,False,False,,-1,,,False,1,0.020535779873667618,0.0052610010723235607,0.043502713151887924,0.0095900677829023825
10000,0,multi,gaussian_matched,0.050000000000000003,456,11,0.050000000000000003,15.882426429631627,>=10%,True,True,4,0.043502713151887924,0.53803947058363455,0.1008076797586336,0.063469848311927327,1.1915547812635099,1.1319018772109175,1.1368500161837451,1.004371526430383,0.95599024010606903,1.0073560052546373,True,True,False,1>3>4>2,3,0,0,True,1,0.020535779873667618,0.0052610010723235607,0.043502713151887924,0.0095900677829023825
10000,0,multi,gaussian_matched,0.050000000000000003,456,12,0.02,15.882426429631627,>=10%,True,False,3,0.032954861160093343,0.42823244820714973,0.04638332887268589,0.071858623702257152,1.1915547812635099,1.2232467131066329,1.1939456052226733,0.9760464446215068,,1.0623130793723872,False,False,False,,-1,,,False,1,0.032954861160093343,0.0073192478931263056,0.0078838010503486187,0.0013833816004924773
10000,0,multi,gaussian_matched,0.050000000000000003,456,12,0.050000000000000003,15.882426429631627,>=10%,True,True,4,0.032954861160093343,0.42823244820714973,0.04638332887268589,0.071858623702257152,1.1915547812635099,1.2232467131066329,1.1939456052226733,0.9760464446215068,0.94096075312580774,1.0623130793723872,True,True,False,1>3>4>2,3,0,0,True,1,0.032954861160093343,0.0073192478931263056,0.0078838010503486187,0.0013833816004924773
10000,0,multi,gaussian_matched,0.050000000000000003,456,13,0.02,15.882426429631627,>=10%,True,False,3,0.039959136108563865,0.53074485415585215,0.10083592730543933,0.059409911311737638,1.1915547812635099,1.1338400946387419,1.1384388943684374,1.0040559508800584,,1.0052821947556545,False,False,False,,-1,,,False,1,0.017446094339702158,0.0049927737664659504,0.039959136108563865,0.0079855755288125562
10000,0,multi,gaussian_matched,0.050000000000000003,456,13,0.050000000000000003,15.882426429631627,>=10%,True,True,4,0.039959136108563865,0.53074485415585215,0.10083592730543933,0.059409911311737638,1.1915547812635099,1.1338400946387419,1.1384388943684374,1.0040559508800584,0.95626984620624111,1.0052821947556545,True,True,False,1>3>4>2,3,0,0,True,1,0.017446094339702158,0.0049927737664659504,0.039959136108563865,0.0079855755288125562
10000,0,multi,gaussian_matched,0.050000000000000003,456,14,0.02,15.882426429631627,>=10%,True,False,3,0.023346273435467902,0.50457646253061239,0.080360400220382835,0.030703385983241672,1.1915547812635099,1.1613553472738647,1.1611437620803051,0.99981781184022944,,1.0002453658066204,False,False,False,,-1,,,False,1,0.0084148823419645767,0.0021275528259711634,0.023346273435467902,0.00016007268906036352
10000,0,multi,gaussian_matched,0.050000000000000003,456,14,0.050000000000000003,15.882426429631627,>=10%,True,True,4,0.023346273435467902,0.50457646253061239,0.080360400220382835,0.030703385983241672,1.1915547812635099,1.1613553472738647,1.1611437620803051,0.99981781184022944,0.95537292830997533,1.0002453658066204,True,True,False,1>3>4>2,3,0,0,True,1,0.0084148823419645767,0.0021275528259711634,0.023346273435467902,0.00016007268906036352
10000,0,multi,gaussian_matched,0.050000000000000003,456,15,0.02,15.882426429631627,>=10%,True,False,3,0.03808002900571282,0.48665288533629159,-0.051719733583712069,0.1025916647208122,1.1915547812635099,1.2926394711529829,1.2655158649294376,0.97901688225615435,,1.1481700641572901,False,False,False,,-1,,,False,1,0.03808002900571282,0.0078019798536187951,0.00067451240271000754,0.019030846529787253
10000,0,multi,gaussian_matched,0.050000000000000003,456,15,0.050000000000000003,15.882426429631627,>=10%,True,True,4,0.03808002900571282,0.48665288533629159,-0.051719733583712069,0.1025916647208122,1.1915547812635099,1.2926394711529829,1.2655158649294376,0.97901688225615435,0.94401977754933375,1.1481700641572901,True,True,False,1>3>4>2,3,0,0,True,1,0.03808002900571282,0.0078019798536187951,0.00067451240271000754,0.019030846529787253
10000,0,multi,gaussian_matched,0.050000000000000003,456,16,0.02,15.882426429631627,>=10%,True,False,3,0.031718907086176473,0.52622251125274599,0.075882068686346296,0.036844288239632712,1.1915547812635099,1.1590724039273905,1.1609479317977316,1.0016181283101782,,1.0052347058414219,False,False,False,,-1,,,False,1,0.01651888639715509,0.0026423345195739699,0.031718907086176473,0.0045179078992495861
10000,0,multi,gaussian_matched,0.050000000000000003,456,16,0.050000000000000003,15.882426429631627,>=10%,True,True,4,0.031718907086176473,0.52622251125274599,0.075882068686346296,0.036844288239632712,1.1915547812635099,1.1590724039273905,1.1609479317977316,1.0016181283101782,0.95518974767817755,1.0052347058414219,True,True,False,1>3>4>2,3,0,0,True,1,0.01651888639715509,0.0026423345195739699,0.031718907086176473,0.0045179078992495861
10000,0,multi,gaussian_matched,0.050000000000000003,456,17,0.02,15.882426429631627,>=10%,True,False,3,0.031385473098865725,0.45660657546269051,0.0020590372283572841,0.064663167294428184,1.1915547812635099,1.2515655356706272,1.2256973347122113,0.97933132527130917,,1.0829216770364156,False,False,False,,-1,,,False,1,0.031385473098865725,0.0070211756992377148,0.0045038883399228045,0.0093430404621074117
10000,0,multi,gaussian_matched,0.050000000000000003,456,17,0.050000000000000003,15.882426429631627,>=10%,True,True,4,0.031385473098865725,0.45660657546269051,0.0020590372283572841,0.064663167294428184,1.1915547812635099,1.2515655356706272,1.2256973347122113,0.97933132527130917,0.94408366302068081,1.0829216770364156,True,True,False,1>3>4>2,3,0,0,True,1,0.031385473098865725,0.0070211756992377148,0.0045038883399228045,0.0093430404621074117
10000,0,multi,gaussian_matched,0.050000000000000003,456,18,0.02,15.882426429631627,>=10%,True,False,3,0.076042590803475599,0.54778360500917511,0.17979337191117289,0.13830976935757253,1.1915547812635099,1.0533367593598879,1.0606032541711032,1.0068985485853843,,1.0061753285546498,False,False,False,,-1,,,False,1,0.010469973652681909,0.012188455199861083,0.076042590803475599,0.01918666703181908
10000,0,multi,gaussian_matched,0.050000000000000003,456,18,0.050000000000000003,15.882426429631627,>=10%,True,False,3,0.076042590803475599,0.54778360500917511,0.17979337191117289,0.13830976935757253,1.1915547812635099,1.0533367593598879,1.0606032541711032,1.0068985485853843,,1.0061753285546498,False,False,False,,-1,,,False,1,0.010469973652681909,0.012188455199861083,0.076042590803475599,0.01918666703181908
10000,0,multi,gaussian_matched,0.050000000000000003,456,19,0.02,15.882426429631627,>=10%,True,False,3,0.031849442229142086,0.53304825041450821,0.062022075589187653,0.035166989591549964,1.1915547812635099,1.1706947782590862,1.1714868390557471,1.0006765732720178,,1.012671719018891,False,False,False,,-1,,,False,1,0.014096538780441745,0.0017318814375567315,0.031849442229142086,0.0052016841283829196
10000,0,multi,gaussian_matched,0.050000000000000003,456,19,0.050000000000000003,15.882426429631627,>=10%,True,True,4,0.031849442229142086,0.53304825041450821,0.062022075589187653,0.035166989591549964,1.1915547812635099,1.1706947782590862,1.1714868390557471,1.0006765732720178,0.954209519575697,1.012671719018891,True,True,False,1>3>4>2,3,0,0,True,1,0.014096538780441745,0.0017318814375567315,0.031849442229142086,0.0052016841283829196
10000,0,multi,gaussian_matched,0.050000000000000003,456,20,0.02,15.882426429631627,>=10%,True,False,3,0.021411397169940775,0.48099607286299811,0.0037599461692835595,0.04999291774737729,1.1915547812635099,1.2414505809024554,1.223502104082417,0.98554233483302167,,1.0687674976045969,False,False,False,,-1,,,False,1,0.021411397169940775,0.0046630129742268054,0.0036797698758533181,0.0092185715302958646
10000,0,multi,gaussian_matched,0.050000000000000003,456,20,0.050000000000000003,15.882426429631627,>=10%,True,True,4,0.021411397169940775,0.48099607286299811,0.0037599461692835595,0.04999291774737729,1.1915547812635099,1.2414505809024554,1.223502104082417,0.98554233483302167,0.94770631805711825,1.0687674976045969,True,True,False,1>3>4>2,3,0,0,True,1,0.021411397169940775,0.0046630129742268054,0.0036797698758533181,0.0092185715302958646
10000,0,multi,gaussian_matched,0.050000000000000003,456,21,0.02,15.882426429631627,>=10%,True,False,3,0.021651197686174607,0.49088959704930235,0.098733172276891684,0.049577429563192207,1.1915547812635099,1.1491071228754284,1.1486655444674723,0.99961572041529845,,1.0056129964583436,False,False,False,,-1,,,False,1,0.0011162803183645163,0.0030544719437536963,0.021651197686174607,0.0017889763365423127
10000,0,multi,gaussian_matched,0.050000000000000003,456,21,0.050000000000000003,15.882426429631627,>=10%,True,True,4,0.021651197686174607,0.49088959704930235,0.098733172276891684,0.049577429563192207,1.1915547812635099,1.1491071228754284,1.1486655444674723,0.99961572041529845,0.9557351293988986,1.0056129964583436,True,True,False,1>3>4>2,3,0,0,True,1,0.0011162803183645163,0.0030544719437536963,0.021651197686174607,0.0017889763365423127
10000,0,multi,gaussian_matched,0.050000000000000003,456,22,0.02,15.882426429631627,>=10%,True,False,3,0.024376465018039077,0.52348772078520045,0.042854652485285361,0.024550540091606458,1.1915547812635099,1.1916475355357754,1.1888243817889212,0.99763088189866067,,1.0183123268523835,False,False,False,,-1,,,False,1,0.004967490241596235,0.0001473424356125883,0.024376465018039077,0.003793760736950768
10000,0,multi,gaussian_matched,0.050000000000000003,456,22,0.050000000000000003,15.882426429631627,>=10%,True,True,4,0.024376465018039077,0.52348772078520045,0.042854652485285361,0.024550540091606458,1.1915547812635099,1.1916475355357754,1.1888243817889212,0.99763088189866067,0.95307906084875516,1.0183123268523835,True,True,False,1>3>4>2,3,0,0,True,1,0.004967490241596235,0.0001473424356125883,0.024376465018039077,0.003793760736950768
10000,0,multi,gaussian_matched,0.050000000000000003,456,23,0.02,15.882426429631627,>=10%,True,False,2,0.047637753025782166,0.55224758940423901,0.09079605964890404,0.066288227321530377,1.1915547812635099,1.1382976572171943,1.1428711305135517,1.0040178184215349,,1.0147744584205391,False,False,False,,-1,,,False,1,0.02807216060146794,0.0048186860811447532,0.047637753025782166,0.011479834412647362
10000,0,multi,gaussian_matched,0.050000000000000003,456,23,0.050000000000000003,15.882426429631627,>=10%,True,True,4,0.047637753025782166,0.55224758940423901,0.09079605964890404,0.066288227321530377,1.1915547812635099,1.1382976572171943,1.1428711305135517,1.0040178184215349,0.95487548617939322,1.0147744584205391,True,True,False,1>3>4>2,3,0,0,True,1,0.02807216060146794,0.0048186860811447532,0.047637753025782166,0.011479834412647362
10000,0,multi,gaussian_matched,0.050000000000000003,456,24,0.02,15.882426429631627,>=10%,True,False,3,0.042363804418258821,0.56099947737413913,0.052758749292525942,0.061061828809634622,1.1915547812635099,1.1740129551850249,1.1750878319949487,1.0009155578779405,,1.0374257904397695,False,False,False,,-1,,,False,1,0.018037110107365376,0.0017758859320462321,0.042363804418258821,0.010402217607054329
10000,0,multi,gaussian_matched,0.050000000000000003,456,24,0.050000000000000003,15.882426429631627,>=10%,True,True,4,0.042363804418258821,0.56099947737413913,0.052758749292525942,0.061061828809634622,1.1915547812635099,1.1740129551850249,1.1750878319949487,1.0009155578779405,0.95251694101041151,1.0374257904397695,True,True,False,1>3>4>2,3,0,0,True,1,0.018037110107365376,0.0017758859320462321,0.042363804418258821,0.010402217607054329
10000,0,multi,gaussian_matched,0.050000000000000003,456,25,0.02,15.882426429631627,>=10%,True,False,3,0.030345186540210255,0.52533421511299416,0.071267384108891135,0.033077546496476679,1.1915547812635099,1.1637546947070327,1.1650085523465301,1.0010774243448384,,1.0054813405830751,False,False,False,,-1,,,False,1,0.01483523076057954,0.0022177407622107283,0.030345186540210255,0.0039883362099192021
10000,0,multi,gaussian_matched,0.050000000000000003,456,25,0.050000000000000003,15.882426429631627,>=10%,True,True,4,0.030345186540210255,0.52533421511299416,0.071267384108891135,0.033077546496476679,1.1915547812635099,1.1637546947070327,1.1650085523465301,1.0010774243448384,0.95493858576992718,1.0054813405830751,True,True,False,1>3>4>2,3,0,0,True,1,0.01483523076057954,0.0022177407622107283,0.030345186540210255,0.0039883362099192021
10000,0,multi,gaussian_matched,0.050000000000000003,456,26,0.02,15.882426429631627,>=10%,True,False,3,0.044471586904779391,0.57139973681784362,0.041232600489344316,0.071936011231071045,1.1915547812635099,1.1838490254114247,1.1837702185264594,0.99993343164265569,,1.0538384382344512,False,False,False,,-1,,,False,1,0.016324543634666323,0.0010087187338326919,0.044471586904779391,0.011997864420685395
10000,0,multi,gaussian_matched,0.050000000000000003,456,26,0.050000000000000003,15.882426429631627,>=10%,True,True,4,0.044471586904779391,0.57139973681784362,0.041232600489344316,0.071936011231071045,1.1915547812635099,1.1838490254114247,1.1837702185264594,0.99993343164265569,0.95132326704903092,1.0538384382344512,True,True,False,1>3>4>2,3,0,0,True,1,0.016324543634666323,0.0010087187338326919,0.044471586904779391,0.011997864420685395
10000,0,multi,gaussian_matched,0.050000000000000003,456,27,0.02,15.882426429631627,>=10%,True,False,3,0.023529573304801949,0.52123577927432052,0.043221196700816242,0.022291489307731005,1.1915547812635099,1.1918777043161799,1.1888292961113254,0.9974423481588629,,1.0164205661906698,False,False,False,,-1,,,False,1,0.0044501185015691259,0.00019176555025337121,0.023529573304801949,0.0034702818233362516
10000,0,multi,gaussian_matched,0.050000000000000003,456,27,0.050000000000000003,15.882426429631627,>=10%,True,True,4,0.023529573304801949,0.52123577927432052,0.043221196700816242,0.022291489307731005,1.1915547812635099,1.1918777043161799,1.1888292961113254,0.9974423481588629,0.95310896332544681,1.0164205661906698,True,True,False,1>3>4>2,3,0,0,True,1,0.0044501185015691259,0.00019176555025337121,0.023529573304801949,0.0034702818233362516
10000,0,multi,gaussian_matched,0.050000000000000003,456,28,0.02,15.882426429631627,>=10%,True,False,3,0.020663428350717387,0.44273218651697649,0.091955822296187928,0.070992207217945191,1.1915547812635099,1.1762752027164143,1.1604372383703092,0.98653549415176833,,1.0334643987433476,False,False,False,,-1,,,False,1,0.020663428350717387,0.00446294432143211,0.0034725030328524903,0.0065019664386455969
10000,0,multi,gaussian_matched,0.050000000000000003,456,28,0.050000000000000003,15.882426429631627,>=10%,True,True,4,0.020663428350717387,0.44273218651697649,0.091955822296187928,0.070992207217945191,1.1915547812635099,1.1762752027164143,1.1604372383703092,0.98653549415176833,0.94773467905690512,1.0334643987433476,True,True,False,1>3>4>2,3,0,0,True,1,0.020663428350717387,0.00446294432143211,0.0034725030328524903,0.0065019664386455969
10000,0,multi,gaussian_matched,0.050000000000000003,456,29,0.02,15.882426429631627,>=10%,True,True,4,0.011599509748153344,0.49999880540580977,0.015171373819214649,0.034828626201272167,1.1915547812635099,1.2247231494749049,1.2133894595138091,0.99074591676824664,0.97484803855430635,1.047554090959617,True,True,False,1>3>4>2,3,0,0,True,1,0.011308983443362624,0.0027201438240495508,0.011599509748153344,0.0070729108161930289
10000,0,multi,gaussian_matched,0.050000000000000003,456,29,0.050000000000000003,15.882426429631627,>=10%,True,True,4,0.011599509748153344,0.49999880540580977,0.015171373819214649,0.034828626201272167,1.1915547812635099,1.2247231494749049,1.2133894595138091,0.99074591676824664,0.95027159976522946,1.047554090959617,True,True,False,1>3>4>2,3,0,0,True,1,0.011308983443362624,0.0027201438240495508,0.011599509748153344,0.0070729108161930289
10000,0,multi,gaussian_matched,0.050000000000000003,456,30,0.02,15.882426429631627,>=10%,True,False,3,0.037662334175845462,0.51543403286623024,0.11850653177763255,0.07022360192069084,1.1915547812635099,1.1217784499748586,1.1264856016268601,1.0041961508995889,,1.0043257954775484,False,False,False,,-1,,,False,1,0.0079193554658424144,0.0059196288546875036,0.037662334175845462,0.0063840897342349826
10000,0,multi,gaussian_matched,0.050000000000000003,456,30,0.050000000000000003,15.882426429631627,>=10%,True,True,4,0.037662334175845462,0.51543403286623024,0.11850653177763255,0.07022360192069084,1.1915547812635099,1.1217784499748586,1.1264856016268601,1.0041961508995889,0.95716750482128377,1.0043257954775484,True,True,False,1>3>4>2,3,0,0,True,1,0.0079193554658424144,0.0059196288546875036,0.037662334175845462,0.0063840897342349826
10000,0,multi,gaussian_matched,0.050000000000000003,456,31,0.02,15.882426429631627,>=10%,True,False,3,0.028535617804791105,0.46319821570936376,0.002480027894344497,0.060104235091188021,1.1915547812635099,1.2487567795280503,1.225234754484275,0.98116364577202531,,1.0787074247753052,False,False,False,,-1,,,False,1,0.028535617804791105,0.0063419859314659899,0.0023245340885015282,0.0093581393072626126
10000,0,multi,gaussian_matched,0.050000000000000003,456,31,0.050000000000000003,15.882426429631627,>=10%,True,True,4,0.028535617804791105,0.46319821570936376,0.002480027894344497,0.060104235091188021,1.1915547812635099,1.2487567795280503,1.225234754484275,0.98116364577202531,0.94521594619536842,1.0787074247753052,True,True,False,1>3>4>2,3,0,0,True,1,0.028535617804791105,0.0063419859314659899,0.0023245340885015282,0.0093581393072626126
10000,0,multi,gaussian_matched,0.050000000000000003,457,0,0.02,1.0546241027059373,1-<5%,True,False,2,0.17256979895811692,0.51222554352373428,0.13896100783262491,0.089797131519036122,1.4230604606315629,1.381425713448436,1.2999256818561431,0.94100295745267015,,0.97657327416602646,False,False,False,,-1,,,False,3,0.03883675021485191,0.012203780858124048,0.0078460605370944472,0.17256979895811692
10000,0,multi,gaussian_matched,0.050000000000000003,457,0,0.050000000000000003,1.0546241027059373,1-<5%,True,False,3,0.17256979895811692,0.51222554352373428,0.13896100783262491,0.089797131519036122,1.4230604606315629,1.381425713448436,1.2999256818561431,0.94100295745267015,,0.97657327416602646,False,False,False,,-1,,,False,3,0.03883675021485191,0.012203780858124048,0.0078460605370944472,0.17256979895811692
10000,0,multi,gaussian_matched,0.050000000000000003,457,1,0.02,1.0546241027059373,1-<5%,True,False,1,0.1101048526650015,0.57444562318028969,0.052775665426502492,0.074497349813678379,1.4230604606315629,1.45523348182651,1.3723259064071351,0.94302799072811672,,1.0166983738545476,False,False,False,,-1,,,False,3,0.038197166393174616,0.004291172545836673,0.027483062073284902,0.1101048526650015
10000,0,multi,gaussian_matched,0.050000000000000003,457,1,0.050000000000000003,1.0546241027059373,1-<5%,True,False,3,0.1101048526650015,0.57444562318028969,0.052775665426502492,0.074497349813678379,1.4230604606315629,1.45523348182651,1.3723259064071351,0.94302799072811672,,1.0166983738545476,False,False,False,,-1,,,False,3,0.038197166393174616,0.004291172545836673,0.027483062073284902,0.1101048526650015
10000,0,multi,gaussian_matched,0.050000000000000003,457,2,0.02,1.0546241027059373,1-<5%,True,False,2,0.13343075310160318,0.51952530903092264,0.10150994392322794,0.055086404999120396,1.4230604606315629,1.4074481244700925,1.3693197302242974,0.97290955625085618,,1.0009456201117819,False,False,False,,-1,,,False,3,0.025009312106187214,0.003157303197346788,0.0061752632071728477,0.13343075310160318
10000,0,multi,gaussian_matched,0.050000000000000003,457,2,0.050000000000000003,1.0546241027059373,1-<5%,True,False,3,0.13343075310160318,0.51952530903092264,0.10150994392322794,0.055086404999120396,1.4230604606315629,1.4074481244700925,1.3693197302242974,0.97290955625085618,,1.0009456201117819,False,False,False,,-1,,,False,3,0.025009312106187214,0.003157303197346788,0.0061752632071728477,0.13343075310160318
10000,0,multi,gaussian_matched,0.050000000000000003,457,3,0.02,1.0546241027059373,1-<5%,True,False,2,0.29830923737718507,0.48141817237225837,0.057301822310172112,0.019964992537850581,1.4230604606315629,1.4042459602053032,1.0676330315131868,0.76028919560295327,,0.76426691215098119,False,False,False,,-1,,,False,3,0.011507842715727181,0.22344588255438286,0.0075227104900064626,0.29830923737718507
10000,0,multi,gaussian_matched,0.050000000000000003,457,3,0.050000000000000003,1.0546241027059373,1-<5%,True,False,2,0.29830923737718507,0.48141817237225837,0.057301822310172112,0.019964992537850581,1.4230604606315629,1.4042459602053032,1.0676330315131868,0.76028919560295327,,0.76426691215098119,False,False,False,,-1,,,False,3,0.011507842715727181,0.22344588255438286,0.0075227104900064626,0.29830923737718507
10000,0,multi,gaussian_matched,0.050000000000000003,457,4,0.02,1.0546241027059373,1-<5%,True,False,1,0.1095734529565965,0.56849249083063336,0.038677520080994988,0.069422041540858376,1.4230604606315629,1.470536984960706,1.3688666521286259,0.93086176419099265,,1.0107010443050066,False,False,False,,-1,,,False,3,0.027303450681814272,0.0063999076306692024,0.023495461786443649,0.1095734529565965
10000,0,multi,gaussian_matched,0.050000000000000003,457,4,0.050000000000000003,1.0546241027059373,1-<5%,True,False,3,0.1095734529565965,0.56849249083063336,0.038677520080994988,0.069422041540858376,1.4230604606315629,1.470536984960706,1.3688666521286259,0.93086176419099265,,1.0107010443050066,False,False,False,,-1,,,False,3,0.027303450681814272,0.0063999076306692024,0.023495461786443649,0.1095734529565965
10000,0,multi,gaussian_matched,0.050000000000000003,457,5,0.02,1.0546241027059373,1-<5%,True,False,2,0.31878931509406666,0.47280006629922189,0.057220522696446285,0.028142003150746407,1.4230604606315629,1.397876926090627,1.0703786041903098,0.76571734192922447,,0.77194232974017574,False,False,False,,-1,,,False,3,0.015377348913089986,0.25199759873887323,0.0089277266851920303,0.31878931509406666
10000,0,multi,gaussian_matched,0.050000000000000003,457,5,0.050000000000000003,1.0546241027059373,1-<5%,True,False,2,0.31878931509406666,0.47280006629922189,0.057220522696446285,0.028142003150746407,1.4230604606315629,1.397876926090627,1.0703786041903098,0.76571734192922447,,0.77194232974017574,False,False,False,,-1,,,False,3,0.015377348913089986,0.25199759873887323,0.0089277266851920303,0.31878931509406666
10000,0,multi,gaussian_matched,0.050000000000000003,457,6,0.02,1.0546241027059373,1-<5%,True,False,2,0.10691424569829652,0.51582360871411448,0.0022080649347850992,0.05034337741962807,1.4230604606315629,1.4668422746487582,1.3298945212830278,0.90663771031652118,,0.9699081218868929,False,False,False,,-1,,,False,3,0.0092431655961526457,0.10691424569829652,0.017087204200305697,0.04893946169286733
10000,0,multi,gaussian_matched,0.050000000000000003,457,6,0.050000000000000003,1.0546241027059373,1-<5%,True,False,3,0.10691424569829652,0.51582360871411448,0.0022080649347850992,0.05034337741962807,1.4230604606315629,1.4668422746487582,1.3298945212830278,0.90663771031652118,,0.9699081218868929,False,False,False,,-1,,,False,3,0.0092431655961526457,0.10691424569829652,0.017087204200305697,0.04893946169286733
10000,0,multi,gaussian_matched,0.050000000000000003,457,7,0.02,1.0546241027059373,1-<5%,True,False,3,0.14384207849668715,0.50577886877930689,0.097643960794291995,0.047993148724963651,1.4230604606315629,1.3983152696941987,1.3493863528992101,0.96500866588856671,,0.98195371193435321,False,False,False,,-1,,,False,3,0.015323623595584094,0.0093030342093232531,0.0018354303358582157,0.14384207849668715
10000,0,multi,gaussian_matched,0.050000000000000003,457,7,0.050000000000000003,1.0546241027059373,1-<5%,True,False,3,0.14384207849668715,0.50577886877930689,0.097643960794291995,0.047993148724963651,1.4230604606315629,1.3983152696941987,1.3493863528992101,0.96500866588856671,,0.98195371193435321,False,False,False,,-1,,,False,3,0.015323623595584094,0.0093030342093232531,0.0018354303358582157,0.14384207849668715
10000,0,multi,gaussian_matched,0.050000000000000003,457,8,0.02,1.0546241027059373,1-<5%,True,False,2,0.2649339960971675,0.50033269821322335,0.015910357158952664,0.034091266288174923,1.4230604606315629,1.4461748498008622,1.0721959977306947,0.74140135812646424,,0.77740004351459013,False,False,False,,-1,,,False,3,0.013945625381970597,0.24918430436920339,0.0098922013942473203,0.2649339960971675
10000,0,multi,gaussian_matched,0.050000000000000003,457,8,0.050000000000000003,1.0546241027059373,1-<5%,True,False,2,0.2649339960971675,0.50033269821322335,0.015910357158952664,0.034091266288174923,1.4230604606315629,1.4461748498008622,1.0721959977306947,0.74140135812646424,,0.77740004351459013,False,False,False,,-1,,,False,3,0.013945625381970597,0.24918430436920339,0.0098922013942473203,0.2649339960971675
10000,0,multi,gaussian_matched,0.050000000000000003,457,9,0.02,1.0546241027059373,1-<5%,True,False,2,0.10044828718252424,0.51247506021930711,0.015430756155700609,0.036751323070632037,1.4230604606315629,1.4553582798758107,1.3115669868543294,0.90119869793591212,,0.94747788110602804,False,False,False,,-1,,,False,3,0.0084573127178093066,0.078551033375428472,0.012063543218485273,0.10044828718252424
10000,0,multi,gaussian_matched,0.050000000000000003,457,9,0.050000000000000003,1.0546241027059373,1-<5%,True,False,2,0.10044828718252424,0.51247506021930711,0.015430756155700609,0.036751323070632037,1.4230604606315629,1.4553582798758107,1.3115669868543294,0.90119869793591212,,0.94747788110602804,False,False,False,,-1,,,False,3,0.0084573127178093066,0.078551033375428472,0.012063543218485273,0.10044828718252424
10000,0,multi,gaussian_matched,0.050000000000000003,457,10,0.02,1.0546241027059373,1-<5%,True,False,2,0.32491994547838654,0.42413774329735893,-0.032506947875493894,0.11208246267702578,1.4230604606315629,1.4327773537405952,1.3931923632125018,0.97237184798828113,,1.05777292499679,False,False,False,,-1,,,False,3,0.01664694829738525,0.30657986926859049,0.012620545325899452,0.32491994547838654
10000,0,multi,gaussian_matched,0.050000000000000003,457,10,0.050000000000000003,1.0546241027059373,1-<5%,True,False,2,0.32491994547838654,0.42413774329735893,-0.032506947875493894,0.11208246267702578,1.4230604606315629,1.4327773537405952,1.3931923632125018,0.97237184798828113,,1.05777292499679,False,False,False,,-1,,,False,3,0.01664694829738525,0.30657986926859049,0.012620545325899452,0.32491994547838654
10000,0,multi,gaussian_matched,0.050000000000000003,457,11,0.02,1.0546241027059373,1-<5%,True,False,2,0.3120096329672441,0.47078001824886379,0.1438119957516199,0.098257304463529246,1.4230604606315629,1.3434925158590987,1.0579873750401936,0.78749033772150312,,0.81250566050480699,False,False,False,,-1,,,False,3,0.016779675253212639,0.20272170701532394,0.015102638694300525,0.3120096329672441
10000,0,multi,gaussian_matched,0.050000000000000003,457,11,0.050000000000000003,1.0546241027059373,1-<5%,True,False,2,0.3120096329672441,0.47078001824886379,0.1438119957516199,0.098257304463529246,1.4230604606315629,1.3434925158590987,1.0579873750401936,0.78749033772150312,,0.81250566050480699,False,False,False,,-1,,,False,3,0.016779675253212639,0.20272170701532394,0.015102638694300525,0.3120096329672441
10000,0,multi,gaussian_matched,0.050000000000000003,457,12,0.02,1.0546241027059373,1-<5%,True,False,1,0.32819897091482919,0.45442953172688094,0.038899039082046852,0.046903079983443237,1.4230604606315629,1.3973551958142139,1.4020344328943128,1.0033486382661443,,1.0181840849085984,False,False,False,,-1,,,False,3,0.029009417577600578,0.27385548984894004,0.0056836461910145545,0.32819897091482919
10000,0,multi,gaussian_matched,0.050000000000000003,457,12,0.050000000000000003,1.0546241027059373,1-<5%,True,False,2,0.32819897091482919,0.45442953172688094,0.038899039082046852,0.046903079983443237,1.4230604606315629,1.3973551958142139,1.4020344328943128,1.0033486382661443,,1.0181840849085984,False,False,False,,-1,,,False,3,0.029009417577600578,0.27385548984894004,0.0056836461910145545,0.32819897091482919
10000,0,multi,gaussian_matched,0.050000000000000003,457,13,0.02,1.0546241027059373,1-<5%,True,False,2,0.10966779000391304,0.50356335132054497,-0.019460031629617527,0.069551372859355531,1.4230604606315629,1.4734650268442384,1.4086392598317259,0.95600454314728345,,1.0387405690655276,False,False,False,,-1,,,False,3,0.017588417529651439,0.10966779000391304,0.022470472302184664,0.019718355573989554
10000,0,multi,gaussian_matched,0.050000000000000003,457,13,0.050000000000000003,1.0546241027059373,1-<5%,True,False,3,0.10966779000391304,0.50356335132054497,-0.019460031629617527,0.069551372859355531,1.4230604606315629,1.4734650268442384,1.4086392598317259,0.95600454314728345,,1.0387405690655276,False,False,False,,-1,,,False,3,0.017588417529651439,0.10966779000391304,0.022470472302184664,0.019718355573989554
10000,0,multi,gaussian_matched,0.050000000000000003,457,14,0.02,1.0546241027059373,1-<5%,True,False,2,0.11226596158078657,0.52564268646641665,-0.030837863577503816,0.084807473473686654,1.4230604606315629,1.4970080976134301,1.4598315798684296,0.9751661211423851,,1.0854345940133816,False,False,False,,-1,,,False,3,0.010708162004912361,0.11226596158078657,0.029838821680057512,0.0054376383840078696
10000,0,multi,gaussian_matched,0.050000000000000003,457,14,0.050000000000000003,1.0546241027059373,1-<5%,True,False,3,0.11226596158078657,0.52564268646641665,-0.030837863577503816,0.084807473473686654,1.4230604606315629,1.4970080976134301,1.4598315798684296,0.9751661211423851,,1.0854345940133816,False,False,False,,-1,,,False,3,0.010708162004912361,0.11226596158078657,0.029838821680057512,0.0054376383840078696
10000,0,multi,gaussian_matched,0.050000000000000003,457,15,0.02,1.0546241027059373,1-<5%,True,False,2,0.12238801465436173,0.5394358284921752,0.10120234745572861,0.064628669751445558,1.4230604606315629,1.4242900098142197,1.384550584283081,0.97209878237064784,,1.018353959037954,False,False,False,,-1,,,False,3,0.038363029275694654,0.0015070514839710097,0.017843238893904982,0.12238801465436173
10000,0,multi,gaussian_matched,0.050000000000000003,457,15,0.050000000000000003,1.0546241027059373,1-<5%,True,False,3,0.12238801465436173,0.5394358284921752,0.10120234745572861,0.064628669751445558,1.4230604606315629,1.4242900098142197,1.384550584283081,0.97209878237064784,,1.018353959037954,False,False,False,,-1,,,False,3,0.038363029275694654,0.0015070514839710097,0.017843238893904982,0.12238801465436173
10000,0,multi,gaussian_matched,0.050000000000000003,457,16,0.02,1.0546241027059373,1-<5%,True,False,2,0.12109744110820916,0.51746474648864005,-0.061993350287707805,0.11334693590290691,1.4230604606315629,1.5141587328754003,1.474636297265477,0.97389808957818458,,1.1158930186730276,False,False,False,,-1,,,False,3,0.018632334897239634,0.12109744110820916,0.039150929968212296,0.012340893691418371
10000,0,multi,gaussian_matched,0.050000000000000003,457,16,0.050000000000000003,1.0546241027059373,1-<5%,True,False,3,0.12109744110820916,0.51746474648864005,-0.061993350287707805,0.11334693590290691,1.4230604606315629,1.5141587328754003,1.474636297265477,0.97389808957818458,,1.1158930186730276,False,False,False,,-1,,,False,3,0.018632334897239634,0.12109744110820916,0.039150929968212296,0.012340893691418371
10000,0,multi,gaussian_matched,0.050000000000000003,457,17,0.02,1.0546241027059373,1-<5%,True,False,1,0.10954289253961051,0.51865685376175852,-0.010296884389185731,0.063117291286385796,1.4230604606315629,1.4775619775506752,1.3973930829676635,0.94574244884407077,,1.0263164599527035,False,False,False,,-1,,,False,3,0.010068991644374081,0.10954289253961051,0.021779132080344616,0.025040056488408891
10000,0,multi,gaussian_matched,0.050000000000000003,457,17,0.050000000000000003,1.0546241027059373,1-<5%,True,False,3,0.10954289253961051,0.51865685376175852,-0.010296884389185731,0.063117291286385796,1.4230604606315629,1.4775619775506752,1.3973930829676635,0.94574244884407077,,1.0263164599527035,False,False,False,,-1,,,False,3,0.010068991644374081,0.10954289253961051,0.021779132080344616,0.025040056488408891
10000,0,multi,gaussian_matched,0.050000000000000003,457,18,0.02,1.0546241027059373,1-<5%,True,False,1,0.3567281069629572,0.4134257107368442,0.036508012665149192,0.087619297438774002,1.4230604606315629,1.3715917918100913,1.4333896123022849,1.0450555484956927,,1.0688294361477979,False,False,False,,-1,,,False,3,0.046953080178273661,0.30441405949958855,0.011886840212696818,0.3567281069629572
10000,0,multi,gaussian_matched,0.050000000000000003,457,18,0.050000000000000003,1.0546241027059373,1-<5%,True,False,2,0.3567281069629572,0.4134257107368442,0.036508012665149192,0.087619297438774002,1.4230604606315629,1.3715917918100913,1.4333896123022849,1.0450555484956927,,1.0688294361477979,False,False,False,,-1,,,False,3,0.046953080178273661,0.30441405949958855,0.011886840212696818,0.3567281069629572
10000,0,multi,gaussian_matched,0.050000000000000003,457,19,0.02,1.0546241027059373,1-<5%,True,False,1,0.3544362112409925,0.43319066329492473,0.10858148172620646,0.0888553739073219,1.4230604606315629,1.3342126672910413,1.3003224263837194,0.97459907124391798,,0.97619028756832704,False,False,False,,-1,,,False,3,0.01548049616666072,0.27735353961955755,0.030804428029251322,0.3544362112409925
10000,0,multi,gaussian_matched,0.050000000000000003,457,19,0.050000000000000003,1.0546241027059373,1-<5%,True,False,2,0.3544362112409925,0.43319066329492473,0.10858148172620646,0.0888553739073219,1.4230604606315629,1.3342126672910413,1.3003224263837194,0.97459907124391798,,0.97619028756832704,False,False,False,,-1,,,False,3,0.01548049616666072,0.27735353961955755,0.030804428029251322,0.3544362112409925
10000,0,multi,gaussian_matched,0.050000000000000003,457,20,0.02,1.0546241027059373,1-<5%,True,False,1,0.32788586388646168,0.46265224177519609,0.051525032771461123,0.037378881328531469,1.4230604606315629,1.3943273888700018,1.0757810758314679,0.77154123516379325,,0.78222955942853767,False,False,False,,-1,,,False,3,0.021663107860886838,0.26861558407128289,0.0086334594235820093,0.32788586388646168
10000,0,multi,gaussian_matched,0.050000000000000003,457,20,0.050000000000000003,1.0546241027059373,1-<5%,True,False,2,0.32788586388646168,0.46265224177519609,0.051525032771461123,0.037378881328531469,1.4230604606315629,1.3943273888700018,1.0757810758314679,0.77154123516379325,,0.78222955942853767,False,False,False,,-1,,,False,3,0.021663107860886838,0.26861558407128289,0.0086334594235820093,0.32788586388646168
10000,0,multi,gaussian_matched,0.050000000000000003,457,21,0.02,1.0546241027059373,1-<5%,True,False,1,0.39156579661151303,0.58356075580932854,0.11435659467000608,0.10547118653426484,1.4230604606315629,1.395220288094897,1.3731119181548621,0.98415420838653178,,1.0390163633897345,False,False,False,,-1,,,False,3,0.39156579661151303,0.0074380506760796869,0.38787613458004072,0.065458311276966497
10000,0,multi,gaussian_matched,0.050000000000000003,457,21,0.050000000000000003,1.0546241027059373,1-<5%,True,False,1,0.39156579661151303,0.58356075580932854,0.11435659467000608,0.10547118653426484,1.4230604606315629,1.395220288094897,1.3731119181548621,0.98415420838653178,,1.0390163633897345,False,False,False,,-1,,,False,3,0.39156579661151303,0.0074380506760796869,0.38787613458004072,0.065458311276966497
10000,0,multi,gaussian_matched,0.050000000000000003,457,22,0.02,1.0546241027059373,1-<5%,True,False,1,0.337609788440562,0.44158179054502783,0.052377407880301478,0.058466565352809287,1.4230604606315629,1.3787360246700358,1.3961560284310786,1.0126347636163433,,1.0221790528410279,False,False,False,,-1,,,False,3,0.030503994420822397,0.27734995433159049,0.00012798580882913949,0.337609788440562
10000,0,multi,gaussian_matched,0.050000000000000003,457,22,0.050000000000000003,1.0546241027059373,1-<5%,True,False,2,0.337609788440562,0.44158179054502783,0.052377407880301478,0.058466565352809287,1.4230604606315629,1.3787360246700358,1.3961560284310786,1.0126347636163433,,1.0221790528410279,False,False,False,,-1,,,False,3,0.030503994420822397,0.27734995433159049,0.00012798580882913949,0.337609788440562
10000,0,multi,gaussian_matched,0.050000000000000003,457,23,0.02,1.0546241027059373,1-<5%,True,False,1,0.36041900458551185,0.44190894830309418,0.14343571733413402,0.11002183220159885,1.4230604606315629,1.3197282585614807,1.0385980583579939,0.78697872203636676,,0.80714763872353557,False,False,False,,-1,,,False,3,0.0015840367324651361,0.26870541769711204,0.028934202370542842,0.36041900458551185
10000,0,multi,gaussian_matched,0.050000000000000003,457,23,0.050000000000000003,1.0546241027059373,1-<5%,True,False,2,0.36041900458551185,0.44190894830309418,0.14343571733413402,0.11002183220159885,1.4230604606315629,1.3197282585614807,1.0385980583579939,0.78697872203636676,,0.80714763872353557,False,False,False,,-1,,,False,3,0.0015840367324651361,0.26870541769711204,0.028934202370542842,0.36041900458551185
10000,0,multi,gaussian_matched,0.050000000000000003,457,24,0.02,1.0546241027059373,1-<5%,True,False,2,0.11578714639242957,0.53095570929405367,0.075707773319585323,0.040238607666632099,1.4230604606315629,1.4315488569591153,1.3970325605425802,0.97588884497462813,,1.0099860181424356,False,False,False,,-1,,,False,3,0.02017054433645173,0.0023396674824827345,0.0084833776400407689,0.11578714639242957
10000,0,multi,gaussian_matched,0.050000000000000003,457,24,0.050000000000000003,1.0546241027059373,1-<5%,True,False,3,0.11578714639242957,0.53095570929405367,0.075707773319585323,0.040238607666632099,1.4230604606315629,1.4315488569591153,1.3970325605425802,0.97588884497462813,,1.0099860181424356,False,False,False,,-1,,,False,3,0.02017054433645173,0.0023396674824827345,0.0084833776400407689,0.11578714639242957
10000,0,multi,gaussian_matched,0.050000000000000003,457,25,0.02,1.0546241027059373,1-<5%,True,False,2,0.30954406756357727,0.48001171663776049,0.031482433001110671,0.027247600982977127,1.4230604606315629,1.4207307916980523,1.3713392319234465,0.96523510290392656,,0.982802116703968,False,False,False,,-1,,,False,3,0.019853874109958442,0.26721623175333475,0.001195078617741756,0.30954406756357727
10000,0,multi,gaussian_matched,0.050000000000000003,457,25,0.050000000000000003,1.0546241027059373,1-<5%,True,False,2,0.30954406756357727,0.48001171663776049,0.031482433001110671,0.027247600982977127,1.4230604606315629,1.4207307916980523,1.3713392319234465,0.96523510290392656,,0.982802116703968,False,False,False,,-1,,,False,3,0.019853874109958442,0.26721623175333475,0.001195078617741756,0.30954406756357727
10000,0,multi,gaussian_matched,0.050000000000000003,457,26,0.02,1.0546241027059373,1-<5%,True,False,2,0.12312190612810399,0.53034954003927837,0.09556974279507427,0.054751219520710069,1.4230604606315629,1.4197484334169115,1.3862120456897564,0.9763786407945223,,1.0125804946972936,False,False,False,,-1,,,False,3,0.029091437298065945,0.00034515825296279549,0.011424730952754376,0.12312190612810399
10000,0,multi,gaussian_matched,0.050000000000000003,457,26,0.050000000000000003,1.0546241027059373,1-<5%,True,False,3,0.12312190612810399,0.53034954003927837,0.09556974279507427,0.054751219520710069,1.4230604606315629,1.4197484334169115,1.3862120456897564,0.9763786407945223,,1.0125804946972936,False,False,False,,-1,,,False,3,0.029091437298065945,0.00034515825296279549,0.011424730952754376,0.12312190612810399
10000,0,multi,gaussian_matched,0.050000000000000003,457,27,0.02,1.0546241027059373,1-<5%,True,False,1,0.31591570131680541,0.43611457629962663,-0.020785047358245309,0.095351299366528086,1.4230604606315629,1.4304870068170521,1.3994937647100001,0.97833378285901773,,1.0504438183976434,False,False,False,,-1,,,False,3,0.023399245493852156,0.29497936980043005,0.010908135150042301,0.31591570131680541
10000,0,multi,gaussian_matched,0.050000000000000003,457,27,0.050000000000000003,1.0546241027059373,1-<5%,True,False,2,0.31591570131680541,0.43611457629962663,-0.020785047358245309,0.095351299366528086,1.4230604606315629,1.4304870068170521,1.3994937647100001,0.97833378285901773,,1.0504438183976434,False,False,False,,-1,,,False,3,0.023399245493852156,0.29497936980043005,0.010908135150042301,0.31591570131680541
10000,0,multi,gaussian_matched,0.050000000000000003,457,28,0.02,1.0546241027059373,1-<5%,True,False,0,0.34303424033722935,0.44290380292302406,0.078946442109732035,0.064014625137267994,1.4230604606315629,1.3611559343626465,1.3404664637639565,0.98480007317576168,,0.9869440742369493,False,False,False,,-1,,,False,3,0.021369912031823039,0.27423369613426563,0.021450876246083408,0.34303424033722935
10000,0,multi,gaussian_matched,0.050000000000000003,457,28,0.050000000000000003,1.0546241027059373,1-<5%,True,False,2,0.34303424033722935,0.44290380292302406,0.078946442109732035,0.064014625137267994,1.4230604606315629,1.3611559343626465,1.3404664637639565,0.98480007317576168,,0.9869440742369493,False,False,False,,-1,,,False,3,0.021369912031823039,0.27423369613426563,0.021450876246083408,0.34303424033722935
10000,0,multi,gaussian_matched,0.050000000000000003,457,29,0.02,1.0546241027059373,1-<5%,True,False,2,0.30874404321217014,0.47096672483303742,0.075911939450949054,0.038914774482582008,1.4230604606315629,1.3841546234579645,1.0537863731246389,0.76132128251106579,,0.76785293234995333,False,False,False,,-1,,,False,3,0.0098678022408744889,0.22664353783642921,0.015786781445174102,0.30874404321217014
10000,0,multi,gaussian_matched,0.050000000000000003,457,29,0.050000000000000003,1.0546241027059373,1-<5%,True,False,2,0.30874404321217014,0.47096672483303742,0.075911939450949054,0.038914774482582008,1.4230604606315629,1.3841546234579645,1.0537863731246389,0.76132128251106579,,0.76785293234995333,False,False,False,,-1,,,False,3,0.0098678022408744889,0.22664353783642921,0.015786781445174102,0.30874404321217014
10000,0,multi,gaussian_matched,0.050000000000000003,457,30,0.02,1.0546241027059373,1-<5%,True,False,1,0.31616278433873962,0.45148727942877487,0.0052945235301049415,0.06597017268146349,1.4230604606315629,1.4200528992164214,1.3711708971024181,0.9655773371956945,,1.0098945965697548,False,False,False,,-1,,,False,3,0.038546614404409318,0.28223142487698977,0.0051139810539876755,0.31616278433873962
10000,0,multi,gaussian_matched,0.050000000000000003,457,30,0.050000000000000003,1.0546241027059373,1-<5%,True,False,2,0.31616278433873962,0.45148727942877487,0.0052945235301049415,0.06597017268146349,1.4230604606315629,1.4200528992164214,1.3711708971024181,0.9655773371956945,,1.0098945965697548,False,False,False,,-1,,,False,3,0.038546614404409318,0.28223142487698977,0.0051139810539876755,0.31616278433873962
10000,0,multi,gaussian_matched,0.050000000000000003,457,31,0.02,1.0546241027059373,1-<5%,True,False,2,0.31845609323582708,0.4696059121288742,0.13755502868373148,0.092680546099636024,1.4230604606315629,1.3459198082681767,1.0442940548177375,0.77589619262788967,,0.79896436755243505,False,False,False,,-1,,,False,3,0.013566995722186772,0.21414320664375466,0.016196374853856766,0.31845609323582708
10000,0,multi,gaussian_matched,0.050000000000000003,457,31,0.050000000000000003,1.0546241027059373,1-<5%,True,False,2,0.31845609323582708,0.4696059121288742,0.13755502868373148,0.092680546099636024,1.4230604606315629,1.3459198082681767,1.0442940548177375,0.77589619262788967,,0.79896436755243505,False,False,False,,-1,,,False,3,0.013566995722186772,0.21414320664375466,0.016196374853856766,0.31845609323582708
10000,0,multi,gaussian_matched,0.050000000000000003,458,0,0.02,4.5663472893734705,1-<5%,True,False,3,0.028604819777871663,0.49617343018313487,0.091127696457221477,0.04130532716782051,1.4093688512707869,1.3771906316016977,1.3527674969955921,0.98226597389956016,,0.98914689572315839,False,False,False,,-1,,,False,2,0.028604819777871663,0.011187557381694167,0.012334147227675321,0.0076014362661762716
10000,0,multi,gaussian_matched,0.050000000000000003,458,0,0.050000000000000003,4.5663472893734705,1-<5%,True,True,4,0.028604819777871663,0.49617343018313487,0.091127696457221477,0.04130532716782051,1.4093688512707869,1.3771906316016977,1.3527674969955921,0.98226597389956016,0.95148004753763726,0.98914689572315839,True,True,False,3>1>4>2,13,0,0,True,2,0.028604819777871663,0.011187557381694167,0.012334147227675321,0.0076014362661762716
10000,0,multi,gaussian_matched,0.050000000000000003,458,1,0.02,4.5663472893734705,1-<5%,True,False,2,0.023282909176430742,0.49856275427330365,0.035373121458068368,0.014697321223928087,1.4093688512707869,1.4197578487274887,1.380182019909908,0.97212494450863429,,0.98971914972869868,False,False,False,,-1,,,False,2,0.022592784702528769,0.0069536134443669694,0.023282909176430742,0.0024729393424694343
10000,0,multi,gaussian_matched,0.050000000000000003,458,1,0.050000000000000003,4.5663472893734705,1-<5%,True,True,4,0.023282909176430742,0.49856275427330365,0.035373121458068368,0.014697321223928087,1.4093688512707869,1.4197578487274887,1.380182019909908,0.97212494450863429,0.94133661753221765,0.98971914972869868,True,True,False,3>1>4>2,13,0,0,True,2,0.022592784702528769,0.0069536134443669694,0.023282909176430742,0.0024729393424694343
10000,0,multi,gaussian_matched,0.050000000000000003,458,2,0.02,4.5663472893734705,1-<5%,True,False,3,0.020498077846971555,0.46415951453536619,0.063969766238493278,0.038466800843048723,1.4093688512707869,1.376252184443826,1.3552489586046077,0.98473882470333285,,0.9888935449304016,False,False,False,,-1,,,False,2,0.0088269038924466588,0.01296706354823705,0.020498077846971555,0.010065536793431683
10000,0,multi,gaussian_matched,0.050000000000000003,458,2,0.050000000000000003,4.5663472893734705,1-<5%,True,True,4,0.020498077846971555,0.46415951453536619,0.063969766238493278,0.038466800843048723,1.4093688512707869,1.376252184443826,1.3552489586046077,0.98473882470333285,0.95646302984697473,0.9888935449304016,True,True,False,3>1>4>2,13,0,0,True,2,0.0088269038924466588,0.01296706354823705,0.020498077846971555,0.010065536793431683
10000,0,multi,gaussian_matched,0.050000000000000003,458,3,0.02,4.5663472893734705,1-<5%,True,False,3,0.030330572370684553,0.51337346991681743,0.061654058356554568,0.017738849280435301,1.4093688512707869,1.4099579837959828,1.3707096783153263,0.97216349286168824,,0.98515624660204315,False,False,False,,-1,,,False,2,0.030330572370684553,0.0072954684534394451,0.0029957860473930711,0.0023831106598370243
10000,0,multi,gaussian_matched,0.050000000000000003,458,3,0.050000000000000003,4.5663472893734705,1-<5%,True,True,4,0.030330572370684553,0.51337346991681743,0.061654058356554568,0.017738849280435301,1.4093688512707869,1.4099579837959828,1.3707096783153263,0.97216349286168824,0.94027434981554248,0.98515624660204315,True,True,False,3>1>4>2,13,0,0,True,2,0.030330572370684553,0.0072954684534394451,0.0029957860473930711,0.0023831106598370243
10000,0,multi,gaussian_matched,0.050000000000000003,458,4,0.02,4.5663472893734705,1-<5%,True,False,3,0.034147628597616629,0.47494757621875322,0.11708109811088173,0.071606547613168162,1.4093688512707869,1.3441150170608898,1.3341016405466637,0.99255020858548115,,0.99740262238117838,False,False,False,,-1,,,False,2,0.034147628597616629,0.018114876125725907,0.014596059032732422,0.013305315375024948
10000,0,multi,gaussian_matched,0.050000000000000003,458,4,0.050000000000000003,4.5663472893734705,1-<5%,True,True,4,0.034147628597616629,0.47494757621875322,0.11708109811088173,0.071606547613168162,1.4093688512707869,1.3441150170608898,1.3341016405466637,0.99255020858548115,0.96551580008027482,0.99740262238117838,True,True,False,3>1>4>2,13,0,0,True,2,0.034147628597616629,0.018114876125725907,0.014596059032732422,0.013305315375024948
10000,0,multi,gaussian_matched,0.050000000000000003,458,5,0.02,4.5663472893734705,1-<5%,True,False,3,0.030115988531885879,0.46691219376220933,0.044475888396428825,0.033545770681835424,1.4093688512707869,1.3939440065073203,1.3658074426762532,0.97981514056539021,,0.99289352967914146,False,False,False,,-1,,,False,2,0.0057454384115197196,0.011074960637315893,0.030115988531885879,0.0079318840232699486
10000,0,multi,gaussian_matched,0.050000000000000003,458,5,0.050000000000000003,4.5663472893734705,1-<5%,True,True,4,0.030115988531885879,0.46691219376220933,0.044475888396428825,0.033545770681835424,1.4093688512707869,1.3939440065073203,1.3658074426762532,0.97981514056539021,0.95113852885042094,0.99289352967914146,True,True,False,3>1>4>2,13,0,0,True,2,0.0057454384115197196,0.011074960637315893,0.030115988531885879,0.0079318840232699486
10000,0,multi,gaussian_matched,0.050000000000000003,458,6,0.02,4.5663472893734705,1-<5%,True,False,3,0.044861648016255161,0.45527079529756903,0.033259458510672843,0.04775926593518641,1.4093688512707869,1.3976427743560422,1.3674070588549625,0.97836663555534731,,1.0041135246561854,False,False,False,,-1,,,False,2,0.0016374109985289073,0.012104216040244834,0.044861648016255161,0.0087145609957481659
10000,0,multi,gaussian_matched,0.050000000000000003,458,6,0.050000000000000003,4.5663472893734705,1-<5%,True,True,4,0.044861648016255161,0.45527079529756903,0.033259458510672843,0.04775926593518641,1.4093688512707869,1.3976427743560422,1.3674070588549625,0.97836663555534731,0.95070540253084335,1.0041135246561854,True,True,False,3>1>4>2,13,0,0,True,2,0.0016374109985289073,0.012104216040244834,0.044861648016255161,0.0087145609957481659
10000,0,multi,gaussian_matched,0.050000000000000003,458,7,0.02,4.5663472893734705,1-<5%,True,False,2,0.055821483366936583,0.53352089226862121,-0.038312169919096514,0.094459989277491899,1.4093688512707869,1.4998187045300204,1.4358234355240937,0.95733133023835704,,1.0857934198146735,False,False,False,,-1,,,False,2,0.055821483366936583,0.010866250895633199,0.050093649217147471,0.015220482200408218
10000,0,multi,gaussian_matched,0.050000000000000003,458,7,0.050000000000000003,4.5663472893734705,1-<5%,True,False,2,0.055821483366936583,0.53352089226862121,-0.038312169919096514,0.094459989277491899,1.4093688512707869,1.4998187045300204,1.4358234355240937,0.95733133023835704,,1.0857934198146735,False,False,False,,-1,,,False,2,0.055821483366936583,0.010866250895633199,0.050093649217147471,0.015220482200408218
10000,0,multi,gaussian_matched,0.050000000000000003,458,8,0.02,4.5663472893734705,1-<5%,True,False,3,0.02994924797438258,0.51021357387961408,0.072385326814746048,0.024605282928617651,1.4093688512707869,1.40022407173846,1.3647725701115232,0.9746815510870902,,0.98581563782070192,False,False,False,,-1,,,False,2,0.02994924797438258,0.0085137849352410182,0.0042864206400888751,0.0038084738213941659
10000,0,multi,gaussian_matched,0.050000000000000003,458,8,0.050000000000000003,4.5663472893734705,1-<5%,True,True,4,0.02994924797438258,0.51021357387961408,0.072385326814746048,0.024605282928617651,1.4093688512707869,1.40022407173846,1.3647725701115232,0.9746815510870902,0.94295723251204577,0.98581563782070192,True,True,False,3>1>4>2,13,0,0,True,2,0.02994924797438258,0.0085137849352410182,0.0042864206400888751,0.0038084738213941659
10000,0,multi,gaussian_matched,0.050000000000000003,458,9,0.02,4.5663472893734705,1-<5%,True,False,2,0.060654122780864669,0.54668737493817832,-0.02453459161351082,0.087949510093069186,1.4093688512707869,1.4965975861276843,1.4300727332973684,0.95554927159648628,,1.0770936522555334,False,False,False,,-1,,,False,2,0.060654122780864669,0.011088207724859111,0.041305741262149365,0.01597036115661803
10000,0,multi,gaussian_matched,0.050000000000000003,458,9,0.050000000000000003,4.5663472893734705,1-<5%,True,False,3,0.060654122780864669,0.54668737493817832,-0.02453459161351082,0.087949510093069186,1.4093688512707869,1.4965975861276843,1.4300727332973684,0.95554927159648628,,1.0770936522555334,False,False,False,,-1,,,False,2,0.060654122780864669,0.011088207724859111,0.041305741262149365,0.01597036115661803
10000,0,multi,gaussian_matched,0.050000000000000003,458,10,0.02,4.5663472893734705,1-<5%,True,False,3,0.023715890300286362,0.47481849542179877,0.094090189990371359,0.050774531275128598,1.4093688512707869,1.359791547989188,1.3449677945268321,0.98909851036780105,,0.99033146968124097,False,False,False,,-1,,,False,2,0.023715890300286362,0.014036435337319344,0.0017626511739688975,0.011203332562316842
10000,0,multi,gaussian_matched,0.050000000000000003,458,10,0.050000000000000003,4.5663472893734705,1-<5%,True,True,4,0.023715890300286362,0.47481849542179877,0.094090189990371359,0.050774531275128598,1.4093688512707869,1.359791547989188,1.3449677945268321,0.98909851036780105,0.9602482415389122,0.99033146968124097,True,True,False,3>1>4>2,13,0,0,True,2,0.023715890300286362,0.014036435337319344,0.0017626511739688975,0.011203332562316842
10000,0,multi,gaussian_matched,0.050000000000000003,458,11,0.02,4.5663472893734705,1-<5%,True,False,2,0.036600594206584083,0.49748701673130319,0.017497957927341441,0.032599046363377217,1.4093688512707869,1.4334384480793378,1.389770948795229,0.96953653688958963,,1.0092247986579925,False,False,False,,-1,,,False,2,0.024707301880924699,0.0064099478169340135,0.036600594206584083,0.0010143756118631577
10000,0,multi,gaussian_matched,0.050000000000000003,458,11,0.050000000000000003,4.5663472893734705,1-<5%,True,True,4,0.036600594206584083,0.49748701673130319,0.017497957927341441,0.032599046363377217,1.4093688512707869,1.4334384480793378,1.389770948795229,0.96953653688958963,0.93905953194535341,1.0092247986579925,True,True,False,3>1>4>2,13,0,0,True,2,0.024707301880924699,0.0064099478169340135,0.036600594206584083,0.0010143756118631577
10000,0,multi,gaussian_matched,0.050000000000000003,458,12,0.02,4.5663472893734705,1-<5%,True,False,2,0.058016247480044109,0.53366151459536793,0.13609199189099888,0.092438783162772015,1.4093688512707869,1.3835854707512427,1.3441098617461775,0.97146861553581421,,1.0192850818390482,False,False,False,,-1,,,False,2,0.058016247480044109,0.013653887041938463,0.051075622727829922,0.0048037238803121489
10000,0,multi,gaussian_matched,0.050000000000000003,458,12,0.050000000000000003,4.5663472893734705,1-<5%,True,False,2,0.058016247480044109,0.53366151459536793,0.13609199189099888,0.092438783162772015,1.4093688512707869,1.3835854707512427,1.3441098617461775,0.97146861553581421,,1.0192850818390482,False,False,False,,-1,,,False,2,0.058016247480044109,0.013653887041938463,0.051075622727829922,0.0048037238803121489
10000,0,multi,gaussian_matched,0.050000000000000003,458,13,0.02,4.5663472893734705,1-<5%,True,False,3,0.040778475018563798,0.53134811614593225,0.039659897647147613,0.033009424450697739,1.4093688512707869,1.4382259222356233,1.3865416838638978,0.96406389457131603,,1.0072246928365329,False,False,False,,-1,,,False,2,0.040778475018563798,0.0035301192796350165,0.018208852724846465,0.0023386493383162612
10000,0,multi,gaussian_matched,0.050000000000000003,458,13,0.050000000000000003,4.5663472893734705,1-<5%,True,True,4,0.040778475018563798,0.53134811614593225,0.039659897647147613,0.033009424450697739,1.4093688512707869,1.4382259222356233,1.3865416838638978,0.96406389457131603,0.93148962090179677,1.0072246928365329,True,True,False,3>1>4>2,13,0,0,True,2,0.040778475018563798,0.0035301192796350165,0.018208852724846465,0.0023386493383162612
10000,0,multi,gaussian_matched,0.050000000000000003,458,14,0.02,4.5663472893734705,1-<5%,True,False,3,0.03097237923091066,0.51515733107588468,0.049927893277589119,0.015157502588599362,1.4093688512707869,1.4195893472701429,1.377076621260942,0.97005280006436201,,0.98784226896614336,False,False,False,,-1,,,False,2,0.03097237923091066,0.0061058093961798392,0.011097019189168042,0.0010919810151122531
10000,0,multi,gaussian_matched,0.050000000000000003,458,14,0.050000000000000003,4.5663472893734705,1-<5%,True,True,4,0.03097237923091066,0.51515733107588468,0.049927893277589119,0.015157502588599362,1.4093688512707869,1.4195893472701429,1.377076621260942,0.97005280006436201,0.9381216755537638,0.98784226896614336,True,True,False,3>1>4>2,13,0,0,True,2,0.03097237923091066,0.0061058093961798392,0.011097019189168042,0.0010919810151122531
10000,0,multi,gaussian_matched,0.050000000000000003,458,15,0.02,4.5663472893734705,1-<5%,True,False,2,0.068326895362232493,0.5133039156673187,-0.042615520759506115,0.093566173682787926,1.4093688512707869,1.492384688361424,1.432044859816465,0.95956818036560698,,1.0824781831410946,False,False,False,,-1,,,False,2,0.045327526241008616,0.0091737438741183192,0.068326895362232493,0.01097024553051266
10000,0,multi,gaussian_matched,0.050000000000000003,458,15,0.050000000000000003,4.5663472893734705,1-<5%,True,False,3,0.068326895362232493,0.5133039156673187,-0.042615520759506115,0.093566173682787926,1.4093688512707869,1.492384688361424,1.432044859816465,0.95956818036560698,,1.0824781831410946,False,False,False,,-1,,,False,2,0.045327526241008616,0.0091737438741183192,0.068326895362232493,0.01097024553051266
10000,0,multi,gaussian_matched,0.050000000000000003,458,16,0.02,4.5663472893734705,1-<5%,True,False,2,0.033842093816847552,0.49419240860335162,0.022290887060247861,0.02831118255633918,1.4093688512707869,1.4276231005329971,1.3860318689558588,0.97086679841366363,,1.0035293814227026,False,False,False,,-1,,,False,2,0.022162237381721798,0.0069131429708400071,0.033842093816847552,0.0019676791416828035
10000,0,multi,gaussian_matched,0.050000000000000003,458,16,0.050000000000000003,4.5663472893734705,1-<5%,True,True,4,0.033842093816847552,0.49419240860335162,0.022290887060247861,0.02831118255633918,1.4093688512707869,1.4276231005329971,1.3860318689558588,0.97086679841366363,0.94052753420433277,1.0035293814227026,True,True,False,3>1>4>2,13,0,0,True,2,0.022162237381721798,0.0069131429708400071,0.033842093816847552,0.0019676791416828035
10000,0,multi,gaussian_matched,0.050000000000000003,458,17,0.02,4.5663472893734705,1-<5%,True,False,2,0.20091104605290314,0.38692166010334339,0.021346216018977255,0.11665226225931033,1.4093688512707869,1.3863898378828201,1.3671573134292199,0.98612762159092959,,1.0528184827915148,False,False,False,,-1,,,False,2,0.003647268471969048,0.20091104605290314,0.087344474931346922,0.014743391319914393
10000,0,multi,gaussian_matched,0.050000000000000003,458,17,0.050000000000000003,4.5663472893734705,1-<5%,True,False,2,0.20091104605290314,0.38692166010334339,0.021346216018977255,0.11665226225931033,1.4093688512707869,1.3863898378828201,1.3671573134292199,0.98612762159092959,,1.0528184827915148,False,False,False,,-1,,,False,2,0.003647268471969048,0.20091104605290314,0.087344474931346922,0.014743391319914393
10000,0,multi,gaussian_matched,0.050000000000000003,458,18,0.02,4.5663472893734705,1-<5%,True,False,2,0.041460217783534613,0.51306758487778048,0.11194957439114256,0.063312807091312123,1.4093688512707869,1.3776044077532843,1.3487561598909852,0.97905912052840527,,1.0019158332533571,False,False,False,,-1,,,False,2,0.041460217783534613,0.011700883170533664,0.032867848638116107,0.0065869923554099661
10000,0,multi,gaussian_matched,0.050000000000000003,458,18,0.050000000000000003,4.5663472893734705,1-<5%,True,True,4,0.041460217783534613,0.51306758487778048,0.11194957439114256,0.063312807091312123,1.4093688512707869,1.3776044077532843,1.3487561598909852,0.97905912052840527,0.94714481625040658,1.0019158332533571,True,True,False,3>1>4>2,13,0,0,True,2,0.041460217783534613,0.011700883170533664,0.032867848638116107,0.0065869923554099661
10000,0,multi,gaussian_matched,0.050000000000000003,458,19,0.02,4.5663472893734705,1-<5%,True,False,2,0.06097747416908629,0.55430388186190616,-0.0054339516370150026,0.077600480535669231,1.4093688512707869,1.486849473143359,1.4192357294214375,0.95452549505298689,,1.062061367829616,False,False,False,,-1,,,False,2,0.06097747416908629,0.0091815882298842983,0.04151110822156559,0.013331147817038013
10000,0,multi,gaussian_matched,0.050000000000000003,458,19,0.050000000000000003,4.5663472893734705,1-<5%,True,False,3,0.06097747416908629,0.55430388186190616,-0.0054339516370150026,0.077600480535669231,1.4093688512707869,1.486849473143359,1.4192357294214375,0.95452549505298689,,1.062061367829616,False,False,False,,-1,,,False,2,0.06097747416908629,0.0091815882298842983,0.04151110822156559,0.013331147817038013
10000,0,multi,gaussian_matched,0.050000000000000003,458,20,0.02,4.5663472893734705,1-<5%,True,False,2,0.049238045607450834,0.52965337211477459,0.11601781209663488,0.072371776210093677,1.4093688512707869,1.389430375844297,1.3507655828759451,0.97217219830474988,,1.0097692721127172,False,False,False,,-1,,,False,2,0.049238045607450834,0.011615857290200505,0.035908086005228164,0.004079179723894555
10000,0,multi,gaussian_matched,0.050000000000000003,458,20,0.050000000000000003,4.5663472893734705,1-<5%,True,True,4,0.049238045607450834,0.52965337211477459,0.11601781209663488,0.072371776210093677,1.4093688512707869,1.389430375844297,1.3507655828759451,0.97217219830474988,0.93926516318608722,1.0097692721127172,True,True,False,3>1>4>2,13,0,0,True,2,0.049238045607450834,0.011615857290200505,0.035908086005228164,0.004079179723894555
10000,0,multi,gaussian_matched,0.050000000000000003,458,21,0.02,4.5663472893734705,1-<5%,True,False,3,0.072839003773917374,0.58965811031023074,0.076639714146169213,0.093532086014325111,1.4093688512707869,1.4611462044648711,1.3799715503718692,0.94444453686773178,,1.0455060327589751,False,False,False,,-1,,,False,2,0.072839003773917374,0.0018946591600967528,0.0036801789397598208,0.006154034736973981
10000,0,multi,gaussian_matched,0.050000000000000003,458,21,0.050000000000000003,4.5663472893734705,1-<5%,True,False,3,0.072839003773917374,0.58965811031023074,0.076639714146169213,0.093532086014325111,1.4093688512707869,1.4611462044648711,1.3799715503718692,0.94444453686773178,,1.0455060327589751,False,False,False,,-1,,,False,2,0.072839003773917374,0.0018946591600967528,0.0036801789397598208,0.006154034736973981
10000,0,multi,gaussian_matched,0.050000000000000003,458,22,0.02,4.5663472893734705,1-<5%,True,False,2,0.15957026903909619,0.44822473235048832,0.11343894327857101,0.081885150451594835,1.4093688512707869,1.3275276509219947,1.3648742185053684,1.0281324216165559,,1.0265299730815411,False,False,False,,-1,,,False,2,0.030824258824819782,0.15957026903909619,0.003548215588800955,0.017200848612632116
10000,0,multi,gaussian_matched,0.050000000000000003,458,22,0.050000000000000003,4.5663472893734705,1-<5%,True,False,3,0.15957026903909619,0.44822473235048832,0.11343894327857101,0.081885150451594835,1.4093688512707869,1.3275276509219947,1.3648742185053684,1.0281324216165559,,1.0265299730815411,False,False,False,,-1,,,False,2,0.030824258824819782,0.15957026903909619,0.003548215588800955,0.017200848612632116
10000,0,multi,gaussian_matched,0.050000000000000003,458,23,0.02,4.5663472893734705,1-<5%,True,False,2,0.17132670843992331,0.43316973190050867,0.10062137198068928,0.083837986828508723,1.4093688512707869,1.3284886922369614,1.3610875831776112,1.0245383277487734,,1.025228824025217,False,False,False,,-1,,,False,2,0.025391343079500747,0.17132670843992331,0.019656287380647543,0.018188447718201096
10000,0,multi,gaussian_matched,0.050000000000000003,458,23,0.050000000000000003,4.5663472893734705,1-<5%,True,False,3,0.17132670843992331,0.43316973190050867,0.10062137198068928,0.083837986828508723,1.4093688512707869,1.3284886922369614,1.3610875831776112,1.0245383277487734,,1.025228824025217,False,False,False,,-1,,,False,2,0.025391343079500747,0.17132670843992331,0.019656287380647543,0.018188447718201096
10000,0,multi,gaussian_matched,0.050000000000000003,458,24,0.02,4.5663472893734705,1-<5%,True,False,3,0.030278366504112433,0.51235340154501063,0.066921563076470889,0.02095103402420162,1.4093688512707869,1.4055445451452075,1.3678975841873382,0.97321539108247901,,0.98544012588277041,False,False,False,,-1,,,False,2,0.030278366504112433,0.0078533285858093955,0.00062551282047084344,0.0029979593372749906
10000,0,multi,gaussian_matched,0.050000000000000003,458,24,0.050000000000000003,4.5663472893734705,1-<5%,True,True,4,0.030278366504112433,0.51235340154501063,0.066921563076470889,0.02095103402420162,1.4093688512707869,1.4055445451452075,1.3678975841873382,0.97321539108247901,0.94137083003448163,0.98544012588277041,True,True,False,3>1>4>2,13,0,0,True,2,0.030278366504112433,0.0078533285858093955,0.00062551282047084344,0.0029979593372749906
10000,0,multi,gaussian_matched,0.050000000000000003,458,25,0.02,4.5663472893734705,1-<5%,True,False,3,0.050046104559551607,0.54882200279424309,0.069816226707861015,0.052690329262383859,1.4093688512707869,1.4312976837115265,1.3748844041376715,0.96058592128258835,,1.0129177554285047,False,False,False,,-1,,,False,2,0.050046104559551607,0.0048686244533226626,0.0017663771644734539,0.0024937822296554166
10000,0,multi,gaussian_matched,0.050000000000000003,458,25,0.050000000000000003,4.5663472893734705,1-<5%,True,False,3,0.050046104559551607,0.54882200279424309,0.069816226707861015,0.052690329262383859,1.4093688512707869,1.4312976837115265,1.3748844041376715,0.96058592128258835,,1.0129177554285047,False,False,False,,-1,,,False,2,0.050046104559551607,0.0048686244533226626,0.0017663771644734539,0.0024937822296554166
10000,0,multi,gaussian_matched,0.050000000000000003,458,26,0.02,4.5663472893734705,1-<5%,True,False,2,0.15524848606109246,0.433689294671741,0.040310825561161057,0.067014847179094922,1.4093688512707869,1.3817407329594276,1.3892948695794169,1.0054671158197745,,1.0333063026370988,False,False,False,,-1,,,False,2,0.0015825934719088863,0.15524848606109246,0.053849901883234547,0.012419461352341699
10000,0,multi,gaussian_matched,0.050000000000000003,458,26,0.050000000000000003,4.5663472893734705,1-<5%,True,False,2,0.15524848606109246,0.433689294671741,0.040310825561161057,0.067014847179094922,1.4093688512707869,1.3817407329594276,1.3892948695794169,1.0054671158197745,,1.0333063026370988,False,False,False,,-1,,,False,2,0.0015825934719088863,0.15524848606109246,0.053849901883234547,0.012419461352341699
10000,0,multi,gaussian_matched,0.050000000000000003,458,27,0.02,4.5663472893734705,1-<5%,True,False,3,0.030738156321149002,0.50798183851086876,0.081991477390882139,0.032972175719307793,1.4093688512707869,1.3920794490392023,1.3598410245748591,0.97684153409017438,,0.98825314539789044,False,False,False,,-1,,,False,2,0.030738156321149002,0.0095094981902510891,0.010751060330700323,0.0049756558030768852
10000,0,multi,gaussian_matched,0.050000000000000003,458,27,0.050000000000000003,4.5663472893734705,1-<5%,True,True,4,0.030738156321149002,0.50798183851086876,0.081991477390882139,0.032972175719307793,1.4093688512707869,1.3920794490392023,1.3598410245748591,0.97684153409017438,0.94524738152400656,0.98825314539789044,True,True,False,3>1>4>2,13,0,0,True,2,0.030738156321149002,0.0095094981902510891,0.010751060330700323,0.0049756558030768852
10000,0,multi,gaussian_matched,0.050000000000000003,458,28,0.02,4.5663472893734705,1-<5%,True,False,3,0.03037922932322799,0.51307051472887,0.037820990093342867,0.017865235447204725,1.4093688512707869,1.4271339401550067,1.382943978851594,0.96903586968255195,,0.9939266168936044,False,False,False,,-1,,,False,2,0.03037922932322799,0.0054382323138319026,0.019679405632145534,0.00039276827005173221
10000,0,multi,gaussian_matched,0.050000000000000003,458,28,0.050000000000000003,4.5663472893734705,1-<5%,True,True,4,0.03037922932322799,0.51307051472887,0.037820990093342867,0.017865235447204725,1.4093688512707869,1.4271339401550067,1.382943978851594,0.96903586968255195,0.93733178427593755,0.9939266168936044,True,True,False,3>1>4>2,13,0,0,True,2,0.03037922932322799,0.0054382323138319026,0.019679405632145534,0.00039276827005173221
10000,0,multi,gaussian_matched,0.050000000000000003,458,29,0.02,4.5663472893734705,1-<5%,True,False,2,0.056891829461603503,0.55320286546648578,0.10397746234996491,0.075789915790868009,1.4093688512707869,1.4158340442224919,1.3600896289024236,0.96062786062565653,,1.0188103301691396,False,False,False,,-1,,,False,2,0.056891829461603503,0.0095093201851247314,0.025822813252180221,0.00073631798283631928
10000,0,multi,gaussian_matched,0.050000000000000003,458,29,0.050000000000000003,4.5663472893734705,1-<5%,True,False,3,0.056891829461603503,0.55320286546648578,0.10397746234996491,0.075789915790868009,1.4093688512707869,1.4158340442224919,1.3600896289024236,0.96062786062565653,,1.0188103301691396,False,False,False,,-1,,,False,2,0.056891829461603503,0.0095093201851247314,0.025822813252180221,0.00073631798283631928
10000,0,multi,gaussian_matched,0.050000000000000003,458,30,0.02,4.5663472893734705,1-<5%,True,False,2,0.025468517595597855,0.50176803798711711,0.031480089403990823,0.018604113706598931,1.4093688512707869,1.4247992743535369,1.3832411774439284,0.97083231465817221,,0.99466175223506903,False,False,False,,-1,,,False,2,0.024732388414372863,0.0063845729633644844,0.025468517595597855,0.0016394745398033467
10000,0,multi,gaussian_matched,0.050000000000000003,458,30,0.050000000000000003,4.5663472893734705,1-<5%,True,True,4,0.025468517595597855,0.50176803798711711,0.031480089403990823,0.018604113706598931,1.4093688512707869,1.4247992743535369,1.3832411774439284,0.97083231465817221,0.93988054661007103,0.99466175223506903,True,True,False,3>1>4>2,13,0,0,True,2,0.024732388414372863,0.0063845729633644844,0.025468517595597855,0.0016394745398033467
10000,0,multi,gaussian_matched,0.050000000000000003,458,31,0.02,4.5663472893734705,1-<5%,True,False,2,0.077846419179642759,0.50320344986483279,0.18872641339865281,0.13876339526507134,1.4093688512707869,1.3376809083721137,1.319424131637513,0.98635191948966494,,1.0346386792838362,False,False,False,,-1,,,False,2,0.075585833334766123,0.017752456515841376,0.077846419179642759,0.013022121928085408
10000,0,multi,gaussian_matched,0.050000000000000003,458,31,0.050000000000000003,4.5663472893734705,1-<5%,True,False,2,0.077846419179642759,0.50320344986483279,0.18872641339865281,0.13876339526507134,1.4093688512707869,1.3376809083721137,1.319424131637513,0.98635191948966494,,1.0346386792838362,False,False,False,,-1,,,False,2,0.075585833334766123,0.017752456515841376,0.077846419179642759,0.013022121928085408
10000,0,multi,gaussian_matched,0.050000000000000003,459,0,0.02,13.405679412196328,>=10%,True,False,2,0.072516812161138061,0.37391568361877342,0.027995632641290458,0.1279900270340556,1.3313355146062129,1.3702880907000341,1.3734842771237219,1.0023324923024435,,1.1277955764605956,False,False,False,,-1,,,False,1,0.0076709576138178567,0.072516812161138061,0.039053435806488526,0.0079973922182650301
10000,0,multi,gaussian_matched,0.050000000000000003,459,0,0.050000000000000003,13.405679412196328,>=10%,True,False,3,0.072516812161138061,0.37391568361877342,0.027995632641290458,0.1279900270340556,1.3313355146062129,1.3702880907000341,1.3734842771237219,1.0023324923024435,,1.1277955764605956,False,False,False,,-1,,,False,1,0.0076709576138178567,0.072516812161138061,0.039053435806488526,0.0079973922182650301
10000,0,multi,gaussian_matched,0.050000000000000003,459,1,0.02,13.405679412196328,>=10%,True,False,2,0.050815680740607216,0.42603734195357157,-0.0027514014198028111,0.090847042533293718,1.3313355146062129,1.3898490078618475,1.396632643811383,1.004880843826317,,1.1172838627268564,False,False,False,,-1,,,False,1,0.0083886757948821687,0.050815680740607216,0.02535435828181928,0.0057546469734282785
10000,0,multi,gaussian_matched,0.050000000000000003,459,1,0.050000000000000003,13.405679412196328,>=10%,True,False,3,0.050815680740607216,0.42603734195357157,-0.0027514014198028111,0.090847042533293718,1.3313355146062129,1.3898490078618475,1.396632643811383,1.004880843826317,,1.1172838627268564,False,False,False,,-1,,,False,1,0.0083886757948821687,0.050815680740607216,0.02535435828181928,0.0057546469734282785
10000,0,multi,gaussian_matched,0.050000000000000003,459,2,0.02,13.405679412196328,>=10%,True,False,2,0.033113144034974965,0.57494495517661071,0.15424481655440991,0.12838897181957165,1.3313355146062129,1.2340501699527406,1.2548051412658661,1.016818579842601,,1.038952313605608,False,False,False,,-1,,,False,1,0.0039894854177394464,0.025998464460086447,0.033113144034974965,0.0094768647802781301
10000,0,multi,gaussian_matched,0.050000000000000003,459,2,0.050000000000000003,13.405679412196328,>=10%,True,True,4,0.033113144034974965,0.57494495517661071,0.15424481655440991,0.12838897181957165,1.3313355146062129,1.2340501699527406,1.2548051412658661,1.016818579842601,0.9710734641414166,1.038952313605608,True,True,False,2>3>1>4,8,0,0,True,1,0.0039894854177394464,0.025998464460086447,0.033113144034974965,0.0094768647802781301
10000,0,multi,gaussian_matched,0.050000000000000003,459,3,0.02,13.405679412196328,>=10%,True,False,2,0.045165776858611714,0.42112661456038408,0.035175673256916555,0.080254417910118295,1.3313355146062129,1.3531797225172713,1.3670208165636313,1.0102285703931566,,1.0870852753461098,False,False,False,,-1,,,False,1,0.0028229665497594247,0.045165776858611714,0.030945555596884566,0.0070255119756461194
10000,0,multi,gaussian_matched,0.050000000000000003,459,3,0.050000000000000003,13.405679412196328,>=10%,True,True,4,0.045165776858611714,0.42112661456038408,0.035175673256916555,0.080254417910118295,1.3313355146062129,1.3531797225172713,1.3670208165636313,1.0102285703931566,0.97582669627505914,1.0870852753461098,True,True,False,2>3>1>4,8,0,0,True,1,0.0028229665497594247,0.045165776858611714,0.030945555596884566,0.0070255119756461194
10000,0,multi,gaussian_matched,0.050000000000000003,459,4,0.02,13.405679412196328,>=10%,True,True,4,0.0082821314780076472,0.49485485205165936,0.076630081099326536,0.027122569324586898,1.3313355146062129,1.3047789513056698,1.3288989946542,1.0184859230940182,1.0018176145323796,1.0185423201752983,True,True,False,2>3>1>4,8,0,0,True,1,0.0069497980934234461,0.006850956020837135,0.0028474134252914679,0.0082821314780076472
10000,0,multi,gaussian_matched,0.050000000000000003,459,4,0.050000000000000003,13.405679412196328,>=10%,True,True,4,0.0082821314780076472,0.49485485205165936,0.076630081099326536,0.027122569324586898,1.3313355146062129,1.3047789513056698,1.3288989946542,1.0184859230940182,0.97800650219357266,1.0185423201752983,True,True,False,2>3>1>4,8,0,0,True,1,0.0069497980934234461,0.006850956020837135,0.0028474134252914679,0.0082821314780076472
10000,0,multi,gaussian_matched,0.050000000000000003,459,5,0.02,13.405679412196328,>=10%,True,True,4,0.010987994438199838,0.54480038631322392,0.063628644871510265,0.046827498063080883,1.3313355146062129,1.3195650204879976,1.3328742461369294,1.0100860703658314,0.99142022189825851,1.0363291064222104,True,True,False,2>3>1>4,8,0,0,True,1,0.0012181469438328004,0.010987994438199838,0.007809047243754268,0.007212455967340819
10000,0,multi,gaussian_matched,0.050000000000000003,459,5,0.050000000000000003,13.405679412196328,>=10%,True,True,4,0.010987994438199838,0.54480038631322392,0.063628644871510265,0.046827498063080883,1.3313355146062129,1.3195650204879976,1.3328742461369294,1.0100860703658314,0.96809262731349788,1.0363291064222104,True,True,False,2>3>1>4,8,0,0,True,1,0.0012181469438328004,0.010987994438199838,0.007809047243754268,0.007212455967340819
10000,0,multi,gaussian_matched,0.050000000000000003,459,6,0.02,13.405679412196328,>=10%,True,False,2,0.030154867355389286,0.44663505152345301,0.04923952780267709,0.053370366720375984,1.3313355146062129,1.3355522089863117,1.3546785116489644,1.0143208947834166,,1.0576213605973082,False,False,False,,-1,,,False,1,0.0012198607978852387,0.030154867355389286,0.021565945684239234,0.0072965320548476235
10000,0,multi,gaussian_matched,0.050000000000000003,459,6,0.050000000000000003,13.405679412196328,>=10%,True,True,4,0.030154867355389286,0.44663505152345301,0.04923952780267709,0.053370366720375984,1.3313355146062129,1.3355522089863117,1.3546785116489644,1.0143208947834166,0.97797896400683448,1.0576213605973082,True,True,False,2>3>1>4,8,0,0,True,1,0.0012198607978852387,0.030154867355389286,0.021565945684239234,0.0072965320548476235
10000,0,multi,gaussian_matched,0.050000000000000003,459,7,0.02,13.405679412196328,>=10%,True,True,4,0.0075287402842970268,0.50857288757251873,0.057986805647260574,0.011716802711412334,1.3313355146062129,1.3233613439206298,1.3424765414496518,1.0144444279083979,0.99738130263678915,1.0171690977248602,True,True,False,2>3>1>4,8,0,0,True,1,0.0040570284021535499,0.0034784577497812162,0.0027674134794696734,0.0075287402842970268
10000,0,multi,gaussian_matched,0.050000000000000003,459,7,0.050000000000000003,13.405679412196328,>=10%,True,True,4,0.0075287402842970268,0.50857288757251873,0.057986805647260574,0.011716802711412334,1.3313355146062129,1.3233613439206298,1.3424765414496518,1.0144444279083979,0.97405653021305039,1.0171690977248602,True,True,False,2>3>1>4,8,0,0,True,1,0.0040570284021535499,0.0034784577497812162,0.0027674134794696734,0.0075287402842970268
10000,0,multi,gaussian_matched,0.050000000000000003,459,8,0.02,13.405679412196328,>=10%,True,True,4,0.0078224374528317077,0.51878140625902402,0.069604401319958625,0.027149102603594513,1.3313355146062129,1.3119745255456345,1.3318122946293389,1.0151205444141183,0.99729357308980049,1.0207505037788254,True,True,False,2>3>1>4,8,0,0,True,1,0.0047901390289813517,0.0016938308999693609,0.0021131606360413921,0.0078224374528317077
10000,0,multi,gaussian_matched,0.050000000000000003,459,8,0.050000000000000003,13.405679412196328,>=10%,True,True,4,0.0078224374528317077,0.51878140625902402,0.069604401319958625,0.027149102603594513,1.3313355146062129,1.3119745255456345,1.3318122946293389,1.0151205444141183,0.97371323626063866,1.0207505037788254,True,True,False,2>3>1>4,8,0,0,True,1,0.0047901390289813517,0.0016938308999693609,0.0021131606360413921,0.0078224374528317077
10000,0,multi,gaussian_matched,0.050000000000000003,459,9,0.02,13.405679412196328,>=10%,True,True,4,0.0074634851760208417,0.51757597862756111,0.058651811347528872,0.019590019507639958,1.3313355146062129,1.3228825598259817,1.3408796344662264,1.0136044386605354,0.99606442292783282,1.0218833938162244,True,True,False,2>3>1>4,8,0,0,True,1,0.0036567897921384457,3.8061919592548953e-05,0.00027559939560527766,0.0074634851760208417
10000,0,multi,gaussian_matched,0.050000000000000003,459,9,0.050000000000000003,13.405679412196328,>=10%,True,True,4,0.0074634851760208417,0.51757597862756111,0.058651811347528872,0.019590019507639958,1.3313355146062129,1.3228825598259817,1.3408796344662264,1.0136044386605354,0.97274546585979793,1.0218833938162244,True,True,False,2>3>1>4,8,0,0,True,1,0.0036567897921384457,3.8061919592548953e-05,0.00027559939560527766,0.0074634851760208417
10000,0,multi,gaussian_matched,0.050000000000000003,459,10,0.02,13.405679412196328,>=10%,True,False,3,0.025972990324373089,0.46058225183576151,0.037114957631740039,0.04147026871351548,1.3313355146062129,1.3461391368023083,1.36341064737541,1.0128304051943169,,1.0552418234741272,False,False,False,,-1,,,False,1,0.00015616356422782553,0.025972990324373089,0.019705024876289317,0.0068524064619484622
10000,0,multi,gaussian_matched,0.050000000000000003,459,10,0.050000000000000003,13.405679412196328,>=10%,True,True,4,0.025972990324373089,0.46058225183576151,0.037114957631740039,0.04147026871351548,1.3313355146062129,1.3461391368023083,1.36341064737541,1.0128304051943169,0.97612311530974727,1.0552418234741272,True,True,False,2>3>1>4,8,0,0,True,1,0.00015616356422782553,0.025972990324373089,0.019705024876289317,0.0068524064619484622
10000,0,multi,gaussian_matched,0.050000000000000003,459,11,0.02,13.405679412196328,>=10%,True,True,4,0.017748435982541805,0.56104680512787197,0.06866922019870135,0.063837702019637066,1.3313355146062129,1.3163270066420178,1.3258108273900948,1.0072047604434331,0.98812179004970346,1.0438003900322355,True,True,False,2>3>1>4,8,0,0,True,1,0.00074803093043862828,0.017748435982541805,0.013212355169334149,0.0069934873043019982
10000,0,multi,gaussian_matched,0.050000000000000003,459,11,0.050000000000000003,13.405679412196328,>=10%,True,True,4,0.017748435982541805,0.56104680512787197,0.06866922019870135,0.063837702019637066,1.3313355146062129,1.3163270066420178,1.3258108273900948,1.0072047604434331,0.96477609054803171,1.0438003900322355,True,True,False,2>3>1>4,8,0,0,True,1,0.00074803093043862828,0.017748435982541805,0.013212355169334149,0.0069934873043019982
10000,0,multi,gaussian_matched,0.050000000000000003,459,12,0.02,13.405679412196328,>=10%,True,False,2,0.027075916782567693,0.58009888476358262,0.10832444736935012,0.099083664149595213,1.3313355146062129,1.2801169209127106,1.2898558010543413,1.0076078051797699,,1.043267793854926,False,False,False,,-1,,,False,1,0.00076310512574819921,0.027075916782567693,0.025624639976951264,0.0077525324769744889
10000,0,multi,gaussian_matched,0.050000000000000003,459,12,0.050000000000000003,13.405679412196328,>=10%,True,True,4,0.027075916782567693,0.58009888476358262,0.10832444736935012,0.099083664149595213,1.3313355146062129,1.2801169209127106,1.2898558010543413,1.0076078051797699,0.96363584822566284,1.043267793854926,True,True,False,2>3>1>4,8,0,0,True,1,0.00076310512574819921,0.027075916782567693,0.025624639976951264,0.0077525324769744889
10000,0,multi,gaussian_matched,0.050000000000000003,459,13,0.02,13.405679412196328,>=10%,True,False,3,0.020380002523604581,0.45981256245181357,0.12524566364906431,0.085304982472757723,1.3313355146062129,1.258527685270443,1.2936899335238281,1.0279391932850719,,1.0357981897632091,False,False,False,,-1,,,False,1,0.013318805938228893,0.020380002523604581,0.0024290633829908521,0.010100435771133424
10000,0,multi,gaussian_matched,0.050000000000000003,459,13,0.050000000000000003,13.405679412196328,>=10%,True,True,4,0.020380002523604581,0.45981256245181357,0.12524566364906431,0.085304982472757723,1.3313355146062129,1.258527685270443,1.2936899335238281,1.0279391932850719,0.9875821602738728,1.0357981897632091,True,True,False,2>3>1>4,8,0,0,True,1,0.013318805938228893,0.020380002523604581,0.0024290633829908521,0.010100435771133424
10000,0,multi,gaussian_matched,0.050000000000000003,459,14,0.02,13.405679412196328,>=10%,True,True,4,0.019411525965750128,0.54145962127797576,0.12826719503634276,0.088570051458549445,1.3313355146062129,1.2548983115424654,1.2808387334907603,1.0206713338520712,1.0010962240632955,1.0285978026766289,True,True,False,2>3>1>4,8,0,0,True,1,0.0069420073943606353,0.012075835138582324,0.019411525965750128,0.0093583828061422052
10000,0,multi,gaussian_matched,0.050000000000000003,459,14,0.050000000000000003,13.405679412196328,>=10%,True,True,4,0.019411525965750128,0.54145962127797576,0.12826719503634276,0.088570051458549445,1.3313355146062129,1.2548983115424654,1.2808387334907603,1.0206713338520712,0.97609469929128478,1.0285978026766289,True,True,False,2>3>1>4,8,0,0,True,1,0.0069420073943606353,0.012075835138582324,0.019411525965750128,0.0093583828061422052
10000,0,multi,gaussian_matched,0.050000000000000003,459,15,0.02,13.405679412196328,>=10%,True,True,4,0.019218525374175111,0.56317038329190428,0.077625488069268916,0.068946826731267466,1.3313355146062129,1.3077264395631349,1.3180455427712934,1.0078908729654543,0.98863937762716447,1.0418052807017697,True,True,False,2>3>1>4,8,0,0,True,1,0.00037431363659341647,0.019218525374175111,0.015380187268809598,0.0072199142362787206
10000,0,multi,gaussian_matched,0.050000000000000003,459,15,0.050000000000000003,13.405679412196328,>=10%,True,True,4,0.019218525374175111,0.56317038329190428,0.077625488069268916,0.068946826731267466,1.3313355146062129,1.3077264395631349,1.3180455427712934,1.0078908729654543,0.96510119783695725,1.0418052807017697,True,True,False,2>3>1>4,8,0,0,True,1,0.00037431363659341647,0.019218525374175111,0.015380187268809598,0.0072199142362787206
10000,0,multi,gaussian_matched,0.050000000000000003,459,16,0.02,13.405679412196328,>=10%,True,True,4,0.01634116434279247,0.52568360170009532,-0.04121311986728593,0.094760121529116934,1.3313355146062129,1.4229713801887642,1.420974725291906,0.99859684114195368,0.98283401423525085,1.1385070331195606,True,True,False,2>3>1>4,8,0,0,True,1,0.010756774537683719,0.01634116434279247,0.0018115757610444505,0.0036045939034691403
10000,0,multi,gaussian_matched,0.050000000000000003,459,16,0.050000000000000003,13.405679412196328,>=10%,True,True,4,0.01634116434279247,0.52568360170009532,-0.04121311986728593,0.094760121529116934,1.3313355146062129,1.4229713801887642,1.420974725291906,0.99859684114195368,0.96161948797121155,1.1385070331195606,True,True,False,2>3>1>4,8,0,0,True,1,0.010756774537683719,0.01634116434279247,0.0018115757610444505,0.0036045939034691403
10000,0,multi,gaussian_matched,0.050000000000000003,459,17,0.02,13.405679412196328,>=10%,True,False,2,0.061009403061793116,0.38981343991333456,0.041130628086837255,0.11054294994194036,1.3313355146062129,1.3536540253398601,1.363160285754371,1.0070226662326986,,1.1069360199049512,False,False,False,,-1,,,False,1,0.0043938117349540673,0.061009403061793116,0.037662644439722927,0.0078344924268552232
10000,0,multi,gaussian_matched,0.050000000000000003,459,17,0.050000000000000003,13.405679412196328,>=10%,True,False,3,0.061009403061793116,0.38981343991333456,0.041130628086837255,0.11054294994194036,1.3313355146062129,1.3536540253398601,1.363160285754371,1.0070226662326986,,1.1069360199049512,False,False,False,,-1,,,False,1,0.0043938117349540673,0.061009403061793116,0.037662644439722927,0.0078344924268552232
10000,0,multi,gaussian_matched,0.050000000000000003,459,18,0.02,13.405679412196328,>=10%,True,True,4,0.014162799189281152,0.5489493103907791,0.085064081853444606,0.060212331161962979,1.3313355146062129,1.298637244657908,1.3145625053786403,1.0122630555886509,0.99313800289323817,1.0326283806432062,True,True,False,2>3>1>4,8,0,0,True,1,0.0023899721868552775,0.014162799189281152,0.01293887762582363,0.0078087526896083873
10000,0,multi,gaussian_matched,0.050000000000000003,459,18,0.050000000000000003,13.405679412196328,>=10%,True,True,4,0.014162799189281152,0.5489493103907791,0.085064081853444606,0.060212331161962979,1.3313355146062129,1.298637244657908,1.3145625053786403,1.0122630555886509,0.96932392841255399,1.0326283806432062,True,True,False,2>3>1>4,8,0,0,True,1,0.0023899721868552775,0.014162799189281152,0.01293887762582363,0.0078087526896083873
10000,0,multi,gaussian_matched,0.050000000000000003,459,19,0.02,13.405679412196328,>=10%,True,False,3,0.022748582939294382,0.51395390415776188,0.17833903988803818,0.12909539341365928,1.3313355146062129,1.2031405429227235,1.2457842768595406,1.0354436846033175,,1.0327071239287617,False,False,False,,-1,,,False,1,0.015056955163362142,0.0013368912750342916,0.022748582939294382,0.011522433448227379
10000,0,multi,gaussian_matched,0.050000000000000003,459,19,0.050000000000000003,13.405679412196328,>=10%,True,True,4,0.022748582939294382,0.51395390415776188,0.17833903988803818,0.12909539341365928,1.3313355146062129,1.2031405429227235,1.2457842768595406,1.0354436846033175,0.98942766455583231,1.0327071239287617,True,True,False,2>3>1>4,8,0,0,True,1,0.015056955163362142,0.0013368912750342916,0.022748582939294382,0.011522433448227379
10000,0,multi,gaussian_matched,0.050000000000000003,459,20,0.02,13.405679412196328,>=10%,True,True,4,0.013272686309962882,0.53145162037854143,0.1101303806352997,0.067859171080863548,1.3313355146062129,1.2721450567809511,1.2970410763772344,1.0195701107067778,1.0005091307498073,1.0252113253824022,True,True,False,2>3>1>4,8,0,0,True,1,0.0068754891426837401,0.0080696932098749917,0.013272686309962882,0.0089653375612091853
10000,0,multi,gaussian_matched,0.050000000000000003,459,20,0.050000000000000003,13.405679412196328,>=10%,True,True,4,0.013272686309962882,0.53145162037854143,0.1101303806352997,0.067859171080863548,1.3313355146062129,1.2721450567809511,1.2970410763772344,1.0195701107067778,0.97594222995672564,1.0252113253824022,True,True,False,2>3>1>4,8,0,0,True,1,0.0068754891426837401,0.0080696932098749917,0.013272686309962882,0.0089653375612091853
10000,0,multi,gaussian_matched,0.050000000000000003,459,21,0.02,13.405679412196328,>=10%,True,True,4,0.015286642692532109,0.49365291661372668,0.1532715328628762,0.10346639535308276,1.3313355146062129,1.2281871287691044,1.2680123085338253,1.0324259869134387,1.0144581215384216,1.0301525714895159,True,True,False,2>3>1>4,8,0,0,True,1,0.015286642692532109,0.006759833340447107,0.01240076062388858,0.010887582101413594
10000,0,multi,gaussian_matched,0.050000000000000003,459,21,0.050000000000000003,13.405679412196328,>=10%,True,True,4,0.015286642692532109,0.49365291661372668,0.1532715328628762,0.10346639535308276,1.3313355146062129,1.2281871287691044,1.2680123085338253,1.0324259869134387,0.98844158293537954,1.0301525714895159,True,True,False,2>3>1>4,8,0,0,True,1,0.015286642692532109,0.006759833340447107,0.01240076062388858,0.010887582101413594
10000,0,multi,gaussian_matched,0.050000000000000003,459,22,0.02,13.405679412196328,>=10%,True,False,2,0.026678200775989761,0.4669164322560293,0.019763842418354279,0.044819054875934301,1.3313355146062129,1.3629149540626371,1.376809052230819,1.0101943985035646,,1.0678210650207491,False,False,False,,-1,,,False,1,0.0022113005104389283,0.026678200775989761,0.020133353291559276,0.0061894165449826663
10000,0,multi,gaussian_matched,0.050000000000000003,459,22,0.050000000000000003,13.405679412196328,>=10%,True,True,4,0.026678200775989761,0.4669164322560293,0.019763842418354279,0.044819054875934301,1.3313355146062129,1.3629149540626371,1.376809052230819,1.0101943985035646,0.97378412484885368,1.0678210650207491,True,True,False,2>3>1>4,8,0,0,True,1,0.0022113005104389283,0.026678200775989761,0.020133353291559276,0.0061894165449826663
10000,0,multi,gaussian_matched,0.050000000000000003,459,23,0.02,13.405679412196328,>=10%,True,True,4,0.007627319671402232,0.52865024927695003,0.067699808069726627,0.033676698017123585,1.3313355146062129,1.3143203613212795,1.3320264716194932,1.0134716853054104,0.99525801831639749,1.0258144206725899,True,True,False,2>3>1>4,8,0,0,True,1,0.0035905505846619444,0.0052464979983865992,0.0043306941946717531,0.007627319671402232
10000,0,multi,gaussian_matched,0.050000000000000003,459,23,0.050000000000000003,13.405679412196328,>=10%,True,True,4,0.007627319671402232,0.52865024927695003,0.067699808069726627,0.033676698017123585,1.3313355146062129,1.3143203613212795,1.3320264716194932,1.0134716853054104,0.97175930333088856,1.0258144206725899,True,True,False,2>3>1>4,8,0,0,True,1,0.0035905505846619444,0.0052464979983865992,0.0043306941946717531,0.007627319671402232
10000,0,multi,gaussian_matched,0.050000000000000003,459,24,0.02,13.405679412196328,>=10%,True,True,4,0.015680566955347554,0.48404417746388334,0.14650006686113132,0.097810281550596012,1.3313355146062129,1.2353405699980693,1.2744938349570654,1.0316943083631238,1.0144417701858803,1.0307725599234587,True,True,False,2>3>1>4,8,0,0,True,1,0.015680566955347554,0.010620443936815006,0.008513252073703962,0.010731808476323601
10000,0,multi,gaussian_matched,0.050000000000000003,459,24,0.050000000000000003,13.405679412196328,>=10%,True,True,4,0.015680566955347554,0.48404417746388334,0.14650006686113132,0.097810281550596012,1.3313355146062129,1.2353405699980693,1.2744938349570654,1.0316943083631238,0.98862187683686753,1.0307725599234587,True,True,False,2>3>1>4,8,0,0,True,1,0.015680566955347554,0.010620443936815006,0.008513252073703962,0.010731808476323601
10000,0,multi,gaussian_matched,0.050000000000000003,459,25,0.02,13.405679412196328,>=10%,True,False,2,0.044934405558138255,0.41083470038056924,0.072748985444786071,0.092021557229759743,1.3313355146062129,1.3181923043759656,1.338045802086818,1.0150611543133314,,1.074160002213693,False,False,False,,-1,,,False,1,0.0022091069311027172,0.044934405558138255,0.027806926245776346,0.0083744896669482941
10000,0,multi,gaussian_matched,0.050000000000000003,459,25,0.050000000000000003,13.405679412196328,>=10%,True,True,4,0.044934405558138255,0.41083470038056924,0.072748985444786071,0.092021557229759743,1.3313355146062129,1.3181923043759656,1.338045802086818,1.0150611543133314,0.97998341987787996,1.074160002213693,True,True,False,2>3>1>4,8,0,0,True,1,0.0022091069311027172,0.044934405558138255,0.027806926245776346,0.0083744896669482941
10000,0,multi,gaussian_matched,0.050000000000000003,459,26,0.02,13.405679412196328,>=10%,True,True,4,0.014423431010251541,0.49527813305224816,0.023804614864354624,0.026617554919208152,1.3313355146062129,1.3575876355053467,1.3714020335362291,1.0101756952329197,0.99456962384444481,1.0500881056034539,True,True,False,2>3>1>4,8,0,0,True,1,0.0007321004178752501,0.014423431010251541,0.012489115959940582,0.0063658381973316939
10000,0,multi,gaussian_matched,0.050000000000000003,459,26,0.050000000000000003,13.405679412196328,>=10%,True,True,4,0.014423431010251541,0.49527813305224816,0.023804614864354624,0.026617554919208152,1.3313355146062129,1.3575876355053467,1.3714020335362291,1.0101756952329197,0.97201982244791041,1.0500881056034539,True,True,False,2>3>1>4,8,0,0,True,1,0.0007321004178752501,0.014423431010251541,0.012489115959940582,0.0063658381973316939
10000,0,multi,gaussian_matched,0.050000000000000003,459,27,0.02,13.405679412196328,>=10%,True,True,4,0.0096783221971528631,0.57142149930485686,-0.009257769362718285,0.092803630278124272,1.3313355146062129,1.3949408844712992,1.3881448102207563,0.99512805572895757,0.977270058906474,1.1123780776905969,True,True,False,2>3>1>4,8,0,0,True,1,0.0096783221971528631,0.0085414907102959285,0.0092591287030597217,0.0041065022038463362
10000,0,multi,gaussian_matched,0.050000000000000003,459,27,0.050000000000000003,13.405679412196328,>=10%,True,True,4,0.0096783221971528631,0.57142149930485686,-0.009257769362718285,0.092803630278124272,1.3313355146062129,1.3949408844712992,1.3881448102207563,0.99512805572895757,0.95559137941471761,1.1123780776905969,True,True,False,2>3>1>4,8,0,0,True,1,0.0096783221971528631,0.0085414907102959285,0.0092591287030597217,0.0041065022038463362
10000,0,multi,gaussian_matched,0.050000000000000003,459,28,0.02,13.405679412196328,>=10%,True,True,4,0.019615117947321094,0.57436428931792038,0.039355670549577754,0.075122228902026689,1.3313355146062129,1.3471922482898138,1.3472917883735871,1.0000738870668977,0.98130061632447185,1.0684113821573673,True,True,False,2>3>1>4,8,0,0,True,1,0.0053140376718014762,0.019615117947321094,0.013221829280184691,0.0056801897321591532
10000,0,multi,gaussian_matched,0.050000000000000003,459,28,0.050000000000000003,13.405679412196328,>=10%,True,True,4,0.019615117947321094,0.57436428931792038,0.039355670549577754,0.075122228902026689,1.3313355146062129,1.3471922482898138,1.3472917883735871,1.0000738870668977,0.95868251526314374,1.0684113821573673,True,True,False,2>3>1>4,8,0,0,True,1,0.0053140376718014762,0.019615117947321094,0.013221829280184691,0.0056801897321591532
10000,0,multi,gaussian_matched,0.050000000000000003,459,29,0.02,13.405679412196328,>=10%,True,False,3,0.022522315536967159,0.45967088827799385,0.062447717594863304,0.042206432277646061,1.3313355146062129,1.3210010946293438,1.3433224426876316,1.0168972971703334,,1.0407060126951502,False,False,False,,-1,,,False,1,0.0039901269998936775,0.022522315536967159,0.015248934237695419,0.0078308331307527304
10000,0,multi,gaussian_matched,0.050000000000000003,459,29,0.050000000000000003,13.405679412196328,>=10%,True,True,4,0.022522315536967159,0.45967088827799385,0.062447717594863304,0.042206432277646061,1.3313355146062129,1.3210010946293438,1.3433224426876316,1.0168972971703334,0.97924596029812261,1.0407060126951502,True,True,False,2>3>1>4,8,0,0,True,1,0.0039901269998936775,0.022522315536967159,0.015248934237695419,0.0078308331307527304
10000,0,multi,gaussian_matched,0.050000000000000003,459,30,0.02,13.405679412196328,>=10%,True,True,4,0.0087137950225884067,0.49159345040288366,0.08850119718662032,0.039408276553685992,1.3313355146062129,1.2929896995817718,1.3197025329599954,1.0206597418269179,1.0039506325940484,1.0208627311468395,True,True,False,2>3>1>4,8,0,0,True,1,0.0086411806722868859,0.0074099656385159625,0.0013851190144159591,0.0087137950225884067
10000,0,multi,gaussian_matched,0.050000000000000003,459,30,0.050000000000000003,13.405679412196328,>=10%,True,True,4,0.0087137950225884067,0.49159345040288366,0.08850119718662032,0.039408276553685992,1.3313355146062129,1.2929896995817718,1.3197025329599954,1.0206597418269179,0.97982579864218133,1.0208627311468395,True,True,False,2>3>1>4,8,0,0,True,1,0.0086411806722868859,0.0074099656385159625,0.0013851190144159591,0.0087137950225884067
10000,0,multi,gaussian_matched,0.050000000000000003,459,31,0.02,13.405679412196328,>=10%,True,True,4,0.011447789482633607,0.54235765220053744,0.081038270334134202,0.052512331173510951,1.3313355146062129,1.3020063839539069,1.3189831599992052,1.0130389345663142,0.99413446696538421,1.0301651808472803,True,True,False,2>3>1>4,8,0,0,True,1,0.0030107663197933279,0.011447789482633607,0.010450599629431531,0.0078221954444114908
10000,0,multi,gaussian_matched,0.050000000000000003,459,31,0.050000000000000003,13.405679412196328,>=10%,True,True,4,0.011447789482633607,0.54235765220053744,0.081038270334134202,0.052512331173510951,1.3313355146062129,1.3020063839539069,1.3189831599992052,1.0130389345663142,0.97037850517073265,1.0301651808472803,True,True,False,2>3>1>4,8,0,0,True,1,0.0030107663197933279,0.011447789482633607,0.010450599629431531,0.0078221954444114908
10000,0,multi,gaussian_matched,0.050000000000000003,460,0,0.02,16.351808986105468,>=10%,True,True,4,0.014882203450930706,0.52195200018449517,0.028838321994872511,0.030491095882122253,1.3850402877090846,1.3992816787203552,1.3943655748506099,0.99648669460587724,0.98034185566780474,1.0287474547686302,True,True,False,4>3>1>2,22,0,0,True,1,0.0017304509368376861,0.00038549136947494496,0.0068819971100090955,0.014882203450930706
10000,0,multi,gaussian_matched,0.050000000000000003,460,0,0.050000000000000003,16.351808986105468,>=10%,True,True,4,0.014882203450930706,0.52195200018449517,0.028838321994872511,0.030491095882122253,1.3850402877090846,1.3992816787203552,1.3943655748506099,0.99648669460587724,0.95889477233517129,1.0287474547686302,True,True,False,4>3>1>2,22,0,0,True,1,0.0017304509368376861,0.00038549136947494496,0.0068819971100090955,0.014882203450930706
10000,0,multi,gaussian_matched,0.050000000000000003,460,1,0.02,16.351808986105468,>=10%,True,False,2,0.029161985217110761,0.45399327839460274,0.16668148082673456,0.12542402640960046,1.3850402877090846,1.296059255717545,1.311020938599039,1.011543980582285,,1.0371142108686098,False,False,False,,-1,,,False,1,0.011135041482357543,0.004604434545835148,0.024642082193590285,0.029161985217110761
10000,0,multi,gaussian_matched,0.050000000000000003,460,1,0.050000000000000003,16.351808986105468,>=10%,True,True,4,0.029161985217110761,0.45399327839460274,0.16668148082673456,0.12542402640960046,1.3850402877090846,1.296059255717545,1.311020938599039,1.011543980582285,0.96692739141563089,1.0371142108686098,True,True,False,4>3>1>2,22,0,0,True,1,0.011135041482357543,0.004604434545835148,0.024642082193590285,0.029161985217110761
10000,0,multi,gaussian_matched,0.050000000000000003,460,2,0.02,16.351808986105468,>=10%,True,False,2,0.026983261889772379,0.50883354582996987,-0.032176949120482939,0.082650362967627788,1.3850402877090846,1.4616430686344941,1.4335983226485198,0.98081286287480951,,1.0947325497109455,False,False,False,,-1,,,False,1,0.010933619380051947,0.0042760640391926183,0.026983261889772379,0.020952918880427412
10000,0,multi,gaussian_matched,0.050000000000000003,460,2,0.050000000000000003,16.351808986105468,>=10%,True,True,4,0.026983261889772379,0.50883354582996987,-0.032176949120482939,0.082650362967627788,1.3850402877090846,1.4616430686344941,1.4335983226485198,0.98081286287480951,0.94404599353826402,1.0947325497109455,True,True,False,4>3>1>2,22,0,0,True,1,0.010933619380051947,0.0042760640391926183,0.026983261889772379,0.020952918880427412
10000,0,multi,gaussian_matched,0.050000000000000003,460,3,0.02,16.351808986105468,>=10%,True,False,3,0.024846172905595938,0.57367246245996972,0.12085627677027522,0.10221665071142515,1.3850402877090846,1.298165972113843,1.3301930414717209,1.02467101283338,,1.0342007412307206,False,False,False,,-1,,,False,1,0.013292012817374795,0.0049195519017162627,0.0015479895741934463,0.024846172905595938
10000,0,multi,gaussian_matched,0.050000000000000003,460,3,0.050000000000000003,16.351808986105468,>=10%,True,True,4,0.024846172905595938,0.57367246245996972,0.12085627677027522,0.10221665071142515,1.3850402877090846,1.298165972113843,1.3301930414717209,1.02467101283338,0.98800874885469225,1.0342007412307206,True,True,False,4>3>1>2,22,0,0,True,1,0.013292012817374795,0.0049195519017162627,0.0015479895741934463,0.024846172905595938
10000,0,multi,gaussian_matched,0.050000000000000003,460,4,0.02,16.351808986105468,>=10%,True,False,2,0.028971710091200285,0.53104046249473702,-0.031178960882779203,0.086911069501502347,1.3850402877090846,1.4556202866622052,1.4333360053987854,0.98469086926885407,,1.0976193894076836,False,False,False,,-1,,,False,1,0.0080462315281794317,0.0030678577260892957,0.023777579472032982,0.028971710091200285
10000,0,multi,gaussian_matched,0.050000000000000003,460,4,0.050000000000000003,16.351808986105468,>=10%,True,True,4,0.028971710091200285,0.53104046249473702,-0.031178960882779203,0.086911069501502347,1.3850402877090846,1.4556202866622052,1.4333360053987854,0.98469086926885407,0.94954026571245798,1.0976193894076836,True,True,False,4>3>1>2,22,0,0,True,1,0.0080462315281794317,0.0030678577260892957,0.023777579472032982,0.028971710091200285
10000,0,multi,gaussian_matched,0.050000000000000003,460,5,0.02,16.351808986105468,>=10%,True,False,3,0.041914435054320465,0.45421363827525774,-0.044842216153092571,0.10531589094158049,1.3850402877090846,1.4895032433876096,1.4396968046895555,0.96656171181958739,,1.1155001838875407,False,False,False,,-1,,,False,1,0.01900835442846122,0.0080737930104986515,0.041914435054320465,0.00032474610776470775
10000,0,multi,gaussian_matched,0.050000000000000003,460,5,0.050000000000000003,16.351808986105468,>=10%,True,True,4,0.041914435054320465,0.45421363827525774,-0.044842216153092571,0.10531589094158049,1.3850402877090846,1.4895032433876096,1.4396968046895555,0.96656171181958739,0.92773368978972959,1.1155001838875407,True,True,False,4>3>1>2,22,0,0,True,1,0.01900835442846122,0.0080737930104986515,0.041914435054320465,0.00032474610776470775
10000,0,multi,gaussian_matched,0.050000000000000003,460,6,0.02,16.351808986105468,>=10%,True,True,4,0.0065332711054095346,0.51739975584766118,0.098456373108112713,0.051485644585173913,1.3850402877090846,1.3335912819238296,1.3493903946993033,1.0118470426356432,0.9951598037200966,1.0114334230678486,True,True,False,4>3>1>2,22,0,0,True,1,0.0065332711054095346,0.0028101708832442341,0.0044133971642706191,0.0040232010264322493
10000,0,multi,gaussian_matched,0.050000000000000003,460,6,0.050000000000000003,16.351808986105468,>=10%,True,True,4,0.0065332711054095346,0.51739975584766118,0.098456373108112713,0.051485644585173913,1.3850402877090846,1.3335912819238296,1.3493903946993033,1.0118470426356432,0.97259532029920281,1.0114334230678486,True,True,False,4>3>1>2,22,0,0,True,1,0.0065332711054095346,0.0028101708832442341,0.0044133971642706191,0.0040232010264322493
10000,0,multi,gaussian_matched,0.050000000000000003,460,7,0.02,16.351808986105468,>=10%,True,True,4,0.0069464417493491403,0.51082225071411114,0.10602115583194387,0.057056910284960377,1.3850402877090846,1.3284357769441999,1.3447799424177027,1.0123033162439357,0.99513838355002504,1.0121271309886304,True,True,False,4>3>1>2,22,0,0,True,1,0.0069464417493491403,0.0030137282677538311,0.0066331193691416901,0.00073941747634392516
10000,0,multi,gaussian_matched,0.050000000000000003,460,7,0.050000000000000003,16.351808986105468,>=10%,True,True,4,0.0069464417493491403,0.51082225071411114,0.10602115583194387,0.057056910284960377,1.3850402877090846,1.3284357769441999,1.3447799424177027,1.0123033162439357,0.97247356856691736,1.0121271309886304,True,True,False,4>3>1>2,22,0,0,True,1,0.0069464417493491403,0.0030137282677538311,0.0066331193691416901,0.00073941747634392516
10000,0,multi,gaussian_matched,0.050000000000000003,460,8,0.02,16.351808986105468,>=10%,True,True,4,0.0092342599311598904,0.53008566182819739,0.097422193970766,0.056160586968456876,1.3850402877090846,1.3309524914183639,1.3493472416900549,1.0138207414541809,0.99802831506021938,1.0147775780466872,True,True,False,4>3>1>2,22,0,0,True,1,0.0074202289658855279,0.0029922675446112301,0.0020831137044471744,0.0092342599311598904
10000,0,multi,gaussian_matched,0.050000000000000003,460,8,0.050000000000000003,16.351808986105468,>=10%,True,True,4,0.0092342599311598904,0.53008566182819739,0.097422193970766,0.056160586968456876,1.3850402877090846,1.3309524914183639,1.3493472416900549,1.0138207414541809,0.97540978759186214,1.0147775780466872,True,True,False,4>3>1>2,22,0,0,True,1,0.0074202289658855279,0.0029922675446112301,0.0020831137044471744,0.0092342599311598904
10000,0,multi,gaussian_matched,0.050000000000000003,460,9,0.02,16.351808986105468,>=10%,True,True,4,0.0085318236785891927,0.48008989356142623,0.072152519628248535,0.029785004016707355,1.3850402877090846,1.3707076510365559,1.3684688819812911,0.99836670565486973,0.97870557373222544,1.009540226667897,True,True,False,4>3>1>2,22,0,0,True,1,0.00066570016929643828,0.0004736378122875757,0.0085318236785891927,0.0082414578417643568
10000,0,multi,gaussian_matched,0.050000000000000003,460,9,0.050000000000000003,16.351808986105468,>=10%,True,True,4,0.0085318236785891927,0.48008989356142623,0.072152519628248535,0.029785004016707355,1.3850402877090846,1.3707076510365559,1.3684688819812911,0.99836670565486973,0.95681781265173083,1.009540226667897,True,True,False,4>3>1>2,22,0,0,True,1,0.00066570016929643828,0.0004736378122875757,0.0085318236785891927,0.0082414578417643568
10000,0,multi,gaussian_matched,0.050000000000000003,460,10,0.02,16.351808986105468,>=10%,True,True,4,0.015423176799880338,0.54729503527051948,0.10693195731853133,0.074013972500864694,1.3850402877090846,1.3173578310153704,1.3418034537297781,1.0185565547483526,1.0038348388262659,1.0222211142843107,True,True,False,4>3>1>2,22,0,0,True,1,0.0098623701741710201,0.0036318364974196786,0.00060475968035792241,0.015423176799880338
10000,0,multi,gaussian_matched,0.050000000000000003,460,10,0.050000000000000003,16.351808986105468,>=10%,True,True,4,0.015423176799880338,0.54729503527051948,0.10693195731853133,0.074013972500864694,1.3850402877090846,1.3173578310153704,1.3418034537297781,1.0185565547483526,0.98094152359791054,1.0222211142843107,True,True,False,4>3>1>2,22,0,0,True,1,0.0098623701741710201,0.0036318364974196786,0.00060475968035792241,0.015423176799880338
10000,0,multi,gaussian_matched,0.050000000000000003,460,11,0.02,16.351808986105468,>=10%,True,True,4,0.0049699561529316059,0.49797782765071996,0.053432223297435938,0.0039836337398981292,1.3850402877090846,1.3823951649721327,1.3793314027789076,0.99778372908784962,0.97957481532813051,0.9987543675042605,True,True,False,4>3>1>2,22,0,0,True,1,0.00063134544920989428,6.6235478008146918e-05,0.0049699561529316059,0.0016128329199487014
10000,0,multi,gaussian_matched,0.050000000000000003,460,11,0.050000000000000003,16.351808986105468,>=10%,True,True,4,0.0049699561529316059,0.49797782765071996,0.053432223297435938,0.0039836337398981292,1.3850402877090846,1.3823951649721327,1.3793314027789076,0.99778372908784962,0.95787163554249832,0.9987543675042605,True,True,False,4>3>1>2,22,0,0,True,1,0.00063134544920989428,6.6235478008146918e-05,0.0049699561529316059,0.0016128329199487014
10000,0,multi,gaussian_matched,0.050000000000000003,460,12,0.02,16.351808986105468,>=10%,True,False,2,0.026583699008133184,0.43360212070042459,0.039872156254731186,0.067165851400913287,1.3850402877090846,1.4184395246738881,1.3890184421481488,0.97925813401702588,,1.0513660190763496,False,False,False,,-1,,,False,1,0.007152767313846467,0.0032235838923261599,0.026583699008133184,0.02223770437571471
10000,0,multi,gaussian_matched,0.050000000000000003,460,12,0.050000000000000003,16.351808986105468,>=10%,True,True,4,0.026583699008133184,0.43360212070042459,0.039872156254731186,0.067165851400913287,1.3850402877090846,1.4184395246738881,1.3890184421481488,0.97925813401702588,0.93635618171333423,1.0513660190763496,True,True,False,4>3>1>2,22,0,0,True,1,0.007152767313846467,0.0032235838923261599,0.026583699008133184,0.02223770437571471
10000,0,multi,gaussian_matched,0.050000000000000003,460,13,0.02,16.351808986105468,>=10%,True,True,4,0.0099853318545577302,0.47794633265705583,0.059298368433391854,0.023933739757846878,1.3850402877090846,1.3834882263424702,1.3764984047484656,0.99494768263226674,0.97516531292625552,1.0111129307456368,True,True,False,4>3>1>2,22,0,0,True,1,0.0011718567557521611,0.00034205184055574296,0.0099853318545577302,0.0072289944682405651
10000,0,multi,gaussian_matched,0.050000000000000003,460,13,0.050000000000000003,16.351808986105468,>=10%,True,True,4,0.0099853318545577302,0.47794633265705583,0.059298368433391854,0.023933739757846878,1.3850402877090846,1.3834882263424702,1.3764984047484656,0.99494768263226674,0.95347570681166538,1.0111129307456368,True,True,False,4>3>1>2,22,0,0,True,1,0.0011718567557521611,0.00034205184055574296,0.0099853318545577302,0.0072289944682405651
10000,0,multi,gaussian_matched,0.050000000000000003,460,14,0.02,16.351808986105468,>=10%,True,False,3,0.028379724821895425,0.5703497331299191,0.06721117528996215,0.07242450901671782,1.3850402877090846,1.3515592860488495,1.3687261550801821,1.0127015286776788,,1.0405117287098011,False,False,False,,-1,,,False,1,0.0070199225036578876,0.0031453722122904071,0.0069524645878426402,0.028379724821895425
10000,0,multi,gaussian_matched,0.050000000000000003,460,14,0.050000000000000003,16.351808986105468,>=10%,True,True,4,0.028379724821895425,0.5703497331299191,0.06721117528996215,0.07242450901671782,1.3850402877090846,1.3515592860488495,1.3687261550801821,1.0127015286776788,0.97733664834943368,1.0405117287098011,True,True,False,4>3>1>2,22,0,0,True,1,0.0070199225036578876,0.0031453722122904071,0.0069524645878426402,0.028379724821895425
10000,0,multi,gaussian_matched,0.050000000000000003,460,15,0.02,16.351808986105468,>=10%,True,False,3,0.023188321684495219,0.53551478668094676,0.010269712783673245,0.053289734426857215,1.3850402877090846,1.4141674314710024,1.406389395764327,0.99449991879774458,,1.0538892934338795,False,False,False,,-1,,,False,1,0.0026490441409016616,0.00085362142783757986,0.011210479139879465,0.023188321684495219
10000,0,multi,gaussian_matched,0.050000000000000003,460,15,0.050000000000000003,16.351808986105468,>=10%,True,True,4,0.023188321684495219,0.53551478668094676,0.010269712783673245,0.053289734426857215,1.3850402877090846,1.4141674314710024,1.406389395764327,0.99449991879774458,0.95836904082107,1.0538892934338795,True,True,False,4>3>1>2,22,0,0,True,1,0.0026490441409016616,0.00085362142783757986,0.011210479139879465,0.023188321684495219
10000,0,multi,gaussian_matched,0.050000000000000003,460,16,0.02,16.351808986105468,>=10%,True,False,2,0.038488825813704344,0.53763302846088434,-0.071241657042990833,0.12694795876132842,1.3850402877090846,1.493615274499724,1.4600053542097802,0.97749760539828356,,1.1457813372317109,False,False,False,,-1,,,False,1,0.011664287315886722,0.0047033545472688959,0.034570303241927822,0.038488825813704344
10000,0,multi,gaussian_matched,0.050000000000000003,460,16,0.050000000000000003,16.351808986105468,>=10%,True,True,4,0.038488825813704344,0.53763302846088434,-0.071241657042990833,0.12694795876132842,1.3850402877090846,1.493615274499724,1.4600053542097802,0.97749760539828356,0.94450036350604927,1.1457813372317109,True,True,False,4>3>1>2,22,0,0,True,1,0.011664287315886722,0.0047033545472688959,0.034570303241927822,0.038488825813704344
10000,0,multi,gaussian_matched,0.050000000000000003,460,17,0.02,16.351808986105468,>=10%,True,True,4,0.016700913570820809,0.46348491998022712,0.044527389814009402,0.036922899819735518,1.3850402877090846,1.402470102278317,1.3859757871833462,0.98823909681341815,0.96766531159294655,1.0273337892261722,True,True,False,4>3>1>2,22,0,0,True,1,0.0042032148616163514,0.0018119239159352987,0.016700913570820809,0.01058598956839892
10000,0,multi,gaussian_matched,0.050000000000000003,460,17,0.050000000000000003,16.351808986105468,>=10%,True,True,4,0.016700913570820809,0.46348491998022712,0.044527389814009402,0.036922899819735518,1.3850402877090846,1.402470102278317,1.3859757871833462,0.98823909681341815,0.94622738658109962,1.0273337892261722,True,True,False,4>3>1>2,22,0,0,True,1,0.0042032148616163514,0.0018119239159352987,0.016700913570820809,0.01058598956839892
10000,0,multi,gaussian_matched,0.050000000000000003,460,18,0.02,16.351808986105468,>=10%,True,False,2,0.043703640460910936,0.37340335473804287,0.04147978243145848,0.12688303550513402,1.3850402877090846,1.4447784100100693,1.3891604819938022,0.96150418110422931,,1.0945844181951823,False,False,False,,-1,,,False,1,0.012250995754551141,0.0053485551571853659,0.043703640460910936,0.042845672505378123
10000,0,multi,gaussian_matched,0.050000000000000003,460,18,0.050000000000000003,16.351808986105468,>=10%,True,True,4,0.043703640460910936,0.37340335473804287,0.04147978243145848,0.12688303550513402,1.3850402877090846,1.4447784100100693,1.3891604819938022,0.96150418110422931,0.91848344353067146,1.0945844181951823,True,True,False,4>3>1>2,22,0,0,True,1,0.012250995754551141,0.0053485551571853659,0.043703640460910936,0.042845672505378123
10000,0,multi,gaussian_matched,0.050000000000000003,460,19,0.02,16.351808986105468,>=10%,True,True,4,0.0083490315978484077,0.51003912961793241,0.040644177427790279,0.013722810917895671,1.3850402877090846,1.3910579041838456,1.387032113571206,0.99710595037019578,0.97992837169962599,1.0113459781058136,True,True,False,4>3>1>2,22,0,0,True,1,0.0013304201041549888,0.00018816599761902725,0.0051203220872555015,0.0083490315978484077
10000,0,multi,gaussian_matched,0.050000000000000003,460,19,0.050000000000000003,16.351808986105468,>=10%,True,True,4,0.0083490315978484077,0.51003912961793241,0.040644177427790279,0.013722810917895671,1.3850402877090846,1.3910579041838456,1.387032113571206,0.99710595037019578,0.95835780792464986,1.0113459781058136,True,True,False,4>3>1>2,22,0,0,True,1,0.0013304201041549888,0.00018816599761902725,0.0051203220872555015,0.0083490315978484077
10000,0,multi,gaussian_matched,0.050000000000000003,460,20,0.02,16.351808986105468,>=10%,True,False,3,0.037298673485417204,0.57324419170281704,0.0096111605181103815,0.083641915167533429,1.3850402877090846,1.4080018305615827,1.408165257325303,1.0001160699937834,,1.0770857611372076,False,False,False,,-1,,,False,1,0.00087289403505728502,0.0027138199873495295,0.0083063913000588942,0.037298673485417204
10000,0,multi,gaussian_matched,0.050000000000000003,460,20,0.050000000000000003,16.351808986105468,>=10%,True,True,4,0.037298673485417204,0.57324419170281704,0.0096111605181103815,0.083641915167533429,1.3850402877090846,1.4080018305615827,1.408165257325303,1.0001160699937834,0.96652847971392208,1.0770857611372076,True,True,False,4>3>1>2,22,0,0,True,1,0.00087289403505728502,0.0027138199873495295,0.0083063913000588942,0.037298673485417204
10000,0,multi,gaussian_matched,0.050000000000000003,460,21,0.02,16.351808986105468,>=10%,True,False,3,0.036773302618633971,0.45310207159447247,-0.025308645499476881,0.088717573094037383,1.3850402877090846,1.4714662915586412,1.4278784843343759,0.97037797775299683,,1.094983352388202,False,False,False,,-1,,,False,1,0.015955550720390649,0.0068456003522815775,0.036773302618633971,0.0030804874640454017
10000,0,multi,gaussian_matched,0.050000000000000003,460,21,0.050000000000000003,16.351808986105468,>=10%,True,True,4,0.036773302618633971,0.45310207159447247,-0.025308645499476881,0.088717573094037383,1.3850402877090846,1.4714662915586412,1.4278784843343759,0.97037797775299683,0.93053622005929948,1.094983352388202,True,True,False,4>3>1>2,22,0,0,True,1,0.015955550720390649,0.0068456003522815775,0.036773302618633971,0.0030804874640454017
10000,0,multi,gaussian_matched,0.050000000000000003,460,22,0.02,16.351808986105468,>=10%,True,False,2,0.034970014138206884,0.43538544584983335,0.14507905290838025,0.1149568045397026,1.3850402877090846,1.3240591251570701,1.3271897932716807,1.002364447368798,,1.0412307935076424,False,False,False,,-1,,,False,1,0.0080075960479193738,0.0032207600070788627,0.024563917879115174,0.034970014138206884
10000,0,multi,gaussian_matched,0.050000000000000003,460,22,0.050000000000000003,16.351808986105468,>=10%,True,True,4,0.034970014138206884,0.43538544584983335,0.14507905290838025,0.1149568045397026,1.3850402877090846,1.3240591251570701,1.3271897932716807,1.002364447368798,0.95703584616964477,1.0412307935076424,True,True,False,4>3>1>2,22,0,0,True,1,0.0080075960479193738,0.0032207600070788627,0.024563917879115174,0.034970014138206884
10000,0,multi,gaussian_matched,0.050000000000000003,460,23,0.02,16.351808986105468,>=10%,True,True,4,0.0111800572761696,0.47209020695155585,0.06462038100985168,0.03150733389038516,1.3850402877090846,1.3806213053460281,1.3734953835451758,0.9948386123166002,0.97461522600474793,1.0144128874110188,True,True,False,4>3>1>2,22,0,0,True,1,0.00079910498976656723,0.00024199950554296595,0.0111800572761696,0.010419966608972823
10000,0,multi,gaussian_matched,0.050000000000000003,460,23,0.050000000000000003,16.351808986105468,>=10%,True,True,4,0.0111800572761696,0.47209020695155585,0.06462038100985168,0.03150733389038516,1.3850402877090846,1.3806213053460281,1.3734953835451758,0.9948386123166002,0.95288197803144414,1.0144128874110188,True,True,False,4>3>1>2,22,0,0,True,1,0.00079910498976656723,0.00024199950554296595,0.0111800572761696,0.010419966608972823
10000,0,multi,gaussian_matched,0.050000000000000003,460,24,0.02,16.351808986105468,>=10%,True,False,3,0.020175311234132715,0.48131052482859482,0.0097785058817759299,0.04435160731343233,1.3850402877090846,1.4290706788578342,1.4069625032537605,0.98452968356908466,,1.0478497437556331,False,False,False,,-1,,,False,1,0.0078942545092042706,0.0032375925086670764,0.020175311234132715,0.0027676257836525306
10000,0,multi,gaussian_matched,0.050000000000000003,460,24,0.050000000000000003,16.351808986105468,>=10%,True,True,4,0.020175311234132715,0.48131052482859482,0.0097785058817759299,0.04435160731343233,1.3850402877090846,1.4290706788578342,1.4069625032537605,0.98452968356908466,0.9444655653902424,1.0478497437556331,True,True,False,4>3>1>2,22,0,0,True,1,0.0078942545092042706,0.0032375925086670764,0.020175311234132715,0.0027676257836525306
10000,0,multi,gaussian_matched,0.050000000000000003,460,25,0.02,16.351808986105468,>=10%,True,True,4,0.011468043487449554,0.52068499976946059,0.13774080183185863,0.090146089885030908,1.3850402877090846,1.295228228659562,1.3222494395732405,1.0208621232272268,1.0044483455027795,1.0197505025607836,True,True,False,4>3>1>2,22,0,0,True,1,0.011468043487449554,0.0045124238199583163,0.0097757013623509473,0.0018645018226424526
10000,0,multi,gaussian_matched,0.050000000000000003,460,25,0.050000000000000003,16.351808986105468,>=10%,True,True,4,0.011468043487449554,0.52068499976946059,0.13774080183185863,0.090146089885030908,1.3850402877090846,1.295228228659562,1.3222494395732405,1.0208621232272268,0.98108049696782706,1.0197505025607836,True,True,False,4>3>1>2,22,0,0,True,1,0.011468043487449554,0.0045124238199583163,0.0097757013623509473,0.0018645018226424526
10000,0,multi,gaussian_matched,0.050000000000000003,460,26,0.02,16.351808986105468,>=10%,True,True,4,0.0033660502575058393,0.50027471150651626,0.068310773721689061,0.018312834316367061,1.3850402877090846,1.3675443569963532,1.3698599117302923,1.0016932209343652,0.98364486178903299,1.0022616369829616,True,True,False,4>3>1>2,22,0,0,True,1,0.0014618136952365567,0.00093726622695617897,0.0033660502575058393,0.00034358543569899358
10000,0,multi,gaussian_matched,0.050000000000000003,460,26,0.050000000000000003,16.351808986105468,>=10%,True,True,4,0.0033660502575058393,0.50027471150651626,0.068310773721689061,0.018312834316367061,1.3850402877090846,1.3675443569963532,1.3698599117302923,1.0016932209343652,0.96170286710184172,1.0022616369829616,True,True,False,4>3>1>2,22,0,0,True,1,0.0014618136952365567,0.00093726622695617897,0.0033660502575058393,0.00034358543569899358
10000,0,multi,gaussian_matched,0.050000000000000003,460,27,0.02,16.351808986105468,>=10%,True,True,4,0.0063262566224394703,0.4930542076023644,0.053708707778396148,0.0078739155073310595,1.3850402877090846,1.3836832273355806,1.3793434984821658,0.99686363990855664,0.97825929174579507,1.0015718866084489,True,True,False,4>3>1>2,22,0,0,True,1,0.00094806782333446303,9.9057577904862132e-05,0.0063262566224394703,0.00035817165184624014
10000,0,multi,gaussian_matched,0.050000000000000003,460,27,0.050000000000000003,16.351808986105468,>=10%,True,True,4,0.0063262566224394703,0.4930542076023644,0.053708707778396148,0.0078739155073310595,1.3850402877090846,1.3836832273355806,1.3793434984821658,0.99686363990855664,0.95657516356664674,1.0015718866084489,True,True,False,4>3>1>2,22,0,0,True,1,0.00094806782333446303,9.9057577904862132e-05,0.0063262566224394703,0.00035817165184624014
10000,0,multi,gaussian_matched,0.050000000000000003,460,28,0.02,16.351808986105468,>=10%,True,True,4,0.016459642288474994,0.55311116789224679,0.12255940864273929,0.089920319936388438,1.3850402877090846,1.3007976538294763,1.3303211935427921,1.0226964890553116,1.008253548852061,1.0254153081917352,True,True,False,4>3>1>2,22,0,0,True,1,0.012088238582644689,0.0043613945198782318,0.0021040219718139685,0.016459642288474994
10000,0,multi,gaussian_matched,0.050000000000000003,460,28,0.050000000000000003,16.351808986105468,>=10%,True,True,4,0.016459642288474994,0.55311116789224679,0.12255940864273929,0.089920319936388438,1.3850402877090846,1.3007976538294763,1.3303211935427921,1.0226964890553116,0.98501115204409384,1.0254153081917352,True,True,False,4>3>1>2,22,0,0,True,1,0.012088238582644689,0.0043613945198782318,0.0021040219718139685,0.016459642288474994
10000,0,multi,gaussian_matched,0.050000000000000003,460,29,0.02,16.351808986105468,>=10%,True,True,4,0.017472526937228425,0.45445903385918535,0.063026351112935669,0.047367345506755046,1.3850402877090846,1.3888176056666117,1.3751728255284454,0.99017525405604501,0.96889285468410113,1.0270749404612212,True,True,False,4>3>1>2,22,0,0,True,1,0.0021197814836014005,0.00097780169911404068,0.01656924635648194,0.017472526937228425
10000,0,multi,gaussian_matched,0.050000000000000003,460,29,0.050000000000000003,16.351808986105468,>=10%,True,True,4,0.017472526937228425,0.45445903385918535,0.063026351112935669,0.047367345506755046,1.3850402877090846,1.3888176056666117,1.3751728255284454,0.99017525405604501,0.94727445555836864,1.0270749404612212,True,True,False,4>3>1>2,22,0,0,True,1,0.0021197814836014005,0.00097780169911404068,0.01656924635648194,0.017472526937228425
10000,0,multi,gaussian_matched,0.050000000000000003,460,30,0.02,16.351808986105468,>=10%,True,True,4,0.015580087633436192,0.46166800066699165,0.070298184740899175,0.043374629412150881,1.3850402877090846,1.3792987757558133,1.3705262363866788,0.99363985561117651,0.97270303807435865,1.0208373563901754,True,True,False,4>3>1>2,22,0,0,True,1,0.00062611251547639286,0.0002704824547166664,0.013761699347236298,0.015580087633436192
10000,0,multi,gaussian_matched,0.050000000000000003,460,30,0.050000000000000003,16.351808986105468,>=10%,True,True,4,0.015580087633436192,0.46166800066699165,0.070298184740899175,0.043374629412150881,1.3850402877090846,1.3792987757558133,1.3705262363866788,0.99363985561117651,0.95094881521978025,1.0208373563901754,True,True,False,4>3>1>2,22,0,0,True,1,0.00062611251547639286,0.0002704824547166664,0.013761699347236298,0.015580087633436192
10000,0,multi,gaussian_matched,0.050000000000000003,460,31,0.02,16.351808986105468,>=10%,True,False,2,0.030048534384754282,0.42359964195763156,0.060345892685693722,0.077097679630881141,1.3850402877090846,1.4042586856076302,1.3774543010604012,0.98091207494605559,,1.0501874881178894,False,False,False,,-1,,,False,1,0.0046175331813849557,0.0021587314385793015,0.026266179485552536,0.030048534384754282
10000,0,multi,gaussian_matched,0.050000000000000003,460,31,0.050000000000000003,16.351808986105468,>=10%,True,True,4,0.030048534384754282,0.42359964195763156,0.060345892685693722,0.077097679630881141,1.3850402877090846,1.4042586856076302,1.3774543010604012,0.98091207494605559,0.93715468937912061,1.0501874881178894,True,True,False,4>3>1>2,22,0,0,True,1,0.0046175331813849557,0.0021587314385793015,0.026266179485552536,0.030048534384754282
10000,0,multi,gaussian_matched,0.050000000000000003,461,0,0.02,17.00061937444163,>=10%,True,False,3,0.030053061648845664,0.56053834934981006,0.071631438676738143,0.064286941762889377,1.440214464010432,1.473619358958947,1.4256996380936504,0.96748161553798395,,1.0345588223767119,False,False,False,,-1,,,False,1,0.013141980163125499,0.0034467323375213361,0.003549045211153355,0.030053061648845664
10000,0,multi,gaussian_matched,0.050000000000000003,461,0,0.050000000000000003,17.00061937444163,>=10%,True,True,4,0.030053061648845664,0.56053834934981006,0.071631438676738143,0.064286941762889377,1.440214464010432,1.473619358958947,1.4256996380936504,0.96748161553798395,0.93509920822118564,1.0345588223767119,True,True,False,4>1>3>2,19,0,0,True,1,0.013141980163125499,0.0034467323375213361,0.003549045211153355,0.030053061648845664
10000,0,multi,gaussian_matched,0.050000000000000003,461,1,0.02,17.00061937444163,>=10%,True,True,4,0.018053059125756814,0.41785215079467419,0.077609584073944152,0.086663477092701155,1.440214464010432,1.3626889203944719,1.3947760965977769,1.0235469561123431,1.0190105679321222,1.0286242852784926,True,True,False,4>1>3>2,19,0,0,True,1,0.0011204764844259944,0.0140480710306997,0.0077576931904915127,0.018053059125756814
10000,0,multi,gaussian_matched,0.050000000000000003,461,1,0.050000000000000003,17.00061937444163,>=10%,True,True,4,0.018053059125756814,0.41785215079467419,0.077609584073944152,0.086663477092701155,1.440214464010432,1.3626889203944719,1.3947760965977769,1.0235469561123431,0.99678090461272129,1.0286242852784926,True,True,False,4>1>3>2,19,0,0,True,1,0.0011204764844259944,0.0140480710306997,0.0077576931904915127,0.018053059125756814
10000,0,multi,gaussian_matched,0.050000000000000003,461,2,0.02,17.00061937444163,>=10%,True,True,4,0.015759576421016806,0.52190636117034739,0.015498329175037087,0.040868740492457083,1.440214464010432,1.4797928661788089,1.4484758341739936,0.97883688134969615,0.97118127830638024,1.0341130518292467,True,True,False,4>1>3>2,19,0,0,True,1,0.013695193402975855,0.0099456567440347563,0.010812226724286,0.015759576421016806
10000,0,multi,gaussian_matched,0.050000000000000003,461,2,0.050000000000000003,17.00061937444163,>=10%,True,True,4,0.015759576421016806,0.52190636117034739,0.015498329175037087,0.040868740492457083,1.440214464010432,1.4797928661788089,1.4484758341739936,0.97883688134969615,0.95050558850426337,1.0341130518292467,True,True,False,4>1>3>2,19,0,0,True,1,0.013695193402975855,0.0099456567440347563,0.010812226724286,0.015759576421016806
10000,0,multi,gaussian_matched,0.050000000000000003,461,3,0.02,17.00061937444163,>=10%,True,False,3,0.024117194239981318,0.53851414314095014,0.0052883005558982607,0.059012501125280947,1.440214464010432,1.4988657019449465,1.4575038604306338,0.9724045713631041,,1.0529795384313889,False,False,False,,-1,,,False,1,0.017818356002582351,0.0091807579204609639,0.011513980892553068,0.024117194239981318
10000,0,multi,gaussian_matched,0.050000000000000003,461,3,0.050000000000000003,17.00061937444163,>=10%,True,True,4,0.024117194239981318,0.53851414314095014,0.0052883005558982607,0.059012501125280947,1.440214464010432,1.4988657019449465,1.4575038604306338,0.9724045713631041,0.94353725936129584,1.0529795384313889,True,True,False,4>1>3>2,19,0,0,True,1,0.017818356002582351,0.0091807579204609639,0.011513980892553068,0.024117194239981318
10000,0,multi,gaussian_matched,0.050000000000000003,461,4,0.02,17.00061937444163,>=10%,True,True,4,0.0099252285945411814,0.47076800552471332,0.099457573866333582,0.05745051012608185,1.440214464010432,1.3856049769817189,1.3914350156794106,1.0042075763255349,0.99688016424995962,1.0060206740119211,True,True,False,4>1>3>2,19,0,0,True,1,0.0060189544496414065,0.0099252285945411814,0.0037762920424635545,0.0061288589336841569
10000,0,multi,gaussian_matched,0.050000000000000003,461,4,0.050000000000000003,17.00061937444163,>=10%,True,True,4,0.0099252285945411814,0.47076800552471332,0.099457573866333582,0.05745051012608185,1.440214464010432,1.3856049769817189,1.3914350156794106,1.0042075763255349,0.97520275049560456,1.0060206740119211,True,True,False,4>1>3>2,19,0,0,True,1,0.0060189544496414065,0.0099252285945411814,0.0037762920424635545,0.0061288589336841569
10000,0,multi,gaussian_matched,0.050000000000000003,461,5,0.02,17.00061937444163,>=10%,True,True,4,0.017781190633703252,0.4380834963454257,0.058597444874154796,0.062510554974108512,1.440214464010432,1.3903616663194382,1.4091249483770791,1.0134952527188923,1.0086259115348613,1.0218169169425368,True,True,False,4>1>3>2,19,0,0,True,1,0.0020979977669574467,0.013589223836302058,0.0090680190280919212,0.017781190633703252
10000,0,multi,gaussian_matched,0.050000000000000003,461,5,0.050000000000000003,17.00061937444163,>=10%,True,True,4,0.017781190633703252,0.4380834963454257,0.058597444874154796,0.062510554974108512,1.440214464010432,1.3903616663194382,1.4091249483770791,1.0134952527188923,0.98675740077055207,1.0218169169425368,True,True,False,4>1>3>2,19,0,0,True,1,0.0020979977669574467,0.013589223836302058,0.0090680190280919212,0.017781190633703252
10000,0,multi,gaussian_matched,0.050000000000000003,461,6,0.02,17.00061937444163,>=10%,True,True,4,0.010686063207486838,0.50523966572732115,0.025955709281474171,0.024608576006974709,1.440214464010432,1.4605402259975151,1.4393945008839701,0.98552198375837075,0.97850357838497015,1.0165174100628533,True,True,False,4>1>3>2,19,0,0,True,1,0.010033321895962906,0.010686063207486838,0.010233580719575641,0.0072067511251289349
10000,0,multi,gaussian_matched,0.050000000000000003,461,6,0.050000000000000003,17.00061937444163,>=10%,True,True,4,0.010686063207486838,0.50523966572732115,0.025955709281474171,0.024608576006974709,1.440214464010432,1.4605402259975151,1.4393945008839701,0.98552198375837075,0.95760019521450679,1.0165174100628533,True,True,False,4>1>3>2,19,0,0,True,1,0.010033321895962906,0.010686063207486838,0.010233580719575641,0.0072067511251289349
10000,0,multi,gaussian_matched,0.050000000000000003,461,7,0.02,17.00061937444163,>=10%,True,True,4,0.019574614350190419,0.5271775526892879,0.087704797332922399,0.046478716764727618,1.440214464010432,1.4371918483934045,1.4092133254991557,0.98053250655051705,0.97057588231298497,1.010746717686998,True,True,False,4>1>3>2,19,0,0,True,1,0.0045343803532225833,0.0058484239210951361,0.0026148910168875385,0.019574614350190419
10000,0,multi,gaussian_matched,0.050000000000000003,461,7,0.050000000000000003,17.00061937444163,>=10%,True,True,4,0.019574614350190419,0.5271775526892879,0.087704797332922399,0.046478716764727618,1.440214464010432,1.4371918483934045,1.4092133254991557,0.98053250655051705,0.94968236445461618,1.010746717686998,True,True,False,4>1>3>2,19,0,0,True,1,0.0045343803532225833,0.0058484239210951361,0.0026148910168875385,0.019574614350190419
10000,0,multi,gaussian_matched,0.050000000000000003,461,8,0.02,17.00061937444163,>=10%,True,True,4,0.013936095371576212,0.47033351580718158,0.0097997425798979146,0.049961595060658524,1.440214464010432,1.4482437381585482,1.4432312070143758,0.99653888982075223,0.99180552946441691,1.0367850340268618,True,True,False,4>1>3>2,19,0,0,True,1,0.011629785806588036,0.013936095371576212,0.012629815884112536,0.0050223709612108695
10000,0,multi,gaussian_matched,0.050000000000000003,461,8,0.050000000000000003,17.00061937444163,>=10%,True,True,4,0.013936095371576212,0.47033351580718158,0.0097997425798979146,0.049961595060658524,1.440214464010432,1.4482437381585482,1.4432312070143758,0.99653888982075223,0.97045828668041945,1.0367850340268618,True,True,False,4>1>3>2,19,0,0,True,1,0.011629785806588036,0.013936095371576212,0.012629815884112536,0.0050223709612108695
10000,0,multi,gaussian_matched,0.050000000000000003,461,9,0.02,17.00061937444163,>=10%,True,False,3,0.023756017766018454,0.54768943350282484,0.039624842317165072,0.048804978893183033,1.440214464010432,1.4830006397181708,1.4400671229794495,0.97104956290047162,,1.0337849945810904,False,False,False,,-1,,,False,1,0.013789225055378418,0.0064190562537498348,0.007716171607304592,0.023756017766018454
10000,0,multi,gaussian_matched,0.050000000000000003,461,9,0.050000000000000003,17.00061937444163,>=10%,True,True,4,0.023756017766018454,0.54768943350282484,0.039624842317165072,0.048804978893183033,1.440214464010432,1.4830006397181708,1.4400671229794495,0.97104956290047162,0.94052885263105346,1.0337849945810904,True,True,False,4>1>3>2,19,0,0,True,1,0.013789225055378418,0.0064190562537498348,0.007716171607304592,0.023756017766018454
10000,0,multi,gaussian_matched,0.050000000000000003,461,10,0.02,17.00061937444163,>=10%,True,False,3,0.02440578148790146,0.43059756396467735,0.02919685108405641,0.07245322030424857,1.440214464010432,1.4078350435406266,1.4256897335801964,1.0126823736356685,,1.040222127552243,False,False,False,,-1,,,False,1,0.0077479992299628545,0.015372820008176802,0.011918861818390393,0.02440578148790146
10000,0,multi,gaussian_matched,0.050000000000000003,461,10,0.050000000000000003,17.00061937444163,>=10%,True,True,4,0.02440578148790146,0.43059756396467735,0.02919685108405641,0.07245322030424857,1.440214464010432,1.4078350435406266,1.4256897335801964,1.0126823736356685,0.98717575770256072,1.040222127552243,True,True,False,4>1>3>2,19,0,0,True,1,0.0077479992299628545,0.015372820008176802,0.011918861818390393,0.02440578148790146
10000,0,multi,gaussian_matched,0.050000000000000003,461,11,0.02,17.00061937444163,>=10%,True,False,3,0.022798256173353435,0.546549899776688,0.047661542178958308,0.046608599573474511,1.440214464010432,1.477029173379921,1.4353705338293448,0.97179565556227454,,1.0289989237270185,False,False,False,,-1,,,False,1,0.012528461931069677,0.0060454951801776503,0.0068105887853902322,0.022798256173353435
10000,0,multi,gaussian_matched,0.050000000000000003,461,11,0.050000000000000003,17.00061937444163,>=10%,True,True,4,0.022798256173353435,0.546549899776688,0.047661542178958308,0.046608599573474511,1.440214464010432,1.477029173379921,1.4353705338293448,0.97179565556227454,0.9410894376647797,1.0289989237270185,True,True,False,4>1>3>2,19,0,0,True,1,0.012528461931069677,0.0060454951801776503,0.0068105887853902322,0.022798256173353435
10000,0,multi,gaussian_matched,0.050000000000000003,461,12,0.02,17.00061937444163,>=10%,True,False,3,0.023426264832076917,0.42218508308511898,0.002894259607164093,0.090962146371043204,1.440214464010432,1.4236805179026513,1.4409206357556248,1.0121095411759735,,1.0636490747780547,False,False,False,,-1,,,False,1,0.012650490700224408,0.017090284225846904,0.014252263697182636,0.023426264832076917
10000,0,multi,gaussian_matched,0.050000000000000003,461,12,0.050000000000000003,17.00061937444163,>=10%,True,True,4,0.023426264832076917,0.42218508308511898,0.002894259607164093,0.090962146371043204,1.440214464010432,1.4236805179026513,1.4409206357556248,1.0121095411759735,0.98778738877032202,1.0636490747780547,True,True,False,4>1>3>2,19,0,0,True,1,0.012650490700224408,0.017090284225846904,0.014252263697182636,0.023426264832076917
10000,0,multi,gaussian_matched,0.050000000000000003,461,13,0.02,17.00061937444163,>=10%,True,False,3,0.027205378323171759,0.53645267173167488,0.10220361098289049,0.063671141626565897,1.440214464010432,1.4363562315252207,1.4036336166052816,0.9772183152050018,,1.0188099028987527,False,False,False,,-1,,,False,1,0.0053682916587247482,0.0044193922558866056,0.00030436724747901411,0.027205378323171759
10000,0,multi,gaussian_matched,0.050000000000000003,461,13,0.050000000000000003,17.00061937444163,>=10%,True,True,4,0.027205378323171759,0.53645267173167488,0.10220361098289049,0.063671141626565897,1.440214464010432,1.4363562315252207,1.4036336166052816,0.9772183152050018,0.94546387176033142,1.0188099028987527,True,True,False,4>1>3>2,19,0,0,True,1,0.0053682916587247482,0.0044193922558866056,0.00030436724747901411,0.027205378323171759
10000,0,multi,gaussian_matched,0.050000000000000003,461,14,0.02,17.00061937444163,>=10%,True,False,3,0.03238936979327444,0.54951183901753498,0.10414620589193287,0.073370524159160011,1.440214464010432,1.4461429981288121,1.4058119337638406,0.97211128884407938,,1.0270570771828371,False,False,False,,-1,,,False,1,0.0080595002700124142,0.0028959509742625821,0.00054956555444252283,0.03238936979327444
10000,0,multi,gaussian_matched,0.050000000000000003,461,14,0.050000000000000003,17.00061937444163,>=10%,True,True,4,0.03238936979327444,0.54951183901753498,0.10414620589193287,0.073370524159160011,1.440214464010432,1.4461429981288121,1.4058119337638406,0.97211128884407938,0.93951480210981064,1.0270570771828371,True,True,False,4>1>3>2,19,0,0,True,1,0.0080595002700124142,0.0028959509742625821,0.00054956555444252283,0.03238936979327444
10000,0,multi,gaussian_matched,0.050000000000000003,461,15,0.02,17.00061937444163,>=10%,True,False,2,0.047498830357570104,0.59507549403450621,0.0049800724821604109,0.10519573869514372,1.440214464010432,1.5416059617783913,1.4692124706026495,0.95304021068248279,,1.0931762238477207,False,False,False,,-1,,,False,1,0.030388872808837959,0.0069766694773288175,0.012407901959141727,0.047498830357570104
10000,0,multi,gaussian_matched,0.050000000000000003,461,15,0.050000000000000003,17.00061937444163,>=10%,True,True,4,0.047498830357570104,0.59507549403450621,0.0049800724821604109,0.10519573869514372,1.440214464010432,1.5416059617783913,1.4692124706026495,0.95304021068248279,0.91997799339841302,1.0931762238477207,True,True,False,4>1>3>2,19,0,0,True,1,0.030388872808837959,0.0069766694773288175,0.012407901959141727,0.047498830357570104
10000,0,multi,gaussian_matched,0.050000000000000003,461,16,0.02,17.00061937444163,>=10%,True,True,4,0.010336301259730557,0.48123300567301147,0.069382278267197561,0.026979117607814723,1.440214464010432,1.413286361901428,1.4101947723713528,0.9978124818766978,0.99074602906571985,0.99788880468343744,True,True,False,4>1>3>2,19,0,0,True,1,0.00015710237198859,0.010336301259730557,0.0066660363307873456,0.00094499033170422728
10000,0,multi,gaussian_matched,0.050000000000000003,461,16,0.050000000000000003,17.00061937444163,>=10%,True,True,4,0.010336301259730557,0.48123300567301147,0.069382278267197561,0.026979117607814723,1.440214464010432,1.413286361901428,1.4101947723713528,0.9978124818766978,0.96939312602699435,0.99788880468343744,True,True,False,4>1>3>2,19,0,0,True,1,0.00015710237198859,0.010336301259730557,0.0066660363307873456,0.00094499033170422728
10000,0,multi,gaussian_matched,0.050000000000000003,461,17,0.02,17.00061937444163,>=10%,True,False,2,0.043743191103065196,0.59168820227663643,0.074022729197366785,0.094783004567334836,1.440214464010432,1.497931389304282,1.4325756283757356,0.95636932279061115,,1.060507772356331,False,False,False,,-1,,,False,1,0.020679294368706986,0.0031893681772453175,0.0030974436178241474,0.043743191103065196
10000,0,multi,gaussian_matched,0.050000000000000003,461,17,0.050000000000000003,17.00061937444163,>=10%,True,True,4,0.043743191103065196,0.59168820227663643,0.074022729197366785,0.094783004567334836,1.440214464010432,1.497931389304282,1.4325756283757356,0.95636932279061115,0.92134683653357019,1.060507772356331,True,True,False,4>1>3>2,19,0,0,True,1,0.020679294368706986,0.0031893681772453175,0.0030974436178241474,0.043743191103065196
10000,0,multi,gaussian_matched,0.050000000000000003,461,18,0.02,17.00061937444163,>=10%,True,False,3,0.022773777786228272,0.53855173711774929,0.015410877893753942,0.051794244881809483,1.440214464010432,1.49200608306245,1.4517362702542425,0.97300961888469595,,1.043962932401963,False,False,False,,-1,,,False,1,0.016003236463619893,0.0085891633802638416,0.01049001219503516,0.022773777786228272
10000,0,multi,gaussian_matched,0.050000000000000003,461,18,0.050000000000000003,17.00061937444163,>=10%,True,True,4,0.022773777786228272,0.53855173711774929,0.015410877893753942,0.051794244881809483,1.440214464010432,1.49200608306245,1.4517362702542425,0.97300961888469595,0.94380805016109504,1.043962932401963,True,True,False,4>1>3>2,19,0,0,True,1,0.016003236463619893,0.0085891633802638416,0.01049001219503516,0.022773777786228272
10000,0,multi,gaussian_matched,0.050000000000000003,461,19,0.02,17.00061937444163,>=10%,True,False,3,0.023330641993728599,0.53194398431077639,0.094710645063466034,0.054949612515816412,1.440214464010432,1.4369364026496658,1.406542901968769,0.97884840231978798,,1.0147742235659143,False,False,False,,-1,,,False,1,0.0049818441545046417,0.0051249721089866142,0.0015015852932833767,0.023330641993728599
10000,0,multi,gaussian_matched,0.050000000000000003,461,19,0.050000000000000003,17.00061937444163,>=10%,True,True,4,0.023330641993728599,0.53194398431077639,0.094710645063466034,0.054949612515816412,1.440214464010432,1.4369364026496658,1.406542901968769,0.97884840231978798,0.94755045933499127,1.0147742235659143,True,True,False,4>1>3>2,19,0,0,True,1,0.0049818441545046417,0.0051249721089866142,0.0015015852932833767,0.023330641993728599
10000,0,multi,gaussian_matched,0.050000000000000003,461,20,0.02,17.00061937444163,>=10%,True,True,4,0.011844249419884002,0.43404989511741238,0.11202980443342338,0.090537909033029135,1.440214464010432,1.3496859597123383,1.3776069522420531,1.0206870289557326,1.0146034319324664,1.0193932209143874,True,True,False,4>1>3>2,19,0,0,True,1,0.0081627691549001694,0.011844249419884002,0.0036768511907357701,0.00089367447770144482
10000,0,multi,gaussian_matched,0.050000000000000003,461,20,0.050000000000000003,17.00061937444163,>=10%,True,True,4,0.011844249419884002,0.43404989511741238,0.11202980443342338,0.090537909033029135,1.440214464010432,1.3496859597123383,1.3776069522420531,1.0206870289557326,0.99234696352548379,1.0193932209143874,True,True,False,4>1>3>2,19,0,0,True,1,0.0081627691549001694,0.011844249419884002,0.0036768511907357701,0.00089367447770144482
10000,0,multi,gaussian_matched,0.050000000000000003,461,21,0.02,17.00061937444163,>=10%,True,True,4,0.017530077951367729,0.43540349031085585,0.06195633373454814,0.065693705789760318,1.440214464010432,1.3860738993916397,1.406723712945781,1.0148980610364315,1.0100450362158864,1.0223598328789427,True,True,False,4>1>3>2,19,0,0,True,1,0.0014936980083792809,0.013607838618122228,0.0088161785433587738,0.017530077951367729
10000,0,multi,gaussian_matched,0.050000000000000003,461,21,0.050000000000000003,17.00061937444163,>=10%,True,True,4,0.017530077951367729,0.43540349031085585,0.06195633373454814,0.065693705789760318,1.440214464010432,1.3860738993916397,1.406723712945781,1.0148980610364315,0.98812731104277551,1.0223598328789427,True,True,False,4>1>3>2,19,0,0,True,1,0.0014936980083792809,0.013607838618122228,0.0088161785433587738,0.017530077951367729
10000,0,multi,gaussian_matched,0.050000000000000003,461,22,0.02,17.00061937444163,>=10%,True,True,4,0.012592056293068097,0.51997893408093787,0.071146902562715469,0.029092083029708317,1.440214464010432,1.4416034193072478,1.4166711011611988,0.98270514774581341,0.97357598936587453,1.0038527041070149,True,True,False,4>1>3>2,19,0,0,True,1,0.0046593330770538224,0.0072073816122591909,0.004915259341522391,0.012592056293068097
10000,0,multi,gaussian_matched,0.050000000000000003,461,22,0.050000000000000003,17.00061937444163,>=10%,True,True,4,0.012592056293068097,0.51997893408093787,0.071146902562715469,0.029092083029708317,1.440214464010432,1.4416034193072478,1.4166711011611988,0.98270514774581341,0.95269651381585208,1.0038527041070149,True,True,False,4>1>3>2,19,0,0,True,1,0.0046593330770538224,0.0072073816122591909,0.004915259341522391,0.012592056293068097
10000,0,multi,gaussian_matched,0.050000000000000003,461,23,0.02,17.00061937444163,>=10%,True,True,4,0.014340565637949833,0.49172958060829652,-0.00011167117243487956,0.050789560193103718,1.440214464010432,1.4698893334831977,1.4525171170965221,0.98818127597027416,0.98274339877090588,1.0438075126002462,True,True,False,4>1>3>2,19,0,0,True,1,0.014340565637949833,0.01305512416057074,0.012960775283220432,0.0052756426887688246
10000,0,multi,gaussian_matched,0.050000000000000003,461,23,0.050000000000000003,17.00061937444163,>=10%,True,True,4,0.014340565637949833,0.49172958060829652,-0.00011167117243487956,0.050789560193103718,1.440214464010432,1.4698893334831977,1.4525171170965221,0.98818127597027416,0.96167893295423434,1.0438075126002462,True,True,False,4>1>3>2,19,0,0,True,1,0.014340565637949833,0.01305512416057074,0.012960775283220432,0.0052756426887688246
10000,0,multi,gaussian_matched,0.050000000000000003,461,24,0.02,17.00061937444163,>=10%,True,True,4,0.013021464302087622,0.47191194536706993,0.025942267387433285,0.036982608230359044,1.440214464010432,1.437293346131518,1.433813503589386,0.9975788919140981,0.99223441489056363,1.0212340929587356,True,True,False,4>1>3>2,19,0,0,True,1,0.0084669446293918708,0.013021464302087622,0.011184102349945343,0.0068614337529924081
10000,0,multi,gaussian_matched,0.050000000000000003,461,24,0.050000000000000003,17.00061937444163,>=10%,True,True,4,0.013021464302087622,0.47191194536706993,0.025942267387433285,0.036982608230359044,1.440214464010432,1.437293346131518,1.433813503589386,0.9975788919140981,0.97089561180617645,1.0212340929587356,True,True,False,4>1>3>2,19,0,0,True,1,0.0084669446293918708,0.013021464302087622,0.011184102349945343,0.0068614337529924081
10000,0,multi,gaussian_matched,0.050000000000000003,461,25,0.02,17.00061937444163,>=10%,True,False,2,0.030263449746496706,0.55369048832110235,0.0065610453071239527,0.069062372685625026,1.440214464010432,1.5091631897047049,1.4598177615139356,0.96730278837477834,,1.061564213111865,False,False,False,,-1,,,False,1,0.020158392951981775,0.0079227093959964197,0.011268204493304698,0.030263449746496706
10000,0,multi,gaussian_matched,0.050000000000000003,461,25,0.050000000000000003,17.00061937444163,>=10%,True,True,4,0.030263449746496706,0.55369048832110235,0.0065610453071239527,0.069062372685625026,1.440214464010432,1.5091631897047049,1.4598177615139356,0.96730278837477834,0.93747144645871272,1.061564213111865,True,True,False,4>1>3>2,19,0,0,True,1,0.020158392951981775,0.0079227093959964197,0.011268204493304698,0.030263449746496706
10000,0,multi,gaussian_matched,0.050000000000000003,461,26,0.02,17.00061937444163,>=10%,True,True,4,0.012295424146050881,0.51908445439877149,0.031617465750812312,0.026497810572221753,1.440214464010432,1.4667046140496391,1.4386759520092363,0.98089004304485383,0.97290619279719448,1.0173302651755936,True,True,False,4>1>3>2,19,0,0,True,1,0.01039662182133318,0.0092868831147982014,0.0092722524474343447,0.012295424146050881
10000,0,multi,gaussian_matched,0.050000000000000003,461,26,0.050000000000000003,17.00061937444163,>=10%,True,True,4,0.012295424146050881,0.51908445439877149,0.031617465750812312,0.026497810572221753,1.440214464010432,1.4667046140496391,1.4386759520092363,0.98089004304485383,0.9521669799607333,1.0173302651755936,True,True,False,4>1>3>2,19,0,0,True,1,0.01039662182133318,0.0092868831147982014,0.0092722524474343447,0.012295424146050881
10000,0,multi,gaussian_matched,0.050000000000000003,461,27,0.02,17.00061937444163,>=10%,True,False,3,0.026761272918012443,0.51659293881096535,0.11818219411487987,0.070172196863883346,1.440214464010432,1.4109516503395114,1.3906843059379304,0.98563569177107935,,1.0143326145565166,False,False,False,,-1,,,False,1,2.3642745576480534e-05,0.0060015931465011406,0.00071663580289827659,0.026761272918012443
10000,0,multi,gaussian_matched,0.050000000000000003,461,27,0.050000000000000003,17.00061937444163,>=10%,True,True,4,0.026761272918012443,0.51659293881096535,0.11818219411487987,0.070172196863883346,1.440214464010432,1.4109516503395114,1.3906843059379304,0.98563569177107935,0.95444048582747554,1.0143326145565166,True,True,False,4>1>3>2,19,0,0,True,1,2.3642745576480534e-05,0.0060015931465011406,0.00071663580289827659,0.026761272918012443
10000,0,multi,gaussian_matched,0.050000000000000003,461,28,0.02,17.00061937444163,>=10%,True,True,4,0.0098014015624752239,0.49383416205704683,0.060845563822504868,0.012475728923264855,1.440214464010432,1.4283577501511486,1.4173197069119992,0.99227221384979958,0.98482684832005962,0.99276564120446686,True,True,False,4>1>3>2,19,0,0,True,1,0.0025449665835691349,0.0098014015624752239,0.0070933390051487145,4.3914516098282893e-06
10000,0,multi,gaussian_matched,0.050000000000000003,461,28,0.050000000000000003,17.00061937444163,>=10%,True,True,4,0.0098014015624752239,0.49383416205704683,0.060845563822504868,0.012475728923264855,1.440214464010432,1.4283577501511486,1.4173197069119992,0.99227221384979958,0.96367425811544705,0.99276564120446686,True,True,False,4>1>3>2,19,0,0,True,1,0.0025449665835691349,0.0098014015624752239,0.0070933390051487145,4.3914516098282893e-06
10000,0,multi,gaussian_matched,0.050000000000000003,461,29,0.02,17.00061937444163,>=10%,True,True,4,0.011633807367785002,0.47316048849590736,0.052815990770030165,0.026986833489596667,1.440214464010432,1.4188311241069103,1.4182606648329745,0.99959793715809919,0.99336550458619133,1.0034946422480191,True,True,False,4>1>3>2,19,0,0,True,1,0.0031783757874707863,0.011633807367785002,0.0086252854983356522,0.0088829786217507686
10000,0,multi,gaussian_matched,0.050000000000000003,461,29,0.050000000000000003,17.00061937444163,>=10%,True,True,4,0.011633807367785002,0.47316048849590736,0.052815990770030165,0.026986833489596667,1.440214464010432,1.4188311241069103,1.4182606648329745,0.99959793715809919,0.97197872600704471,1.0034946422480191,True,True,False,4>1>3>2,19,0,0,True,1,0.0031783757874707863,0.011633807367785002,0.0086252854983356522,0.0088829786217507686
10000,0,multi,gaussian_matched,0.050000000000000003,461,30,0.02,17.00061937444163,>=10%,True,False,2,0.025492354875776873,0.51345032201984342,-0.04595096387761706,0.096889104813086491,1.440214464010432,1.5186102594076174,1.4833900272975717,0.97680758977370241,,1.0972526464636392,False,False,False,,-1,,,False,1,0.025492354875776873,0.01406556880784284,0.016420705455073032,0.020214233473058514
10000,0,multi,gaussian_matched,0.050000000000000003,461,30,0.050000000000000003,17.00061937444163,>=10%,True,True,4,0.025492354875776873,0.51345032201984342,-0.04595096387761706,0.096889104813086491,1.440214464010432,1.5186102594076174,1.4833900272975717,0.97680758977370241,0.9509902530629073,1.0972526464636392,True,True,False,4>1>3>2,19,0,0,True,1,0.025492354875776873,0.01406556880784284,0.016420705455073032,0.020214233473058514
10000,0,multi,gaussian_matched,0.050000000000000003,461,31,0.02,17.00061937444163,>=10%,True,True,4,0.012815439256338556,0.5080986286158915,0.08613353141343548,0.037029986198537326,1.440214464010432,1.4229774459899664,1.4060118269911901,0.98807738025181879,0.97925846635383307,1.00196314455239,True,True,False,4>1>3>2,19,0,0,True,1,0.00091394681496619306,0.0076079879029281906,0.0036898453376874919,0.012815439256338556
10000,0,multi,gaussian_matched,0.050000000000000003,461,31,0.050000000000000003,17.00061937444163,>=10%,True,True,4,0.012815439256338556,0.5080986286158915,0.08613353141343548,0.037029986198537326,1.440214464010432,1.4229774459899664,1.4060118269911901,0.98807738025181879,0.95814446091021832,1.00196314455239,True,True,False,4>1>3>2,19,0,0,True,1,0.00091394681496619306,0.0076079879029281906,0.0036898453376874919,0.012815439256338556
10000,0,multi,gaussian_matched,0.050000000000000003,462,0,0.02,10.968861472875275,>=10%,True,True,4,0.016812596012562606,0.50649671792834039,0.08177945183515184,0.032436721517181029,0.95618988024263629,0.93333210468108097,0.92288760700011108,0.98880945203900517,0.95731241958675228,0.99909479095812581,True,True,False,3>1>4>2,13,0,0,True,1,0.0016860761357373457,0.0021258743618655447,0.016812596012562606,0.0015081571762752069
10000,0,multi,gaussian_matched,0.050000000000000003,462,0,0.050000000000000003,10.968861472875275,>=10%,True,True,4,0.016812596012562606,0.50649671792834039,0.08177945183515184,0.032436721517181029,0.95618988024263629,0.93333210468108097,0.92288760700011108,0.98880945203900517,0.92512969392970057,0.99909479095812581,True,True,False,3>1>4>2,13,0,0,True,1,0.0016860761357373457,0.0021258743618655447,0.016812596012562606,0.0015081571762752069
10000,0,multi,gaussian_matched,0.050000000000000003,462,1,0.02,10.968861472875275,>=10%,True,True,4,0.011670281444220245,0.47048186571798589,0.041643625313687538,0.030678155899419059,0.95618988024263629,0.94845529179183496,0.94069378504016599,0.99181668675493828,0.96531382381527753,1.0158776630151076,True,True,False,3>1>4>2,13,0,0,True,1,0.00040791644930807033,0.004818325226134631,0.011670281444220245,0.0032365170083407855
10000,0,multi,gaussian_matched,0.050000000000000003,462,1,0.050000000000000003,10.968861472875275,>=10%,True,True,4,0.011670281444220245,0.47048186571798589,0.041643625313687538,0.030678155899419059,0.95618988024263629,0.94845529179183496,0.94069378504016599,0.99181668675493828,0.93343542747147001,1.0158776630151076,True,True,False,3>1>4>2,13,0,0,True,1,0.00040791644930807033,0.004818325226134631,0.011670281444220245,0.0032365170083407855
10000,0,multi,gaussian_matched,0.050000000000000003,462,2,0.02,10.968861472875275,>=10%,True,True,4,0.015948121923452359,0.4559050304209597,0.10581994410628058,0.071135311218864974,0.95618988024263629,0.8855261503227041,0.89139548162460447,1.0066280722480769,0.97070239766322208,1.0066314366339288,True,True,False,3>1>4>2,13,0,0,True,1,0.015948121923452359,0.0013571653346451957,0.0050431462917505665,0.0078402830484225888
10000,0,multi,gaussian_matched,0.050000000000000003,462,2,0.050000000000000003,10.968861472875275,>=10%,True,True,4,0.015948121923452359,0.4559050304209597,0.10581994410628058,0.071135311218864974,0.95618988024263629,0.8855261503227041,0.89139548162460447,1.0066280722480769,0.93677178299557284,1.0066314366339288,True,True,False,3>1>4>2,13,0,0,True,1,0.015948121923452359,0.0013571653346451957,0.0050431462917505665,0.0078402830484225888
10000,0,multi,gaussian_matched,0.050000000000000003,462,3,0.02,10.968861472875275,>=10%,True,True,4,0.017611891726757756,0.51242523508873195,0.096140807801009157,0.047784522719599522,0.95618988024263629,0.92518565321235013,0.91536967738416097,0.98939026367939564,0.95643792378637471,1.007283406784599,True,True,False,3>1>4>2,13,0,0,True,1,0.0039225130652346483,0.00085288905430829572,0.017611891726757756,0.0016344379169774381
10000,0,multi,gaussian_matched,0.050000000000000003,462,3,0.050000000000000003,10.968861472875275,>=10%,True,True,4,0.017611891726757756,0.51242523508873195,0.096140807801009157,0.047784522719599522,0.95618988024263629,0.92518565321235013,0.91536967738416097,0.98939026367939564,0.92400390853714331,1.007283406784599,True,True,False,3>1>4>2,13,0,0,True,1,0.0039225130652346483,0.00085288905430829572,0.017611891726757756,0.0016344379169774381
10000,0,multi,gaussian_matched,0.050000000000000003,462,4,0.02,10.968861472875275,>=10%,True,False,3,0.020991891104916338,0.47617281229656189,0.14270575036898386,0.095718812285418717,0.95618988024263629,0.86618519784207682,0.87121348945407751,1.0058050999076498,,1.0112346111570789,False,False,False,,-1,,,False,1,0.020991891104916338,0.003348556524662307,0.010055111058639852,0.0078646612685884174
10000,0,multi,gaussian_matched,0.050000000000000003,462,4,0.050000000000000003,10.968861472875275,>=10%,True,True,4,0.020991891104916338,0.47617281229656189,0.14270575036898386,0.095718812285418717,0.95618988024263629,0.86618519784207682,0.87121348945407751,1.0058050999076498,0.93362878282918604,1.0112346111570789,True,True,False,3>1>4>2,13,0,0,True,1,0.020991891104916338,0.003348556524662307,0.010055111058639852,0.0078646612685884174
10000,0,multi,gaussian_matched,0.050000000000000003,462,5,0.02,10.968861472875275,>=10%,True,True,4,0.018399089416463777,0.49872104324359134,0.049313992052142569,0.0014513226000055662,0.95618988024263629,0.95609047617548859,0.93821864901994312,0.98130738920542793,0.95877119310902403,0.98272319236583472,True,True,False,3>1>4>2,13,0,0,True,1,0.0038404698226757105,0.0052726177945528257,0.018399089416463777,0.00052454270848098744
10000,0,multi,gaussian_matched,0.050000000000000003,462,5,0.050000000000000003,10.968861472875275,>=10%,True,True,4,0.018399089416463777,0.49872104324359134,0.049313992052142569,0.0014513226000055662,0.95618988024263629,0.95609047617548859,0.93821864901994312,0.98130738920542793,0.92706455999918136,0.98272319236583472,True,True,False,3>1>4>2,13,0,0,True,1,0.0038404698226757105,0.0052726177945528257,0.018399089416463777,0.00052454270848098744
10000,0,multi,gaussian_matched,0.050000000000000003,462,6,0.02,10.968861472875275,>=10%,True,False,3,0.032328758501861565,0.57005249752600562,0.12695386470395892,0.10406368099633145,0.95618988024263629,0.9396537935596142,0.91603200513279548,0.97486117909732029,,1.0668338027905861,False,False,False,,-1,,,False,1,0.002147883003829973,0.00077508523498487619,0.032328758501861565,0.0029057961809693584
10000,0,multi,gaussian_matched,0.050000000000000003,462,6,0.050000000000000003,10.968861472875275,>=10%,True,True,4,0.032328758501861565,0.57005249752600562,0.12695386470395892,0.10406368099633145,0.95618988024263629,0.9396537935596142,0.91603200513279548,0.97486117909732029,0.9100527248075484,1.0668338027905861,True,True,False,3>1>4>2,13,0,0,True,1,0.002147883003829973,0.00077508523498487619,0.032328758501861565,0.0029057961809693584
10000,0,multi,gaussian_matched,0.050000000000000003,462,7,0.02,10.968861472875275,>=10%,True,True,4,0.014802168939550131,0.46345314811028337,0.014710120299911443,0.050804015513496628,0.95618988024263629,0.96912002349917836,0.95548335115342842,0.98592880962616747,0.9678937755422713,1.0523928222410974,True,True,False,3>1>4>2,13,0,0,True,1,0.0035775553861386806,0.0076557866239741878,0.014802168939550131,0.0028879743804168384
10000,0,multi,gaussian_matched,0.050000000000000003,462,7,0.050000000000000003,10.968861472875275,>=10%,True,True,4,0.014802168939550131,0.46345314811028337,0.014710120299911443,0.050804015513496628,0.95618988024263629,0.96912002349917836,0.95548335115342842,0.98592880962616747,0.93613388227447958,1.0523928222410974,True,True,False,3>1>4>2,13,0,0,True,1,0.0035775553861386806,0.0076557866239741878,0.014802168939550131,0.0028879743804168384
10000,0,multi,gaussian_matched,0.050000000000000003,462,8,0.02,10.968861472875275,>=10%,True,True,4,0.013069076087297987,0.49216285855432601,0.11669218178570849,0.067151082622527308,0.95618988024263629,0.89661025414882056,0.89503083176668263,0.99823845157376956,0.96279445707161859,1.0062665734812559,True,True,False,3>1>4>2,13,0,0,True,1,0.011985218015786465,0.0015304154484312011,0.013069076087297987,0.004614400338643152
10000,0,multi,gaussian_matched,0.050000000000000003,462,8,0.050000000000000003,10.968861472875275,>=10%,True,True,4,0.013069076087297987,0.49216285855432601,0.11669218178570849,0.067151082622527308,0.95618988024263629,0.89661025414882056,0.89503083176668263,0.99823845157376956,0.92927359314393776,1.0062665734812559,True,True,False,3>1>4>2,13,0,0,True,1,0.011985218015786465,0.0015304154484312011,0.013069076087297987,0.004614400338643152
10000,0,multi,gaussian_matched,0.050000000000000003,462,9,0.02,10.968861472875275,>=10%,True,True,4,0.016543864089476234,0.44374835407491126,0.098332412919177242,0.074163803892946342,0.95618988024263629,0.88590168728911622,0.89377673301049354,1.0088892998335686,0.97307675187313913,1.0122890410195742,True,True,False,3>1>4>2,13,0,0,True,1,0.016543864089476234,0.0010225297754194785,0.0023047060636077199,0.0087580302132234562
10000,0,multi,gaussian_matched,0.050000000000000003,462,9,0.050000000000000003,10.968861472875275,>=10%,True,True,4,0.016543864089476234,0.44374835407491126,0.098332412919177242,0.074163803892946342,0.95618988024263629,0.88590168728911622,0.89377673301049354,1.0088892998335686,0.93917607440701767,1.0122890410195742,True,True,False,3>1>4>2,13,0,0,True,1,0.016543864089476234,0.0010225297754194785,0.0023047060636077199,0.0087580302132234562
10000,0,multi,gaussian_matched,0.050000000000000003,462,10,0.02,10.968861472875275,>=10%,True,True,4,0.018101831942560157,0.51077742397831305,0.14739998353824074,0.097994436887294187,0.95618988024263629,0.88423977326677217,0.8814163159058479,0.99680690979269893,0.96029288054935691,1.0242847922053027,True,True,False,3>1>4>2,13,0,0,True,1,0.01607858050207036,0.0034658539108337974,0.018101831942560157,0.0041664852765836468
10000,0,multi,gaussian_matched,0.050000000000000003,462,10,0.050000000000000003,10.968861472875275,>=10%,True,True,4,0.018101831942560157,0.51077742397831305,0.14739998353824074,0.097994436887294187,0.95618988024263629,0.88423977326677217,0.8814163159058479,0.99680690979269893,0.92613646107485303,1.0242847922053027,True,True,False,3>1>4>2,13,0,0,True,1,0.01607858050207036,0.0034658539108337974,0.018101831942560157,0.0041664852765836468
10000,0,multi,gaussian_matched,0.050000000000000003,462,11,0.02,10.968861472875275,>=10%,True,False,3,0.020824313606056358,0.50675130737630647,0.048110843184377208,0.0070106393976144725,0.95618988024263629,0.96141127801163495,0.9396800866434607,0.97739657120195411,,0.99006561939439197,False,False,False,,-1,,,False,1,0.0053777149011718685,0.0058843044222229458,0.020824313606056358,0.0004234554844102311
10000,0,multi,gaussian_matched,0.050000000000000003,462,11,0.050000000000000003,10.968861472875275,>=10%,True,True,4,0.020824313606056358,0.50675130737630647,0.048110843184377208,0.0070106393976144725,0.95618988024263629,0.96141127801163495,0.9396800866434607,0.97739657120195411,0.92536826897896685,0.99006561939439197,True,True,False,3>1>4>2,13,0,0,True,1,0.0053777149011718685,0.0058843044222229458,0.020824313606056358,0.0004234554844102311
10000,0,multi,gaussian_matched,0.050000000000000003,462,12,0.02,10.968861472875275,>=10%,True,False,2,0.051085801879481231,0.55522814106287,-0.0030038526331884613,0.076547736473530206,0.95618988024263629,1.0307912501279273,0.97094332242396431,0.9419398178859828,,1.0954843598968966,False,False,False,,-1,,,False,1,0.019561025858643596,0.051085801879481231,0.044705502042173606,0.0077773092168919077
10000,0,multi,gaussian_matched,0.050000000000000003,462,12,0.050000000000000003,10.968861472875275,>=10%,True,False,3,0.051085801879481231,0.55522814106287,-0.0030038526331884613,0.076547736473530206,0.95618988024263629,1.0307912501279273,0.97094332242396431,0.9419398178859828,,1.0954843598968966,False,False,False,,-1,,,False,1,0.019561025858643596,0.051085801879481231,0.044705502042173606,0.0077773092168919077
10000,0,multi,gaussian_matched,0.050000000000000003,462,13,0.02,10.968861472875275,>=10%,True,False,2,0.03698710719845854,0.47722811626592893,-0.051697552383576942,0.10421588578335084,0.95618988024263629,1.0350163361198792,0.99024918947242435,0.95674740090066579,,1.1446106028418237,False,False,False,,-1,,,False,1,0.013441021163755991,0.03698710719845854,0.033910577406847373,0.00085019254459047953
10000,0,multi,gaussian_matched,0.050000000000000003,462,13,0.050000000000000003,10.968861472875275,>=10%,True,True,4,0.03698710719845854,0.47722811626592893,-0.051697552383576942,0.10421588578335084,0.95618988024263629,1.0350163361198792,0.99024918947242435,0.95674740090066579,0.9389573238130573,1.1446106028418237,True,True,False,3>1>4>2,13,0,0,True,1,0.013441021163755991,0.03698710719845854,0.033910577406847373,0.00085019254459047953
10000,0,multi,gaussian_matched,0.050000000000000003,462,14,0.02,10.968861472875275,>=10%,True,False,3,0.024174291582168973,0.47710694200498888,-0.0091906543320044304,0.063463577464666909,0.95618988024263629,0.99659961532370289,0.97026280787365016,0.9735733317120554,,1.0810890249915692,False,False,False,,-1,,,False,1,0.0089041166159048932,0.015949772462050933,0.024174291582168973,0.00019793652590955658
10000,0,multi,gaussian_matched,0.050000000000000003,462,14,0.050000000000000003,10.968861472875275,>=10%,True,True,4,0.024174291582168973,0.47710694200498888,-0.0091906543320044304,0.063463577464666909,0.95618988024263629,0.99659961532370289,0.97026280787365016,0.9735733317120554,0.93481686417814702,1.0810890249915692,True,True,False,3>1>4>2,13,0,0,True,1,0.0089041166159048932,0.015949772462050933,0.024174291582168973,0.00019793652590955658
10000,0,multi,gaussian_matched,0.050000000000000003,462,15,0.02,10.968861472875275,>=10%,True,True,4,0.017639301760391395,0.4998263580595031,0.056474053579244711,0.0064763818039419779,0.95618988024263629,0.95063216164621889,0.93504568486079065,0.98360409271401361,0.95846885762210654,0.9846601455621119,True,True,False,3>1>4>2,13,0,0,True,1,0.0025986227952965262,0.004456350990267424,0.017639301760391395,0.00081686350380979654
10000,0,multi,gaussian_matched,0.050000000000000003,462,15,0.050000000000000003,10.968861472875275,>=10%,True,True,4,0.017639301760391395,0.4998263580595031,0.056474053579244711,0.0064763818039419779,0.95618988024263629,0.95063216164621889,0.93504568486079065,0.98360409271401361,0.92670115976144452,0.9846601455621119,True,True,False,3>1>4>2,13,0,0,True,1,0.0025986227952965262,0.004456350990267424,0.017639301760391395,0.00081686350380979654
10000,0,multi,gaussian_matched,0.050000000000000003,462,16,0.02,10.968861472875275,>=10%,True,True,4,0.0066038620310281491,0.45750847485063906,0.051985919514680318,0.042537907633516267,0.95618988024263629,0.9332132973502627,0.93265842014956701,0.99940541224361978,0.96822045474417107,1.0198772732625283,True,True,False,3>1>4>2,13,0,0,True,1,0.0040357543347066165,0.0033805632527488202,0.0066038620310281491,0.0051308621055976365
10000,0,multi,gaussian_matched,0.050000000000000003,462,16,0.050000000000000003,10.968861472875275,>=10%,True,True,4,0.0066038620310281491,0.45750847485063906,0.051985919514680318,0.042537907633516267,0.95618988024263629,0.9332132973502627,0.93265842014956701,0.99940541224361978,0.935953467934031,1.0198772732625283,True,True,False,3>1>4>2,13,0,0,True,1,0.0040357543347066165,0.0033805632527488202,0.0066038620310281491,0.0051308621055976365
10000,0,multi,gaussian_matched,0.050000000000000003,462,17,0.02,10.968861472875275,>=10%,True,True,4,0.015169023591543242,0.44685357311331386,-0.0087709319737188512,0.079237397331571688,0.95618988024263629,0.98344839780172499,0.97089621922240743,0.98723656614076027,0.9728881288782375,1.0982479926345847,True,True,False,3>1>4>2,13,0,0,True,1,0.0034390591767238894,0.010012332886902075,0.015169023591543242,0.0043194309253049628
10000,0,multi,gaussian_matched,0.050000000000000003,462,17,0.050000000000000003,10.968861472875275,>=10%,True,True,4,0.015169023591543242,0.44685357311331386,-0.0087709319737188512,0.079237397331571688,0.95618988024263629,0.98344839780172499,0.97089621922240743,0.98723656614076027,0.94104962297142791,1.0982479926345847,True,True,False,3>1>4>2,13,0,0,True,1,0.0034390591767238894,0.010012332886902075,0.015169023591543242,0.0043194309253049628
10000,0,multi,gaussian_matched,0.050000000000000003,462,18,0.02,10.968861472875275,>=10%,True,True,4,0.014354708899021882,0.48766561844883721,0.12350158465161847,0.074529322515025587,0.95618988024263629,0.88845984430953096,0.88883023006794848,1.0004168851983462,0.96441875794876286,1.007498167977388,True,True,False,3>1>4>2,13,0,0,True,1,0.014354708899021882,0.0021159993691478121,0.012198227174242227,0.0054230840029001167
10000,0,multi,gaussian_matched,0.050000000000000003,462,18,0.050000000000000003,10.968861472875275,>=10%,True,True,4,0.014354708899021882,0.48766561844883721,0.12350158465161847,0.074529322515025587,0.95618988024263629,0.88845984430953096,0.88883023006794848,1.0004168851983462,0.9305525991882645,1.007498167977388,True,True,False,3>1>4>2,13,0,0,True,1,0.014354708899021882,0.0021159993691478121,0.012198227174242227,0.0054230840029001167
10000,0,multi,gaussian_matched,0.050000000000000003,462,19,0.02,10.968861472875275,>=10%,True,False,3,0.024343802681107848,0.47641570536637445,-0.010810399281226492,0.065223643060686592,0.95618988024263629,0.99774236721038023,0.97127947208200349,0.9734772261877932,,1.0839929772940851,False,False,False,,-1,,,False,1,0.0089693730335108079,0.016280177242241307,0.024343802681107848,0.00023176382717515905
10000,0,multi,gaussian_matched,0.050000000000000003,462,19,0.050000000000000003,10.968861472875275,>=10%,True,True,4,0.024343802681107848,0.47641570536637445,-0.010810399281226492,0.065223643060686592,0.95618988024263629,0.99774236721038023,0.97127947208200349,0.9734772261877932,0.9350934020232341,1.0839929772940851,True,True,False,3>1>4>2,13,0,0,True,1,0.0089693730335108079,0.016280177242241307,0.024343802681107848,0.00023176382717515905
10000,0,multi,gaussian_matched,0.050000000000000003,462,20,0.02,10.968861472875275,>=10%,True,True,4,0.019653703642598386,0.51598539586925973,0.076353174524918549,0.030822438070953473,0.95618988024263629,0.94325084122771186,0.92821848135402441,0.9840632425473147,0.95496466052951823,1.0029816663418547,True,True,False,3>1>4>2,13,0,0,True,1,0.0010130846909621313,0.00294276781511621,0.019653703642598386,0.00025940659376784685
10000,0,multi,gaussian_matched,0.050000000000000003,462,20,0.050000000000000003,10.968861472875275,>=10%,True,True,4,0.019653703642598386,0.51598539586925973,0.076353174524918549,0.030822438070953473,0.95618988024263629,0.94325084122771186,0.92821848135402441,0.9840632425473147,0.92308393273287814,1.0029816663418547,True,True,False,3>1>4>2,13,0,0,True,1,0.0010130846909621313,0.00294276781511621,0.019653703642598386,0.00025940659376784685
10000,0,multi,gaussian_matched,0.050000000000000003,462,21,0.02,10.968861472875275,>=10%,True,False,1,0.064173599526797492,0.52913126932788657,-0.033689779471780118,0.088614953820949735,0.95618988024263629,1.0428808948128991,0.99293601625504269,0.95210874146197011,,1.1311048071346932,False,False,False,,-1,,,False,1,0.020049171997250641,0.064173599526797492,0.044972155153569719,0.0056997310524690035
10000,0,multi,gaussian_matched,0.050000000000000003,462,21,0.050000000000000003,10.968861472875275,>=10%,True,False,3,0.064173599526797492,0.52913126932788657,-0.033689779471780118,0.088614953820949735,0.95618988024263629,1.0428808948128991,0.99293601625504269,0.95210874146197011,,1.1311048071346932,False,False,False,,-1,,,False,1,0.020049171997250641,0.064173599526797492,0.044972155153569719,0.0056997310524690035
10000,0,multi,gaussian_matched,0.050000000000000003,462,22,0.02,10.968861472875275,>=10%,True,False,1,0.090503173619244467,0.50963651067864169,-0.11113791827485163,0.16142580662339073,0.95618988024263629,1.1025662396803178,1.04748466459189,0.95004238919523032,,1.2642995875552623,False,False,False,,-1,,,False,1,0.025050599755256569,0.090503173619244467,0.056913430588127298,0.0027116920293810388
10000,0,multi,gaussian_matched,0.050000000000000003,462,22,0.050000000000000003,10.968861472875275,>=10%,True,False,2,0.090503173619244467,0.50963651067864169,-0.11113791827485163,0.16142580662339073,0.95618988024263629,1.1025662396803178,1.04748466459189,0.95004238919523032,,1.2642995875552623,False,False,False,,-1,,,False,1,0.025050599755256569,0.090503173619244467,0.056913430588127298,0.0027116920293810388
10000,0,multi,gaussian_matched,0.050000000000000003,462,23,0.02,10.968861472875275,>=10%,True,False,1,0.048161438610840282,0.59199270670225079,0.024288514766954428,0.095518262962092537,0.95618988024263629,1.0307757294958375,0.96203992623535117,0.93331643218442317,,1.1060127397803927,False,False,False,,-1,,,False,1,0.020518907902408654,0.040300408517740388,0.048161438610840282,0.010167108860743177
10000,0,multi,gaussian_matched,0.050000000000000003,462,23,0.050000000000000003,10.968861472875275,>=10%,True,True,4,0.048161438610840282,0.59199270670225079,0.024288514766954428,0.095518262962092537,0.95618988024263629,1.0307757294958375,0.96203992623535117,0.93331643218442317,0.91036762116347658,1.1060127397803927,True,True,False,3>1>4>2,13,0,0,True,1,0.020518907902408654,0.040300408517740388,0.048161438610840282,0.010167108860743177
10000,0,multi,gaussian_matched,0.050000000000000003,462,24,0.02,10.968861472875275,>=10%,True,False,3,0.030018598893273386,0.51428348127657908,0.012423708113306307,0.040199447127198001,0.95618988024263629,0.99565670381418703,0.95948837901096018,0.96367390018600552,,1.0454909080239212,False,False,False,,-1,,,False,1,0.011999330762725875,0.016167046972948119,0.030018598893273386,0.0033933200357735434
10000,0,multi,gaussian_matched,0.050000000000000003,462,24,0.050000000000000003,10.968861472875275,>=10%,True,True,4,0.030018598893273386,0.51428348127657908,0.012423708113306307,0.040199447127198001,0.95618988024263629,0.99565670381418703,0.95948837901096018,0.96367390018600552,0.92545222609968281,1.0454909080239212,True,True,False,3>1>4>2,13,0,0,True,1,0.011999330762725875,0.016167046972948119,0.030018598893273386,0.0033933200357735434
10000,0,multi,gaussian_matched,0.050000000000000003,462,25,0.02,10.968861472875275,>=10%,True,True,4,0.0083074805489227101,0.4349202441300169,0.050418520641301125,0.065081101585819784,0.95618988024263629,0.92457007561202165,0.93011739951485706,1.0059998955721807,0.9735204625620647,1.0407958938533652,True,True,False,3>1>4>2,13,0,0,True,1,0.0083074805489227101,0.0026364870764840655,0.00050173495757042908,0.007588676401505518
10000,0,multi,gaussian_matched,0.050000000000000003,462,25,0.050000000000000003,10.968861472875275,>=10%,True,True,4,0.0083074805489227101,0.4349202441300169,0.050418520641301125,0.065081101585819784,0.95618988024263629,0.92457007561202165,0.93011739951485706,1.0059998955721807,0.9410002069965876,1.0407958938533652,True,True,False,3>1>4>2,13,0,0,True,1,0.0083074805489227101,0.0026364870764840655,0.00050173495757042908,0.007588676401505518
10000,0,multi,gaussian_matched,0.050000000000000003,462,26,0.02,10.968861472875275,>=10%,True,True,4,0.006343589409563765,0.43893004429308963,0.027262915412305463,0.065165286047035587,0.95618988024263629,0.94728652036132766,0.94902334552103806,1.001833473951522,0.97285810876343848,1.0606561024372272,True,True,False,3>1>4>2,13,0,0,True,1,0.0032647417790741293,0.0049753547607190593,0.0047884019194946838,0.006343589409563765
10000,0,multi,gaussian_matched,0.050000000000000003,462,26,0.050000000000000003,10.968861472875275,>=10%,True,True,4,0.006343589409563765,0.43893004429308963,0.027262915412305463,0.065165286047035587,0.95618988024263629,0.94728652036132766,0.94902334552103806,1.001833473951522,0.94091320082078955,1.0606561024372272,True,True,False,3>1>4>2,13,0,0,True,1,0.0032647417790741293,0.0049753547607190593,0.0047884019194946838,0.006343589409563765
10000,0,multi,gaussian_matched,0.050000000000000003,462,27,0.02,10.968861472875275,>=10%,True,False,3,0.027875660359950968,0.54821483554090822,0.079617755957712422,0.056585173271868981,0.95618988024263629,0.9602268044557738,0.93280702221470335,0.97144447320796146,,1.034723558500233,False,False,False,,-1,,,False,1,0.0051555332572244652,0.0036616787669558211,0.027875660359950968,0.0028835001991396412
10000,0,multi,gaussian_matched,0.050000000000000003,462,27,0.050000000000000003,10.968861472875275,>=10%,True,True,4,0.027875660359950968,0.54821483554090822,0.079617755957712422,0.056585173271868981,0.95618988024263629,0.9602268044557738,0.93280702221470335,0.97144447320796146,0.91599020622469174,1.034723558500233,True,True,False,3>1>4>2,13,0,0,True,1,0.0051555332572244652,0.0036616787669558211,0.027875660359950968,0.0028835001991396412
10000,0,multi,gaussian_matched,0.050000000000000003,462,28,0.02,10.968861472875275,>=10%,True,True,4,0.018521005047483361,0.47259608842036271,0.010089161759840162,0.048413318197545428,0.95618988024263629,0.97735439990586914,0.95828440502057521,0.98048814750603197,0.96634584418117953,1.0528219802563354,True,True,False,3>1>4>2,13,0,0,True,1,0.0058393550142515445,0.0098646088968977214,0.018521005047483361,0.0015427203968567105
10000,0,multi,gaussian_matched,0.050000000000000003,462,28,0.050000000000000003,10.968861472875275,>=10%,True,True,4,0.018521005047483361,0.47259608842036271,0.010089161759840162,0.048413318197545428,0.95618988024263629,0.97735439990586914,0.95828440502057521,0.98048814750603197,0.93440655445842336,1.0528219802563354,True,True,False,3>1>4>2,13,0,0,True,1,0.0058393550142515445,0.0098646088968977214,0.018521005047483361,0.0015427203968567105
10000,0,multi,gaussian_matched,0.050000000000000003,462,29,0.02,10.968861472875275,>=10%,True,True,4,0.009782265078284974,0.45284642080963244,0.023426296583679829,0.054125980302631112,0.95618988024263629,0.95663814245721612,0.95098841561668479,0.99409418609839295,0.96980087003678161,1.0511661090412971,True,True,False,3>1>4>2,13,0,0,True,1,0.00021985210778287321,0.0058473750720391179,0.009782265078284974,0.0045330661975411498
10000,0,multi,gaussian_matched,0.050000000000000003,462,29,0.050000000000000003,10.968861472875275,>=10%,True,True,4,0.009782265078284974,0.45284642080963244,0.023426296583679829,0.054125980302631112,0.95618988024263629,0.95663814245721612,0.95098841561668479,0.99409418609839295,0.93804459669349727,1.0511661090412971,True,True,False,3>1>4>2,13,0,0,True,1,0.00021985210778287321,0.0058473750720391179,0.009782265078284974,0.0045330661975411498
10000,0,multi,gaussian_matched,0.050000000000000003,462,30,0.02,10.968861472875275,>=10%,True,True,4,0.015999905998453225,0.49408892205631305,0.056998248285922051,0.0091605852175367722,0.95618988024263629,0.94711935413704884,0.93432209168463709,0.98648822622353471,0.95978668728593808,0.98671058583339333,True,True,False,3>1>4>2,13,0,0,True,1,0.0015382264426454242,0.0041726633031073631,0.015999905998453225,0.0014566533365181033
10000,0,multi,gaussian_matched,0.050000000000000003,462,30,0.050000000000000003,10.968861472875275,>=10%,True,True,4,0.015999905998453225,0.49408892205631305,0.056998248285922051,0.0091605852175367722,0.95618988024263629,0.94711935413704884,0.93432209168463709,0.98648822622353471,0.92793598250816101,0.98671058583339333,True,True,False,3>1>4>2,13,0,0,True,1,0.0015382264426454242,0.0041726633031073631,0.015999905998453225,0.0014566533365181033
10000,0,multi,gaussian_matched,0.050000000000000003,462,31,0.02,10.968861472875275,>=10%,True,True,4,0.00651135288407346,0.43888564281316289,0.032331443372536212,0.063617156079615836,0.95618988024263629,0.94265283173742875,0.94520374341160318,1.0027060987760179,0.97274991134580668,1.0550424349138976,True,True,False,3>1>4>2,13,0,0,True,1,0.0041461363756463325,0.004517991754446637,0.0038118348030261257,0.00651135288407346
10000,0,multi,gaussian_matched,0.050000000000000003,462,31,0.050000000000000003,10.968861472875275,>=10%,True,True,4,0.00651135288407346,0.43888564281316289,0.032331443372536212,0.063617156079615836,0.95618988024263629,0.94265283173742875,0.94520374341160318,1.0027060987760179,0.94069851928108938,1.0550424349138976,True,True,False,3>1>4>2,13,0,0,True,1,0.0041461363756463325,0.004517991754446637,0.0038118348030261257,0.00651135288407346
10000,0,multi,gaussian_matched,0.050000000000000003,463,0,0.02,10.214956411147716,>=10%,True,True,4,0.0070092734958069891,0.47393227344555272,0.084484047305812673,0.043228183934870108,1.2048550335282324,1.1636978282762311,1.1885539338377518,1.021359587478426,1.0035202436901098,1.0223488166584966,True,True,False,4>2>1>3,20,0,0,True,1,0.0020987242869840508,0.0070092734958069891,0.0061617587695364986,0.0053144010468613679
10000,0,multi,gaussian_matched,0.050000000000000003,463,0,0.050000000000000003,10.214956411147716,>=10%,True,True,4,0.0070092734958069891,0.47393227344555272,0.084484047305812673,0.043228183934870108,1.2048550335282324,1.1636978282762311,1.1885539338377518,1.021359587478426,0.97727496082999366,1.0223488166584966,True,True,False,4>2>1>3,20,0,0,True,1,0.0020987242869840508,0.0070092734958069891,0.0061617587695364986,0.0053144010468613679
10000,0,multi,gaussian_matched,0.050000000000000003,463,1,0.02,10.214956411147716,>=10%,True,True,4,0.018714172274306301,0.5377237502548714,-0.00031160620288420843,0.062883535619476794,1.2048550335282324,1.265542199041551,1.265050688069183,0.99961162024250139,0.98625413039839793,1.102152696162964,True,True,False,4>2>1>3,20,0,0,True,1,0.0018756769030233605,0.014702542609509423,0.0045613015015911413,0.018714172274306301
10000,0,multi,gaussian_matched,0.050000000000000003,463,1,0.050000000000000003,10.214956411147716,>=10%,True,True,4,0.018714172274306301,0.5377237502548714,-0.00031160620288420843,0.062883535619476794,1.2048550335282324,1.265542199041551,1.265050688069183,0.99961162024250139,0.96236512041966349,1.102152696162964,True,True,False,4>2>1>3,20,0,0,True,1,0.0018756769030233605,0.014702542609509423,0.0045613015015911413,0.018714172274306301
10000,0,multi,gaussian_matched,0.050000000000000003,463,2,0.02,10.214956411147716,>=10%,True,False,3,0.028070098493861419,0.56503429876727951,0.016614637211152174,0.073102957975000965,1.2048550335282324,1.2617895538755566,1.2578853709256566,0.99690583668416943,,1.1046875282606099,False,False,False,,-1,,,False,1,0.00015474912843332691,0.018573577914357691,0.0052334067204721545,0.028070098493861419
10000,0,multi,gaussian_matched,0.050000000000000003,463,2,0.050000000000000003,10.214956411147716,>=10%,True,True,4,0.028070098493861419,0.56503429876727951,0.016614637211152174,0.073102957975000965,1.2048550335282324,1.2617895538755566,1.2578853709256566,0.99690583668416943,0.96050034460094813,1.1046875282606099,True,True,False,4>2>1>3,20,0,0,True,1,0.00015474912843332691,0.018573577914357691,0.0052334067204721545,0.028070098493861419
10000,0,multi,gaussian_matched,0.050000000000000003,463,3,0.02,10.214956411147716,>=10%,True,True,4,0.0077280812795894067,0.4819636317764725,0.034451099412283928,0.023813418238072204,1.2048550335282324,1.2138366337074142,1.2289721224953767,1.0124691316505534,0.99567738973756814,1.0397811403624713,True,True,False,4>2>1>3,20,0,0,True,1,0.0032660719331732519,0.0010416997639482218,0.0013922943468829198,0.0077280812795894067
10000,0,multi,gaussian_matched,0.050000000000000003,463,3,0.050000000000000003,10.214956411147716,>=10%,True,True,4,0.0077280812795894067,0.4819636317764725,0.034451099412283928,0.023813418238072204,1.2048550335282324,1.2138366337074142,1.2289721224953767,1.0124691316505534,0.97094682353620787,1.0397811403624713,True,True,False,4>2>1>3,20,0,0,True,1,0.0032660719331732519,0.0010416997639482218,0.0013922943468829198,0.0077280812795894067
10000,0,multi,gaussian_matched,0.050000000000000003,463,4,0.02,10.214956411147716,>=10%,True,False,2,0.16951223595197865,0.58057498779059546,0.17019077971993585,0.14470021488284235,1.2048550335282324,1.1448747580478251,1.1560239180426004,1.0097383228308625,,1.0795689910648192,False,False,False,,-1,,,False,1,0.018102679123884923,0.006535821131458148,0.16951223595197865,0.061657544433683098
10000,0,multi,gaussian_matched,0.050000000000000003,463,4,0.050000000000000003,10.214956411147716,>=10%,True,False,2,0.16951223595197865,0.58057498779059546,0.17019077971993585,0.14470021488284235,1.2048550335282324,1.1448747580478251,1.1560239180426004,1.0097383228308625,,1.0795689910648192,False,False,False,,-1,,,False,1,0.018102679123884923,0.006535821131458148,0.16951223595197865,0.061657544433683098
10000,0,multi,gaussian_matched,0.050000000000000003,463,5,0.02,10.214956411147716,>=10%,True,False,3,0.029242038711263636,0.5415983718441395,-0.044724518967693375,0.10345607296695637,1.2048550335282324,1.3081768349215337,1.2983451954337693,0.99248447211010726,,1.1634605237907889,False,False,False,,-1,,,False,1,0.0088758113954819778,0.017120147700240406,0.0072718673820828632,0.029242038711263636
10000,0,multi,gaussian_matched,0.050000000000000003,463,5,0.050000000000000003,10.214956411147716,>=10%,True,True,4,0.029242038711263636,0.5415983718441395,-0.044724518967693375,0.10345607296695637,1.2048550335282324,1.3081768349215337,1.2983451954337693,0.99248447211010726,0.95699293082561687,1.1634605237907889,True,True,False,4>2>1>3,20,0,0,True,1,0.0088758113954819778,0.017120147700240406,0.0072718673820828632,0.029242038711263636
10000,0,multi,gaussian_matched,0.050000000000000003,463,6,0.02,10.214956411147716,>=10%,True,False,3,0.024054732784940053,0.55349961322774766,0.0064392925981269084,0.068990896826104486,1.2048550335282324,1.2658074907146912,1.2630254656498054,0.99780217364386503,,1.1055407708056837,False,False,False,,-1,,,False,1,0.0012749684566119382,0.017078564310903904,0.0050794694986848743,0.024054732784940053
10000,0,multi,gaussian_matched,0.050000000000000003,463,6,0.050000000000000003,10.214956411147716,>=10%,True,True,4,0.024054732784940053,0.55349961322774766,0.0064392925981269084,0.068990896826104486,1.2048550335282324,1.2658074907146912,1.2630254656498054,0.99780217364386503,0.96111189677757081,1.1055407708056837,True,True,False,4>2>1>3,20,0,0,True,1,0.0012749684566119382,0.017078564310903904,0.0050794694986848743,0.024054732784940053
10000,0,multi,gaussian_matched,0.050000000000000003,463,7,0.02,10.214956411147716,>=10%,True,True,4,0.011675169128752303,0.51590890863692718,0.065143496531777784,0.021964035631596979,1.2048550335282324,1.1967950611648153,1.2125278934475059,1.0131458031480998,0.99757063852968331,1.0245978932951654,True,True,False,4>2>1>3,20,0,0,True,1,0.0080386396567661399,0.0057071693766245542,0.0022936798393947649,0.011675169128752303
10000,0,multi,gaussian_matched,0.050000000000000003,463,7,0.050000000000000003,10.214956411147716,>=10%,True,True,4,0.011675169128752303,0.51590890863692718,0.065143496531777784,0.021964035631596979,1.2048550335282324,1.1967950611648153,1.2125278934475059,1.0131458031480998,0.97246974006953935,1.0245978932951654,True,True,False,4>2>1>3,20,0,0,True,1,0.0080386396567661399,0.0057071693766245542,0.0022936798393947649,0.011675169128752303
10000,0,multi,gaussian_matched,0.050000000000000003,463,8,0.02,10.214956411147716,>=10%,True,False,1,0.032179593896405741,0.42775495961955623,0.091824303796653822,0.083478250147249383,1.2048550335282324,1.1453462199645088,1.164945037184566,1.0171116967764249,,1.036160577489559,False,False,False,,-1,,,False,1,0.0213679982963501,0.032179593896405741,0.010224004746868073,0.027162296013223237
10000,0,multi,gaussian_matched,0.050000000000000003,463,8,0.050000000000000003,10.214956411147716,>=10%,True,True,4,0.032179593896405741,0.42775495961955623,0.091824303796653822,0.083478250147249383,1.2048550335282324,1.1453462199645088,1.164945037184566,1.0171116967764249,0.96554171527017774,1.036160577489559,True,True,False,4>2>1>3,20,0,0,True,1,0.0213679982963501,0.032179593896405741,0.010224004746868073,0.027162296013223237
10000,0,multi,gaussian_matched,0.050000000000000003,463,9,0.02,10.214956411147716,>=10%,True,True,4,0.0081867071069997993,0.51393403563287143,0.031779985664026636,0.022937442564968002,1.2048550335282324,1.2268481878876007,1.2369232398555303,1.0082121423558337,0.99306163466065489,1.0456533336887761,True,True,False,4>2>1>3,20,0,0,True,1,0.0033631521755119955,0.0081867071069997993,0.0014804115059978645,0.0063939335012669959
10000,0,multi,gaussian_matched,0.050000000000000003,463,9,0.050000000000000003,10.214956411147716,>=10%,True,True,4,0.0081867071069997993,0.51393403563287143,0.031779985664026636,0.022937442564968002,1.2048550335282324,1.2268481878876007,1.2369232398555303,1.0082121423558337,0.968601855360538,1.0456533336887761,True,True,False,4>2>1>3,20,0,0,True,1,0.0033631521755119955,0.0081867071069997993,0.0014804115059978645,0.0063939335012669959
10000,0,multi,gaussian_matched,0.050000000000000003,463,10,0.02,10.214956411147716,>=10%,True,False,0,0.2193844569335674,0.38718538325492813,-0.059399295198444446,0.15714752158800926,1.2048550335282324,1.2922953969925564,1.161892989577656,0.89909241515649263,,1.0947711338376187,False,False,False,,-1,,,False,1,0.2193844569335674,0.083217715437108056,0.037942295378275037,0.037158521267303644
10000,0,multi,gaussian_matched,0.050000000000000003,463,10,0.050000000000000003,10.214956411147716,>=10%,True,False,2,0.2193844569335674,0.38718538325492813,-0.059399295198444446,0.15714752158800926,1.2048550335282324,1.2922953969925564,1.161892989577656,0.89909241515649263,,1.0947711338376187,False,False,False,,-1,,,False,1,0.2193844569335674,0.083217715437108056,0.037942295378275037,0.037158521267303644
10000,0,multi,gaussian_matched,0.050000000000000003,463,11,0.02,10.214956411147716,>=10%,True,True,4,0.011679162250675806,0.50638380926657722,0.094562716323042681,0.045017648837317258,1.2048550335282324,1.1660467552682876,1.1887373306327593,1.0194594044037719,1.0032042079362318,1.0239862432721181,True,True,False,4>2>1>3,20,0,0,True,1,0.0048588152013003963,0.00038924507863845022,0.0048990637211802817,0.011679162250675806
10000,0,multi,gaussian_matched,0.050000000000000003,463,11,0.050000000000000003,10.214956411147716,>=10%,True,True,4,0.011679162250675806,0.50638380926657722,0.094562716323042681,0.045017648837317258,1.2048550335282324,1.1660467552682876,1.1887373306327593,1.0194594044037719,0.9771958919251974,1.0239862432721181,True,True,False,4>2>1>3,20,0,0,True,1,0.0048588152013003963,0.00038924507863845022,0.0048990637211802817,0.011679162250675806
10000,0,multi,gaussian_matched,0.050000000000000003,463,12,0.02,10.214956411147716,>=10%,True,False,3,0.033941407327672986,0.55604139542676823,0.093496000774093063,0.070940398115032471,1.2048550335282324,1.1904557431418228,1.2010817146480806,1.0089259693755721,,1.0557470213144167,False,False,False,,-1,,,False,1,0.0114228583820342,0.011320179783316259,0.0042806495308706262,0.033941407327672986
10000,0,multi,gaussian_matched,0.050000000000000003,463,12,0.050000000000000003,10.214956411147716,>=10%,True,True,4,0.033941407327672986,0.55604139542676823,0.093496000774093063,0.070940398115032471,1.2048550335282324,1.1904557431418228,1.2010817146480806,1.0089259693755721,0.96994785860621147,1.0557470213144167,True,True,False,4>2>1>3,20,0,0,True,1,0.0114228583820342,0.011320179783316259,0.0042806495308706262,0.033941407327672986
10000,0,multi,gaussian_matched,0.050000000000000003,463,13,0.02,10.214956411147716,>=10%,True,False,3,0.033124628835220014,0.56003400331920206,0.079638560258211796,0.066951667706709253,1.2048550335282324,1.2043493099194715,1.2116982426396001,1.0061019943795375,,1.0612479300534439,False,False,False,,-1,,,False,1,0.0091896572485786233,0.013402202020748332,0.0039529811222136762,0.033124628835220014
10000,0,multi,gaussian_matched,0.050000000000000003,463,13,0.050000000000000003,10.214956411147716,>=10%,True,True,4,0.033124628835220014,0.56003400331920206,0.079638560258211796,0.066951667706709253,1.2048550335282324,1.2043493099194715,1.2116982426396001,1.0061019943795375,0.96772742654159682,1.0612479300534439,True,True,False,4>2>1>3,20,0,0,True,1,0.0091896572485786233,0.013402202020748332,0.0039529811222136762,0.033124628835220014
10000,0,multi,gaussian_matched,0.050000000000000003,463,14,0.02,10.214956411147716,>=10%,True,True,4,0.0070253592177659035,0.50559005216535513,0.025027114979573335,0.025590890360728799,1.2048550335282324,1.2302267612421793,1.2404571523973944,1.0083158580820379,0.99289582365880391,1.0507886903627703,True,True,False,4>2>1>3,20,0,0,True,1,0.0024116722337760585,0.0070253592177659035,0.0011551203389913928,0.0024396740591174273
10000,0,multi,gaussian_matched,0.050000000000000003,463,14,0.050000000000000003,10.214956411147716,>=10%,True,True,4,0.0070253592177659035,0.50559005216535513,0.025027114979573335,0.025590890360728799,1.2048550335282324,1.2302267612421793,1.2404571523973944,1.0083158580820379,0.96850170990215634,1.0507886903627703,True,True,False,4>2>1>3,20,0,0,True,1,0.0024116722337760585,0.0070253592177659035,0.0011551203389913928,0.0024396740591174273
10000,0,multi,gaussian_matched,0.050000000000000003,463,15,0.02,10.214956411147716,>=10%,True,True,4,0.0038958496703962687,0.49377911051805901,0.073359391926358805,0.024173552844291651,1.2048550335282324,1.1807999036195747,1.2016192364686125,1.017631550261157,1.0008827990512719,1.0173778215652707,True,True,False,4>2>1>3,20,0,0,True,1,0.0032143601574637108,0.00030399293111393384,0.0038958496703962687,0.0027182759134099254
10000,0,multi,gaussian_matched,0.050000000000000003,463,15,0.050000000000000003,10.214956411147716,>=10%,True,True,4,0.0038958496703962687,0.49377911051805901,0.073359391926358805,0.024173552844291651,1.2048550335282324,1.1807999036195747,1.2016192364686125,1.017631550261157,0.97530689115287739,1.0173778215652707,True,True,False,4>2>1>3,20,0,0,True,1,0.0032143601574637108,0.00030399293111393384,0.0038958496703962687,0.0027182759134099254
10000,0,multi,gaussian_matched,0.050000000000000003,463,16,0.02,10.214956411147716,>=10%,True,True,4,0.011685385783803562,0.52120662595752987,0.049409732111726556,0.021214839162305859,1.2048550335282324,1.2133330534508167,1.225239712569179,1.0098131828556873,0.99471199299454516,1.0345265754349173,True,True,False,4>2>1>3,20,0,0,True,1,0.0058787164571639447,0.0082445322673174032,0.001733009335513322,0.011685385783803562
10000,0,multi,gaussian_matched,0.050000000000000003,463,16,0.050000000000000003,10.214956411147716,>=10%,True,True,4,0.011685385783803562,0.52120662595752987,0.049409732111726556,0.021214839162305859,1.2048550335282324,1.2133330534508167,1.225239712569179,1.0098131828556873,0.96998610391772733,1.0345265754349173,True,True,False,4>2>1>3,20,0,0,True,1,0.0058787164571639447,0.0082445322673174032,0.001733009335513322,0.011685385783803562
10000,0,multi,gaussian_matched,0.050000000000000003,463,17,0.02,10.214956411147716,>=10%,True,True,4,0.0074415300895684343,0.48293283031927808,0.033027522844199672,0.024069758239639995,1.2048550335282324,1.2154803587191358,1.2302511031742833,1.0121521868693237,0.99543884320265863,1.0410554187094507,True,True,False,4>2>1>3,20,0,0,True,1,0.0032817569246212522,0.0014093302369584742,0.0012282646592417644,0.0074415300895684343
10000,0,multi,gaussian_matched,0.050000000000000003,463,17,0.050000000000000003,10.214956411147716,>=10%,True,True,4,0.0074415300895684343,0.48293283031927808,0.033027522844199672,0.024069758239639995,1.2048550335282324,1.2154803587191358,1.2302511031742833,1.0121521868693237,0.97074591878261296,1.0410554187094507,True,True,False,4>2>1>3,20,0,0,True,1,0.0032817569246212522,0.0014093302369584742,0.0012282646592417644,0.0074415300895684343
10000,0,multi,gaussian_matched,0.050000000000000003,463,18,0.02,10.214956411147716,>=10%,True,True,4,0.011174403242977306,0.51655471593048563,0.059763658510282557,0.019219460113241674,1.2048550335282324,1.2019829287117421,1.2166363241512332,1.0121910179333382,0.9967146902867503,1.0257298595047253,True,True,False,4>2>1>3,20,0,0,True,1,0.007515925635084247,0.0063505737938742719,0.0019883118327455734,0.011174403242977306
10000,0,multi,gaussian_matched,0.050000000000000003,463,18,0.050000000000000003,10.214956411147716,>=10%,True,True,4,0.011174403242977306,0.51655471593048563,0.059763658510282557,0.019219460113241674,1.2048550335282324,1.2019829287117421,1.2166363241512332,1.0121910179333382,0.97173798942753664,1.0257298595047253,True,True,False,4>2>1>3,20,0,0,True,1,0.007515925635084247,0.0063505737938742719,0.0019883118327455734,0.011174403242977306
10000,0,multi,gaussian_matched,0.050000000000000003,463,19,0.02,10.214956411147716,>=10%,True,False,3,0.022441178457895002,0.54247081321132562,0.060263534434221007,0.043693364644002308,1.2048550335282324,1.2126536544267488,1.2217196584042798,1.0074761692627041,,1.050261639645323,False,False,False,,-1,,,False,1,0.0069177736608385795,0.011637476028764871,0.0027865737274728767,0.022441178457895002
10000,0,multi,gaussian_matched,0.050000000000000003,463,19,0.050000000000000003,10.214956411147716,>=10%,True,True,4,0.022441178457895002,0.54247081321132562,0.060263534434221007,0.043693364644002308,1.2048550335282324,1.2126536544267488,1.2217196584042798,1.0074761692627041,0.96853127860591925,1.050261639645323,True,True,False,4>2>1>3,20,0,0,True,1,0.0069177736608385795,0.011637476028764871,0.0027865737274728767,0.022441178457895002
10000,0,multi,gaussian_matched,0.050000000000000003,463,20,0.02,10.214956411147716,>=10%,True,True,4,0.0057071050557941502,0.4948586936123292,0.091253207422328078,0.041572348430194909,1.2048550335282324,1.1645413604578938,1.1884336589325553,1.0205164876799799,1.0037207470360001,1.0208746887672178,True,True,False,4>2>1>3,20,0,0,True,1,0.0023997091080759951,0.0021298125680528123,0.0053654800058490597,0.0057071050557941502
10000,0,multi,gaussian_matched,0.050000000000000003,463,20,0.050000000000000003,10.214956411147716,>=10%,True,True,4,0.0057071050557941502,0.4948586936123292,0.091253207422328078,0.041572348430194909,1.2048550335282324,1.1645413604578938,1.1884336589325553,1.0205164876799799,0.9776149579238711,1.0208746887672178,True,True,False,4>2>1>3,20,0,0,True,1,0.0023997091080759951,0.0021298125680528123,0.0053654800058490597,0.0057071050557941502
10000,0,multi,gaussian_matched,0.050000000000000003,463,21,0.02,10.214956411147716,>=10%,True,False,3,0.03496735236028347,0.57282402220029172,0.060538969832962551,0.073582661643682587,1.2048550335282324,1.2273151454852242,1.2279617404859418,1.0005268369767097,,1.0802497942995282,False,False,False,,-1,,,False,1,0.0059144993958041006,0.017348625806037885,0.0045183411254741228,0.03496735236028347
10000,0,multi,gaussian_matched,0.050000000000000003,463,21,0.050000000000000003,10.214956411147716,>=10%,True,True,4,0.03496735236028347,0.57282402220029172,0.060538969832962551,0.073582661643682587,1.2048550335282324,1.2273151454852242,1.2279617404859418,1.0005268369767097,0.96344648338991667,1.0802497942995282,True,True,False,4>2>1>3,20,0,0,True,1,0.0059144993958041006,0.017348625806037885,0.0045183411254741228,0.03496735236028347
10000,0,multi,gaussian_matched,0.050000000000000003,463,22,0.02,10.214956411147716,>=10%,True,False,3,0.022815807232256374,0.51245807723116199,0.14388604660451526,0.094708993423659654,1.2048550335282324,1.1248329259552641,1.1551324386708963,1.0269369005978379,,1.0373376027110812,False,False,False,,-1,,,False,1,0.0037137051156250472,0.004443610339186355,0.0090006920404505607,0.022815807232256374
10000,0,multi,gaussian_matched,0.050000000000000003,463,22,0.050000000000000003,10.214956411147716,>=10%,True,True,4,0.022815807232256374,0.51245807723116199,0.14388604660451526,0.094708993423659654,1.2048550335282324,1.1248329259552641,1.1551324386708963,1.0269369005978379,0.98363452356863268,1.0373376027110812,True,True,False,4>2>1>3,20,0,0,True,1,0.0037137051156250472,0.004443610339186355,0.0090006920404505607,0.022815807232256374
10000,0,multi,gaussian_matched,0.050000000000000003,463,23,0.02,10.214956411147716,>=10%,True,True,4,0.006535780547059806,0.46118038273653594,-0.021879799138994752,0.081692522355133995,1.2048550335282324,1.2633269098078144,1.2693296765852267,1.0047515545903518,0.98832241087418415,1.1213151469219498,True,True,False,4>2>1>3,20,0,0,True,1,0.006535780547059806,0.0017004049485194366,0.0020995775663847898,0.0064994392588476248
10000,0,multi,gaussian_matched,0.050000000000000003,463,23,0.050000000000000003,10.214956411147716,>=10%,True,True,4,0.006535780547059806,0.46118038273653594,-0.021879799138994752,0.081692522355133995,1.2048550335282324,1.2633269098078144,1.2693296765852267,1.0047515545903518,0.96450795313180904,1.1213151469219498,True,True,False,4>2>1>3,20,0,0,True,1,0.006535780547059806,0.0017004049485194366,0.0020995775663847898,0.0064994392588476248
10000,0,multi,gaussian_matched,0.050000000000000003,463,24,0.02,10.214956411147716,>=10%,True,True,4,0.0099438348047352614,0.44901711610574646,-0.034431706076376065,0.098630458992861311,1.2048550335282324,1.2733781751832276,1.2768376743722647,1.0027167885051425,0.98595180654062342,1.1416046703455098,True,True,False,4>2>1>3,20,0,0,True,1,0.0099438348047352614,0.0002586001291450724,0.0026332234817579283,0.0092372850918113602
10000,0,multi,gaussian_matched,0.050000000000000003,463,24,0.050000000000000003,10.214956411147716,>=10%,True,True,4,0.0099438348047352614,0.44901711610574646,-0.034431706076376065,0.098630458992861311,1.2048550335282324,1.2733781751832276,1.2768376743722647,1.0027167885051425,0.9622920902458002,1.1416046703455098,True,True,False,4>2>1>3,20,0,0,True,1,0.0099438348047352614,0.0002586001291450724,0.0026332234817579283,0.0092372850918113602
10000,0,multi,gaussian_matched,0.050000000000000003,463,25,0.02,10.214956411147716,>=10%,True,False,3,0.043349685818222815,0.57481059693428238,0.10066516176681271,0.090352554089638007,1.2048550335282324,1.194870992779836,1.2002078412664294,1.0044664641780092,,1.0711333392340654,False,False,False,,-1,,,False,1,0.011940428607046664,0.014216206903042582,0.0057466149711220922,0.043349685818222815
10000,0,multi,gaussian_matched,0.050000000000000003,463,25,0.050000000000000003,10.214956411147716,>=10%,True,True,4,0.043349685818222815,0.57481059693428238,0.10066516176681271,0.090352554089638007,1.2048550335282324,1.194870992779836,1.2002078412664294,1.0044664641780092,0.96681901272519788,1.0711333392340654,True,True,False,4>2>1>3,20,0,0,True,1,0.011940428607046664,0.014216206903042582,0.0057466149711220922,0.043349685818222815
10000,0,multi,gaussian_matched,0.050000000000000003,463,26,0.02,10.214956411147716,>=10%,True,False,1,0.21086647033334335,0.39359053498831498,0.077590808123279675,0.1099282808788014,1.2048550335282324,1.1556334319220942,1.1445958678334609,0.99044890552337583,,1.0412241421597264,False,False,False,,-1,,,False,1,0.21086647033334335,0.20986787069445945,0.0021898031288187167,0.045506435758710523
10000,0,multi,gaussian_matched,0.050000000000000003,463,26,0.050000000000000003,10.214956411147716,>=10%,True,False,2,0.21086647033334335,0.39359053498831498,0.077590808123279675,0.1099282808788014,1.2048550335282324,1.1556334319220942,1.1445958678334609,0.99044890552337583,,1.0412241421597264,False,False,False,,-1,,,False,1,0.21086647033334335,0.20986787069445945,0.0021898031288187167,0.045506435758710523
10000,0,multi,gaussian_matched,0.050000000000000003,463,27,0.02,10.214956411147716,>=10%,True,True,4,0.0037394867031602798,0.49036532581595088,0.052269936523391881,0.0098984624287315939,1.2048550335282324,1.199468640980105,1.2169083594052958,1.0145395367826713,0.99787101191560457,1.0182194435802892,True,True,False,4>2>1>3,20,0,0,True,1,0.0037394867031602798,0.0011642630113718336,0.0023629938004701948,0.0016366098533320164
10000,0,multi,gaussian_matched,0.050000000000000003,463,27,0.050000000000000003,10.214956411147716,>=10%,True,True,4,0.0037394867031602798,0.49036532581595088,0.052269936523391881,0.0098984624287315939,1.2048550335282324,1.199468640980105,1.2169083594052958,1.0145395367826713,0.97280506597877103,1.0182194435802892,True,True,False,4>2>1>3,20,0,0,True,1,0.0037394867031602798,0.0011642630113718336,0.0023629938004701948,0.0016366098533320164
10000,0,multi,gaussian_matched,0.050000000000000003,463,28,0.02,10.214956411147716,>=10%,True,True,4,0.015938024652968792,0.53546095825143003,0.014247754858507947,0.050355760273944887,1.2048550335282324,1.2512635177150364,1.2539218236759533,1.0021244972967576,0.9883441738084805,1.0825182678869856,True,True,False,4>2>1>3,20,0,0,True,1,0.00035287659550416379,0.013507271744608106,0.0036680827767198616,0.015938024652968792
10000,0,multi,gaussian_matched,0.050000000000000003,463,28,0.050000000000000003,10.214956411147716,>=10%,True,True,4,0.015938024652968792,0.53546095825143003,0.014247754858507947,0.050355760273944887,1.2048550335282324,1.2512635177150364,1.2539218236759533,1.0021244972967576,0.96426810458366219,1.0825182678869856,True,True,False,4>2>1>3,20,0,0,True,1,0.00035287659550416379,0.013507271744608106,0.0036680827767198616,0.015938024652968792
10000,0,multi,gaussian_matched,0.050000000000000003,463,29,0.02,10.214956411147716,>=10%,True,False,3,0.034508472820787894,0.55730851197932363,0.093610736214977786,0.072015011341363094,1.2048550335282324,1.1910306888022908,1.2012872251331039,1.0086114794750816,,1.056809492463004,False,False,False,,-1,,,False,1,0.011397929249538372,0.011557023530614323,0.0043386870447641099,0.034508472820787894
10000,0,multi,gaussian_matched,0.050000000000000003,463,29,0.050000000000000003,10.214956411147716,>=10%,True,True,4,0.034508472820787894,0.55730851197932363,0.093610736214977786,0.072015011341363094,1.2048550335282324,1.1910306888022908,1.2012872251331039,1.0086114794750816,0.96971983342913204,1.056809492463004,True,True,False,4>2>1>3,20,0,0,True,1,0.011397929249538372,0.011557023530614323,0.0043386870447641099,0.034508472820787894
10000,0,multi,gaussian_matched,0.050000000000000003,463,30,0.02,10.214956411147716,>=10%,True,False,3,0.024456613967035277,0.54112793119560187,0.076073109650643733,0.048696137128982346,1.2048550335282324,1.1980430982387693,1.2100618908606315,1.0100320202499651,,1.0447381576715788,False,False,False,,-1,,,False,1,0.0092990535451708042,0.010005513199826999,0.0030553370707661039,0.024456613967035277
10000,0,multi,gaussian_matched,0.050000000000000003,463,30,0.050000000000000003,10.214956411147716,>=10%,True,True,4,0.024456613967035277,0.54112793119560187,0.076073109650643733,0.048696137128982346,1.2048550335282324,1.1980430982387693,1.2100618908606315,1.0100320202499651,0.97053793661039556,1.0447381576715788,True,True,False,4>2>1>3,20,0,0,True,1,0.0092990535451708042,0.010005513199826999,0.0030553370707661039,0.024456613967035277
10000,0,multi,gaussian_matched,0.050000000000000003,463,31,0.02,10.214956411147716,>=10%,True,True,4,0.019210765928968258,0.52428759209013565,0.089653106510879904,0.046500064360170575,1.2048550335282324,1.1782084381778011,1.1965115731060716,1.0155347172326976,1.0001617810706214,1.0316690414001708,True,True,False,4>2>1>3,20,0,0,True,1,0.0088932409706706378,0.0051068365377095314,0.003742377592152664,0.019210765928968258
10000,0,multi,gaussian_matched,0.050000000000000003,463,31,0.050000000000000003,10.214956411147716,>=10%,True,True,4,0.019210765928968258,0.52428759209013565,0.089653106510879904,0.046500064360170575,1.2048550335282324,1.1782084381778011,1.1965115731060716,1.0155347172326976,0.97457407772201132,1.0316690414001708,True,True,False,4>2>1>3,20,0,0,True,1,0.0088932409706706378,0.0051068365377095314,0.003742377592152664,0.019210765928968258
