budget,seed,mode,init_name,init_sigma,layout_index,draw_id,tolerance,gap_percent,gap_bin,numeric_valid,success,visited_count,worst_distance,initial_x,initial_y,initial_offset,optimal_nominal,optimal_sampled_start,path_length,path_length_ratio_sampled_start,completion_length_ratio_sampled_start,path_plus_connector_ratio_nominal,success_with_connector,order_evaluable,order_ambiguous,actual_order,order_class,order_excess_nominal_percent,order_excess_sampled_start_percent,success_nearopt_order,available_nearopt_center_orders,target_1_distance,target_2_distance,target_3_distance,target_4_distance
10000,0,multi,gaussian_matched,0.050000000000000003,944,0,0.02,4.089494432074142,1-<5%,True,False,1,0.15552919307254268,0.5273701698944635,0.0024643590634023521,0.054852195574151226,1.2878239381943648,1.3066355364724864,1.2382652975513839,0.94767459095312756,,1.0041104647725312,False,False,False,,-1,,,False,3,0.11435087512724566,0.0042307927915477177,0.15552919307254268,0.030029176785453183
10000,0,multi,gaussian_matched,0.050000000000000003,944,0,0.050000000000000003,4.089494432074142,1-<5%,True,False,2,0.15552919307254268,0.5273701698944635,0.0024643590634023521,0.054852195574151226,1.2878239381943648,1.3066355364724864,1.2382652975513839,0.94767459095312756,,1.0041104647725312,False,False,False,,-1,,,False,3,0.11435087512724566,0.0042307927915477177,0.15552919307254268,0.030029176785453183
10000,0,multi,gaussian_matched,0.050000000000000003,944,1,0.02,4.089494432074142,1-<5%,True,False,3,0.060040397652126355,0.52313627483726743,0.057458668905982668,0.024308824636223095,1.2878239381943648,1.2666177445177227,1.2102955922838408,0.95553342555189991,,0.95867484700671191,False,False,False,,-1,,,False,3,0.0011227007317998168,0.060040397652126355,0.016972133097785232,0.0027300664976922634
10000,0,multi,gaussian_matched,0.050000000000000003,944,1,0.050000000000000003,4.089494432074142,1-<5%,True,False,3,0.060040397652126355,0.52313627483726743,0.057458668905982668,0.024308824636223095,1.2878239381943648,1.2666177445177227,1.2102955922838408,0.95553342555189991,,0.95867484700671191,False,False,False,,-1,,,False,3,0.0011227007317998168,0.060040397652126355,0.016972133097785232,0.0027300664976922634
10000,0,multi,gaussian_matched,0.050000000000000003,944,2,0.02,4.089494432074142,1-<5%,True,False,1,0.099692803045514644,0.48838391717585627,0.024945932979171394,0.02761593117136445,1.2878239381943648,1.3140504513237519,1.1650895208789158,0.88663986965281627,,0.92614014748207851,False,False,False,,-1,,,False,3,0.093301785236548238,0.0075163243247631751,0.099692803045514644,0.025136708155451954
10000,0,multi,gaussian_matched,0.050000000000000003,944,2,0.050000000000000003,4.089494432074142,1-<5%,True,False,2,0.099692803045514644,0.48838391717585627,0.024945932979171394,0.02761593117136445,1.2878239381943648,1.3140504513237519,1.1650895208789158,0.88663986965281627,,0.92614014748207851,False,False,False,,-1,,,False,3,0.093301785236548238,0.0075163243247631751,0.099692803045514644,0.025136708155451954
10000,0,multi,gaussian_matched,0.050000000000000003,944,3,0.02,4.089494432074142,1-<5%,True,False,3,0.034434540125376091,0.52888669715017023,0.044471811791811255,0.029410918671656787,1.2878239381943648,1.2726547406259845,1.2153175857084664,0.95494681071999499,,0.96653623796225974,False,False,False,,-1,,,False,3,0.034434540125376091,0.014242039697502425,0.011978955047977986,0.008685433997308839
10000,0,multi,gaussian_matched,0.050000000000000003,944,3,0.050000000000000003,4.089494432074142,1-<5%,True,True,4,0.034434540125376091,0.52888669715017023,0.044471811791811255,0.029410918671656787,1.2878239381943648,1.2726547406259845,1.2153175857084664,0.95494681071999499,0.92421063596816388,0.96653623796225974,True,True,False,4>2>1>3,20,0,0,True,3,0.034434540125376091,0.014242039697502425,0.011978955047977986,0.008685433997308839
10000,0,multi,gaussian_matched,0.050000000000000003,944,4,0.02,4.089494432074142,1-<5%,True,False,1,0.48896271241899369,0.38007290424918611,-0.037247708052406944,0.14830600411184613,1.2878239381943648,1.3455867044198799,1.1017062352967466,0.81875529215467613,,0.97063907754441414,False,False,False,,-1,,,False,3,0.060124798585329882,0.059880442879268136,0.014703210832027431,0.48896271241899369
10000,0,multi,gaussian_matched,0.050000000000000003,944,4,0.050000000000000003,4.089494432074142,1-<5%,True,False,1,0.48896271241899369,0.38007290424918611,-0.037247708052406944,0.14830600411184613,1.2878239381943648,1.3455867044198799,1.1017062352967466,0.81875529215467613,,0.97063907754441414,False,False,False,,-1,,,False,3,0.060124798585329882,0.059880442879268136,0.014703210832027431,0.48896271241899369
10000,0,multi,gaussian_matched,0.050000000000000003,944,5,0.02,4.089494432074142,1-<5%,True,False,1,0.14862675121501062,0.60977625091818211,0.067477505839927968,0.11115884344502866,1.2878239381943648,1.2066808666098296,1.1141308988678023,0.92330203428016011,,0.95144196809292736,False,False,False,,-1,,,False,3,0.037277959669961724,0.14862675121501062,0.044903364619186786,0.0040100892249771104
10000,0,multi,gaussian_matched,0.050000000000000003,944,5,0.050000000000000003,4.089494432074142,1-<5%,True,False,3,0.14862675121501062,0.60977625091818211,0.067477505839927968,0.11115884344502866,1.2878239381943648,1.2066808666098296,1.1141308988678023,0.92330203428016011,,0.95144196809292736,False,False,False,,-1,,,False,3,0.037277959669961724,0.14862675121501062,0.044903364619186786,0.0040100892249771104
10000,0,multi,gaussian_matched,0.050000000000000003,944,6,0.02,4.089494432074142,1-<5%,True,False,2,0.19745103078450255,0.46091222841689322,0.1128237525187263,0.073991065459738437,1.2878239381943648,1.2688848677167457,1.112510611615412,0.87676245490836657,,0.92132289351502772,False,False,False,,-1,,,False,3,0.01959255196743202,0.19745103078450255,0.00037590647666196892,0.038325283730464968
10000,0,multi,gaussian_matched,0.050000000000000003,944,6,0.050000000000000003,4.089494432074142,1-<5%,True,False,3,0.19745103078450255,0.46091222841689322,0.1128237525187263,0.073991065459738437,1.2878239381943648,1.2688848677167457,1.112510611615412,0.87676245490836657,,0.92132289351502772,False,False,False,,-1,,,False,3,0.01959255196743202,0.19745103078450255,0.00037590647666196892,0.038325283730464968
10000,0,multi,gaussian_matched,0.050000000000000003,944,7,0.02,4.089494432074142,1-<5%,True,False,1,0.20634018924086658,0.53744078498808234,0.10576459280354358,0.067167716881466472,1.2878239381943648,1.221855591962844,1.0717310743558406,0.87713399308846585,,0.88435907848873885,False,False,False,,-1,,,False,3,0.043005845501924884,0.20634018924086658,0.031612142641375005,0.0036019296263221871
10000,0,multi,gaussian_matched,0.050000000000000003,944,7,0.050000000000000003,4.089494432074142,1-<5%,True,False,3,0.20634018924086658,0.53744078498808234,0.10576459280354358,0.067167716881466472,1.2878239381943648,1.221855591962844,1.0717310743558406,0.87713399308846585,,0.88435907848873885,False,False,False,,-1,,,False,3,0.043005845501924884,0.20634018924086658,0.031612142641375005,0.0036019296263221871
10000,0,multi,gaussian_matched,0.050000000000000003,944,8,0.02,4.089494432074142,1-<5%,True,False,1,0.099517071200928009,0.46847091964256193,0.054332446742226127,0.03182535157637717,1.2878239381943648,1.3073087804740249,1.2050163072061979,0.9217533953755469,,0.96041207349874924,False,False,False,,-1,,,False,3,0.099517071200928009,0.027631249396487003,0.016521865365980808,0.025916118054858779
10000,0,multi,gaussian_matched,0.050000000000000003,944,8,0.050000000000000003,4.089494432074142,1-<5%,True,False,3,0.099517071200928009,0.46847091964256193,0.054332446742226127,0.03182535157637717,1.2878239381943648,1.3073087804740249,1.2050163072061979,0.9217533953755469,,0.96041207349874924,False,False,False,,-1,,,False,3,0.099517071200928009,0.027631249396487003,0.016521865365980808,0.025916118054858779
10000,0,multi,gaussian_matched,0.050000000000000003,944,9,0.02,4.089494432074142,1-<5%,True,False,2,0.17913959970416418,0.49992653870316439,0.088178914914218837,0.038178985588793395,1.2878239381943648,1.2612595186544717,1.1089839797515721,0.87926708448920243,,0.89077623991737753,False,False,False,,-1,,,False,3,0.011607433142491247,0.17913959970416418,0.027523808001517467,0.012634210131774421
10000,0,multi,gaussian_matched,0.050000000000000003,944,9,0.050000000000000003,4.089494432074142,1-<5%,True,False,3,0.17913959970416418,0.49992653870316439,0.088178914914218837,0.038178985588793395,1.2878239381943648,1.2612595186544717,1.1089839797515721,0.87926708448920243,,0.89077623991737753,False,False,False,,-1,,,False,3,0.011607433142491247,0.17913959970416418,0.027523808001517467,0.012634210131774421
10000,0,multi,gaussian_matched,0.050000000000000003,944,10,0.02,4.089494432074142,1-<5%,True,False,1,0.10632475282149202,0.57401363478846079,0.061883924027572541,0.074961628750266421,1.2878239381943648,1.2311398985472739,1.1330210289265852,0.92030242075943813,,0.93800295354855934,False,False,False,,-1,,,False,3,0.03633379376415722,0.10632475282149202,0.062684360842748657,0.0011112489079789865
10000,0,multi,gaussian_matched,0.050000000000000003,944,10,0.050000000000000003,4.089494432074142,1-<5%,True,False,2,0.10632475282149202,0.57401363478846079,0.061883924027572541,0.074961628750266421,1.2878239381943648,1.2311398985472739,1.1330210289265852,0.92030242075943813,,0.93800295354855934,False,False,False,,-1,,,False,3,0.03633379376415722,0.10632475282149202,0.062684360842748657,0.0011112489079789865
10000,0,multi,gaussian_matched,0.050000000000000003,944,11,0.02,4.089494432074142,1-<5%,True,False,3,0.027427258770690979,0.53419415438214013,0.048932885198702099,0.034210801333917656,1.2878239381943648,1.2658282303155606,1.2247332987004573,0.96753514368623406,,0.97757470000093205,False,False,False,,-1,,,False,3,0.0097851182431008873,0.027427258770690979,0.013150124878652429,0.0061326461872962526
10000,0,multi,gaussian_matched,0.050000000000000003,944,11,0.050000000000000003,4.089494432074142,1-<5%,True,True,4,0.027427258770690979,0.53419415438214013,0.048932885198702099,0.034210801333917656,1.2878239381943648,1.2658282303155606,1.2247332987004573,0.96753514368623406,0.93785830772554113,0.97757470000093205,True,True,False,4>2>1>3,20,0,0,True,3,0.0097851182431008873,0.027427258770690979,0.013150124878652429,0.0061326461872962526
10000,0,multi,gaussian_matched,0.050000000000000003,944,12,0.02,4.089494432074142,1-<5%,True,False,1,0.052996861137777768,0.47052838530694463,0.059829768617221418,0.031067674899870255,1.2878239381943648,1.3020799669305607,1.1640187020025103,0.89396867440215133,,0.92798894434125057,False,False,False,,-1,,,False,3,0.04307887293514271,0.052996861137777768,0.0074880268168224483,0.024306187979978078
10000,0,multi,gaussian_matched,0.050000000000000003,944,12,0.050000000000000003,4.089494432074142,1-<5%,True,False,3,0.052996861137777768,0.47052838530694463,0.059829768617221418,0.031067674899870255,1.2878239381943648,1.3020799669305607,1.1640187020025103,0.89396867440215133,,0.92798894434125057,False,False,False,,-1,,,False,3,0.04307887293514271,0.052996861137777768,0.0074880268168224483,0.024306187979978078
10000,0,multi,gaussian_matched,0.050000000000000003,944,13,0.02,4.089494432074142,1-<5%,True,False,3,0.026603446244011709,0.55579274199510642,0.04708332990712967,0.055868927175695401,1.2878239381943648,1.2538706479838713,1.2190697447422176,0.97224522059144547,,0.98999454359070382,False,False,False,,-1,,,False,3,0.015732925805308828,0.026603446244011709,0.016913234086554978,0.0067545982683791406
10000,0,multi,gaussian_matched,0.050000000000000003,944,13,0.050000000000000003,4.089494432074142,1-<5%,True,True,4,0.026603446244011709,0.55579274199510642,0.04708332990712967,0.055868927175695401,1.2878239381943648,1.2538706479838713,1.2190697447422176,0.97224522059144547,0.94548491720246375,0.98999454359070382,True,True,False,4>2>1>3,20,0,0,True,3,0.015732925805308828,0.026603446244011709,0.016913234086554978,0.0067545982683791406
10000,0,multi,gaussian_matched,0.050000000000000003,944,14,0.02,4.089494432074142,1-<5%,True,False,3,0.0463872758856958,0.55191966925846292,0.052686012973183399,0.051989101950315406,1.2878239381943648,1.2517780834562533,1.2104496859789107,0.96698424583115261,,0.98028833793792436,False,False,False,,-1,,,False,3,0.0067350186343275017,0.0463872758856958,0.018370849605195767,0.0038220709364631534
10000,0,multi,gaussian_matched,0.050000000000000003,944,14,0.050000000000000003,4.089494432074142,1-<5%,True,True,4,0.0463872758856958,0.55191966925846292,0.052686012973183399,0.051989101950315406,1.2878239381943648,1.2517780834562533,1.2104496859789107,0.96698424583115261,0.94147314966266615,0.98028833793792436,True,True,False,4>2>1>3,20,0,0,True,3,0.0067350186343275017,0.0463872758856958,0.018370849605195767,0.0038220709364631534
10000,0,multi,gaussian_matched,0.050000000000000003,944,15,0.02,4.089494432074142,1-<5%,True,False,1,0.16247383154946435,0.47829614833694889,0.081522604136186061,0.038271814022050495,1.2878239381943648,1.2818937989375407,1.1160813503112657,0.87065040117699,,0.89635945574347253,False,False,False,,-1,,,False,3,0.014306121617494151,0.16247383154946435,0.026688791217672231,0.021333165173433904
10000,0,multi,gaussian_matched,0.050000000000000003,944,15,0.050000000000000003,4.089494432074142,1-<5%,True,False,3,0.16247383154946435,0.47829614833694889,0.081522604136186061,0.038271814022050495,1.2878239381943648,1.2818937989375407,1.1160813503112657,0.87065040117699,,0.89635945574347253,False,False,False,,-1,,,False,3,0.014306121617494151,0.16247383154946435,0.026688791217672231,0.021333165173433904
10000,0,multi,gaussian_matched,0.050000000000000003,944,16,0.02,4.089494432074142,1-<5%,True,False,2,0.1825741175465258,0.46875682534643964,0.10410690476843078,0.062479541500021538,1.2878239381943648,1.2751403157674794,1.1194006402852956,0.87786467610158847,,0.91773428551297964,False,False,False,,-1,,,False,3,0.014422365230282577,0.1825741175465258,0.00016889336028172433,0.031753556251259814
10000,0,multi,gaussian_matched,0.050000000000000003,944,16,0.050000000000000003,4.089494432074142,1-<5%,True,False,3,0.1825741175465258,0.46875682534643964,0.10410690476843078,0.062479541500021538,1.2878239381943648,1.2751403157674794,1.1194006402852956,0.87786467610158847,,0.91773428551297964,False,False,False,,-1,,,False,3,0.014422365230282577,0.1825741175465258,0.00016889336028172433,0.031753556251259814
10000,0,multi,gaussian_matched,0.050000000000000003,944,17,0.02,4.089494432074142,1-<5%,True,False,1,0.11448777707854912,0.49032317866476727,0.068636947555613559,0.020999444881822604,1.2878239381943648,1.2815680992370422,1.1270529314517361,0.87943272942164075,,0.89146687080783948,False,False,False,,-1,,,False,3,0.036667585317896517,0.11448777707854912,0.056200744906348618,0.013721261156464371
10000,0,multi,gaussian_matched,0.050000000000000003,944,17,0.050000000000000003,4.089494432074142,1-<5%,True,False,2,0.11448777707854912,0.49032317866476727,0.068636947555613559,0.020999444881822604,1.2878239381943648,1.2815680992370422,1.1270529314517361,0.87943272942164075,,0.89146687080783948,False,False,False,,-1,,,False,3,0.036667585317896517,0.11448777707854912,0.056200744906348618,0.013721261156464371
10000,0,multi,gaussian_matched,0.050000000000000003,944,18,0.02,4.089494432074142,1-<5%,True,False,1,0.11992490614912012,0.45371706851967158,0.047811970641326564,0.046334622248241024,1.2878239381943648,1.3109283178523512,1.2240242109862627,0.93370796428559832,,0.98643828209596052,False,False,False,,-1,,,False,3,0.11203233588043952,0.009165648544060526,0.11992490614912012,0.036137097035504634
10000,0,multi,gaussian_matched,0.050000000000000003,944,18,0.050000000000000003,4.089494432074142,1-<5%,True,False,2,0.11992490614912012,0.45371706851967158,0.047811970641326564,0.046334622248241024,1.2878239381943648,1.3109283178523512,1.2240242109862627,0.93370796428559832,,0.98643828209596052,False,False,False,,-1,,,False,3,0.11203233588043952,0.009165648544060526,0.11992490614912012,0.036137097035504634
10000,0,multi,gaussian_matched,0.050000000000000003,944,19,0.02,4.089494432074142,1-<5%,True,False,1,0.12814695449939806,0.52375821616978768,0.06787689215383598,0.029732744721102409,1.2878239381943648,1.2585130230715884,1.1181917835651478,0.88850235402096533,,0.89136759633132379,False,False,False,,-1,,,False,3,0.037096438656678027,0.12814695449939806,0.049812591099244422,0.0022421554744620543
10000,0,multi,gaussian_matched,0.050000000000000003,944,19,0.050000000000000003,4.089494432074142,1-<5%,True,False,3,0.12814695449939806,0.52375821616978768,0.06787689215383598,0.029732744721102409,1.2878239381943648,1.2585130230715884,1.1181917835651478,0.88850235402096533,,0.89136759633132379,False,False,False,,-1,,,False,3,0.037096438656678027,0.12814695449939806,0.049812591099244422,0.0022421554744620543
10000,0,multi,gaussian_matched,0.050000000000000003,944,20,0.02,4.089494432074142,1-<5%,True,False,1,0.24673582379100381,0.59862894047035664,0.12517668934055903,0.12401291270876624,1.2878239381943648,1.1660071177971933,1.2475863810333763,1.0699646357136323,,1.0650518701067457,False,False,False,,-1,,,False,3,0.083850943378710519,0.22206890014899691,0.24673582379100381,0.001073625003785075
10000,0,multi,gaussian_matched,0.050000000000000003,944,20,0.050000000000000003,4.089494432074142,1-<5%,True,False,1,0.24673582379100381,0.59862894047035664,0.12517668934055903,0.12401291270876624,1.2878239381943648,1.1660071177971933,1.2475863810333763,1.0699646357136323,,1.0650518701067457,False,False,False,,-1,,,False,3,0.083850943378710519,0.22206890014899691,0.24673582379100381,0.001073625003785075
10000,0,multi,gaussian_matched,0.050000000000000003,944,21,0.02,4.089494432074142,1-<5%,True,False,1,0.14065629455056777,0.52329603970037297,0.0080262967998247156,0.048005179158688273,1.2878239381943648,1.3046246971412674,1.2159796591235432,0.93205322709897653,,0.98148885169384426,False,False,False,,-1,,,False,3,0.099462009814989566,0.012020908524026165,0.14065629455056777,0.027443725834745112
10000,0,multi,gaussian_matched,0.050000000000000003,944,21,0.050000000000000003,4.089494432074142,1-<5%,True,False,2,0.14065629455056777,0.52329603970037297,0.0080262967998247156,0.048005179158688273,1.2878239381943648,1.3046246971412674,1.2159796591235432,0.93205322709897653,,0.98148885169384426,False,False,False,,-1,,,False,3,0.099462009814989566,0.012020908524026165,0.14065629455056777,0.027443725834745112
10000,0,multi,gaussian_matched,0.050000000000000003,944,22,0.02,4.089494432074142,1-<5%,True,False,1,0.16606968205901135,0.56755678205410254,0.017766494748751561,0.074852639648096381,1.2878239381943648,1.2712154207457675,1.2343516202365901,0.97100113803878252,,1.0166018980205467,False,False,False,,-1,,,False,3,0.12346963460366686,0.00074267248086922974,0.16606968205901135,0.021752674914340919
10000,0,multi,gaussian_matched,0.050000000000000003,944,22,0.050000000000000003,4.089494432074142,1-<5%,True,False,2,0.16606968205901135,0.56755678205410254,0.017766494748751561,0.074852639648096381,1.2878239381943648,1.2712154207457675,1.2343516202365901,0.97100113803878252,,1.0166018980205467,False,False,False,,-1,,,False,3,0.12346963460366686,0.00074267248086922974,0.16606968205901135,0.021752674914340919
10000,0,multi,gaussian_matched,0.050000000000000003,944,23,0.02,4.089494432074142,1-<5%,True,False,3,0.078759450842387682,0.50856299436940255,0.033773264307805764,0.01834752909235329,1.2878239381943648,1.2940061301872734,1.2056552498665805,0.93172298163076983,,0.95044263633978299,False,False,False,,-1,,,False,3,0.078759450842387682,0.0017919152936382448,0.0089528700182953183,0.0163954457921207
10000,0,multi,gaussian_matched,0.050000000000000003,944,23,0.050000000000000003,4.089494432074142,1-<5%,True,False,3,0.078759450842387682,0.50856299436940255,0.033773264307805764,0.01834752909235329,1.2878239381943648,1.2940061301872734,1.2056552498665805,0.93172298163076983,,0.95044263633978299,False,False,False,,-1,,,False,3,0.078759450842387682,0.0017919152936382448,0.0089528700182953183,0.0163954457921207
10000,0,multi,gaussian_matched,0.050000000000000003,944,24,0.02,4.089494432074142,1-<5%,True,False,1,0.084801533252495453,0.44955408703394989,0.062545471496255278,0.051982487339888382,1.2878239381943648,1.2969727185592617,1.1426205890186949,0.88099045775455598,,0.92761365970065379,False,False,False,,-1,,,False,3,0.084801533252495453,0.050291400047625077,0.0037078769228598139,0.038469058631780143
10000,0,multi,gaussian_matched,0.050000000000000003,944,24,0.050000000000000003,4.089494432074142,1-<5%,True,False,2,0.084801533252495453,0.44955408703394989,0.062545471496255278,0.051982487339888382,1.2878239381943648,1.2969727185592617,1.1426205890186949,0.88099045775455598,,0.92761365970065379,False,False,False,,-1,,,False,3,0.084801533252495453,0.050291400047625077,0.0037078769228598139,0.038469058631780143
10000,0,multi,gaussian_matched,0.050000000000000003,944,25,0.02,4.089494432074142,1-<5%,True,False,3,0.041174246345071046,0.56169290782996439,0.050826013444224639,0.061698437376699597,1.2878239381943648,1.2473425108313601,1.2098191508436726,0.96991735657058786,,0.98733805958223186,False,False,False,,-1,,,False,3,0.011965741286086365,0.041174246345071046,0.018996190710466234,0.0047773920127010686
10000,0,multi,gaussian_matched,0.050000000000000003,944,25,0.050000000000000003,4.089494432074142,1-<5%,True,True,4,0.041174246345071046,0.56169290782996439,0.050826013444224639,0.061698437376699597,1.2878239381943648,1.2473425108313601,1.2098191508436726,0.96991735657058786,0.94481341591291523,0.98733805958223186,True,True,False,4>2>1>3,20,0,0,True,3,0.011965741286086365,0.041174246345071046,0.018996190710466234,0.0047773920127010686
10000,0,multi,gaussian_matched,0.050000000000000003,944,26,0.02,4.089494432074142,1-<5%,True,False,2,0.38526982377663227,0.41603309852396753,0.089770750474664096,0.09290938131751679,1.2878239381943648,1.2545887225964665,1.0380326572632503,0.82738879966572876,,0.87818063093813969,False,False,False,,-1,,,False,3,0.0011775008539984563,0.020098508621089035,0.0074182100481376134,0.38526982377663227
10000,0,multi,gaussian_matched,0.050000000000000003,944,26,0.050000000000000003,4.089494432074142,1-<5%,True,False,3,0.38526982377663227,0.41603309852396753,0.089770750474664096,0.09290938131751679,1.2878239381943648,1.2545887225964665,1.0380326572632503,0.82738879966572876,,0.87818063093813969,False,False,False,,-1,,,False,3,0.0011775008539984563,0.020098508621089035,0.0074182100481376134,0.38526982377663227
10000,0,multi,gaussian_matched,0.050000000000000003,944,27,0.02,4.089494432074142,1-<5%,True,False,1,0.12721617461136456,0.45397489211392905,0.039846661701381569,0.047131739141799786,1.2878239381943648,1.3172664670939795,1.2234426560802023,0.92877385604390139,,0.98660566676796835,False,False,False,,-1,,,False,3,0.11331279249985456,0.0015598551691560554,0.12721617461136456,0.037202327813657836
10000,0,multi,gaussian_matched,0.050000000000000003,944,27,0.050000000000000003,4.089494432074142,1-<5%,True,False,2,0.12721617461136456,0.45397489211392905,0.039846661701381569,0.047131739141799786,1.2878239381943648,1.3172664670939795,1.2234426560802023,0.92877385604390139,,0.98660566676796835,False,False,False,,-1,,,False,3,0.11331279249985456,0.0015598551691560554,0.12721617461136456,0.037202327813657836
10000,0,multi,gaussian_matched,0.050000000000000003,944,28,0.02,4.089494432074142,1-<5%,True,False,2,0.19423066994403768,0.43458143193552362,0.13260557672595985,0.10537205679797167,1.2878239381943648,1.2360910463403387,1.0703691892506741,0.86593070342163481,,0.91296737945183082,False,False,False,,-1,,,False,3,0.014162842838061754,0.19423066994403768,0.004398432183963733,0.065354036738823548
10000,0,multi,gaussian_matched,0.050000000000000003,944,28,0.050000000000000003,4.089494432074142,1-<5%,True,False,2,0.19423066994403768,0.43458143193552362,0.13260557672595985,0.10537205679797167,1.2878239381943648,1.2360910463403387,1.0703691892506741,0.86593070342163481,,0.91296737945183082,False,False,False,,-1,,,False,3,0.014162842838061754,0.19423066994403768,0.004398432183963733,0.065354036738823548
10000,0,multi,gaussian_matched,0.050000000000000003,944,29,0.02,4.089494432074142,1-<5%,True,False,1,0.12501236480710096,0.43785554173880342,0.028029827881616308,0.065913747848904844,1.2878239381943648,1.3169261632161122,1.2157133665880706,0.92314466865715061,,0.99518814367895836,False,False,False,,-1,,,False,3,0.11949784147077988,0.0046514406338223242,0.12501236480710096,0.060612014662276482
10000,0,multi,gaussian_matched,0.050000000000000003,944,29,0.050000000000000003,4.089494432074142,1-<5%,True,False,1,0.12501236480710096,0.43785554173880342,0.028029827881616308,0.065913747848904844,1.2878239381943648,1.3169261632161122,1.2157133665880706,0.92314466865715061,,0.99518814367895836,False,False,False,,-1,,,False,3,0.11949784147077988,0.0046514406338223242,0.12501236480710096,0.060612014662276482
10000,0,multi,gaussian_matched,0.050000000000000003,944,30,0.02,4.089494432074142,1-<5%,True,False,1,0.13474956649820818,0.47153675889620922,0.031177387792027597,0.034123991918652147,1.2878239381943648,1.3211707323805719,1.2185143318246237,0.92229891410705467,,0.97267824163882055,False,False,False,,-1,,,False,3,0.10461131684418808,0.0038660315970830005,0.13474956649820818,0.029200182649401663
10000,0,multi,gaussian_matched,0.050000000000000003,944,30,0.050000000000000003,4.089494432074142,1-<5%,True,False,2,0.13474956649820818,0.47153675889620922,0.031177387792027597,0.034123991918652147,1.2878239381943648,1.3211707323805719,1.2185143318246237,0.92229891410705467,,0.97267824163882055,False,False,False,,-1,,,False,3,0.10461131684418808,0.0038660315970830005,0.13474956649820818,0.029200182649401663
10000,0,multi,gaussian_matched,0.050000000000000003,944,31,0.02,4.089494432074142,1-<5%,True,False,1,0.13468759132327923,0.50808084729606851,0.0081848995742968139,0.042588762797644411,1.2878239381943648,1.3138940594016566,1.1939301319425055,0.90869589020458597,,0.96016144603885156,False,False,False,,-1,,,False,3,0.096328021417175808,0.015332566492538516,0.13468759132327923,0.028694395857344748
10000,0,multi,gaussian_matched,0.050000000000000003,944,31,0.050000000000000003,4.089494432074142,1-<5%,True,False,2,0.13468759132327923,0.50808084729606851,0.0081848995742968139,0.042588762797644411,1.2878239381943648,1.3138940594016566,1.1939301319425055,0.90869589020458597,,0.96016144603885156,False,False,False,,-1,,,False,3,0.096328021417175808,0.015332566492538516,0.13468759132327923,0.028694395857344748
10000,0,multi,gaussian_matched,0.050000000000000003,945,0,0.02,9.0179690304705051,5-<10%,True,False,3,0.030370041524570169,0.49200008853302679,0.013195883042243443,0.037663531546041101,1.368602084268729,1.4047401478051136,1.3743711165892845,0.97838103277443855,,1.031734982991644,False,False,False,,-1,,,False,1,0.0059075566400991868,0.0080500416099739732,0.010297274104443711,0.030370041524570169
10000,0,multi,gaussian_matched,0.050000000000000003,945,0,0.050000000000000003,9.0179690304705051,5-<10%,True,True,4,0.030370041524570169,0.49200008853302679,0.013195883042243443,0.037663531546041101,1.368602084268729,1.4047401478051136,1.3743711165892845,0.97838103277443855,0.94580767469640648,1.031734982991644,True,True,False,4>2>3>1,21,0,0,True,1,0.0059075566400991868,0.0080500416099739732,0.010297274104443711,0.030370041524570169
10000,0,multi,gaussian_matched,0.050000000000000003,945,1,0.02,9.0179690304705051,5-<10%,True,False,3,0.048507005361875126,0.42503725389643093,0.054564359840419518,0.075101575776683901,1.368602084268729,1.4078895703978409,1.3648325908423402,0.96941736023846414,,1.0521203958186351,False,False,False,,-1,,,False,1,0.0047549575951735578,0.0051028293761771768,0.0049028055829551031,0.048507005361875126
10000,0,multi,gaussian_matched,0.050000000000000003,945,1,0.050000000000000003,9.0179690304705051,5-<10%,True,True,4,0.048507005361875126,0.42503725389643093,0.054564359840419518,0.075101575776683901,1.368602084268729,1.4078895703978409,1.3648325908423402,0.96941736023846414,0.93690766788367197,1.0521203958186351,True,True,False,4>2>3>1,21,0,0,True,1,0.0047549575951735578,0.0051028293761771768,0.0049028055829551031,0.048507005361875126
10000,0,multi,gaussian_matched,0.050000000000000003,945,2,0.02,9.0179690304705051,5-<10%,True,False,2,0.081817736322254808,0.45834847681414848,0.20495073408015613,0.16045117442911033,1.368602084268729,1.282536528757108,1.2805681079230293,0.99846521265481125,,1.052913260118338,False,False,False,,-1,,,False,1,0.014147570014919937,0.053809412750956631,0.01746292993621943,0.081817736322254808
10000,0,multi,gaussian_matched,0.050000000000000003,945,2,0.050000000000000003,9.0179690304705051,5-<10%,True,False,2,0.081817736322254808,0.45834847681414848,0.20495073408015613,0.16045117442911033,1.368602084268729,1.282536528757108,1.2805681079230293,0.99846521265481125,,1.052913260118338,False,False,False,,-1,,,False,1,0.014147570014919937,0.053809412750956631,0.01746292993621943,0.081817736322254808
10000,0,multi,gaussian_matched,0.050000000000000003,945,3,0.02,9.0179690304705051,5-<10%,True,False,1,0.043229105010093513,0.5547212149810643,-0.049198020133618112,0.11329015212026843,1.368602084268729,1.4398655007101597,1.3964389954900724,0.96983988768487839,,1.1031176738394484,False,False,False,,-1,,,False,1,0.011269123629452319,0.039980042841330415,0.027996574011231321,0.043229105010093513
10000,0,multi,gaussian_matched,0.050000000000000003,945,3,0.050000000000000003,9.0179690304705051,5-<10%,True,True,4,0.043229105010093513,0.5547212149810643,-0.049198020133618112,0.11329015212026843,1.368602084268729,1.4398655007101597,1.3964389954900724,0.96983988768487839,0.93776609898786578,1.1031176738394484,True,True,False,4>2>3>1,21,0,0,True,1,0.011269123629452319,0.039980042841330415,0.027996574011231321,0.043229105010093513
10000,0,multi,gaussian_matched,0.050000000000000003,945,4,0.02,9.0179690304705051,5-<10%,True,False,3,0.044610521796320378,0.49731106603616587,-0.019252808527952553,0.069304991558120241,1.368602084268729,1.4314862670500399,1.3907151570972018,0.97151833664680709,,1.0667966719014896,False,False,False,,-1,,,False,1,0.0090979409291769685,0.018133859767405346,0.017319932438482944,0.044610521796320378
10000,0,multi,gaussian_matched,0.050000000000000003,945,4,0.050000000000000003,9.0179690304705051,5-<10%,True,True,4,0.044610521796320378,0.49731106603616587,-0.019252808527952553,0.069304991558120241,1.368602084268729,1.4314862670500399,1.3907151570972018,0.97151833664680709,0.94056695293877957,1.0667966719014896,True,True,False,4>2>3>1,21,0,0,True,1,0.0090979409291769685,0.018133859767405346,0.017319932438482944,0.044610521796320378
10000,0,multi,gaussian_matched,0.050000000000000003,945,5,0.02,9.0179690304705051,5-<10%,True,False,3,0.043765649123361561,0.45580649263850148,0.0083235012479361895,0.060745342546911364,1.368602084268729,1.4270671466450542,1.3842348772811472,0.96998580657917677,,1.0558074084770519,False,False,False,,-1,,,False,1,0.0069634798325467597,0.00019616836746751072,0.00812106397234366,0.043765649123361561
10000,0,multi,gaussian_matched,0.050000000000000003,945,5,0.050000000000000003,9.0179690304705051,5-<10%,True,True,4,0.043765649123361561,0.45580649263850148,0.0083235012479361895,0.060745342546911364,1.368602084268729,1.4270671466450542,1.3842348772811472,0.96998580657917677,0.93914933644020593,1.0558074084770519,True,True,False,4>2>3>1,21,0,0,True,1,0.0069634798325467597,0.00019616836746751072,0.00812106397234366,0.043765649123361561
10000,0,multi,gaussian_matched,0.050000000000000003,945,6,0.02,9.0179690304705051,5-<10%,True,True,4,0.012924591074691827,0.51882072850888294,0.03467386849702913,0.024271590974870919,1.368602084268729,1.3735272272486263,1.3582108634114096,0.98884888225485157,0.97559957360309291,1.0101420056838275,True,True,False,4>2>3>1,21,0,0,True,1,0.0032541114115359829,0.01123132782861264,0.0086916299071453096,0.012924591074691827
10000,0,multi,gaussian_matched,0.050000000000000003,945,6,0.050000000000000003,9.0179690304705051,5-<10%,True,True,4,0.012924591074691827,0.51882072850888294,0.03467386849702913,0.024271590974870919,1.368602084268729,1.3735272272486263,1.3582108634114096,0.98884888225485157,0.95367683522852353,1.0101420056838275,True,True,False,4>2>3>1,21,0,0,True,1,0.0032541114115359829,0.01123132782861264,0.0086916299071453096,0.012924591074691827
10000,0,multi,gaussian_matched,0.050000000000000003,945,7,0.02,9.0179690304705051,5-<10%,True,False,2,0.028623876322390919,0.52691501262998841,-0.0012602696694619109,0.05789674560334452,1.368602084268729,1.4032430727314755,1.3759991693035363,0.98058504334897034,,1.047708410931611,False,False,False,,-1,,,False,1,0.0068071268368070431,0.021336994529499886,0.016032087733916022,0.028623876322390919
10000,0,multi,gaussian_matched,0.050000000000000003,945,7,0.050000000000000003,9.0179690304705051,5-<10%,True,True,4,0.028623876322390919,0.52691501262998841,-0.0012602696694619109,0.05789674560334452,1.368602084268729,1.4032430727314755,1.3759991693035363,0.98058504334897034,0.94711052106317162,1.047708410931611,True,True,False,4>2>3>1,21,0,0,True,1,0.0068071268368070431,0.021336994529499886,0.016032087733916022,0.028623876322390919
10000,0,multi,gaussian_matched,0.050000000000000003,945,8,0.02,9.0179690304705051,5-<10%,True,False,2,0.029817237839427694,0.53884895191340887,-0.010258565764244644,0.071696135270558001,1.368602084268729,1.4074630052028452,1.3787474067535794,0.97959761759768083,,1.0597993081379369,False,False,False,,-1,,,False,1,0.0075853696235222414,0.026678965934815044,0.018776226356235999,0.029817237839427694
10000,0,multi,gaussian_matched,0.050000000000000003,945,8,0.050000000000000003,9.0179690304705051,5-<10%,True,True,4,0.029817237839427694,0.53884895191340887,-0.010258565764244644,0.071696135270558001,1.368602084268729,1.4074630052028452,1.3787474067535794,0.97959761759768083,0.94602662342161081,1.0597993081379369,True,True,False,4>2>3>1,21,0,0,True,1,0.0075853696235222414,0.026678965934815044,0.018776226356235999,0.029817237839427694
10000,0,multi,gaussian_matched,0.050000000000000003,945,9,0.02,9.0179690304705051,5-<10%,True,False,3,0.042429885198069187,0.46219792864507542,0.0063320956574627468,0.057757098857125724,1.368602084268729,1.4253997410754085,1.3838559783977031,0.97085465818426331,,1.0533471297649755,False,False,False,,-1,,,False,1,0.0070811983757597032,0.0024249772543232092,0.0091473880709994505,0.042429885198069187
10000,0,multi,gaussian_matched,0.050000000000000003,945,9,0.050000000000000003,9.0179690304705051,5-<10%,True,True,4,0.042429885198069187,0.46219792864507542,0.0063320956574627468,0.057757098857125724,1.368602084268729,1.4253997410754085,1.3838559783977031,0.97085465818426331,0.93990558481612585,1.0533471297649755,True,True,False,4>2>3>1,21,0,0,True,1,0.0070811983757597032,0.0024249772543232092,0.0091473880709994505,0.042429885198069187
10000,0,multi,gaussian_matched,0.050000000000000003,945,10,0.02,9.0179690304705051,5-<10%,True,True,4,0.015963725805019972,0.48285440740504171,0.057270797996065423,0.018623529443472245,1.368602084268729,1.3712515302713795,1.3525347235713179,0.98635056640822316,0.97347172719585717,1.0018677223828918,True,True,False,4>2>3>1,21,0,0,True,1,0.0023441869528708511,0.0029963687929673655,0.0011547320479192544,0.015963725805019972
10000,0,multi,gaussian_matched,0.050000000000000003,945,10,0.050000000000000003,9.0179690304705051,5-<10%,True,True,4,0.015963725805019972,0.48285440740504171,0.057270797996065423,0.018623529443472245,1.368602084268729,1.3712515302713795,1.3525347235713179,0.98635056640822316,0.95159324195176043,1.0018677223828918,True,True,False,4>2>3>1,21,0,0,True,1,0.0023441869528708511,0.0029963687929673655,0.0011547320479192544,0.015963725805019972
10000,0,multi,gaussian_matched,0.050000000000000003,945,11,0.02,9.0179690304705051,5-<10%,True,False,3,0.041562641637225985,0.47613013276961252,-0.0012333076914381666,0.056520990601739311,1.368602084268729,1.4249709261280921,1.3850321692665908,0.97197223035979952,,1.0533033497742919,False,False,False,,-1,,,False,1,0.0076256712158885628,0.0080237874181751118,0.011910084884412496,0.041562641637225985
10000,0,multi,gaussian_matched,0.050000000000000003,945,11,0.050000000000000003,9.0179690304705051,5-<10%,True,True,4,0.041562641637225985,0.47613013276961252,-0.0012333076914381666,0.056520990601739311,1.368602084268729,1.4249709261280921,1.3850321692665908,0.97197223035979952,0.94091722400263311,1.0533033497742919,True,True,False,4>2>3>1,21,0,0,True,1,0.0076256712158885628,0.0080237874181751118,0.011910084884412496,0.041562641637225985
10000,0,multi,gaussian_matched,0.050000000000000003,945,12,0.02,9.0179690304705051,5-<10%,True,False,2,0.04339749067176548,0.58989283808313053,-0.0084749295620378043,0.10723823817055746,1.368602084268729,1.3920129335762552,1.366666730057744,0.98179168964084718,,1.0769419286803423,False,False,False,,-1,,,False,1,0.0075895442941967383,0.04339749067176548,0.024129588964253539,0.016602279395252918
10000,0,multi,gaussian_matched,0.050000000000000003,945,12,0.050000000000000003,9.0179690304705051,5-<10%,True,True,4,0.04339749067176548,0.58989283808313053,-0.0084749295620378043,0.10723823817055746,1.368602084268729,1.3920129335762552,1.366666730057744,0.98179168964084718,0.94539776520278751,1.0769419286803423,True,True,False,4>2>3>1,21,0,0,True,1,0.0075895442941967383,0.04339749067176548,0.024129588964253539,0.016602279395252918
10000,0,multi,gaussian_matched,0.050000000000000003,945,13,0.02,9.0179690304705051,5-<10%,True,False,3,0.041504772926368401,0.60630989919080736,0.061304595087399896,0.10690925374376947,1.368602084268729,1.3203631959803863,1.325017808831638,1.0035252518893452,,1.0462698245418165,False,False,False,,-1,,,False,1,0.0013822698534022603,0.041504772926368401,0.015288162065776059,0.019798066370508464
10000,0,multi,gaussian_matched,0.050000000000000003,945,13,0.050000000000000003,9.0179690304705051,5-<10%,True,True,4,0.041504772926368401,0.60630989919080736,0.061304595087399896,0.10690925374376947,1.368602084268729,1.3203631959803863,1.325017808831638,1.0035252518893452,0.96259561215049627,1.0462698245418165,True,True,False,4>2>3>1,21,0,0,True,1,0.0013822698534022603,0.041504772926368401,0.015288162065776059,0.019798066370508464
10000,0,multi,gaussian_matched,0.050000000000000003,945,14,0.02,9.0179690304705051,5-<10%,True,False,3,0.022920443175420885,0.4870227595618582,0.032315865768252364,0.021934843808785406,1.368602084268729,1.3903950712619675,1.3650775326395865,0.98179111883689152,,1.0134518954714875,False,False,False,,-1,,,False,1,0.0041414855084241156,0.001594901779727287,0.0061518349973055742,0.022920443175420885
10000,0,multi,gaussian_matched,0.050000000000000003,945,14,0.050000000000000003,9.0179690304705051,5-<10%,True,True,4,0.022920443175420885,0.4870227595618582,0.032315865768252364,0.021934843808785406,1.368602084268729,1.3903950712619675,1.3650775326395865,0.98179111883689152,0.94832854660577759,1.0134518954714875,True,True,False,4>2>3>1,21,0,0,True,1,0.0041414855084241156,0.001594901779727287,0.0061518349973055742,0.022920443175420885
10000,0,multi,gaussian_matched,0.050000000000000003,945,15,0.02,9.0179690304705051,5-<10%,True,False,1,0.041961791415761285,0.54594818498104525,-0.041122478570581433,0.10205166242594201,1.368602084268729,1.4345607691716289,1.3938473075248115,0.97161956292006579,,1.0930123424077947,False,False,False,,-1,,,False,1,0.01057393043904674,0.035697758131123074,0.025595880592490846,0.041961791415761285
10000,0,multi,gaussian_matched,0.050000000000000003,945,15,0.050000000000000003,9.0179690304705051,5-<10%,True,True,4,0.041961791415761285,0.54594818498104525,-0.041122478570581433,0.10205166242594201,1.368602084268729,1.4345607691716289,1.3938473075248115,0.97161956292006579,0.93951401054798955,1.0930123424077947,True,True,False,4>2>3>1,21,0,0,True,1,0.01057393043904674,0.035697758131123074,0.025595880592490846,0.041961791415761285
10000,0,multi,gaussian_matched,0.050000000000000003,945,16,0.02,9.0179690304705051,5-<10%,True,True,4,0.015787657367173736,0.53409043505208253,0.086085941481191502,0.049642249491982482,1.368602084268729,1.3206543510856632,1.3278335244961015,1.005436072962268,0.98911505681874479,1.0064837616582296,True,True,False,4>2>3>1,21,0,0,True,1,0.0014039726684028605,0.015787657367173736,0.0029686969446606512,0.0098078665178073007
10000,0,multi,gaussian_matched,0.050000000000000003,945,16,0.050000000000000003,9.0179690304705051,5-<10%,True,True,4,0.015787657367173736,0.53409043505208253,0.086085941481191502,0.049642249491982482,1.368602084268729,1.3206543510856632,1.3278335244961015,1.005436072962268,0.96637533520573238,1.0064837616582296,True,True,False,4>2>3>1,21,0,0,True,1,0.0014039726684028605,0.015787657367173736,0.0029686969446606512,0.0098078665178073007
10000,0,multi,gaussian_matched,0.050000000000000003,945,17,0.02,9.0179690304705051,5-<10%,True,False,3,0.026961936805179429,0.46697210606303147,0.04401488786383026,0.033565806190141913,1.368602084268729,1.3910497413948804,1.3628845409562589,0.97975255693561414,,1.0203479617616917,False,False,False,,-1,,,False,1,0.0037206498737392115,0.007453982562455129,0.0019859461360407569,0.026961936805179429
10000,0,multi,gaussian_matched,0.050000000000000003,945,17,0.050000000000000003,9.0179690304705051,5-<10%,True,True,4,0.026961936805179429,0.46697210606303147,0.04401488786383026,0.033565806190141913,1.368602084268729,1.3910497413948804,1.3628845409562589,0.97975255693561414,0.94645063946482599,1.0203479617616917,True,True,False,4>2>3>1,21,0,0,True,1,0.0037206498737392115,0.007453982562455129,0.0019859461360407569,0.026961936805179429
10000,0,multi,gaussian_matched,0.050000000000000003,945,18,0.02,9.0179690304705051,5-<10%,True,False,3,0.020168135853031073,0.55128042813147249,0.063605926677180472,0.053054722222361378,1.368602084268729,1.3339695172007697,1.3369988245379785,1.002270896971893,,1.0156739951942078,False,False,False,,-1,,,False,1,0.00074799079160633151,0.020168135853031073,0.0076689913200577242,0.0094387732145840269
10000,0,multi,gaussian_matched,0.050000000000000003,945,18,0.050000000000000003,9.0179690304705051,5-<10%,True,True,4,0.020168135853031073,0.55128042813147249,0.063605926677180472,0.053054722222361378,1.368602084268729,1.3339695172007697,1.3369988245379785,1.002270896971893,0.96368632560849399,1.0156739951942078,True,True,False,4>2>3>1,21,0,0,True,1,0.00074799079160633151,0.020168135853031073,0.0076689913200577242,0.0094387732145840269
10000,0,multi,gaussian_matched,0.050000000000000003,945,19,0.02,9.0179690304705051,5-<10%,True,False,3,0.030544288092368678,0.46811492651084707,0.030955563214144333,0.037139581094825715,1.368602084268729,1.401361366170486,1.3695476620346008,0.9772980011409742,,1.0278277808418266,False,False,False,,-1,,,False,1,0.0047130140694364294,0.0033641730185985457,0.0046735761610326131,0.030544288092368678
10000,0,multi,gaussian_matched,0.050000000000000003,945,19,0.050000000000000003,9.0179690304705051,5-<10%,True,True,4,0.030544288092368678,0.46811492651084707,0.030955563214144333,0.037139581094825715,1.368602084268729,1.401361366170486,1.3695476620346008,0.9772980011409742,0.94471339040163482,1.0278277808418266,True,True,False,4>2>3>1,21,0,0,True,1,0.0047130140694364294,0.0033641730185985457,0.0046735761610326131,0.030544288092368678
10000,0,multi,gaussian_matched,0.050000000000000003,945,20,0.02,9.0179690304705051,5-<10%,True,True,4,0.013188228937923535,0.50405228648733857,0.041575286132221584,0.0093486271467742681,1.368602084268729,1.3740234584889979,1.3570552956259239,0.9876507473302284,0.97469373561892547,0.99839386369398564,True,True,False,4>2>3>1,21,0,0,True,1,0.0028315969262526974,0.004933014135448088,0.006055006948403688,0.013188228937923535
10000,0,multi,gaussian_matched,0.050000000000000003,945,20,0.050000000000000003,9.0179690304705051,5-<10%,True,True,4,0.013188228937923535,0.50405228648733857,0.041575286132221584,0.0093486271467742681,1.368602084268729,1.3740234584889979,1.3570552956259239,0.9876507473302284,0.95282545016714071,0.99839386369398564,True,True,False,4>2>3>1,21,0,0,True,1,0.0028315969262526974,0.004933014135448088,0.006055006948403688,0.013188228937923535
10000,0,multi,gaussian_matched,0.050000000000000003,945,21,0.02,9.0179690304705051,5-<10%,True,False,3,0.046662773272937046,0.45699176537000108,0.00029395842201272726,0.065729740721697946,1.368602084268729,1.4332646902205077,1.3881931540796211,0.96855323622466938,,1.0623415757679331,False,False,False,,-1,,,False,1,0.0077164122218061574,0.0029321710831554729,0.0099224387370887551,0.046662773272937046
10000,0,multi,gaussian_matched,0.050000000000000003,945,21,0.050000000000000003,9.0179690304705051,5-<10%,True,True,4,0.046662773272937046,0.45699176537000108,0.00029395842201272726,0.065729740721697946,1.368602084268729,1.4332646902205077,1.3881931540796211,0.96855323622466938,0.93812874478186203,1.0623415757679331,True,True,False,4>2>3>1,21,0,0,True,1,0.0077164122218061574,0.0029321710831554729,0.0099224387370887551,0.046662773272937046
10000,0,multi,gaussian_matched,0.050000000000000003,945,22,0.02,9.0179690304705051,5-<10%,True,False,3,0.022604405338596947,0.49317670937642988,0.028704858885076952,0.022361581563882866,1.368602084268729,1.3905234494813361,1.3658757208260439,0.98227449622335694,,1.0143469152552762,False,False,False,,-1,,,False,1,0.0043433023130584059,0.0043332268808735615,0.0073919952501227317,0.022604405338596947
10000,0,multi,gaussian_matched,0.050000000000000003,945,22,0.050000000000000003,9.0179690304705051,5-<10%,True,True,4,0.022604405338596947,0.49317670937642988,0.028704858885076952,0.022361581563882866,1.368602084268729,1.3905234494813361,1.3658757208260439,0.98227449622335694,0.94874059865113858,1.0143469152552762,True,True,False,4>2>3>1,21,0,0,True,1,0.0043433023130584059,0.0043332268808735615,0.0073919952501227317,0.022604405338596947
10000,0,multi,gaussian_matched,0.050000000000000003,945,23,0.02,9.0179690304705051,5-<10%,True,False,2,0.043190622181374122,0.61040138363013474,0.070707359288371685,0.11232657849389829,1.368602084268729,1.3103525760440309,1.318405627443187,1.0061457134105605,,1.0453967755730502,False,False,False,,-1,,,False,1,0.00058043747516421402,0.043190622181374122,0.014805447207038016,0.025311885148609613
10000,0,multi,gaussian_matched,0.050000000000000003,945,23,0.050000000000000003,9.0179690304705051,5-<10%,True,True,4,0.043190622181374122,0.61040138363013474,0.070707359288371685,0.11232657849389829,1.368602084268729,1.3103525760440309,1.318405627443187,1.0061457134105605,0.96456796025789959,1.0453967755730502,True,True,False,4>2>3>1,21,0,0,True,1,0.00058043747516421402,0.043190622181374122,0.014805447207038016,0.025311885148609613
10000,0,multi,gaussian_matched,0.050000000000000003,945,24,0.02,9.0179690304705051,5-<10%,True,True,4,0.011233227077527146,0.52115836485783362,0.08227433956983822,0.038591571594409492,1.368602084268729,1.3301023302606736,1.3322028943337985,1.0015792499759872,0.98598851920097486,1.0016019131379961,True,True,False,4>2>3>1,21,0,0,True,1,0.0013426924595990233,0.011233227077527146,0.0018158141819403916,0.0046756950414289268
10000,0,multi,gaussian_matched,0.050000000000000003,945,24,0.050000000000000003,9.0179690304705051,5-<10%,True,True,4,0.011233227077527146,0.52115836485783362,0.08227433956983822,0.038591571594409492,1.368602084268729,1.3301023302606736,1.3322028943337985,1.0015792499759872,0.96341205596992763,1.0016019131379961,True,True,False,4>2>3>1,21,0,0,True,1,0.0013426924595990233,0.011233227077527146,0.0018158141819403916,0.0046756950414289268
10000,0,multi,gaussian_matched,0.050000000000000003,945,25,0.02,9.0179690304705051,5-<10%,True,False,3,0.030854818151752509,0.46629190213350735,0.032193319584306324,0.038122352094325122,1.368602084268729,1.4013028835116264,1.3692851991299488,0.97715148897614335,,1.0283540902075123,False,False,False,,-1,,,False,1,0.004648191790166587,0.0042323557332821678,0.0042503496910015317,0.030854818151752509
10000,0,multi,gaussian_matched,0.050000000000000003,945,25,0.050000000000000003,9.0179690304705051,5-<10%,True,True,4,0.030854818151752509,0.46629190213350735,0.032193319584306324,0.038122352094325122,1.368602084268729,1.4013028835116264,1.3692851991299488,0.97715148897614335,0.94456597035034084,1.0283540902075123,True,True,False,4>2>3>1,21,0,0,True,1,0.004648191790166587,0.0042323557332821678,0.0042503496910015317,0.030854818151752509
10000,0,multi,gaussian_matched,0.050000000000000003,945,26,0.02,9.0179690304705051,5-<10%,True,True,4,0.010169135673191282,0.50637573987366791,0.04633305336855302,0.007355036134143682,1.368602084268729,1.3687325518623641,1.3541021127178094,0.98931095843037575,0.97602344651067496,0.99477939168813001,True,True,False,4>2>3>1,21,0,0,True,1,0.0023130040343388976,0.0049318722071762236,0.0054579270531404838,0.010169135673191282
10000,0,multi,gaussian_matched,0.050000000000000003,945,26,0.050000000000000003,9.0179690304705051,5-<10%,True,True,4,0.010169135673191282,0.50637573987366791,0.04633305336855302,0.007355036134143682,1.368602084268729,1.3687325518623641,1.3541021127178094,0.98931095843037575,0.95408386829123859,0.99477939168813001,True,True,False,4>2>3>1,21,0,0,True,1,0.0023130040343388976,0.0049318722071762236,0.0054579270531404838,0.010169135673191282
10000,0,multi,gaussian_matched,0.050000000000000003,945,27,0.02,9.0179690304705051,5-<10%,True,False,3,0.060094259141296721,0.47271007820845329,-0.039068279041613252,0.093155236904982536,1.368602084268729,1.4600370250607169,1.4058192016444675,0.96286544622798542,,1.0952595029477701,False,False,False,,-1,,,False,1,0.011413666343361431,0.017685422715656818,0.01953135652591512,0.060094259141296721
10000,0,multi,gaussian_matched,0.050000000000000003,945,27,0.050000000000000003,9.0179690304705051,5-<10%,True,False,3,0.060094259141296721,0.47271007820845329,-0.039068279041613252,0.093155236904982536,1.368602084268729,1.4600370250607169,1.4058192016444675,0.96286544622798542,,1.0952595029477701,False,False,False,,-1,,,False,1,0.011413666343361431,0.017685422715656818,0.01953135652591512,0.060094259141296721
10000,0,multi,gaussian_matched,0.050000000000000003,945,28,0.02,9.0179690304705051,5-<10%,True,False,3,0.040621423928650938,0.43949082885093332,0.078358308829161782,0.066824796840672537,1.368602084268729,1.3804152890952657,1.3509663489958879,0.97866660827939767,,1.0359410979518668,False,False,False,,-1,,,False,1,0.0047013525491823461,0.0035103455355718206,0.0077541445902512751,0.040621423928650938
10000,0,multi,gaussian_matched,0.050000000000000003,945,28,0.050000000000000003,9.0179690304705051,5-<10%,True,True,4,0.040621423928650938,0.43949082885093332,0.078358308829161782,0.066824796840672537,1.368602084268729,1.3804152890952657,1.3509663489958879,0.97866660827939767,0.94434908395562722,1.0359410979518668,True,True,False,4>2>3>1,21,0,0,True,1,0.0047013525491823461,0.0035103455355718206,0.0077541445902512751,0.040621423928650938
10000,0,multi,gaussian_matched,0.050000000000000003,945,29,0.02,9.0179690304705051,5-<10%,True,False,3,0.058390118748211733,0.44061121327623753,-0.015272225805368383,0.088246764530534177,1.368602084268729,1.4551310522641325,1.4002555881532646,0.96228830109461017,,1.0876078370720406,False,False,False,,-1,,,False,1,0.0092614998201501937,0.0032645970408094853,0.011440221593206259,0.058390118748211733
10000,0,multi,gaussian_matched,0.050000000000000003,945,29,0.050000000000000003,9.0179690304705051,5-<10%,True,False,3,0.058390118748211733,0.44061121327623753,-0.015272225805368383,0.088246764530534177,1.368602084268729,1.4551310522641325,1.4002555881532646,0.96228830109461017,,1.0876078370720406,False,False,False,,-1,,,False,1,0.0092614998201501937,0.0032645970408094853,0.011440221593206259,0.058390118748211733
10000,0,multi,gaussian_matched,0.050000000000000003,945,30,0.02,9.0179690304705051,5-<10%,True,True,4,0.010521043255509616,0.49116009194088245,0.076604397502157237,0.028034584729338178,1.368602084268729,1.3505192854933132,1.340588142698947,0.99264642652567625,0.97858468853202996,1.0000150833904125,True,True,False,4>2>3>1,21,0,0,True,1,0.0019275759615794018,0.0039740991362218533,0.0010692888204199547,0.010521043255509616
10000,0,multi,gaussian_matched,0.050000000000000003,945,30,0.050000000000000003,9.0179690304705051,5-<10%,True,True,4,0.010521043255509616,0.49116009194088245,0.076604397502157237,0.028034584729338178,1.368602084268729,1.3505192854933132,1.340588142698947,0.99264642652567625,0.9563372037145812,1.0000150833904125,True,True,False,4>2>3>1,21,0,0,True,1,0.0019275759615794018,0.0039740991362218533,0.0010692888204199547,0.010521043255509616
10000,0,multi,gaussian_matched,0.050000000000000003,945,31,0.02,9.0179690304705051,5-<10%,True,True,4,0.012906634569435809,0.51530991109969082,0.036360237966872502,0.020504547939439743,1.368602084268729,1.3735312055267441,1.3579061642017602,0.98862418177168987,0.9754446275298253,1.0071668953198416,True,True,False,4>2>3>1,21,0,0,True,1,0.0031315930778535303,0.0097382541788398561,0.0080620584945199462,0.012906634569435809
10000,0,multi,gaussian_matched,0.050000000000000003,945,31,0.050000000000000003,9.0179690304705051,5-<10%,True,True,4,0.012906634569435809,0.51530991109969082,0.036360237966872502,0.020504547939439743,1.368602084268729,1.3735312055267441,1.3579061642017602,0.98862418177168987,0.95353465303829599,1.0071668953198416,True,True,False,4>2>3>1,21,0,0,True,1,0.0031315930778535303,0.0097382541788398561,0.0080620584945199462,0.012906634569435809
10000,0,multi,gaussian_matched,0.050000000000000003,946,0,0.02,7.7658799070424411,5-<10%,True,False,2,0.35500488570032185,0.36497634136303431,0.057728297891537453,0.1352446486187612,1.1956342090371428,1.2616158934447834,1.1882784847939969,0.94187025620726594,,1.1069632529823696,False,False,False,,-1,,,False,1,0.14526439897984522,0.35500488570032185,0.0034251810607899488,0.0019605312022907893
10000,0,multi,gaussian_matched,0.050000000000000003,946,0,0.050000000000000003,7.7658799070424411,5-<10%,True,False,2,0.35500488570032185,0.36497634136303431,0.057728297891537453,0.1352446486187612,1.1956342090371428,1.2616158934447834,1.1882784847939969,0.94187025620726594,,1.1069632529823696,False,False,False,,-1,,,False,1,0.14526439897984522,0.35500488570032185,0.0034251810607899488,0.0019605312022907893
10000,0,multi,gaussian_matched,0.050000000000000003,946,1,0.02,7.7658799070424411,5-<10%,True,False,2,0.30364212940101792,0.59086279919197238,0.089879227616623467,0.09922903341411303,1.1956342090371428,1.1049250701264954,1.1496079824949197,1.0404397669819445,,1.0444975616035064,False,False,False,,-1,,,False,1,0.0053152573772993709,0.011160142805567789,0.087729508716191035,0.30364212940101792
10000,0,multi,gaussian_matched,0.050000000000000003,946,1,0.050000000000000003,7.7658799070424411,5-<10%,True,False,2,0.30364212940101792,0.59086279919197238,0.089879227616623467,0.09922903341411303,1.1956342090371428,1.1049250701264954,1.1496079824949197,1.0404397669819445,,1.0444975616035064,False,False,False,,-1,,,False,1,0.0053152573772993709,0.011160142805567789,0.087729508716191035,0.30364212940101792
10000,0,multi,gaussian_matched,0.050000000000000003,946,2,0.02,7.7658799070424411,5-<10%,True,False,3,0.030825124778894441,0.56924845665228196,0.078508558152904431,0.07488715935779984,1.1956342090371428,1.1276244329539151,1.159079066123947,1.0278946005875675,,1.0320599863694708,False,False,False,,-1,,,False,1,0.016573910250516754,0.0079540112717527093,0.030825124778894441,0.01332326792850925
10000,0,multi,gaussian_matched,0.050000000000000003,946,2,0.050000000000000003,7.7658799070424411,5-<10%,True,True,4,0.030825124778894441,0.56924845665228196,0.078508558152904431,0.07488715935779984,1.1956342090371428,1.1276244329539151,1.159079066123947,1.0278946005875675,0.99107744131762399,1.0320599863694708,True,True,False,2>1>3>4,6,0,0,True,1,0.016573910250516754,0.0079540112717527093,0.030825124778894441,0.01332326792850925
10000,0,multi,gaussian_matched,0.050000000000000003,946,3,0.02,7.7658799070424411,5-<10%,True,False,3,0.023357674046278486,0.45239940735763762,0.052496107434716374,0.047665993876450014,1.1956342090371428,1.2282968223191562,1.1960514651068608,0.97374791123255311,,1.0402156860206351,False,False,False,,-1,,,False,1,0.0059033184931623871,0.023357674046278486,0.012402956660921602,0.004267279774983708
10000,0,multi,gaussian_matched,0.050000000000000003,946,3,0.050000000000000003,7.7658799070424411,5-<10%,True,True,4,0.023357674046278486,0.45239940735763762,0.052496107434716374,0.047665993876450014,1.1956342090371428,1.2282968223191562,1.1960514651068608,0.97374791123255311,0.92881737604023473,1.0402156860206351,True,True,False,2>1>3>4,6,0,0,True,1,0.0059033184931623871,0.023357674046278486,0.012402956660921602,0.004267279774983708
10000,0,multi,gaussian_matched,0.050000000000000003,946,4,0.02,7.7658799070424411,5-<10%,True,False,3,0.024811860266334942,0.45086464042265412,0.031140443099070957,0.05263047071131377,1.1956342090371428,1.24392070086321,1.2097093998507054,0.97249720099620174,,1.0557910279086069,False,False,False,,-1,,,False,1,0.0097823078678408101,0.024811860266334942,0.007651809691017585,0.001938093573247143
10000,0,multi,gaussian_matched,0.050000000000000003,946,4,0.050000000000000003,7.7658799070424411,5-<10%,True,True,4,0.024811860266334942,0.45086464042265412,0.031140443099070957,0.05263047071131377,1.1956342090371428,1.24392070086321,1.2097093998507054,0.97249720099620174,0.92835738523501343,1.0557910279086069,True,True,False,2>1>3>4,6,0,0,True,1,0.0097823078678408101,0.024811860266334942,0.007651809691017585,0.001938093573247143
10000,0,multi,gaussian_matched,0.050000000000000003,946,5,0.02,7.7658799070424411,5-<10%,True,False,2,0.34129555764264247,0.4128278170046909,0.055874604343763637,0.087369905942283263,1.1956342090371428,1.256089881078096,1.1881675087586823,0.94592554773141213,,1.066829139765221,False,False,False,,-1,,,False,1,0.13136151163639409,0.34129555764264247,0.0069842303325815033,0.0048527930063002435
10000,0,multi,gaussian_matched,0.050000000000000003,946,5,0.050000000000000003,7.7658799070424411,5-<10%,True,False,2,0.34129555764264247,0.4128278170046909,0.055874604343763637,0.087369905942283263,1.1956342090371428,1.256089881078096,1.1881675087586823,0.94592554773141213,,1.066829139765221,False,False,False,,-1,,,False,1,0.13136151163639409,0.34129555764264247,0.0069842303325815033,0.0048527930063002435
10000,0,multi,gaussian_matched,0.050000000000000003,946,6,0.02,7.7658799070424411,5-<10%,True,True,4,0.017067333580797418,0.53659413934386535,0.062330555679371416,0.038615717495345245,1.1956342090371428,1.1614716035745642,1.1794990975310466,1.0155212524361341,1.0019184545616715,1.0188022438797171,True,True,False,2>1>3>4,6,0,0,True,1,0.01345228840314598,0.0035907939059428378,0.017067333580797418,0.0078800369971962336
10000,0,multi,gaussian_matched,0.050000000000000003,946,6,0.050000000000000003,7.7658799070424411,5-<10%,True,True,4,0.017067333580797418,0.53659413934386535,0.062330555679371416,0.038615717495345245,1.1956342090371428,1.1614716035745642,1.1794990975310466,1.0155212524361341,0.975473565582061,1.0188022438797171,True,True,False,2>1>3>4,6,0,0,True,1,0.01345228840314598,0.0035907939059428378,0.017067333580797418,0.0078800369971962336
10000,0,multi,gaussian_matched,0.050000000000000003,946,7,0.02,7.7658799070424411,5-<10%,True,False,2,0.032226541061986427,0.46028483878318038,0.11057572714672961,0.072434195997698542,1.1956342090371428,1.1848326036037478,1.1531150328736151,0.97323033597010955,,1.02502021070329,False,False,False,,-1,,,False,1,0.0052511018500505189,0.032226541061986427,0.029167957353609747,0.011784703894682841
10000,0,multi,gaussian_matched,0.050000000000000003,946,7,0.050000000000000003,7.7658799070424411,5-<10%,True,True,4,0.032226541061986427,0.46028483878318038,0.11057572714672961,0.072434195997698542,1.1956342090371428,1.1848326036037478,1.1531150328736151,0.97323033597010955,0.9317283665230518,1.02502021070329,True,True,False,2>1>3>4,6,0,0,True,1,0.0052511018500505189,0.032226541061986427,0.029167957353609747,0.011784703894682841
10000,0,multi,gaussian_matched,0.050000000000000003,946,8,0.02,7.7658799070424411,5-<10%,True,False,2,0.04139451020256639,0.55121154093225955,0.10077575240640207,0.072116565067207275,1.1956342090371428,1.1235242812660062,1.1478386030065058,1.0216411181724543,,1.0203414713737207,False,False,False,,-1,,,False,1,0.021072999753904038,0.00090567048803344343,0.04139451020256639,0.016269625544120255
10000,0,multi,gaussian_matched,0.050000000000000003,946,8,0.050000000000000003,7.7658799070424411,5-<10%,True,True,4,0.04139451020256639,0.55121154093225955,0.10077575240640207,0.072116565067207275,1.1956342090371428,1.1235242812660062,1.1478386030065058,1.0216411181724543,0.985301027213074,1.0203414713737207,True,True,False,2>1>3>4,6,0,0,True,1,0.021072999753904038,0.00090567048803344343,0.04139451020256639,0.016269625544120255
10000,0,multi,gaussian_matched,0.050000000000000003,946,9,0.02,7.7658799070424411,5-<10%,True,True,4,0.0099891786932860376,0.52100995404691353,0.040295297285152146,0.023143021061153478,1.1956342090371428,1.1882489768682558,1.1962480881287363,1.0067318477997456,0.99139106044772762,1.0198697059461677,True,True,False,2>1>3>4,6,0,0,True,1,0.0093381375102535996,0.0033284355386457281,0.0099891786932860376,0.0050132873107713574
10000,0,multi,gaussian_matched,0.050000000000000003,946,9,0.050000000000000003,7.7658799070424411,5-<10%,True,True,4,0.0099891786932860376,0.52100995404691353,0.040295297285152146,0.023143021061153478,1.1956342090371428,1.1882489768682558,1.1962480881287363,1.0067318477997456,0.96591396366659521,1.0198697059461677,True,True,False,2>1>3>4,6,0,0,True,1,0.0093381375102535996,0.0033284355386457281,0.0099891786932860376,0.0050132873107713574
10000,0,multi,gaussian_matched,0.050000000000000003,946,10,0.02,7.7658799070424411,5-<10%,True,False,2,0.043473756768942121,0.42650850453076233,-0.0068217007617874664,0.0928962086619637,1.1956342090371428,1.2877974608786178,1.2286160760292621,0.95404449329401664,,1.1052814269637317,False,False,False,,-1,,,False,1,0.026421563153982225,0.043473756768942121,0.0014161865307410182,0.0036102592376499208
10000,0,multi,gaussian_matched,0.050000000000000003,946,10,0.050000000000000003,7.7658799070424411,5-<10%,True,True,4,0.043473756768942121,0.42650850453076233,-0.0068217007617874664,0.0928962086619637,1.1956342090371428,1.2877974608786178,1.2286160760292621,0.95404449329401664,0.9113625539609318,1.1052814269637317,True,True,False,2>1>3>4,6,0,0,True,1,0.026421563153982225,0.043473756768942121,0.0014161865307410182,0.0036102592376499208
10000,0,multi,gaussian_matched,0.050000000000000003,946,11,0.02,7.7658799070424411,5-<10%,True,True,4,0.012519141524805219,0.47460394862326283,0.055769537701988399,0.026043175513453417,1.1956342090371428,1.2097509456132642,1.1949777254324445,0.98778821357041335,0.96938501876694672,1.0212328249868321,True,True,False,2>1>3>4,6,0,0,True,1,0.0017217131727731455,0.012126627941091423,0.012519141524805219,0.005296154160008385
10000,0,multi,gaussian_matched,0.050000000000000003,946,11,0.050000000000000003,7.7658799070424411,5-<10%,True,True,4,0.012519141524805219,0.47460394862326283,0.055769537701988399,0.026043175513453417,1.1956342090371428,1.2097509456132642,1.1949777254324445,0.98778821357041335,0.94431388957276308,1.0212328249868321,True,True,False,2>1>3>4,6,0,0,True,1,0.0017217131727731455,0.012126627941091423,0.012519141524805219,0.005296154160008385
10000,0,multi,gaussian_matched,0.050000000000000003,946,12,0.02,7.7658799070424411,5-<10%,True,True,4,0.0099593522259739733,0.57230851157205598,0.024027912904867152,0.076831439878758748,1.1956342090371428,1.1680069240272903,1.1953582239749436,1.0234170700404293,1.0116290578252909,1.0640291606228049,True,True,False,2>1>3>4,6,0,0,True,1,0.0047713391738760727,0.0099593522259739733,0.0080561125087346159,0.0071317600507142011
10000,0,multi,gaussian_matched,0.050000000000000003,946,12,0.050000000000000003,7.7658799070424411,5-<10%,True,True,4,0.0099593522259739733,0.57230851157205598,0.024027912904867152,0.076831439878758748,1.1956342090371428,1.1680069240272903,1.1953582239749436,1.0234170700404293,0.9857790865735615,1.0640291606228049,True,True,False,2>1>3>4,6,0,0,True,1,0.0047713391738760727,0.0099593522259739733,0.0080561125087346159,0.0071317600507142011
10000,0,multi,gaussian_matched,0.050000000000000003,946,13,0.02,7.7658799070424411,5-<10%,True,True,4,0.0069943945178677245,0.55878957189069955,-0.019614326895637108,0.091117332446820215,1.1956342090371428,1.211190420742007,1.2215612813824626,1.0085625352239016,0.99735455333829581,1.0978931548691611,True,True,False,2>1>3>4,6,0,0,True,1,0.0041172106069945228,0.0069943945178677245,0.0029209869543279088,0.006425386745452441
10000,0,multi,gaussian_matched,0.050000000000000003,946,13,0.050000000000000003,7.7658799070424411,5-<10%,True,True,4,0.0069943945178677245,0.55878957189069955,-0.019614326895637108,0.091117332446820215,1.1956342090371428,1.211190420742007,1.2215612813824626,1.0085625352239016,0.97257927789774878,1.0978931548691611,True,True,False,2>1>3>4,6,0,0,True,1,0.0041172106069945228,0.0069943945178677245,0.0029209869543279088,0.006425386745452441
10000,0,multi,gaussian_matched,0.050000000000000003,946,14,0.02,7.7658799070424411,5-<10%,True,True,4,0.0085438567901315442,0.50852816223093444,0.036217119570675874,0.016207940768838677,1.1956342090371428,1.199700263348598,1.2010336145167568,1.0011114035804554,0.98498071606180215,1.018071870213427,True,True,False,2>1>3>4,6,0,0,True,1,0.0066709623659175583,0.0013033513420509873,0.0085438567901315442,0.0042521178750377859
10000,0,multi,gaussian_matched,0.050000000000000003,946,14,0.050000000000000003,7.7658799070424411,5-<10%,True,True,4,0.0085438567901315442,0.50852816223093444,0.036217119570675874,0.016207940768838677,1.1956342090371428,1.199700263348598,1.2010336145167568,1.0011114035804554,0.95981012667814158,1.018071870213427,True,True,False,2>1>3>4,6,0,0,True,1,0.0066709623659175583,0.0013033513420509873,0.0085438567901315442,0.0042521178750377859
10000,0,multi,gaussian_matched,0.050000000000000003,946,15,0.02,7.7658799070424411,5-<10%,True,True,4,0.012952209834741298,0.4827634333929825,0.057284831914169207,0.018712776502054659,1.1956342090371428,1.2027900971293533,1.1933104082260657,0.99211858417697962,0.9743787705138609,1.0137073492604196,True,True,False,2>1>3>4,6,0,0,True,1,0.0042923940866247652,0.0090126640145313762,0.012952209834741298,0.0056683426956176831
10000,0,multi,gaussian_matched,0.050000000000000003,946,15,0.050000000000000003,7.7658799070424411,5-<10%,True,True,4,0.012952209834741298,0.4827634333929825,0.057284831914169207,0.018712776502054659,1.1956342090371428,1.2027900971293533,1.1933104082260657,0.99211858417697962,0.94911566122366586,1.0137073492604196,True,True,False,2>1>3>4,6,0,0,True,1,0.0042923940866247652,0.0090126640145313762,0.012952209834741298,0.0056683426956176831
10000,0,multi,gaussian_matched,0.050000000000000003,946,16,0.02,7.7658799070424411,5-<10%,True,True,4,0.01233527087512752,0.47964259855125546,0.029638024767347573,0.028792947558742524,1.1956342090371428,1.2244262161702515,1.2095025193545217,0.98781168140746933,0.96997710331471376,1.0356808608800823,True,True,False,2>1>3>4,6,0,0,True,1,0.0018162069608097316,0.01233527087512752,0.0066054722896144941,0.0028882109612893801
10000,0,multi,gaussian_matched,0.050000000000000003,946,16,0.050000000000000003,7.7658799070424411,5-<10%,True,True,4,0.01233527087512752,0.47964259855125546,0.029638024767347573,0.028792947558742524,1.1956342090371428,1.2244262161702515,1.2095025193545217,0.98781168140746933,0.94541269798934524,1.0356808608800823,True,True,False,2>1>3>4,6,0,0,True,1,0.0018162069608097316,0.01233527087512752,0.0066054722896144941,0.0028882109612893801
10000,0,multi,gaussian_matched,0.050000000000000003,946,17,0.02,7.7658799070424411,5-<10%,True,False,3,0.025222226423482735,0.51420695775014413,0.090393777899040337,0.042819329063769548,1.1956342090371428,1.157186181647649,1.1660514960305215,1.0076610959614551,,1.011070790679206,False,False,False,,-1,,,False,1,0.018356163567056986,0.0071866425046675569,0.025222226423482735,0.010434120361979668
10000,0,multi,gaussian_matched,0.050000000000000003,946,17,0.050000000000000003,7.7658799070424411,5-<10%,True,True,4,0.025222226423482735,0.51420695775014413,0.090393777899040337,0.042819329063769548,1.1956342090371428,1.157186181647649,1.1660514960305215,1.0076610959614551,0.96760559980442473,1.011070790679206,True,True,False,2>1>3>4,6,0,0,True,1,0.018356163567056986,0.0071866425046675569,0.025222226423482735,0.010434120361979668
10000,0,multi,gaussian_matched,0.050000000000000003,946,18,0.02,7.7658799070424411,5-<10%,True,False,3,0.027754580185398229,0.4717658685752667,-0.016833202880326456,0.072552347891381083,1.1956342090371428,1.2636488111383501,1.2344776815305472,0.9769151608020552,,1.0931688132898887,False,False,False,,-1,,,False,1,0.012670461347753806,0.027754580185398229,0.0034974889918908065,0.0014548792924932497
10000,0,multi,gaussian_matched,0.050000000000000003,946,18,0.050000000000000003,7.7658799070424411,5-<10%,True,True,4,0.027754580185398229,0.4717658685752667,-0.016833202880326456,0.072552347891381083,1.1956342090371428,1.2636488111383501,1.2344776815305472,0.9769151608020552,0.93733648490699906,1.0931688132898887,True,True,False,2>1>3>4,6,0,0,True,1,0.012670461347753806,0.027754580185398229,0.0034974889918908065,0.0014548792924932497
10000,0,multi,gaussian_matched,0.050000000000000003,946,19,0.02,7.7658799070424411,5-<10%,True,True,4,0.012508257942042115,0.49465290197089989,0.054297808613069765,0.0068602198366657947,1.1956342090371428,1.1963600880723213,1.1933139848482703,0.9974538575346833,0.98051284520247151,1.0037971443217986,True,True,False,2>1>3>4,6,0,0,True,1,0.0068405871633118367,0.0047887001531106161,0.012508257942042115,0.0056615952540380989
10000,0,multi,gaussian_matched,0.050000000000000003,946,19,0.050000000000000003,7.7658799070424411,5-<10%,True,True,4,0.012508257942042115,0.49465290197089989,0.054297808613069765,0.0068602198366657947,1.1956342090371428,1.1963600880723213,1.1933139848482703,0.9974538575346833,0.95511468429652391,1.0037971443217986,True,True,False,2>1>3>4,6,0,0,True,1,0.0068405871633118367,0.0047887001531106161,0.012508257942042115,0.0056615952540380989
10000,0,multi,gaussian_matched,0.050000000000000003,946,20,0.02,7.7658799070424411,5-<10%,True,True,4,0.0077999640371585787,0.50465271558081848,0.033551164376833198,0.017094208248232861,1.1956342090371428,1.2042927678300124,1.2032447239544495,0.99912974327874493,0.98278395964121468,1.0206624425587776,True,True,False,2>1>3>4,6,0,0,True,1,0.0052150258987134473,0.0031325312274326157,0.0077999640371585787,0.0039163317435189065
10000,0,multi,gaussian_matched,0.050000000000000003,946,20,0.050000000000000003,7.7658799070424411,5-<10%,True,True,4,0.0077999640371585787,0.50465271558081848,0.033551164376833198,0.017094208248232861,1.1956342090371428,1.2042927678300124,1.2032447239544495,0.99912974327874493,0.95773809683150435,1.0206624425587776,True,True,False,2>1>3>4,6,0,0,True,1,0.0052150258987134473,0.0031325312274326157,0.0077999640371585787,0.0039163317435189065
10000,0,multi,gaussian_matched,0.050000000000000003,946,21,0.02,7.7658799070424411,5-<10%,True,False,2,0.34673040781677339,0.4072247942850209,0.05479335782553766,0.092898950880514974,1.1956342090371428,1.26111200929791,1.1831280097654973,0.93816251137293649,,1.0672385843439613,False,False,False,,-1,,,False,1,0.14008270049109894,0.34673040781677339,0.0094996081718440352,0.0051735539401329437
10000,0,multi,gaussian_matched,0.050000000000000003,946,21,0.050000000000000003,7.7658799070424411,5-<10%,True,False,2,0.34673040781677339,0.4072247942850209,0.05479335782553766,0.092898950880514974,1.1956342090371428,1.26111200929791,1.1831280097654973,0.93816251137293649,,1.0672385843439613,False,False,False,,-1,,,False,1,0.14008270049109894,0.34673040781677339,0.0094996081718440352,0.0051735539401329437
10000,0,multi,gaussian_matched,0.050000000000000003,946,22,0.02,7.7658799070424411,5-<10%,True,True,4,0.012301279563495644,0.48186662131106706,0.05460566809471256,0.018709131494404025,1.1956342090371428,1.2052918100414005,1.1950259010434294,0.99148263606170317,0.97362237943973318,1.0151390980317196,True,True,False,2>1>3>4,6,0,0,True,1,0.0035428782771846231,0.009181763619283384,0.012301279563495644,0.0053754193332383312
10000,0,multi,gaussian_matched,0.050000000000000003,946,22,0.050000000000000003,7.7658799070424411,5-<10%,True,True,4,0.012301279563495644,0.48186662131106706,0.05460566809471256,0.018709131494404025,1.1956342090371428,1.2052918100414005,1.1950259010434294,0.99148263606170317,0.94844893729404856,1.0151390980317196,True,True,False,2>1>3>4,6,0,0,True,1,0.0035428782771846231,0.009181763619283384,0.012301279563495644,0.0053754193332383312
10000,0,multi,gaussian_matched,0.050000000000000003,946,23,0.02,7.7658799070424411,5-<10%,True,False,3,0.022143441343587558,0.48673388436995979,0.089179670650353163,0.041364675946751257,1.1956342090371428,1.1782475986835412,1.1721235209748022,0.9948023847317139,,1.0149326505961958,False,False,False,,-1,,,False,1,0.01125117356924518,0.013952234351263595,0.022143441343587558,0.0092239955294926464
10000,0,multi,gaussian_matched,0.050000000000000003,946,23,0.050000000000000003,7.7658799070424411,5-<10%,True,True,4,0.022143441343587558,0.48673388436995979,0.089179670650353163,0.041364675946751257,1.1956342090371428,1.1782475986835412,1.1721235209748022,0.9948023847317139,0.95299376368070188,1.0149326505961958,True,True,False,2>1>3>4,6,0,0,True,1,0.01125117356924518,0.013952234351263595,0.022143441343587558,0.0092239955294926464
10000,0,multi,gaussian_matched,0.050000000000000003,946,24,0.02,7.7658799070424411,5-<10%,True,False,3,0.037215286894520375,0.43269289766457569,0.012090845139551484,0.077248624887597497,1.1956342090371428,1.2702149373818719,1.2187859188976433,0.95951156220046308,,1.0839724507623041,False,False,False,,-1,,,False,1,0.019362399499391468,0.037215286894520375,0.0039746931132256212,0.00099075742931863239
10000,0,multi,gaussian_matched,0.050000000000000003,946,24,0.050000000000000003,7.7658799070424411,5-<10%,True,True,4,0.037215286894520375,0.43269289766457569,0.012090845139551484,0.077248624887597497,1.1956342090371428,1.2702149373818719,1.2187859188976433,0.95951156220046308,0.91544828920745913,1.0839724507623041,True,True,False,2>1>3>4,6,0,0,True,1,0.019362399499391468,0.037215286894520375,0.0039746931132256212,0.00099075742931863239
10000,0,multi,gaussian_matched,0.050000000000000003,946,25,0.02,7.7658799070424411,5-<10%,True,False,2,0.051767788675343873,0.52498340802763133,0.13392203523992213,0.087561856281635819,1.1956342090371428,1.1200038791904028,1.1372116043767901,1.0153639871308535,,1.0243713766309424,False,False,False,,-1,,,False,1,0.027549204397035038,0.014277079170786872,0.051767788675343873,0.019227356445711902
10000,0,multi,gaussian_matched,0.050000000000000003,946,25,0.050000000000000003,7.7658799070424411,5-<10%,True,False,3,0.051767788675343873,0.52498340802763133,0.13392203523992213,0.087561856281635819,1.1956342090371428,1.1200038791904028,1.1372116043767901,1.0153639871308535,,1.0243713766309424,False,False,False,,-1,,,False,1,0.027549204397035038,0.014277079170786872,0.051767788675343873,0.019227356445711902
10000,0,multi,gaussian_matched,0.050000000000000003,946,26,0.02,7.7658799070424411,5-<10%,True,False,1,0.051738078030210966,0.48952000159569964,0.14601186647634817,0.096582135360667232,1.1956342090371428,1.1400497046580944,1.13802244988227,0.998221783868246,,1.0325938952827201,False,False,False,,-1,,,False,1,0.022008553869728158,0.027261364944431942,0.051738078030210966,0.018551808820214413
10000,0,multi,gaussian_matched,0.050000000000000003,946,26,0.050000000000000003,7.7658799070424411,5-<10%,True,False,3,0.051738078030210966,0.48952000159569964,0.14601186647634817,0.096582135360667232,1.1956342090371428,1.1400497046580944,1.13802244988227,0.998221783868246,,1.0325938952827201,False,False,False,,-1,,,False,1,0.022008553869728158,0.027261364944431942,0.051738078030210966,0.018551808820214413
10000,0,multi,gaussian_matched,0.050000000000000003,946,27,0.02,7.7658799070424411,5-<10%,True,False,2,0.33498337782182314,0.42187518532425017,0.11055824554932919,0.098847295219106041,1.1956342090371428,1.2140057222505343,1.1732845292716148,0.96645716553672401,,1.063980785156007,False,False,False,,-1,,,False,1,0.12077018271257323,0.33498337782182314,0.0026400118677256403,0.00030221423748720192
10000,0,multi,gaussian_matched,0.050000000000000003,946,27,0.050000000000000003,7.7658799070424411,5-<10%,True,False,2,0.33498337782182314,0.42187518532425017,0.11055824554932919,0.098847295219106041,1.1956342090371428,1.2140057222505343,1.1732845292716148,0.96645716553672401,,1.063980785156007,False,False,False,,-1,,,False,1,0.12077018271257323,0.33498337782182314,0.0026400118677256403,0.00030221423748720192
10000,0,multi,gaussian_matched,0.050000000000000003,946,28,0.02,7.7658799070424411,5-<10%,True,True,4,0.015639428830252478,0.5292858335252113,0.059419562966642352,0.030763423277472394,1.1956342090371428,1.1685739724561093,1.1830457858842587,1.0123841654608587,0.99806973598171844,1.0152011375947707,True,True,False,2>1>3>4,6,0,0,True,1,0.013019580214157141,0.002515398143572246,0.015639428830252478,0.0071975394285248703
10000,0,multi,gaussian_matched,0.050000000000000003,946,28,0.050000000000000003,7.7658799070424411,5-<10%,True,True,4,0.015639428830252478,0.5292858335252113,0.059419562966642352,0.030763423277472394,1.1956342090371428,1.1685739724561093,1.1830457858842587,1.0123841654608587,0.97187278728934523,1.0152011375947707,True,True,False,2>1>3>4,6,0,0,True,1,0.013019580214157141,0.002515398143572246,0.015639428830252478,0.0071975394285248703
10000,0,multi,gaussian_matched,0.050000000000000003,946,29,0.02,7.7658799070424411,5-<10%,True,True,4,0.0064036511683449489,0.56785555021554601,0.0097890143817237762,0.078875211945500998,1.1956342090371428,1.1820768708059448,1.2043320955876651,1.0188272229424018,1.0069650552886824,1.073244055610074,True,True,False,2>1>3>4,6,0,0,True,1,0.0017897471515332859,0.0044921932461647772,0.0041002482862978985,0.0064036511683449489
10000,0,multi,gaussian_matched,0.050000000000000003,946,29,0.050000000000000003,7.7658799070424411,5-<10%,True,True,4,0.0064036511683449489,0.56785555021554601,0.0097890143817237762,0.078875211945500998,1.1956342090371428,1.1820768708059448,1.2043320955876651,1.0188272229424018,0.98152589033960491,1.073244055610074,True,True,False,2>1>3>4,6,0,0,True,1,0.0017897471515332859,0.0044921932461647772,0.0041002482862978985,0.0064036511683449489
10000,0,multi,gaussian_matched,0.050000000000000003,946,30,0.02,7.7658799070424411,5-<10%,True,False,3,0.035771448078528188,0.45103300781740796,-0.020368546347610886,0.085729216947817113,1.1956342090371428,1.2803015629181387,1.2379679182479384,0.96693463017126136,,1.1071087839329583,False,False,False,,-1,,,False,1,0.019313068575860931,0.035771448078528188,0.0044893134252221223,0.0028485522319290839
10000,0,multi,gaussian_matched,0.050000000000000003,946,30,0.050000000000000003,7.7658799070424411,5-<10%,True,True,4,0.035771448078528188,0.45103300781740796,-0.020368546347610886,0.085729216947817113,1.1956342090371428,1.2803015629181387,1.2379679182479384,0.96693463017126136,0.92687147959597405,1.1071087839329583,True,True,False,2>1>3>4,6,0,0,True,1,0.019313068575860931,0.035771448078528188,0.0044893134252221223,0.0028485522319290839
10000,0,multi,gaussian_matched,0.050000000000000003,946,31,0.02,7.7658799070424411,5-<10%,True,False,3,0.025125327953871478,0.49761881523863416,-0.031635118653461525,0.081669839221297003,1.1956342090371428,1.2579767078932078,1.2378128363856966,0.98397118851168508,,1.1035839102241709,False,False,False,,-1,,,False,1,0.009757928018008068,0.025125327953871478,0.0065773023358794147,0.0032801312234773342
10000,0,multi,gaussian_matched,0.050000000000000003,946,31,0.050000000000000003,7.7658799070424411,5-<10%,True,True,4,0.025125327953871478,0.49761881523863416,-0.031635118653461525,0.081669839221297003,1.1956342090371428,1.2579767078932078,1.2378128363856966,0.98397118851168508,0.94641138535101121,1.1035839102241709,True,True,False,2>1>3>4,6,0,0,True,1,0.009757928018008068,0.025125327953871478,0.0065773023358794147,0.0032801312234773342
10000,0,multi,gaussian_matched,0.050000000000000003,947,0,0.02,3.0640081609222749,1-<5%,True,False,1,0.26813971137923842,0.42145137591824211,0.13619698418328388,0.11661820795840848,1.0379314046096006,0.99721589582764814,0.85458485548782337,0.85697075133219081,,0.93571025901420968,False,False,False,,-1,,,False,2,0.021280249347395652,0.26813971137923842,0.076995002866905693,0.0031189884272204878
10000,0,multi,gaussian_matched,0.050000000000000003,947,0,0.050000000000000003,3.0640081609222749,1-<5%,True,False,2,0.26813971137923842,0.42145137591824211,0.13619698418328388,0.11661820795840848,1.0379314046096006,0.99721589582764814,0.85458485548782337,0.85697075133219081,,0.93571025901420968,False,False,False,,-1,,,False,2,0.021280249347395652,0.26813971137923842,0.076995002866905693,0.0031189884272204878
10000,0,multi,gaussian_matched,0.050000000000000003,947,1,0.02,3.0640081609222749,1-<5%,True,False,1,0.21982772521672039,0.54475937953930653,0.024787633045149651,0.051371835709946377,1.0379314046096006,1.0546581095518672,0.92154571709055166,0.8737862144559092,,0.93736209202229859,False,False,False,,-1,,,False,2,0.21982772521672039,0.010348431074185836,0.035805075613506272,0.11205211188420043
10000,0,multi,gaussian_matched,0.050000000000000003,947,1,0.050000000000000003,3.0640081609222749,1-<5%,True,False,2,0.21982772521672039,0.54475937953930653,0.024787633045149651,0.051371835709946377,1.0379314046096006,1.0546581095518672,0.92154571709055166,0.8737862144559092,,0.93736209202229859,False,False,False,,-1,,,False,2,0.21982772521672039,0.010348431074185836,0.035805075613506272,0.11205211188420043
10000,0,multi,gaussian_matched,0.050000000000000003,947,2,0.02,3.0640081609222749,1-<5%,True,False,2,0.19058442139408452,0.53244545567002954,0.080454718697359026,0.044499409935089267,1.0379314046096006,1.0010998205405901,0.93159363488346059,0.930570174690875,,0.94042153506829274,False,False,False,,-1,,,False,2,0.19058442139408452,0.0075594873131381909,0.014043037537665589,0.072815455640758947
10000,0,multi,gaussian_matched,0.050000000000000003,947,2,0.050000000000000003,3.0640081609222749,1-<5%,True,False,2,0.19058442139408452,0.53244545567002954,0.080454718697359026,0.044499409935089267,1.0379314046096006,1.0010998205405901,0.93159363488346059,0.930570174690875,,0.94042153506829274,False,False,False,,-1,,,False,2,0.19058442139408452,0.0075594873131381909,0.014043037537665589,0.072815455640758947
10000,0,multi,gaussian_matched,0.050000000000000003,947,3,0.02,3.0640081609222749,1-<5%,True,False,3,0.10455461821014733,0.485886865601941,0.079870110820853255,0.033036405418685168,1.0379314046096006,1.0137847969051381,0.88824722465784545,0.87616940732339721,,0.88761514102471439,False,False,False,,-1,,,False,2,0.012299546687611808,0.10455461821014733,0.010414336668112282,0.010910384283843316
10000,0,multi,gaussian_matched,0.050000000000000003,947,3,0.050000000000000003,3.0640081609222749,1-<5%,True,False,3,0.10455461821014733,0.485886865601941,0.079870110820853255,0.033036405418685168,1.0379314046096006,1.0137847969051381,0.88824722465784545,0.87616940732339721,,0.88761514102471439,False,False,False,,-1,,,False,2,0.012299546687611808,0.10455461821014733,0.010414336668112282,0.010910384283843316
10000,0,multi,gaussian_matched,0.050000000000000003,947,4,0.02,3.0640081609222749,1-<5%,True,False,2,0.030968338347057804,0.45409797733339297,0.018684555681012655,0.055566651309767651,1.0379314046096006,1.0823078077600243,1.0227220519290361,0.9449456472513964,,1.0388824333187825,False,False,False,,-1,,,False,2,0.0013171786113383346,0.0063064180345151575,0.030968338347057804,0.022022614674758693
10000,0,multi,gaussian_matched,0.050000000000000003,947,4,0.050000000000000003,3.0640081609222749,1-<5%,True,True,4,0.030968338347057804,0.45409797733339297,0.018684555681012655,0.055566651309767651,1.0379314046096006,1.0823078077600243,1.0227220519290361,0.9449456472513964,0.90403015163677325,1.0388824333187825,True,True,False,3>1>4>2,13,0,0,True,2,0.0013171786113383346,0.0063064180345151575,0.030968338347057804,0.022022614674758693
10000,0,multi,gaussian_matched,0.050000000000000003,947,5,0.02,3.0640081609222749,1-<5%,True,False,1,0.27243256958287698,0.65247621486163676,0.059545681047690278,0.15277472344990925,1.0379314046096006,1.0304674941542682,0.94819316928348352,0.92015825308656696,,1.0607328074320115,False,False,False,,-1,,,False,2,0.27243256958287698,0.016781377964158271,0.12153687019057154,0.053595645385804622
10000,0,multi,gaussian_matched,0.050000000000000003,947,5,0.050000000000000003,3.0640081609222749,1-<5%,True,False,1,0.27243256958287698,0.65247621486163676,0.059545681047690278,0.15277472344990925,1.0379314046096006,1.0304674941542682,0.94819316928348352,0.92015825308656696,,1.0607328074320115,False,False,False,,-1,,,False,2,0.27243256958287698,0.016781377964158271,0.12153687019057154,0.053595645385804622
10000,0,multi,gaussian_matched,0.050000000000000003,947,6,0.02,3.0640081609222749,1-<5%,True,False,1,0.16071708521050426,0.48605273757579132,0.14754809303487776,0.09854012677011792,1.0379314046096006,0.95166178227339238,0.92630262738475277,0.97335276527753378,,0.98738967681621204,False,False,False,,-1,,,False,2,0.02444441145065622,0.16071708521050426,0.022419750045378332,0.0039839485402092586
10000,0,multi,gaussian_matched,0.050000000000000003,947,6,0.050000000000000003,3.0640081609222749,1-<5%,True,False,3,0.16071708521050426,0.48605273757579132,0.14754809303487776,0.09854012677011792,1.0379314046096006,0.95166178227339238,0.92630262738475277,0.97335276527753378,,0.98738967681621204,False,False,False,,-1,,,False,2,0.02444441145065622,0.16071708521050426,0.022419750045378332,0.0039839485402092586
10000,0,multi,gaussian_matched,0.050000000000000003,947,7,0.02,3.0640081609222749,1-<5%,True,False,1,0.25160268650028117,0.56890276449060928,-0.0010248642654167722,0.0857387177869635,1.0379314046096006,1.0791168594689429,0.93659233842100964,0.8679248500314668,,0.98496976935822134,False,False,False,,-1,,,False,2,0.25160268650028117,0.00129780107094664,0.067257682022929352,0.10910804710827121
10000,0,multi,gaussian_matched,0.050000000000000003,947,7,0.050000000000000003,3.0640081609222749,1-<5%,True,False,1,0.25160268650028117,0.56890276449060928,-0.0010248642654167722,0.0857387177869635,1.0379314046096006,1.0791168594689429,0.93659233842100964,0.8679248500314668,,0.98496976935822134,False,False,False,,-1,,,False,2,0.25160268650028117,0.00129780107094664,0.067257682022929352,0.10910804710827121
10000,0,multi,gaussian_matched,0.050000000000000003,947,8,0.02,3.0640081609222749,1-<5%,True,False,2,0.18891049225692561,0.50209096682396237,0.055453356624494424,0.0058404829194877769,1.0379314046096006,1.032119617696849,0.91952302398571684,0.89090741830642761,,0.89154591796291549,False,False,False,,-1,,,False,2,0.083289712853547332,0.0047781618966371738,0.0014133562560177291,0.18891049225692561
10000,0,multi,gaussian_matched,0.050000000000000003,947,8,0.050000000000000003,3.0640081609222749,1-<5%,True,False,2,0.18891049225692561,0.50209096682396237,0.055453356624494424,0.0058404829194877769,1.0379314046096006,1.032119617696849,0.91952302398571684,0.89090741830642761,,0.89154591796291549,False,False,False,,-1,,,False,2,0.083289712853547332,0.0047781618966371738,0.0014133562560177291,0.18891049225692561
10000,0,multi,gaussian_matched,0.050000000000000003,947,9,0.02,3.0640081609222749,1-<5%,True,False,2,0.15531928610911142,0.49217961016311074,0.119141136551166,0.069582003857232386,1.0379314046096006,0.97490162700645988,0.9449004905325934,0.96922649871250277,,0.97740803475486449,False,False,False,,-1,,,False,2,0.021028928471805302,0.15531928610911142,0.013457963576908243,0.0028323924424248454
10000,0,multi,gaussian_matched,0.050000000000000003,947,9,0.050000000000000003,3.0640081609222749,1-<5%,True,False,3,0.15531928610911142,0.49217961016311074,0.119141136551166,0.069582003857232386,1.0379314046096006,0.97490162700645988,0.9449004905325934,0.96922649871250277,,0.97740803475486449,False,False,False,,-1,,,False,2,0.021028928471805302,0.15531928610911142,0.013457963576908243,0.0028323924424248454
10000,0,multi,gaussian_matched,0.050000000000000003,947,10,0.02,3.0640081609222749,1-<5%,True,False,3,0.025970911535164114,0.49695488578247876,0.077054402252937998,0.027225234652093019,1.0379314046096006,1.0128524085890773,0.96422645427473275,0.95199107599291644,,0.95521889454702702,False,False,False,,-1,,,False,2,0.025970911535164114,0.009133777751258931,0.0042742519344495427,0.017603676912073412
10000,0,multi,gaussian_matched,0.050000000000000003,947,10,0.050000000000000003,3.0640081609222749,1-<5%,True,True,4,0.025970911535164114,0.49695488578247876,0.077054402252937998,0.027225234652093019,1.0379314046096006,1.0128524085890773,0.96422645427473275,0.95199107599291644,0.90537021183666511,0.95521889454702702,True,True,False,3>1>4>2,13,0,0,True,2,0.025970911535164114,0.009133777751258931,0.0042742519344495427,0.017603676912073412
10000,0,multi,gaussian_matched,0.050000000000000003,947,11,0.02,3.0640081609222749,1-<5%,True,False,2,0.19917242881763994,0.51369125968938667,0.026716739608310183,0.02701038330622978,1.0379314046096006,1.0573922643978295,0.96025528147379158,0.90813533804377122,,0.95118584946503637,False,False,False,,-1,,,False,2,0.19917242881763994,0.0016686975633301629,0.01471215216826703,0.15512243169234669
10000,0,multi,gaussian_matched,0.050000000000000003,947,11,0.050000000000000003,3.0640081609222749,1-<5%,True,False,2,0.19917242881763994,0.51369125968938667,0.026716739608310183,0.02701038330622978,1.0379314046096006,1.0573922643978295,0.96025528147379158,0.90813533804377122,,0.95118584946503637,False,False,False,,-1,,,False,2,0.19917242881763994,0.0016686975633301629,0.01471215216826703,0.15512243169234669
10000,0,multi,gaussian_matched,0.050000000000000003,947,12,0.02,3.0640081609222749,1-<5%,True,False,2,0.15669585338622743,0.43931809494441582,0.073756088574193565,0.065166289947486369,1.0379314046096006,1.0387741028551998,0.97821219344444621,0.94169867226734705,,1.005248014231134,False,False,False,,-1,,,False,2,0.0028196409578272455,0.15669585338622743,0.047157286454081841,0.0074689036227840021
10000,0,multi,gaussian_matched,0.050000000000000003,947,12,0.050000000000000003,3.0640081609222749,1-<5%,True,False,3,0.15669585338622743,0.43931809494441582,0.073756088574193565,0.065166289947486369,1.0379314046096006,1.0387741028551998,0.97821219344444621,0.94169867226734705,,1.005248014231134,False,False,False,,-1,,,False,2,0.0028196409578272455,0.15669585338622743,0.047157286454081841,0.0074689036227840021
10000,0,multi,gaussian_matched,0.050000000000000003,947,13,0.02,3.0640081609222749,1-<5%,True,False,2,0.1559655964355372,0.49270063100621092,0.12384647101892129,0.074206347906738218,1.0379314046096006,0.97035492216851871,0.94183771217838608,0.97061156764536916,,0.97891253272878009,False,False,False,,-1,,,False,2,0.0221360064470153,0.1559655964355372,0.014061523495570445,0.0018988812597454977
10000,0,multi,gaussian_matched,0.050000000000000003,947,13,0.050000000000000003,3.0640081609222749,1-<5%,True,False,3,0.1559655964355372,0.49270063100621092,0.12384647101892129,0.074206347906738218,1.0379314046096006,0.97035492216851871,0.94183771217838608,0.97061156764536916,,0.97891253272878009,False,False,False,,-1,,,False,2,0.0221360064470153,0.1559655964355372,0.014061523495570445,0.0018988812597454977
10000,0,multi,gaussian_matched,0.050000000000000003,947,14,0.02,3.0640081609222749,1-<5%,True,False,3,0.12701985220583023,0.47471274041451134,0.069013561600272069,0.031637968045865855,1.0379314046096006,1.0279228092279253,0.89315065077352718,0.86888883363175318,,0.89099203927376658,False,False,False,,-1,,,False,2,0.0051757526309538556,0.12701985220583023,0.01544987276984165,0.012256433520863932
10000,0,multi,gaussian_matched,0.050000000000000003,947,14,0.050000000000000003,3.0640081609222749,1-<5%,True,False,3,0.12701985220583023,0.47471274041451134,0.069013561600272069,0.031637968045865855,1.0379314046096006,1.0279228092279253,0.89315065077352718,0.86888883363175318,,0.89099203927376658,False,False,False,,-1,,,False,2,0.0051757526309538556,0.12701985220583023,0.01544987276984165,0.012256433520863932
10000,0,multi,gaussian_matched,0.050000000000000003,947,15,0.02,3.0640081609222749,1-<5%,True,False,2,0.19646513844073435,0.49862223419095825,0.027909520406482344,0.022133402975958859,1.0379314046096006,1.059632344225514,0.93590137609924318,0.88323217123321596,,0.92302321215104743,False,False,False,,-1,,,False,2,0.11360692856869171,0.001044769175679496,0.0027379657430739277,0.19646513844073435
10000,0,multi,gaussian_matched,0.050000000000000003,947,15,0.050000000000000003,3.0640081609222749,1-<5%,True,False,2,0.19646513844073435,0.49862223419095825,0.027909520406482344,0.022133402975958859,1.0379314046096006,1.059632344225514,0.93590137609924318,0.88323217123321596,,0.92302321215104743,False,False,False,,-1,,,False,2,0.11360692856869171,0.001044769175679496,0.0027379657430739277,0.19646513844073435
10000,0,multi,gaussian_matched,0.050000000000000003,947,16,0.02,3.0640081609222749,1-<5%,True,False,2,0.19373804156451571,0.51725053238350394,0.046757625803191136,0.017552602597519548,1.0379314046096006,1.0370455828994787,0.89374805983127037,0.86182138429483268,,0.87799700286702409,False,False,False,,-1,,,False,2,0.19373804156451571,0.0031586033642297257,0.011535714575968322,0.15378677913214131
10000,0,multi,gaussian_matched,0.050000000000000003,947,16,0.050000000000000003,3.0640081609222749,1-<5%,True,False,2,0.19373804156451571,0.51725053238350394,0.046757625803191136,0.017552602597519548,1.0379314046096006,1.0370455828994787,0.89374805983127037,0.86182138429483268,,0.87799700286702409,False,False,False,,-1,,,False,2,0.19373804156451571,0.0031586033642297257,0.011535714575968322,0.15378677913214131
10000,0,multi,gaussian_matched,0.050000000000000003,947,17,0.02,3.0640081609222749,1-<5%,True,False,2,0.032143705264145769,0.488119039384318,0.035670314933030398,0.018614432552992811,1.0379314046096006,1.0549958662866485,0.98236452503715799,0.93115485702788892,,0.96439798732812332,False,False,False,,-1,,,False,2,0.029768920535262252,0.0061062095573005647,0.0043745033060113283,0.032143705264145769
10000,0,multi,gaussian_matched,0.050000000000000003,947,17,0.050000000000000003,3.0640081609222749,1-<5%,True,True,4,0.032143705264145769,0.488119039384318,0.035670314933030398,0.018614432552992811,1.0379314046096006,1.0549958662866485,0.98236452503715799,0.93115485702788892,0.88281756189336036,0.96439798732812332,True,True,False,3>1>4>2,13,0,0,True,2,0.029768920535262252,0.0061062095573005647,0.0043745033060113283,0.032143705264145769
10000,0,multi,gaussian_matched,0.050000000000000003,947,18,0.02,3.0640081609222749,1-<5%,True,False,2,0.15719905947721594,0.43207339318404703,0.067328881900179299,0.07010216873563492,1.0379314046096006,1.0479190162900867,0.98066918355052657,0.93582535320559168,,1.0123707092969119,False,False,False,,-1,,,False,2,0.0046931317685419598,0.15719905947721594,0.055290703019439086,0.0069570370773908968
10000,0,multi,gaussian_matched,0.050000000000000003,947,18,0.050000000000000003,3.0640081609222749,1-<5%,True,False,2,0.15719905947721594,0.43207339318404703,0.067328881900179299,0.07010216873563492,1.0379314046096006,1.0479190162900867,0.98066918355052657,0.93582535320559168,,1.0123707092969119,False,False,False,,-1,,,False,2,0.0046931317685419598,0.15719905947721594,0.055290703019439086,0.0069570370773908968
10000,0,multi,gaussian_matched,0.050000000000000003,947,19,0.02,3.0640081609222749,1-<5%,True,False,0,0.23752621024388276,0.46338428063168152,-0.056966322505494757,0.11305974108943009,1.0379314046096006,1.1508379982092041,0.93754693210401219,0.81466456057491166,,1.0122120484335948,False,False,False,,-1,,,False,2,0.033716881830523432,0.23752621024388276,0.036036931951448671,0.18370458817655622
10000,0,multi,gaussian_matched,0.050000000000000003,947,19,0.050000000000000003,3.0640081609222749,1-<5%,True,False,2,0.23752621024388276,0.46338428063168152,-0.056966322505494757,0.11305974108943009,1.0379314046096006,1.1508379982092041,0.93754693210401219,0.81466456057491166,,1.0122120484335948,False,False,False,,-1,,,False,2,0.033716881830523432,0.23752621024388276,0.036036931951448671,0.18370458817655622
10000,0,multi,gaussian_matched,0.050000000000000003,947,20,0.02,3.0640081609222749,1-<5%,True,False,2,0.15178605954539715,0.4375762235409677,0.037334544403916613,0.06369569555993243,1.0379314046096006,1.0719247412081729,0.90836005831921085,0.8474102923451442,,0.9365317877097713,False,False,False,,-1,,,False,2,0.0059696222647392773,0.15178605954539715,0.046661513676985157,0.016145548001502922
10000,0,multi,gaussian_matched,0.050000000000000003,947,20,0.050000000000000003,3.0640081609222749,1-<5%,True,False,3,0.15178605954539715,0.4375762235409677,0.037334544403916613,0.06369569555993243,1.0379314046096006,1.0719247412081729,0.90836005831921085,0.8474102923451442,,0.9365317877097713,False,False,False,,-1,,,False,2,0.0059696222647392773,0.15178605954539715,0.046661513676985157,0.016145548001502922
10000,0,multi,gaussian_matched,0.050000000000000003,947,21,0.02,3.0640081609222749,1-<5%,True,False,2,0.26799287741844802,0.39879644046852325,0.092267050595434316,0.10967526625396522,1.0379314046096006,1.0456265063227708,0.87008137377847394,0.83211487899092296,,0.94395124348410775,False,False,False,,-1,,,False,2,0.0061684702113300946,0.26799287741844802,0.11306386839690753,0.00026926697384517149
10000,0,multi,gaussian_matched,0.050000000000000003,947,21,0.050000000000000003,3.0640081609222749,1-<5%,True,False,2,0.26799287741844802,0.39879644046852325,0.092267050595434316,0.10967526625396522,1.0379314046096006,1.0456265063227708,0.87008137377847394,0.83211487899092296,,0.94395124348410775,False,False,False,,-1,,,False,2,0.0061684702113300946,0.26799287741844802,0.11306386839690753,0.00026926697384517149
10000,0,multi,gaussian_matched,0.050000000000000003,947,22,0.02,3.0640081609222749,1-<5%,True,False,2,0.20098247385108806,0.48945802842476399,-0.0096557200830525575,0.060580014058438485,1.0379314046096006,1.0982961024585369,0.96592671122047091,0.87947750070153485,,0.98899283779260105,False,False,False,,-1,,,False,2,0.11212478825967555,0.00024568579344990391,0.0013528784138668868,0.20098247385108806
10000,0,multi,gaussian_matched,0.050000000000000003,947,22,0.050000000000000003,3.0640081609222749,1-<5%,True,False,2,0.20098247385108806,0.48945802842476399,-0.0096557200830525575,0.060580014058438485,1.0379314046096006,1.0982961024585369,0.96592671122047091,0.87947750070153485,,0.98899283779260105,False,False,False,,-1,,,False,2,0.11212478825967555,0.00024568579344990391,0.0013528784138668868,0.20098247385108806
10000,0,multi,gaussian_matched,0.050000000000000003,947,23,0.02,3.0640081609222749,1-<5%,True,False,2,0.15631744799239949,0.41768065238292312,0.037678538621480198,0.083236370671741181,1.0379314046096006,1.0808186815647494,0.99480248114181258,0.92041569794259359,,1.0386417127623562,False,False,False,,-1,,,False,2,0.012134131594946468,0.15631744799239949,0.074340335075536251,0.0070662502971546122
10000,0,multi,gaussian_matched,0.050000000000000003,947,23,0.050000000000000003,3.0640081609222749,1-<5%,True,False,2,0.15631744799239949,0.41768065238292312,0.037678538621480198,0.083236370671741181,1.0379314046096006,1.0808186815647494,0.99480248114181258,0.92041569794259359,,1.0386417127623562,False,False,False,,-1,,,False,2,0.012134131594946468,0.15631744799239949,0.074340335075536251,0.0070662502971546122
10000,0,multi,gaussian_matched,0.050000000000000003,947,24,0.02,3.0640081609222749,1-<5%,True,False,2,0.15551315370462657,0.44214379818474392,0.067538864875849217,0.060456197942154268,1.0379314046096006,1.0429071995657682,0.98292424258717459,0.94248485675085136,,1.005249899844564,False,False,False,,-1,,,False,2,0.0041122985376060963,0.15551315370462657,0.04338575876769938,0.0086508883400765926
10000,0,multi,gaussian_matched,0.050000000000000003,947,24,0.050000000000000003,3.0640081609222749,1-<5%,True,False,3,0.15551315370462657,0.44214379818474392,0.067538864875849217,0.060456197942154268,1.0379314046096006,1.0429071995657682,0.98292424258717459,0.94248485675085136,,1.005249899844564,False,False,False,,-1,,,False,2,0.0041122985376060963,0.15551315370462657,0.04338575876769938,0.0086508883400765926
10000,0,multi,gaussian_matched,0.050000000000000003,947,25,0.02,3.0640081609222749,1-<5%,True,False,2,0.20007035037712698,0.49087706803127329,-0.00080601596443343609,0.051618593025035867,1.0379314046096006,1.0893725405454966,0.96495459504889691,0.8857893504142319,,0.97942232363255133,False,False,False,,-1,,,False,2,0.10670820606123627,0.00054899909595069584,2.6924819750683751e-05,0.20007035037712698
10000,0,multi,gaussian_matched,0.050000000000000003,947,25,0.050000000000000003,3.0640081609222749,1-<5%,True,False,2,0.20007035037712698,0.49087706803127329,-0.00080601596443343609,0.051618593025035867,1.0379314046096006,1.0893725405454966,0.96495459504889691,0.8857893504142319,,0.97942232363255133,False,False,False,,-1,,,False,2,0.10670820606123627,0.00054899909595069584,2.6924819750683751e-05,0.20007035037712698
10000,0,multi,gaussian_matched,0.050000000000000003,947,26,0.02,3.0640081609222749,1-<5%,True,False,2,0.15849316777998276,0.46322981490667681,0.1176304541501961,0.076980028840985912,1.0379314046096006,0.98880755831003431,0.94992905869920918,0.96068142958244351,,0.98938049564696295,False,False,False,,-1,,,False,2,0.010974453328798674,0.15849316777998276,0.030545292407781643,0.001065692268184657
10000,0,multi,gaussian_matched,0.050000000000000003,947,26,0.050000000000000003,3.0640081609222749,1-<5%,True,False,3,0.15849316777998276,0.46322981490667681,0.1176304541501961,0.076980028840985912,1.0379314046096006,0.98880755831003431,0.94992905869920918,0.96068142958244351,,0.98938049564696295,False,False,False,,-1,,,False,2,0.010974453328798674,0.15849316777998276,0.030545292407781643,0.001065692268184657
10000,0,multi,gaussian_matched,0.050000000000000003,947,27,0.02,3.0640081609222749,1-<5%,True,False,2,0.15243481015420349,0.42567511542777858,0.02576109010663688,0.078177447000350508,1.0379314046096006,1.0875838863780207,0.91192830291689042,0.83849008277778381,,0.95392214313974977,False,False,False,,-1,,,False,2,0.0069894091557366209,0.15243481015420349,0.061109957857369099,0.01754250500601192
10000,0,multi,gaussian_matched,0.050000000000000003,947,27,0.050000000000000003,3.0640081609222749,1-<5%,True,False,2,0.15243481015420349,0.42567511542777858,0.02576109010663688,0.078177447000350508,1.0379314046096006,1.0875838863780207,0.91192830291689042,0.83849008277778381,,0.95392214313974977,False,False,False,,-1,,,False,2,0.0069894091557366209,0.15243481015420349,0.061109957857369099,0.01754250500601192
10000,0,multi,gaussian_matched,0.050000000000000003,947,28,0.02,3.0640081609222749,1-<5%,True,False,2,0.17885497899619743,0.50963208261794424,0.062156102164991768,0.015509604617933399,1.0379314046096006,1.0237287602228595,0.91622240034743019,0.89498550392193155,,0.8976816780255511,False,False,False,,-1,,,False,2,0.17885497899619743,0.00056329052423091544,0.0044078443335445489,0.16248399847551498
10000,0,multi,gaussian_matched,0.050000000000000003,947,28,0.050000000000000003,3.0640081609222749,1-<5%,True,False,2,0.17885497899619743,0.50963208261794424,0.062156102164991768,0.015509604617933399,1.0379314046096006,1.0237287602228595,0.91622240034743019,0.89498550392193155,,0.8976816780255511,False,False,False,,-1,,,False,2,0.17885497899619743,0.00056329052423091544,0.0044078443335445489,0.16248399847551498
10000,0,multi,gaussian_matched,0.050000000000000003,947,29,0.02,3.0640081609222749,1-<5%,True,False,1,0.10721811690321269,0.43290137353346358,0.019666851139331233,0.073636442020912934,1.0379314046096006,1.0898781445249202,0.92884547749220669,0.85224709033604129,,0.96584602321594193,False,False,False,,-1,,,False,2,0.0039490305421904948,0.10721811690321269,0.052024634654046206,0.020075491769804943
10000,0,multi,gaussian_matched,0.050000000000000003,947,29,0.050000000000000003,3.0640081609222749,1-<5%,True,False,2,0.10721811690321269,0.43290137353346358,0.019666851139331233,0.073636442020912934,1.0379314046096006,1.0898781445249202,0.92884547749220669,0.85224709033604129,,0.96584602321594193,False,False,False,,-1,,,False,2,0.0039490305421904948,0.10721811690321269,0.052024634654046206,0.020075491769804943
10000,0,multi,gaussian_matched,0.050000000000000003,947,30,0.02,3.0640081609222749,1-<5%,True,False,2,0.18240339665329888,0.52340818984093462,0.08780759201381666,0.044467486611145988,1.0379314046096006,0.99561183579686041,0.84026615397798099,0.84396963130259994,,0.85240087799627151,False,False,False,,-1,,,False,2,0.18240339665329888,0.007740315523563808,0.0078976680307556064,0.12609952225556786
10000,0,multi,gaussian_matched,0.050000000000000003,947,30,0.050000000000000003,3.0640081609222749,1-<5%,True,False,2,0.18240339665329888,0.52340818984093462,0.08780759201381666,0.044467486611145988,1.0379314046096006,0.99561183579686041,0.84026615397798099,0.84396963130259994,,0.85240087799627151,False,False,False,,-1,,,False,2,0.18240339665329888,0.007740315523563808,0.0078976680307556064,0.12609952225556786
10000,0,multi,gaussian_matched,0.050000000000000003,947,31,0.02,3.0640081609222749,1-<5%,True,False,2,0.14165934273264705,0.46328405459739164,0.059416675611432657,0.037904279789731772,1.0379314046096006,1.0411543420678511,0.89986142575976724,0.86429205488644456,,0.90349487585089772,False,False,False,,-1,,,False,2,0.00017692958330998488,0.14165934273264705,0.022705638433515331,0.013604853186727831
10000,0,multi,gaussian_matched,0.050000000000000003,947,31,0.050000000000000003,3.0640081609222749,1-<5%,True,False,3,0.14165934273264705,0.46328405459739164,0.059416675611432657,0.037904279789731772,1.0379314046096006,1.0411543420678511,0.89986142575976724,0.86429205488644456,,0.90349487585089772,False,False,False,,-1,,,False,2,0.00017692958330998488,0.14165934273264705,0.022705638433515331,0.013604853186727831
10000,0,multi,gaussian_matched,0.050000000000000003,948,0,0.02,14.729586171078617,>=10%,True,False,1,0.073602535568720512,0.42018413005762734,-0.0048790118870978422,0.096862165164536634,1.3082874099283104,1.4043511325871525,1.3247862960838162,0.9433440578662412,,1.0866484309638462,False,False,False,,-1,,,False,1,0.01125509545762563,0.073602535568720512,0.034636489526221781,0.03601678093045025
10000,0,multi,gaussian_matched,0.050000000000000003,948,0,0.050000000000000003,14.729586171078617,>=10%,True,False,3,0.073602535568720512,0.42018413005762734,-0.0048790118870978422,0.096862165164536634,1.3082874099283104,1.4043511325871525,1.3247862960838162,0.9433440578662412,,1.0866484309638462,False,False,False,,-1,,,False,1,0.01125509545762563,0.073602535568720512,0.034636489526221781,0.03601678093045025
10000,0,multi,gaussian_matched,0.050000000000000003,948,1,0.02,14.729586171078617,>=10%,True,False,3,0.052231763004428514,0.5343206613496676,0.038912144403496551,0.036067275156400166,1.3082874099283104,1.2832881455417593,1.2605302079409375,0.98226591768973737,,0.99106471044339317,False,False,False,,-1,,,False,1,0.0099647823009412183,0.052231763004428514,0.0076733177819622404,0.004551090219268924
10000,0,multi,gaussian_matched,0.050000000000000003,948,1,0.050000000000000003,14.729586171078617,>=10%,True,False,3,0.052231763004428514,0.5343206613496676,0.038912144403496551,0.036067275156400166,1.3082874099283104,1.2832881455417593,1.2605302079409375,0.98226591768973737,,0.99106471044339317,False,False,False,,-1,,,False,1,0.0099647823009412183,0.052231763004428514,0.0076733177819622404,0.004551090219268924
10000,0,multi,gaussian_matched,0.050000000000000003,948,2,0.02,14.729586171078617,>=10%,True,False,3,0.050392509435902323,0.47391522748030274,0.052811099339521231,0.02623580829517189,1.3082874099283104,1.3306654381199219,1.2749965709784119,0.95816464037710058,,0.9946074305988214,False,False,False,,-1,,,False,1,0.0064022583221345691,0.050392509435902323,0.01853372538172186,0.013359188649894313
10000,0,multi,gaussian_matched,0.050000000000000003,948,2,0.050000000000000003,14.729586171078617,>=10%,True,False,3,0.050392509435902323,0.47391522748030274,0.052811099339521231,0.02623580829517189,1.3082874099283104,1.3306654381199219,1.2749965709784119,0.95816464037710058,,0.9946074305988214,False,False,False,,-1,,,False,1,0.0064022583221345691,0.050392509435902323,0.01853372538172186,0.013359188649894313
10000,0,multi,gaussian_matched,0.050000000000000003,948,3,0.02,14.729586171078617,>=10%,True,False,3,0.050358358462572202,0.52252742271689556,0.043034743251139616,0.023579643250974926,1.3082874099283104,1.2915259604003759,1.2623769864625174,0.97743059386214559,,0.9829312886103202,False,False,False,,-1,,,False,1,0.0089105368114509864,0.050358358462572202,0.0021697210943008344,0.0017583659424899793
10000,0,multi,gaussian_matched,0.050000000000000003,948,3,0.050000000000000003,14.729586171078617,>=10%,True,False,3,0.050358358462572202,0.52252742271689556,0.043034743251139616,0.023579643250974926,1.3082874099283104,1.2915259604003759,1.2623769864625174,0.97743059386214559,,0.9829312886103202,False,False,False,,-1,,,False,1,0.0089105368114509864,0.050358358462572202,0.0021697210943008344,0.0017583659424899793
10000,0,multi,gaussian_matched,0.050000000000000003,948,4,0.02,14.729586171078617,>=10%,True,False,3,0.054323382088619414,0.48331864512370276,0.040851583925912774,0.019025275745007831,1.3082874099283104,1.3272961624231407,1.2768030149322067,0.96195788933891535,,0.99047677203300566,False,False,False,,-1,,,False,1,0.0082361473299030173,0.054323382088619414,0.014455493133028074,0.01178365618484627
10000,0,multi,gaussian_matched,0.050000000000000003,948,4,0.050000000000000003,14.729586171078617,>=10%,True,False,3,0.054323382088619414,0.48331864512370276,0.040851583925912774,0.019025275745007831,1.3082874099283104,1.3272961624231407,1.2768030149322067,0.96195788933891535,,0.99047677203300566,False,False,False,,-1,,,False,1,0.0082361473299030173,0.054323382088619414,0.014455493133028074,0.01178365618484627
10000,0,multi,gaussian_matched,0.050000000000000003,948,5,0.02,14.729586171078617,>=10%,True,False,3,0.062722898342583433,0.47872113332693378,0.021528774439365034,0.035544350490825993,1.3082874099283104,1.3402816166837754,1.2873834752201088,0.96053206967461724,,1.0111905195078095,False,False,False,,-1,,,False,1,0.010668086488997726,0.062722898342583433,0.015851851930521264,0.015989366724424109
10000,0,multi,gaussian_matched,0.050000000000000003,948,5,0.050000000000000003,14.729586171078617,>=10%,True,False,3,0.062722898342583433,0.47872113332693378,0.021528774439365034,0.035544350490825993,1.3082874099283104,1.3402816166837754,1.2873834752201088,0.96053206967461724,,1.0111905195078095,False,False,False,,-1,,,False,1,0.010668086488997726,0.062722898342583433,0.015851851930521264,0.015989366724424109
10000,0,multi,gaussian_matched,0.050000000000000003,948,6,0.02,14.729586171078617,>=10%,True,False,3,0.031853552056418342,0.50871283332284201,0.082892602293735296,0.034027000311009879,1.3082874099283104,1.2867870319559285,1.2490319982345857,0.97065945429683509,,0.98071646093109066,False,False,False,,-1,,,False,1,0.0024148800639414076,0.031853552056418342,0.015682901947762101,0.004483148165669467
10000,0,multi,gaussian_matched,0.050000000000000003,948,6,0.050000000000000003,14.729586171078617,>=10%,True,True,4,0.031853552056418342,0.50871283332284201,0.082892602293735296,0.034027000311009879,1.3082874099283104,1.2867870319559285,1.2490319982345857,0.97065945429683509,0.92819808597721409,0.98071646093109066,True,True,False,3>4>2>1,17,0,0,True,1,0.0024148800639414076,0.031853552056418342,0.015682901947762101,0.004483148165669467
10000,0,multi,gaussian_matched,0.050000000000000003,948,7,0.02,14.729586171078617,>=10%,True,False,1,0.051774470687770344,0.44115628804652002,0.061997889277588897,0.060054406862289508,1.3082874099283104,1.3572597000342115,1.284118703247217,0.94611127348351176,,1.0274295234432949,False,False,False,,-1,,,False,1,0.0047306678104597731,0.051774470687770344,0.031304679887738947,0.023546119891738711
10000,0,multi,gaussian_matched,0.050000000000000003,948,7,0.050000000000000003,14.729586171078617,>=10%,True,False,3,0.051774470687770344,0.44115628804652002,0.061997889277588897,0.060054406862289508,1.3082874099283104,1.3572597000342115,1.284118703247217,0.94611127348351176,,1.0274295234432949,False,False,False,,-1,,,False,1,0.0047306678104597731,0.051774470687770344,0.031304679887738947,0.023546119891738711
10000,0,multi,gaussian_matched,0.050000000000000003,948,8,0.02,14.729586171078617,>=10%,True,False,1,0.076842080050704795,0.45251625283396291,-0.016626765237778632,0.081815842542738645,1.3082874099283104,1.3819773203728569,1.3162001620407855,0.95240359059269886,,1.0685847727145297,False,False,False,,-1,,,False,1,0.013795805428444516,0.076842080050704795,0.021288910306877129,0.027914395697877997
10000,0,multi,gaussian_matched,0.050000000000000003,948,8,0.050000000000000003,14.729586171078617,>=10%,True,False,3,0.076842080050704795,0.45251625283396291,-0.016626765237778632,0.081815842542738645,1.3082874099283104,1.3819773203728569,1.3162001620407855,0.95240359059269886,,1.0685847727145297,False,False,False,,-1,,,False,1,0.013795805428444516,0.076842080050704795,0.021288910306877129,0.027914395697877997
10000,0,multi,gaussian_matched,0.050000000000000003,948,9,0.02,14.729586171078617,>=10%,True,False,1,0.075555452795429551,0.41139691465641137,-0.011400480442287864,0.10779854234147614,1.3082874099283104,1.4151716943750781,1.3318566217080492,0.94112723353768057,,1.1004119990181771,False,False,False,,-1,,,False,1,0.011411849147327907,0.075555452795429551,0.037294066827386486,0.039138791278167273
10000,0,multi,gaussian_matched,0.050000000000000003,948,9,0.050000000000000003,14.729586171078617,>=10%,True,False,3,0.075555452795429551,0.41139691465641137,-0.011400480442287864,0.10779854234147614,1.3082874099283104,1.4151716943750781,1.3318566217080492,0.94112723353768057,,1.1004119990181771,False,False,False,,-1,,,False,1,0.011411849147327907,0.075555452795429551,0.037294066827386486,0.039138791278167273
10000,0,multi,gaussian_matched,0.050000000000000003,948,10,0.02,14.729586171078617,>=10%,True,False,3,0.058002859861007922,0.49964261000845595,0.029877747079272821,0.020125426460370213,1.3082874099283104,1.3179184952448635,1.2759699493261796,0.96817060685464462,,0.9906809206836068,False,False,False,,-1,,,False,1,0.010198772601350291,0.058002859861007922,0.0077450657453119916,0.0081573363029943894
10000,0,multi,gaussian_matched,0.050000000000000003,948,10,0.050000000000000003,14.729586171078617,>=10%,True,False,3,0.058002859861007922,0.49964261000845595,0.029877747079272821,0.020125426460370213,1.3082874099283104,1.3179184952448635,1.2759699493261796,0.96817060685464462,,0.9906809206836068,False,False,False,,-1,,,False,1,0.010198772601350291,0.058002859861007922,0.0077450657453119916,0.0081573363029943894
10000,0,multi,gaussian_matched,0.050000000000000003,948,11,0.02,14.729586171078617,>=10%,True,False,1,0.052414287744426524,0.44468834574312072,0.058529079894881368,0.055965384841755728,1.3082874099283104,1.3552701339497277,1.2842320797160962,0.94758384143934316,,1.0243907068029419,False,False,False,,-1,,,False,1,0.0052053829612525382,0.052414287744426524,0.029662922275616437,0.0227866619483349
10000,0,multi,gaussian_matched,0.050000000000000003,948,11,0.050000000000000003,14.729586171078617,>=10%,True,False,3,0.052414287744426524,0.44468834574312072,0.058529079894881368,0.055965384841755728,1.3082874099283104,1.3552701339497277,1.2842320797160962,0.94758384143934316,,1.0243907068029419,False,False,False,,-1,,,False,1,0.0052053829612525382,0.052414287744426524,0.029662922275616437,0.0227866619483349
10000,0,multi,gaussian_matched,0.050000000000000003,948,12,0.02,14.729586171078617,>=10%,True,False,2,0.078849179698596616,0.45776825176367791,-0.022192268885837946,0.08363757675818459,1.3082874099283104,1.3804073751949217,1.3167305357650374,0.95387097999176307,,1.0703826253284492,False,False,False,,-1,,,False,1,0.01457272016272145,0.078849179698596616,0.018305962420641173,0.027199290420981008
10000,0,multi,gaussian_matched,0.050000000000000003,948,12,0.050000000000000003,14.729586171078617,>=10%,True,False,3,0.078849179698596616,0.45776825176367791,-0.022192268885837946,0.08363757675818459,1.3082874099283104,1.3804073751949217,1.3167305357650374,0.95387097999176307,,1.0703826253284492,False,False,False,,-1,,,False,1,0.01457272016272145,0.078849179698596616,0.018305962420641173,0.027199290420981008
10000,0,multi,gaussian_matched,0.050000000000000003,948,13,0.02,14.729586171078617,>=10%,True,False,2,0.037841658288479865,0.56727254295308505,0.066657594481251137,0.069304188107765036,1.3082874099283104,1.2409355792554706,1.2366758394541013,0.99656731592471137,,0.99823633373757636,False,False,False,,-1,,,False,1,0.0067514721179804584,0.037841658288479865,0.0069643788139742164,0.022060163207264203
10000,0,multi,gaussian_matched,0.050000000000000003,948,13,0.050000000000000003,14.729586171078617,>=10%,True,True,4,0.037841658288479865,0.56727254295308505,0.066657594481251137,0.069304188107765036,1.3082874099283104,1.2409355792554706,1.2366758394541013,0.99656731592471137,0.95403476956923494,0.99823633373757636,True,True,False,3>4>2>1,17,0,0,True,1,0.0067514721179804584,0.037841658288479865,0.0069643788139742164,0.022060163207264203
10000,0,multi,gaussian_matched,0.050000000000000003,948,14,0.02,14.729586171078617,>=10%,True,False,2,0.077655735113988059,0.47844002880827041,-0.015848518805778491,0.069288237000974223,1.3082874099283104,1.35954597447727,1.3052839967704319,0.96008816272086628,,1.0506653380137074,False,False,False,,-1,,,False,1,0.014976679548967173,0.077655735113988059,0.011107103628985159,0.021486233465118597
10000,0,multi,gaussian_matched,0.050000000000000003,948,14,0.050000000000000003,14.729586171078617,>=10%,True,False,3,0.077655735113988059,0.47844002880827041,-0.015848518805778491,0.069288237000974223,1.3082874099283104,1.35954597447727,1.3052839967704319,0.96008816272086628,,1.0506653380137074,False,False,False,,-1,,,False,1,0.014976679548967173,0.077655735113988059,0.011107103628985159,0.021486233465118597
10000,0,multi,gaussian_matched,0.050000000000000003,948,15,0.02,14.729586171078617,>=10%,True,False,1,0.12867091941104256,0.59602387948027846,-0.032525489903259194,0.12661375088913518,1.3082874099283104,1.2779340318298877,1.26759629835133,0.99191058910626628,,1.0656756601493726,False,False,False,,-1,,,False,1,0.028987781346906685,0.12867091941104256,0.042706440987543511,0.0095371320077800633
10000,0,multi,gaussian_matched,0.050000000000000003,948,15,0.050000000000000003,14.729586171078617,>=10%,True,False,3,0.12867091941104256,0.59602387948027846,-0.032525489903259194,0.12661375088913518,1.3082874099283104,1.2779340318298877,1.26759629835133,0.99191058910626628,,1.0656756601493726,False,False,False,,-1,,,False,1,0.028987781346906685,0.12867091941104256,0.042706440987543511,0.0095371320077800633
10000,0,multi,gaussian_matched,0.050000000000000003,948,16,0.02,14.729586171078617,>=10%,True,False,2,0.025477275094030562,0.55655000260469101,0.096744669898702479,0.073368705580303242,1.3082874099283104,1.2373209712178213,1.2261910717811166,0.99100484054210269,,0.99332896388006298,False,False,False,,-1,,,False,1,0.0016283663791533099,0.021517940294266028,0.011082677900479147,0.025477275094030562
10000,0,multi,gaussian_matched,0.050000000000000003,948,16,0.050000000000000003,14.729586171078617,>=10%,True,True,4,0.025477275094030562,0.55655000260469101,0.096744669898702479,0.073368705580303242,1.3082874099283104,1.2373209712178213,1.2261910717811166,0.99100484054210269,0.95149504497614801,0.99332896388006298,True,True,False,3>4>2>1,17,0,0,True,1,0.0016283663791533099,0.021517940294266028,0.011082677900479147,0.025477275094030562
10000,0,multi,gaussian_matched,0.050000000000000003,948,17,0.02,14.729586171078617,>=10%,True,False,3,0.05596627504741037,0.5344856746247344,0.032125419633197899,0.038842790548727538,1.3082874099283104,1.2866072547644194,1.263570099054693,0.98209464805641522,,0.99550976316036577,False,False,False,,-1,,,False,1,0.011056665012353016,0.05596627504741037,0.0078183204453596902,0.0028994219128820132
10000,0,multi,gaussian_matched,0.050000000000000003,948,17,0.050000000000000003,14.729586171078617,>=10%,True,False,3,0.05596627504741037,0.5344856746247344,0.032125419633197899,0.038842790548727538,1.3082874099283104,1.2866072547644194,1.263570099054693,0.98209464805641522,,0.99550976316036577,False,False,False,,-1,,,False,1,0.011056665012353016,0.05596627504741037,0.0078183204453596902,0.0028994219128820132
10000,0,multi,gaussian_matched,0.050000000000000003,948,18,0.02,14.729586171078617,>=10%,True,False,2,0.08474365876344811,0.46537009838858351,-0.037984875847034943,0.094554579283261261,1.3082874099283104,1.3826417654253054,1.3214410970567738,0.95573642435883888,,1.082327679372552,False,False,False,,-1,,,False,1,0.016432267371136886,0.08474365876344811,0.012455672810758035,0.027399139729336899
10000,0,multi,gaussian_matched,0.050000000000000003,948,18,0.050000000000000003,14.729586171078617,>=10%,True,False,3,0.08474365876344811,0.46537009838858351,-0.037984875847034943,0.094554579283261261,1.3082874099283104,1.3826417654253054,1.3214410970567738,0.95573642435883888,,1.082327679372552,False,False,False,,-1,,,False,1,0.016432267371136886,0.08474365876344811,0.012455672810758035,0.027399139729336899
10000,0,multi,gaussian_matched,0.050000000000000003,948,19,0.02,14.729586171078617,>=10%,True,False,2,0.091875431119862197,0.54191500864655751,-0.025468343012669523,0.086326929442202077,1.3082874099283104,1.3135647953496317,1.2863476480108473,0.97927993545873016,,1.0492148491502087,False,False,False,,-1,,,False,1,0.020404553432455477,0.091875431119862197,0.018330200199912404,0.011418577385526563
10000,0,multi,gaussian_matched,0.050000000000000003,948,19,0.050000000000000003,14.729586171078617,>=10%,True,False,3,0.091875431119862197,0.54191500864655751,-0.025468343012669523,0.086326929442202077,1.3082874099283104,1.3135647953496317,1.2863476480108473,0.97927993545873016,,1.0492148491502087,False,False,False,,-1,,,False,1,0.020404553432455477,0.091875431119862197,0.018330200199912404,0.011418577385526563
10000,0,multi,gaussian_matched,0.050000000000000003,948,20,0.02,14.729586171078617,>=10%,True,False,3,0.048349541361903767,0.52621651276990034,0.04657990288846342,0.026438657418006085,1.3082874099283104,1.2865885822536469,1.2595621051286092,0.97899369114740864,,0.98296502189613189,False,False,False,,-1,,,False,1,0.0084595861671902927,0.048349541361903767,0.0036739633063794103,0.0037290801288053736
10000,0,multi,gaussian_matched,0.050000000000000003,948,20,0.050000000000000003,14.729586171078617,>=10%,True,True,4,0.048349541361903767,0.52621651276990034,0.04657990288846342,0.026438657418006085,1.3082874099283104,1.2865885822536469,1.2595621051286092,0.97899369114740864,0.93400947103957332,0.98296502189613189,True,True,False,3>4>2>1,17,0,0,True,1,0.0084595861671902927,0.048349541361903767,0.0036739633063794103,0.0037290801288053736
10000,0,multi,gaussian_matched,0.050000000000000003,948,21,0.02,14.729586171078617,>=10%,True,False,2,0.02691861403810911,0.54976954529883382,0.086285683286962872,0.061592681796252775,1.3082874099283104,1.2477580043296765,1.2333109949116823,0.98842162553326551,,0.9897700359119801,False,False,False,,-1,,,False,1,0.0026744053022308666,0.02691861403810911,0.0072419687063209138,0.020685664646396353
10000,0,multi,gaussian_matched,0.050000000000000003,948,21,0.050000000000000003,14.729586171078617,>=10%,True,True,4,0.02691861403810911,0.54976954529883382,0.086285683286962872,0.061592681796252775,1.3082874099283104,1.2477580043296765,1.2333109949116823,0.98842162553326551,0.94767807770458623,0.9897700359119801,True,True,False,3>4>2>1,17,0,0,True,1,0.0026744053022308666,0.02691861403810911,0.0072419687063209138,0.020685664646396353
10000,0,multi,gaussian_matched,0.050000000000000003,948,22,0.02,14.729586171078617,>=10%,True,False,1,0.073807513031808297,0.42227712720717558,-0.0059042350040983127,0.09573989997155323,1.3082874099283104,1.402985263458703,1.3243303135476212,0.9439374368643203,,1.0854420846234309,False,False,False,,-1,,,False,1,0.011439919086900176,0.073807513031808297,0.033812921717941528,0.035458831407067078
10000,0,multi,gaussian_matched,0.050000000000000003,948,22,0.050000000000000003,14.729586171078617,>=10%,True,False,3,0.073807513031808297,0.42227712720717558,-0.0059042350040983127,0.09573989997155323,1.3082874099283104,1.402985263458703,1.3243303135476212,0.9439374368643203,,1.0854420846234309,False,False,False,,-1,,,False,1,0.011439919086900176,0.073807513031808297,0.033812921717941528,0.035458831407067078
10000,0,multi,gaussian_matched,0.050000000000000003,948,23,0.02,14.729586171078617,>=10%,True,False,1,0.12157447220609481,0.54844467240426642,-0.057660411668785064,0.11805782703848552,1.3082874099283104,1.3296577798324296,1.2964412100837632,0.97501870763103227,,1.0811837111539264,False,False,False,,-1,,,False,1,0.026837250418289698,0.12157447220609481,0.027338794012791073,0.019900813330715732
10000,0,multi,gaussian_matched,0.050000000000000003,948,23,0.050000000000000003,14.729586171078617,>=10%,True,False,3,0.12157447220609481,0.54844467240426642,-0.057660411668785064,0.11805782703848552,1.3082874099283104,1.3296577798324296,1.2964412100837632,0.97501870763103227,,1.0811837111539264,False,False,False,,-1,,,False,1,0.026837250418289698,0.12157447220609481,0.027338794012791073,0.019900813330715732
10000,0,multi,gaussian_matched,0.050000000000000003,948,24,0.02,14.729586171078617,>=10%,True,False,3,0.043787428312765053,0.56100558299712766,0.05521585041082186,0.061228149182606377,1.3082874099283104,1.2520245681722266,1.2443327923298524,0.99385652962576998,,0.99791600194639107,False,False,False,,-1,,,False,1,0.0084303442409940938,0.043787428312765053,0.010602346903013014,0.016966312064235257
10000,0,multi,gaussian_matched,0.050000000000000003,948,24,0.050000000000000003,14.729586171078617,>=10%,True,True,4,0.043787428312765053,0.56100558299712766,0.05521585041082186,0.061228149182606377,1.3082874099283104,1.2520245681722266,1.2443327923298524,0.99385652962576998,0.95012899124378003,0.99791600194639107,True,True,False,3>4>2>1,17,0,0,True,1,0.0084303442409940938,0.043787428312765053,0.010602346903013014,0.016966312064235257
10000,0,multi,gaussian_matched,0.050000000000000003,948,25,0.02,14.729586171078617,>=10%,True,False,1,0.094304758077744022,0.43339051260948508,0.16932122572297054,0.13665423051797282,1.3082874099283104,1.3377393708788923,1.2136373169451697,0.90723002055909607,,1.0321062002248678,False,False,False,,-1,,,False,1,0.010331951220006474,0.034737395953723271,0.094304758077744022,0.036986815667280709
10000,0,multi,gaussian_matched,0.050000000000000003,948,25,0.050000000000000003,14.729586171078617,>=10%,True,False,3,0.094304758077744022,0.43339051260948508,0.16932122572297054,0.13665423051797282,1.3082874099283104,1.3377393708788923,1.2136373169451697,0.90723002055909607,,1.0321062002248678,False,False,False,,-1,,,False,1,0.010331951220006474,0.034737395953723271,0.094304758077744022,0.036986815667280709
10000,0,multi,gaussian_matched,0.050000000000000003,948,26,0.02,14.729586171078617,>=10%,True,False,1,0.062240006676674765,0.41649041158112921,0.039364717839209848,0.084184087478150052,1.3082874099283104,1.3886620786337296,1.3052181490312027,0.93991055787695643,,1.0620007698350373,False,False,False,,-1,,,False,1,0.0067809828927750497,0.062240006676674765,0.037727230559631238,0.034253994819501858
10000,0,multi,gaussian_matched,0.050000000000000003,948,26,0.050000000000000003,14.729586171078617,>=10%,True,False,3,0.062240006676674765,0.41649041158112921,0.039364717839209848,0.084184087478150052,1.3082874099283104,1.3886620786337296,1.3052181490312027,0.93991055787695643,,1.0620007698350373,False,False,False,,-1,,,False,1,0.0067809828927750497,0.062240006676674765,0.037727230559631238,0.034253994819501858
10000,0,multi,gaussian_matched,0.050000000000000003,948,27,0.02,14.729586171078617,>=10%,True,False,3,0.076264725428026398,0.49649441028256697,-0.0099295477818688513,0.06003199027690382,1.3082874099283104,1.341179996522768,1.2956268367921102,0.96603501405571068,,1.0362087235428639,False,False,False,,-1,,,False,1,0.015215165785305787,0.076264725428026398,0.0047799963608541277,0.01635761774065014
10000,0,multi,gaussian_matched,0.050000000000000003,948,27,0.050000000000000003,14.729586171078617,>=10%,True,False,3,0.076264725428026398,0.49649441028256697,-0.0099295477818688513,0.06003199027690382,1.3082874099283104,1.341179996522768,1.2956268367921102,0.96603501405571068,,1.0362087235428639,False,False,False,,-1,,,False,1,0.015215165785305787,0.076264725428026398,0.0047799963608541277,0.01635761774065014
10000,0,multi,gaussian_matched,0.050000000000000003,948,28,0.02,14.729586171078617,>=10%,True,False,1,0.054360808490211153,0.41735326766002234,0.06716545555024224,0.084410516114541395,1.3082874099283104,1.3777038141327105,1.2912491855901462,0.93724730406078682,,1.0514965528714131,False,False,False,,-1,,,False,1,0.0038234489990694866,0.054360808490211153,0.040355975672897525,0.030816974743228042
10000,0,multi,gaussian_matched,0.050000000000000003,948,28,0.050000000000000003,14.729586171078617,>=10%,True,False,3,0.054360808490211153,0.41735326766002234,0.06716545555024224,0.084410516114541395,1.3082874099283104,1.3777038141327105,1.2912491855901462,0.93724730406078682,,1.0514965528714131,False,False,False,,-1,,,False,1,0.0038234489990694866,0.054360808490211153,0.040355975672897525,0.030816974743228042
10000,0,multi,gaussian_matched,0.050000000000000003,948,29,0.02,14.729586171078617,>=10%,True,False,3,0.02718798664866786,0.52463766323704775,0.08847951884629629,0.045691222575289507,1.3082874099283104,1.2699351343554286,1.2409971818609264,0.97721304678353516,,0.98349062650287367,False,False,False,,-1,,,False,1,0.0017469210902210017,0.02718798664866786,0.014626510894162626,0.011666659834242336
10000,0,multi,gaussian_matched,0.050000000000000003,948,29,0.050000000000000003,14.729586171078617,>=10%,True,True,4,0.02718798664866786,0.52463766323704775,0.08847951884629629,0.045691222575289507,1.3082874099283104,1.2699351343554286,1.2409971818609264,0.97721304678353516,0.93593866310731644,0.98349062650287367,True,True,False,3>4>2>1,17,0,0,True,1,0.0017469210902210017,0.02718798664866786,0.014626510894162626,0.011666659834242336
10000,0,multi,gaussian_matched,0.050000000000000003,948,30,0.02,14.729586171078617,>=10%,True,False,1,0.073118245727681219,0.44781067145505282,-0.0050673313119223851,0.075869209774383883,1.3082874099283104,1.3802113780939256,1.3125836958832675,0.95100193833784208,,1.0612751411662165,False,False,False,,-1,,,False,1,0.012475371419846061,0.073118245727681219,0.024721023908891498,0.028042220636937128
10000,0,multi,gaussian_matched,0.050000000000000003,948,30,0.050000000000000003,14.729586171078617,>=10%,True,False,3,0.073118245727681219,0.44781067145505282,-0.0050673313119223851,0.075869209774383883,1.3082874099283104,1.3802113780939256,1.3125836958832675,0.95100193833784208,,1.0612751411662165,False,False,False,,-1,,,False,1,0.012475371419846061,0.073118245727681219,0.024721023908891498,0.028042220636937128
10000,0,multi,gaussian_matched,0.050000000000000003,948,31,0.02,14.729586171078617,>=10%,True,False,0,0.15980956639541094,0.57811716289126891,-0.09226721412077428,0.16230296162383259,1.3082874099283104,1.3338767527426612,1.3073810672644437,0.98013633161854108,,1.1233648032803509,False,False,False,,-1,,,False,1,0.034883935404741717,0.15980956639541094,0.043612128454265937,0.043255972178029428
10000,0,multi,gaussian_matched,0.050000000000000003,948,31,0.050000000000000003,14.729586171078617,>=10%,True,False,3,0.15980956639541094,0.57811716289126891,-0.09226721412077428,0.16230296162383259,1.3082874099283104,1.3338767527426612,1.3073810672644437,0.98013633161854108,,1.1233648032803509,False,False,False,,-1,,,False,1,0.034883935404741717,0.15980956639541094,0.043612128454265937,0.043255972178029428
10000,0,multi,gaussian_matched,0.050000000000000003,949,0,0.02,4.314215406424549,1-<5%,True,False,2,0.071809143411482798,0.37446094000293006,0.10451923874546443,0.13686636905512206,1.3618178989051204,1.2951938957512017,1.3472433591876345,1.040186618858518,,1.0898004273816322,False,False,False,,-1,,,False,2,0.033594785562786805,0.071809143411482798,0.008141520069570406,0.017339908585513816
10000,0,multi,gaussian_matched,0.050000000000000003,949,0,0.050000000000000003,4.314215406424549,1-<5%,True,False,3,0.071809143411482798,0.37446094000293006,0.10451923874546443,0.13686636905512206,1.3618178989051204,1.2951938957512017,1.3472433591876345,1.040186618858518,,1.0898004273816322,False,False,False,,-1,,,False,2,0.033594785562786805,0.071809143411482798,0.008141520069570406,0.017339908585513816
10000,0,multi,gaussian_matched,0.050000000000000003,949,1,0.02,4.314215406424549,1-<5%,True,False,3,0.038200449163247691,0.53992405796736809,0.061138241717424914,0.041448652971327694,1.3618178989051204,1.3728197538649245,1.3520454600791665,0.98486742798734372,,1.0232602421886516,False,False,False,,-1,,,False,2,0.015315313713980594,0.038200449163247691,0.0051406858125198455,0.010261289460215444
10000,0,multi,gaussian_matched,0.050000000000000003,949,1,0.050000000000000003,4.314215406424549,1-<5%,True,True,4,0.038200449163247691,0.53992405796736809,0.061138241717424914,0.041448652971327694,1.3618178989051204,1.3728197538649245,1.3520454600791665,0.98486742798734372,0.95213443554575061,1.0232602421886516,True,True,False,2>4>1>3,10,0,0,True,2,0.015315313713980594,0.038200449163247691,0.0051406858125198455,0.010261289460215444
10000,0,multi,gaussian_matched,0.050000000000000003,949,2,0.02,4.314215406424549,1-<5%,True,True,4,0.011289213757925314,0.4968087519340566,0.039546163445751459,0.010930085220222692,1.3618178989051204,1.370043401494538,1.3411187321736866,0.97888777151928297,0.9680170258361569,0.99282644065769354,True,True,False,2>4>1>3,10,0,0,True,2,0.0031948641017537928,0.0099491337061934134,0.0065298674548699767,0.011289213757925314
10000,0,multi,gaussian_matched,0.050000000000000003,949,2,0.050000000000000003,4.314215406424549,1-<5%,True,True,4,0.011289213757925314,0.4968087519340566,0.039546163445751459,0.010930085220222692,1.3618178989051204,1.370043401494538,1.3411187321736866,0.97888777151928297,0.94584218995050062,0.99282644065769354,True,True,False,2>4>1>3,10,0,0,True,2,0.0031948641017537928,0.0099491337061934134,0.0065298674548699767,0.011289213757925314
10000,0,multi,gaussian_matched,0.050000000000000003,949,3,0.02,4.314215406424549,1-<5%,True,False,3,0.031766893052393344,0.50048247903956,0.11464606625518729,0.064647866695612469,1.3618178989051204,1.3063466757471569,1.2893438413481579,0.98698443934166691,,0.99425312968228563,False,False,False,,-1,,,False,2,0.0073726789036301131,0.018017359084635396,0.0019831617336597048,0.031766893052393344
10000,0,multi,gaussian_matched,0.050000000000000003,949,3,0.050000000000000003,4.314215406424549,1-<5%,True,True,4,0.031766893052393344,0.50048247903956,0.11464606625518729,0.064647866695612469,1.3618178989051204,1.3063466757471569,1.2893438413481579,0.98698443934166691,0.942467899320373,0.99425312968228563,True,True,False,2>4>1>3,10,0,0,True,2,0.0073726789036301131,0.018017359084635396,0.0019831617336597048,0.031766893052393344
10000,0,multi,gaussian_matched,0.050000000000000003,949,4,0.02,4.314215406424549,1-<5%,True,False,2,0.097316615351974611,0.54726270971247726,-0.013169245708969768,0.078893075315936867,1.3618178989051204,1.4395660847785956,1.3622259874604441,0.94627541025319006,,1.0582318413754273,False,False,False,,-1,,,False,2,0.015530926712892659,0.063243834593099985,0.097316615351974611,0.0095554587881262944
10000,0,multi,gaussian_matched,0.050000000000000003,949,4,0.050000000000000003,4.314215406424549,1-<5%,True,False,2,0.097316615351974611,0.54726270971247726,-0.013169245708969768,0.078893075315936867,1.3618178989051204,1.4395660847785956,1.3622259874604441,0.94627541025319006,,1.0582318413754273,False,False,False,,-1,,,False,2,0.015530926712892659,0.063243834593099985,0.097316615351974611,0.0095554587881262944
10000,0,multi,gaussian_matched,0.050000000000000003,949,5,0.02,4.314215406424549,1-<5%,True,False,2,0.060600187672735256,0.57393415968712547,0.083446977921466423,0.081147768304004705,1.3618178989051204,1.3790396566799457,1.3582885396570172,0.98495248710041672,,1.0569961733637849,False,False,False,,-1,,,False,2,0.021139801987102465,0.060600187672735256,0.0018505189458589816,0.018148862457001494
10000,0,multi,gaussian_matched,0.050000000000000003,949,5,0.050000000000000003,4.314215406424549,1-<5%,True,False,3,0.060600187672735256,0.57393415968712547,0.083446977921466423,0.081147768304004705,1.3618178989051204,1.3790396566799457,1.3582885396570172,0.98495248710041672,,1.0569961733637849,False,False,False,,-1,,,False,2,0.021139801987102465,0.060600187672735256,0.0018505189458589816,0.018148862457001494
10000,0,multi,gaussian_matched,0.050000000000000003,949,6,0.02,4.314215406424549,1-<5%,True,False,3,0.028621454318559433,0.49650799498296805,0.095831782921112982,0.045964621447010738,1.3618178989051204,1.3197424845950565,1.299615412656193,0.98474924299717514,,0.98807633178050325,False,False,False,,-1,,,False,2,0.0034617105043423853,0.010206496223330473,0.0032108960100320637,0.028621454318559433
10000,0,multi,gaussian_matched,0.050000000000000003,949,6,0.050000000000000003,4.314215406424549,1-<5%,True,True,4,0.028621454318559433,0.49650799498296805,0.095831782921112982,0.045964621447010738,1.3618178989051204,1.3197424845950565,1.299615412656193,0.98474924299717514,0.94288685284288043,0.98807633178050325,True,True,False,2>4>1>3,10,0,0,True,2,0.0034617105043423853,0.010206496223330473,0.0032108960100320637,0.028621454318559433
10000,0,multi,gaussian_matched,0.050000000000000003,949,7,0.02,4.314215406424549,1-<5%,True,False,3,0.04449302288533849,0.46370823789688731,-0.011760076308377478,0.071633784083807384,1.3618178989051204,1.4094547199644571,1.3497608691436513,0.95764755690604153,,1.0437479595254526,False,False,False,,-1,,,False,2,0.008857691665443243,0.0086140912595251105,0.01392731778386198,0.04449302288533849
10000,0,multi,gaussian_matched,0.050000000000000003,949,7,0.050000000000000003,4.314215406424549,1-<5%,True,True,4,0.04449302288533849,0.46370823789688731,-0.011760076308377478,0.071633784083807384,1.3618178989051204,1.4094547199644571,1.3497608691436513,0.95764755690604153,0.92937852161526102,1.0437479595254526,True,True,False,2>4>1>3,10,0,0,True,2,0.008857691665443243,0.0086140912595251105,0.01392731778386198,0.04449302288533849
10000,0,multi,gaussian_matched,0.050000000000000003,949,8,0.02,4.314215406424549,1-<5%,True,False,3,0.03228354328257118,0.49078288489586758,-0.017264960173210581,0.067893520146965661,1.3618178989051204,1.4214093476578431,1.3736534537170599,0.96640243430263495,,1.0585460618655447,False,False,False,,-1,,,False,2,0.0042966069748513764,0.03228354328257118,0.017158857442909511,0.018799134151881104
10000,0,multi,gaussian_matched,0.050000000000000003,949,8,0.050000000000000003,4.314215406424549,1-<5%,True,True,4,0.03228354328257118,0.49078288489586758,-0.017264960173210581,0.067893520146965661,1.3618178989051204,1.4214093476578431,1.3736534537170599,0.96640243430263495,0.94305790973694581,1.0585460618655447,True,True,False,2>4>1>3,10,0,0,True,2,0.0042966069748513764,0.03228354328257118,0.017158857442909511,0.018799134151881104
10000,0,multi,gaussian_matched,0.050000000000000003,949,9,0.02,4.314215406424549,1-<5%,True,False,3,0.02121579680873276,0.51652355803997529,0.072449633038369959,0.027874970741830461,1.3618178989051204,1.3501868581153378,1.3322218432456685,0.98669442324838963,,0.99873618571249123,False,False,False,,-1,,,False,2,0.010412532554313557,0.02121579680873276,0.0028713976176225468,0.0015841085729685048
10000,0,multi,gaussian_matched,0.050000000000000003,949,9,0.050000000000000003,4.314215406424549,1-<5%,True,True,4,0.02121579680873276,0.51652355803997529,0.072449633038369959,0.027874970741830461,1.3618178989051204,1.3501868581153378,1.3322218432456685,0.98669442324838963,0.9512664357845505,0.99873618571249123,True,True,False,2>4>1>3,10,0,0,True,2,0.010412532554313557,0.02121579680873276,0.0028713976176225468,0.0015841085729685048
10000,0,multi,gaussian_matched,0.050000000000000003,949,10,0.02,4.314215406424549,1-<5%,True,False,3,0.024677802249719879,0.51401488229613523,0.035388068184784321,0.020246616437000951,1.3618178989051204,1.3811075643264581,1.3546983238113841,0.98087821600777825,,1.0096393514535378,False,False,False,,-1,,,False,2,0.0095807117184721572,0.024677802249719879,0.0081331236907737185,0.00068936680686498223
10000,0,multi,gaussian_matched,0.050000000000000003,949,10,0.050000000000000003,4.314215406424549,1-<5%,True,True,4,0.024677802249719879,0.51401488229613523,0.035388068184784321,0.020246616437000951,1.3618178989051204,1.3811075643264581,1.3546983238113841,0.98087821600777825,0.95018866434985583,1.0096393514535378,True,True,False,2>4>1>3,10,0,0,True,2,0.0095807117184721572,0.024677802249719879,0.0081331236907737185,0.00068936680686498223
10000,0,multi,gaussian_matched,0.050000000000000003,949,11,0.02,4.314215406424549,1-<5%,True,False,2,0.061221120278024989,0.57403211253238318,0.09015902942625402,0.084222926394576084,1.3618178989051204,1.3746349620015059,1.3540916911952299,0.98505547190770959,,1.0561725020255555,False,False,False,,-1,,,False,2,0.021587867162138986,0.061221120278024989,0.0016603214959716056,0.017547778733392173
10000,0,multi,gaussian_matched,0.050000000000000003,949,11,0.050000000000000003,4.314215406424549,1-<5%,True,False,3,0.061221120278024989,0.57403211253238318,0.09015902942625402,0.084222926394576084,1.3618178989051204,1.3746349620015059,1.3540916911952299,0.98505547190770959,,1.0561725020255555,False,False,False,,-1,,,False,2,0.021587867162138986,0.061221120278024989,0.0016603214959716056,0.017547778733392173
10000,0,multi,gaussian_matched,0.050000000000000003,949,12,0.02,4.314215406424549,1-<5%,True,True,4,0.014812972411033968,0.50300642083635372,0.03989407749380669,0.010543634854567297,1.3618178989051204,1.3722468876355494,1.3452552086453602,0.98033030409221977,0.96997041341145263,0.99558013196181949,True,True,False,2>4>1>3,10,0,0,True,2,0.0057614859765190655,0.014812972411033968,0.0067076926993770956,0.0050231902322219807
10000,0,multi,gaussian_matched,0.050000000000000003,949,12,0.050000000000000003,4.314215406424549,1-<5%,True,True,4,0.014812972411033968,0.50300642083635372,0.03989407749380669,0.010543634854567297,1.3618178989051204,1.3722468876355494,1.3452552086453602,0.98033030409221977,0.94790475944610009,0.99558013196181949,True,True,False,2>4>1>3,10,0,0,True,2,0.0057614859765190655,0.014812972411033968,0.0067076926993770956,0.0050231902322219807
10000,0,multi,gaussian_matched,0.050000000000000003,949,13,0.02,4.314215406424549,1-<5%,True,False,3,0.040068972420576533,0.472945449093085,0.028083308089439932,0.03481795670451189,1.3618178989051204,1.3728655246343124,1.3267965412903657,0.96644319307514259,,0.9998506401550411,False,False,False,,-1,,,False,2,0.0079864467245105049,0.0048393397417706412,0.009310348821443706,0.040068972420576533
10000,0,multi,gaussian_matched,0.050000000000000003,949,13,0.050000000000000003,4.314215406424549,1-<5%,True,True,4,0.040068972420576533,0.472945449093085,0.028083308089439932,0.03481795670451189,1.3618178989051204,1.3728655246343124,1.3267965412903657,0.96644319307514259,0.93297641258572384,0.9998506401550411,True,True,False,2>4>1>3,10,0,0,True,2,0.0079864467245105049,0.0048393397417706412,0.009310348821443706,0.040068972420576533
10000,0,multi,gaussian_matched,0.050000000000000003,949,14,0.02,4.314215406424549,1-<5%,True,False,3,0.059395518725051943,0.56575651296729335,0.033530290116077804,0.067787685764291894,1.3618178989051204,1.4104206588938204,1.3844239059876582,0.98156808556211084,,1.0663772248253638,False,False,False,,-1,,,False,2,0.018233709684896501,0.059395518725051943,0.0079977947095753073,0.0040318854965714747
10000,0,multi,gaussian_matched,0.050000000000000003,949,14,0.050000000000000003,4.314215406424549,1-<5%,True,False,3,0.059395518725051943,0.56575651296729335,0.033530290116077804,0.067787685764291894,1.3618178989051204,1.4104206588938204,1.3844239059876582,0.98156808556211084,,1.0663772248253638,False,False,False,,-1,,,False,2,0.018233709684896501,0.059395518725051943,0.0079977947095753073,0.0040318854965714747
10000,0,multi,gaussian_matched,0.050000000000000003,949,15,0.02,4.314215406424549,1-<5%,True,False,3,0.053068339068332603,0.56261956597682683,0.079670510257127361,0.069293211947812516,1.3618178989051204,1.37351397087609,1.353478963961134,0.98541332134963522,,1.0447594917446983,False,False,False,,-1,,,False,2,0.019312888933702001,0.053068339068332603,0.0024137647346825055,0.016296178643556224
10000,0,multi,gaussian_matched,0.050000000000000003,949,15,0.050000000000000003,4.314215406424549,1-<5%,True,False,3,0.053068339068332603,0.56261956597682683,0.079670510257127361,0.069293211947812516,1.3618178989051204,1.37351397087609,1.353478963961134,0.98541332134963522,,1.0447594917446983,False,False,False,,-1,,,False,2,0.019312888933702001,0.053068339068332603,0.0024137647346825055,0.016296178643556224
10000,0,multi,gaussian_matched,0.050000000000000003,949,16,0.02,4.314215406424549,1-<5%,True,True,4,0.017014225390870694,0.5111072550182002,0.061180595556689137,0.015759975604092487,1.3618178989051204,1.3570137614582547,1.3362180131998951,0.98467535934491013,0.97239014418473169,0.99277443033386181,True,True,False,2>4>1>3,10,0,0,True,2,0.0084702230184021433,0.017014225390870694,0.0041375569467776343,0.0015661759986966635
10000,0,multi,gaussian_matched,0.050000000000000003,949,16,0.050000000000000003,4.314215406424549,1-<5%,True,True,4,0.017014225390870694,0.5111072550182002,0.061180595556689137,0.015759975604092487,1.3618178989051204,1.3570137614582547,1.3362180131998951,0.98467535934491013,0.95018254525660539,0.99277443033386181,True,True,False,2>4>1>3,10,0,0,True,2,0.0084702230184021433,0.017014225390870694,0.0041375569467776343,0.0015661759986966635
10000,0,multi,gaussian_matched,0.050000000000000003,949,17,0.02,4.314215406424549,1-<5%,True,False,2,0.044304708698440609,0.41051513405511297,0.11710126749557946,0.11184865369188719,1.3618178989051204,1.2760038766364166,1.3413344812707533,1.0511993778628244,,1.0670906412164036,False,False,False,,-1,,,False,2,0.020023058407114592,0.044304708698440609,0.0010592035352710587,0.0162077508741665
10000,0,multi,gaussian_matched,0.050000000000000003,949,17,0.050000000000000003,4.314215406424549,1-<5%,True,True,4,0.044304708698440609,0.41051513405511297,0.11710126749557946,0.11184865369188719,1.3618178989051204,1.2760038766364166,1.3413344812707533,1.0511993778628244,1.0232928701890605,1.0670906412164036,True,True,False,2>1>3>4,6,4.3142154064245597,4.6043557294577431,True,2,0.020023058407114592,0.044304708698440609,0.0010592035352710587,0.0162077508741665
10000,0,multi,gaussian_matched,0.050000000000000003,949,18,0.02,4.314215406424549,1-<5%,True,False,3,0.039712410449858376,0.53940111022964621,0.09429285090178903,0.059281566513856937,1.3618178989051204,1.3469054615034268,1.3314617760285019,0.98853394991977639,,1.0212403168298008,False,False,False,,-1,,,False,2,0.016719340896093504,0.039712410449858376,0.00083810669302462708,0.0024513709302908214
10000,0,multi,gaussian_matched,0.050000000000000003,949,18,0.050000000000000003,4.314215406424549,1-<5%,True,True,4,0.039712410449858376,0.53940111022964621,0.09429285090178903,0.059281566513856937,1.3618178989051204,1.3469054615034268,1.3314617760285019,0.98853394991977639,0.95201822981843198,1.0212403168298008,True,True,False,2>4>1>3,10,0,0,True,2,0.016719340896093504,0.039712410449858376,0.00083810669302462708,0.0024513709302908214
10000,0,multi,gaussian_matched,0.050000000000000003,949,19,0.02,4.314215406424549,1-<5%,True,False,2,0.039952572088026328,0.51449540361077473,-0.0022332722483986434,0.054207300759349687,1.3618178989051204,1.4154119578945363,1.370169542753189,0.96803586765746519,,1.0459378193352538,False,False,False,,-1,,,False,2,0.010483600176644309,0.039952572088026328,0.022839707444540731,0.009207479985408544
10000,0,multi,gaussian_matched,0.050000000000000003,949,19,0.050000000000000003,4.314215406424549,1-<5%,True,True,4,0.039952572088026328,0.51449540361077473,-0.0022332722483986434,0.054207300759349687,1.3618178989051204,1.4154119578945363,1.370169542753189,0.96803586765746519,0.94877916238326521,1.0459378193352538,True,True,False,2>4>1>3,10,0,0,True,2,0.010483600176644309,0.039952572088026328,0.022839707444540731,0.009207479985408544
10000,0,multi,gaussian_matched,0.050000000000000003,949,20,0.02,4.314215406424549,1-<5%,True,False,3,0.046246413109803833,0.54352244788518478,0.11321429112143984,0.076747964610827113,1.3618178989051204,1.3365122523691975,1.3221600316429214,0.98926143722151871,,1.0272357246724748,False,False,False,,-1,,,False,2,0.018910049733131536,0.046246413109803833,0.0011322418603889788,0.0018601170630271192
10000,0,multi,gaussian_matched,0.050000000000000003,949,20,0.050000000000000003,4.314215406424549,1-<5%,True,True,4,0.046246413109803833,0.54352244788518478,0.11321429112143984,0.076747964610827113,1.3618178989051204,1.3365122523691975,1.3221600316429214,0.98926143722151871,0.95083758421587306,1.0272357246724748,True,True,False,2>4>1>3,10,0,0,True,2,0.018910049733131536,0.046246413109803833,0.0011322418603889788,0.0018601170630271192
10000,0,multi,gaussian_matched,0.050000000000000003,949,21,0.02,4.314215406424549,1-<5%,True,False,3,0.042594315862329625,0.46559855032492181,-0.0078566115198098196,0.06731156836904878,1.3618178989051204,1.406009912667938,1.3486657553301766,0.95921496938172401,,1.0397699463618801,False,False,False,,-1,,,False,2,0.0083367767916227523,0.0080262371311720631,0.013321450969242555,0.042594315862329625
10000,0,multi,gaussian_matched,0.050000000000000003,949,21,0.050000000000000003,4.314215406424549,1-<5%,True,True,4,0.042594315862329625,0.46559855032492181,-0.0078566115198098196,0.06731156836904878,1.3618178989051204,1.406009912667938,1.3486657553301766,0.95921496938172401,0.93047135539791792,1.0397699463618801,True,True,False,2>4>1>3,10,0,0,True,2,0.0083367767916227523,0.0080262371311720631,0.013321450969242555,0.042594315862329625
10000,0,multi,gaussian_matched,0.050000000000000003,949,22,0.02,4.314215406424549,1-<5%,True,False,1,0.055674100218232846,0.53065829050049418,0.16701963400011738,0.12096910976746963,1.3618178989051204,1.2947403061347422,1.2791112750477658,0.98792882942399884,,1.0280966243290512,False,False,False,,-1,,,False,2,0.024912216202436738,0.055674100218232846,0.0034716087078219041,0.027403042048671937
10000,0,multi,gaussian_matched,0.050000000000000003,949,22,0.050000000000000003,4.314215406424549,1-<5%,True,False,3,0.055674100218232846,0.53065829050049418,0.16701963400011738,0.12096910976746963,1.3618178989051204,1.2947403061347422,1.2791112750477658,0.98792882942399884,,1.0280966243290512,False,False,False,,-1,,,False,2,0.024912216202436738,0.055674100218232846,0.0034716087078219041,0.027403042048671937
10000,0,multi,gaussian_matched,0.050000000000000003,949,23,0.02,4.314215406424549,1-<5%,True,False,3,0.054267011469028507,0.5543201491016212,0.025115566892702543,0.059748754041351521,1.3618178989051204,1.4105284135181704,1.3815259719642099,0.97943859813385681,,1.0583461468411621,False,False,False,,-1,,,False,2,0.016673563419365954,0.054267011469028507,0.010810149310379378,0.00075400626699772741
10000,0,multi,gaussian_matched,0.050000000000000003,949,23,0.050000000000000003,4.314215406424549,1-<5%,True,False,3,0.054267011469028507,0.5543201491016212,0.025115566892702543,0.059748754041351521,1.3618178989051204,1.4105284135181704,1.3815259719642099,0.97943859813385681,,1.0583461468411621,False,False,False,,-1,,,False,2,0.016673563419365954,0.054267011469028507,0.010810149310379378,0.00075400626699772741
10000,0,multi,gaussian_matched,0.050000000000000003,949,24,0.02,4.314215406424549,1-<5%,True,False,1,0.38741851576213865,0.39224447749603725,0.017339740810483902,0.11259638164891621,1.3618178989051204,1.3769547070461843,1.315202187441225,0.95515283161533349,,1.0484504354349198,False,False,False,,-1,,,False,2,0.026984478234190933,0.078570185442091378,0.0062724897079252636,0.38741851576213865
10000,0,multi,gaussian_matched,0.050000000000000003,949,24,0.050000000000000003,4.314215406424549,1-<5%,True,False,2,0.38741851576213865,0.39224447749603725,0.017339740810483902,0.11259638164891621,1.3618178989051204,1.3769547070461843,1.315202187441225,0.95515283161533349,,1.0484504354349198,False,False,False,,-1,,,False,2,0.026984478234190933,0.078570185442091378,0.0062724897079252636,0.38741851576213865
10000,0,multi,gaussian_matched,0.050000000000000003,949,25,0.02,4.314215406424549,1-<5%,True,True,4,0.015338038642918226,0.45892243104809638,0.10930541706728547,0.072142214857343206,1.3618178989051204,1.2912135788029266,1.3344870017127324,1.0335137607133316,1.0290176955774073,1.0329055137995931,True,True,False,2>1>3>4,6,4.3142154064245597,4.5501192495574605,True,2,0.0086425075956645479,0.012328454039328349,0.0082577467542855193,0.015338038642918226
10000,0,multi,gaussian_matched,0.050000000000000003,949,25,0.050000000000000003,4.314215406424549,1-<5%,True,True,4,0.015338038642918226,0.45892243104809638,0.10930541706728547,0.072142214857343206,1.3618178989051204,1.2912135788029266,1.3344870017127324,1.0335137607133316,1.00422485752962,1.0329055137995931,True,True,False,2>1>3>4,6,4.3142154064245597,4.5501192495574605,True,2,0.0086425075956645479,0.012328454039328349,0.0082577467542855193,0.015338038642918226
10000,0,multi,gaussian_matched,0.050000000000000003,949,26,0.02,4.314215406424549,1-<5%,True,False,1,0.084531378547313907,0.60486442106422533,0.10232308753382954,0.11719322631538025,1.3618178989051204,1.3917601983970116,1.3639042009247049,0.97998505956385995,,1.0875884568934391,False,False,False,,-1,,,False,2,0.032382047795231357,0.084531378547313907,0.0050058997371720693,0.024701505553328694
10000,0,multi,gaussian_matched,0.050000000000000003,949,26,0.050000000000000003,4.314215406424549,1-<5%,True,False,3,0.084531378547313907,0.60486442106422533,0.10232308753382954,0.11719322631538025,1.3618178989051204,1.3917601983970116,1.3639042009247049,0.97998505956385995,,1.0875884568934391,False,False,False,,-1,,,False,2,0.032382047795231357,0.084531378547313907,0.0050058997371720693,0.024701505553328694
10000,0,multi,gaussian_matched,0.050000000000000003,949,27,0.02,4.314215406424549,1-<5%,True,False,2,0.068226989083738129,0.39096158421088884,0.079063294868479905,0.11284525345095954,1.3618178989051204,1.3159758725020316,1.3605784082399988,1.0338931257555395,,1.0819535143983401,False,False,False,,-1,,,False,2,0.028280920566678421,0.068226989083738129,0.013215170447960526,0.01745251902370536
10000,0,multi,gaussian_matched,0.050000000000000003,949,27,0.050000000000000003,4.314215406424549,1-<5%,True,False,3,0.068226989083738129,0.39096158421088884,0.079063294868479905,0.11284525345095954,1.3618178989051204,1.3159758725020316,1.3605784082399988,1.0338931257555395,,1.0819535143983401,False,False,False,,-1,,,False,2,0.028280920566678421,0.068226989083738129,0.013215170447960526,0.01745251902370536
10000,0,multi,gaussian_matched,0.050000000000000003,949,28,0.02,4.314215406424549,1-<5%,True,False,1,0.083715649757650376,0.4589199865728551,-0.076095234778789669,0.13261815764476784,1.3618178989051204,1.4720999226248217,1.363103313558901,0.92595841668711265,,1.098327076187062,False,False,False,,-1,,,False,2,0.0032326263607869651,0.044311555312857229,0.083715649757650376,0.047139536641070783
10000,0,multi,gaussian_matched,0.050000000000000003,949,28,0.050000000000000003,4.314215406424549,1-<5%,True,False,3,0.083715649757650376,0.4589199865728551,-0.076095234778789669,0.13261815764476784,1.3618178989051204,1.4720999226248217,1.363103313558901,0.92595841668711265,,1.098327076187062,False,False,False,,-1,,,False,2,0.0032326263607869651,0.044311555312857229,0.083715649757650376,0.047139536641070783
10000,0,multi,gaussian_matched,0.050000000000000003,949,29,0.02,4.314215406424549,1-<5%,True,False,2,0.033062008206369148,0.50807518936730012,0.13718467526802366,0.087557845364698725,1.3618178989051204,1.2942737289179345,1.2803176469287179,0.98921705534355209,,1.0044481669635614,False,False,False,,-1,,,False,2,0.013714627593586397,0.030157546966092234,5.1068003668103967e-05,0.033062008206369148
10000,0,multi,gaussian_matched,0.050000000000000003,949,29,0.050000000000000003,4.314215406424549,1-<5%,True,True,4,0.033062008206369148,0.50807518936730012,0.13718467526802366,0.087557845364698725,1.3618178989051204,1.2942737289179345,1.2803176469287179,0.98921705534355209,0.94242996859921713,1.0044481669635614,True,True,False,2>4>1>3,10,0,0,True,2,0.013714627593586397,0.030157546966092234,5.1068003668103967e-05,0.033062008206369148
10000,0,multi,gaussian_matched,0.050000000000000003,949,30,0.02,4.314215406424549,1-<5%,True,False,2,0.025477860779462382,0.50982939419686057,0.1185965782164336,0.069297240444916489,1.3618178989051204,1.3090914975331207,1.2960273340238859,0.99002043513852689,,1.0025749959421897,False,False,False,,-1,,,False,2,0.011218806530730976,0.025477860779462382,0.00060128542012679296,0.023063348192553981
10000,0,multi,gaussian_matched,0.050000000000000003,949,30,0.050000000000000003,4.314215406424549,1-<5%,True,True,4,0.025477860779462382,0.50982939419686057,0.1185965782164336,0.069297240444916489,1.3618178989051204,1.3090914975331207,1.2960273340238859,0.99002043513852689,0.94706477767655817,1.0025749959421897,True,True,False,2>4>1>3,10,0,0,True,2,0.011218806530730976,0.025477860779462382,0.00060128542012679296,0.023063348192553981
10000,0,multi,gaussian_matched,0.050000000000000003,949,31,0.02,4.314215406424549,1-<5%,True,False,2,0.066094849915777021,0.57828571078462743,0.10523271080188464,0.095808688831331756,1.3618178989051204,1.3684087722750826,1.3471754002176879,0.9844831657852553,,1.0596013536091393,False,False,False,,-1,,,False,2,0.023495485425421771,0.066094849915777021,0.0023452400052580594,0.014227100517648479
10000,0,multi,gaussian_matched,0.050000000000000003,949,31,0.050000000000000003,4.314215406424549,1-<5%,True,False,3,0.066094849915777021,0.57828571078462743,0.10523271080188464,0.095808688831331756,1.3618178989051204,1.3684087722750826,1.3471754002176879,0.9844831657852553,,1.0596013536091393,False,False,False,,-1,,,False,2,0.023495485425421771,0.066094849915777021,0.0023452400052580594,0.014227100517648479
10000,0,multi,gaussian_matched,0.050000000000000003,950,0,0.02,3.6405625339057925,1-<5%,True,False,2,0.086729574976567872,0.43813726582416263,0.10638334606828653,0.083702327288830383,1.6022462358494338,1.6127563969279766,1.5113106640244967,0.93709791937783249,,0.99548555997557264,False,False,False,,-1,,,False,2,0.086729574976567872,0.019824441344196059,0.0046927892712446727,0.052805562027067793
10000,0,multi,gaussian_matched,0.050000000000000003,950,0,0.050000000000000003,3.6405625339057925,1-<5%,True,False,2,0.086729574976567872,0.43813726582416263,0.10638334606828653,0.083702327288830383,1.6022462358494338,1.6127563969279766,1.5113106640244967,0.93709791937783249,,0.99548555997557264,False,False,False,,-1,,,False,2,0.086729574976567872,0.019824441344196059,0.0046927892712446727,0.052805562027067793
10000,0,multi,gaussian_matched,0.050000000000000003,950,1,0.02,3.6405625339057925,1-<5%,True,False,2,0.087323370512150972,0.44925147598554105,0.098746003554407755,0.070367503523803152,1.6022462358494338,1.6077524605082285,1.5126683399884295,0.94085897993914946,,0.98801033704596808,False,False,False,,-1,,,False,2,0.087323370512150972,0.01923804315730911,0.0081506594399778677,0.04389062283465664
10000,0,multi,gaussian_matched,0.050000000000000003,950,1,0.050000000000000003,3.6405625339057925,1-<5%,True,False,3,0.087323370512150972,0.44925147598554105,0.098746003554407755,0.070367503523803152,1.6022462358494338,1.6077524605082285,1.5126683399884295,0.94085897993914946,,0.98801033704596808,False,False,False,,-1,,,False,2,0.087323370512150972,0.01923804315730911,0.0081506594399778677,0.04389062283465664
10000,0,multi,gaussian_matched,0.050000000000000003,950,2,0.02,3.6405625339057925,1-<5%,True,False,2,0.088391169091151189,0.52509377880697217,0.049669742371600385,0.025095951962704297,1.6022462358494338,1.5865079382397544,1.5456157671880606,0.97422504478794847,,0.98031855778899624,False,False,False,,-1,,,False,2,0.088391169091151189,0.023088032179353891,0.0060808233580356402,0.0054737169577246435
10000,0,multi,gaussian_matched,0.050000000000000003,950,2,0.050000000000000003,3.6405625339057925,1-<5%,True,False,3,0.088391169091151189,0.52509377880697217,0.049669742371600385,0.025095951962704297,1.6022462358494338,1.5865079382397544,1.5456157671880606,0.97422504478794847,,0.98031855778899624,False,False,False,,-1,,,False,2,0.088391169091151189,0.023088032179353891,0.0060808233580356402,0.0054737169577246435
10000,0,multi,gaussian_matched,0.050000000000000003,950,3,0.02,3.6405625339057925,1-<5%,True,False,2,0.088270637320576564,0.51247196600555278,0.058404953127851711,0.015039719848622461,1.6022462358494338,1.5877110452959913,1.5391734509834849,0.96942920158153989,,0.97002142121316226,False,False,False,,-1,,,False,2,0.088270637320576564,0.022139941329609676,0.0038037744070510337,0.00090753166615380762
10000,0,multi,gaussian_matched,0.050000000000000003,950,3,0.050000000000000003,3.6405625339057925,1-<5%,True,False,3,0.088270637320576564,0.51247196600555278,0.058404953127851711,0.015039719848622461,1.6022462358494338,1.5877110452959913,1.5391734509834849,0.96942920158153989,,0.97002142121316226,False,False,False,,-1,,,False,2,0.088270637320576564,0.022139941329609676,0.0038037744070510337,0.00090753166615380762
10000,0,multi,gaussian_matched,0.050000000000000003,950,4,0.02,3.6405625339057925,1-<5%,True,False,3,0.090427961034834928,0.49501692573885692,0.049250876844556743,0.0050390688221225903,1.6022462358494338,1.606127948946011,1.5400013687734559,0.9588285726451935,,0.96429650014217227,False,False,False,,-1,,,False,2,0.090427961034834928,0.015804209763997455,0.0070706514148914448,0.010522671114799794
10000,0,multi,gaussian_matched,0.050000000000000003,950,4,0.050000000000000003,3.6405625339057925,1-<5%,True,False,3,0.090427961034834928,0.49501692573885692,0.049250876844556743,0.0050390688221225903,1.6022462358494338,1.606127948946011,1.5400013687734559,0.9588285726451935,,0.96429650014217227,False,False,False,,-1,,,False,2,0.090427961034834928,0.015804209763997455,0.0070706514148914448,0.010522671114799794
10000,0,multi,gaussian_matched,0.050000000000000003,950,5,0.02,3.6405625339057925,1-<5%,True,False,1,0.091194993019600532,0.54300879836560922,0.020659313244103202,0.052063736286990472,1.6022462358494338,1.6003019360869357,1.5655181396820839,0.97826422900549292,,1.0095713378983289,False,False,False,,-1,,,False,2,0.091194993019600532,0.021785154229202901,0.013274205274113245,0.021006399052124529
10000,0,multi,gaussian_matched,0.050000000000000003,950,5,0.050000000000000003,3.6405625339057925,1-<5%,True,False,3,0.091194993019600532,0.54300879836560922,0.020659313244103202,0.052063736286990472,1.6022462358494338,1.6003019360869357,1.5655181396820839,0.97826422900549292,,1.0095713378983289,False,False,False,,-1,,,False,2,0.091194993019600532,0.021785154229202901,0.013274205274113245,0.021006399052124529
10000,0,multi,gaussian_matched,0.050000000000000003,950,6,0.02,3.6405625339057925,1-<5%,True,False,2,0.091797910255376813,0.46571323589324548,0.036701040828396966,0.036775596636359209,1.6022462358494338,1.6353661745533246,1.5422443123828256,0.94305748546136225,,0.98550389677281058,False,False,False,,-1,,,False,2,0.091797910255376813,0.0049120268865372307,0.0085822982290747248,0.031409001139043859
10000,0,multi,gaussian_matched,0.050000000000000003,950,6,0.050000000000000003,3.6405625339057925,1-<5%,True,False,3,0.091797910255376813,0.46571323589324548,0.036701040828396966,0.036775596636359209,1.6022462358494338,1.6353661745533246,1.5422443123828256,0.94305748546136225,,0.98550389677281058,False,False,False,,-1,,,False,2,0.091797910255376813,0.0049120268865372307,0.0085822982290747248,0.031409001139043859
10000,0,multi,gaussian_matched,0.050000000000000003,950,7,0.02,3.6405625339057925,1-<5%,True,False,2,0.088362275360228101,0.49722186004495472,0.06942081040276335,0.019618510094038741,1.6022462358494338,1.5899442228955996,1.53074873480361,0.96276882720817525,,0.96762108732664209,False,False,False,,-1,,,False,2,0.088362275360228101,0.021225337410681191,0.001393935670056823,0.0062039789019755764
10000,0,multi,gaussian_matched,0.050000000000000003,950,7,0.050000000000000003,3.6405625339057925,1-<5%,True,False,3,0.088362275360228101,0.49722186004495472,0.06942081040276335,0.019618510094038741,1.6022462358494338,1.5899442228955996,1.53074873480361,0.96276882720817525,,0.96762108732664209,False,False,False,,-1,,,False,2,0.088362275360228101,0.021225337410681191,0.001393935670056823,0.0062039789019755764
10000,0,multi,gaussian_matched,0.050000000000000003,950,8,0.02,3.6405625339057925,1-<5%,True,False,1,0.10145108636751178,0.45508491722742511,-0.022527835672366811,0.085309153130160062,1.6022462358494338,1.6865983901744346,1.5646104701439776,0.92767221838872949,,1.0297540954430326,False,False,False,,-1,,,False,2,0.10145108636751178,0.0060881509814735644,0.024574562951641541,0.058558743481414405
10000,0,multi,gaussian_matched,0.050000000000000003,950,8,0.050000000000000003,3.6405625339057925,1-<5%,True,False,2,0.10145108636751178,0.45508491722742511,-0.022527835672366811,0.085309153130160062,1.6022462358494338,1.6865983901744346,1.5646104701439776,0.92767221838872949,,1.0297540954430326,False,False,False,,-1,,,False,2,0.10145108636751178,0.0060881509814735644,0.024574562951641541,0.058558743481414405
10000,0,multi,gaussian_matched,0.050000000000000003,950,9,0.02,3.6405625339057925,1-<5%,True,False,2,0.08688772404889844,0.39964517135327271,0.083619659684127656,0.10583653976765564,1.6022462358494338,1.6574534281091142,1.5353192221322014,0.92631213408134905,,1.0242843610300607,False,False,False,,-1,,,False,2,0.08688772404889844,0.0053771143820163687,0.0017313595909954132,0.07566426830522209
10000,0,multi,gaussian_matched,0.050000000000000003,950,9,0.050000000000000003,3.6405625339057925,1-<5%,True,False,2,0.08688772404889844,0.39964517135327271,0.083619659684127656,0.10583653976765564,1.6022462358494338,1.6574534281091142,1.5353192221322014,0.92631213408134905,,1.0242843610300607,False,False,False,,-1,,,False,2,0.08688772404889844,0.0053771143820163687,0.0017313595909954132,0.07566426830522209
10000,0,multi,gaussian_matched,0.050000000000000003,950,10,0.02,3.6405625339057925,1-<5%,True,False,1,0.11519267630455453,0.61410496373778178,0.065751477482195092,0.1151870296191051,1.6022462358494338,1.5279852455908554,1.592896145039975,1.042481365338066,,1.0660553518189648,False,False,False,,-1,,,False,2,0.02891381322627545,0.056215677468845968,0.11519267630455453,0.0082885649804045787
10000,0,multi,gaussian_matched,0.050000000000000003,950,10,0.050000000000000003,3.6405625339057925,1-<5%,True,False,2,0.11519267630455453,0.61410496373778178,0.065751477482195092,0.1151870296191051,1.6022462358494338,1.5279852455908554,1.592896145039975,1.042481365338066,,1.0660553518189648,False,False,False,,-1,,,False,2,0.02891381322627545,0.056215677468845968,0.11519267630455453,0.0082885649804045787
10000,0,multi,gaussian_matched,0.050000000000000003,950,11,0.02,3.6405625339057925,1-<5%,True,False,2,0.087246233913604712,0.56549837230341471,0.044560309805306508,0.065723869361221945,1.6022462358494338,1.5682785067794469,1.5491015052014894,0.98777194133882595,,1.007850939781805,False,False,False,,-1,,,False,2,0.087246233913604712,0.030548085343512554,0.0094650274871736269,0.007593211332270795
10000,0,multi,gaussian_matched,0.050000000000000003,950,11,0.050000000000000003,3.6405625339057925,1-<5%,True,False,3,0.087246233913604712,0.56549837230341471,0.044560309805306508,0.065723869361221945,1.6022462358494338,1.5682785067794469,1.5491015052014894,0.98777194133882595,,1.007850939781805,False,False,False,,-1,,,False,2,0.087246233913604712,0.030548085343512554,0.0094650274871736269,0.007593211332270795
10000,0,multi,gaussian_matched,0.050000000000000003,950,12,0.02,3.6405625339057925,1-<5%,True,False,2,0.089094827808131508,0.52056814958913455,0.046334964034318728,0.020892134073635302,1.6022462358494338,1.5919158189253706,1.547162444327294,0.97188709725349198,,0.9786601730224207,False,False,False,,-1,,,False,2,0.089094827808131508,0.021382901682227166,0.0069213249767089017,0.0073411643648022299
10000,0,multi,gaussian_matched,0.050000000000000003,950,12,0.050000000000000003,3.6405625339057925,1-<5%,True,False,3,0.089094827808131508,0.52056814958913455,0.046334964034318728,0.020892134073635302,1.6022462358494338,1.5919158189253706,1.547162444327294,0.97188709725349198,,0.9786601730224207,False,False,False,,-1,,,False,2,0.089094827808131508,0.021382901682227166,0.0069213249767089017,0.0073411643648022299
10000,0,multi,gaussian_matched,0.050000000000000003,950,13,0.02,3.6405625339057925,1-<5%,True,False,3,0.09131326247684779,0.48409317503573518,0.043146343037263814,0.017320499248192033,1.6022462358494338,1.6180098111576207,1.5406493767346392,0.95218790770642292,,0.97236607028561417,False,False,False,,-1,,,False,2,0.09131326247684779,0.011559143250186478,0.0085358687362358018,0.018581644691162712
10000,0,multi,gaussian_matched,0.050000000000000003,950,13,0.050000000000000003,3.6405625339057925,1-<5%,True,False,3,0.09131326247684779,0.48409317503573518,0.043146343037263814,0.017320499248192033,1.6022462358494338,1.6180098111576207,1.5406493767346392,0.95218790770642292,,0.97236607028561417,False,False,False,,-1,,,False,2,0.09131326247684779,0.011559143250186478,0.0085358687362358018,0.018581644691162712
10000,0,multi,gaussian_matched,0.050000000000000003,950,14,0.02,3.6405625339057925,1-<5%,True,False,2,0.094807527486115692,0.48793026367377768,0.0023559710300443126,0.049149079660503386,1.6022462358494338,1.6466698534800142,1.5625133793106878,0.94889292835994232,,1.005876888902014,False,False,False,,-1,,,False,2,0.094807527486115692,0.0058216725463683394,0.016180100952219299,0.034815090884221946
10000,0,multi,gaussian_matched,0.050000000000000003,950,14,0.050000000000000003,3.6405625339057925,1-<5%,True,False,3,0.094807527486115692,0.48793026367377768,0.0023559710300443126,0.049149079660503386,1.6022462358494338,1.6466698534800142,1.5625133793106878,0.94889292835994232,,1.005876888902014,False,False,False,,-1,,,False,2,0.094807527486115692,0.0058216725463683394,0.016180100952219299,0.034815090884221946
10000,0,multi,gaussian_matched,0.050000000000000003,950,15,0.02,3.6405625339057925,1-<5%,True,False,2,0.086440146700075354,0.50744289038694801,0.083858039417106567,0.034666460022368374,1.6022462358494338,1.5725012271464935,1.5225753756345215,0.9682506756433068,,0.97191168299503927,False,False,False,,-1,,,False,2,0.086440146700075354,0.027528497966959505,0.0021830554612745725,0.0050788555597214707
10000,0,multi,gaussian_matched,0.050000000000000003,950,15,0.050000000000000003,3.6405625339057925,1-<5%,True,False,3,0.086440146700075354,0.50744289038694801,0.083858039417106567,0.034666460022368374,1.6022462358494338,1.5725012271464935,1.5225753756345215,0.9682506756433068,,0.97191168299503927,False,False,False,,-1,,,False,2,0.086440146700075354,0.027528497966959505,0.0021830554612745725,0.0050788555597214707
10000,0,multi,gaussian_matched,0.050000000000000003,950,16,0.02,3.6405625339057925,1-<5%,True,False,2,0.087040629450781587,0.44262071242626616,0.099607777845331202,0.07585060491005316,1.6022462358494338,1.6127297191896539,1.5138479112853038,0.93868668337430083,,0.99216866960063432,False,False,False,,-1,,,False,2,0.087040629450781587,0.018255823289245483,0.0064284439546155245,0.048312168412353668
10000,0,multi,gaussian_matched,0.050000000000000003,950,16,0.050000000000000003,3.6405625339057925,1-<5%,True,False,3,0.087040629450781587,0.44262071242626616,0.099607777845331202,0.07585060491005316,1.6022462358494338,1.6127297191896539,1.5138479112853038,0.93868668337430083,,0.99216866960063432,False,False,False,,-1,,,False,2,0.087040629450781587,0.018255823289245483,0.0064284439546155245,0.048312168412353668
10000,0,multi,gaussian_matched,0.050000000000000003,950,17,0.02,3.6405625339057925,1-<5%,True,False,1,0.08515940382983489,0.50097470838543257,0.13255775029490219,0.082563503984460676,1.6022462358494338,1.545994198352183,1.4868891201600838,0.96176888745436617,,0.9795327266364251,False,False,False,,-1,,,False,2,0.08515940382983489,0.043203524880913412,0.00789151692633582,0.028635856076038368
10000,0,multi,gaussian_matched,0.050000000000000003,950,17,0.050000000000000003,3.6405625339057925,1-<5%,True,False,3,0.08515940382983489,0.50097470838543257,0.13255775029490219,0.082563503984460676,1.6022462358494338,1.545994198352183,1.4868891201600838,0.96176888745436617,,0.9795327266364251,False,False,False,,-1,,,False,2,0.08515940382983489,0.043203524880913412,0.00789151692633582,0.028635856076038368
10000,0,multi,gaussian_matched,0.050000000000000003,950,18,0.02,3.6405625339057925,1-<5%,True,False,1,0.092416984900008284,0.56607455482107083,0.0031360155165093967,0.081006665382988965,1.6022462358494338,1.6046713114441551,1.5795285248439095,0.98433150364131716,,1.0363795233674322,False,False,False,,-1,,,False,2,0.092416984900008284,0.024782517746901808,0.017392103708591945,0.030004164584132166
10000,0,multi,gaussian_matched,0.050000000000000003,950,18,0.050000000000000003,3.6405625339057925,1-<5%,True,False,3,0.092416984900008284,0.56607455482107083,0.0031360155165093967,0.081006665382988965,1.6022462358494338,1.6046713114441551,1.5795285248439095,0.98433150364131716,,1.0363795233674322,False,False,False,,-1,,,False,2,0.092416984900008284,0.024782517746901808,0.017392103708591945,0.030004164584132166
10000,0,multi,gaussian_matched,0.050000000000000003,950,19,0.02,3.6405625339057925,1-<5%,True,False,2,0.090567634444910533,0.46639706152370491,0.052661552900745985,0.03370817909773742,1.6022462358494338,1.6236790468951332,1.5342093474789142,0.94489693046953671,,0.9785746357178472,False,False,False,,-1,,,False,2,0.090567634444910533,0.0091090614874888634,0.0053296401993616392,0.028007965919977354
10000,0,multi,gaussian_matched,0.050000000000000003,950,19,0.050000000000000003,3.6405625339057925,1-<5%,True,False,3,0.090567634444910533,0.46639706152370491,0.052661552900745985,0.03370817909773742,1.6022462358494338,1.6236790468951332,1.5342093474789142,0.94489693046953671,,0.9785746357178472,False,False,False,,-1,,,False,2,0.090567634444910533,0.0091090614874888634,0.0053296401993616392,0.028007965919977354
10000,0,multi,gaussian_matched,0.050000000000000003,950,20,0.02,3.6405625339057925,1-<5%,True,False,2,0.089427373538425045,0.54530993518480098,0.03177179998391929,0.048839098090332406,1.6022462358494338,1.5896401590752698,1.5590506162238205,0.98075693880982229,,1.0035222291920238,False,False,False,,-1,,,False,2,0.089427373538425045,0.024033585506410955,0.010692619250609369,0.014993462876375678
10000,0,multi,gaussian_matched,0.050000000000000003,950,20,0.050000000000000003,3.6405625339057925,1-<5%,True,False,3,0.089427373538425045,0.54530993518480098,0.03177179998391929,0.048839098090332406,1.6022462358494338,1.5896401590752698,1.5590506162238205,0.98075693880982229,,1.0035222291920238,False,False,False,,-1,,,False,2,0.089427373538425045,0.024033585506410955,0.010692619250609369,0.014993462876375678
10000,0,multi,gaussian_matched,0.050000000000000003,950,21,0.02,3.6405625339057925,1-<5%,True,False,2,0.087576637860927675,0.55363102790034757,0.045749454703873621,0.053799203423120327,1.6022462358494338,1.5733779876397567,1.5486301366102804,0.98427088009118469,,1.0001142796780358,False,False,False,,-1,,,False,2,0.087576637860927675,0.02828334972495055,0.0085145050787196631,0.0072042196851031847
10000,0,multi,gaussian_matched,0.050000000000000003,950,21,0.050000000000000003,3.6405625339057925,1-<5%,True,False,3,0.087576637860927675,0.55363102790034757,0.045749454703873621,0.053799203423120327,1.6022462358494338,1.5733779876397567,1.5486301366102804,0.98427088009118469,,1.0001142796780358,False,False,False,,-1,,,False,2,0.087576637860927675,0.02828334972495055,0.0085145050787196631,0.0072042196851031847
10000,0,multi,gaussian_matched,0.050000000000000003,950,22,0.02,3.6405625339057925,1-<5%,True,False,2,0.095864817500765892,0.49206650063864682,-0.0093580787894949613,0.059885907605182732,1.6022462358494338,1.6535655729637937,1.5694456525859397,0.94912816174136938,,1.0169045953959313,False,False,False,,-1,,,False,2,0.095864817500765892,0.0058770294376248259,0.018222885732737785,0.039786221911581036
10000,0,multi,gaussian_matched,0.050000000000000003,950,22,0.050000000000000003,3.6405625339057925,1-<5%,True,False,3,0.095864817500765892,0.49206650063864682,-0.0093580787894949613,0.059885907605182732,1.6022462358494338,1.6535655729637937,1.5694456525859397,0.94912816174136938,,1.0169045953959313,False,False,False,,-1,,,False,2,0.095864817500765892,0.0058770294376248259,0.018222885732737785,0.039786221911581036
10000,0,multi,gaussian_matched,0.050000000000000003,950,23,0.02,3.6405625339057925,1-<5%,True,False,3,0.092054379915002857,0.49344469874856933,0.032624888395875087,0.018570580975101579,1.6022462358494338,1.6196706852215195,1.5477297064844289,0.95558295930555082,,0.9775652783039015,False,False,False,,-1,,,False,2,0.092054379915002857,0.011959699158731471,0.010888035281470365,0.018383122502679261
10000,0,multi,gaussian_matched,0.050000000000000003,950,23,0.050000000000000003,3.6405625339057925,1-<5%,True,False,3,0.092054379915002857,0.49344469874856933,0.032624888395875087,0.018570580975101579,1.6022462358494338,1.6196706852215195,1.5477297064844289,0.95558295930555082,,0.9775652783039015,False,False,False,,-1,,,False,2,0.092054379915002857,0.011959699158731471,0.010888035281470365,0.018383122502679261
10000,0,multi,gaussian_matched,0.050000000000000003,950,24,0.02,3.6405625339057925,1-<5%,True,False,1,0.10291702528772176,0.46313329743365783,-0.034098489223752526,0.091824341259999026,1.6022462358494338,1.6906866228937996,1.5703287453248955,0.92881124394129411,,1.0373892909810465,False,False,False,,-1,,,False,2,0.10291702528772176,0.0038013865147523865,0.026870236418378948,0.060530786387841005
10000,0,multi,gaussian_matched,0.050000000000000003,950,24,0.050000000000000003,3.6405625339057925,1-<5%,True,False,2,0.10291702528772176,0.46313329743365783,-0.034098489223752526,0.091824341259999026,1.6022462358494338,1.6906866228937996,1.5703287453248955,0.92881124394129411,,1.0373892909810465,False,False,False,,-1,,,False,2,0.10291702528772176,0.0038013865147523865,0.026870236418378948,0.060530786387841005
10000,0,multi,gaussian_matched,0.050000000000000003,950,25,0.02,3.6405625339057925,1-<5%,True,False,2,0.089876007666164673,0.4438472174315673,0.045832913083847612,0.056307189625699208,1.6022462358494338,1.6448874708896029,1.5413043404064286,0.93702722385796189,,0.99710736982018944,False,False,False,,-1,,,False,2,0.089876007666164673,0.0013324116607882134,0.0013233049486030015,0.044019993045198727
10000,0,multi,gaussian_matched,0.050000000000000003,950,25,0.050000000000000003,3.6405625339057925,1-<5%,True,False,3,0.089876007666164673,0.4438472174315673,0.045832913083847612,0.056307189625699208,1.6022462358494338,1.6448874708896029,1.5413043404064286,0.93702722385796189,,0.99710736982018944,False,False,False,,-1,,,False,2,0.089876007666164673,0.0013324116607882134,0.0013233049486030015,0.044019993045198727
10000,0,multi,gaussian_matched,0.050000000000000003,950,26,0.02,3.6405625339057925,1-<5%,True,False,3,0.091685716672183407,0.4844955570567448,0.038731247075667434,0.019166964899282043,1.6022462358494338,1.620988511414887,1.5429261236161138,0.95184272605939935,,0.97493946533583165,False,False,False,,-1,,,False,2,0.091685716672183407,0.010728932002618192,0.009479627719461009,0.019832459018607501
10000,0,multi,gaussian_matched,0.050000000000000003,950,26,0.050000000000000003,3.6405625339057925,1-<5%,True,False,3,0.091685716672183407,0.4844955570567448,0.038731247075667434,0.019166964899282043,1.6022462358494338,1.620988511414887,1.5429261236161138,0.95184272605939935,,0.97493946533583165,False,False,False,,-1,,,False,2,0.091685716672183407,0.010728932002618192,0.009479627719461009,0.019832459018607501
10000,0,multi,gaussian_matched,0.050000000000000003,950,27,0.02,3.6405625339057925,1-<5%,True,False,2,0.086220844130937002,0.52147791028806023,0.078338852545238646,0.035558278838025079,1.6022462358494338,1.5668051571322248,1.5251281068282549,0.97339997885872886,,0.97406150861629537,False,False,False,,-1,,,False,2,0.086220844130937002,0.029161203158323094,0.0002831334909361977,0.0044046946429884002
10000,0,multi,gaussian_matched,0.050000000000000003,950,27,0.050000000000000003,3.6405625339057925,1-<5%,True,False,3,0.086220844130937002,0.52147791028806023,0.078338852545238646,0.035558278838025079,1.6022462358494338,1.5668051571322248,1.5251281068282549,0.97339997885872886,,0.97406150861629537,False,False,False,,-1,,,False,2,0.086220844130937002,0.029161203158323094,0.0002831334909361977,0.0044046946429884002
10000,0,multi,gaussian_matched,0.050000000000000003,950,28,0.02,3.6405625339057925,1-<5%,True,False,2,0.092240495197124808,0.52396019121098636,0.021181231649631479,0.037478155932479267,1.6022462358494338,1.6102181113680125,1.5607528796510941,0.96928041526318842,,0.99749401797550064,False,False,False,,-1,,,False,2,0.092240495197124808,0.01770791272907251,0.013347631557152828,0.020950883291794283
10000,0,multi,gaussian_matched,0.050000000000000003,950,28,0.050000000000000003,3.6405625339057925,1-<5%,True,False,3,0.092240495197124808,0.52396019121098636,0.021181231649631479,0.037478155932479267,1.6022462358494338,1.6102181113680125,1.5607528796510941,0.96928041526318842,,0.99749401797550064,False,False,False,,-1,,,False,2,0.092240495197124808,0.01770791272907251,0.013347631557152828,0.020950883291794283
10000,0,multi,gaussian_matched,0.050000000000000003,950,29,0.02,3.6405625339057925,1-<5%,True,False,1,0.28663869162454603,0.3758979173844284,0.074976105366562559,0.12659041333688659,1.6022462358494338,1.6821841380646885,1.3933044039889235,0.82827103909794675,,0.94860252021128011,False,False,False,,-1,,,False,2,0.28663869162454603,0.0026141499027341648,0.18842399589046599,0.096464686265686592
10000,0,multi,gaussian_matched,0.050000000000000003,950,29,0.050000000000000003,3.6405625339057925,1-<5%,True,False,1,0.28663869162454603,0.3758979173844284,0.074976105366562559,0.12659041333688659,1.6022462358494338,1.6821841380646885,1.3933044039889235,0.82827103909794675,,0.94860252021128011,False,False,False,,-1,,,False,2,0.28663869162454603,0.0026141499027341648,0.18842399589046599,0.096464686265686592
10000,0,multi,gaussian_matched,0.050000000000000003,950,30,0.02,3.6405625339057925,1-<5%,True,False,2,0.087821754622131848,0.42395413679176042,0.067417173103769781,0.078014942350891778,1.6022462358494338,1.6466132846081174,1.5359573049162318,0.93279783375595626,,1.0073184827371264,False,False,False,,-1,,,False,2,0.087821754622131848,0.0037394800553393146,0.0063729790665058798,0.056824094558515365
10000,0,multi,gaussian_matched,0.050000000000000003,950,30,0.050000000000000003,3.6405625339057925,1-<5%,True,False,2,0.087821754622131848,0.42395413679176042,0.067417173103769781,0.078014942350891778,1.6022462358494338,1.6466132846081174,1.5359573049162318,0.93279783375595626,,1.0073184827371264,False,False,False,,-1,,,False,2,0.087821754622131848,0.0037394800553393146,0.0063729790665058798,0.056824094558515365
10000,0,multi,gaussian_matched,0.050000000000000003,950,31,0.02,3.6405625339057925,1-<5%,True,False,2,0.088586662786403023,0.54158954887535804,0.040187814844930038,0.042731364981394765,1.6022462358494338,1.5845957796829837,1.5529605603114891,0.9800357796119944,,0.99590929882692147,False,False,False,,-1,,,False,2,0.088586662786403023,0.024761788241928713,0.0087490096872721215,0.010479835956619658
10000,0,multi,gaussian_matched,0.050000000000000003,950,31,0.050000000000000003,3.6405625339057925,1-<5%,True,False,3,0.088586662786403023,0.54158954887535804,0.040187814844930038,0.042731364981394765,1.6022462358494338,1.5845957796829837,1.5529605603114891,0.9800357796119944,,0.99590929882692147,False,False,False,,-1,,,False,2,0.088586662786403023,0.024761788241928713,0.0087490096872721215,0.010479835956619658
10000,0,multi,gaussian_matched,0.050000000000000003,951,0,0.02,1.346534303627013,1-<5%,True,False,1,0.14365609944610436,0.54857935126189661,0.16215838880956127,0.1222270737168466,1.2754631330004835,1.1681269254733135,1.1184661504882447,0.9574868330640125,,0.9727393854861196,False,False,False,,-1,,,False,2,0.14365609944610436,0.021471767062770333,0.027170794785236246,0.0068855039298762535
10000,0,multi,gaussian_matched,0.050000000000000003,951,0,0.050000000000000003,1.346534303627013,1-<5%,True,False,3,0.14365609944610436,0.54857935126189661,0.16215838880956127,0.1222270737168466,1.2754631330004835,1.1681269254733135,1.1184661504882447,0.9574868330640125,,0.9727393854861196,False,False,False,,-1,,,False,2,0.14365609944610436,0.021471767062770333,0.027170794785236246,0.0068855039298762535
10000,0,multi,gaussian_matched,0.050000000000000003,951,1,0.02,1.346534303627013,1-<5%,True,False,2,0.10971229073431613,0.59270878918074899,-0.0083358586196676035,0.10953534585810376,1.2754631330004835,1.2682357284625863,1.2361385647515351,0.9746914844056942,,1.0550472810954457,False,False,False,,-1,,,False,2,0.10971229073431613,0.013911628036160814,0.060987980276459713,0.00054987639606750456
10000,0,multi,gaussian_matched,0.050000000000000003,951,1,0.050000000000000003,1.346534303627013,1-<5%,True,False,2,0.10971229073431613,0.59270878918074899,-0.0083358586196676035,0.10953534585810376,1.2754631330004835,1.2682357284625863,1.2361385647515351,0.9746914844056942,,1.0550472810954457,False,False,False,,-1,,,False,2,0.10971229073431613,0.013911628036160814,0.060987980276459713,0.00054987639606750456
10000,0,multi,gaussian_matched,0.050000000000000003,951,2,0.02,1.346534303627013,1-<5%,True,False,2,0.07136747728782171,0.55383648916280348,0.019136375726960222,0.062055868929892739,1.2754631330004835,1.2640396699560423,1.2754830033159859,1.0090529859401813,,1.0486691756423911,False,False,False,,-1,,,False,2,0.07136747728782171,6.6455638684712051e-05,0.034483123162593846,0.00014500634325739773
10000,0,multi,gaussian_matched,0.050000000000000003,951,2,0.050000000000000003,1.346534303627013,1-<5%,True,False,3,0.07136747728782171,0.55383648916280348,0.019136375726960222,0.062055868929892739,1.2754631330004835,1.2640396699560423,1.2754830033159859,1.0090529859401813,,1.0486691756423911,False,False,False,,-1,,,False,2,0.07136747728782171,6.6455638684712051e-05,0.034483123162593846,0.00014500634325739773
10000,0,multi,gaussian_matched,0.050000000000000003,951,3,0.02,1.346534303627013,1-<5%,True,False,2,0.05411884554395742,0.45946570808606069,0.059155448113273432,0.041555397376505591,1.2754631330004835,1.3000953610647754,1.216785690303303,0.93592033841791267,,0.98657582106634789,False,False,False,,-1,,,False,2,0.05411884554395742,0.0063578378074438885,0.025010780902843786,0.017417751510371133
10000,0,multi,gaussian_matched,0.050000000000000003,951,3,0.050000000000000003,1.346534303627013,1-<5%,True,False,3,0.05411884554395742,0.45946570808606069,0.059155448113273432,0.041555397376505591,1.2754631330004835,1.3000953610647754,1.216785690303303,0.93592033841791267,,0.98657582106634789,False,False,False,,-1,,,False,2,0.05411884554395742,0.0063578378074438885,0.025010780902843786,0.017417751510371133
10000,0,multi,gaussian_matched,0.050000000000000003,951,4,0.02,1.346534303627013,1-<5%,True,False,2,0.061026240014618052,0.48051331259473368,-0.055115464418804661,0.10690646306941201,1.2754631330004835,1.3672240171530259,1.2835265155022397,0.93878289102537149,,1.0901396854181944,False,False,False,,-1,,,False,2,0.013223593020344076,0.061026240014618052,0.0053398550376193895,0.032570265938813202
10000,0,multi,gaussian_matched,0.050000000000000003,951,4,0.050000000000000003,1.346534303627013,1-<5%,True,False,3,0.061026240014618052,0.48051331259473368,-0.055115464418804661,0.10690646306941201,1.2754631330004835,1.3672240171530259,1.2835265155022397,0.93878289102537149,,1.0901396854181944,False,False,False,,-1,,,False,2,0.013223593020344076,0.061026240014618052,0.0053398550376193895,0.032570265938813202
10000,0,multi,gaussian_matched,0.050000000000000003,951,5,0.02,1.346534303627013,1-<5%,True,False,0,0.10380721038421822,0.39215469070562586,0.014351929998564383,0.11358431067549107,1.2754631330004835,1.3807637521805285,1.3502561567656073,0.97790527498513558,,1.1476932806340419,False,False,False,,-1,,,False,2,0.036980462272974385,0.10380721038421822,0.050761525278557471,0.044903886499664605
10000,0,multi,gaussian_matched,0.050000000000000003,951,5,0.050000000000000003,1.346534303627013,1-<5%,True,False,2,0.10380721038421822,0.39215469070562586,0.014351929998564383,0.11358431067549107,1.2754631330004835,1.3807637521805285,1.3502561567656073,0.97790527498513558,,1.1476932806340419,False,False,False,,-1,,,False,2,0.036980462272974385,0.10380721038421822,0.050761525278557471,0.044903886499664605
10000,0,multi,gaussian_matched,0.050000000000000003,951,6,0.02,1.346534303627013,1-<5%,True,False,2,0.090305219024546413,0.5785209708579262,0.021536363391390735,0.083520784679373419,1.2754631330004835,1.2486459966831891,1.2516951964098482,1.002442004967588,,1.0468479617659914,False,False,False,,-1,,,False,2,0.090305219024546413,0.0065798898359377134,0.045689057593155204,0.0050182385576742839
10000,0,multi,gaussian_matched,0.050000000000000003,951,6,0.050000000000000003,1.346534303627013,1-<5%,True,False,3,0.090305219024546413,0.5785209708579262,0.021536363391390735,0.083520784679373419,1.2754631330004835,1.2486459966831891,1.2516951964098482,1.002442004967588,,1.0468479617659914,False,False,False,,-1,,,False,2,0.090305219024546413,0.0065798898359377134,0.045689057593155204,0.0050182385576742839
10000,0,multi,gaussian_matched,0.050000000000000003,951,7,0.02,1.346534303627013,1-<5%,True,False,3,0.066134795039373709,0.5015371389001404,0.0097199786717585349,0.040309340284875816,1.2754631330004835,1.3036270715360894,1.2763089026413752,0.9790444909505257,,1.0322667969468875,False,False,False,,-1,,,False,2,0.066134795039373709,0.0054941547013776827,0.0067480632975494429,0.012082731474852212
10000,0,multi,gaussian_matched,0.050000000000000003,951,7,0.050000000000000003,1.346534303627013,1-<5%,True,False,3,0.066134795039373709,0.5015371389001404,0.0097199786717585349,0.040309340284875816,1.2754631330004835,1.3036270715360894,1.2763089026413752,0.9790444909505257,,1.0322667969468875,False,False,False,,-1,,,False,2,0.066134795039373709,0.0054941547013776827,0.0067480632975494429,0.012082731474852212
10000,0,multi,gaussian_matched,0.050000000000000003,951,8,0.02,1.346534303627013,1-<5%,True,False,1,0.048030868182738252,0.43868023726081523,0.077790379735935555,0.067323238991134474,1.2754631330004835,1.3060901128677422,1.2085263166175739,0.92530086914451071,,1.0003029665054417,False,False,False,,-1,,,False,2,0.048030868182738252,0.0093474584368509125,0.03993451362569745,0.024797223153950384
10000,0,multi,gaussian_matched,0.050000000000000003,951,8,0.050000000000000003,1.346534303627013,1-<5%,True,True,4,0.048030868182738252,0.43868023726081523,0.077790379735935555,0.067323238991134474,1.2754631330004835,1.3060901128677422,1.2085263166175739,0.92530086914451071,0.92360754906758757,1.0003029665054417,True,True,False,3>4>2>1,17,0,0,True,2,0.048030868182738252,0.0093474584368509125,0.03993451362569745,0.024797223153950384
10000,0,multi,gaussian_matched,0.050000000000000003,951,9,0.02,1.346534303627013,1-<5%,True,False,1,0.093144886741665878,0.42903833823494869,-0.0090129048094164665,0.092293447083218183,1.2754631330004835,1.367567144168476,1.3378946160395364,0.97830269010522231,,1.1213088219635843,False,False,False,,-1,,,False,2,0.019957482072096838,0.093144886741665878,0.028299073877165879,0.035555837965325229
10000,0,multi,gaussian_matched,0.050000000000000003,951,9,0.050000000000000003,1.346534303627013,1-<5%,True,False,3,0.093144886741665878,0.42903833823494869,-0.0090129048094164665,0.092293447083218183,1.2754631330004835,1.367567144168476,1.3378946160395364,0.97830269010522231,,1.1213088219635843,False,False,False,,-1,,,False,2,0.019957482072096838,0.093144886741665878,0.028299073877165879,0.035555837965325229
10000,0,multi,gaussian_matched,0.050000000000000003,951,10,0.02,1.346534303627013,1-<5%,True,False,2,0.077584337984122592,0.54752479791116471,0.055379799667195306,0.047828324881352476,1.2754631330004835,1.2390354883924721,1.254173584015517,1.0122176449059463,,1.0208071681648332,False,False,False,,-1,,,False,2,0.077584337984122592,0.00087845800819203259,0.020884438318520184,0.0079526557933940496
10000,0,multi,gaussian_matched,0.050000000000000003,951,10,0.050000000000000003,1.346534303627013,1-<5%,True,False,3,0.077584337984122592,0.54752479791116471,0.055379799667195306,0.047828324881352476,1.2754631330004835,1.2390354883924721,1.254173584015517,1.0122176449059463,,1.0208071681648332,False,False,False,,-1,,,False,2,0.077584337984122592,0.00087845800819203259,0.020884438318520184,0.0079526557933940496
10000,0,multi,gaussian_matched,0.050000000000000003,951,11,0.02,1.346534303627013,1-<5%,True,False,3,0.066177026211987386,0.48087771712199257,0.059434652544439609,0.021323094782438056,1.2754631330004835,1.283318494752858,1.2548997010661502,0.97785522938934921,,1.0005955976526877,False,False,False,,-1,,,False,2,0.066177026211987386,0.0020154894193579517,0.013092939961363969,0.0098464918516608848
10000,0,multi,gaussian_matched,0.050000000000000003,951,11,0.050000000000000003,1.346534303627013,1-<5%,True,False,3,0.066177026211987386,0.48087771712199257,0.059434652544439609,0.021323094782438056,1.2754631330004835,1.283318494752858,1.2548997010661502,0.97785522938934921,,1.0005955976526877,False,False,False,,-1,,,False,2,0.066177026211987386,0.0020154894193579517,0.013092939961363969,0.0098464918516608848
10000,0,multi,gaussian_matched,0.050000000000000003,951,12,0.02,1.346534303627013,1-<5%,True,False,3,0.066460648261408059,0.50348257996516399,0.00042404578574043589,0.049698124707760583,1.2754631330004835,1.3094465949531873,1.2805540221631639,0.97793527975758632,,1.0429561721173013,False,False,False,,-1,,,False,2,0.066460648261408059,0.0047362585829671946,0.0092144130416062734,0.01399004444313392
10000,0,multi,gaussian_matched,0.050000000000000003,951,12,0.050000000000000003,1.346534303627013,1-<5%,True,False,3,0.066460648261408059,0.50348257996516399,0.00042404578574043589,0.049698124707760583,1.2754631330004835,1.3094465949531873,1.2805540221631639,0.97793527975758632,,1.0429561721173013,False,False,False,,-1,,,False,2,0.066460648261408059,0.0047362585829671946,0.0092144130416062734,0.01399004444313392
10000,0,multi,gaussian_matched,0.050000000000000003,951,13,0.02,1.346534303627013,1-<5%,True,False,1,0.048451059232346841,0.43053997582374148,0.088723975852705042,0.079525098330069988,1.2754631330004835,1.3071267016403856,1.2049432898880572,0.92182593192833351,,1.0070603806449969,False,False,False,,-1,,,False,2,0.048451059232346841,0.0085906265154275692,0.046548310862606107,0.027945380951191607
10000,0,multi,gaussian_matched,0.050000000000000003,951,13,0.050000000000000003,1.346534303627013,1-<5%,True,True,4,0.048451059232346841,0.43053997582374148,0.088723975852705042,0.079525098330069988,1.2754631330004835,1.3071267016403856,1.2049432898880572,0.92182593192833351,0.920551106907332,1.0070603806449969,True,True,False,3>4>2>1,17,0,0,True,2,0.048451059232346841,0.0085906265154275692,0.046548310862606107,0.027945380951191607
10000,0,multi,gaussian_matched,0.050000000000000003,951,14,0.02,1.346534303627013,1-<5%,True,False,2,0.1091661045001988,0.59084216756655972,0.035297909951282187,0.092024186277258224,1.2754631330004835,1.2305336506073794,1.2188770025911679,0.99052716030117671,,1.0277844611506535,False,False,False,,-1,,,False,2,0.1091661045001988,0.0056996461352603386,0.045718661723407633,0.01082706154951486
10000,0,multi,gaussian_matched,0.050000000000000003,951,14,0.050000000000000003,1.346534303627013,1-<5%,True,False,3,0.1091661045001988,0.59084216756655972,0.035297909951282187,0.092024186277258224,1.2754631330004835,1.2305336506073794,1.2188770025911679,0.99052716030117671,,1.0277844611506535,False,False,False,,-1,,,False,2,0.1091661045001988,0.0056996461352603386,0.045718661723407633,0.01082706154951486
10000,0,multi,gaussian_matched,0.050000000000000003,951,15,0.02,1.346534303627013,1-<5%,True,False,0,0.09935867401879557,0.40537713686408294,0.0085866933412127033,0.10328866441412266,1.2754631330004835,1.3739054489179119,1.3461645865051719,0.97980875435453818,,1.1364132866071206,False,False,False,,-1,,,False,2,0.031818072349611377,0.09935867401879557,0.043006638436102383,0.040716866962366968
10000,0,multi,gaussian_matched,0.050000000000000003,951,15,0.050000000000000003,1.346534303627013,1-<5%,True,False,3,0.09935867401879557,0.40537713686408294,0.0085866933412127033,0.10328866441412266,1.2754631330004835,1.3739054489179119,1.3461645865051719,0.97980875435453818,,1.1364132866071206,False,False,False,,-1,,,False,2,0.031818072349611377,0.09935867401879557,0.043006638436102383,0.040716866962366968
10000,0,multi,gaussian_matched,0.050000000000000003,951,16,0.02,1.346534303627013,1-<5%,True,False,2,0.090590564567909274,0.55590534932721503,0.064925276334163257,0.057863390473157333,1.2754631330004835,1.2263362704225038,1.2353454687012477,1.0073464338420326,,1.0139131627679236,False,False,False,,-1,,,False,2,0.090590564567909274,0.0030048245684414919,0.020433479417554655,0.011922590896279979
10000,0,multi,gaussian_matched,0.050000000000000003,951,16,0.050000000000000003,1.346534303627013,1-<5%,True,False,3,0.090590564567909274,0.55590534932721503,0.064925276334163257,0.057863390473157333,1.2754631330004835,1.2263362704225038,1.2353454687012477,1.0073464338420326,,1.0139131627679236,False,False,False,,-1,,,False,2,0.090590564567909274,0.0030048245684414919,0.020433479417554655,0.011922590896279979
10000,0,multi,gaussian_matched,0.050000000000000003,951,17,0.02,1.346534303627013,1-<5%,True,False,3,0.049205037516247191,0.46918801014045936,0.01572265444889042,0.046090293307101085,1.2754631330004835,1.3214494628978484,1.2378771407749003,0.93675708041102101,,1.0066676181078724,False,False,False,,-1,,,False,2,0.049205037516247191,0.017569428982843048,0.011926602538549436,0.018804507684494983
10000,0,multi,gaussian_matched,0.050000000000000003,951,17,0.050000000000000003,1.346534303627013,1-<5%,True,True,4,0.049205037516247191,0.46918801014045936,0.01572265444889042,0.046090293307101085,1.2754631330004835,1.3214494628978484,1.2378771407749003,0.93675708041102101,0.93576127634840012,1.0066676181078724,True,True,False,3>4>2>1,17,0,0,True,2,0.049205037516247191,0.017569428982843048,0.011926602538549436,0.018804507684494983
10000,0,multi,gaussian_matched,0.050000000000000003,951,18,0.02,1.346534303627013,1-<5%,True,False,2,0.069068900507247774,0.4707430402572742,0.087907789591317537,0.047884968467015614,1.2754631330004835,1.2738960326444873,1.24685600990789,0.97877376014707829,,1.0151143885508251,False,False,False,,-1,,,False,2,0.069068900507247774,0.0080430906762260397,0.025570174309749488,0.014429690220468486
10000,0,multi,gaussian_matched,0.050000000000000003,951,18,0.050000000000000003,1.346534303627013,1-<5%,True,False,3,0.069068900507247774,0.4707430402572742,0.087907789591317537,0.047884968467015614,1.2754631330004835,1.2738960326444873,1.24685600990789,0.97877376014707829,,1.0151143885508251,False,False,False,,-1,,,False,2,0.069068900507247774,0.0080430906762260397,0.025570174309749488,0.014429690220468486
10000,0,multi,gaussian_matched,0.050000000000000003,951,19,0.02,1.346534303627013,1-<5%,True,False,1,0.044868991696837328,0.43119770955301934,0.066532540529627912,0.070760724043175793,1.2754631330004835,1.318576711648507,1.2090849614754844,0.9169621689767794,,1.0034360479772291,False,False,False,,-1,,,False,2,0.044868991696837328,0.016820420723095465,0.041519114068862516,0.02719192712357538
10000,0,multi,gaussian_matched,0.050000000000000003,951,19,0.050000000000000003,1.346534303627013,1-<5%,True,True,4,0.044868991696837328,0.43119770955301934,0.066532540529627912,0.070760724043175793,1.2754631330004835,1.318576711648507,1.2090849614754844,0.9169621689767794,0.91221163742861244,1.0034360479772291,True,True,False,3>4>2>1,17,0,0,True,2,0.044868991696837328,0.016820420723095465,0.041519114068862516,0.02719192712357538
10000,0,multi,gaussian_matched,0.050000000000000003,951,20,0.02,1.346534303627013,1-<5%,True,False,3,0.068637576569403377,0.51344576463393166,0.046983007628659791,0.013780088155008745,1.2754631330004835,1.2680881883518007,1.2648892493944481,0.99747735292644713,,1.0025137571334037,False,False,False,,-1,,,False,2,0.068637576569403377,0.00087774171175152016,0.0074871932876917156,0.00056968462817002683
10000,0,multi,gaussian_matched,0.050000000000000003,951,20,0.050000000000000003,1.346534303627013,1-<5%,True,False,3,0.068637576569403377,0.51344576463393166,0.046983007628659791,0.013780088155008745,1.2754631330004835,1.2680881883518007,1.2648892493944481,0.99747735292644713,,1.0025137571334037,False,False,False,,-1,,,False,2,0.068637576569403377,0.00087774171175152016,0.0074871932876917156,0.00056968462817002683
10000,0,multi,gaussian_matched,0.050000000000000003,951,21,0.02,1.346534303627013,1-<5%,True,False,2,0.075003901656018099,0.52808139435486046,-0.036843599533154012,0.091270890697900037,1.2754631330004835,1.3248852897478138,1.2951736468386637,0.97757417707097827,,1.0870126322467668,False,False,False,,-1,,,False,2,0.075003901656018099,0.0099606736857937982,0.027637320357590239,0.018465534065699885
10000,0,multi,gaussian_matched,0.050000000000000003,951,21,0.050000000000000003,1.346534303627013,1-<5%,True,False,3,0.075003901656018099,0.52808139435486046,-0.036843599533154012,0.091270890697900037,1.2754631330004835,1.3248852897478138,1.2951736468386637,0.97757417707097827,,1.0870126322467668,False,False,False,,-1,,,False,2,0.075003901656018099,0.0099606736857937982,0.027637320357590239,0.018465534065699885
10000,0,multi,gaussian_matched,0.050000000000000003,951,22,0.02,1.346534303627013,1-<5%,True,False,2,0.071427427174627967,0.54718552823993938,-0.019051763933754434,0.083633845885772023,1.2754631330004835,1.2996187867499387,1.2919932882125509,0.99413251130629043,,1.0785314749648678,False,False,False,,-1,,,False,2,0.071427427174627967,0.0050277496789965584,0.035548017684599316,0.010604741818895045
10000,0,multi,gaussian_matched,0.050000000000000003,951,22,0.050000000000000003,1.346534303627013,1-<5%,True,False,3,0.071427427174627967,0.54718552823993938,-0.019051763933754434,0.083633845885772023,1.2754631330004835,1.2996187867499387,1.2919932882125509,0.99413251130629043,,1.0785314749648678,False,False,False,,-1,,,False,2,0.071427427174627967,0.0050277496789965584,0.035548017684599316,0.010604741818895045
10000,0,multi,gaussian_matched,0.050000000000000003,951,23,0.02,1.346534303627013,1-<5%,True,False,3,0.12158732026638727,0.54115102356154321,0.12153346159799851,0.082525407411021073,1.2754631330004835,1.1973261976922369,1.1740763222394501,0.98058183684813771,,0.98521211404547504,False,False,False,,-1,,,False,2,0.12158732026638727,0.0070597305802221214,0.01012853972671594,0.0072913366812938241
10000,0,multi,gaussian_matched,0.050000000000000003,951,23,0.050000000000000003,1.346534303627013,1-<5%,True,False,3,0.12158732026638727,0.54115102356154321,0.12153346159799851,0.082525407411021073,1.2754631330004835,1.1973261976922369,1.1740763222394501,0.98058183684813771,,0.98521211404547504,False,False,False,,-1,,,False,2,0.12158732026638727,0.0070597305802221214,0.01012853972671594,0.0072913366812938241
10000,0,multi,gaussian_matched,0.050000000000000003,951,24,0.02,1.346534303627013,1-<5%,True,False,3,0.067501618457188731,0.47695384884436087,0.073629863423658001,0.033007507153817249,1.2754631330004835,1.2774035257368348,1.2508867726185822,0.97924167846416643,,1.0066102630125278,False,False,False,,-1,,,False,2,0.067501618457188731,0.0050896973713884224,0.018369588633983729,0.011546209737757464
10000,0,multi,gaussian_matched,0.050000000000000003,951,24,0.050000000000000003,1.346534303627013,1-<5%,True,False,3,0.067501618457188731,0.47695384884436087,0.073629863423658001,0.033007507153817249,1.2754631330004835,1.2774035257368348,1.2508867726185822,0.97924167846416643,,1.0066102630125278,False,False,False,,-1,,,False,2,0.067501618457188731,0.0050896973713884224,0.018369588633983729,0.011546209737757464
10000,0,multi,gaussian_matched,0.050000000000000003,951,25,0.02,1.346534303627013,1-<5%,True,False,3,0.070092987075834362,0.52305244952970575,0.050723241832406521,0.023063792144133059,1.2754631330004835,1.2587619945636377,1.2637224911528997,1.0039407740388457,,1.0088776774518851,False,False,False,,-1,,,False,2,0.070092987075834362,0.002075686973642125,0.011877453819711318,0.0023552930791454906
10000,0,multi,gaussian_matched,0.050000000000000003,951,25,0.050000000000000003,1.346534303627013,1-<5%,True,False,3,0.070092987075834362,0.52305244952970575,0.050723241832406521,0.023063792144133059,1.2754631330004835,1.2587619945636377,1.2637224911528997,1.0039407740388457,,1.0088776774518851,False,False,False,,-1,,,False,2,0.070092987075834362,0.002075686973642125,0.011877453819711318,0.0023552930791454906
10000,0,multi,gaussian_matched,0.050000000000000003,951,26,0.02,1.346534303627013,1-<5%,True,False,3,0.068401285289946698,0.52269597061520379,0.032579955176950656,0.028610575733515782,1.2754631330004835,1.2724941667253216,1.2709805525506988,0.99881051385994324,,1.0189170464119732,False,False,False,,-1,,,False,2,0.068401285289946698,0.0027800966146687691,0.015026058099349116,0.0023182645154321466
10000,0,multi,gaussian_matched,0.050000000000000003,951,26,0.050000000000000003,1.346534303627013,1-<5%,True,False,3,0.068401285289946698,0.52269597061520379,0.032579955176950656,0.028610575733515782,1.2754631330004835,1.2724941667253216,1.2709805525506988,0.99881051385994324,,1.0189170464119732,False,False,False,,-1,,,False,2,0.068401285289946698,0.0027800966146687691,0.015026058099349116,0.0023182645154321466
10000,0,multi,gaussian_matched,0.050000000000000003,951,27,0.02,1.346534303627013,1-<5%,True,False,0,0.043360363755049064,0.43685096016885971,0.048137770410096412,0.06317649191463906,1.2754631330004835,1.3247349237562178,1.2155408348431043,0.91757287669030474,,1.0025513820612004,False,False,False,,-1,,,False,2,0.043360363755049064,0.021985623901534895,0.034970663242198843,0.025792509242940291
10000,0,multi,gaussian_matched,0.050000000000000003,951,27,0.050000000000000003,1.346534303627013,1-<5%,True,True,4,0.043360363755049064,0.43685096016885971,0.048137770410096412,0.06317649191463906,1.2754631330004835,1.3247349237562178,1.2155408348431043,0.91757287669030474,0.91062993886535104,1.0025513820612004,True,True,False,3>4>2>1,17,0,0,True,2,0.043360363755049064,0.021985623901534895,0.034970663242198843,0.025792509242940291
10000,0,multi,gaussian_matched,0.050000000000000003,951,28,0.02,1.346534303627013,1-<5%,True,False,3,0.067193592055366097,0.48500297956326743,0.063321656976367033,0.020059341130150874,1.2754631330004835,1.2776581355419916,1.2552748483889637,0.98248100447970566,,0.9998989045798089,False,False,False,,-1,,,False,2,0.067193592055366097,0.0044301031263450953,0.011570749742196506,0.0084056715054412045
10000,0,multi,gaussian_matched,0.050000000000000003,951,28,0.050000000000000003,1.346534303627013,1-<5%,True,False,3,0.067193592055366097,0.48500297956326743,0.063321656976367033,0.020059341130150874,1.2754631330004835,1.2776581355419916,1.2552748483889637,0.98248100447970566,,0.9998989045798089,False,False,False,,-1,,,False,2,0.067193592055366097,0.0044301031263450953,0.011570749742196506,0.0084056715054412045
10000,0,multi,gaussian_matched,0.050000000000000003,951,29,0.02,1.346534303627013,1-<5%,True,False,3,0.067582458039955981,0.50261948574872506,-0.017360351888096939,0.067411265468584836,1.2754631330004835,1.3238271740044787,1.2877632875040632,0.97275785902526468,,1.0624960595957376,False,False,False,,-1,,,False,2,0.067582458039955981,0.0059531938216565525,0.011391651047088669,0.018562140731452563
10000,0,multi,gaussian_matched,0.050000000000000003,951,29,0.050000000000000003,1.346534303627013,1-<5%,True,False,3,0.067582458039955981,0.50261948574872506,-0.017360351888096939,0.067411265468584836,1.2754631330004835,1.3238271740044787,1.2877632875040632,0.97275785902526468,,1.0624960595957376,False,False,False,,-1,,,False,2,0.067582458039955981,0.0059531938216565525,0.011391651047088669,0.018562140731452563
10000,0,multi,gaussian_matched,0.050000000000000003,951,30,0.02,1.346534303627013,1-<5%,True,False,1,0.15771594687033158,0.51328204410571021,0.23995138830465551,0.19041518483170417,1.2754631330004835,1.1763353160956929,1.0788771696971069,0.91715104947962145,,0.99516193113543316,False,False,False,,-1,,,False,2,0.15771594687033158,0.03560154460442172,0.080990902179960897,0.009423978668633301
10000,0,multi,gaussian_matched,0.050000000000000003,951,30,0.050000000000000003,1.346534303627013,1-<5%,True,False,2,0.15771594687033158,0.51328204410571021,0.23995138830465551,0.19041518483170417,1.2754631330004835,1.1763353160956929,1.0788771696971069,0.91715104947962145,,0.99516193113543316,False,False,False,,-1,,,False,2,0.15771594687033158,0.03560154460442172,0.080990902179960897,0.009423978668633301
10000,0,multi,gaussian_matched,0.050000000000000003,951,31,0.02,1.346534303627013,1-<5%,True,False,0,0.048600140260762655,0.41439916155813572,0.059717545326481915,0.086150648454450876,1.2754631330004835,1.3363149017859395,1.1921111008405685,0.89208845852676821,,1.0021941961489331,False,False,False,,-1,,,False,2,0.042472491819892072,0.040469511202932552,0.048600140260762655,0.033064813589108399
10000,0,multi,gaussian_matched,0.050000000000000003,951,31,0.050000000000000003,1.346534303627013,1-<5%,True,True,4,0.048600140260762655,0.41439916155813572,0.059717545326481915,0.086150648454450876,1.2754631330004835,1.3363149017859395,1.1921111008405685,0.89208845852676821,0.88502898421359266,1.0021941961489331,True,True,False,3>4>2>1,17,0,0,True,2,0.042472491819892072,0.040469511202932552,0.048600140260762655,0.033064813589108399
