budget,seed,mode,init_name,init_sigma,layout_index,draw_id,tolerance,gap_percent,gap_bin,numeric_valid,success,visited_count,worst_distance,initial_x,initial_y,initial_offset,optimal_nominal,optimal_sampled_start,path_length,path_length_ratio_sampled_start,completion_length_ratio_sampled_start,path_plus_connector_ratio_nominal,success_with_connector,order_evaluable,order_ambiguous,actual_order,order_class,order_excess_nominal_percent,order_excess_sampled_start_percent,success_nearopt_order,available_nearopt_center_orders,target_1_distance,target_2_distance,target_3_distance,target_4_distance
10000,0,multi,gaussian_matched,0.050000000000000003,0,0,0.02,26.192048999821314,>=10%,True,False,3,0.020906370337564682,0.53183016957059459,-0.011276495935553486,0.069050478992058476,1.0240350736868524,1.0845047970086705,1.0738961592090464,0.99021798905003888,,1.1161205973992012,False,False,False,,-1,,,False,1,0.020906370337564682,0.0019435969831605164,0.0015154436425499651,0.015375446453185032
10000,0,multi,gaussian_matched,0.050000000000000003,0,0,0.050000000000000003,26.192048999821314,>=10%,True,True,4,0.020906370337564682,0.53183016957059459,-0.011276495935553486,0.069050478992058476,1.0240350736868524,1.0845047970086705,1.0738961592090464,0.99021798905003888,0.94169173392183558,1.1161205973992012,True,True,False,4>2>1>3,20,0,0,True,1,0.020906370337564682,0.0019435969831605164,0.0015154436425499651,0.015375446453185032
10000,0,multi,gaussian_matched,0.050000000000000003,0,1,0.02,26.192048999821314,>=10%,True,True,4,0.017394802313202565,0.51164376162865022,0.0049333881469859411,0.046546500284930709,1.0240350736868524,1.0682802123096349,1.0555233715109784,0.98805852560811169,0.96535092298275149,1.0762032474416201,True,True,False,4>2>1>3,20,0,0,True,1,0.017394802313202565,0.00012337093575918895,0.00071794760590962285,0.015865235540442425
10000,0,multi,gaussian_matched,0.050000000000000003,0,1,0.050000000000000003,26.192048999821314,>=10%,True,True,4,0.017394802313202565,0.51164376162865022,0.0049333881469859411,0.046546500284930709,1.0240350736868524,1.0682802123096349,1.0555233715109784,0.98805852560811169,0.93723729974537118,1.0762032474416201,True,True,False,4>2>1>3,20,0,0,True,1,0.017394802313202565,0.00012337093575918895,0.00071794760590962285,0.015865235540442425
10000,0,multi,gaussian_matched,0.050000000000000003,0,2,0.02,26.192048999821314,>=10%,True,True,4,0.012537381310639811,0.47068100556320847,0.063899165023165921,0.032446729005029332,1.0240350736868524,1.0150236142176128,1.002322310553047,0.98748669145559131,0.95997378411829493,1.0104820295193389,True,True,False,4>2>1>3,20,0,0,True,1,0.011596224007992127,0.0045210681913089284,0.0019225586671702394,0.012537381310639811
10000,0,multi,gaussian_matched,0.050000000000000003,0,2,0.050000000000000003,26.192048999821314,>=10%,True,True,4,0.012537381310639811,0.47068100556320847,0.063899165023165921,0.032446729005029332,1.0240350736868524,1.0150236142176128,1.002322310553047,0.98748669145559131,0.93029502696771615,1.0104820295193389,True,True,False,4>2>1>3,20,0,0,True,1,0.011596224007992127,0.0045210681913089284,0.0019225586671702394,0.012537381310639811
10000,0,multi,gaussian_matched,0.050000000000000003,0,3,0.02,26.192048999821314,>=10%,True,False,1,0.045101062001244231,0.5402706889969936,0.119327337585192,0.080174859706417675,1.0240350736868524,0.95482279781648327,0.97988396288913959,1.0262469278383035,,1.0351782373810769,False,False,False,,-1,,,False,1,0.031444395151225234,0.045101062001244231,0.002583753280871575,0.028395152468958757
10000,0,multi,gaussian_matched,0.050000000000000003,0,3,0.050000000000000003,26.192048999821314,>=10%,True,True,4,0.045101062001244231,0.5402706889969936,0.119327337585192,0.080174859706417675,1.0240350736868524,0.95482279781648327,0.97988396288913959,1.0262469278383035,0.96412243855590218,1.0351782373810769,True,True,False,4>2>1>3,20,0,0,True,1,0.031444395151225234,0.045101062001244231,0.002583753280871575,0.028395152468958757
10000,0,multi,gaussian_matched,0.050000000000000003,0,4,0.02,26.192048999821314,>=10%,True,False,3,0.022060850697758465,0.45988955948664789,0.090474138258797521,0.056982482448270144,1.0240350736868524,0.99231815904619525,0.98152749852895727,0.98912580565127439,,1.0141351674979848,False,False,False,,-1,,,False,1,0.012055863338120724,0.0089662212547443609,0.0029395408328391579,0.022060850697758465
10000,0,multi,gaussian_matched,0.050000000000000003,0,4,0.050000000000000003,26.192048999821314,>=10%,True,True,4,0.022060850697758465,0.45988955948664789,0.090474138258797521,0.056982482448270144,1.0240350736868524,0.99231815904619525,0.98152749852895727,0.98912580565127439,0.92935354448852403,1.0141351674979848,True,True,False,4>2>1>3,20,0,0,True,1,0.012055863338120724,0.0089662212547443609,0.0029395408328391579,0.022060850697758465
10000,0,multi,gaussian_matched,0.050000000000000003,0,5,0.02,26.192048999821314,>=10%,True,False,3,0.024530710185975971,0.49915328305194168,-0.0063735155218310538,0.056379873907984719,1.0240350736868524,1.0802775507507971,1.0601380841464521,0.98135713679290282,,1.0903122234227942,False,False,False,,-1,,,False,1,0.014662018753524074,0.007596780747747554,0.00013245412632950787,0.024530710185975971
10000,0,multi,gaussian_matched,0.050000000000000003,0,5,0.050000000000000003,26.192048999821314,>=10%,True,True,4,0.024530710185975971,0.49915328305194168,-0.0063735155218310538,0.056379873907984719,1.0240350736868524,1.0802775507507971,1.0601380841464521,0.98135713679290282,0.93115798448294929,1.0903122234227942,True,True,False,4>2>1>3,20,0,0,True,1,0.014662018753524074,0.007596780747747554,0.00013245412632950787,0.024530710185975971
10000,0,multi,gaussian_matched,0.050000000000000003,0,6,0.02,26.192048999821314,>=10%,True,True,4,0.018702152190299658,0.51720388115109539,0.022698732488527371,0.032269687547201421,1.0240350736868524,1.0503761344612501,1.0443070455591417,0.99422198515085136,0.97054883573797446,1.0513084568776772,True,True,False,4>2>1>3,20,0,0,True,1,0.018702152190299658,0.0069980643680562279,0.0009197400191234158,0.007019760870775227
10000,0,multi,gaussian_matched,0.050000000000000003,0,6,0.050000000000000003,26.192048999821314,>=10%,True,True,4,0.018702152190299658,0.51720388115109539,0.022698732488527371,0.032269687547201421,1.0240350736868524,1.0503761344612501,1.0443070455591417,0.99422198515085136,0.94194827166523132,1.0513084568776772,True,True,False,4>2>1>3,20,0,0,True,1,0.018702152190299658,0.0069980643680562279,0.0009197400191234158,0.007019760870775227
10000,0,multi,gaussian_matched,0.050000000000000003,0,7,0.02,26.192048999821314,>=10%,True,True,4,0.019168288276546867,0.5189158222091329,0.028950198189578009,0.028300220601712112,1.0240350736868524,1.0441027924795407,1.0402826308974955,0.99634120164263418,0.9723100339147448,1.0435021992478921,True,True,False,4>2>1>3,20,0,0,True,1,0.019168288276546867,0.009333431097600816,0.00098474419488585188,0.0039268785216186597
10000,0,multi,gaussian_matched,0.050000000000000003,0,7,0.050000000000000003,26.192048999821314,>=10%,True,True,4,0.019168288276546867,0.5189158222091329,0.028950198189578009,0.028300220601712112,1.0240350736868524,1.0441027924795407,1.0402826308974955,0.99634120164263418,0.94353504598761817,1.0435021992478921,True,True,False,4>2>1>3,20,0,0,True,1,0.019168288276546867,0.009333431097600816,0.00098474419488585188,0.0039268785216186597
10000,0,multi,gaussian_matched,0.050000000000000003,0,8,0.02,26.192048999821314,>=10%,True,False,3,0.021799493526590732,0.53714771188558508,0.010091530893630345,0.054521907567036759,1.0240350736868524,1.0634099196718574,1.0602023668751477,0.99698370991527008,,1.0885606392648466,False,False,False,,-1,,,False,1,0.021799493526590732,0.0053457815204322112,0.001645212546013457,0.0053180488652773972
10000,0,multi,gaussian_matched,0.050000000000000003,0,8,0.050000000000000003,26.192048999821314,>=10%,True,True,4,0.021799493526590732,0.53714771188558508,0.010091530893630345,0.054521907567036759,1.0240350736868524,1.0634099196718574,1.0602023668751477,0.99698370991527008,0.94671214467003506,1.0885606392648466,True,True,False,4>2>1>3,20,0,0,True,1,0.021799493526590732,0.0053457815204322112,0.001645212546013457,0.0053180488652773972
10000,0,multi,gaussian_matched,0.050000000000000003,0,9,0.02,26.192048999821314,>=10%,True,True,4,0.015122137015663355,0.49769802093317111,0.027050735859865453,0.023064427853250205,1.0240350736868524,1.047098979213976,1.0353328961375965,0.9887631605894488,0.96413404221236432,1.033555735723269,True,True,False,4>2>1>3,20,0,0,True,1,0.015122137015663355,0.0025528433781738967,9.232507711050018e-06,0.012258743218503563
10000,0,multi,gaussian_matched,0.050000000000000003,0,9,0.050000000000000003,26.192048999821314,>=10%,True,True,4,0.015122137015663355,0.49769802093317111,0.027050735859865453,0.023064427853250205,1.0240350736868524,1.047098979213976,1.0353328961375965,0.9887631605894488,0.93547502669566385,1.033555735723269,True,True,False,4>2>1>3,20,0,0,True,1,0.015122137015663355,0.0025528433781738967,9.232507711050018e-06,0.012258743218503563
10000,0,multi,gaussian_matched,0.050000000000000003,0,10,0.02,26.192048999821314,>=10%,True,True,4,0.017459704479448297,0.51199336811593721,0.0047972592791311469,0.046766747240346691,1.0240350736868524,1.0684040868165836,1.0557300759858879,0.98813743696127254,0.96545215069998158,1.0766201779172415,True,True,False,4>2>1>3,20,0,0,True,1,0.017459704479448297,0.00017636741260566283,0.00073337351353150015,0.015796641591752772
10000,0,multi,gaussian_matched,0.050000000000000003,0,10,0.050000000000000003,26.192048999821314,>=10%,True,True,4,0.017459704479448297,0.51199336811593721,0.0047972592791311469,0.046766747240346691,1.0240350736868524,1.0684040868165836,1.0557300759858879,0.98813743696127254,0.93734094171506688,1.0766201779172415,True,True,False,4>2>1>3,20,0,0,True,1,0.017459704479448297,0.00017636741260566283,0.00073337351353150015,0.015796641591752772
10000,0,multi,gaussian_matched,0.050000000000000003,0,11,0.02,26.192048999821314,>=10%,True,True,4,0.016949130267480891,0.48910775705594867,0.079590910267664655,0.031531935031349052,1.0240350736868524,0.996038955346498,0.99466651069273615,0.99862209741256114,0.97016347992601959,1.002112595645229,True,True,False,4>2>1>3,20,0,0,True,1,0.016949130267480891,0.015748034437412253,0.00057655809614849923,0.0017147311385727431
10000,0,multi,gaussian_matched,0.050000000000000003,0,11,0.050000000000000003,26.192048999821314,>=10%,True,True,4,0.016949130267480891,0.48910775705594867,0.079590910267664655,0.031531935031349052,1.0240350736868524,0.996038955346498,0.99466651069273615,0.99862209741256114,0.94001655025211717,1.002112595645229,True,True,False,4>2>1>3,20,0,0,True,1,0.016949130267480891,0.015748034437412253,0.00057655809614849923,0.0017147311385727431
10000,0,multi,gaussian_matched,0.050000000000000003,0,12,0.02,26.192048999821314,>=10%,True,False,1,0.037714153326484971,0.57541811093177275,0.079702950855999363,0.081056503416265704,1.0240350736868524,1.0005146080870055,1.0229481389977848,1.0224219923721778,,1.0780926071597159,False,False,False,,-1,,,False,1,0.031457005409380775,0.033196836821718582,0.003126490022120172,0.037714153326484971
10000,0,multi,gaussian_matched,0.050000000000000003,0,12,0.050000000000000003,26.192048999821314,>=10%,True,True,4,0.037714153326484971,0.57541811093177275,0.079702950855999363,0.081056503416265704,1.0240350736868524,1.0005146080870055,1.0229481389977848,1.0224219923721778,0.96696029072993106,1.0780926071597159,True,True,False,4>2>1>3,20,0,0,True,1,0.031457005409380775,0.033196836821718582,0.003126490022120172,0.037714153326484971
10000,0,multi,gaussian_matched,0.050000000000000003,0,13,0.02,26.192048999821314,>=10%,True,False,1,0.029035625702986956,0.57325197919736604,0.057104340484176799,0.07359567996863986,1.0240350736868524,1.0219040249014839,1.0390195681591718,1.016748679759176,,1.086501113796857,False,False,False,,-1,,,False,1,0.029035625702986956,0.024179733128209174,0.0028191975017499396,0.026786730715295574
10000,0,multi,gaussian_matched,0.050000000000000003,0,13,0.050000000000000003,26.192048999821314,>=10%,True,True,4,0.029035625702986956,0.57325197919736604,0.057104340484176799,0.07359567996863986,1.0240350736868524,1.0219040249014839,1.0390195681591718,1.016748679759176,0.9636064027570459,1.086501113796857,True,True,False,4>2>1>3,20,0,0,True,1,0.029035625702986956,0.024179733128209174,0.0028191975017499396,0.026786730715295574
10000,0,multi,gaussian_matched,0.050000000000000003,0,14,0.02,26.192048999821314,>=10%,True,False,2,0.048887151470169178,0.52061656952813562,0.14561417984745556,0.097811626747590835,1.0240350736868524,0.92742884425179839,0.953653260841405,1.028276472909103,,1.0267860101738384,False,False,False,,-1,,,False,1,0.032406413150864503,0.048887151470169178,0.0018804084577667569,0.013018095101765569
10000,0,multi,gaussian_matched,0.050000000000000003,0,14,0.050000000000000003,26.192048999821314,>=10%,True,True,4,0.048887151470169178,0.52061656952813562,0.14561417984745556,0.097811626747590835,1.0240350736868524,0.92742884425179839,0.953653260841405,1.028276472909103,0.96169778507953685,1.0267860101738384,True,True,False,4>2>1>3,20,0,0,True,1,0.032406413150864503,0.048887151470169178,0.0018804084577667569,0.013018095101765569
10000,0,multi,gaussian_matched,0.050000000000000003,0,15,0.02,26.192048999821314,>=10%,True,False,3,0.025888984924184715,0.56533652363388287,0.0070130811474390167,0.078209567912101388,1.0240350736868524,1.0695492738374557,1.0727576895748685,1.0029997830075665,,1.1239529651490561,False,False,False,,-1,,,False,1,0.025888984924184715,0.0057702974930393747,0.0024295180567431209,0.0021333005910510595
10000,0,multi,gaussian_matched,0.050000000000000003,0,15,0.050000000000000003,26.192048999821314,>=10%,True,True,4,0.025888984924184715,0.56533652363388287,0.0070130811474390167,0.078209567912101388,1.0240350736868524,1.0695492738374557,1.0727576895748685,1.0029997830075665,0.95444686827251846,1.1239529651490561,True,True,False,4>2>1>3,20,0,0,True,1,0.025888984924184715,0.0057702974930393747,0.0024295180567431209,0.0021333005910510595
10000,0,multi,gaussian_matched,0.050000000000000003,0,16,0.02,26.192048999821314,>=10%,True,False,1,0.039859750273205229,0.54625577442424644,0.10372818059084413,0.070896502432695019,1.0240350736868524,0.97106316906549139,0.99377973470336256,1.0233934993742297,,1.0396872768262557,False,False,False,,-1,,,False,1,0.03016136425751512,0.039859750273205229,0.0025988109076572415,0.033381557594244569
10000,0,multi,gaussian_matched,0.050000000000000003,0,16,0.050000000000000003,26.192048999821314,>=10%,True,True,4,0.039859750273205229,0.54625577442424644,0.10372818059084413,0.070896502432695019,1.0240350736868524,0.97106316906549139,0.99377973470336256,1.0233934993742297,0.96355659154818751,1.0396872768262557,True,True,False,4>2>1>3,20,0,0,True,1,0.03016136425751512,0.039859750273205229,0.0025988109076572415,0.033381557594244569
10000,0,multi,gaussian_matched,0.050000000000000003,0,17,0.02,26.192048999821314,>=10%,True,False,3,0.033227648597039521,0.43720382714218042,0.065510899093276717,0.064683439273673191,1.0240350736868524,1.0234923493154071,0.99815769833627022,0.97524685846837766,,1.0378952488251958,False,False,False,,-1,,,False,1,0.003370690434074293,0.0078253270490316017,0.0052005511084053683,0.033227648597039521
10000,0,multi,gaussian_matched,0.050000000000000003,0,17,0.050000000000000003,26.192048999821314,>=10%,True,True,4,0.033227648597039521,0.43720382714218042,0.065510899093276717,0.064683439273673191,1.0240350736868524,1.0234923493154071,0.99815769833627022,0.97524685846837766,0.91812225605637332,1.0378952488251958,True,True,False,4>2>1>3,20,0,0,True,1,0.003370690434074293,0.0078253270490316017,0.0052005511084053683,0.033227648597039521
10000,0,multi,gaussian_matched,0.050000000000000003,0,18,0.02,26.192048999821314,>=10%,True,False,1,0.027901344724898167,0.56216966525498324,0.062595687578366352,0.063432788236750901,1.0240350736868524,1.0142457873770299,1.0306456889591553,1.0161695535601265,,1.0683994184465531,False,False,False,,-1,,,False,1,0.027901344724898167,0.025477036128838573,0.002584345942058636,0.025496254516995772
10000,0,multi,gaussian_matched,0.050000000000000003,0,18,0.050000000000000003,26.192048999821314,>=10%,True,True,4,0.027901344724898167,0.56216966525498324,0.062595687578366352,0.063432788236750901,1.0240350736868524,1.0142457873770299,1.0306456889591553,1.0161695535601265,0.96184141446311922,1.0683994184465531,True,True,False,4>2>1>3,20,0,0,True,1,0.027901344724898167,0.025477036128838573,0.002584345942058636,0.025496254516995772
10000,0,multi,gaussian_matched,0.050000000000000003,0,19,0.02,26.192048999821314,>=10%,True,False,2,0.036649451935913034,0.4891170388411924,-0.028772998903513147,0.07952121855100687,1.0240350736868524,1.1034980905668801,1.0741674875823364,0.97342034097270047,,1.126610538816504,False,False,False,,-1,,,False,1,0.011582310176028194,0.021033876437150923,0.00054032204897834556,0.036649451935913034
10000,0,multi,gaussian_matched,0.050000000000000003,0,19,0.050000000000000003,26.192048999821314,>=10%,True,True,4,0.036649451935913034,0.4891170388411924,-0.028772998903513147,0.07952121855100687,1.0240350736868524,1.1034980905668801,1.0741674875823364,0.97342034097270047,0.9249664733601094,1.126610538816504,True,True,False,4>2>1>3,20,0,0,True,1,0.011582310176028194,0.021033876437150923,0.00054032204897834556,0.036649451935913034
10000,0,multi,gaussian_matched,0.050000000000000003,0,20,0.02,26.192048999821314,>=10%,True,False,2,0.027673630636327398,0.53410904676911131,-0.045298730473341126,0.10121894635555113,1.0240350736868524,1.1185886205221944,1.0993351761690331,0.98278773447188017,,1.1723759794693427,False,False,False,,-1,,,False,1,0.021396927106127117,0.0133632009311648,0.0016880594937831324,0.027673630636327398
10000,0,multi,gaussian_matched,0.050000000000000003,0,20,0.050000000000000003,26.192048999821314,>=10%,True,True,4,0.027673630636327398,0.53410904676911131,-0.045298730473341126,0.10121894635555113,1.0240350736868524,1.1185886205221944,1.0993351761690331,0.98278773447188017,0.93748359151230054,1.1723759794693427,True,True,False,4>2>1>3,20,0,0,True,1,0.021396927106127117,0.0133632009311648,0.0016880594937831324,0.027673630636327398
10000,0,multi,gaussian_matched,0.050000000000000003,0,21,0.02,26.192048999821314,>=10%,True,False,1,0.031820617822170195,0.56153186551234124,0.077449063628345707,0.06737671383721397,1.0240350736868524,0.9995412171569128,1.0192606896565688,1.0197285236078066,,1.0611329937963374,False,False,False,,-1,,,False,1,0.029237034736742232,0.031164917260374916,0.0027315278564678672,0.031820617822170195
10000,0,multi,gaussian_matched,0.050000000000000003,0,21,0.050000000000000003,26.192048999821314,>=10%,True,True,4,0.031820617822170195,0.56153186551234124,0.077449063628345707,0.06737671383721397,1.0240350736868524,0.9995412171569128,1.0192606896565688,1.0197285236078066,0.96374342362830923,1.0611329937963374,True,True,False,4>2>1>3,20,0,0,True,1,0.029237034736742232,0.031164917260374916,0.0027315278564678672,0.031820617822170195
10000,0,multi,gaussian_matched,0.050000000000000003,0,22,0.02,26.192048999821314,>=10%,True,False,1,0.082731269484050241,0.35216791876613984,0.0041237057499868279,0.15478681667392874,1.0240350736868524,1.116752845277001,1.0626997131440814,0.95159794545272713,,1.1889109671162639,False,False,False,,-1,,,False,1,0.0464301415571668,0.069632217412695319,0.017941088980558781,0.082731269484050241
10000,0,multi,gaussian_matched,0.050000000000000003,0,22,0.050000000000000003,26.192048999821314,>=10%,True,False,2,0.082731269484050241,0.35216791876613984,0.0041237057499868279,0.15478681667392874,1.0240350736868524,1.116752845277001,1.0626997131440814,0.95159794545272713,,1.1889109671162639,False,False,False,,-1,,,False,1,0.0464301415571668,0.069632217412695319,0.017941088980558781,0.082731269484050241
10000,0,multi,gaussian_matched,0.050000000000000003,0,23,0.02,26.192048999821314,>=10%,True,False,1,0.029934375883564047,0.55624766248308244,0.075446485964456356,0.061735914853106651,1.0240350736868524,1.0005506928341468,1.0187760021265897,1.018215278269228,,1.0551512782560359,False,False,False,,-1,,,False,1,0.028260847385301765,0.029934375883564047,0.0025534992460037242,0.029040418522416487
10000,0,multi,gaussian_matched,0.050000000000000003,0,23,0.050000000000000003,26.192048999821314,>=10%,True,True,4,0.029934375883564047,0.55624766248308244,0.075446485964456356,0.061735914853106651,1.0240350736868524,1.0005506928341468,1.0187760021265897,1.018215278269228,0.96218363600049206,1.0551512782560359,True,True,False,4>2>1>3,20,0,0,True,1,0.028260847385301765,0.029934375883564047,0.0025534992460037242,0.029040418522416487
10000,0,multi,gaussian_matched,0.050000000000000003,0,24,0.02,26.192048999821314,>=10%,True,False,2,0.044271239817520611,0.42515090527853439,0.021081082505936689,0.08024145293831221,1.0240350736868524,1.0692965855942647,1.0335174159022187,0.96653952684964239,,1.0876178926476066,False,False,False,,-1,,,False,1,0.0099971529698368398,0.031996281135094257,0.0075158915385135005,0.044271239817520611
10000,0,multi,gaussian_matched,0.050000000000000003,0,24,0.050000000000000003,26.192048999821314,>=10%,True,True,4,0.044271239817520611,0.42515090527853439,0.021081082505936689,0.08024145293831221,1.0240350736868524,1.0692965855942647,1.0335174159022187,0.96653952684964239,0.91376000140196467,1.0876178926476066,True,True,False,4>2>1>3,20,0,0,True,1,0.0099971529698368398,0.031996281135094257,0.0075158915385135005,0.044271239817520611
10000,0,multi,gaussian_matched,0.050000000000000003,0,25,0.02,26.192048999821314,>=10%,True,False,2,0.028096663496692636,0.53268888398561498,-0.04524636105678527,0.10069971415443291,1.0240350736868524,1.1184837958411027,1.0988196941563675,0.98241896596280343,,1.1713655509787848,False,False,False,,-1,,,False,1,0.021148673682291834,0.013555105389157487,0.0016361510713700715,0.028096663496692636
10000,0,multi,gaussian_matched,0.050000000000000003,0,25,0.050000000000000003,26.192048999821314,>=10%,True,True,4,0.028096663496692636,0.53268888398561498,-0.04524636105678527,0.10069971415443291,1.0240350736868524,1.1184837958411027,1.0988196941563675,0.98241896596280343,0.93704087743829534,1.1713655509787848,True,True,False,4>2>1>3,20,0,0,True,1,0.021148673682291834,0.013555105389157487,0.0016361510713700715,0.028096663496692636
10000,0,multi,gaussian_matched,0.050000000000000003,0,26,0.02,26.192048999821314,>=10%,True,False,3,0.039234015163401505,0.42753275654082207,0.067992060726727505,0.074667366524915138,1.0240350736868524,1.0249359367222313,0.99685348052610467,0.97260076928716643,,1.0463712372596805,False,False,False,,-1,,,False,1,0.00072703178646172826,0.010981559891197538,0.0064076700025212721,0.039234015163401505
10000,0,multi,gaussian_matched,0.050000000000000003,0,26,0.050000000000000003,26.192048999821314,>=10%,True,True,4,0.039234015163401505,0.42753275654082207,0.067992060726727505,0.074667366524915138,1.0240350736868524,1.0249359367222313,0.99685348052610467,0.97260076928716643,0.91544545509571917,1.0463712372596805,True,True,False,4>2>1>3,20,0,0,True,1,0.00072703178646172826,0.010981559891197538,0.0064076700025212721,0.039234015163401505
10000,0,multi,gaussian_matched,0.050000000000000003,0,27,0.02,26.192048999821314,>=10%,True,False,3,0.03295691020035231,0.48363577716076395,-0.01387279749135327,0.065935741813553592,1.0240350736868524,1.0893323828157044,1.0619030338570137,0.97482003712421417,,1.1013673307204102,False,False,False,,-1,,,False,1,0.010450937229088152,0.017340000987393942,0.0008779214886019995,0.03295691020035231
10000,0,multi,gaussian_matched,0.050000000000000003,0,27,0.050000000000000003,26.192048999821314,>=10%,True,True,4,0.03295691020035231,0.48363577716076395,-0.01387279749135327,0.065935741813553592,1.0240350736868524,1.0893323828157044,1.0619030338570137,0.97482003712421417,0.9249147564679856,1.1013673307204102,True,True,False,4>2>1>3,20,0,0,True,1,0.010450937229088152,0.017340000987393942,0.0008779214886019995,0.03295691020035231
10000,0,multi,gaussian_matched,0.050000000000000003,0,28,0.02,26.192048999821314,>=10%,True,True,4,0.017844220100214032,0.50421983728519515,0.055633479503746239,0.0070386872378769682,1.0240350736868524,1.0180645163829241,1.0162222470938413,0.99819041990027502,0.97180111939285141,0.99924403042920495,True,True,False,4>2>1>3,20,0,0,True,1,0.017844220100214032,0.013198578564700454,0.00031240215965323831,0.0017681930347446066
10000,0,multi,gaussian_matched,0.050000000000000003,0,28,0.050000000000000003,26.192048999821314,>=10%,True,True,4,0.017844220100214032,0.50421983728519515,0.055633479503746239,0.0070386872378769682,1.0240350736868524,1.0180645163829241,1.0162222470938413,0.99819041990027502,0.94232165647373944,0.99924403042920495,True,True,False,4>2>1>3,20,0,0,True,1,0.017844220100214032,0.013198578564700454,0.00031240215965323831,0.0017681930347446066
10000,0,multi,gaussian_matched,0.050000000000000003,0,29,0.02,26.192048999821314,>=10%,True,False,1,0.036921211665588372,0.52730536941923356,0.10371469128147071,0.060256545358861394,1.0240350736868524,0.96942573959758782,0.98732991480856758,1.0184688465342502,,1.0229986131195528,False,False,False,,-1,,,False,1,0.027118467333542885,0.036921211665588372,0.0018081545086655673,0.021068067157134027
10000,0,multi,gaussian_matched,0.050000000000000003,0,29,0.050000000000000003,26.192048999821314,>=10%,True,True,4,0.036921211665588372,0.52730536941923356,0.10371469128147071,0.060256545358861394,1.0240350736868524,0.96942573959758782,0.98732991480856758,1.0184688465342502,0.95789208589847397,1.0229986131195528,True,True,False,4>2>1>3,20,0,0,True,1,0.027118467333542885,0.036921211665588372,0.0018081545086655673,0.021068067157134027
10000,0,multi,gaussian_matched,0.050000000000000003,0,30,0.02,26.192048999821314,>=10%,True,False,1,0.062225195639427855,0.41127918871460412,-0.019719600947246757,0.11283707330209411,1.0240350736868524,1.1123755015714858,1.0664750639721445,0.95873656194828427,,1.1516325637444615,False,False,False,,-1,,,False,1,0.020520757625251657,0.058064456719519805,0.0098696297741245349,0.062225195639427855
10000,0,multi,gaussian_matched,0.050000000000000003,0,30,0.050000000000000003,26.192048999821314,>=10%,True,False,2,0.062225195639427855,0.41127918871460412,-0.019719600947246757,0.11283707330209411,1.0240350736868524,1.1123755015714858,1.0664750639721445,0.95873656194828427,,1.1516325637444615,False,False,False,,-1,,,False,1,0.020520757625251657,0.058064456719519805,0.0098696297741245349,0.062225195639427855
10000,0,multi,gaussian_matched,0.050000000000000003,0,31,0.02,26.192048999821314,>=10%,True,False,3,0.022432715136969691,0.53567221619900984,0.04117307415859553,0.036748083329046624,1.0240350736868524,1.0322955013161235,1.0369110033522664,1.0044711054443793,,1.0484592903793795,False,False,False,,-1,,,False,1,0.022432715136969691,0.015683906744309729,0.0016282319234162919,0.0069717794899931285
10000,0,multi,gaussian_matched,0.050000000000000003,0,31,0.050000000000000003,26.192048999821314,>=10%,True,True,4,0.022432715136969691,0.53567221619900984,0.04117307415859553,0.036748083329046624,1.0240350736868524,1.0322955013161235,1.0369110033522664,1.0044711054443793,0.95112363213215712,1.0484592903793795,True,True,False,4>2>1>3,20,0,0,True,1,0.022432715136969691,0.015683906744309729,0.0016282319234162919,0.0069717794899931285
10000,0,multi,gaussian_matched,0.050000000000000003,1,0,0.02,14.113380988432887,>=10%,True,True,4,0.0080800589856617165,0.50883698623596274,0.036349220737213375,0.016261491328162996,1.3139596018722182,1.329736675736986,1.3260556757321837,0.99723178274919577,0.97967235690635623,1.0215817633568967,True,True,False,3>1>2>4,12,0,0,True,1,0.0037902188634006007,0.00035426812111923338,0.0080800589856617165,0.0040132780035383106
10000,0,multi,gaussian_matched,0.050000000000000003,1,0,0.050000000000000003,14.113380988432887,>=10%,True,True,4,0.0080800589856617165,0.50883698623596274,0.036349220737213375,0.016261491328162996,1.3139596018722182,1.329736675736986,1.3260556757321837,0.99723178274919577,0.95689003733016642,1.0215817633568967,True,True,False,3>1>2>4,12,0,0,True,1,0.0037902188634006007,0.00035426812111923338,0.0080800589856617165,0.0040132780035383106
10000,0,multi,gaussian_matched,0.050000000000000003,1,1,0.02,14.113380988432887,>=10%,True,True,4,0.010585839839187013,0.50997010382863805,0.023880201535574654,0.027957947746142242,1.3139596018722182,1.3391758249307959,1.3345061355983683,0.99651301252196001,0.97878237152085823,1.0369147433476493,True,True,False,3>1>2>4,12,0,0,True,1,0.0062867551688643216,0.0011981761168107293,0.010585839839187013,0.0030811320205386562
10000,0,multi,gaussian_matched,0.050000000000000003,1,1,0.050000000000000003,14.113380988432887,>=10%,True,True,4,0.010585839839187013,0.50997010382863805,0.023880201535574654,0.027957947746142242,1.3139596018722182,1.3391758249307959,1.3345061355983683,0.99651301252196001,0.95624834224908939,1.0369147433476493,True,True,False,3>1>2>4,12,0,0,True,1,0.0062867551688643216,0.0011981761168107293,0.010585839839187013,0.0030811320205386562
10000,0,multi,gaussian_matched,0.050000000000000003,1,2,0.02,14.113380988432887,>=10%,True,False,3,0.027243272385209714,0.42746314539289804,0.11488581749493801,0.097322991056986385,1.3139596018722182,1.2166559565960815,1.2644189138730382,1.0392575707355975,,1.0363651233947551,False,False,False,,-1,,,False,1,0.027243272385209714,0.018482794089842901,0.0040126919573851335,0.012751554963456549
10000,0,multi,gaussian_matched,0.050000000000000003,1,2,0.050000000000000003,14.113380988432887,>=10%,True,True,4,0.027243272385209714,0.42746314539289804,0.11488581749493801,0.097322991056986385,1.3139596018722182,1.2166559565960815,1.2644189138730382,1.0392575707355975,1.0032976052012585,1.0363651233947551,True,True,False,3>1>2>4,12,0,0,True,1,0.027243272385209714,0.018482794089842901,0.0040126919573851335,0.012751554963456549
10000,0,multi,gaussian_matched,0.050000000000000003,1,3,0.02,14.113380988432887,>=10%,True,False,3,0.058686927793244935,0.57855006313954815,0.14174795411299995,0.12077996316917863,1.3139596018722182,1.3236524757648929,1.2700224794444603,0.95948332564448868,,1.0584818898784483,False,False,False,,-1,,,False,1,0.0064655238938885699,0.0042470366235860275,0.058686927793244935,0.010128384051033276
10000,0,multi,gaussian_matched,0.050000000000000003,1,3,0.050000000000000003,14.113380988432887,>=10%,True,False,3,0.058686927793244935,0.57855006313954815,0.14174795411299995,0.12077996316917863,1.3139596018722182,1.3236524757648929,1.2700224794444603,0.95948332564448868,,1.0584818898784483,False,False,False,,-1,,,False,1,0.0064655238938885699,0.0042470366235860275,0.058686927793244935,0.010128384051033276
10000,0,multi,gaussian_matched,0.050000000000000003,1,4,0.02,14.113380988432887,>=10%,True,False,3,0.032229273755795873,0.53445233793530655,0.1165618894726837,0.074949641222505692,1.3139596018722182,1.299362789269338,1.2778723347119292,0.98346077420803057,,1.0295765364527516,False,False,False,,-1,,,False,1,0.0026480784874928437,0.0064221866164488545,0.032229273755795873,0.0091321445963202866
10000,0,multi,gaussian_matched,0.050000000000000003,1,4,0.050000000000000003,14.113380988432887,>=10%,True,True,4,0.032229273755795873,0.53445233793530655,0.1165618894726837,0.074949641222505692,1.3139596018722182,1.299362789269338,1.2778723347119292,0.98346077420803057,0.94072276849854086,1.0295765364527516,True,True,False,3>1>2>4,12,0,0,True,1,0.0026480784874928437,0.0064221866164488545,0.032229273755795873,0.0091321445963202866
10000,0,multi,gaussian_matched,0.050000000000000003,1,5,0.02,14.113380988432887,>=10%,True,True,4,0.013905033417291152,0.46460333814182131,0.076287736046087143,0.044090460840537735,1.3139596018722182,1.2701554002952657,1.2941301820674176,1.0188754712742856,1.0056365476527376,1.0184640692158027,True,True,False,3>1>2>4,12,0,0,True,1,0.013905033417291152,0.010134559343979508,0.0030933282165755802,0.008453150916908703
10000,0,multi,gaussian_matched,0.050000000000000003,1,5,0.050000000000000003,14.113380988432887,>=10%,True,True,4,0.013905033417291152,0.46460333814182131,0.076287736046087143,0.044090460840537735,1.3139596018722182,1.2701554002952657,1.2941301820674176,1.0188754712742856,0.98100943994936018,1.0184640692158027,True,True,False,3>1>2>4,12,0,0,True,1,0.013905033417291152,0.010134559343979508,0.0030933282165755802,0.008453150916908703
10000,0,multi,gaussian_matched,0.050000000000000003,1,6,0.02,14.113380988432887,>=10%,True,False,3,0.032846160609379539,0.56343805050402807,0.063744976312781976,0.064910019454553797,1.3139596018722182,1.3537575596439271,1.3160086276010345,0.97211544136985539,,1.0509597441869312,False,False,False,,-1,,,False,1,0.016121687261202323,0.0038789056224214401,0.032846160609379539,0.0035373390033539135
10000,0,multi,gaussian_matched,0.050000000000000003,1,6,0.050000000000000003,14.113380988432887,>=10%,True,True,4,0.032846160609379539,0.56343805050402807,0.063744976312781976,0.064910019454553797,1.3139596018722182,1.3537575596439271,1.3160086276010345,0.97211544136985539,0.9272359684036221,1.0509597441869312,True,True,False,3>1>2>4,12,0,0,True,1,0.016121687261202323,0.0038789056224214401,0.032846160609379539,0.0035373390033539135
10000,0,multi,gaussian_matched,0.050000000000000003,1,7,0.02,14.113380988432887,>=10%,True,False,2,0.04799151414598523,0.56789510292701939,-0.046991650668448112,0.11839394114928697,1.3139596018722182,1.4301983845880009,1.3868107064118735,0.96966317495273491,,1.1455486496056984,False,False,False,,-1,,,False,1,0.040782139178337562,0.019611846667364954,0.04799151414598523,0.0049329768965014195
10000,0,multi,gaussian_matched,0.050000000000000003,1,7,0.050000000000000003,14.113380988432887,>=10%,True,True,4,0.04799151414598523,0.56789510292701939,-0.046991650668448112,0.11839394114928697,1.3139596018722182,1.4301983845880009,1.3868107064118735,0.96966317495273491,0.92764018123648517,1.1455486496056984,True,True,False,3>1>2>4,12,0,0,True,1,0.040782139178337562,0.019611846667364954,0.04799151414598523,0.0049329768965014195
10000,0,multi,gaussian_matched,0.050000000000000003,1,8,0.02,14.113380988432887,>=10%,True,True,4,0.0059817671656043252,0.50541085498831617,0.059617131332014371,0.011034788931456662,1.3139596018722182,1.3115037818208437,1.3102413813202394,0.99903744044195464,0.98208488507273861,1.0055683358674443,True,True,False,3>1>2>4,12,0,0,True,1,0.0010364167477077391,0.0033991280276478779,0.0059817671656043252,0.0058198797767287777
10000,0,multi,gaussian_matched,0.050000000000000003,1,8,0.050000000000000003,14.113380988432887,>=10%,True,True,4,0.0059817671656043252,0.50541085498831617,0.059617131332014371,0.011034788931456662,1.3139596018722182,1.3115037818208437,1.3102413813202394,0.99903744044195464,0.95874275701176703,1.0055683358674443,True,True,False,3>1>2>4,12,0,0,True,1,0.0010364167477077391,0.0033991280276478779,0.0059817671656043252,0.0058198797767287777
10000,0,multi,gaussian_matched,0.050000000000000003,1,9,0.02,14.113380988432887,>=10%,True,False,3,0.022549597248344561,0.54128562050603302,0.064558259771756096,0.043777224536853704,1.3139596018722182,1.3357733859813616,1.31206558444529,0.98225162906756514,,1.0318755668364898,False,False,False,,-1,,,False,1,0.0087851193279057469,0.00064298700564586759,0.022549597248344561,0.0046269848983729305
10000,0,multi,gaussian_matched,0.050000000000000003,1,9,0.050000000000000003,14.113380988432887,>=10%,True,True,4,0.022549597248344561,0.54128562050603302,0.064558259771756096,0.043777224536853704,1.3139596018722182,1.3357733859813616,1.31206558444529,0.98225162906756514,0.93920221579104668,1.0318755668364898,True,True,False,3>1>2>4,12,0,0,True,1,0.0087851193279057469,0.00064298700564586759,0.022549597248344561,0.0046269848983729305
10000,0,multi,gaussian_matched,0.050000000000000003,1,10,0.02,14.113380988432887,>=10%,True,True,4,0.0063658467628967324,0.47876006791360853,0.050466853455299603,0.021245062183558018,1.3139596018722182,1.2982725902278183,1.3129996988471591,1.0113436182279383,0.99637585367139514,1.0154381908923191,True,True,False,3>1>2>4,12,0,0,True,1,0.0063658467628967324,0.0056048260205356949,0.0055180242129868598,0.0061337094905766464
10000,0,multi,gaussian_matched,0.050000000000000003,1,10,0.050000000000000003,14.113380988432887,>=10%,True,True,4,0.0063658467628967324,0.47876006791360853,0.050466853455299603,0.021245062183558018,1.3139596018722182,1.2982725902278183,1.3129996988471591,1.0113436182279383,0.97273845600056319,1.0154381908923191,True,True,False,3>1>2>4,12,0,0,True,1,0.0063658467628967324,0.0056048260205356949,0.0055180242129868598,0.0061337094905766464
10000,0,multi,gaussian_matched,0.050000000000000003,1,11,0.02,14.113380988432887,>=10%,True,True,4,0.0061415909484147293,0.4751250646265926,0.036307634643584961,0.02839442337651444,1.3139596018722182,1.3057677823960883,1.3220777650277284,1.012490722203079,0.99753366070025684,1.027788210900852,True,True,False,3>1>2>4,12,0,0,True,1,0.0045780472511839972,0.0044400380263592745,0.0061415909484147293,0.0052722541891093893
10000,0,multi,gaussian_matched,0.050000000000000003,1,11,0.050000000000000003,14.113380988432887,>=10%,True,True,4,0.0061415909484147293,0.4751250646265926,0.036307634643584961,0.02839442337651444,1.3139596018722182,1.3057677823960883,1.3220777650277284,1.012490722203079,0.974167649655446,1.027788210900852,True,True,False,3>1>2>4,12,0,0,True,1,0.0045780472511839972,0.0044400380263592745,0.0061415909484147293,0.0052722541891093893
10000,0,multi,gaussian_matched,0.050000000000000003,1,12,0.02,14.113380988432887,>=10%,True,True,4,0.010038787690239644,0.50661707540238621,0.018773002799568912,0.031920385978816045,1.3139596018722182,1.3403653773233835,1.337549543654756,0.99789920441376179,0.98041715391270345,1.0422466015562875,True,True,False,3>1>2>4,12,0,0,True,1,0.0062558989244402112,0.0013428273873477439,0.010038787690239644,0.0028722684300354008
10000,0,multi,gaussian_matched,0.050000000000000003,1,12,0.050000000000000003,14.113380988432887,>=10%,True,True,4,0.010038787690239644,0.50661707540238621,0.018773002799568912,0.031920385978816045,1.3139596018722182,1.3403653773233835,1.337549543654756,0.99789920441376179,0.95791900603097768,1.0422466015562875,True,True,False,3>1>2>4,12,0,0,True,1,0.0062558989244402112,0.0013428273873477439,0.010038787690239644,0.0028722684300354008
10000,0,multi,gaussian_matched,0.050000000000000003,1,13,0.02,14.113380988432887,>=10%,True,False,3,0.029566999889412464,0.49793934182889621,0.1475845698896503,0.097606324552490853,1.3139596018722182,1.2517473804938268,1.252406069127435,1.0005262153081944,,1.0274382802609283,False,False,False,,-1,,,False,1,0.017868844074954451,0.01447392812179602,0.029566999889412464,0.012644038094716059
10000,0,multi,gaussian_matched,0.050000000000000003,1,13,0.050000000000000003,14.113380988432887,>=10%,True,True,4,0.029566999889412464,0.49793934182889621,0.1475845698896503,0.097606324552490853,1.3139596018722182,1.2517473804938268,1.252406069127435,1.0005262153081944,0.96139102845484836,1.0274382802609283,True,True,False,3>1>2>4,12,0,0,True,1,0.017868844074954451,0.01447392812179602,0.029566999889412464,0.012644038094716059
10000,0,multi,gaussian_matched,0.050000000000000003,1,14,0.02,14.113380988432887,>=10%,True,True,4,0.012474586498434154,0.46924035342446208,-0.055960891684071909,0.11033524561052839,1.3139596018722182,1.3722206586452863,1.3852273357785829,1.0094785609379597,0.9948865325342231,1.1382104740953474,True,True,False,3>1>2>4,12,0,0,True,1,0.012474586498434154,0.0053289277338697651,0.0088669907709554279,0.00073245184124044857
10000,0,multi,gaussian_matched,0.050000000000000003,1,14,0.050000000000000003,14.113380988432887,>=10%,True,True,4,0.012474586498434154,0.46924035342446208,-0.055960891684071909,0.11033524561052839,1.3139596018722182,1.3722206586452863,1.3852273357785829,1.0094785609379597,0.97302170193029158,1.1382104740953474,True,True,False,3>1>2>4,12,0,0,True,1,0.012474586498434154,0.0053289277338697651,0.0088669907709554279,0.00073245184124044857
10000,0,multi,gaussian_matched,0.050000000000000003,1,15,0.02,14.113380988432887,>=10%,True,False,2,0.043789765055374547,0.58764374022037469,0.05514425605849179,0.087794581667730798,1.3139596018722182,1.3782933722901776,1.3251799267266842,0.96146433942779552,,1.0753561269167742,False,False,False,,-1,,,False,1,0.026223275775688986,0.0088181558314458161,0.043789765055374547,0.0017853253879188079
10000,0,multi,gaussian_matched,0.050000000000000003,1,15,0.050000000000000003,14.113380988432887,>=10%,True,True,4,0.043789765055374547,0.58764374022037469,0.05514425605849179,0.087794581667730798,1.3139596018722182,1.3782933722901776,1.3251799267266842,0.96146433942779552,0.91482085026765425,1.0753561269167742,True,True,False,3>1>2>4,12,0,0,True,1,0.026223275775688986,0.0088181558314458161,0.043789765055374547,0.0017853253879188079
10000,0,multi,gaussian_matched,0.050000000000000003,1,16,0.02,14.113380988432887,>=10%,True,True,4,0.014088131050213891,0.52304003278431066,0.039275402571630272,0.025413777773143149,1.3139596018722182,1.338204221539141,1.3258886535668606,0.99079694431234455,0.97203884484942638,1.0284200742660405,True,True,False,3>1>2>4,12,0,0,True,1,0.0076032000917258709,0.001145179702325802,0.014088131050213891,0.0035820535230420597
10000,0,multi,gaussian_matched,0.050000000000000003,1,16,0.050000000000000003,14.113380988432887,>=10%,True,True,4,0.014088131050213891,0.52304003278431066,0.039275402571630272,0.025413777773143149,1.3139596018722182,1.338204221539141,1.3258886535668606,0.99079694431234455,0.94944713562008243,1.0284200742660405,True,True,False,3>1>2>4,12,0,0,True,1,0.0076032000917258709,0.001145179702325802,0.014088131050213891,0.0035820535230420597
10000,0,multi,gaussian_matched,0.050000000000000003,1,17,0.02,14.113380988432887,>=10%,True,False,3,0.036715523598447167,0.56197846054935485,0.094398181908319723,0.076239937885810113,1.3139596018722182,1.3345989910617821,1.2966611131669874,0.97157357517211063,,1.044857885354006,False,False,False,,-1,,,False,1,0.0098584688475758398,0.00017545596063732357,0.036715523598447167,0.0061592395054818668
10000,0,multi,gaussian_matched,0.050000000000000003,1,17,0.050000000000000003,14.113380988432887,>=10%,True,True,4,0.036715523598447167,0.56197846054935485,0.094398181908319723,0.076239937885810113,1.3139596018722182,1.3345989910617821,1.2966611131669874,0.97157357517211063,0.92629378425507447,1.044857885354006,True,True,False,3>1>2>4,12,0,0,True,1,0.0098584688475758398,0.00017545596063732357,0.036715523598447167,0.0061592395054818668
10000,0,multi,gaussian_matched,0.050000000000000003,1,18,0.02,14.113380988432887,>=10%,True,False,3,0.03300847503582733,0.54536360410800211,0.10647315398104101,0.072436687515608514,1.3139596018722182,1.3140662643942003,1.2861586757400558,0.9787624190572991,,1.0339704214040113,False,False,False,,-1,,,False,1,0.0024064629335460272,0.0038432317948810957,0.03300847503582733,0.0078645715974897407
10000,0,multi,gaussian_matched,0.050000000000000003,1,18,0.050000000000000003,14.113380988432887,>=10%,True,True,4,0.03300847503582733,0.54536360410800211,0.10647315398104101,0.072436687515608514,1.3139596018722182,1.3140662643942003,1.2861586757400558,0.9787624190572991,0.93496824385059041,1.0339704214040113,True,True,False,3>1>2>4,12,0,0,True,1,0.0024064629335460272,0.0038432317948810957,0.03300847503582733,0.0078645715974897407
10000,0,multi,gaussian_matched,0.050000000000000003,1,19,0.02,14.113380988432887,>=10%,True,True,4,0.0032263083879833401,0.46148636579767621,-0.0043838184765720573,0.066640076017087088,1.3139596018722182,1.326963177573506,1.348300893883486,1.0160801118453024,1.0016597152982414,1.0768527189758876,True,True,False,3>1>2>4,12,0,0,True,1,0.00060661070998302717,0.0013409638482692709,0.0032263083879833401,0.0029782985474236861
10000,0,multi,gaussian_matched,0.050000000000000003,1,19,0.050000000000000003,14.113380988432887,>=10%,True,True,4,0.0032263083879833401,0.46148636579767621,-0.0043838184765720573,0.066640076017087088,1.3139596018722182,1.326963177573506,1.348300893883486,1.0160801118453024,0.97892724506253059,1.0768527189758876,True,True,False,3>1>2>4,12,0,0,True,1,0.00060661070998302717,0.0013409638482692709,0.0032263083879833401,0.0029782985474236861
10000,0,multi,gaussian_matched,0.050000000000000003,1,20,0.02,14.113380988432887,>=10%,True,True,4,0.0046671571491893821,0.49071505977375013,0.03523123800665072,0.017444954738297012,1.3139596018722182,1.3174846233887705,1.3246447495222917,1.0054346942699828,0.98931461111257579,1.0214086508811147,True,True,False,3>1>2>4,12,0,0,True,1,0.00086987001873541721,0.002481190968413074,0.00043625891238741846,0.0046671571491893821
10000,0,multi,gaussian_matched,0.050000000000000003,1,20,0.050000000000000003,14.113380988432887,>=10%,True,True,4,0.0046671571491893821,0.49071505977375013,0.03523123800665072,0.017444954738297012,1.3139596018722182,1.3174846233887705,1.3246447495222917,1.0054346942699828,0.96624039056340516,1.0214086508811147,True,True,False,3>1>2>4,12,0,0,True,1,0.00086987001873541721,0.002481190968413074,0.00043625891238741846,0.0046671571491893821
10000,0,multi,gaussian_matched,0.050000000000000003,1,21,0.02,14.113380988432887,>=10%,True,False,3,0.0208284797710452,0.52429551579604639,0.00051604220360777081,0.055126528704345854,1.3139596018722182,1.3657745063644311,1.3517204365125077,0.98970981682083525,,1.0706927086740592,False,False,False,,-1,,,False,1,0.014926420754891003,0.00580909767840473,0.0208284797710452,0.0007406205788701172
10000,0,multi,gaussian_matched,0.050000000000000003,1,21,0.050000000000000003,14.113380988432887,>=10%,True,True,4,0.0208284797710452,0.52429551579604639,0.00051604220360777081,0.055126528704345854,1.3139596018722182,1.3657745063644311,1.3517204365125077,0.98970981682083525,0.9489104975855569,1.0706927086740592,True,True,False,3>1>2>4,12,0,0,True,1,0.014926420754891003,0.00580909767840473,0.0208284797710452,0.0007406205788701172
10000,0,multi,gaussian_matched,0.050000000000000003,1,22,0.02,14.113380988432887,>=10%,True,True,4,0.016675739197480055,0.52036230437848385,0.014514409889540711,0.040912718622569552,1.3139596018722182,1.3531559824965003,1.3419456429106873,0.99171541216916437,0.97313688018246702,1.0524359801951804,True,True,False,3>1>2>4,12,0,0,True,1,0.011087418305067489,0.0036379184054018045,0.016675739197480055,0.001929564850437504
10000,0,multi,gaussian_matched,0.050000000000000003,1,22,0.050000000000000003,14.113380988432887,>=10%,True,True,4,0.016675739197480055,0.52036230437848385,0.014514409889540711,0.040912718622569552,1.3139596018722182,1.3531559824965003,1.3419456429106873,0.99171541216916437,0.9509132203604832,1.0524359801951804,True,True,False,3>1>2>4,12,0,0,True,1,0.011087418305067489,0.0036379184054018045,0.016675739197480055,0.001929564850437504
10000,0,multi,gaussian_matched,0.050000000000000003,1,23,0.02,14.113380988432887,>=10%,True,True,4,0.0086653518850298046,0.46279770528777381,-0.043790110966937371,0.100898937789482,1.3139596018722182,1.358627618694245,1.3759997397108372,1.0127865213231042,0.99844063951551332,1.1240061531541263,True,True,False,3>1>2>4,12,0,0,True,1,0.0086653518850298046,0.0032564165336125472,0.0044378764352007239,0.0005695860049884005
10000,0,multi,gaussian_matched,0.050000000000000003,1,23,0.050000000000000003,14.113380988432887,>=10%,True,True,4,0.0086653518850298046,0.46279770528777381,-0.043790110966937371,0.100898937789482,1.3139596018722182,1.358627618694245,1.3759997397108372,1.0127865213231042,0.97635592910317381,1.1240061531541263,True,True,False,3>1>2>4,12,0,0,True,1,0.0086653518850298046,0.0032564165336125472,0.0044378764352007239,0.0005695860049884005
10000,0,multi,gaussian_matched,0.050000000000000003,1,24,0.02,14.113380988432887,>=10%,True,True,4,0.016085488620124055,0.5252267619052351,0.031300270066019514,0.031401742241907955,1.3139596018722182,1.3451834116212362,1.3314023521162097,0.98975525613386994,0.97077455199755724,1.037173511587649,True,True,False,3>1>2>4,12,0,0,True,1,0.0096636238296410135,0.0023568575600569157,0.016085488620124055,0.0028976687390354821
10000,0,multi,gaussian_matched,0.050000000000000003,1,24,0.050000000000000003,14.113380988432887,>=10%,True,True,4,0.016085488620124055,0.5252267619052351,0.031300270066019514,0.031401742241907955,1.3139596018722182,1.3451834116212362,1.3314023521162097,0.98975525613386994,0.94835849555981699,1.037173511587649,True,True,False,3>1>2>4,12,0,0,True,1,0.0096636238296410135,0.0023568575600569157,0.016085488620124055,0.0028976687390354821
10000,0,multi,gaussian_matched,0.050000000000000003,1,25,0.02,14.113380988432887,>=10%,True,False,2,0.054354844815586993,0.6096697226893526,0.03282758902698462,0.11100603485119914,1.3139596018722182,1.4092850331450126,1.3420343920676259,0.95228031271480418,,1.1058486309993361,False,False,False,,-1,,,False,1,0.039296732195569423,0.016353368449856031,0.054354844815586993,0.00097588132808384661
10000,0,multi,gaussian_matched,0.050000000000000003,1,25,0.050000000000000003,14.113380988432887,>=10%,True,False,3,0.054354844815586993,0.6096697226893526,0.03282758902698462,0.11100603485119914,1.3139596018722182,1.4092850331450126,1.3420343920676259,0.95228031271480418,,1.1058486309993361,False,False,False,,-1,,,False,1,0.039296732195569423,0.016353368449856031,0.054354844815586993,0.00097588132808384661
10000,0,multi,gaussian_matched,0.050000000000000003,1,26,0.02,14.113380988432887,>=10%,True,True,4,0.0081670246824454319,0.50602928333894537,0.028146461710658162,0.022670010881007844,1.3139596018722182,1.333376484516192,1.3311932184452613,0.99836260343850081,0.98097141350203054,1.0303689910992648,True,True,False,3>1>2>4,12,0,0,True,1,0.0044073097288108076,0.00021314593740569854,0.0081670246824454319,0.0035552492932470286
10000,0,multi,gaussian_matched,0.050000000000000003,1,26,0.050000000000000003,14.113380988432887,>=10%,True,True,4,0.0081670246824454319,0.50602928333894537,0.028146461710658162,0.022670010881007844,1.3139596018722182,1.333376484516192,1.3311932184452613,0.99836260343850081,0.9582967920157579,1.0303689910992648,True,True,False,3>1>2>4,12,0,0,True,1,0.0044073097288108076,0.00021314593740569854,0.0081670246824454319,0.0035552492932470286
10000,0,multi,gaussian_matched,0.050000000000000003,1,27,0.02,14.113380988432887,>=10%,True,True,4,0.010945360923069501,0.4732712408865466,0.069697072689119718,0.033202428168215108,1.3139596018722182,1.2809823039642585,1.2995461662597618,1.0144918959754976,1.0004103740212225,1.0142995207226972,True,True,False,3>1>2>4,12,0,0,True,1,0.010945360923069501,0.0084008536024608883,0.002105871768007824,0.0076522203380881828
10000,0,multi,gaussian_matched,0.050000000000000003,1,27,0.050000000000000003,14.113380988432887,>=10%,True,True,4,0.010945360923069501,0.4732712408865466,0.069697072689119718,0.033202428168215108,1.3139596018722182,1.2809823039642585,1.2995461662597618,1.0144918959754976,0.97615534115984359,1.0142995207226972,True,True,False,3>1>2>4,12,0,0,True,1,0.010945360923069501,0.0084008536024608883,0.002105871768007824,0.0076522203380881828
10000,0,multi,gaussian_matched,0.050000000000000003,1,28,0.02,14.113380988432887,>=10%,True,False,2,0.033770131400332845,0.55350333521406703,-0.00081347607781122322,0.073787642801075568,1.3139596018722182,1.3877426594285818,1.3556652815793955,0.97688521165560005,,1.0878971639186548,False,False,False,,-1,,,False,1,0.025246807759829907,0.010499380583899326,0.033770131400332845,0.00090830731275418552
10000,0,multi,gaussian_matched,0.050000000000000003,1,28,0.050000000000000003,14.113380988432887,>=10%,True,True,4,0.033770131400332845,0.55350333521406703,-0.00081347607781122322,0.073787642801075568,1.3139596018722182,1.3877426594285818,1.3556652815793955,0.97688521165560005,0.93419161099761161,1.0878971639186548,True,True,False,3>1>2>4,12,0,0,True,1,0.025246807759829907,0.010499380583899326,0.033770131400332845,0.00090830731275418552
10000,0,multi,gaussian_matched,0.050000000000000003,1,29,0.02,14.113380988432887,>=10%,True,True,4,0.010290794157438646,0.49893878330443686,-5.029616943837828e-05,0.050061545396875635,1.3139596018722182,1.3485225514741015,1.3494662835583839,1.0006998266979301,0.98378054854261421,1.065122418498345,True,True,False,3>1>2>4,12,0,0,True,1,0.0077833925389345941,0.0024892415552671939,0.010290794157438646,0.0019046885642496844
10000,0,multi,gaussian_matched,0.050000000000000003,1,29,0.050000000000000003,14.113380988432887,>=10%,True,True,4,0.010290794157438646,0.49893878330443686,-5.029616943837828e-05,0.050061545396875635,1.3139596018722182,1.3485225514741015,1.3494662835583839,1.0006998266979301,0.96147910953902804,1.065122418498345,True,True,False,3>1>2>4,12,0,0,True,1,0.0077833925389345941,0.0024892415552671939,0.010290794157438646,0.0019046885642496844
10000,0,multi,gaussian_matched,0.050000000000000003,1,30,0.02,14.113380988432887,>=10%,True,False,3,0.03611765177663305,0.56674766424079615,0.079642604665767405,0.073033791445967194,1.3139596018722182,1.3469868699242018,1.3066626214397488,0.97006336929867609,,1.0500295525979881,False,False,False,,-1,,,False,1,0.01421237943000072,0.0023487138180065107,0.03611765177663305,0.0047045895225205749
10000,0,multi,gaussian_matched,0.050000000000000003,1,30,0.050000000000000003,14.113380988432887,>=10%,True,True,4,0.03611765177663305,0.56674766424079615,0.079642604665767405,0.073033791445967194,1.3139596018722182,1.3469868699242018,1.3066626214397488,0.97006336929867609,0.92459869799905492,1.0500295525979881,True,True,False,3>1>2>4,12,0,0,True,1,0.01421237943000072,0.0023487138180065107,0.03611765177663305,0.0047045895225205749
10000,0,multi,gaussian_matched,0.050000000000000003,1,31,0.02,14.113380988432887,>=10%,True,True,4,0.017850318301915025,0.52789765185920001,0.027419755811831845,0.035890756565645533,1.3139596018722182,1.3497746909853463,1.3342814740464088,0.98852162731868432,0.96930664554829282,1.0427810936194237,True,True,False,3>1>2>4,12,0,0,True,1,0.011192950974594577,0.0031694266995071154,0.017850318301915025,0.0024854643572295196
10000,0,multi,gaussian_matched,0.050000000000000003,1,31,0.050000000000000003,14.113380988432887,>=10%,True,True,4,0.017850318301915025,0.52789765185920001,0.027419755811831845,0.035890756565645533,1.3139596018722182,1.3497746909853463,1.3342814740464088,0.98852162731868432,0.94699630644170252,1.0427810936194237,True,True,False,3>1>2>4,12,0,0,True,1,0.011192950974594577,0.0031694266995071154,0.017850318301915025,0.0024854643572295196
10000,0,multi,gaussian_matched,0.050000000000000003,2,0,0.02,19.05415338481961,>=10%,True,False,1,0.051919848884036689,0.54111545754646928,-0.022773258742591104,0.083584855310466569,1.0802344727636957,1.1576221152958128,1.1530550208909216,0.99605476230581158,,1.1447883838011033,False,False,False,,-1,,,False,1,0.051919848884036689,0.0091849932411871161,0.045254168726556777,0.021192122127492104
10000,0,multi,gaussian_matched,0.050000000000000003,2,0,0.050000000000000003,19.05415338481961,>=10%,True,False,3,0.051919848884036689,0.54111545754646928,-0.022773258742591104,0.083584855310466569,1.0802344727636957,1.1576221152958128,1.1530550208909216,0.99605476230581158,,1.1447883838011033,False,False,False,,-1,,,False,1,0.051919848884036689,0.0091849932411871161,0.045254168726556777,0.021192122127492104
10000,0,multi,gaussian_matched,0.050000000000000003,2,1,0.02,19.05415338481961,>=10%,True,True,4,0.019862426172387065,0.46099477195587701,0.051172643943839698,0.039022851107947794,1.0802344727636957,1.0804334452058473,1.1198065425697248,1.036441946089864,1.0148368191450226,1.0727572789941595,True,True,False,3>1>4>2,13,0,0,True,1,0.00041316889588516764,0.0011495886800553425,0.019862426172387065,0.0069326170506203658
10000,0,multi,gaussian_matched,0.050000000000000003,2,1,0.050000000000000003,19.05415338481961,>=10%,True,True,4,0.019862426172387065,0.46099477195587701,0.051172643943839698,0.039022851107947794,1.0802344727636957,1.0804334452058473,1.1198065425697248,1.036441946089864,0.98703155166877943,1.0727572789941595,True,True,False,3>1>4>2,13,0,0,True,1,0.00041316889588516764,0.0011495886800553425,0.019862426172387065,0.0069326170506203658
10000,0,multi,gaussian_matched,0.050000000000000003,2,2,0.02,19.05415338481961,>=10%,True,True,4,0.016376756621038654,0.48193676220602344,0.021822832408066054,0.033469886959858051,1.0802344727636957,1.1081363519417029,1.1351302588538303,1.0243597341291333,1.0063883960585422,1.0818023079969998,True,True,False,3>1>4>2,13,0,0,True,1,0.016376756621038654,0.0024655815669292346,0.0032816520096677869,0.013123835964555904
10000,0,multi,gaussian_matched,0.050000000000000003,2,2,0.050000000000000003,19.05415338481961,>=10%,True,True,4,0.016376756621038654,0.48193676220602344,0.021822832408066054,0.033469886959858051,1.0802344727636957,1.1081363519417029,1.1351302588538303,1.0243597341291333,0.9792012001908772,1.0818023079969998,True,True,False,3>1>4>2,13,0,0,True,1,0.016376756621038654,0.0024655815669292346,0.0032816520096677869,0.013123835964555904
10000,0,multi,gaussian_matched,0.050000000000000003,2,3,0.02,19.05415338481961,>=10%,True,False,2,0.049022762006382926,0.55199194696932474,-0.0043312493418955489,0.075200047903656961,1.0802344727636957,1.1418738188619664,1.1391236494675261,0.99759152951139451,,1.124129740337235,False,False,False,,-1,,,False,1,0.049022762006382926,0.011184946927888569,0.042882384847859438,0.015076015741755006
10000,0,multi,gaussian_matched,0.050000000000000003,2,3,0.050000000000000003,19.05415338481961,>=10%,True,True,4,0.049022762006382926,0.55199194696932474,-0.0043312493418955489,0.075200047903656961,1.0802344727636957,1.1418738188619664,1.1391236494675261,0.99759152951139451,0.95334964723510252,1.124129740337235,True,True,False,3>1>4>2,13,0,0,True,1,0.049022762006382926,0.011184946927888569,0.042882384847859438,0.015076015741755006
10000,0,multi,gaussian_matched,0.050000000000000003,2,4,0.02,19.05415338481961,>=10%,True,False,2,0.25914622905841789,0.49401765590019864,0.15744904598052217,0.10761545392299748,1.0802344727636957,0.97261944925616273,0.9817676918973528,1.0094057780236521,,1.0084691548800959,False,False,False,,-1,,,False,1,0.050431651499609972,0.018024533374515511,0.0010715284248030276,0.25914622905841789
10000,0,multi,gaussian_matched,0.050000000000000003,2,4,0.050000000000000003,19.05415338481961,>=10%,True,False,2,0.25914622905841789,0.49401765590019864,0.15744904598052217,0.10761545392299748,1.0802344727636957,0.97261944925616273,0.9817676918973528,1.0094057780236521,,1.0084691548800959,False,False,False,,-1,,,False,1,0.050431651499609972,0.018024533374515511,0.0010715284248030276,0.25914622905841789
10000,0,multi,gaussian_matched,0.050000000000000003,2,5,0.02,19.05415338481961,>=10%,True,True,4,0.014785084002192452,0.47719356222526993,0.024051764012366146,0.034546266872739977,1.0802344727636957,1.1060748894446821,1.1347782907002744,1.0259506851927569,1.0077225446875082,1.0824729140344767,True,True,False,3>1>4>2,13,0,0,True,1,0.014785084002192452,0.002110266150753558,0.00050796232746469234,0.012033231593816104
10000,0,multi,gaussian_matched,0.050000000000000003,2,5,0.050000000000000003,19.05415338481961,>=10%,True,True,4,0.014785084002192452,0.47719356222526993,0.024051764012366146,0.034546266872739977,1.0802344727636957,1.1060748894446821,1.1347782907002744,1.0259506851927569,0.9805098838695866,1.0824729140344767,True,True,False,3>1>4>2,13,0,0,True,1,0.014785084002192452,0.002110266150753558,0.00050796232746469234,0.012033231593816104
10000,0,multi,gaussian_matched,0.050000000000000003,2,6,0.02,19.05415338481961,>=10%,True,True,4,0.012046772521592204,0.48131555437056062,0.042104835611286806,0.020284036314409455,1.0802344727636957,1.0878790110472703,1.1221908326989007,1.0315401081399662,1.0115239833158605,1.0576174875167401,True,True,False,3>1>4>2,13,0,0,True,1,0.0071699478092775697,0.0029848780043699496,0.0071604881555629198,0.012046772521592204
10000,0,multi,gaussian_matched,0.050000000000000003,2,6,0.050000000000000003,19.05415338481961,>=10%,True,True,4,0.012046772521592204,0.48131555437056062,0.042104835611286806,0.020284036314409455,1.0802344727636957,1.0878790110472703,1.1221908326989007,1.0315401081399662,0.98378737762853008,1.0576174875167401,True,True,False,3>1>4>2,13,0,0,True,1,0.0071699478092775697,0.0029848780043699496,0.0071604881555629198,0.012046772521592204
10000,0,multi,gaussian_matched,0.050000000000000003,2,7,0.02,19.05415338481961,>=10%,True,False,3,0.022160448527248015,0.45540696686792725,0.0020770830917466593,0.065461015642239259,1.0802344727636957,1.129841743433323,1.1528684836788332,1.020380500525266,,1.1278380111348154,False,False,False,,-1,,,False,1,0.022160448527248015,0.0022086803031187963,0.0036440325542987811,0.0057250193376267985
10000,0,multi,gaussian_matched,0.050000000000000003,2,7,0.050000000000000003,19.05415338481961,>=10%,True,True,4,0.022160448527248015,0.45540696686792725,0.0020770830917466593,0.065461015642239259,1.0802344727636957,1.129841743433323,1.1528684836788332,1.020380500525266,0.97792849046000085,1.1278380111348154,True,True,False,3>1>4>2,13,0,0,True,1,0.022160448527248015,0.0022086803031187963,0.0036440325542987811,0.0057250193376267985
10000,0,multi,gaussian_matched,0.050000000000000003,2,8,0.02,19.05415338481961,>=10%,True,False,3,0.023207831601308362,0.47389294067261289,0.097746152312710277,0.054417585460880553,1.0802344727636957,1.032739513618635,1.075437982059013,1.0413448579020337,,1.045935485311116,False,False,False,,-1,,,False,1,0.023207831601308362,0.0012055630980335047,0.017696563464367997,0.014038820047397307
10000,0,multi,gaussian_matched,0.050000000000000003,2,8,0.050000000000000003,19.05415338481961,>=10%,True,True,4,0.023207831601308362,0.47389294067261289,0.097746152312710277,0.054417585460880553,1.0802344727636957,1.032739513618635,1.075437982059013,1.0413448579020337,0.98227818283019097,1.045935485311116,True,True,False,3>1>4>2,13,0,0,True,1,0.023207831601308362,0.0012055630980335047,0.017696563464367997,0.014038820047397307
10000,0,multi,gaussian_matched,0.050000000000000003,2,9,0.02,19.05415338481961,>=10%,True,False,3,0.047427572944746081,0.5676156977729313,0.12264558054511045,0.099243452973264271,1.0802344727636957,1.0286720948851733,1.0384128977569831,1.0094692982537814,,1.0531568649347416,False,False,False,,-1,,,False,1,0.0012906752597323563,0.011027176903798307,0.047427572944746081,0.01648280743729896
10000,0,multi,gaussian_matched,0.050000000000000003,2,9,0.050000000000000003,19.05415338481961,>=10%,True,True,4,0.047427572944746081,0.5676156977729313,0.12264558054511045,0.099243452973264271,1.0802344727636957,1.0286720948851733,1.0384128977569831,1.0094692982537814,0.94966426007542115,1.0531568649347416,True,True,False,3>1>4>2,13,0,0,True,1,0.0012906752597323563,0.011027176903798307,0.047427572944746081,0.01648280743729896
10000,0,multi,gaussian_matched,0.050000000000000003,2,10,0.02,19.05415338481961,>=10%,True,False,3,0.021070723079039903,0.47805982178751627,0.0097790478800076214,0.045815896907451956,1.0802344727636957,1.1202984462936125,1.1432633591915971,1.0204989241696814,,1.1007603312796366,False,False,False,,-1,,,False,1,0.021070723079039903,0.0019497061257756966,0.0079435384581261759,0.011534535249387429
10000,0,multi,gaussian_matched,0.050000000000000003,2,10,0.050000000000000003,19.05415338481961,>=10%,True,True,4,0.021070723079039903,0.47805982178751627,0.0097790478800076214,0.045815896907451956,1.0802344727636957,1.1202984462936125,1.1432633591915971,1.0204989241696814,0.97685620413815233,1.1007603312796366,True,True,False,3>1>4>2,13,0,0,True,1,0.021070723079039903,0.0019497061257756966,0.0079435384581261759,0.011534535249387429
10000,0,multi,gaussian_matched,0.050000000000000003,2,11,0.02,19.05415338481961,>=10%,True,False,3,0.020322431982385064,0.53395290117342509,0.057873705906972078,0.03485390570369206,1.0802344727636957,1.0771902363990504,1.1005849227480358,1.0217182495333337,,1.0511040492410839,False,False,False,,-1,,,False,1,0.014337179979894714,0.0083596302101473108,0.020322431982385064,0.0071647151983844125
10000,0,multi,gaussian_matched,0.050000000000000003,2,11,0.050000000000000003,19.05415338481961,>=10%,True,True,4,0.020322431982385064,0.53395290117342509,0.057873705906972078,0.03485390570369206,1.0802344727636957,1.0771902363990504,1.1005849227480358,1.0217182495333337,0.97242634003394435,1.0511040492410839,True,True,False,3>1>4>2,13,0,0,True,1,0.014337179979894714,0.0083596302101473108,0.020322431982385064,0.0071647151983844125
10000,0,multi,gaussian_matched,0.050000000000000003,2,12,0.02,19.05415338481961,>=10%,True,False,3,0.035778088259904549,0.39439559539681457,0.032337342122545826,0.10707128352125646,1.0802344727636957,1.1159727936410153,1.1434305875306134,1.0246043577818893,,1.15762077824878,False,False,False,,-1,,,False,1,0.00010010044139026876,0.0057708546869038686,0.035778088259904549,0.016837020085932727
10000,0,multi,gaussian_matched,0.050000000000000003,2,12,0.050000000000000003,19.05415338481961,>=10%,True,True,4,0.035778088259904549,0.39439559539681457,0.032337342122545826,0.10707128352125646,1.0802344727636957,1.1159727936410153,1.1434305875306134,1.0246043577818893,0.97657224323793168,1.15762077824878,True,True,False,3>1>4>2,13,0,0,True,1,0.00010010044139026876,0.0057708546869038686,0.035778088259904549,0.016837020085932727
10000,0,multi,gaussian_matched,0.050000000000000003,2,13,0.02,19.05415338481961,>=10%,True,False,1,0.061783521154045291,0.39357958890226596,0.075999385137844044,0.10955031686744068,1.0802344727636957,1.0766120363007252,1.0967683091421372,1.0187219464038964,,1.1167192460756281,False,False,False,,-1,,,False,1,0.028487144201022534,0.0073636048736528265,0.061783521154045291,0.047465390415479543
10000,0,multi,gaussian_matched,0.050000000000000003,2,13,0.050000000000000003,19.05415338481961,>=10%,True,False,3,0.061783521154045291,0.39357958890226596,0.075999385137844044,0.10955031686744068,1.0802344727636957,1.0766120363007252,1.0967683091421372,1.0187219464038964,,1.1167192460756281,False,False,False,,-1,,,False,1,0.028487144201022534,0.0073636048736528265,0.061783521154045291,0.047465390415479543
10000,0,multi,gaussian_matched,0.050000000000000003,2,14,0.02,19.05415338481961,>=10%,True,False,3,0.024788839982222307,0.48769190867280843,0.10917931453795625,0.060445681246064621,1.0802344727636957,1.0207060242993324,1.0606117717023298,1.0390962201191971,,1.0377908511660956,False,False,False,,-1,,,False,1,0.024788839982222307,0.0018475812642325907,0.0074879875614989643,0.018675887050303867
10000,0,multi,gaussian_matched,0.050000000000000003,2,14,0.050000000000000003,19.05415338481961,>=10%,True,True,4,0.024788839982222307,0.48769190867280843,0.10917931453795625,0.060445681246064621,1.0802344727636957,1.0207060242993324,1.0606117717023298,1.0390962201191971,0.9771782881119685,1.0377908511660956,True,True,False,3>1>4>2,13,0,0,True,1,0.024788839982222307,0.0018475812642325907,0.0074879875614989643,0.018675887050303867
10000,0,multi,gaussian_matched,0.050000000000000003,2,15,0.02,19.05415338481961,>=10%,True,False,3,0.024312151829135317,0.53502643829134966,0.098377253918135621,0.059726125573633965,1.0802344727636957,1.0382345694873178,1.069116726653883,1.0297448746883999,,1.0449979895007984,False,False,False,,-1,,,False,1,0.0019976042461791852,0.0080162237442789244,0.024312151829135317,0.0051071915751852741
10000,0,multi,gaussian_matched,0.050000000000000003,2,15,0.050000000000000003,19.05415338481961,>=10%,True,True,4,0.024312151829135317,0.53502643829134966,0.098377253918135621,0.059726125573633965,1.0802344727636957,1.0382345694873178,1.069116726653883,1.0297448746883999,0.97446606870412078,1.0449979895007984,True,True,False,3>1>4>2,13,0,0,True,1,0.0019976042461791852,0.0080162237442789244,0.024312151829135317,0.0051071915751852741
10000,0,multi,gaussian_matched,0.050000000000000003,2,16,0.02,19.05415338481961,>=10%,True,False,3,0.02041614243897194,0.48958415162872682,0.014741945854913327,0.036764388739529155,1.0802344727636957,1.1151492225289463,1.1378373805430784,1.0203454009165513,,1.0873581605644196,False,False,False,,-1,,,False,1,0.02041614243897194,0.0029548226786304502,0.0094277142809779321,0.014657478923913104
10000,0,multi,gaussian_matched,0.050000000000000003,2,16,0.050000000000000003,19.05415338481961,>=10%,True,True,4,0.02041614243897194,0.48958415162872682,0.014741945854913327,0.036764388739529155,1.0802344727636957,1.1151492225289463,1.1378373805430784,1.0203454009165513,0.9760258187558386,1.0873581605644196,True,True,False,3>1>4>2,13,0,0,True,1,0.02041614243897194,0.0029548226786304502,0.0094277142809779321,0.014657478923913104
10000,0,multi,gaussian_matched,0.050000000000000003,2,17,0.02,19.05415338481961,>=10%,True,False,2,0.039632962550195668,0.50384477277487605,-0.026951176275347113,0.077047166124718527,1.0802344727636957,1.1572799777534799,1.1592837838383923,1.0017314790918634,,1.1445024030755604,False,False,False,,-1,,,False,1,0.039632962550195668,0.0051659968855383475,0.033822580927844799,0.016097610593035841
10000,0,multi,gaussian_matched,0.050000000000000003,2,17,0.050000000000000003,19.05415338481961,>=10%,True,True,4,0.039632962550195668,0.50384477277487605,-0.026951176275347113,0.077047166124718527,1.0802344727636957,1.1572799777534799,1.1592837838383923,1.0017314790918634,0.96259239117569706,1.1445024030755604,True,True,False,3>1>4>2,13,0,0,True,1,0.039632962550195668,0.0051659968855383475,0.033822580927844799,0.016097610593035841
10000,0,multi,gaussian_matched,0.050000000000000003,2,18,0.02,19.05415338481961,>=10%,True,True,4,0.014808936496314295,0.42233793217963572,0.013867026745837882,0.085656222974871216,1.0802344727636957,1.1245853088151225,1.1530309311764468,1.0252943215053156,1.0078300133979732,1.1466836000727079,True,True,False,3>1>4>2,13,0,0,True,1,0.013778637201386633,0.0034179782490265493,0.014808936496314295,0.0029079301258902361
10000,0,multi,gaussian_matched,0.050000000000000003,2,18,0.050000000000000003,19.05415338481961,>=10%,True,True,4,0.014808936496314295,0.42233793217963572,0.013867026745837882,0.085656222974871216,1.0802344727636957,1.1245853088151225,1.1530309311764468,1.0252943215053156,0.98105651762342361,1.1466836000727079,True,True,False,3>1>4>2,13,0,0,True,1,0.013778637201386633,0.0034179782490265493,0.014808936496314295,0.0029079301258902361
10000,0,multi,gaussian_matched,0.050000000000000003,2,19,0.02,19.05415338481961,>=10%,True,False,1,0.042485225310912027,0.44088091230974003,0.088168651469276813,0.070369826518983089,1.0802344727636957,1.0480177789233511,1.0873369754491184,1.0375176808223241,,1.0717180678433629,False,False,False,,-1,,,False,1,0.024936700155787223,0.001915469028508251,0.042485225310912027,0.022618946973669556
10000,0,multi,gaussian_matched,0.050000000000000003,2,19,0.050000000000000003,19.05415338481961,>=10%,True,True,4,0.042485225310912027,0.44088091230974003,0.088168651469276813,0.070369826518983089,1.0802344727636957,1.0480177789233511,1.0873369754491184,1.0375176808223241,0.97858789452986872,1.0717180678433629,True,True,False,3>1>4>2,13,0,0,True,1,0.024936700155787223,0.001915469028508251,0.042485225310912027,0.022618946973669556
10000,0,multi,gaussian_matched,0.050000000000000003,2,20,0.02,19.05415338481961,>=10%,True,False,0,0.33509028974120447,0.40444350795693562,0.1926027331515674,0.17165833121020768,1.0802344727636957,0.97704053729633944,0.95048344376980898,0.97281884168284449,,1.0387946351213033,False,False,False,,-1,,,False,1,0.11520980948881417,0.035875093666347023,0.079376612706105243,0.33509028974120447
10000,0,multi,gaussian_matched,0.050000000000000003,2,20,0.050000000000000003,19.05415338481961,>=10%,True,False,1,0.33509028974120447,0.40444350795693562,0.1926027331515674,0.17165833121020768,1.0802344727636957,0.97704053729633944,0.95048344376980898,0.97281884168284449,,1.0387946351213033,False,False,False,,-1,,,False,1,0.11520980948881417,0.035875093666347023,0.079376612706105243,0.33509028974120447
10000,0,multi,gaussian_matched,0.050000000000000003,2,21,0.02,19.05415338481961,>=10%,True,False,2,0.28111863972431061,0.50195222317073007,0.17235162463860881,0.12236719832951706,1.0802344727636957,0.95865336515844213,1.0026599784502639,1.0459046146304911,,1.041465723549339,False,False,False,,-1,,,False,1,0.056419675216278914,0.013349053316991514,0.0059524987962021594,0.28111863972431061
10000,0,multi,gaussian_matched,0.050000000000000003,2,21,0.050000000000000003,19.05415338481961,>=10%,True,False,2,0.28111863972431061,0.50195222317073007,0.17235162463860881,0.12236719832951706,1.0802344727636957,0.95865336515844213,1.0026599784502639,1.0459046146304911,,1.041465723549339,False,False,False,,-1,,,False,1,0.056419675216278914,0.013349053316991514,0.0059524987962021594,0.28111863972431061
10000,0,multi,gaussian_matched,0.050000000000000003,2,22,0.02,19.05415338481961,>=10%,True,False,2,0.045541591402900199,0.55961294972831355,0.15130742922062701,0.11754530611897179,1.0802344727636957,1.0000729585469355,1.0057500183934074,1.0056766456866513,,1.0398625047009615,False,False,False,,-1,,,False,1,0.016830015844265696,0.0069525897144960417,0.045541591402900199,0.031917528748846659
10000,0,multi,gaussian_matched,0.050000000000000003,2,22,0.050000000000000003,19.05415338481961,>=10%,True,True,4,0.045541591402900199,0.55961294972831355,0.15130742922062701,0.11754530611897179,1.0802344727636957,1.0000729585469355,1.0057500183934074,1.0056766456866513,0.93566031542720429,1.0398625047009615,True,True,False,3>1>4>2,13,0,0,True,1,0.016830015844265696,0.0069525897144960417,0.045541591402900199,0.031917528748846659
10000,0,multi,gaussian_matched,0.050000000000000003,2,23,0.02,19.05415338481961,>=10%,True,True,4,0.0098428950593202023,0.50850328156725533,0.093486366829383452,0.04430993000933002,1.0802344727636957,1.0376696089442379,1.0770515335511568,1.0379522771674767,1.011703849000912,1.0380722813738492,True,True,False,3>1>4>2,13,0,0,True,1,0.0098428950593202023,0.0053022866413806437,0.0066155701561392589,0.0046988568630652447
10000,0,multi,gaussian_matched,0.050000000000000003,2,23,0.050000000000000003,19.05415338481961,>=10%,True,True,4,0.0098428950593202023,0.50850328156725533,0.093486366829383452,0.04430993000933002,1.0802344727636957,1.0376696089442379,1.0770515335511568,1.0379522771674767,0.9823326350348065,1.0380722813738492,True,True,False,3>1>4>2,13,0,0,True,1,0.0098428950593202023,0.0053022866413806437,0.0066155701561392589,0.0046988568630652447
10000,0,multi,gaussian_matched,0.050000000000000003,2,24,0.02,19.05415338481961,>=10%,True,True,4,0.019210400567976953,0.53081031666137446,0.066586864510701269,0.034991423050092285,1.0802344727636957,1.0680000859675007,1.0951232749165161,1.0253962422900411,1.0041193290087012,1.046175368830156,True,True,False,3>1>4>2,13,0,0,True,1,0.0096545179101159909,0.0080256658340686193,0.019210400567976953,0.0051334113544520658
10000,0,multi,gaussian_matched,0.050000000000000003,2,24,0.050000000000000003,19.05415338481961,>=10%,True,True,4,0.019210400567976953,0.53081031666137446,0.066586864510701269,0.034991423050092285,1.0802344727636957,1.0680000859675007,1.0951232749165161,1.0253962422900411,0.97502954799792352,1.046175368830156,True,True,False,3>1>4>2,13,0,0,True,1,0.0096545179101159909,0.0080256658340686193,0.019210400567976953,0.0051334113544520658
10000,0,multi,gaussian_matched,0.050000000000000003,2,25,0.02,19.05415338481961,>=10%,True,False,1,0.031794501391970598,0.46924108954708332,0.11050173666922145,0.067871722478822963,1.0802344727636957,1.0205383982279115,1.05748408799148,1.0362021554776595,,1.0417699479550657,False,False,False,,-1,,,False,1,0.031794501391970598,0.00063441381201423082,0.021294596275474472,0.030221232680741911
10000,0,multi,gaussian_matched,0.050000000000000003,2,25,0.050000000000000003,19.05415338481961,>=10%,True,True,4,0.031794501391970598,0.46924108954708332,0.11050173666922145,0.067871722478822963,1.0802344727636957,1.0205383982279115,1.05748408799148,1.0362021554776595,0.97092809669303781,1.0417699479550657,True,True,False,3>1>4>2,13,0,0,True,1,0.031794501391970598,0.00063441381201423082,0.021294596275474472,0.030221232680741911
10000,0,multi,gaussian_matched,0.050000000000000003,2,26,0.02,19.05415338481961,>=10%,True,False,3,0.026311218407228491,0.41915398503164314,0.033513611427467699,0.082509873011829951,1.0802344727636957,1.1065567149574507,1.1399136169028052,1.0301447738687639,,1.1316279203598825,False,False,False,,-1,,,False,1,0.0030764070006268607,0.0032502240605414763,0.026311218407228491,0.0060803300766692128
10000,0,multi,gaussian_matched,0.050000000000000003,2,26,0.050000000000000003,19.05415338481961,>=10%,True,True,4,0.026311218407228491,0.41915398503164314,0.033513611427467699,0.082509873011829951,1.0802344727636957,1.1065567149574507,1.1399136169028052,1.0301447738687639,0.98273875872691829,1.1316279203598825,True,True,False,3>1>4>2,13,0,0,True,1,0.0030764070006268607,0.0032502240605414763,0.026311218407228491,0.0060803300766692128
10000,0,multi,gaussian_matched,0.050000000000000003,2,27,0.02,19.05415338481961,>=10%,True,False,2,0.2648503935554602,0.47927289082654934,0.15491282339162704,0.10694070116981125,1.0802344727636957,0.9753230866471897,0.99556719146637396,1.0207563063935832,,1.0206190604300052,False,False,False,,-1,,,False,1,0.055547915108983499,0.017871720615812711,0.01288565606239081,0.2648503935554602
10000,0,multi,gaussian_matched,0.050000000000000003,2,27,0.050000000000000003,19.05415338481961,>=10%,True,False,2,0.2648503935554602,0.47927289082654934,0.15491282339162704,0.10694070116981125,1.0802344727636957,0.9753230866471897,0.99556719146637396,1.0207563063935832,,1.0206190604300052,False,False,False,,-1,,,False,1,0.055547915108983499,0.017871720615812711,0.01288565606239081,0.2648503935554602
10000,0,multi,gaussian_matched,0.050000000000000003,2,28,0.02,19.05415338481961,>=10%,True,False,1,0.05468114234869894,0.52267130830180131,-0.046615495903890317,0.0992398219913255,1.0802344727636957,1.1784670309044163,1.1696601838498737,0.99252686174191584,,1.1746523906007347,False,False,False,,-1,,,False,1,0.05468114234869894,0.0067734892755807281,0.049602428607008295,0.023380658749352124
10000,0,multi,gaussian_matched,0.050000000000000003,2,28,0.050000000000000003,19.05415338481961,>=10%,True,False,3,0.05468114234869894,0.52267130830180131,-0.046615495903890317,0.0992398219913255,1.0802344727636957,1.1784670309044163,1.1696601838498737,0.99252686174191584,,1.1746523906007347,False,False,False,,-1,,,False,1,0.05468114234869894,0.0067734892755807281,0.049602428607008295,0.023380658749352124
10000,0,multi,gaussian_matched,0.050000000000000003,2,29,0.02,19.05415338481961,>=10%,True,False,2,0.041296821837343518,0.5670678473918972,0.057333197364993115,0.067467562112297735,1.0802344727636957,1.0874565073765359,1.0928671356154545,1.0049754893204617,,1.0741507765060732,False,False,False,,-1,,,False,1,0.030640072818857875,0.013373120942492956,0.041296821837343518,0.001352246112475982
10000,0,multi,gaussian_matched,0.050000000000000003,2,29,0.050000000000000003,19.05415338481961,>=10%,True,True,4,0.041296821837343518,0.5670678473918972,0.057333197364993115,0.067467562112297735,1.0802344727636957,1.0874565073765359,1.0928671356154545,1.0049754893204617,0.953973520381036,1.0741507765060732,True,True,False,3>1>4>2,13,0,0,True,1,0.030640072818857875,0.013373120942492956,0.041296821837343518,0.001352246112475982
10000,0,multi,gaussian_matched,0.050000000000000003,2,30,0.02,19.05415338481961,>=10%,True,False,2,0.049730116609306742,0.54289434640953393,-0.016379501288783349,0.079032671378669012,1.0802344727636957,1.151682613482204,1.1485915451900546,0.99731604154133802,,1.1364423627658751,False,False,False,,-1,,,False,1,0.049730116609306742,0.009470521084660689,0.043309713802194783,0.019805937546979527
10000,0,multi,gaussian_matched,0.050000000000000003,2,30,0.050000000000000003,19.05415338481961,>=10%,True,True,4,0.049730116609306742,0.54289434640953393,-0.016379501288783349,0.079032671378669012,1.0802344727636957,1.151682613482204,1.1485915451900546,0.99731604154133802,0.95454849359242755,1.1364423627658751,True,True,False,3>1>4>2,13,0,0,True,1,0.049730116609306742,0.009470521084660689,0.043309713802194783,0.019805937546979527
10000,0,multi,gaussian_matched,0.050000000000000003,2,31,0.02,19.05415338481961,>=10%,True,False,2,0.027397530078852463,0.46092449774559319,0.095517861436825391,0.059989754010299025,1.0802344727636957,1.036557346430232,1.078522795603422,1.0404854100139405,,1.0539494696007297,False,False,False,,-1,,,False,1,0.024966868170543506,0.00011294250567651526,0.027397530078852463,0.017936385197732049
10000,0,multi,gaussian_matched,0.050000000000000003,2,31,0.050000000000000003,19.05415338481961,>=10%,True,True,4,0.027397530078852463,0.46092449774559319,0.095517861436825391,0.059989754010299025,1.0802344727636957,1.036557346430232,1.078522795603422,1.0404854100139405,0.98100235647380063,1.0539494696007297,True,True,False,3>1>4>2,13,0,0,True,1,0.024966868170543506,0.00011294250567651526,0.027397530078852463,0.017936385197732049
10000,0,multi,gaussian_matched,0.050000000000000003,3,0,0.02,14.195852215374183,>=10%,True,False,3,0.02455249747402815,0.51793372954473926,0.10989596217950666,0.062523155237021955,1.3462098874923794,1.3101831827219992,1.3250599336916513,1.0113547106739262,,1.0307330987691383,False,False,False,,-1,,,False,1,0.012502249419216654,0.016867843144647954,0.012464830452900552,0.02455249747402815
10000,0,multi,gaussian_matched,0.050000000000000003,3,0,0.050000000000000003,14.195852215374183,>=10%,True,True,4,0.02455249747402815,0.51793372954473926,0.10989596217950666,0.062523155237021955,1.3462098874923794,1.3101831827219992,1.3250599336916513,1.0113547106739262,0.96793665253340977,1.0307330987691383,True,True,False,2>1>4>3,7,0,0,True,1,0.012502249419216654,0.016867843144647954,0.012464830452900552,0.02455249747402815
10000,0,multi,gaussian_matched,0.050000000000000003,3,1,0.02,14.195852215374183,>=10%,True,False,3,0.021097232110536417,0.5628304421237289,0.0060288876724852031,0.076688481382683346,1.3462098874923794,1.4190496611176906,1.3872504087241166,0.97759116311086125,,1.0874521898169367,False,False,False,,-1,,,False,1,0.021097232110536417,0.019801003612101471,0.003940338917639943,0.01003857477212223
10000,0,multi,gaussian_matched,0.050000000000000003,3,1,0.050000000000000003,14.195852215374183,>=10%,True,True,4,0.021097232110536417,0.5628304421237289,0.0060288876724852031,0.076688481382683346,1.3462098874923794,1.4190496611176906,1.3872504087241166,0.97759116311086125,0.94319905472667975,1.0874521898169367,True,True,False,2>1>4>3,7,0,0,True,1,0.021097232110536417,0.019801003612101471,0.003940338917639943,0.01003857477212223
10000,0,multi,gaussian_matched,0.050000000000000003,3,2,0.02,14.195852215374183,>=10%,True,False,3,0.026585900120124645,0.58320629846248184,0.081589706507251808,0.08900111044836416,1.3462098874923794,1.3749690316821979,1.3548966136698595,0.98540154901686705,,1.072565086271807,False,False,False,,-1,,,False,1,0.0059145205249183323,0.026585900120124645,0.0034321892568140661,0.0053472832002335888
10000,0,multi,gaussian_matched,0.050000000000000003,3,2,0.050000000000000003,14.195852215374183,>=10%,True,True,4,0.026585900120124645,0.58320629846248184,0.081589706507251808,0.08900111044836416,1.3462098874923794,1.3749690316821979,1.3548966136698595,0.98540154901686705,0.93988152615504039,1.072565086271807,True,True,False,2>1>4>3,7,0,0,True,1,0.0059145205249183323,0.026585900120124645,0.0034321892568140661,0.0053472832002335888
10000,0,multi,gaussian_matched,0.050000000000000003,3,3,0.02,14.195852215374183,>=10%,True,True,4,0.008819868405305107,0.49120060289152279,0.030025346830752576,0.021826959447078364,1.3462098874923794,1.3575923908688727,1.3658385010365861,1.0060740692295982,0.99567645219802636,1.0307942865198423,True,True,False,2>1>4>3,7,0,0,True,1,0.0026553645889807673,0.0063887658077247918,0.0077355984875667871,0.008819868405305107
10000,0,multi,gaussian_matched,0.050000000000000003,3,3,0.050000000000000003,14.195852215374183,>=10%,True,True,4,0.008819868405305107,0.49120060289152279,0.030025346830752576,0.021826959447078364,1.3462098874923794,1.3575923908688727,1.3658385010365861,1.0060740692295982,0.97313174159243809,1.0307942865198423,True,True,False,2>1>4>3,7,0,0,True,1,0.0026553645889807673,0.0063887658077247918,0.0077355984875667871,0.008819868405305107
10000,0,multi,gaussian_matched,0.050000000000000003,3,4,0.02,14.195852215374183,>=10%,True,True,4,0.0084486454016822806,0.52150216883701672,0.028150438230710756,0.030655286888325795,1.3462098874923794,1.3765166070644124,1.3694742213692721,0.99488390793180548,0.98236963724170057,1.0400529079946488,True,True,False,2>1>4>3,7,0,0,True,1,0.0084486454016822806,0.0023186634251524565,0.0037514109140218219,0.0023518291558852502
10000,0,multi,gaussian_matched,0.050000000000000003,3,4,0.050000000000000003,14.195852215374183,>=10%,True,True,4,0.0084486454016822806,0.52150216883701672,0.028150438230710756,0.030655286888325795,1.3462098874923794,1.3765166070644124,1.3694742213692721,0.99488390793180548,0.96047587121795808,1.0400529079946488,True,True,False,2>1>4>3,7,0,0,True,1,0.0084486454016822806,0.0023186634251524565,0.0037514109140218219,0.0023518291558852502
10000,0,multi,gaussian_matched,0.050000000000000003,3,5,0.02,14.195852215374183,>=10%,True,True,4,0.014342781814781901,0.52189144905436635,0.077701619091918639,0.035307438904764371,1.3462098874923794,1.3374460396347407,1.342803706100177,1.0040058935513387,0.98741260841370948,1.0236970904826626,True,True,False,2>1>4>3,7,0,0,True,1,0.0037350805259570756,0.011581482765992319,0.0090443224654785104,0.014342781814781901
10000,0,multi,gaussian_matched,0.050000000000000003,3,5,0.050000000000000003,14.195852215374183,>=10%,True,True,4,0.014342781814781901,0.52189144905436635,0.077701619091918639,0.035307438904764371,1.3462098874923794,1.3374460396347407,1.342803706100177,1.0040058935513387,0.96383841261966652,1.0236970904826626,True,True,False,2>1>4>3,7,0,0,True,1,0.0037350805259570756,0.011581482765992319,0.0090443224654785104,0.014342781814781901
10000,0,multi,gaussian_matched,0.050000000000000003,3,6,0.02,14.195852215374183,>=10%,True,False,3,0.020038245633166366,0.49887717878832716,0.080991468011434281,0.031011801253347678,1.3462098874923794,1.3206353724203113,1.3379205149127114,1.0130885048616576,,1.0168788157662438,False,False,False,,-1,,,False,1,0.0083350458167183606,0.0059056855672991538,0.01089489355525935,0.020038245633166366
10000,0,multi,gaussian_matched,0.050000000000000003,3,6,0.050000000000000003,14.195852215374183,>=10%,True,True,4,0.020038245633166366,0.49887717878832716,0.080991468011434281,0.031011801253347678,1.3462098874923794,1.3206353724203113,1.3379205149127114,1.0130885048616576,0.97395456917047862,1.0168788157662438,True,True,False,2>1>4>3,7,0,0,True,1,0.0083350458167183606,0.0059056855672991538,0.01089489355525935,0.020038245633166366
10000,0,multi,gaussian_matched,0.050000000000000003,3,7,0.02,14.195852215374183,>=10%,True,False,3,0.032268563728918849,0.61183077303709243,0.049395472836331819,0.1118324069810057,1.3462098874923794,1.4180267557801514,1.3765966409405332,0.97078326295978479,,1.1056441211363222,False,False,False,,-1,,,False,1,0.018846880250121639,0.032268563728918849,0.0049703191737838501,0.0062769363745581773
10000,0,multi,gaussian_matched,0.050000000000000003,3,7,0.050000000000000003,14.195852215374183,>=10%,True,True,4,0.032268563728918849,0.61183077303709243,0.049395472836331819,0.1118324069810057,1.3462098874923794,1.4180267557801514,1.3765966409405332,0.97078326295978479,0.92868223206443812,1.1056441211363222,True,True,False,2>1>4>3,7,0,0,True,1,0.018846880250121639,0.032268563728918849,0.0049703191737838501,0.0062769363745581773
10000,0,multi,gaussian_matched,0.050000000000000003,3,8,0.02,14.195852215374183,>=10%,True,True,4,0.019424931254246387,0.4472216575394834,0.035742547479145639,0.054670178207721132,1.3462098874923794,1.3292563515382747,1.3611643401749123,1.02400439057501,1.0152063269738845,1.0517190012769448,True,True,False,2>1>4>3,7,0,0,True,1,0.0058151625619452686,0.018804734737253779,0.01117887669391316,0.019424931254246387
10000,0,multi,gaussian_matched,0.050000000000000003,3,8,0.050000000000000003,14.195852215374183,>=10%,True,True,4,0.019424931254246387,0.4472216575394834,0.035742547479145639,0.054670178207721132,1.3462098874923794,1.3292563515382747,1.3611643401749123,1.02400439057501,0.99143508656945178,1.0517190012769448,True,True,False,2>1>4>3,7,0,0,True,1,0.0058151625619452686,0.018804734737253779,0.01117887669391316,0.019424931254246387
10000,0,multi,gaussian_matched,0.050000000000000003,3,9,0.02,14.195852215374183,>=10%,True,False,3,0.020073561110202889,0.56169664467169433,0.073117205851627953,0.065885363853680365,1.3462098874923794,1.3666714496582055,1.3533867563524222,0.99027952672231079,,1.054272542040096,False,False,False,,-1,,,False,1,0.0042789246658231517,0.020073561110202889,0.0042816037226059587,0.0053883063381442659
10000,0,multi,gaussian_matched,0.050000000000000003,3,9,0.050000000000000003,14.195852215374183,>=10%,True,True,4,0.020073561110202889,0.56169664467169433,0.073117205851627953,0.065885363853680365,1.3462098874923794,1.3666714496582055,1.3533867563524222,0.99027952672231079,0.94739330688017065,1.054272542040096,True,True,False,2>1>4>3,7,0,0,True,1,0.0042789246658231517,0.020073561110202889,0.0042816037226059587,0.0053883063381442659
10000,0,multi,gaussian_matched,0.050000000000000003,3,10,0.02,14.195852215374183,>=10%,True,True,4,0.015986561375103805,0.54254647861225191,0.074249764661589751,0.048971970845018038,1.3462098874923794,1.3532753183343904,1.348482013643151,0.99645799740355945,0.97777067181971566,1.0380654587905631,True,True,False,2>1>4>3,7,0,0,True,1,0.00066020140772302257,0.015986561375103805,0.0066034236340418379,0.0090328352929130371
10000,0,multi,gaussian_matched,0.050000000000000003,3,10,0.050000000000000003,14.195852215374183,>=10%,True,True,4,0.015986561375103805,0.54254647861225191,0.074249764661589751,0.048971970845018038,1.3462098874923794,1.3532753183343904,1.348482013643151,0.99645799740355945,0.95502639542230894,1.0380654587905631,True,True,False,2>1>4>3,7,0,0,True,1,0.00066020140772302257,0.015986561375103805,0.0066034236340418379,0.0090328352929130371
10000,0,multi,gaussian_matched,0.050000000000000003,3,11,0.02,14.195852215374183,>=10%,True,False,3,0.030664836063567191,0.4659363994930999,0.099953669456881708,0.060462368227692513,1.3462098874923794,1.2857671668019899,1.3250047742543818,1.0305168839782908,,1.029161318271715,False,False,False,,-1,,,False,1,0.018131943471183701,0.00046525629125116044,0.013445659783995086,0.030664836063567191
10000,0,multi,gaussian_matched,0.050000000000000003,3,11,0.050000000000000003,14.195852215374183,>=10%,True,True,4,0.030664836063567191,0.4659363994930999,0.099953669456881708,0.060462368227692513,1.3462098874923794,1.2857671668019899,1.3250047742543818,1.0305168839782908,0.99022632960652146,1.029161318271715,True,True,False,2>1>4>3,7,0,0,True,1,0.018131943471183701,0.00046525629125116044,0.013445659783995086,0.030664836063567191
10000,0,multi,gaussian_matched,0.050000000000000003,3,12,0.02,14.195852215374183,>=10%,True,False,2,0.042727237822860066,0.47990122119860684,0.15809364833467249,0.10994634018286908,1.3462098874923794,1.248848380231665,1.2967212324409016,1.0383335983511113,,1.0449095536239208,False,False,False,,-1,,,False,1,0.031271483915369762,0.015414768673481833,0.014590556865560707,0.042727237822860066
10000,0,multi,gaussian_matched,0.050000000000000003,3,12,0.050000000000000003,14.195852215374183,>=10%,True,True,4,0.042727237822860066,0.47990122119860684,0.15809364833467249,0.10994634018286908,1.3462098874923794,1.248848380231665,1.2967212324409016,1.0383335983511113,0.99024403195331845,1.0449095536239208,True,True,False,2>1>4>3,7,0,0,True,1,0.031271483915369762,0.015414768673481833,0.014590556865560707,0.042727237822860066
10000,0,multi,gaussian_matched,0.050000000000000003,3,13,0.02,14.195852215374183,>=10%,True,False,2,0.035891304536722637,0.44863778779380498,0.11103827077902008,0.07977309911497224,1.3462098874923794,1.2667082788411648,1.3182454491870899,1.0406859031450189,,1.0384848315935253,False,False,False,,-1,,,False,1,0.023608408388785786,0.0039472049186427124,0.014435520046654207,0.035891304536722637
10000,0,multi,gaussian_matched,0.050000000000000003,3,13,0.050000000000000003,14.195852215374183,>=10%,True,True,4,0.035891304536722637,0.44863778779380498,0.11103827077902008,0.07977309911497224,1.3462098874923794,1.2667082788411648,1.3182454491870899,1.0406859031450189,0.99925255571259242,1.0384848315935253,True,True,False,2>1>4>3,7,0,0,True,1,0.023608408388785786,0.0039472049186427124,0.014435520046654207,0.035891304536722637
10000,0,multi,gaussian_matched,0.050000000000000003,3,14,0.02,14.195852215374183,>=10%,True,False,3,0.026257087722536161,0.56771284525069254,0.097708927152721267,0.082832186630608151,1.3462098874923794,1.3526115470168225,1.3425709412996403,0.99257687416662477,,1.0588268153232661,False,False,False,,-1,,,False,1,0.00089089542729606501,0.026257087722536161,0.0076737035041649932,0.012136334359093772
10000,0,multi,gaussian_matched,0.050000000000000003,3,14,0.050000000000000003,14.195852215374183,>=10%,True,True,4,0.026257087722536161,0.56771284525069254,0.097708927152721267,0.082832186630608151,1.3462098874923794,1.3526115470168225,1.3425709412996403,0.99257687416662477,0.94653046310870537,1.0588268153232661,True,True,False,2>1>4>3,7,0,0,True,1,0.00089089542729606501,0.026257087722536161,0.0076737035041649932,0.012136334359093772
10000,0,multi,gaussian_matched,0.050000000000000003,3,15,0.02,14.195852215374183,>=10%,True,False,2,0.034156378326809816,0.4449795257675121,0.10024089501159551,0.074507718501736639,1.3462098874923794,1.273533952566448,1.3238909832707373,1.0395411764270666,,1.0387672195583915,False,False,False,,-1,,,False,1,0.021417808944237861,0.0072384856096277842,0.014007828402928763,0.034156378326809816
10000,0,multi,gaussian_matched,0.050000000000000003,3,15,0.050000000000000003,14.195852215374183,>=10%,True,True,4,0.034156378326809816,0.4449795257675121,0.10024089501159551,0.074507718501736639,1.3462098874923794,1.273533952566448,1.3238909832707373,1.0395411764270666,0.9995162615062253,1.0387672195583915,True,True,False,2>1>4>3,7,0,0,True,1,0.021417808944237861,0.0072384856096277842,0.014007828402928763,0.034156378326809816
10000,0,multi,gaussian_matched,0.050000000000000003,3,16,0.02,14.195852215374183,>=10%,True,True,4,0.015904808088861879,0.48405851561408253,0.053573862772182755,0.016337179057011167,1.3462098874923794,1.334109849046714,1.3517148884643724,1.0131960943322906,1.0015893552737363,1.0162249439942015,True,True,False,2>1>4>3,7,0,0,True,1,0.0040971264042322054,0.0038258856346483966,0.00929665782589764,0.015904808088861879
10000,0,multi,gaussian_matched,0.050000000000000003,3,16,0.050000000000000003,14.195852215374183,>=10%,True,True,4,0.015904808088861879,0.48405851561408253,0.053573862772182755,0.016337179057011167,1.3462098874923794,1.334109849046714,1.3517148884643724,1.0131960943322906,0.97799635051944811,1.0162249439942015,True,True,False,2>1>4>3,7,0,0,True,1,0.0040971264042322054,0.0038258856346483966,0.00929665782589764,0.015904808088861879
10000,0,multi,gaussian_matched,0.050000000000000003,3,17,0.02,14.195852215374183,>=10%,True,False,2,0.036675552409640648,0.4427488807658948,0.110141807317019,0.083034496692128923,1.3462098874923794,1.2640919772377985,1.3185400367630198,1.0430728621853904,,1.0411263105977466,False,False,False,,-1,,,False,1,0.024303108554885482,0.0060718030749269663,0.014546574413276732,0.036675552409640648
10000,0,multi,gaussian_matched,0.050000000000000003,3,17,0.050000000000000003,14.195852215374183,>=10%,True,True,4,0.036675552409640648,0.4427488807658948,0.110141807317019,0.083034496692128923,1.3462098874923794,1.2640919772377985,1.3185400367630198,1.0430728621853904,1.0017791697455969,1.0411263105977466,True,True,False,2>1>4>3,7,0,0,True,1,0.024303108554885482,0.0060718030749269663,0.014546574413276732,0.036675552409640648
10000,0,multi,gaussian_matched,0.050000000000000003,3,18,0.02,14.195852215374183,>=10%,True,True,4,0.011395710635420572,0.5325629642186438,0.024179948340695329,0.041557450672458703,1.3462098874923794,1.3862760581179008,1.3730239599912473,0.99044050566331976,0.97740909319419478,1.0507881600087519,True,True,False,2>1>4>3,7,0,0,True,1,0.011395710635420572,0.0065282525273285047,0.002191440112199931,0.00062363148475604664
10000,0,multi,gaussian_matched,0.050000000000000003,3,18,0.050000000000000003,14.195852215374183,>=10%,True,True,4,0.011395710635420572,0.5325629642186438,0.024179948340695329,0.041557450672458703,1.3462098874923794,1.3862760581179008,1.3730239599912473,0.99044050566331976,0.95574896564574729,1.0507881600087519,True,True,False,2>1>4>3,7,0,0,True,1,0.011395710635420572,0.0065282525273285047,0.002191440112199931,0.00062363148475604664
10000,0,multi,gaussian_matched,0.050000000000000003,3,19,0.02,14.195852215374183,>=10%,True,False,2,0.045867232161676902,0.448070040345107,0.1496010726273051,0.11232584020726717,1.3462098874923794,1.2352731563167922,1.3008574865615232,1.0530929777833782,,1.0497496266359803,False,False,False,,-1,,,False,1,0.034139839347700172,0.0034458803634789398,0.015160326405461161,0.045867232161676902
10000,0,multi,gaussian_matched,0.050000000000000003,3,19,0.050000000000000003,14.195852215374183,>=10%,True,True,4,0.045867232161676902,0.448070040345107,0.1496010726273051,0.11232584020726717,1.3462098874923794,1.2352731563167922,1.3008574865615232,1.0530929777833782,1.004915007300816,1.0497496266359803,True,True,False,2>1>4>3,7,0,0,True,1,0.034139839347700172,0.0034458803634789398,0.015160326405461161,0.045867232161676902
10000,0,multi,gaussian_matched,0.050000000000000003,3,20,0.02,14.195852215374183,>=10%,True,False,3,0.021443016945219138,0.46548814880100581,0.060267258490330447,0.03600672812251593,1.3462098874923794,1.3181661304657002,1.3470799153487194,1.0219348564757951,,1.0273930211934095,False,False,False,,-1,,,False,1,0.0086044666929654765,0.0082663982708835078,0.010886986369362008,0.021443016945219138
10000,0,multi,gaussian_matched,0.050000000000000003,3,20,0.050000000000000003,14.195852215374183,>=10%,True,True,4,0.021443016945219138,0.46548814880100581,0.060267258490330447,0.03600672812251593,1.3462098874923794,1.3181661304657002,1.3470799153487194,1.0219348564757951,0.98640402727252863,1.0273930211934095,True,True,False,2>1>4>3,7,0,0,True,1,0.0086044666929654765,0.0082663982708835078,0.010886986369362008,0.021443016945219138
10000,0,multi,gaussian_matched,0.050000000000000003,3,21,0.02,14.195852215374183,>=10%,True,False,3,0.02218851028268597,0.47629949936680521,0.0720147775596027,0.032347552631734798,1.3462098874923794,1.3145406411735707,1.3409797476999881,1.020112810283913,,1.0201435252342825,False,False,False,,-1,,,False,1,0.0097149029435937909,0.0026066131160552447,0.011140282408514123,0.02218851028268597
10000,0,multi,gaussian_matched,0.050000000000000003,3,21,0.050000000000000003,14.195852215374183,>=10%,True,True,4,0.02218851028268597,0.47629949936680521,0.0720147775596027,0.032347552631734798,1.3462098874923794,1.3145406411735707,1.3409797476999881,1.020112810283913,0.98292604618433654,1.0201435252342825,True,True,False,2>1>4>3,7,0,0,True,1,0.0097149029435937909,0.0026066131160552447,0.011140282408514123,0.02218851028268597
10000,0,multi,gaussian_matched,0.050000000000000003,3,22,0.02,14.195852215374183,>=10%,True,False,2,0.046841057309304844,0.437812321063976,0.1457649121995423,0.11418505077301515,1.3462098874923794,1.2321785816666067,1.3028868757518612,1.057384777772729,,1.0526381804879577,False,False,False,,-1,,,False,1,0.034796935436190571,0.00075667833138242171,0.015375084276867967,0.046841057309304844
10000,0,multi,gaussian_matched,0.050000000000000003,3,22,0.050000000000000003,14.195852215374183,>=10%,True,True,4,0.046841057309304844,0.437812321063976,0.1457649121995423,0.11418505077301515,1.3462098874923794,1.2321785816666067,1.3028868757518612,1.057384777772729,1.0093661722885869,1.0526381804879577,True,True,False,2>1>4>3,7,0,0,True,1,0.034796935436190571,0.00075667833138242171,0.015375084276867967,0.046841057309304844
10000,0,multi,gaussian_matched,0.050000000000000003,3,23,0.02,14.195852215374183,>=10%,True,False,3,0.023781295417972446,0.46705115310558831,0.071186174425682161,0.03917244565337747,1.3462098874923794,1.3099676954461263,1.3409762117448438,1.0236712068599196,,1.0252106081088594,False,False,False,,-1,,,False,1,0.010942285794553266,0.0056654166119757248,0.011485797757459353,0.023781295417972446
10000,0,multi,gaussian_matched,0.050000000000000003,3,23,0.050000000000000003,14.195852215374183,>=10%,True,True,4,0.023781295417972446,0.46705115310558831,0.071186174425682161,0.03917244565337747,1.3462098874923794,1.3099676954461263,1.3409762117448438,1.0236712068599196,0.9867997237899806,1.0252106081088594,True,True,False,2>1>4>3,7,0,0,True,1,0.010942285794553266,0.0056654166119757248,0.011485797757459353,0.023781295417972446
10000,0,multi,gaussian_matched,0.050000000000000003,3,24,0.02,14.195852215374183,>=10%,True,True,4,0.013733035984083906,0.51838444994347732,0.0039948793656774811,0.049542498163725968,1.3462098874923794,1.3944119169837017,1.383487829374568,0.99216581020566441,0.98160836521307893,1.0644924991656668,True,True,False,2>1>4>3,7,0,0,True,1,0.013733035984083906,0.0055377541177847843,0.0053175239684725298,0.0016478170112310734
10000,0,multi,gaussian_matched,0.050000000000000003,3,24,0.050000000000000003,14.195852215374183,>=10%,True,True,4,0.013733035984083906,0.51838444994347732,0.0039948793656774811,0.049542498163725968,1.3462098874923794,1.3944119169837017,1.383487829374568,0.99216581020566441,0.96008328861317016,1.0644924991656668,True,True,False,2>1>4>3,7,0,0,True,1,0.013733035984083906,0.0055377541177847843,0.0053175239684725298,0.0016478170112310734
10000,0,multi,gaussian_matched,0.050000000000000003,3,25,0.02,14.195852215374183,>=10%,True,True,4,0.016639720912855628,0.52389585240992176,0.087001379762924935,0.044046723677896339,1.3462098874923794,1.3315213161106625,1.3383496631860332,1.0051282296368458,0.9876815801890797,1.0268802804880268,True,True,False,2>1>4>3,7,0,0,True,1,0.0057320145076059674,0.013945052579576359,0.010095197943863536,0.016639720912855628
10000,0,multi,gaussian_matched,0.050000000000000003,3,25,0.050000000000000003,14.195852215374183,>=10%,True,True,4,0.016639720912855628,0.52389585240992176,0.087001379762924935,0.044046723677896339,1.3462098874923794,1.3315213161106625,1.3383496631860332,1.0051282296368458,0.96368771405043463,1.0268802804880268,True,True,False,2>1>4>3,7,0,0,True,1,0.0057320145076059674,0.013945052579576359,0.010095197943863536,0.016639720912855628
10000,0,multi,gaussian_matched,0.050000000000000003,3,26,0.02,14.195852215374183,>=10%,True,False,2,0.041682698742434354,0.45202583008874758,0.13787407784982542,0.10011680446673722,1.3462098874923794,1.246998647655835,1.3054956560043904,1.0469102420107037,,1.0441257886535056,False,False,False,,-1,,,False,1,0.030217993063805709,0.0024240147060457409,0.015130410491333884,0.041682698742434354
10000,0,multi,gaussian_matched,0.050000000000000003,3,26,0.050000000000000003,14.195852215374183,>=10%,True,True,4,0.041682698742434354,0.45202583008874758,0.13787407784982542,0.10011680446673722,1.3462098874923794,1.246998647655835,1.3054956560043904,1.0469102420107037,1.0012454967771538,1.0441257886535056,True,True,False,2>1>4>3,7,0,0,True,1,0.030217993063805709,0.0024240147060457409,0.015130410491333884,0.041682698742434354
10000,0,multi,gaussian_matched,0.050000000000000003,3,27,0.02,14.195852215374183,>=10%,True,False,3,0.025566195442292296,0.51586413408428622,0.11222334882370955,0.064213829422338983,1.3462098874923794,1.3070691374295316,1.3234518450195809,1.0125339258046191,,1.0307944454536442,False,False,False,,-1,,,False,1,0.013433335736490869,0.016766298364489493,0.012681194155491593,0.025566195442292296
10000,0,multi,gaussian_matched,0.050000000000000003,3,27,0.050000000000000003,14.195852215374183,>=10%,True,True,4,0.025566195442292296,0.51586413408428622,0.11222334882370955,0.064213829422338983,1.3462098874923794,1.3070691374295316,1.3234518450195809,1.0125339258046191,0.96901974347918574,1.0307944454536442,True,True,False,2>1>4>3,7,0,0,True,1,0.013433335736490869,0.016766298364489493,0.012681194155491593,0.025566195442292296
10000,0,multi,gaussian_matched,0.050000000000000003,3,28,0.02,14.195852215374183,>=10%,True,True,4,0.014847338798944325,0.51689951222885289,-0.0018034975171736106,0.054490328211389598,1.3462098874923794,1.3983550448657456,1.3869219223250804,0.99182387721727505,0.98174556641785493,1.0707188113299528,True,True,False,2>1>4>3,7,0,0,True,1,0.014847338798944325,0.006664799074430872,0.0059165004739864099,0.0023950604233745091
10000,0,multi,gaussian_matched,0.050000000000000003,3,28,0.050000000000000003,14.195852215374183,>=10%,True,True,4,0.014847338798944325,0.51689951222885289,-0.0018034975171736106,0.054490328211389598,1.3462098874923794,1.3983550448657456,1.3869219223250804,0.99182387721727505,0.96028735725717151,1.0707188113299528,True,True,False,2>1>4>3,7,0,0,True,1,0.014847338798944325,0.006664799074430872,0.0059165004739864099,0.0023950604233745091
10000,0,multi,gaussian_matched,0.050000000000000003,3,29,0.02,14.195852215374183,>=10%,True,False,2,0.025206879801124255,0.56523133739193432,-0.0097543070432410187,0.088463012542860486,1.3462098874923794,1.4330318598089637,1.3965101554926787,0.97451438077506958,,1.1030770029491002,False,False,False,,-1,,,False,1,0.025206879801124255,0.02384649955437319,0.0055902665197267928,0.013487392674262466
10000,0,multi,gaussian_matched,0.050000000000000003,3,29,0.050000000000000003,14.195852215374183,>=10%,True,True,4,0.025206879801124255,0.56523133739193432,-0.0097543070432410187,0.088463012542860486,1.3462098874923794,1.4330318598089637,1.3965101554926787,0.97451438077506958,0.94147713542891864,1.1030770029491002,True,True,False,2>1>4>3,7,0,0,True,1,0.025206879801124255,0.02384649955437319,0.0055902665197267928,0.013487392674262466
10000,0,multi,gaussian_matched,0.050000000000000003,3,30,0.02,14.195852215374183,>=10%,True,False,1,0.036925003853893072,0.40929349022516714,0.083147540004664441,0.096573445231557711,1.3462098874923794,1.2692061187734132,1.3323944876636615,1.0497857424066903,,1.0614748459149972,False,False,False,,-1,,,False,1,0.022700039591609183,0.02241789548779741,0.014123775415504134,0.036925003853893072
10000,0,multi,gaussian_matched,0.050000000000000003,3,30,0.050000000000000003,14.195852215374183,>=10%,True,True,4,0.036925003853893072,0.40929349022516714,0.083147540004664441,0.096573445231557711,1.3462098874923794,1.2692061187734132,1.3323944876636615,1.0497857424066903,1.0121827220775432,1.0614748459149972,True,True,False,2>1>4>3,7,0,0,True,1,0.022700039591609183,0.02241789548779741,0.014123775415504134,0.036925003853893072
10000,0,multi,gaussian_matched,0.050000000000000003,3,31,0.02,14.195852215374183,>=10%,True,False,2,0.02601192186404264,0.43062348356341351,0.050025383308518592,0.069376521080177458,1.3462098874923794,1.3085501949325431,1.3523814623518913,1.0334960535630104,,1.0561191064198874,False,False,False,,-1,,,False,1,0.011552835310471594,0.02148512997858059,0.012154477717534909,0.02601192186404264
10000,0,multi,gaussian_matched,0.050000000000000003,3,31,0.050000000000000003,14.195852215374183,>=10%,True,True,4,0.02601192186404264,0.43062348356341351,0.050025383308518592,0.069376521080177458,1.3462098874923794,1.3085501949325431,1.3523814623518913,1.0334960535630104,0.99942525343544097,1.0561191064198874,True,True,False,2>1>4>3,7,0,0,True,1,0.011552835310471594,0.02148512997858059,0.012154477717534909,0.02601192186404264
10000,0,multi,gaussian_matched,0.050000000000000003,4,0,0.02,3.8632033389773976,1-<5%,True,False,2,0.44185990222506394,0.51865192465140753,0.10202768602906769,0.055270013630729531,1.4617768314999799,1.439069333913165,1.4182438963088084,0.98552853770587456,,1.0080293230721917,False,False,False,,-1,,,False,2,0.0097591672652938173,0.44185990222506394,0.014419651433391936,0.17157421604119955
10000,0,multi,gaussian_matched,0.050000000000000003,4,0,0.050000000000000003,3.8632033389773976,1-<5%,True,False,2,0.44185990222506394,0.51865192465140753,0.10202768602906769,0.055270013630729531,1.4617768314999799,1.439069333913165,1.4182438963088084,0.98552853770587456,,1.0080293230721917,False,False,False,,-1,,,False,2,0.0097591672652938173,0.44185990222506394,0.014419651433391936,0.17157421604119955
10000,0,multi,gaussian_matched,0.050000000000000003,4,1,0.02,3.8632033389773976,1-<5%,True,True,4,0.0085081770830097141,0.49815123014733148,0.03414881999445403,0.015958629563228681,1.4617768314999799,1.4721522651706886,1.4618752913676407,0.99301908230134306,0.97829493123306777,1.0109846380684613,True,True,False,2>4>1>3,10,0,0,True,2,0.0041193862165110678,0.0085081770830097141,0.0016947473365637603,0.0059679192045367637
10000,0,multi,gaussian_matched,0.050000000000000003,4,1,0.050000000000000003,3.8632033389773976,1-<5%,True,True,4,0.0085081770830097141,0.49815123014733148,0.03414881999445403,0.015958629563228681,1.4617768314999799,1.4721522651706886,1.4618752913676407,0.99301908230134306,0.95788349938480244,1.0109846380684613,True,True,False,2>4>1>3,10,0,0,True,2,0.0041193862165110678,0.0085081770830097141,0.0016947473365637603,0.0059679192045367637
10000,0,multi,gaussian_matched,0.050000000000000003,4,2,0.02,3.8632033389773976,1-<5%,True,False,2,0.39854053771286502,0.52713581044960234,-0.08996501907097558,0.14257124104213761,1.4617768314999799,1.5863864340699738,1.5071911224271228,0.95007817140766238,,1.128600705605918,False,False,False,,-1,,,False,2,0.092542652387903379,0.0082853679840993767,0.39854053771286502,0.0076875653256034725
10000,0,multi,gaussian_matched,0.050000000000000003,4,2,0.050000000000000003,3.8632033389773976,1-<5%,True,False,2,0.39854053771286502,0.52713581044960234,-0.08996501907097558,0.14257124104213761,1.4617768314999799,1.5863864340699738,1.5071911224271228,0.95007817140766238,,1.128600705605918,False,False,False,,-1,,,False,2,0.092542652387903379,0.0082853679840993767,0.39854053771286502,0.0076875653256034725
10000,0,multi,gaussian_matched,0.050000000000000003,4,3,0.02,3.8632033389773976,1-<5%,True,False,2,0.47758316510076437,0.54101579082485074,0.10812241248671622,0.071137261194565926,1.4617768314999799,1.4478015573588467,1.43227540797994,0.98927605147266851,,1.0284830329618797,False,False,False,,-1,,,False,2,0.0035316773831603949,0.47758316510076437,0.010195640495450492,0.17783853414949261
10000,0,multi,gaussian_matched,0.050000000000000003,4,3,0.050000000000000003,3.8632033389773976,1-<5%,True,False,2,0.47758316510076437,0.54101579082485074,0.10812241248671622,0.071137261194565926,1.4617768314999799,1.4478015573588467,1.43227540797994,0.98927605147266851,,1.0284830329618797,False,False,False,,-1,,,False,2,0.0035316773831603949,0.47758316510076437,0.010195640495450492,0.17783853414949261
10000,0,multi,gaussian_matched,0.050000000000000003,4,4,0.02,3.8632033389773976,1-<5%,True,True,4,0.01120481489520023,0.44489606018012617,0.008218096072342404,0.069153247787014926,1.4617768314999799,1.4585203581803332,1.4753880441516423,1.0115649300859628,1.0004262223427542,1.0566190807346083,True,True,False,2>4>1>3,10,0,0,True,2,0.01120481489520023,0.010423911334303208,0.0045025009253691012,0.0043993560171126309
10000,0,multi,gaussian_matched,0.050000000000000003,4,4,0.050000000000000003,3.8632033389773976,1-<5%,True,True,4,0.01120481489520023,0.44489606018012617,0.008218096072342404,0.069153247787014926,1.4617768314999799,1.4585203581803332,1.4753880441516423,1.0115649300859628,0.97978482491502927,1.0566190807346083,True,True,False,2>4>1>3,10,0,0,True,2,0.01120481489520023,0.010423911334303208,0.0045025009253691012,0.0043993560171126309
10000,0,multi,gaussian_matched,0.050000000000000003,4,5,0.02,3.8632033389773976,1-<5%,True,False,2,0.44702892340142941,0.51732048676214537,0.13297291435099895,0.084761452191287168,1.4617768314999799,1.4181221842978688,1.4139865442269191,0.99708372091153952,,1.0252919352130441,False,False,False,,-1,,,False,2,0.0026884540177593637,0.44702892340142941,0.014863921296037551,0.17411440078119889
10000,0,multi,gaussian_matched,0.050000000000000003,4,5,0.050000000000000003,3.8632033389773976,1-<5%,True,False,2,0.44702892340142941,0.51732048676214537,0.13297291435099895,0.084761452191287168,1.4617768314999799,1.4181221842978688,1.4139865442269191,0.99708372091153952,,1.0252919352130441,False,False,False,,-1,,,False,2,0.0026884540177593637,0.44702892340142941,0.014863921296037551,0.17411440078119889
10000,0,multi,gaussian_matched,0.050000000000000003,4,6,0.02,3.8632033389773976,1-<5%,True,False,3,0.024165511357091204,0.5004986941312608,0.086727912661598947,0.03673129815722001,1.4617768314999799,1.4360536798356427,1.4219111019424844,0.99015177629378248,,0.99785573876071143,False,False,False,,-1,,,False,2,0.00077171596413532937,0.024165511357091204,0.0039802289662486407,0.0018959149495231596
10000,0,multi,gaussian_matched,0.050000000000000003,4,6,0.050000000000000003,3.8632033389773976,1-<5%,True,True,4,0.024165511357091204,0.5004986941312608,0.086727912661598947,0.03673129815722001,1.4617768314999799,1.4360536798356427,1.4219111019424844,0.99015177629378248,0.95404442589610272,0.99785573876071143,True,True,False,2>4>1>3,10,0,0,True,2,0.00077171596413532937,0.024165511357091204,0.0039802289662486407,0.0018959149495231596
10000,0,multi,gaussian_matched,0.050000000000000003,4,7,0.02,3.8632033389773976,1-<5%,True,False,3,0.027167886461654432,0.50049504310239801,0.095112389237185929,0.045115105345777493,1.4617768314999799,1.4302782292826643,1.4152162242956694,0.98946917831885828,,0.99901113369196737,False,False,False,,-1,,,False,2,0.00040120930930968065,0.027167886461654432,0.0041161237322256874,0.00094376405779703955
10000,0,multi,gaussian_matched,0.050000000000000003,4,7,0.050000000000000003,3.8632033389773976,1-<5%,True,True,4,0.027167886461654432,0.50049504310239801,0.095112389237185929,0.045115105345777493,1.4617768314999799,1.4302782292826643,1.4152162242956694,0.98946917831885828,0.95333845141122875,0.99901113369196737,True,True,False,2>4>1>3,10,0,0,True,2,0.00040120930930968065,0.027167886461654432,0.0041161237322256874,0.00094376405779703955
10000,0,multi,gaussian_matched,0.050000000000000003,4,8,0.02,3.8632033389773976,1-<5%,True,True,4,0.01946676248467508,0.43403363717719706,0.033285637616927224,0.068050943666802713,1.4617768314999799,1.4319238427213106,1.4597444795908183,1.0194288523170589,1.0092946045776394,1.0451632495022494,True,True,False,2>4>1>3,10,0,0,True,2,0.0065963968808691069,0.01946676248467508,0.0055326636798129231,0.010187013355234776
10000,0,multi,gaussian_matched,0.050000000000000003,4,8,0.050000000000000003,3.8632033389773976,1-<5%,True,True,4,0.01946676248467508,0.43403363717719706,0.033285637616927224,0.068050943666802713,1.4617768314999799,1.4319238427213106,1.4597444795908183,1.0194288523170589,0.98833777478621376,1.0451632495022494,True,True,False,2>4>1>3,10,0,0,True,2,0.0065963968808691069,0.01946676248467508,0.0055326636798129231,0.010187013355234776
10000,0,multi,gaussian_matched,0.050000000000000003,4,9,0.02,3.8632033389773976,1-<5%,True,False,3,0.021336773347909777,0.51235828908062997,0.038043815761101947,0.017195279891728782,1.4617768314999799,1.478955787671179,1.4543096946321024,0.98333547679752797,,1.0066550124575917,False,False,False,,-1,,,False,2,0.0065637613951952762,0.021336773347909777,0.0028114391791259014,0.012416660036536206
10000,0,multi,gaussian_matched,0.050000000000000003,4,9,0.050000000000000003,3.8632033389773976,1-<5%,True,True,4,0.021336773347909777,0.51235828908062997,0.038043815761101947,0.017195279891728782,1.4617768314999799,1.478955787671179,1.4543096946321024,0.98333547679752797,0.94597461568326979,1.0066550124575917,True,True,False,2>4>1>3,10,0,0,True,2,0.0065637613951952762,0.021336773347909777,0.0028114391791259014,0.012416660036536206
10000,0,multi,gaussian_matched,0.050000000000000003,4,10,0.02,3.8632033389773976,1-<5%,True,False,2,0.47492462117634898,0.57527335765951437,0.0092889809090460906,0.085577248429481445,1.4617768314999799,1.5252159018953395,1.4831438469583071,0.97241567250593786,,1.0731604589587518,False,False,False,,-1,,,False,2,0.014097824291716765,0.47492462117634898,0.0097648653629757529,0.17723255226068907
10000,0,multi,gaussian_matched,0.050000000000000003,4,10,0.050000000000000003,3.8632033389773976,1-<5%,True,False,2,0.47492462117634898,0.57527335765951437,0.0092889809090460906,0.085577248429481445,1.4617768314999799,1.5252159018953395,1.4831438469583071,0.97241567250593786,,1.0731604589587518,False,False,False,,-1,,,False,2,0.014097824291716765,0.47492462117634898,0.0097648653629757529,0.17723255226068907
10000,0,multi,gaussian_matched,0.050000000000000003,4,11,0.02,3.8632033389773976,1-<5%,True,False,3,0.037429545925884447,0.49834180599944811,0.12741514044533545,0.077432897256363056,1.4617768314999799,1.4070850464391218,1.3907370201216003,0.98838163595093764,,1.0043735033557915,False,False,False,,-1,,,False,2,0.0021870337854316257,0.037429545925884447,0.0044887671250673188,0.0042417980820580511
10000,0,multi,gaussian_matched,0.050000000000000003,4,11,0.050000000000000003,3.8632033389773976,1-<5%,True,True,4,0.037429545925884447,0.49834180599944811,0.12741514044533545,0.077432897256363056,1.4617768314999799,1.4070850464391218,1.3907370201216003,0.98838163595093764,0.95287508523822007,1.0043735033557915,True,True,False,2>4>1>3,10,0,0,True,2,0.0021870337854316257,0.037429545925884447,0.0044887671250673188,0.0042417980820580511
10000,0,multi,gaussian_matched,0.050000000000000003,4,12,0.02,3.8632033389773976,1-<5%,True,False,2,0.47783586237730941,0.55610925473313189,0.07809083420777542,0.062748254423499364,1.4617768314999799,1.4684843997349559,1.4472243375312708,0.98552244599430383,,1.0329706692678491,False,False,False,,-1,,,False,2,5.7865585325602971e-05,0.47783586237730941,0.0017968553464518728,0.1786080223418913
10000,0,multi,gaussian_matched,0.050000000000000003,4,12,0.050000000000000003,3.8632033389773976,1-<5%,True,False,2,0.47783586237730941,0.55610925473313189,0.07809083420777542,0.062748254423499364,1.4617768314999799,1.4684843997349559,1.4472243375312708,0.98552244599430383,,1.0329706692678491,False,False,False,,-1,,,False,2,5.7865585325602971e-05,0.47783586237730941,0.0017968553464518728,0.1786080223418913
10000,0,multi,gaussian_matched,0.050000000000000003,4,13,0.02,3.8632033389773976,1-<5%,True,False,1,0.049736836808353217,0.53874319507946822,-0.048431830597322478,0.10578213667583823,1.4617768314999799,1.5610910997205512,1.4935961128342927,0.95676422285775597,,1.0941329859968798,False,False,False,,-1,,,False,2,0.031028777659409337,0.049736836808353217,0.0042353236475190436,0.039084936873445136
10000,0,multi,gaussian_matched,0.050000000000000003,4,13,0.050000000000000003,3.8632033389773976,1-<5%,True,True,4,0.049736836808353217,0.53874319507946822,-0.048431830597322478,0.10578213667583823,1.4617768314999799,1.5610910997205512,1.4935961128342927,0.95676422285775597,0.91681784871908012,1.0941329859968798,True,True,False,2>4>1>3,10,0,0,True,2,0.031028777659409337,0.049736836808353217,0.0042353236475190436,0.039084936873445136
10000,0,multi,gaussian_matched,0.050000000000000003,4,14,0.02,3.8632033389773976,1-<5%,True,True,4,0.019316616479636145,0.50746284475493786,0.052745085938213504,0.0079517009906359664,1.4617768314999799,1.4649589968628696,1.4452987884552702,0.98657968690611775,0.97032148073658975,0.99416713832758963,True,True,False,2>4>1>3,10,0,0,True,2,0.0044065764777081601,0.019316616479636145,0.0032076903308693879,0.0086264590325737141
10000,0,multi,gaussian_matched,0.050000000000000003,4,14,0.050000000000000003,3.8632033389773976,1-<5%,True,True,4,0.019316616479636145,0.50746284475493786,0.052745085938213504,0.0079517009906359664,1.4617768314999799,1.4649589968628696,1.4452987884552702,0.98657968690611775,0.94972904230472643,0.99416713832758963,True,True,False,2>4>1>3,10,0,0,True,2,0.0044065764777081601,0.019316616479636145,0.0032076903308693879,0.0086264590325737141
10000,0,multi,gaussian_matched,0.050000000000000003,4,15,0.02,3.8632033389773976,1-<5%,True,False,2,0.47082897578266369,0.5338035107611081,0.07379523029857929,0.041338726694696064,1.4617768314999799,1.4692000790943056,1.4503804727479064,0.98719057627739804,,1.0204835425609378,False,False,False,,-1,,,False,2,0.001984780118768821,0.47082897578266369,0.007849374697328635,0.17130133007718473
10000,0,multi,gaussian_matched,0.050000000000000003,4,15,0.050000000000000003,3.8632033389773976,1-<5%,True,False,2,0.47082897578266369,0.5338035107611081,0.07379523029857929,0.041338726694696064,1.4617768314999799,1.4692000790943056,1.4503804727479064,0.98719057627739804,,1.0204835425609378,False,False,False,,-1,,,False,2,0.001984780118768821,0.47082897578266369,0.007849374697328635,0.17130133007718473
10000,0,multi,gaussian_matched,0.050000000000000003,4,16,0.02,3.8632033389773976,1-<5%,True,True,4,0.018269695371172946,0.47784014110064843,0.10694974137762037,0.061109184165860177,1.4617768314999799,1.4057052094907023,1.4139600395223804,1.0058723763531252,0.99440541218914402,1.0090933115793201,True,True,False,2>4>1>3,10,0,0,True,2,0.0040298460848972725,0.018269695371172946,0.0055710870121930016,0.0092811341300053779
10000,0,multi,gaussian_matched,0.050000000000000003,4,16,0.050000000000000003,3.8632033389773976,1-<5%,True,True,4,0.018269695371172946,0.47784014110064843,0.10694974137762037,0.061109184165860177,1.4617768314999799,1.4057052094907023,1.4139600395223804,1.0058723763531252,0.9728512128188167,1.0090933115793201,True,True,False,2>4>1>3,10,0,0,True,2,0.0040298460848972725,0.018269695371172946,0.0055710870121930016,0.0092811341300053779
10000,0,multi,gaussian_matched,0.050000000000000003,4,17,0.02,3.8632033389773976,1-<5%,True,False,3,0.03557671331395202,0.52032079294030253,0.049870702245685718,0.020321204285964945,1.4617768314999799,1.4760237413005717,1.4367922224538359,0.97342080770857542,,0.99680976968598278,False,False,False,,-1,,,False,2,0.011150815294020752,0.03557671331395202,0.0039705671418753244,0.018264153466443538
10000,0,multi,gaussian_matched,0.050000000000000003,4,17,0.050000000000000003,3.8632033389773976,1-<5%,True,True,4,0.03557671331395202,0.52032079294030253,0.049870702245685718,0.020321204285964945,1.4617768314999799,1.4760237413005717,1.4367922224538359,0.97342080770857542,0.93313011440586602,0.99680976968598278,True,True,False,2>4>1>3,10,0,0,True,2,0.011150815294020752,0.03557671331395202,0.0039705671418753244,0.018264153466443538
10000,0,multi,gaussian_matched,0.050000000000000003,4,18,0.02,3.8632033389773976,1-<5%,True,True,4,0.0097143333789047222,0.48951623995719212,0.063454602257724035,0.017056832840499071,1.4617768314999799,1.4448006077534858,1.4427552811754414,0.99858435373914689,0.98494297552781029,0.99865593882615888,True,True,False,2>4>1>3,10,0,0,True,2,0.00024817116504235304,0.0097143333789047222,0.0029866701658280244,4.1837629752552494e-05
10000,0,multi,gaussian_matched,0.050000000000000003,4,18,0.050000000000000003,3.8632033389773976,1-<5%,True,True,4,0.0097143333789047222,0.48951623995719212,0.063454602257724035,0.017056832840499071,1.4617768314999799,1.4448006077534858,1.4427552811754414,0.99858435373914689,0.96408203989091534,0.99865593882615888,True,True,False,2>4>1>3,10,0,0,True,2,0.00024817116504235304,0.0097143333789047222,0.0029866701658280244,4.1837629752552494e-05
10000,0,multi,gaussian_matched,0.050000000000000003,4,19,0.02,3.8632033389773976,1-<5%,True,False,2,0.45260648454013819,0.51853495053591969,0.13192397448236209,0.083994535455324149,1.4617768314999799,1.419725970186293,1.4164775384448922,0.99771193046431739,,1.0264713748134384,False,False,False,,-1,,,False,2,0.0045366536756466271,0.45260648454013819,0.013974002775417001,0.17391740486785834
10000,0,multi,gaussian_matched,0.050000000000000003,4,19,0.050000000000000003,3.8632033389773976,1-<5%,True,False,2,0.45260648454013819,0.51853495053591969,0.13192397448236209,0.083994535455324149,1.4617768314999799,1.419725970186293,1.4164775384448922,0.99771193046431739,,1.0264713748134384,False,False,False,,-1,,,False,2,0.0045366536756466271,0.45260648454013819,0.013974002775417001,0.17391740486785834
10000,0,multi,gaussian_matched,0.050000000000000003,4,20,0.02,3.8632033389773976,1-<5%,True,True,4,0.016417254362957722,0.47667924473149559,0.10280035089164359,0.05772118051958193,1.4617768314999799,1.4077644686846855,1.4170082517331388,1.0065662852373949,0.99508562127888489,1.0088608606140306,True,True,False,2>4>1>3,10,0,0,True,2,0.0037485454264075224,0.016417254362957722,0.0054593003068340437,0.0090358240628009411
10000,0,multi,gaussian_matched,0.050000000000000003,4,20,0.050000000000000003,3.8632033389773976,1-<5%,True,True,4,0.016417254362957722,0.47667924473149559,0.10280035089164359,0.05772118051958193,1.4617768314999799,1.4077644686846855,1.4170082517331388,1.0065662852373949,0.97357533332218227,1.0088608606140306,True,True,False,2>4>1>3,10,0,0,True,2,0.0037485454264075224,0.016417254362957722,0.0054593003068340437,0.0090358240628009411
10000,0,multi,gaussian_matched,0.050000000000000003,4,21,0.02,3.8632033389773976,1-<5%,True,False,2,0.48971610413910238,0.58704108913930741,0.078607664220173706,0.091621774981120438,1.4617768314999799,1.4561483544512599,1.4353289809838732,0.98570243656579049,,1.0445854134916999,False,False,False,,-1,,,False,2,0.0010508653748569925,0.48971610413910238,0.013353310165619152,0.19075469846564616
10000,0,multi,gaussian_matched,0.050000000000000003,4,21,0.050000000000000003,3.8632033389773976,1-<5%,True,False,2,0.48971610413910238,0.58704108913930741,0.078607664220173706,0.091621774981120438,1.4617768314999799,1.4561483544512599,1.4353289809838732,0.98570243656579049,,1.0445854134916999,False,False,False,,-1,,,False,2,0.0010508653748569925,0.48971610413910238,0.013353310165619152,0.19075469846564616
10000,0,multi,gaussian_matched,0.050000000000000003,4,22,0.02,3.8632033389773976,1-<5%,True,False,2,0.4173091869651992,0.39481283109597365,-0.013541815510982019,0.12288979949725626,1.4617768314999799,1.4489892824400519,1.4925917172029979,1.0300916199252494,,1.1051492142220865,False,False,False,,-1,,,False,2,0.055515481559626288,0.0082567476111470757,0.4173091869651992,0.0015405814206740217
10000,0,multi,gaussian_matched,0.050000000000000003,4,22,0.050000000000000003,3.8632033389773976,1-<5%,True,False,2,0.4173091869651992,0.39481283109597365,-0.013541815510982019,0.12288979949725626,1.4617768314999799,1.4489892824400519,1.4925917172029979,1.0300916199252494,,1.1051492142220865,False,False,False,,-1,,,False,2,0.055515481559626288,0.0082567476111470757,0.4173091869651992,0.0015405814206740217
10000,0,multi,gaussian_matched,0.050000000000000003,4,23,0.02,3.8632033389773976,1-<5%,True,True,4,0.003625299247700635,0.48013709396195614,0.037027660833924503,0.023723756441926636,1.4617768314999799,1.4580397652493624,1.4609497677826573,1.0019958320771842,0.98894063685401024,1.0156636035208664,True,True,False,2>4>1>3,10,0,0,True,2,0.003625299247700635,0.0021577689902661872,0.0014530382993952937,5.0468908492008733e-05
10000,0,multi,gaussian_matched,0.050000000000000003,4,23,0.050000000000000003,3.8632033389773976,1-<5%,True,True,4,0.003625299247700635,0.48013709396195614,0.037027660833924503,0.023723756441926636,1.4617768314999799,1.4580397652493624,1.4609497677826573,1.0019958320771842,0.96835044495746891,1.0156636035208664,True,True,False,2>4>1>3,10,0,0,True,2,0.003625299247700635,0.0021577689902661872,0.0014530382993952937,5.0468908492008733e-05
10000,0,multi,gaussian_matched,0.050000000000000003,4,24,0.02,3.8632033389773976,1-<5%,True,True,4,0.0096652276632621884,0.48941898606352646,0.00078928265528517561,0.050335400639165119,1.4617768314999799,1.4917154166114894,1.4838068462361456,0.99469833837790012,0.98073288366441591,1.0495051048942088,True,True,False,2>4>1>3,10,0,0,True,2,0.0096652276632621884,0.0083333750866702028,0.0013987461682072363,0.0069050828748121922
10000,0,multi,gaussian_matched,0.050000000000000003,4,24,0.050000000000000003,3.8632033389773976,1-<5%,True,True,4,0.0096652276632621884,0.48941898606352646,0.00078928265528517561,0.050335400639165119,1.4617768314999799,1.4917154166114894,1.4838068462361456,0.99469833837790012,0.9606058514585708,1.0495051048942088,True,True,False,2>4>1>3,10,0,0,True,2,0.0096652276632621884,0.0083333750866702028,0.0013987461682072363,0.0069050828748121922
10000,0,multi,gaussian_matched,0.050000000000000003,4,25,0.02,3.8632033389773976,1-<5%,True,True,4,0.0067955665867492718,0.48901682309563044,0.054698787651578616,0.011946078030353921,1.4617768314999799,1.4508359088880933,1.4488857017545225,0.99865580447683744,0.98498784817256946,0.9993534911111337,True,True,False,2>4>1>3,10,0,0,True,2,0.0011934660148178759,0.0067955665867492718,0.00252140017698999,0.0007072295659260921
10000,0,multi,gaussian_matched,0.050000000000000003,4,25,0.050000000000000003,3.8632033389773976,1-<5%,True,True,4,0.0067955665867492718,0.48901682309563044,0.054698787651578616,0.011946078030353921,1.4617768314999799,1.4508359088880933,1.4488857017545225,0.99865580447683744,0.96424058671064838,0.9993534911111337,True,True,False,2>4>1>3,10,0,0,True,2,0.0011934660148178759,0.0067955665867492718,0.00252140017698999,0.0007072295659260921
10000,0,multi,gaussian_matched,0.050000000000000003,4,26,0.02,3.8632033389773976,1-<5%,True,True,4,0.014473219712117204,0.49290282603849622,-0.018915668329020474,0.069280150255866244,1.4617768314999799,1.5092366496416922,1.4948838354967298,0.99049001748773458,0.97634613852044705,1.0700429450284508,True,True,False,2>4>1>3,10,0,0,True,2,0.014473219712117204,0.013656783614616766,0.0034532416982190469,0.010312585462869846
10000,0,multi,gaussian_matched,0.050000000000000003,4,26,0.050000000000000003,3.8632033389773976,1-<5%,True,True,4,0.014473219712117204,0.49290282603849622,-0.018915668329020474,0.069280150255866244,1.4617768314999799,1.5092366496416922,1.4948838354967298,0.99049001748773458,0.95636099266866326,1.0700429450284508,True,True,False,2>4>1>3,10,0,0,True,2,0.014473219712117204,0.013656783614616766,0.0034532416982190469,0.010312585462869846
10000,0,multi,gaussian_matched,0.050000000000000003,4,27,0.02,3.8632033389773976,1-<5%,True,False,3,0.020695376534117516,0.41604773367309988,0.010197793177225183,0.092909626462416198,1.4617768314999799,1.4402925546549366,1.4695050127798288,1.0202823086396438,,1.0688462189122243,False,False,False,,-1,,,False,2,0.013531571869857758,0.020695376534117516,0.0071361529399594052,0.010266678817494195
10000,0,multi,gaussian_matched,0.050000000000000003,4,27,0.050000000000000003,3.8632033389773976,1-<5%,True,True,4,0.020695376534117516,0.41604773367309988,0.010197793177225183,0.092909626462416198,1.4617768314999799,1.4402925546549366,1.4695050127798288,1.0202823086396438,0.98975845032378118,1.0688462189122243,True,True,False,2>4>1>3,10,0,0,True,2,0.013531571869857758,0.020695376534117516,0.0071361529399594052,0.010266678817494195
10000,0,multi,gaussian_matched,0.050000000000000003,4,28,0.02,3.8632033389773976,1-<5%,True,False,3,0.032308542235260619,0.48429648138968556,0.13926389728724492,0.090634672480526479,1.4617768314999799,1.3887102109574425,1.3891957210595218,1.0003496122504525,,1.0123504228901636,False,False,False,,-1,,,False,2,0.0054755272088964748,0.032308542235260619,0.0064022859982113944,0.012052133956736152
10000,0,multi,gaussian_matched,0.050000000000000003,4,28,0.050000000000000003,3.8632033389773976,1-<5%,True,True,4,0.032308542235260619,0.48429648138968556,0.13926389728724492,0.090634672480526479,1.4617768314999799,1.3887102109574425,1.3891957210595218,1.0003496122504525,0.96738065903213122,1.0123504228901636,True,True,False,2>4>1>3,10,0,0,True,2,0.0054755272088964748,0.032308542235260619,0.0064022859982113944,0.012052133956736152
10000,0,multi,gaussian_matched,0.050000000000000003,4,29,0.02,3.8632033389773976,1-<5%,True,False,2,0.035457935106333389,0.52737319372531366,-0.021083287185359442,0.076171684055164737,1.4617768314999799,1.532890934891169,1.4902078021465914,0.97215514047800933,,1.07155856656617,False,False,False,,-1,,,False,2,0.016456126458945269,0.035457935106333389,0.00067081426783510115,0.025814128612280818
10000,0,multi,gaussian_matched,0.050000000000000003,4,29,0.050000000000000003,3.8632033389773976,1-<5%,True,True,4,0.035457935106333389,0.52737319372531366,-0.021083287185359442,0.076171684055164737,1.4617768314999799,1.532890934891169,1.4902078021465914,0.97215514047800933,0.93391657053875499,1.07155856656617,True,True,False,2>4>1>3,10,0,0,True,2,0.016456126458945269,0.035457935106333389,0.00067081426783510115,0.025814128612280818
10000,0,multi,gaussian_matched,0.050000000000000003,4,30,0.02,3.8632033389773976,1-<5%,True,True,4,0.014707380873625157,0.50635158353744647,0.018300235566908386,0.032329826454013964,1.4617768314999799,1.4894204324450975,1.4712863933199163,0.98782476812446329,0.97217913033529069,1.0286222817138355,True,True,False,2>4>1>3,10,0,0,True,2,0.0068452260518552469,0.014707380873625157,0.0010717905986006894,0.010710487058843234
10000,0,multi,gaussian_matched,0.050000000000000003,4,30,0.050000000000000003,3.8632033389773976,1-<5%,True,True,4,0.014707380873625157,0.50635158353744647,0.018300235566908386,0.032329826454013964,1.4617768314999799,1.4894204324450975,1.4712863933199163,0.98782476812446329,0.95202219364344265,1.0286222817138355,True,True,False,2>4>1>3,10,0,0,True,2,0.0068452260518552469,0.014707380873625157,0.0010717905986006894,0.010710487058843234
10000,0,multi,gaussian_matched,0.050000000000000003,4,31,0.02,3.8632033389773976,1-<5%,True,True,4,0.0078953928915169655,0.46219368257841875,0.063651943693256691,0.040195686380322067,1.4617768314999799,1.426189386207493,1.4432534086559636,1.0119647661197697,1.0006628521235275,1.0148259727950861,True,True,False,2>4>1>3,10,0,0,True,2,0.0006316614294863517,0.0013024385221901797,0.0043505384645767817,0.0078953928915169655
10000,0,multi,gaussian_matched,0.050000000000000003,4,31,0.050000000000000003,3.8632033389773976,1-<5%,True,True,4,0.0078953928915169655,0.46219368257841875,0.063651943693256691,0.040195686380322067,1.4617768314999799,1.426189386207493,1.4432534086559636,1.0119647661197697,0.97957579503939596,1.0148259727950861,True,True,False,2>4>1>3,10,0,0,True,2,0.0006316614294863517,0.0013024385221901797,0.0043505384645767817,0.0078953928915169655
10000,0,multi,gaussian_matched,0.050000000000000003,5,0,0.02,1.2698363735473239,1-<5%,True,False,2,0.25683503220243981,0.54134423226396244,0.057922914214899673,0.042096533243880456,1.4006579815683871,1.3842818225882816,1.3321786695429414,0.96236087753581889,,0.98116401068016401,False,False,False,,-1,,,False,2,0.0049200807036913494,0.0024075343575055944,0.25683503220243981,0.11672189944331765
10000,0,multi,gaussian_matched,0.050000000000000003,5,0,0.050000000000000003,1.2698363735473239,1-<5%,True,False,2,0.25683503220243981,0.54134423226396244,0.057922914214899673,0.042096533243880456,1.4006579815683871,1.3842818225882816,1.3321786695429414,0.96236087753581889,,0.98116401068016401,False,False,False,,-1,,,False,2,0.0049200807036913494,0.0024075343575055944,0.25683503220243981,0.11672189944331765
10000,0,multi,gaussian_matched,0.050000000000000003,5,1,0.02,1.2698363735473239,1-<5%,True,False,2,0.15381482566834423,0.5090781993378718,0.14318603493341536,0.093627190547563938,1.4006579815683871,1.3101843865577409,1.1745722558671168,0.89649385835918938,,0.90543120669231048,False,False,False,,-1,,,False,2,0.017018025763938002,0.019773696250745619,0.15381482566834423,0.039197537538104295
10000,0,multi,gaussian_matched,0.050000000000000003,5,1,0.050000000000000003,1.2698363735473239,1-<5%,True,False,3,0.15381482566834423,0.5090781993378718,0.14318603493341536,0.093627190547563938,1.4006579815683871,1.3101843865577409,1.1745722558671168,0.89649385835918938,,0.90543120669231048,False,False,False,,-1,,,False,2,0.017018025763938002,0.019773696250745619,0.15381482566834423,0.039197537538104295
10000,0,multi,gaussian_matched,0.050000000000000003,5,2,0.02,1.2698363735473239,1-<5%,True,False,2,0.041353358760979085,0.47551527327771215,0.058896013549128497,0.026050737028563982,1.4006579815683871,1.4008261222924674,1.3323461627956554,0.95111458987876119,,0.96982769362664423,False,False,False,,-1,,,False,2,0.010532933046955411,0.0048555705891665897,0.041353358760979085,0.036972256442616029
10000,0,multi,gaussian_matched,0.050000000000000003,5,2,0.050000000000000003,1.2698363735473239,1-<5%,True,True,4,0.041353358760979085,0.47551527327771215,0.058896013549128497,0.026050737028563982,1.4006579815683871,1.4008261222924674,1.3323461627956554,0.95111458987876119,0.90637609271491504,0.96982769362664423,True,True,False,4>1>3>2,19,0,0,True,2,0.010532933046955411,0.0048555705891665897,0.041353358760979085,0.036972256442616029
10000,0,multi,gaussian_matched,0.050000000000000003,5,3,0.02,1.2698363735473239,1-<5%,True,False,2,0.24700567812350227,0.39684781054612445,0.071338516659400594,0.10533615942472818,1.4006579815683871,1.4326998287816866,1.4065135310985704,0.98172241166149643,,1.0793853391892321,False,False,False,,-1,,,False,2,0.090324309733748803,0.24700567812350227,0.01021931166326182,0.0021151373068331414
10000,0,multi,gaussian_matched,0.050000000000000003,5,3,0.050000000000000003,1.2698363735473239,1-<5%,True,False,2,0.24700567812350227,0.39684781054612445,0.071338516659400594,0.10533615942472818,1.4006579815683871,1.4326998287816866,1.4065135310985704,0.98172241166149643,,1.0793853391892321,False,False,False,,-1,,,False,2,0.090324309733748803,0.24700567812350227,0.01021931166326182,0.0021151373068331414
10000,0,multi,gaussian_matched,0.050000000000000003,5,4,0.02,1.2698363735473239,1-<5%,True,False,1,0.052402486974988845,0.45890300492552716,0.027968675456556694,0.046629843075971983,1.4006579815683871,1.4358341584858842,1.3453762500752102,0.9369997517637666,,0.99382298281874859,False,False,False,,-1,,,False,2,0.052402486974988845,0.013085209803753935,0.030354893766460909,0.04368253431632893
10000,0,multi,gaussian_matched,0.050000000000000003,5,4,0.050000000000000003,1.2698363735473239,1-<5%,True,False,3,0.052402486974988845,0.45890300492552716,0.027968675456556694,0.046629843075971983,1.4006579815683871,1.4358341584858842,1.3453762500752102,0.9369997517637666,,0.99382298281874859,False,False,False,,-1,,,False,2,0.052402486974988845,0.013085209803753935,0.030354893766460909,0.04368253431632893
10000,0,multi,gaussian_matched,0.050000000000000003,5,5,0.02,1.2698363735473239,1-<5%,True,False,2,0.24660785407484007,0.42369649600862569,0.046922467092504916,0.076365541510280605,1.4006579815683871,1.4360632087280716,1.4263391954863232,0.99322870108874872,,1.0728562980906657,False,False,False,,-1,,,False,2,0.075369182239094501,0.24660785407484007,0.0055373946223270633,0.002488683022092535
10000,0,multi,gaussian_matched,0.050000000000000003,5,5,0.050000000000000003,1.2698363735473239,1-<5%,True,False,2,0.24660785407484007,0.42369649600862569,0.046922467092504916,0.076365541510280605,1.4006579815683871,1.4360632087280716,1.4263391954863232,0.99322870108874872,,1.0728562980906657,False,False,False,,-1,,,False,2,0.075369182239094501,0.24660785407484007,0.0055373946223270633,0.002488683022092535
10000,0,multi,gaussian_matched,0.050000000000000003,5,6,0.02,1.2698363735473239,1-<5%,True,False,1,0.24854313772235481,0.4442211401963666,-0.01254510503756516,0.083804363640286941,1.4006579815683871,1.4788207070865553,1.4223178691370288,0.96179196187964966,,1.0752962197743914,False,False,False,,-1,,,False,2,0.076699290006367868,0.24854313772235481,0.027580859045778578,0.010503502938574261
10000,0,multi,gaussian_matched,0.050000000000000003,5,6,0.050000000000000003,1.2698363735473239,1-<5%,True,False,2,0.24854313772235481,0.4442211401963666,-0.01254510503756516,0.083804363640286941,1.4006579815683871,1.4788207070865553,1.4223178691370288,0.96179196187964966,,1.0752962197743914,False,False,False,,-1,,,False,2,0.076699290006367868,0.24854313772235481,0.027580859045778578,0.010503502938574261
10000,0,multi,gaussian_matched,0.050000000000000003,5,7,0.02,1.2698363735473239,1-<5%,True,False,1,0.40495281533069449,0.58230685908597613,0.008509812019585776,0.092172961063691772,1.4006579815683871,1.4018491584580539,1.1889220407018346,0.84810982232180687,,0.91463799058997974,False,False,False,,-1,,,False,2,0.027847299530354842,0.01545759124859007,0.40495281533069449,0.17000581486476235
10000,0,multi,gaussian_matched,0.050000000000000003,5,7,0.050000000000000003,1.2698363735473239,1-<5%,True,False,2,0.40495281533069449,0.58230685908597613,0.008509812019585776,0.092172961063691772,1.4006579815683871,1.4018491584580539,1.1889220407018346,0.84810982232180687,,0.91463799058997974,False,False,False,,-1,,,False,2,0.027847299530354842,0.01545759124859007,0.40495281533069449,0.17000581486476235
10000,0,multi,gaussian_matched,0.050000000000000003,5,8,0.02,1.2698363735473239,1-<5%,True,False,1,0.25888204527565889,0.42435986306149831,-0.030850562041588467,0.11071695307637415,1.4006579815683871,1.503732159126933,1.4526212593611665,0.966010635966287,,1.1161455780139791,False,False,False,,-1,,,False,2,0.09409696100042704,0.25888204527565889,0.0098919778935365656,0.023629908041351549
10000,0,multi,gaussian_matched,0.050000000000000003,5,8,0.050000000000000003,1.2698363735473239,1-<5%,True,False,2,0.25888204527565889,0.42435986306149831,-0.030850562041588467,0.11071695307637415,1.4006579815683871,1.503732159126933,1.4526212593611665,0.966010635966287,,1.1161455780139791,False,False,False,,-1,,,False,2,0.09409696100042704,0.25888204527565889,0.0098919778935365656,0.023629908041351549
10000,0,multi,gaussian_matched,0.050000000000000003,5,9,0.02,1.2698363735473239,1-<5%,True,False,2,0.24633229186460207,0.43240068711798102,0.033289987328881783,0.06963398326672135,1.4006579815683871,1.4431587496020668,1.4318675002075469,0.99217601708915715,,1.0719972350373228,False,False,False,,-1,,,False,2,0.072580799961698084,0.24633229186460207,0.0006362387618083753,0.0063762831366213184
10000,0,multi,gaussian_matched,0.050000000000000003,5,9,0.050000000000000003,1.2698363735473239,1-<5%,True,False,2,0.24633229186460207,0.43240068711798102,0.033289987328881783,0.06963398326672135,1.4006579815683871,1.4431587496020668,1.4318675002075469,0.99217601708915715,,1.0719972350373228,False,False,False,,-1,,,False,2,0.072580799961698084,0.24633229186460207,0.0006362387618083753,0.0063762831366213184
10000,0,multi,gaussian_matched,0.050000000000000003,5,10,0.02,1.2698363735473239,1-<5%,True,False,2,0.13898170213305058,0.52304591908512377,-0.0080548150534624288,0.062461795822484963,1.4006579815683871,1.4474745067128345,1.3076367875584052,0.90339192952558722,,0.97818211255735821,False,False,False,,-1,,,False,2,0.012697868033862523,0.0023611294023808426,0.088654155795235154,0.13898170213305058
10000,0,multi,gaussian_matched,0.050000000000000003,5,10,0.050000000000000003,1.2698363735473239,1-<5%,True,False,2,0.13898170213305058,0.52304591908512377,-0.0080548150534624288,0.062461795822484963,1.4006579815683871,1.4474745067128345,1.3076367875584052,0.90339192952558722,,0.97818211255735821,False,False,False,,-1,,,False,2,0.012697868033862523,0.0023611294023808426,0.088654155795235154,0.13898170213305058
10000,0,multi,gaussian_matched,0.050000000000000003,5,11,0.02,1.2698363735473239,1-<5%,True,False,1,0.23846338197728273,0.41333599736121673,0.12243361034405176,0.11294811756221949,1.4006579815683871,1.3843593835427646,1.3772897864999762,0.99489323572561317,,1.0639556006338546,False,False,False,,-1,,,False,2,0.087674384478711759,0.23846338197728273,0.0057374959599428175,0.026901827361728546
10000,0,multi,gaussian_matched,0.050000000000000003,5,11,0.050000000000000003,1.2698363735473239,1-<5%,True,False,2,0.23846338197728273,0.41333599736121673,0.12243361034405176,0.11294811756221949,1.4006579815683871,1.3843593835427646,1.3772897864999762,0.99489323572561317,,1.0639556006338546,False,False,False,,-1,,,False,2,0.087674384478711759,0.23846338197728273,0.0057374959599428175,0.026901827361728546
10000,0,multi,gaussian_matched,0.050000000000000003,5,12,0.02,1.2698363735473239,1-<5%,True,False,2,0.10241906038531313,0.49065745193776994,0.0051534209747825591,0.045809375181944494,1.4006579815683871,1.4463058271277731,1.3309870065524856,0.92026664180403683,,0.98296400681111451,False,False,False,,-1,,,False,2,0.0043688283966913967,0.0040698935686854674,0.064721411182565428,0.10241906038531313
10000,0,multi,gaussian_matched,0.050000000000000003,5,12,0.050000000000000003,1.2698363735473239,1-<5%,True,False,2,0.10241906038531313,0.49065745193776994,0.0051534209747825591,0.045809375181944494,1.4006579815683871,1.4463058271277731,1.3309870065524856,0.92026664180403683,,0.98296400681111451,False,False,False,,-1,,,False,2,0.0043688283966913967,0.0040698935686854674,0.064721411182565428,0.10241906038531313
10000,0,multi,gaussian_matched,0.050000000000000003,5,13,0.02,1.2698363735473239,1-<5%,True,False,2,0.22770142452019571,0.45260153835128347,0.10874663943265547,0.075483652609656365,1.4006579815683871,1.3686987339775403,1.2674187816160709,0.92600274271669536,,0.9587654173233725,False,False,False,,-1,,,False,2,0.056213792440473087,0.22770142452019571,0.004999330599458957,0.012810134747175975
10000,0,multi,gaussian_matched,0.050000000000000003,5,13,0.050000000000000003,1.2698363735473239,1-<5%,True,False,2,0.22770142452019571,0.45260153835128347,0.10874663943265547,0.075483652609656365,1.4006579815683871,1.3686987339775403,1.2674187816160709,0.92600274271669536,,0.9587654173233725,False,False,False,,-1,,,False,2,0.056213792440473087,0.22770142452019571,0.004999330599458957,0.012810134747175975
10000,0,multi,gaussian_matched,0.050000000000000003,5,14,0.02,1.2698363735473239,1-<5%,True,False,2,0.27615986917638646,0.54771614908224908,0.067700406298898883,0.050893371536827062,1.4006579815683871,1.3727574122562411,1.3223909763406694,0.96331002443265612,,0.98045658965207272,False,False,False,,-1,,,False,2,0.0023879426363000518,0.0028435165606709406,0.27615986917638646,0.11505688558288631
10000,0,multi,gaussian_matched,0.050000000000000003,5,14,0.050000000000000003,1.2698363735473239,1-<5%,True,False,2,0.27615986917638646,0.54771614908224908,0.067700406298898883,0.050893371536827062,1.4006579815683871,1.3727574122562411,1.3223909763406694,0.96331002443265612,,0.98045658965207272,False,False,False,,-1,,,False,2,0.0023879426363000518,0.0028435165606709406,0.27615986917638646,0.11505688558288631
10000,0,multi,gaussian_matched,0.050000000000000003,5,15,0.02,1.2698363735473239,1-<5%,True,False,2,0.34141342318548268,0.56350128319032844,0.045715236774148529,0.06364567670093467,1.4006579815683871,1.3802004691599485,1.2321357717536221,0.8927223249703391,,0.92512338165781571,False,False,False,,-1,,,False,2,0.01443352630023469,0.00084382195572245151,0.34141342318548268,0.13756047557717002
10000,0,multi,gaussian_matched,0.050000000000000003,5,15,0.050000000000000003,1.2698363735473239,1-<5%,True,False,2,0.34141342318548268,0.56350128319032844,0.045715236774148529,0.06364567670093467,1.4006579815683871,1.3802004691599485,1.2321357717536221,0.8927223249703391,,0.92512338165781571,False,False,False,,-1,,,False,2,0.01443352630023469,0.00084382195572245151,0.34141342318548268,0.13756047557717002
10000,0,multi,gaussian_matched,0.050000000000000003,5,16,0.02,1.2698363735473239,1-<5%,True,False,3,0.053823366499731233,0.45440644385523421,0.10196200468651517,0.069129026414143396,1.4006579815683871,1.3732220456171949,1.3489303868398497,0.98231046548162038,,1.0124237550598332,False,False,False,,-1,,,False,2,0.053823366499731233,0.0156547388750202,0.0013811060224891111,0.0081647105548178119
10000,0,multi,gaussian_matched,0.050000000000000003,5,16,0.050000000000000003,1.2698363735473239,1-<5%,True,False,3,0.053823366499731233,0.45440644385523421,0.10196200468651517,0.069129026414143396,1.4006579815683871,1.3732220456171949,1.3489303868398497,0.98231046548162038,,1.0124237550598332,False,False,False,,-1,,,False,2,0.053823366499731233,0.0156547388750202,0.0013811060224891111,0.0081647105548178119
10000,0,multi,gaussian_matched,0.050000000000000003,5,17,0.02,1.2698363735473239,1-<5%,True,False,2,0.1045404378188015,0.5123810231391821,0.05059282859600843,0.012395207933601111,1.4006579815683871,1.3967677029258603,1.2546176005529133,0.89822924594033782,,0.90458400634520109,False,False,False,,-1,,,False,2,0.010174849941207032,0.0060931052893929165,0.1045404378188015,0.10021033427524
10000,0,multi,gaussian_matched,0.050000000000000003,5,17,0.050000000000000003,1.2698363735473239,1-<5%,True,False,2,0.1045404378188015,0.5123810231391821,0.05059282859600843,0.012395207933601111,1.4006579815683871,1.3967677029258603,1.2546176005529133,0.89822924594033782,,0.90458400634520109,False,False,False,,-1,,,False,2,0.010174849941207032,0.0060931052893929165,0.1045404378188015,0.10021033427524
10000,0,multi,gaussian_matched,0.050000000000000003,5,18,0.02,1.2698363735473239,1-<5%,True,False,2,0.29767283334525685,0.55689734094436349,0.047270977887360364,0.056962750708076056,1.4006579815683871,1.3828508087755971,1.3011681825246844,0.9409317145909355,,0.96963780673422717,False,False,False,,-1,,,False,2,0.012088842312550844,0.0059444166812340849,0.29767283334525685,0.13252105177938048
10000,0,multi,gaussian_matched,0.050000000000000003,5,18,0.050000000000000003,1.2698363735473239,1-<5%,True,False,2,0.29767283334525685,0.55689734094436349,0.047270977887360364,0.056962750708076056,1.4006579815683871,1.3828508087755971,1.3011681825246844,0.9409317145909355,,0.96963780673422717,False,False,False,,-1,,,False,2,0.012088842312550844,0.0059444166812340849,0.29767283334525685,0.13252105177938048
10000,0,multi,gaussian_matched,0.050000000000000003,5,19,0.02,1.2698363735473239,1-<5%,True,False,1,0.23761170928535336,0.42682653990502195,0.12000336263900316,0.1012661149794892,1.4006579815683871,1.3765089011270784,1.3823169451971342,1.004219401752724,,1.0592043737296817,False,False,False,,-1,,,False,2,0.078004213994379762,0.23761170928535336,0.0074717708849052974,0.023428437634671683
10000,0,multi,gaussian_matched,0.050000000000000003,5,19,0.050000000000000003,1.2698363735473239,1-<5%,True,False,2,0.23761170928535336,0.42682653990502195,0.12000336263900316,0.1012661149794892,1.4006579815683871,1.3765089011270784,1.3823169451971342,1.004219401752724,,1.0592043737296817,False,False,False,,-1,,,False,2,0.078004213994379762,0.23761170928535336,0.0074717708849052974,0.023428437634671683
10000,0,multi,gaussian_matched,0.050000000000000003,5,20,0.02,1.2698363735473239,1-<5%,True,False,2,0.081722012657212809,0.49607374576908708,0.08881318273128315,0.039011262809831443,1.4006579815683871,1.3652994882812408,1.2614169987578836,0.92391230611670871,,0.92844097465646835,False,False,False,,-1,,,False,2,0.0022214795258275878,0.0083936553127100487,0.081722012657212809,0.057721168735898352
10000,0,multi,gaussian_matched,0.050000000000000003,5,20,0.050000000000000003,1.2698363735473239,1-<5%,True,False,2,0.081722012657212809,0.49607374576908708,0.08881318273128315,0.039011262809831443,1.4006579815683871,1.3652994882812408,1.2614169987578836,0.92391230611670871,,0.92844097465646835,False,False,False,,-1,,,False,2,0.0022214795258275878,0.0083936553127100487,0.081722012657212809,0.057721168735898352
10000,0,multi,gaussian_matched,0.050000000000000003,5,21,0.02,1.2698363735473239,1-<5%,True,False,1,0.16673917161496885,0.55879243999892092,-0.060655915593591403,0.12530475911505812,1.4006579815683871,1.4740879536806255,1.3326787076296633,0.90407000769670509,,1.0409275397211133,False,False,False,,-1,,,False,2,0.021011865399995912,0.0069231772405422614,0.10060364711840933,0.16673917161496885
10000,0,multi,gaussian_matched,0.050000000000000003,5,21,0.050000000000000003,1.2698363735473239,1-<5%,True,False,2,0.16673917161496885,0.55879243999892092,-0.060655915593591403,0.12530475911505812,1.4006579815683871,1.4740879536806255,1.3326787076296633,0.90407000769670509,,1.0409275397211133,False,False,False,,-1,,,False,2,0.021011865399995912,0.0069231772405422614,0.10060364711840933,0.16673917161496885
10000,0,multi,gaussian_matched,0.050000000000000003,5,22,0.02,1.2698363735473239,1-<5%,True,False,2,0.25844255589482251,0.55302250612471304,0.032707854168208136,0.055771000199146409,1.4006579815683871,1.3968781553006449,1.3511943909307409,0.96729581302667622,,1.0045031761104433,False,False,False,,-1,,,False,2,0.0175971328449318,0.003948212567458669,0.25844255589482251,0.13807959450991136
10000,0,multi,gaussian_matched,0.050000000000000003,5,22,0.050000000000000003,1.2698363735473239,1-<5%,True,False,2,0.25844255589482251,0.55302250612471304,0.032707854168208136,0.055771000199146409,1.4006579815683871,1.3968781553006449,1.3511943909307409,0.96729581302667622,,1.0045031761104433,False,False,False,,-1,,,False,2,0.0175971328449318,0.003948212567458669,0.25844255589482251,0.13807959450991136
10000,0,multi,gaussian_matched,0.050000000000000003,5,23,0.02,1.2698363735473239,1-<5%,True,False,2,0.16627298738468355,0.53351987924705646,0.05941677371945165,0.03481749462584293,1.4006579815683871,1.3838829564651627,1.2094050309621509,0.87392147241362172,,0.88831288006139464,False,False,False,,-1,,,False,2,0.0040327250077365016,0.0063641989435081073,0.16627298738468355,0.11080315729834932
10000,0,multi,gaussian_matched,0.050000000000000003,5,23,0.050000000000000003,1.2698363735473239,1-<5%,True,False,2,0.16627298738468355,0.53351987924705646,0.05941677371945165,0.03481749462584293,1.4006579815683871,1.3838829564651627,1.2094050309621509,0.87392147241362172,,0.88831288006139464,False,False,False,,-1,,,False,2,0.0040327250077365016,0.0063641989435081073,0.16627298738468355,0.11080315729834932
10000,0,multi,gaussian_matched,0.050000000000000003,5,24,0.02,1.2698363735473239,1-<5%,True,False,2,0.11414077625377399,0.51099965727820962,0.02352891223295164,0.028665501003974223,1.4006579815683871,1.4234127086290798,1.2869327077027379,0.90411775861001775,,0.93927156095135433,False,False,False,,-1,,,False,2,0.009992357375851987,0.0016422285375703104,0.090407499984972065,0.11414077625377399
10000,0,multi,gaussian_matched,0.050000000000000003,5,24,0.050000000000000003,1.2698363735473239,1-<5%,True,False,2,0.11414077625377399,0.51099965727820962,0.02352891223295164,0.028665501003974223,1.4006579815683871,1.4234127086290798,1.2869327077027379,0.90411775861001775,,0.93927156095135433,False,False,False,,-1,,,False,2,0.009992357375851987,0.0016422285375703104,0.090407499984972065,0.11414077625377399
10000,0,multi,gaussian_matched,0.050000000000000003,5,25,0.02,1.2698363735473239,1-<5%,True,False,2,0.16593515817991278,0.53042448724640034,0.066392564613033472,0.034559594887655358,1.4006579815683871,1.3775213592387956,1.2050551452540388,0.87479960813089686,,0.88502315087201755,False,False,False,,-1,,,False,2,0.0010124032713389004,0.0072019015622346305,0.16593515817991278,0.10467733660879215
10000,0,multi,gaussian_matched,0.050000000000000003,5,25,0.050000000000000003,1.2698363735473239,1-<5%,True,False,2,0.16593515817991278,0.53042448724640034,0.066392564613033472,0.034559594887655358,1.4006579815683871,1.3775213592387956,1.2050551452540388,0.87479960813089686,,0.88502315087201755,False,False,False,,-1,,,False,2,0.0010124032713389004,0.0072019015622346305,0.16593515817991278,0.10467733660879215
10000,0,multi,gaussian_matched,0.050000000000000003,5,26,0.02,1.2698363735473239,1-<5%,True,False,2,0.14154541330250478,0.5242351733688444,-0.011857315344134325,0.066435465602354443,1.4006579815683871,1.4498743283441198,1.3107216728995525,0.90402433319618025,,0.9832215691655396,False,False,False,,-1,,,False,2,0.012953446023114448,0.0029366196991401248,0.088123734654533881,0.14154541330250478
10000,0,multi,gaussian_matched,0.050000000000000003,5,26,0.050000000000000003,1.2698363735473239,1-<5%,True,False,2,0.14154541330250478,0.5242351733688444,-0.011857315344134325,0.066435465602354443,1.4006579815683871,1.4498743283441198,1.3107216728995525,0.90402433319618025,,0.9832215691655396,False,False,False,,-1,,,False,2,0.012953446023114448,0.0029366196991401248,0.088123734654533881,0.14154541330250478
10000,0,multi,gaussian_matched,0.050000000000000003,5,27,0.02,1.2698363735473239,1-<5%,True,False,2,0.048985939971597364,0.48055904366366425,0.085748866894304082,0.040693147672525694,1.4006579815683871,1.3742972281324675,1.3105891794500288,0.95364318039918372,,0.96474824325739805,False,False,False,,-1,,,False,2,0.0075294813817881846,0.00039463993477394918,0.048985939971597364,0.026863717974817975
10000,0,multi,gaussian_matched,0.050000000000000003,5,27,0.050000000000000003,1.2698363735473239,1-<5%,True,True,4,0.048985939971597364,0.48055904366366425,0.085748866894304082,0.040693147672525694,1.4006579815683871,1.3742972281324675,1.3105891794500288,0.95364318039918372,0.90851644954160271,0.96474824325739805,True,True,False,4>1>3>2,19,0,0,True,2,0.0075294813817881846,0.00039463993477394918,0.048985939971597364,0.026863717974817975
10000,0,multi,gaussian_matched,0.050000000000000003,5,28,0.02,1.2698363735473239,1-<5%,True,False,2,0.10631997213191446,0.50031066725853379,0.13235515967980049,0.082355745640671371,1.4006579815683871,1.3237386846719159,1.2111454688092129,0.91494301921786869,,0.92349540820913756,False,False,False,,-1,,,False,2,0.011784492252847107,0.014112307492401508,0.10631997213191446,0.03594946693742479
10000,0,multi,gaussian_matched,0.050000000000000003,5,28,0.050000000000000003,1.2698363735473239,1-<5%,True,False,3,0.10631997213191446,0.50031066725853379,0.13235515967980049,0.082355745640671371,1.4006579815683871,1.3237386846719159,1.2111454688092129,0.91494301921786869,,0.92349540820913756,False,False,False,,-1,,,False,2,0.011784492252847107,0.014112307492401508,0.10631997213191446,0.03594946693742479
10000,0,multi,gaussian_matched,0.050000000000000003,5,29,0.02,1.2698363735473239,1-<5%,True,False,2,0.043766677575414095,0.47738453894765726,0.066870037627516532,0.028214486494775252,1.4006579815683871,1.3927764542697052,1.3255846596660614,0.95175694247439335,,0.96654512663035685,False,False,False,,-1,,,False,2,0.0091088151557271995,0.0032297825307615151,0.043766677575414095,0.034127397521959472
10000,0,multi,gaussian_matched,0.050000000000000003,5,29,0.050000000000000003,1.2698363735473239,1-<5%,True,True,4,0.043766677575414095,0.47738453894765726,0.066870037627516532,0.028214486494775252,1.4006579815683871,1.3927764542697052,1.3255846596660614,0.95175694247439335,0.9067793585416366,0.96654512663035685,True,True,False,4>1>3>2,19,0,0,True,2,0.0091088151557271995,0.0032297825307615151,0.043766677575414095,0.034127397521959472
10000,0,multi,gaussian_matched,0.050000000000000003,5,30,0.02,1.2698363735473239,1-<5%,True,False,2,0.097573464041669208,0.50548717224484063,0.044077675238058285,0.008073598319860693,1.4006579815683871,1.4048174662849788,1.2742147805400283,0.90703227367301498,,0.91549000236592126,False,False,False,,-1,,,False,2,0.008264264859379639,0.003958823461234628,0.090340122427394712,0.097573464041669208
10000,0,multi,gaussian_matched,0.050000000000000003,5,30,0.050000000000000003,1.2698363735473239,1-<5%,True,False,2,0.097573464041669208,0.50548717224484063,0.044077675238058285,0.008073598319860693,1.4006579815683871,1.4048174662849788,1.2742147805400283,0.90703227367301498,,0.91549000236592126,False,False,False,,-1,,,False,2,0.008264264859379639,0.003958823461234628,0.090340122427394712,0.097573464041669208
10000,0,multi,gaussian_matched,0.050000000000000003,5,31,0.02,1.2698363735473239,1-<5%,True,False,2,0.14510106876441428,0.5320703972977745,0.042356416502595577,0.032968693506399298,1.4006579815683871,1.4009629087411304,1.2259982988346751,0.87511117616691647,,0.89883969456365498,False,False,False,,-1,,,False,2,0.012467895344871038,0.010532785402431117,0.14510106876441428,0.1194596627378352
10000,0,multi,gaussian_matched,0.050000000000000003,5,31,0.050000000000000003,1.2698363735473239,1-<5%,True,False,2,0.14510106876441428,0.5320703972977745,0.042356416502595577,0.032968693506399298,1.4006579815683871,1.4009629087411304,1.2259982988346751,0.87511117616691647,,0.89883969456365498,False,False,False,,-1,,,False,2,0.012467895344871038,0.010532785402431117,0.14510106876441428,0.1194596627378352
10000,0,multi,gaussian_matched,0.050000000000000003,6,0,0.02,15.050593183850898,>=10%,True,True,4,0.0089528572654675436,0.51457777666412785,0.091687751106593468,0.044163108640521163,1.3968348545251466,1.3550206024620943,1.3624701454888617,1.0054977341401536,0.98874807135339604,1.0070147158574214,True,True,False,4>2>1>3,20,0,0,True,1,0.0072811640036652284,0.0024815277907554462,0.00056033512101817673,0.0089528572654675436
10000,0,multi,gaussian_matched,0.050000000000000003,6,0,0.050000000000000003,15.050593183850898,>=10%,True,True,4,0.0089528572654675436,0.51457777666412785,0.091687751106593468,0.044163108640521163,1.3968348545251466,1.3550206024620943,1.3624701454888617,1.0054977341401536,0.96659412868990013,1.0070147158574214,True,True,False,4>2>1>3,20,0,0,True,1,0.0072811640036652284,0.0024815277907554462,0.00056033512101817673,0.0089528572654675436
10000,0,multi,gaussian_matched,0.050000000000000003,6,1,0.02,15.050593183850898,>=10%,True,False,2,0.033553324303913272,0.44716597403433561,0.074041453791790585,0.058046755294015359,1.3968348545251466,1.413688410247123,1.3886303616525837,0.9822747018275696,,1.0356822871794651,False,False,False,,-1,,,False,1,0.017964046075386129,0.02258455311364136,0.0021087178794619056,0.033553324303913272
10000,0,multi,gaussian_matched,0.050000000000000003,6,1,0.050000000000000003,15.050593183850898,>=10%,True,True,4,0.033553324303913272,0.44716597403433561,0.074041453791790585,0.058046755294015359,1.3968348545251466,1.413688410247123,1.3886303616525837,0.9822747018275696,0.94244600673160606,1.0356822871794651,True,True,False,4>2>1>3,20,0,0,True,1,0.017964046075386129,0.02258455311364136,0.0021087178794619056,0.033553324303913272
10000,0,multi,gaussian_matched,0.050000000000000003,6,2,0.02,15.050593183850898,>=10%,True,True,4,0.0061082651479636924,0.52084492968255103,0.060681550455560375,0.023422352862280487,1.3968348545251466,1.3759481222383183,1.3854747124052131,1.0069236550513239,0.99133304177757553,1.0086353878579639,True,True,False,4>2>1>3,20,0,0,True,1,0.0016083623717622149,0.0061082651479636924,0.0020178634613276492,0.0028541040851852825
10000,0,multi,gaussian_matched,0.050000000000000003,6,2,0.050000000000000003,15.050593183850898,>=10%,True,True,4,0.0061082651479636924,0.52084492968255103,0.060681550455560375,0.023422352862280487,1.3968348545251466,1.3759481222383183,1.3854747124052131,1.0069236550513239,0.96945751170878514,1.0086353878579639,True,True,False,4>2>1>3,20,0,0,True,1,0.0016083623717622149,0.0061082651479636924,0.0020178634613276492,0.0028541040851852825
10000,0,multi,gaussian_matched,0.050000000000000003,6,3,0.02,15.050593183850898,>=10%,True,False,2,0.029370339994293958,0.44944403512905429,0.057512080621749256,0.051111025613853202,1.3968348545251466,1.4238316258032186,1.4017763247542456,0.98450989523671306,,1.040128219639828,False,False,False,,-1,,,False,1,0.015002038631516834,0.02089381759360525,0.0031442675319480855,0.029370339994293958
10000,0,multi,gaussian_matched,0.050000000000000003,6,3,0.050000000000000003,15.050593183850898,>=10%,True,True,4,0.029370339994293958,0.44944403512905429,0.057512080621749256,0.051111025613853202,1.3968348545251466,1.4238316258032186,1.4017763247542456,0.98450989523671306,0.94565012315115493,1.040128219639828,True,True,False,4>2>1>3,20,0,0,True,1,0.015002038631516834,0.02089381759360525,0.0031442675319480855,0.029370339994293958
10000,0,multi,gaussian_matched,0.050000000000000003,6,4,0.02,15.050593183850898,>=10%,True,True,4,0.010754137045692265,0.48441685038077714,0.047981448416628159,0.015713341546272661,1.3968348545251466,1.407970136177723,1.4023792317451114,0.99602910296962011,0.98001971165306079,1.0152184910745687,True,True,False,4>2>1>3,20,0,0,True,1,0.0058129934690063882,0.0065682238095488574,0.0032565158819663513,0.010754137045692265
10000,0,multi,gaussian_matched,0.050000000000000003,6,4,0.050000000000000003,15.050593183850898,>=10%,True,True,4,0.010754137045692265,0.48441685038077714,0.047981448416628159,0.015713341546272661,1.3968348545251466,1.407970136177723,1.4023792317451114,0.99602910296962011,0.95855743636156387,1.0152184910745687,True,True,False,4>2>1>3,20,0,0,True,1,0.0058129934690063882,0.0065682238095488574,0.0032565158819663513,0.010754137045692265
10000,0,multi,gaussian_matched,0.050000000000000003,6,5,0.02,15.050593183850898,>=10%,True,True,4,0.0079144598979604304,0.49640914543615489,0.062996829442660801,0.013483761050252332,1.3968348545251466,1.3887535608817236,1.388269588396426,0.99965150585465257,0.98339472136723038,1.0035211713865801,True,True,False,4>2>1>3,20,0,0,True,1,0.0052806659213849444,0.0028713115456945894,0.0023700571410868749,0.0079144598979604304
10000,0,multi,gaussian_matched,0.050000000000000003,6,5,0.050000000000000003,15.050593183850898,>=10%,True,True,4,0.0079144598979604304,0.49640914543615489,0.062996829442660801,0.013483761050252332,1.3968348545251466,1.3887535608817236,1.388269588396426,0.99965150585465257,0.96170021785943927,1.0035211713865801,True,True,False,4>2>1>3,20,0,0,True,1,0.0052806659213849444,0.0028713115456945894,0.0023700571410868749,0.0079144598979604304
10000,0,multi,gaussian_matched,0.050000000000000003,6,6,0.02,15.050593183850898,>=10%,True,True,4,0.013205513410073907,0.51111549618122021,0.10047630468515439,0.051685700053527961,1.3968348545251466,1.3505284552759951,1.3561734007835318,1.0041798049389363,0.9870222731818773,1.0078923047174828,True,True,False,4>2>1>3,20,0,0,True,1,0.0092996208755331822,0.00065117760379686002,0.00015183010397812268,0.013205513410073907
10000,0,multi,gaussian_matched,0.050000000000000003,6,6,0.050000000000000003,15.050593183850898,>=10%,True,True,4,0.013205513410073907,0.51111549618122021,0.10047630468515439,0.051685700053527961,1.3968348545251466,1.3505284552759951,1.3561734007835318,1.0041798049389363,0.96480283807195022,1.0078923047174828,True,True,False,4>2>1>3,20,0,0,True,1,0.0092996208755331822,0.00065117760379686002,0.00015183010397812268,0.013205513410073907
10000,0,multi,gaussian_matched,0.050000000000000003,6,7,0.02,15.050593183850898,>=10%,True,True,4,0.018740081677215966,0.55770331209459034,0.081191530439102669,0.065594083558040236,1.3968348545251466,1.3385708933207088,1.3645906331395072,1.0194384473386009,1.0042029178243033,1.0238753078535816,True,True,False,4>2>1>3,20,0,0,True,1,0.00089306394296626479,0.018740081677215966,0.00031024095785229529,0.011051099151767978
10000,0,multi,gaussian_matched,0.050000000000000003,6,7,0.050000000000000003,15.050593183850898,>=10%,True,True,4,0.018740081677215966,0.55770331209459034,0.081191530439102669,0.065594083558040236,1.3968348545251466,1.3385708933207088,1.3645906331395072,1.0194384473386009,0.98178207404202167,1.0238753078535816,True,True,False,4>2>1>3,20,0,0,True,1,0.00089306394296626479,0.018740081677215966,0.00031024095785229529,0.011051099151767978
10000,0,multi,gaussian_matched,0.050000000000000003,6,8,0.02,15.050593183850898,>=10%,True,True,4,0.0080218511067312436,0.48718263463354178,0.025194295601295505,0.02792145815771788,1.3968348545251466,1.4244002459395693,1.4194406769672376,0.99651813527379718,0.98142232349549174,1.0361726946003116,True,True,False,4>2>1>3,20,0,0,True,1,0.0047578623900735697,0.0036036420449606886,0.0041620292909680737,0.0080218511067312436
10000,0,multi,gaussian_matched,0.050000000000000003,6,8,0.050000000000000003,15.050593183850898,>=10%,True,True,4,0.0080218511067312436,0.48718263463354178,0.025194295601295505,0.02792145815771788,1.3968348545251466,1.4244002459395693,1.4194406769672376,0.99651813527379718,0.96012483654540259,1.0361726946003116,True,True,False,4>2>1>3,20,0,0,True,1,0.0047578623900735697,0.0036036420449606886,0.0041620292909680737,0.0080218511067312436
10000,0,multi,gaussian_matched,0.050000000000000003,6,9,0.02,15.050593183850898,>=10%,True,True,4,0.0081029767344609864,0.52412862995733089,0.047908764862132844,0.024219084376162037,1.3968348545251466,1.3846674013386966,1.3947448564173432,1.0072778885881937,0.99215781794474101,1.0158423067670956,True,True,False,4>2>1>3,20,0,0,True,1,0.00057319759971268512,0.0081029767344609864,0.0025661886840213392,0.0073084348541996771
10000,0,multi,gaussian_matched,0.050000000000000003,6,9,0.050000000000000003,15.050593183850898,>=10%,True,True,4,0.0081029767344609864,0.52412862995733089,0.047908764862132844,0.024219084376162037,1.3968348545251466,1.3846674013386966,1.3947448564173432,1.0072778885881937,0.970385991591736,1.0158423067670956,True,True,False,4>2>1>3,20,0,0,True,1,0.00057319759971268512,0.0081029767344609864,0.0025661886840213392,0.0073084348541996771
10000,0,multi,gaussian_matched,0.050000000000000003,6,10,0.02,15.050593183850898,>=10%,True,True,4,0.012971901826299995,0.49848639541443079,-0.048126459335328498,0.098138132346857573,1.3968348545251466,1.480123985014419,1.473708255704018,0.99566541088763016,0.98338869538939833,1.1252914995346561,True,True,False,4>2>1>3,20,0,0,True,1,0.012971901826299995,0.011989364196291643,0.0066968702524490015,0.00019562451985647193
10000,0,multi,gaussian_matched,0.050000000000000003,6,10,0.050000000000000003,15.050593183850898,>=10%,True,True,4,0.012971901826299995,0.49848639541443079,-0.048126459335328498,0.098138132346857573,1.3968348545251466,1.480123985014419,1.473708255704018,0.99566541088763016,0.96257763197590596,1.1252914995346561,True,True,False,4>2>1>3,20,0,0,True,1,0.012971901826299995,0.011989364196291643,0.0066968702524490015,0.00019562451985647193
10000,0,multi,gaussian_matched,0.050000000000000003,6,11,0.02,15.050593183850898,>=10%,True,False,3,0.030584322947887807,0.48160083725101643,0.11718749763413738,0.06966124480800498,1.3968348545251466,1.3589907344980969,1.3477695367252887,0.99174299170115199,,1.0147447115465547,False,False,False,,-1,,,False,1,0.017657621234289329,0.012547623338813721,0.00052444057915646642,0.030584322947887807
10000,0,multi,gaussian_matched,0.050000000000000003,6,11,0.050000000000000003,15.050593183850898,>=10%,True,True,4,0.030584322947887807,0.48160083725101643,0.11718749763413738,0.06966124480800498,1.3968348545251466,1.3589907344980969,1.3477695367252887,0.99174299170115199,0.9506771877926562,1.0147447115465547,True,True,False,4>2>1>3,20,0,0,True,1,0.017657621234289329,0.012547623338813721,0.00052444057915646642,0.030584322947887807
10000,0,multi,gaussian_matched,0.050000000000000003,6,12,0.02,15.050593183850898,>=10%,True,True,4,0.0034116729707481842,0.49944325122856054,0.038563251400729859,0.011450292036337194,1.3968348545251466,1.4063785357799545,1.4065970649863819,1.0001553843441633,0.98484320985665363,1.0151861205559507,True,True,False,4>2>1>3,20,0,0,True,1,0.0022694975320776529,0.00018051088834955566,0.0034116729707481842,0.0027985043940676134
10000,0,multi,gaussian_matched,0.050000000000000003,6,12,0.050000000000000003,15.050593183850898,>=10%,True,True,4,0.0034116729707481842,0.49944325122856054,0.038563251400729859,0.011450292036337194,1.3968348545251466,1.4063785357799545,1.4065970649863819,1.0001553843441633,0.96334332834107694,1.0151861205559507,True,True,False,4>2>1>3,20,0,0,True,1,0.0022694975320776529,0.00018051088834955566,0.0034116729707481842,0.0027985043940676134
10000,0,multi,gaussian_matched,0.050000000000000003,6,13,0.02,15.050593183850898,>=10%,True,False,2,0.031516274768733171,0.55533973242358947,-0.036414111786705491,0.10261522645591985,1.3968348545251466,1.4446033682750512,1.4549567926224403,1.0071669667777057,,1.1150724182121416,False,False,False,,-1,,,False,1,0.006610412812702051,0.031516274768733171,0.0061414500020491895,0.024911060158745352
10000,0,multi,gaussian_matched,0.050000000000000003,6,13,0.050000000000000003,15.050593183850898,>=10%,True,True,4,0.031516274768733171,0.55533973242358947,-0.036414111786705491,0.10261522645591985,1.3968348545251466,1.4446033682750512,1.4549567926224403,1.0071669667777057,0.9742092223580241,1.1150724182121416,True,True,False,4>2>1>3,20,0,0,True,1,0.006610412812702051,0.031516274768733171,0.0061414500020491895,0.024911060158745352
10000,0,multi,gaussian_matched,0.050000000000000003,6,14,0.02,15.050593183850898,>=10%,True,True,4,0.016421999582385851,0.48030312605837466,0.069149363039682166,0.027471165754256309,1.3968348545251466,1.394391583717056,1.3866381964387495,0.99443959116732616,0.97746190621469486,1.0123668933459795,True,True,False,4>2>1>3,20,0,0,True,1,0.00907662458721477,0.0091527672441792003,0.0023504528764382278,0.016421999582385851
10000,0,multi,gaussian_matched,0.050000000000000003,6,14,0.050000000000000003,15.050593183850898,>=10%,True,True,4,0.016421999582385851,0.48030312605837466,0.069149363039682166,0.027471165754256309,1.3968348545251466,1.394391583717056,1.3866381964387495,0.99443959116732616,0.95585652323805026,1.0123668933459795,True,True,False,4>2>1>3,20,0,0,True,1,0.00907662458721477,0.0091527672441792003,0.0023504528764382278,0.016421999582385851
10000,0,multi,gaussian_matched,0.050000000000000003,6,15,0.02,15.050593183850898,>=10%,True,False,1,0.072710699214419278,0.3978648490960347,0.10484703252404604,0.11593009111904264,1.3968348545251466,1.4316708539625056,1.3598766378947535,0.94985284790212521,,1.0565363000735659,False,False,False,,-1,,,False,1,0.043625735104058892,0.051044679097503029,0.0067241199938508911,0.072710699214419278
10000,0,multi,gaussian_matched,0.050000000000000003,6,15,0.050000000000000003,15.050593183850898,>=10%,True,False,2,0.072710699214419278,0.3978648490960347,0.10484703252404604,0.11593009111904264,1.3968348545251466,1.4316708539625056,1.3598766378947535,0.94985284790212521,,1.0565363000735659,False,False,False,,-1,,,False,1,0.043625735104058892,0.051044679097503029,0.0067241199938508911,0.072710699214419278
10000,0,multi,gaussian_matched,0.050000000000000003,6,16,0.02,15.050593183850898,>=10%,True,True,4,0.010152142002924809,0.48295505602140942,0.027862467454018582,0.027939228021863414,1.3968348545251466,1.4247718572142942,1.4182728105177207,0.9954385351846573,0.98014962122861005,1.0353493355742638,True,True,False,4>2>1>3,20,0,0,True,1,0.0055236129120634515,0.0055472893758691669,0.0041188254147150822,0.010152142002924809
10000,0,multi,gaussian_matched,0.050000000000000003,6,16,0.050000000000000003,15.050593183850898,>=10%,True,True,4,0.010152142002924809,0.48295505602140942,0.027862467454018582,0.027939228021863414,1.3968348545251466,1.4247718572142942,1.4182728105177207,0.9954385351846573,0.9588621374142372,1.0353493355742638,True,True,False,4>2>1>3,20,0,0,True,1,0.0055236129120634515,0.0055472893758691669,0.0041188254147150822,0.010152142002924809
10000,0,multi,gaussian_matched,0.050000000000000003,6,17,0.02,15.050593183850898,>=10%,True,True,4,0.019111095131209319,0.48291363353698757,0.083970413323891074,0.038025424393481153,1.3968348545251466,1.3816318971552612,1.3743950037172838,0.99476206835346093,0.9772512085980033,1.0111577782692978,True,True,False,4>2>1>3,20,0,0,True,1,0.010926353639414204,0.0089135638904570651,0.0015596701808810122,0.019111095131209319
10000,0,multi,gaussian_matched,0.050000000000000003,6,17,0.050000000000000003,15.050593183850898,>=10%,True,True,4,0.019111095131209319,0.48291363353698757,0.083970413323891074,0.038025424393481153,1.3968348545251466,1.3816318971552612,1.3743950037172838,0.99476206835346093,0.95548930718046055,1.0111577782692978,True,True,False,4>2>1>3,20,0,0,True,1,0.010926353639414204,0.0089135638904570651,0.0015596701808810122,0.019111095131209319
10000,0,multi,gaussian_matched,0.050000000000000003,6,18,0.02,15.050593183850898,>=10%,True,True,4,0.0033306132102019366,0.50183605876216719,0.05238934851026264,0.0030133201093851952,1.3968348545251466,1.3938217591279773,1.3954353072786638,1.0011576431061715,0.98541440339859654,1.0011553068408012,True,True,False,4>2>1>3,20,0,0,True,1,0.0030060817185932048,0.00031314382371826812,0.0027593933658527589,0.0033306132102019366
10000,0,multi,gaussian_matched,0.050000000000000003,6,18,0.050000000000000003,15.050593183850898,>=10%,True,True,4,0.0033306132102019366,0.50183605876216719,0.05238934851026264,0.0030133201093851952,1.3968348545251466,1.3938217591279773,1.3954353072786638,1.0011576431061715,0.96377240163580391,1.0011553068408012,True,True,False,4>2>1>3,20,0,0,True,1,0.0030060817185932048,0.00031314382371826812,0.0027593933658527589,0.0033306132102019366
10000,0,multi,gaussian_matched,0.050000000000000003,6,19,0.02,15.050593183850898,>=10%,True,True,4,0.014678761684559762,0.50598460847060645,0.099163317206642884,0.04952622837757225,1.3968348545251466,1.3548942526771184,1.3581062082806548,1.0023706319494603,0.98508150761493884,1.0077300348699783,True,True,False,4>2>1>3,20,0,0,True,1,0.0098337831529678212,0.0011927355993178361,0.00033375101844605758,0.014678761684559762
10000,0,multi,gaussian_matched,0.050000000000000003,6,19,0.050000000000000003,15.050593183850898,>=10%,True,True,4,0.014678761684559762,0.50598460847060645,0.099163317206642884,0.04952622837757225,1.3968348545251466,1.3548942526771184,1.3581062082806548,1.0023706319494603,0.96293050186984275,1.0077300348699783,True,True,False,4>2>1>3,20,0,0,True,1,0.0098337831529678212,0.0011927355993178361,0.00033375101844605758,0.014678761684559762
10000,0,multi,gaussian_matched,0.050000000000000003,6,20,0.02,15.050593183850898,>=10%,True,True,4,0.0050843227562447921,0.50796045138641588,0.070802747732768359,0.022273820945421321,1.3968348545251466,1.3754702896999951,1.3799646462234656,1.0032675053449907,0.98703498647534871,1.0038684692225677,True,True,False,4>2>1>3,20,0,0,True,1,0.0047743673242338748,0.00099111545525695332,0.0017734976121975689,0.0050843227562447921
10000,0,multi,gaussian_matched,0.050000000000000003,6,20,0.050000000000000003,15.050593183850898,>=10%,True,True,4,0.0050843227562447921,0.50796045138641588,0.070802747732768359,0.022273820945421321,1.3968348545251466,1.3754702896999951,1.3799646462234656,1.0032675053449907,0.96516503956001798,1.0038684692225677,True,True,False,4>2>1>3,20,0,0,True,1,0.0047743673242338748,0.00099111545525695332,0.0017734976121975689,0.0050843227562447921
10000,0,multi,gaussian_matched,0.050000000000000003,6,21,0.02,15.050593183850898,>=10%,True,True,4,0.0097961119165834217,0.48818549759013097,0.053969556136507918,0.012463540552896229,1.3968348545251466,1.4009404604114144,1.396949748393906,0.99715140498095367,0.98101400587777721,1.0090049545806414,True,True,False,4>2>1>3,20,0,0,True,1,0.0056055716069879054,0.0054788020099953974,0.0029296638437025439,0.0097961119165834217
10000,0,multi,gaussian_matched,0.050000000000000003,6,21,0.050000000000000003,15.050593183850898,>=10%,True,True,4,0.0097961119165834217,0.48818549759013097,0.053969556136507918,0.012463540552896229,1.3968348545251466,1.4009404604114144,1.396949748393906,0.99715140498095367,0.95946974382957695,1.0090049545806414,True,True,False,4>2>1>3,20,0,0,True,1,0.0056055716069879054,0.0054788020099953974,0.0029296638437025439,0.0097961119165834217
10000,0,multi,gaussian_matched,0.050000000000000003,6,22,0.02,15.050593183850898,>=10%,True,True,4,0.013827527546731702,0.5264974004680506,0.0045902169273804791,0.052575285356016958,1.3968348545251466,1.4204429692227336,1.4275810621309466,1.0050252583615651,0.99133922969390598,1.0596502103966627,True,True,False,4>2>1>3,20,0,0,True,1,0.00181543366454506,0.013827527546731702,0.0044180656913918688,0.010898976776876689
10000,0,multi,gaussian_matched,0.050000000000000003,6,22,0.050000000000000003,15.050593183850898,>=10%,True,True,4,0.013827527546731702,0.5264974004680506,0.0045902169273804791,0.052575285356016958,1.3968348545251466,1.4204429692227336,1.4275810621309466,1.0050252583615651,0.96995491084530727,1.0596502103966627,True,True,False,4>2>1>3,20,0,0,True,1,0.00181543366454506,0.013827527546731702,0.0044180656913918688,0.010898976776876689
10000,0,multi,gaussian_matched,0.050000000000000003,6,23,0.02,15.050593183850898,>=10%,True,True,4,0.0038332723946133901,0.50495798642631606,0.026453805406092185,0.024062520841709584,1.3968348545251466,1.4131527086285367,1.4148193365698853,1.0011793686069257,0.98639380863438586,1.0301016277981854,True,True,False,4>2>1>3,20,0,0,True,1,0.0013624540362486659,0.0030719198116507811,0.0038332723946133901,0.00028471566658428419
10000,0,multi,gaussian_matched,0.050000000000000003,6,23,0.050000000000000003,15.050593183850898,>=10%,True,True,4,0.0038332723946133901,0.50495798642631606,0.026453805406092185,0.024062520841709584,1.3968348545251466,1.4131527086285367,1.4148193365698853,1.0011793686069257,0.96495885993716624,1.0301016277981854,True,True,False,4>2>1>3,20,0,0,True,1,0.0013624540362486659,0.0030719198116507811,0.0038332723946133901,0.00028471566658428419
10000,0,multi,gaussian_matched,0.050000000000000003,6,24,0.02,15.050593183850898,>=10%,True,True,4,0.013689220079087868,0.54286919257681221,0.068751237629807088,0.046790774569751503,1.3968348545251466,1.3569829136135554,1.3758290787347183,1.0138882847618005,0.99857439206590082,1.0184595900480224,True,True,False,4>2>1>3,20,0,0,True,1,0.00019854173857527594,0.013689220079087868,0.0012151302466323166,0.0092271425725125294
10000,0,multi,gaussian_matched,0.050000000000000003,6,24,0.050000000000000003,15.050593183850898,>=10%,True,True,4,0.013689220079087868,0.54286919257681221,0.068751237629807088,0.046790774569751503,1.3968348545251466,1.3569829136135554,1.3758290787347183,1.0138882847618005,0.9764314687961767,1.0184595900480224,True,True,False,4>2>1>3,20,0,0,True,1,0.00019854173857527594,0.013689220079087868,0.0012151302466323166,0.0092271425725125294
10000,0,multi,gaussian_matched,0.050000000000000003,6,25,0.02,15.050593183850898,>=10%,True,True,4,0.012748281392249249,0.53269754793666335,0.12266009102180564,0.079678218280578278,1.3968348545251466,1.319636545122945,1.3354892171022485,1.0120129076736251,0.99498415813396823,1.0131243724326398,True,True,False,4>2>1>3,20,0,0,True,1,0.0095765691112680539,0.0072174305703840537,0.0016583209657594256,0.012748281392249249
10000,0,multi,gaussian_matched,0.050000000000000003,6,25,0.050000000000000003,15.050593183850898,>=10%,True,True,4,0.012748281392249249,0.53269754793666335,0.12266009102180564,0.079678218280578278,1.3968348545251466,1.319636545122945,1.3354892171022485,1.0120129076736251,0.97223613784363461,1.0131243724326398,True,True,False,4>2>1>3,20,0,0,True,1,0.0095765691112680539,0.0072174305703840537,0.0016583209657594256,0.012748281392249249
10000,0,multi,gaussian_matched,0.050000000000000003,6,26,0.02,15.050593183850898,>=10%,True,True,4,0.0061216223837518768,0.51997182054983315,0.05494199092807759,0.020574180187991429,1.3968348545251466,1.3811581422722843,1.3900564462348666,1.0064426394706276,0.99101414875986682,1.0098764516456753,True,True,False,4>2>1>3,20,0,0,True,1,0.00089743961744948194,0.0061216223837518768,0.002309391009286729,0.0039360385281954182
10000,0,multi,gaussian_matched,0.050000000000000003,6,26,0.050000000000000003,15.050593183850898,>=10%,True,True,4,0.0061216223837518768,0.51997182054983315,0.05494199092807759,0.020574180187991429,1.3968348545251466,1.3811581422722843,1.3900564462348666,1.0064426394706276,0.96920388833038384,1.0098764516456753,True,True,False,4>2>1>3,20,0,0,True,1,0.00089743961744948194,0.0061216223837518768,0.002309391009286729,0.0039360385281954182
10000,0,multi,gaussian_matched,0.050000000000000003,6,27,0.02,15.050593183850898,>=10%,True,True,4,0.017154850848312052,0.54427983420905202,0.042910438296226656,0.044843791128011727,1.3968348545251466,1.3783441571074453,1.3954349009740308,1.0123994749630976,0.997844479793634,1.0311016276807214,True,True,False,4>2>1>3,20,0,0,True,1,0.0037186018490844232,0.01580438941232715,0.0024796781980390933,0.017154850848312052
10000,0,multi,gaussian_matched,0.050000000000000003,6,27,0.050000000000000003,15.050593183850898,>=10%,True,True,4,0.017154850848312052,0.54427983420905202,0.042910438296226656,0.044843791128011727,1.3968348545251466,1.3783441571074453,1.3954349009740308,1.0123994749630976,0.97597837757854056,1.0311016276807214,True,True,False,4>2>1>3,20,0,0,True,1,0.0037186018490844232,0.01580438941232715,0.0024796781980390933,0.017154850848312052
10000,0,multi,gaussian_matched,0.050000000000000003,6,28,0.02,15.050593183850898,>=10%,True,False,1,0.04792242635936958,0.42993692558567059,0.093487101472864681,0.082461884473367997,1.3968348545251466,1.4133786045191818,1.3736508766787332,0.97189165895576601,,1.0424373049075342,False,False,False,,-1,,,False,1,0.027254001369355425,0.031684533004030548,0.00063099472499455686,0.04792242635936958
10000,0,multi,gaussian_matched,0.050000000000000003,6,28,0.050000000000000003,15.050593183850898,>=10%,True,True,4,0.04792242635936958,0.42993692558567059,0.093487101472864681,0.082461884473367997,1.3968348545251466,1.4133786045191818,1.3736508766787332,0.97189165895576601,0.9306768337468363,1.0424373049075342,True,True,False,4>2>1>3,20,0,0,True,1,0.027254001369355425,0.031684533004030548,0.00063099472499455686,0.04792242635936958
10000,0,multi,gaussian_matched,0.050000000000000003,6,29,0.02,15.050593183850898,>=10%,True,False,3,0.025811014870579404,0.48794972254126689,0.11116550356003699,0.062341222418118722,1.3968348545251466,1.3585759592647575,1.351685406262517,0.99492810618703309,,1.0123076640733837,False,False,False,,-1,,,False,1,0.015114364745637696,0.0092732101238832011,9.9375224691218746e-05,0.025811014870579404
10000,0,multi,gaussian_matched,0.050000000000000003,6,29,0.050000000000000003,15.050593183850898,>=10%,True,True,4,0.025811014870579404,0.48794972254126689,0.11116550356003699,0.062341222418118722,1.3968348545251466,1.3585759592647575,1.351685406262517,0.99492810618703309,0.95437806079650944,1.0123076640733837,True,True,False,4>2>1>3,20,0,0,True,1,0.015114364745637696,0.0092732101238832011,9.9375224691218746e-05,0.025811014870579404
10000,0,multi,gaussian_matched,0.050000000000000003,6,30,0.02,15.050593183850898,>=10%,True,False,2,0.060446886997024635,0.50158058175577347,0.21291607126959772,0.16292373834591242,1.3968348545251466,1.2858579281031792,1.2648338130868275,0.98364973722457405,,1.022137689940523,False,False,False,,-1,,,False,1,0.036680716638767576,0.017212235482622386,0.010188162898303349,0.060446886997024635
10000,0,multi,gaussian_matched,0.050000000000000003,6,30,0.050000000000000003,15.050593183850898,>=10%,True,False,3,0.060446886997024635,0.50158058175577347,0.21291607126959772,0.16292373834591242,1.3968348545251466,1.2858579281031792,1.2648338130868275,0.98364973722457405,,1.022137689940523,False,False,False,,-1,,,False,1,0.036680716638767576,0.017212235482622386,0.010188162898303349,0.060446886997024635
10000,0,multi,gaussian_matched,0.050000000000000003,6,31,0.02,15.050593183850898,>=10%,True,True,4,0.0107400596270805,0.53670413638707271,0.089128690267315736,0.053649305959689392,1.3968348545251466,1.3435711233955643,1.3609776482870344,1.0129554175349342,0.99693055063597169,1.0127374396937037,True,True,False,4>2>1>3,20,0,0,True,1,0.0036000748809941583,0.0107400596270805,0.00023465109943793017,0.00019230061210133691
10000,0,multi,gaussian_matched,0.050000000000000003,6,31,0.050000000000000003,15.050593183850898,>=10%,True,True,4,0.0107400596270805,0.53670413638707271,0.089128690267315736,0.053649305959689392,1.3968348545251466,1.3435711233955643,1.3609776482870344,1.0129554175349342,0.97459461924016322,1.0127374396937037,True,True,False,4>2>1>3,20,0,0,True,1,0.0036000748809941583,0.0107400596270805,0.00023465109943793017,0.00019230061210133691
10000,0,multi,gaussian_matched,0.050000000000000003,7,0,0.02,0.44436230498268348,<1%,True,False,3,0.22667105993217357,0.489544574234693,0.033065319146128522,0.01990224468637462,1.3612622497601254,1.368091543171355,1.3533946922882183,0.98925740681864893,,1.0088408293233637,False,False,False,,-1,,,False,2,0.019557654621591973,0.008114001551170022,7.1342190371971668e-05,0.22667105993217357
10000,0,multi,gaussian_matched,0.050000000000000003,7,0,0.050000000000000003,0.44436230498268348,<1%,True,False,3,0.22667105993217357,0.489544574234693,0.033065319146128522,0.01990224468637462,1.3612622497601254,1.368091543171355,1.3533946922882183,0.98925740681864893,,1.0088408293233637,False,False,False,,-1,,,False,2,0.019557654621591973,0.008114001551170022,7.1342190371971668e-05,0.22667105993217357
10000,0,multi,gaussian_matched,0.050000000000000003,7,1,0.02,0.44436230498268348,<1%,True,False,1,0.20241622328741748,0.42056918933889337,0.03764509250145931,0.080385928007195823,1.3612622497601254,1.3298733139578931,1.0195728204210175,0.76666913285643956,,0.80804323239114462,False,False,False,,-1,,,False,2,0.014810584628087244,0.020877857133126718,0.20241622328741748,0.13318375565186008
10000,0,multi,gaussian_matched,0.050000000000000003,7,1,0.050000000000000003,0.44436230498268348,<1%,True,False,2,0.20241622328741748,0.42056918933889337,0.03764509250145931,0.080385928007195823,1.3612622497601254,1.3298733139578931,1.0195728204210175,0.76666913285643956,,0.80804323239114462,False,False,False,,-1,,,False,2,0.014810584628087244,0.020877857133126718,0.20241622328741748,0.13318375565186008
10000,0,multi,gaussian_matched,0.050000000000000003,7,2,0.02,0.44436230498268348,<1%,True,False,1,0.2219490476645386,0.48829122693039362,0.13268782125888076,0.083512700539116511,1.3612622497601254,1.2958010784509675,1.2848522226980164,0.99155051193039623,,1.0052177113397944,False,False,False,,-1,,,False,2,0.030412693091568386,0.033005744988795056,0.2219490476645386,0.0028516092814024176
10000,0,multi,gaussian_matched,0.050000000000000003,7,2,0.050000000000000003,0.44436230498268348,<1%,True,False,3,0.2219490476645386,0.48829122693039362,0.13268782125888076,0.083512700539116511,1.3612622497601254,1.2958010784509675,1.2848522226980164,0.99155051193039623,,1.0052177113397944,False,False,False,,-1,,,False,2,0.030412693091568386,0.033005744988795056,0.2219490476645386,0.0028516092814024176
10000,0,multi,gaussian_matched,0.050000000000000003,7,3,0.02,0.44436230498268348,<1%,True,False,1,0.21424615612762773,0.43330124051022856,-0.0020300324413580068,0.084592250196593916,1.3612622497601254,1.3714070597186614,1.1578734177682328,0.8442959437628722,,0.91273056913446882,False,False,False,,-1,,,False,2,0.021051296195296804,0.0027241999211794258,0.033076285342622275,0.21424615612762773
10000,0,multi,gaussian_matched,0.050000000000000003,7,3,0.050000000000000003,0.44436230498268348,<1%,True,False,3,0.21424615612762773,0.43330124051022856,-0.0020300324413580068,0.084592250196593916,1.3612622497601254,1.3714070597186614,1.1578734177682328,0.8442959437628722,,0.91273056913446882,False,False,False,,-1,,,False,2,0.021051296195296804,0.0027241999211794258,0.033076285342622275,0.21424615612762773
10000,0,multi,gaussian_matched,0.050000000000000003,7,4,0.02,0.44436230498268348,<1%,True,False,1,0.22517749737405493,0.41768143914955008,0.095329584476862392,0.093974021353426349,1.3612622497601254,1.2766865405818084,1.290065412626582,1.0104793711059856,,1.0167323998178137,False,False,False,,-1,,,False,2,0.13982342996693212,0.022823659036714305,0.22517749737405493,0.0087431300416985873
10000,0,multi,gaussian_matched,0.050000000000000003,7,4,0.050000000000000003,0.44436230498268348,<1%,True,False,2,0.22517749737405493,0.41768143914955008,0.095329584476862392,0.093974021353426349,1.3612622497601254,1.2766865405818084,1.290065412626582,1.0104793711059856,,1.0167323998178137,False,False,False,,-1,,,False,2,0.13982342996693212,0.022823659036714305,0.22517749737405493,0.0087431300416985873
10000,0,multi,gaussian_matched,0.050000000000000003,7,5,0.02,0.44436230498268348,<1%,True,False,2,0.23342801488712442,0.53033130724515309,0.088915833770443931,0.049339946465807,1.3612622497601254,1.3558272614405715,1.3430170320125971,0.9905517245505423,,1.0228425703597952,False,False,False,,-1,,,False,2,0.0063907685533200493,0.03760324238472891,0.0051064592906330643,0.23342801488712442
10000,0,multi,gaussian_matched,0.050000000000000003,7,5,0.050000000000000003,0.44436230498268348,<1%,True,False,3,0.23342801488712442,0.53033130724515309,0.088915833770443931,0.049339946465807,1.3612622497601254,1.3558272614405715,1.3430170320125971,0.9905517245505423,,1.0228425703597952,False,False,False,,-1,,,False,2,0.0063907685533200493,0.03760324238472891,0.0051064592906330643,0.23342801488712442
10000,0,multi,gaussian_matched,0.050000000000000003,7,6,0.02,0.44436230498268348,<1%,True,False,1,0.25708448863684186,0.54837328209416547,-0.035253811950305275,0.098021359267354197,1.3612622497601254,1.4580396393849178,1.3428698949707936,0.92101055327774961,,1.0584964465826141,False,False,False,,-1,,,False,2,0.075492367529299803,0.067864093572654605,0.013822924522468851,0.25708448863684186
10000,0,multi,gaussian_matched,0.050000000000000003,7,6,0.050000000000000003,0.44436230498268348,<1%,True,False,1,0.25708448863684186,0.54837328209416547,-0.035253811950305275,0.098021359267354197,1.3612622497601254,1.4580396393849178,1.3428698949707936,0.92101055327774961,,1.0584964465826141,False,False,False,,-1,,,False,2,0.075492367529299803,0.067864093572654605,0.013822924522468851,0.25708448863684186
10000,0,multi,gaussian_matched,0.050000000000000003,7,7,0.02,0.44436230498268348,<1%,True,False,1,0.22926791000299926,0.49480104759958654,0.011583765127153804,0.038766431456447592,1.3612622497601254,1.3886529519249091,1.3602130134832864,0.97951976525005746,,1.0277075157165747,False,False,False,,-1,,,False,2,0.030866447483221982,0.02020776357290319,0.0039647789340907938,0.22926791000299926
10000,0,multi,gaussian_matched,0.050000000000000003,7,7,0.050000000000000003,0.44436230498268348,<1%,True,False,3,0.22926791000299926,0.49480104759958654,0.011583765127153804,0.038766431456447592,1.3612622497601254,1.3886529519249091,1.3602130134832864,0.97951976525005746,,1.0277075157165747,False,False,False,,-1,,,False,2,0.030866447483221982,0.02020776357290319,0.0039647789340907938,0.22926791000299926
10000,0,multi,gaussian_matched,0.050000000000000003,7,8,0.02,0.44436230498268348,<1%,True,False,1,0.21756810025819728,0.5108572127158304,0.19689133647202522,0.14729203576057506,1.3612622497601254,1.2875846407466649,1.2418530895632518,0.964482683517494,,1.0204831035082438,False,False,False,,-1,,,False,2,0.065894339444804648,0.075655500939734249,0.21756810025819728,0.011385435417559172
10000,0,multi,gaussian_matched,0.050000000000000003,7,8,0.050000000000000003,0.44436230498268348,<1%,True,False,1,0.21756810025819728,0.5108572127158304,0.19689133647202522,0.14729203576057506,1.3612622497601254,1.2875846407466649,1.2418530895632518,0.964482683517494,,1.0204831035082438,False,False,False,,-1,,,False,2,0.065894339444804648,0.075655500939734249,0.21756810025819728,0.011385435417559172
10000,0,multi,gaussian_matched,0.050000000000000003,7,9,0.02,0.44436230498268348,<1%,True,False,2,0.18377285227392343,0.48301984569682033,0.067987218044742406,0.024735918279879927,1.3612622497601254,1.3365652848060412,1.1315069112045215,0.8465781088790757,,0.84939021095174605,False,False,False,,-1,,,False,2,0.0019829922688021037,0.0027511253556862089,0.037726108676305117,0.18377285227392343
10000,0,multi,gaussian_matched,0.050000000000000003,7,9,0.050000000000000003,0.44436230498268348,<1%,True,False,3,0.18377285227392343,0.48301984569682033,0.067987218044742406,0.024735918279879927,1.3612622497601254,1.3365652848060412,1.1315069112045215,0.8465781088790757,,0.84939021095174605,False,False,False,,-1,,,False,2,0.0019829922688021037,0.0027511253556862089,0.037726108676305117,0.18377285227392343
10000,0,multi,gaussian_matched,0.050000000000000003,7,10,0.02,0.44436230498268348,<1%,True,False,3,0.21407778237731603,0.46022633865347834,0.086993303320886117,0.054318032249878807,1.3612622497601254,1.307424477691725,1.2385153277461003,0.94729397290520012,,0.94973129551179103,False,False,False,,-1,,,False,2,0.017619499136852741,0.0021987979793291553,0.21407778237731603,0.014594946292437778
10000,0,multi,gaussian_matched,0.050000000000000003,7,10,0.050000000000000003,0.44436230498268348,<1%,True,False,3,0.21407778237731603,0.46022633865347834,0.086993303320886117,0.054318032249878807,1.3612622497601254,1.307424477691725,1.2385153277461003,0.94729397290520012,,0.94973129551179103,False,False,False,,-1,,,False,2,0.017619499136852741,0.0021987979793291553,0.21407778237731603,0.014594946292437778
10000,0,multi,gaussian_matched,0.050000000000000003,7,11,0.02,0.44436230498268348,<1%,True,False,1,0.22914879268775529,0.40362640122946958,0.048058338507030597,0.096393156340771738,1.3612622497601254,1.3140257019165884,1.313886785788561,0.99989428203129904,,1.0360090000129256,False,False,False,,-1,,,False,2,0.11642654762028753,0.031973649612985412,0.22914879268775529,0.0081672286869654449
10000,0,multi,gaussian_matched,0.050000000000000003,7,11,0.050000000000000003,0.44436230498268348,<1%,True,False,2,0.22914879268775529,0.40362640122946958,0.048058338507030597,0.096393156340771738,1.3612622497601254,1.3140257019165884,1.313886785788561,0.99989428203129904,,1.0360090000129256,False,False,False,,-1,,,False,2,0.11642654762028753,0.031973649612985412,0.22914879268775529,0.0081672286869654449
10000,0,multi,gaussian_matched,0.050000000000000003,7,12,0.02,0.44436230498268348,<1%,True,False,1,0.25283670498756311,0.54870477237579995,0.055056124897608638,0.048966511527356163,1.3612622497601254,1.3917330050164658,1.3307633402241132,0.95619155069787887,,1.013566527680172,False,False,False,,-1,,,False,2,0.028235844507495132,0.044084830762135187,0.0034625204614115146,0.25283670498756311
10000,0,multi,gaussian_matched,0.050000000000000003,7,12,0.050000000000000003,0.44436230498268348,<1%,True,False,3,0.25283670498756311,0.54870477237579995,0.055056124897608638,0.048966511527356163,1.3612622497601254,1.3917330050164658,1.3307633402241132,0.95619155069787887,,1.013566527680172,False,False,False,,-1,,,False,2,0.028235844507495132,0.044084830762135187,0.0034625204614115146,0.25283670498756311
10000,0,multi,gaussian_matched,0.050000000000000003,7,13,0.02,0.44436230498268348,<1%,True,False,3,0.21311171545593502,0.47661173648991301,0.093751664555637326,0.049610674470382664,1.3612622497601254,1.313024201090536,1.1881079868544666,0.90486373813040166,,0.9092433596413575,False,False,False,,-1,,,False,2,0.012720830119660112,0.0096119595490353725,0.21311171545593502,0.019629650377030097
10000,0,multi,gaussian_matched,0.050000000000000003,7,13,0.050000000000000003,0.44436230498268348,<1%,True,False,3,0.21311171545593502,0.47661173648991301,0.093751664555637326,0.049610674470382664,1.3612622497601254,1.313024201090536,1.1881079868544666,0.90486373813040166,,0.9092433596413575,False,False,False,,-1,,,False,2,0.012720830119660112,0.0096119595490353725,0.21311171545593502,0.019629650377030097
10000,0,multi,gaussian_matched,0.050000000000000003,7,14,0.02,0.44436230498268348,<1%,True,False,3,0.22022745537103772,0.47670406726458181,0.065541225450216969,0.028004109886007812,1.3612622497601254,1.3344711015051778,1.0813013006251408,0.81028453850032311,,0.8149094053747723,False,False,False,,-1,,,False,2,0.001304347036692436,0.0017284107401368122,0.0012713948616182998,0.22022745537103772
10000,0,multi,gaussian_matched,0.050000000000000003,7,14,0.050000000000000003,0.44436230498268348,<1%,True,False,3,0.22022745537103772,0.47670406726458181,0.065541225450216969,0.028004109886007812,1.3612622497601254,1.3344711015051778,1.0813013006251408,0.81028453850032311,,0.8149094053747723,False,False,False,,-1,,,False,2,0.001304347036692436,0.0017284107401368122,0.0012713948616182998,0.22022745537103772
10000,0,multi,gaussian_matched,0.050000000000000003,7,15,0.02,0.44436230498268348,<1%,True,False,2,0.21403043111111258,0.49376784648647415,0.088639906746965189,0.039139265844293988,1.3612622497601254,1.3286629740176972,0.95956780635775329,0.72220557441752897,,0.73366250505957553,False,False,False,,-1,,,False,2,0.0044642672736549234,0.01670931242232972,0.21403043111111258,0.14761480646110114
10000,0,multi,gaussian_matched,0.050000000000000003,7,15,0.050000000000000003,0.44436230498268348,<1%,True,False,2,0.21403043111111258,0.49376784648647415,0.088639906746965189,0.039139265844293988,1.3612622497601254,1.3286629740176972,0.95956780635775329,0.72220557441752897,,0.73366250505957553,False,False,False,,-1,,,False,2,0.0044642672736549234,0.01670931242232972,0.21403043111111258,0.14761480646110114
10000,0,multi,gaussian_matched,0.050000000000000003,7,16,0.02,0.44436230498268348,<1%,True,False,1,0.2400838418236324,0.52255590223012505,0.02026532435478633,0.037321838930323668,1.3612622497601254,1.39853607560613,1.353163437549298,0.96755704851076696,,1.0214675950388294,False,False,False,,-1,,,False,2,0.034849025979999358,0.031290584713343457,0.0054296708323490848,0.2400838418236324
10000,0,multi,gaussian_matched,0.050000000000000003,7,16,0.050000000000000003,0.44436230498268348,<1%,True,False,3,0.2400838418236324,0.52255590223012505,0.02026532435478633,0.037321838930323668,1.3612622497601254,1.39853607560613,1.353163437549298,0.96755704851076696,,1.0214675950388294,False,False,False,,-1,,,False,2,0.034849025979999358,0.031290584713343457,0.0054296708323490848,0.2400838418236324
10000,0,multi,gaussian_matched,0.050000000000000003,7,17,0.02,0.44436230498268348,<1%,True,False,2,0.23751675848597886,0.54445978303291576,0.11065112203371456,0.075201269346218347,1.3612622497601254,1.3545616203100581,1.3326071582709687,0.98379220132188294,,1.034193395038512,False,False,False,,-1,,,False,2,0.0023102703485513272,0.05358549553318135,0.0074391366197344494,0.23751675848597886
10000,0,multi,gaussian_matched,0.050000000000000003,7,17,0.050000000000000003,0.44436230498268348,<1%,True,False,2,0.23751675848597886,0.54445978303291576,0.11065112203371456,0.075201269346218347,1.3612622497601254,1.3545616203100581,1.3326071582709687,0.98379220132188294,,1.034193395038512,False,False,False,,-1,,,False,2,0.0023102703485513272,0.05358549553318135,0.0074391366197344494,0.23751675848597886
10000,0,multi,gaussian_matched,0.050000000000000003,7,18,0.02,0.44436230498268348,<1%,True,False,1,0.23840855793698873,0.51235994584614286,-0.022754476717587707,0.073796897927823471,1.3612622497601254,1.4269334424961486,1.3626957323108351,0.95498198565383552,,1.0552651632643084,False,False,False,,-1,,,False,2,0.053388116684663318,0.044546530868408131,0.0070459065219070482,0.23840855793698873
10000,0,multi,gaussian_matched,0.050000000000000003,7,18,0.050000000000000003,0.44436230498268348,<1%,True,False,2,0.23840855793698873,0.51235994584614286,-0.022754476717587707,0.073796897927823471,1.3612622497601254,1.4269334424961486,1.3626957323108351,0.95498198565383552,,1.0552651632643084,False,False,False,,-1,,,False,2,0.053388116684663318,0.044546530868408131,0.0070459065219070482,0.23840855793698873
10000,0,multi,gaussian_matched,0.050000000000000003,7,19,0.02,0.44436230498268348,<1%,True,False,3,0.22457278449383811,0.49960147423460916,0.071791973102753426,0.021795616864333275,1.3612622497601254,1.3447739096504698,1.3434691669610217,0.99902976799290577,,1.0029403107784225,False,False,False,,-1,,,False,2,0.0047820816855216183,0.013781737143720951,0.0063160765794945421,0.22457278449383811
10000,0,multi,gaussian_matched,0.050000000000000003,7,19,0.050000000000000003,0.44436230498268348,<1%,True,False,3,0.22457278449383811,0.49960147423460916,0.071791973102753426,0.021795616864333275,1.3612622497601254,1.3447739096504698,1.3434691669610217,0.99902976799290577,,1.0029403107784225,False,False,False,,-1,,,False,2,0.0047820816855216183,0.013781737143720951,0.0063160765794945421,0.22457278449383811
10000,0,multi,gaussian_matched,0.050000000000000003,7,20,0.02,0.44436230498268348,<1%,True,False,1,0.22030008179500321,0.41937920339965373,0.21587256111435305,0.1844272739458814,1.3612622497601254,1.1946658714298077,1.2370654312737732,1.0354907266190005,,1.0442460337603152,False,False,False,,-1,,,False,2,0.17027169675856862,0.037785030246131154,0.22030008179500321,0.0040279770453911373
10000,0,multi,gaussian_matched,0.050000000000000003,7,20,0.050000000000000003,0.44436230498268348,<1%,True,False,2,0.22030008179500321,0.41937920339965373,0.21587256111435305,0.1844272739458814,1.3612622497601254,1.1946658714298077,1.2370654312737732,1.0354907266190005,,1.0442460337603152,False,False,False,,-1,,,False,2,0.17027169675856862,0.037785030246131154,0.22030008179500321,0.0040279770453911373
10000,0,multi,gaussian_matched,0.050000000000000003,7,21,0.02,0.44436230498268348,<1%,True,False,2,0.24099419623137025,0.54038283526399755,0.088683259553146321,0.055921086842221246,1.3612622497601254,1.3638832965652945,1.3353935236511043,0.97911128247853996,,1.022076834010857,False,False,False,,-1,,,False,2,0.010115711009055764,0.043851107600191445,0.0034860577046289484,0.24099419623137025
10000,0,multi,gaussian_matched,0.050000000000000003,7,21,0.050000000000000003,0.44436230498268348,<1%,True,False,3,0.24099419623137025,0.54038283526399755,0.088683259553146321,0.055921086842221246,1.3612622497601254,1.3638832965652945,1.3353935236511043,0.97911128247853996,,1.022076834010857,False,False,False,,-1,,,False,2,0.010115711009055764,0.043851107600191445,0.0034860577046289484,0.24099419623137025
10000,0,multi,gaussian_matched,0.050000000000000003,7,22,0.02,0.44436230498268348,<1%,True,False,2,0.23566692136404102,0.52376055315583048,0.060827598805904784,0.026111315213383571,1.3612622497601254,1.369550157178836,1.3485925224237838,0.98469743174779134,,1.0098743558630312,False,False,False,,-1,,,False,2,0.016630456498275797,0.027074916792594481,0.000680557166015325,0.23566692136404102
10000,0,multi,gaussian_matched,0.050000000000000003,7,22,0.050000000000000003,0.44436230498268348,<1%,True,False,3,0.23566692136404102,0.52376055315583048,0.060827598805904784,0.026111315213383571,1.3612622497601254,1.369550157178836,1.3485925224237838,0.98469743174779134,,1.0098743558630312,False,False,False,,-1,,,False,2,0.016630456498275797,0.027074916792594481,0.000680557166015325,0.23566692136404102
10000,0,multi,gaussian_matched,0.050000000000000003,7,23,0.02,0.44436230498268348,<1%,True,False,1,0.25098722673867352,0.53276951391803951,-0.033043101577888104,0.089274843948897648,1.3612622497601254,1.4469915122634127,1.349584199084422,0.93268287176983899,,1.0570035592237044,False,False,False,,-1,,,False,2,0.066990535724110137,0.058894040996309786,0.012364041923667114,0.25098722673867352
10000,0,multi,gaussian_matched,0.050000000000000003,7,23,0.050000000000000003,0.44436230498268348,<1%,True,False,1,0.25098722673867352,0.53276951391803951,-0.033043101577888104,0.089274843948897648,1.3612622497601254,1.4469915122634127,1.349584199084422,0.93268287176983899,,1.0570035592237044,False,False,False,,-1,,,False,2,0.066990535724110137,0.058894040996309786,0.012364041923667114,0.25098722673867352
10000,0,multi,gaussian_matched,0.050000000000000003,7,24,0.02,0.44436230498268348,<1%,True,False,1,0.23878822262357982,0.50844892171844536,-0.037779925951259716,0.088185597906988517,1.3612622497601254,1.4374744102896344,1.3650266846668255,0.94960068499013384,,1.0675476256172471,False,False,False,,-1,,,False,2,0.060426620805115794,0.050460797558231643,0.0026751115430416784,0.23878822262357982
10000,0,multi,gaussian_matched,0.050000000000000003,7,24,0.050000000000000003,0.44436230498268348,<1%,True,False,1,0.23878822262357982,0.50844892171844536,-0.037779925951259716,0.088185597906988517,1.3612622497601254,1.4374744102896344,1.3650266846668255,0.94960068499013384,,1.0675476256172471,False,False,False,,-1,,,False,2,0.060426620805115794,0.050460797558231643,0.0026751115430416784,0.23878822262357982
10000,0,multi,gaussian_matched,0.050000000000000003,7,25,0.02,0.44436230498268348,<1%,True,False,1,0.22959785593748031,0.49456691394015373,0.0057234758069147906,0.044608620453389453,1.3612622497601254,1.3933694269334336,1.3614083085631901,0.97706199249643044,,1.032877338120807,False,False,False,,-1,,,False,2,0.033586641094231262,0.022939906879016356,0.0045931073138138897,0.22959785593748031
10000,0,multi,gaussian_matched,0.050000000000000003,7,25,0.050000000000000003,0.44436230498268348,<1%,True,False,3,0.22959785593748031,0.49456691394015373,0.0057234758069147906,0.044608620453389453,1.3612622497601254,1.3933694269334336,1.3614083085631901,0.97706199249643044,,1.032877338120807,False,False,False,,-1,,,False,2,0.033586641094231262,0.022939906879016356,0.0045931073138138897,0.22959785593748031
10000,0,multi,gaussian_matched,0.050000000000000003,7,26,0.02,0.44436230498268348,<1%,True,False,1,0.22647047809470855,0.39371378226201736,0.083759504429501988,0.11151889624799656,1.3612622497601254,1.2770914629357357,1.2979265792622638,1.0163145059936687,,1.0353959905658336,False,False,False,,-1,,,False,2,0.14916865986245276,0.04206088400542065,0.22647047809470855,0.010421938130657357
10000,0,multi,gaussian_matched,0.050000000000000003,7,26,0.050000000000000003,0.44436230498268348,<1%,True,False,2,0.22647047809470855,0.39371378226201736,0.083759504429501988,0.11151889624799656,1.3612622497601254,1.2770914629357357,1.2979265792622638,1.0163145059936687,,1.0353959905658336,False,False,False,,-1,,,False,2,0.14916865986245276,0.04206088400542065,0.22647047809470855,0.010421938130657357
10000,0,multi,gaussian_matched,0.050000000000000003,7,27,0.02,0.44436230498268348,<1%,True,False,1,0.25864720908995409,0.56057288521663573,-0.00065639763423760294,0.078962934625973216,1.3612622497601254,1.4393400507857184,1.3343273249283851,0.92704105899088396,,1.0382204162375039,False,False,False,,-1,,,False,2,0.061493063692848529,0.062042453389224782,0.012869406841965574,0.25864720908995409
10000,0,multi,gaussian_matched,0.050000000000000003,7,27,0.050000000000000003,0.44436230498268348,<1%,True,False,1,0.25864720908995409,0.56057288521663573,-0.00065639763423760294,0.078962934625973216,1.3612622497601254,1.4393400507857184,1.3343273249283851,0.92704105899088396,,1.0382204162375039,False,False,False,,-1,,,False,2,0.061493063692848529,0.062042453389224782,0.012869406841965574,0.25864720908995409
10000,0,multi,gaussian_matched,0.050000000000000003,7,28,0.02,0.44436230498268348,<1%,True,False,1,0.22127982852075115,0.56960195153089621,0.19085531937299799,0.15711350245150316,1.3612622497601254,1.3459467748295122,1.3123520595403106,0.97504008634111339,,1.0794874846861839,False,False,False,,-1,,,False,2,0.019675624991848762,0.10284307339733467,0.022764283476876066,0.22127982852075115
10000,0,multi,gaussian_matched,0.050000000000000003,7,28,0.050000000000000003,0.44436230498268348,<1%,True,False,2,0.22127982852075115,0.56960195153089621,0.19085531937299799,0.15711350245150316,1.3612622497601254,1.3459467748295122,1.3123520595403106,0.97504008634111339,,1.0794874846861839,False,False,False,,-1,,,False,2,0.019675624991848762,0.10284307339733467,0.022764283476876066,0.22127982852075115
10000,0,multi,gaussian_matched,0.050000000000000003,7,29,0.02,0.44436230498268348,<1%,True,False,2,0.22802524198179522,0.5131609224476813,0.077165041539102738,0.030185250727715659,1.3612622497601254,1.3505887849503799,1.3473358785208731,0.99759149012212012,,1.0119439729496122,False,False,False,,-1,,,False,2,0.0061738177811925515,0.023591904933641113,0.0052190361500280566,0.22802524198179522
10000,0,multi,gaussian_matched,0.050000000000000003,7,29,0.050000000000000003,0.44436230498268348,<1%,True,False,3,0.22802524198179522,0.5131609224476813,0.077165041539102738,0.030185250727715659,1.3612622497601254,1.3505887849503799,1.3473358785208731,0.99759149012212012,,1.0119439729496122,False,False,False,,-1,,,False,2,0.0061738177811925515,0.023591904933641113,0.0052190361500280566,0.22802524198179522
10000,0,multi,gaussian_matched,0.050000000000000003,7,30,0.02,0.44436230498268348,<1%,True,False,1,0.22409029367397473,0.39840223837666427,0.12292984713650881,0.12506345497477148,1.3612622497601254,1.2432240133932779,1.2824759100072027,1.0315726660610343,,1.0339957383156726,False,False,False,,-1,,,False,2,0.15694163413871656,0.022284703249154266,0.22409029367397473,0.0075951286527668645
10000,0,multi,gaussian_matched,0.050000000000000003,7,30,0.050000000000000003,0.44436230498268348,<1%,True,False,2,0.22409029367397473,0.39840223837666427,0.12292984713650881,0.12506345497477148,1.3612622497601254,1.2432240133932779,1.2824759100072027,1.0315726660610343,,1.0339957383156726,False,False,False,,-1,,,False,2,0.15694163413871656,0.022284703249154266,0.22409029367397473,0.0075951286527668645
10000,0,multi,gaussian_matched,0.050000000000000003,7,31,0.02,0.44436230498268348,<1%,True,False,1,0.23002452907251497,0.40597071324522555,0.04376306171308611,0.094235906993069135,1.3612622497601254,1.3188607119437465,1.3172058712830705,0.99874524986172564,,1.0368624991436122,False,False,False,,-1,,,False,2,0.098300787936562911,0.029070840796405633,0.23002452907251497,0.0064876033657874166
10000,0,multi,gaussian_matched,0.050000000000000003,7,31,0.050000000000000003,0.44436230498268348,<1%,True,False,2,0.23002452907251497,0.40597071324522555,0.04376306171308611,0.094235906993069135,1.3612622497601254,1.3188607119437465,1.3172058712830705,0.99874524986172564,,1.0368624991436122,False,False,False,,-1,,,False,2,0.098300787936562911,0.029070840796405633,0.23002452907251497,0.0064876033657874166
