method,layout_index,gap_bin,initial_sigma,tolerance,n_trials,success_rate,mean_visited,mean_worst_distance,nonfinite_rate
learned_single,3,≥10%,0.0,0.02,1,1.0,4.0,0.012263193623372363,0.0
learned_single,3,≥10%,0.0,0.05,1,1.0,4.0,0.012263193623372363,0.0
learned_single,3,≥10%,0.01,0.02,20,1.0,4.0,0.012781540714218045,0.0
learned_single,3,≥10%,0.01,0.05,20,1.0,4.0,0.012781540714218045,0.0
learned_single,3,≥10%,0.05,0.02,20,0.4,3.25,0.02224155894366537,0.0
learned_single,3,≥10%,0.05,0.05,20,1.0,4.0,0.02224155894366537,0.0
learned_single,8,5–<10%,0.0,0.02,1,1.0,4.0,0.009384998302591091,0.0
learned_single,8,5–<10%,0.0,0.05,1,1.0,4.0,0.009384998302591091,0.0
learned_single,8,5–<10%,0.01,0.02,20,1.0,4.0,0.010287269715778504,0.0
learned_single,8,5–<10%,0.01,0.05,20,1.0,4.0,0.010287269715778504,0.0
learned_single,8,5–<10%,0.05,0.02,20,0.45,3.2,0.024780360606479226,0.0
learned_single,8,5–<10%,0.05,0.05,20,0.95,3.95,0.024780360606479226,0.0
learned_single,15,≥10%,0.0,0.02,1,1.0,4.0,0.008669755419021406,0.0
learned_single,15,≥10%,0.0,0.05,1,1.0,4.0,0.008669755419021406,0.0
learned_single,15,≥10%,0.01,0.02,20,1.0,4.0,0.010201745882272639,0.0
learned_single,15,≥10%,0.01,0.05,20,1.0,4.0,0.010201745882272639,0.0
learned_single,15,≥10%,0.05,0.02,20,0.35,3.1,0.03239739531192067,0.0
learned_single,15,≥10%,0.05,0.05,20,0.85,3.85,0.03239739531192067,0.0
learned_single,28,≥10%,0.0,0.02,1,0.0,3.0,0.02053508260285667,0.0
learned_single,28,≥10%,0.0,0.05,1,1.0,4.0,0.02053508260285667,0.0
learned_single,28,≥10%,0.01,0.02,20,0.45,3.45,0.020852922611317645,0.0
learned_single,28,≥10%,0.01,0.05,20,1.0,4.0,0.020852922611317645,0.0
learned_single,28,≥10%,0.05,0.02,20,0.35,2.8,0.03612093492129337,0.0
learned_single,28,≥10%,0.05,0.05,20,0.8,3.75,0.03612093492129337,0.0
learned_single,40,5–<10%,0.0,0.02,1,1.0,4.0,0.017529920049495953,0.0
learned_single,40,5–<10%,0.0,0.05,1,1.0,4.0,0.017529920049495953,0.0
learned_single,40,5–<10%,0.01,0.02,20,0.65,3.65,0.018558390233589486,0.0
learned_single,40,5–<10%,0.01,0.05,20,1.0,4.0,0.018558390233589486,0.0
learned_single,40,5–<10%,0.05,0.02,20,0.4,2.9,0.031994283471144254,0.0
learned_single,40,5–<10%,0.05,0.05,20,0.8,3.75,0.031994283471144254,0.0
learned_single,43,<1%,0.0,0.02,1,0.0,2.0,0.026532745624527596,0.0
learned_single,43,<1%,0.0,0.05,1,1.0,4.0,0.026532745624527596,0.0
learned_single,43,<1%,0.01,0.02,20,0.0,2.0,0.02645786186207042,0.0
learned_single,43,<1%,0.01,0.05,20,1.0,4.0,0.02645786186207042,0.0
learned_single,43,<1%,0.05,0.02,20,0.0,2.15,0.03182590537800816,0.0
learned_single,43,<1%,0.05,0.05,20,0.95,3.95,0.03182590537800816,0.0
learned_single,45,≥10%,0.0,0.02,1,1.0,4.0,0.015807192991048193,0.0
learned_single,45,≥10%,0.0,0.05,1,1.0,4.0,0.015807192991048193,0.0
learned_single,45,≥10%,0.01,0.02,20,0.85,3.85,0.015584862497370169,0.0
learned_single,45,≥10%,0.01,0.05,20,1.0,4.0,0.015584862497370169,0.0
learned_single,45,≥10%,0.05,0.02,20,0.3,2.95,0.03235367398785352,0.0
learned_single,45,≥10%,0.05,0.05,20,0.8,3.7,0.03235367398785352,0.0
learned_single,47,5–<10%,0.0,0.02,1,1.0,4.0,0.010979848015055946,0.0
learned_single,47,5–<10%,0.0,0.05,1,1.0,4.0,0.010979848015055946,0.0
learned_single,47,5–<10%,0.01,0.02,20,1.0,4.0,0.011857493206920668,0.0
learned_single,47,5–<10%,0.01,0.05,20,1.0,4.0,0.011857493206920668,0.0
learned_single,47,5–<10%,0.05,0.02,20,0.3,2.95,0.027327794846285024,0.0
learned_single,47,5–<10%,0.05,0.05,20,0.9,3.9,0.027327794846285024,0.0
learned_single,80,≥10%,0.0,0.02,1,1.0,4.0,0.002466841288975371,0.0
learned_single,80,≥10%,0.0,0.05,1,1.0,4.0,0.002466841288975371,0.0
learned_single,80,≥10%,0.01,0.02,20,1.0,4.0,0.00423797905352503,0.0
learned_single,80,≥10%,0.01,0.05,20,1.0,4.0,0.00423797905352503,0.0
learned_single,80,≥10%,0.05,0.02,20,0.65,3.65,0.019580019927957788,0.0
learned_single,80,≥10%,0.05,0.05,20,1.0,4.0,0.019580019927957788,0.0
learned_single,83,≥10%,0.0,0.02,1,1.0,4.0,0.004455570768712728,0.0
learned_single,83,≥10%,0.0,0.05,1,1.0,4.0,0.004455570768712728,0.0
learned_single,83,≥10%,0.01,0.02,20,1.0,4.0,0.007556457582332751,0.0
learned_single,83,≥10%,0.01,0.05,20,1.0,4.0,0.007556457582332751,0.0
learned_single,83,≥10%,0.05,0.02,20,0.3,3.2,0.02660258577072147,0.0
learned_single,83,≥10%,0.05,0.05,20,0.9,3.9,0.02660258577072147,0.0
learned_single,86,≥10%,0.0,0.02,1,1.0,4.0,0.008325201105465706,0.0
learned_single,86,≥10%,0.0,0.05,1,1.0,4.0,0.008325201105465706,0.0
learned_single,86,≥10%,0.01,0.02,20,1.0,4.0,0.008899666041194989,0.0
learned_single,86,≥10%,0.01,0.05,20,1.0,4.0,0.008899666041194989,0.0
learned_single,86,≥10%,0.05,0.02,20,0.7,3.5,0.018167827543444565,0.0
learned_single,86,≥10%,0.05,0.05,20,1.0,4.0,0.018167827543444565,0.0
learned_single,101,<1%,0.0,0.02,1,0.0,3.0,0.030991561815972457,0.0
learned_single,101,<1%,0.0,0.05,1,1.0,4.0,0.030991561815972457,0.0
learned_single,101,<1%,0.01,0.02,20,0.0,2.75,0.031182478974282158,0.0
learned_single,101,<1%,0.01,0.05,20,1.0,4.0,0.031182478974282158,0.0
learned_single,101,<1%,0.05,0.02,20,0.0,2.25,0.035529804082787025,0.0
learned_single,101,<1%,0.05,0.05,20,0.9,3.9,0.035529804082787025,0.0
learned_single,117,<1%,0.0,0.02,1,0.0,0.0,0.03409789031316815,0.0
learned_single,117,<1%,0.0,0.05,1,1.0,4.0,0.03409789031316815,0.0
learned_single,117,<1%,0.01,0.02,20,0.0,0.0,0.03689711891674552,0.0
learned_single,117,<1%,0.01,0.05,20,0.95,3.95,0.03689711891674552,0.0
learned_single,117,<1%,0.05,0.02,20,0.05,0.95,0.04987855540594029,0.0
learned_single,117,<1%,0.05,0.05,20,0.5,3.2,0.04987855540594029,0.0
learned_single,140,1–<5%,0.0,0.02,1,1.0,4.0,0.006014154699518148,0.0
learned_single,140,1–<5%,0.0,0.05,1,1.0,4.0,0.006014154699518148,0.0
learned_single,140,1–<5%,0.01,0.02,20,1.0,4.0,0.0062813748444436905,0.0
learned_single,140,1–<5%,0.01,0.05,20,1.0,4.0,0.0062813748444436905,0.0
learned_single,140,1–<5%,0.05,0.02,20,0.55,3.4,0.02032452712799191,0.0
learned_single,140,1–<5%,0.05,0.05,20,1.0,4.0,0.02032452712799191,0.0
learned_single,149,<1%,0.0,0.02,1,0.0,1.0,0.0726761472559956,0.0
learned_single,149,<1%,0.0,0.05,1,0.0,3.0,0.0726761472559956,0.0
learned_single,149,<1%,0.01,0.02,20,0.0,1.4,0.06310354479289548,0.0
learned_single,149,<1%,0.01,0.05,20,0.2,3.15,0.06310354479289548,0.0
learned_single,149,<1%,0.05,0.02,20,0.0,1.5,0.10156320857199183,0.0
learned_single,149,<1%,0.05,0.05,20,0.15,3.1,0.10156320857199183,0.0
learned_single,154,≥10%,0.0,0.02,1,1.0,4.0,0.015960738821464118,0.0
learned_single,154,≥10%,0.0,0.05,1,1.0,4.0,0.015960738821464118,0.0
learned_single,154,≥10%,0.01,0.02,20,1.0,4.0,0.01581239948611731,0.0
learned_single,154,≥10%,0.01,0.05,20,1.0,4.0,0.01581239948611731,0.0
learned_single,154,≥10%,0.05,0.02,20,0.15,2.55,0.0350895668893179,0.0
learned_single,154,≥10%,0.05,0.05,20,0.85,3.85,0.0350895668893179,0.0
learned_single,165,1–<5%,0.0,0.02,1,1.0,4.0,0.01585263519208466,0.0
learned_single,165,1–<5%,0.0,0.05,1,1.0,4.0,0.01585263519208466,0.0
learned_single,165,1–<5%,0.01,0.02,20,0.8,3.8,0.016840352406156178,0.0
learned_single,165,1–<5%,0.01,0.05,20,1.0,4.0,0.016840352406156178,0.0
learned_single,165,1–<5%,0.05,0.02,20,0.25,3.05,0.030316405024885917,0.0
learned_single,165,1–<5%,0.05,0.05,20,1.0,4.0,0.030316405024885917,0.0
learned_single,174,<1%,0.0,0.02,1,0.0,2.0,0.08162963539440779,0.0
learned_single,174,<1%,0.0,0.05,1,0.0,3.0,0.08162963539440779,0.0
learned_single,174,<1%,0.01,0.02,20,0.0,2.15,0.07997094319611735,0.0
learned_single,174,<1%,0.01,0.05,20,0.0,2.8,0.07997094319611735,0.0
learned_single,174,<1%,0.05,0.02,20,0.0,1.8,0.09516472579090965,0.0
learned_single,174,<1%,0.05,0.05,20,0.0,2.9,0.09516472579090965,0.0
learned_single,185,<1%,0.0,0.02,1,0.0,3.0,0.06305219960088419,0.0
learned_single,185,<1%,0.0,0.05,1,0.0,3.0,0.06305219960088419,0.0
learned_single,185,<1%,0.01,0.02,20,0.0,3.0,0.0652797590262557,0.0
learned_single,185,<1%,0.01,0.05,20,0.05,3.05,0.0652797590262557,0.0
learned_single,185,<1%,0.05,0.02,20,0.0,2.05,0.08667321389335716,0.0
learned_single,185,<1%,0.05,0.05,20,0.15,3.1,0.08667321389335716,0.0
learned_single,186,1–<5%,0.0,0.02,1,1.0,4.0,0.014431381675413331,0.0
learned_single,186,1–<5%,0.0,0.05,1,1.0,4.0,0.014431381675413331,0.0
learned_single,186,1–<5%,0.01,0.02,20,1.0,4.0,0.015176761613822929,0.0
learned_single,186,1–<5%,0.01,0.05,20,1.0,4.0,0.015176761613822929,0.0
learned_single,186,1–<5%,0.05,0.02,20,0.2,2.45,0.03129289692147512,0.0
learned_single,186,1–<5%,0.05,0.05,20,0.8,3.8,0.03129289692147512,0.0
learned_single,187,1–<5%,0.0,0.02,1,1.0,4.0,0.013378613311365325,0.0
learned_single,187,1–<5%,0.0,0.05,1,1.0,4.0,0.013378613311365325,0.0
learned_single,187,1–<5%,0.01,0.02,20,1.0,4.0,0.014056469734340233,0.0
learned_single,187,1–<5%,0.01,0.05,20,1.0,4.0,0.014056469734340233,0.0
learned_single,187,1–<5%,0.05,0.02,20,0.35,2.6,0.032377979927946776,0.0
learned_single,187,1–<5%,0.05,0.05,20,0.85,3.8,0.032377979927946776,0.0
learned_single,236,≥10%,0.0,0.02,1,1.0,4.0,0.018492952241632055,0.0
learned_single,236,≥10%,0.0,0.05,1,1.0,4.0,0.018492952241632055,0.0
learned_single,236,≥10%,0.01,0.02,20,0.65,3.65,0.018740997071107088,0.0
learned_single,236,≥10%,0.01,0.05,20,1.0,4.0,0.018740997071107088,0.0
learned_single,236,≥10%,0.05,0.02,20,0.2,2.15,0.030783871905015747,0.0
learned_single,236,≥10%,0.05,0.05,20,0.9,3.85,0.030783871905015747,0.0
learned_single,246,≥10%,0.0,0.02,1,1.0,4.0,0.0036730893311482304,0.0
learned_single,246,≥10%,0.0,0.05,1,1.0,4.0,0.0036730893311482304,0.0
learned_single,246,≥10%,0.01,0.02,20,1.0,4.0,0.005777372690559369,0.0
learned_single,246,≥10%,0.01,0.05,20,1.0,4.0,0.005777372690559369,0.0
learned_single,246,≥10%,0.05,0.02,20,0.6,3.45,0.022270664799539548,0.0
learned_single,246,≥10%,0.05,0.05,20,0.95,3.95,0.022270664799539548,0.0
learned_single,248,≥10%,0.0,0.02,1,1.0,4.0,0.013454455535790779,0.0
learned_single,248,≥10%,0.0,0.05,1,1.0,4.0,0.013454455535790779,0.0
learned_single,248,≥10%,0.01,0.02,20,1.0,4.0,0.014168231730404717,0.0
learned_single,248,≥10%,0.01,0.05,20,1.0,4.0,0.014168231730404717,0.0
learned_single,248,≥10%,0.05,0.02,20,0.3,2.95,0.02566239776392675,0.0
learned_single,248,≥10%,0.05,0.05,20,1.0,4.0,0.02566239776392675,0.0
learned_single,250,≥10%,0.0,0.02,1,1.0,4.0,0.012344716335765801,0.0
learned_single,250,≥10%,0.0,0.05,1,1.0,4.0,0.012344716335765801,0.0
learned_single,250,≥10%,0.01,0.02,20,1.0,4.0,0.011863105519949964,0.0
learned_single,250,≥10%,0.01,0.05,20,1.0,4.0,0.011863105519949964,0.0
learned_single,250,≥10%,0.05,0.02,20,0.5,3.15,0.02352916494526093,0.0
learned_single,250,≥10%,0.05,0.05,20,0.95,3.95,0.02352916494526093,0.0
learned_single,281,1–<5%,0.0,0.02,1,1.0,4.0,0.010266787172662818,0.0
learned_single,281,1–<5%,0.0,0.05,1,1.0,4.0,0.010266787172662818,0.0
learned_single,281,1–<5%,0.01,0.02,20,1.0,4.0,0.011677549049756715,0.0
learned_single,281,1–<5%,0.01,0.05,20,1.0,4.0,0.011677549049756715,0.0
learned_single,281,1–<5%,0.05,0.02,20,0.45,3.2,0.026574470569792442,0.0
learned_single,281,1–<5%,0.05,0.05,20,0.95,3.95,0.026574470569792442,0.0
learned_single,312,1–<5%,0.0,0.02,1,0.0,3.0,0.027077645406982556,0.0
learned_single,312,1–<5%,0.0,0.05,1,1.0,4.0,0.027077645406982556,0.0
learned_single,312,1–<5%,0.01,0.02,20,0.0,2.85,0.02683123773000943,0.0
learned_single,312,1–<5%,0.01,0.05,20,1.0,4.0,0.02683123773000943,0.0
learned_single,312,1–<5%,0.05,0.02,20,0.0,1.85,0.039037931574862225,0.0
learned_single,312,1–<5%,0.05,0.05,20,0.8,3.7,0.039037931574862225,0.0
learned_single,322,≥10%,0.0,0.02,1,1.0,4.0,0.015509964831643408,0.0
learned_single,322,≥10%,0.0,0.05,1,1.0,4.0,0.015509964831643408,0.0
learned_single,322,≥10%,0.01,0.02,20,0.85,3.85,0.014700032403809881,0.0
learned_single,322,≥10%,0.01,0.05,20,1.0,4.0,0.014700032403809881,0.0
learned_single,322,≥10%,0.05,0.02,20,0.15,2.65,0.03482566629919487,0.0
learned_single,322,≥10%,0.05,0.05,20,0.9,3.9,0.03482566629919487,0.0
learned_single,329,1–<5%,0.0,0.02,1,1.0,4.0,0.01124186358857023,0.0
learned_single,329,1–<5%,0.0,0.05,1,1.0,4.0,0.01124186358857023,0.0
learned_single,329,1–<5%,0.01,0.02,20,0.9,3.9,0.014025832597805817,0.0
learned_single,329,1–<5%,0.01,0.05,20,1.0,4.0,0.014025832597805817,0.0
learned_single,329,1–<5%,0.05,0.02,20,0.2,3.0,0.035482993626049966,0.0
learned_single,329,1–<5%,0.05,0.05,20,0.85,3.85,0.035482993626049966,0.0
learned_single,332,<1%,0.0,0.02,1,0.0,2.0,0.3617694128502443,0.0
learned_single,332,<1%,0.0,0.05,1,0.0,2.0,0.3617694128502443,0.0
learned_single,332,<1%,0.01,0.02,20,0.0,2.0,0.3618129085835677,0.0
learned_single,332,<1%,0.01,0.05,20,0.0,2.0,0.3618129085835677,0.0
learned_single,332,<1%,0.05,0.02,20,0.0,1.95,0.36081345365737094,0.0
learned_single,332,<1%,0.05,0.05,20,0.0,2.0,0.36081345365737094,0.0
learned_single,353,5–<10%,0.0,0.02,1,1.0,4.0,0.009820218185117706,0.0
learned_single,353,5–<10%,0.0,0.05,1,1.0,4.0,0.009820218185117706,0.0
learned_single,353,5–<10%,0.01,0.02,20,1.0,4.0,0.009605935752658676,0.0
learned_single,353,5–<10%,0.01,0.05,20,1.0,4.0,0.009605935752658676,0.0
learned_single,353,5–<10%,0.05,0.02,20,0.75,3.65,0.015819419212813057,0.0
learned_single,353,5–<10%,0.05,0.05,20,1.0,4.0,0.015819419212813057,0.0
learned_single,363,<1%,0.0,0.02,1,1.0,4.0,0.008624894145317155,0.0
learned_single,363,<1%,0.0,0.05,1,1.0,4.0,0.008624894145317155,0.0
learned_single,363,<1%,0.01,0.02,20,1.0,4.0,0.009561538440404155,0.0
learned_single,363,<1%,0.01,0.05,20,1.0,4.0,0.009561538440404155,0.0
learned_single,363,<1%,0.05,0.02,20,0.3,2.7,0.030684759635580594,0.0
learned_single,363,<1%,0.05,0.05,20,0.8,3.7,0.030684759635580594,0.0
learned_single,364,5–<10%,0.0,0.02,1,1.0,4.0,0.007020812187342445,0.0
learned_single,364,5–<10%,0.0,0.05,1,1.0,4.0,0.007020812187342445,0.0
learned_single,364,5–<10%,0.01,0.02,20,1.0,4.0,0.0077716961181398415,0.0
learned_single,364,5–<10%,0.01,0.05,20,1.0,4.0,0.0077716961181398415,0.0
learned_single,364,5–<10%,0.05,0.02,20,0.45,3.2,0.03297332605866831,0.0
learned_single,364,5–<10%,0.05,0.05,20,0.95,3.95,0.03297332605866831,0.0
learned_single,366,<1%,0.0,0.02,1,0.0,3.0,0.5035920047521689,0.0
learned_single,366,<1%,0.0,0.05,1,0.0,3.0,0.5035920047521689,0.0
learned_single,366,<1%,0.01,0.02,20,0.0,2.6,0.5047633728091331,0.0
learned_single,366,<1%,0.01,0.05,20,0.0,3.0,0.5047633728091331,0.0
learned_single,366,<1%,0.05,0.02,20,0.0,1.5,0.49829815897020857,0.0
learned_single,366,<1%,0.05,0.05,20,0.0,2.4,0.49829815897020857,0.0
learned_single,379,<1%,0.0,0.02,1,0.0,2.0,0.21739781584193993,0.0
learned_single,379,<1%,0.0,0.05,1,0.0,3.0,0.21739781584193993,0.0
learned_single,379,<1%,0.01,0.02,20,0.0,2.2,0.21904587843836998,0.0
learned_single,379,<1%,0.01,0.05,20,0.0,3.0,0.21904587843836998,0.0
learned_single,379,<1%,0.05,0.02,20,0.0,1.25,0.23547042641025367,0.0
learned_single,379,<1%,0.05,0.05,20,0.05,2.45,0.23547042641025367,0.0
learned_single,391,1–<5%,0.0,0.02,1,0.0,3.0,0.17150097058793817,0.0
learned_single,391,1–<5%,0.0,0.05,1,0.0,3.0,0.17150097058793817,0.0
learned_single,391,1–<5%,0.01,0.02,20,0.0,2.8,0.15303205851059054,0.0
learned_single,391,1–<5%,0.01,0.05,20,0.0,3.0,0.15303205851059054,0.0
learned_single,391,1–<5%,0.05,0.02,20,0.0,2.4,0.11542836179717389,0.0
learned_single,391,1–<5%,0.05,0.05,20,0.2,3.05,0.11542836179717389,0.0
learned_single,418,1–<5%,0.0,0.02,1,0.0,2.0,0.023180926262584,0.0
learned_single,418,1–<5%,0.0,0.05,1,1.0,4.0,0.023180926262584,0.0
learned_single,418,1–<5%,0.01,0.02,20,0.05,2.15,0.023185094034516192,0.0
learned_single,418,1–<5%,0.01,0.05,20,1.0,4.0,0.023185094034516192,0.0
learned_single,418,1–<5%,0.05,0.02,20,0.0,2.15,0.03142722339778375,0.0
learned_single,418,1–<5%,0.05,0.05,20,1.0,4.0,0.03142722339778375,0.0
learned_single,428,1–<5%,0.0,0.02,1,1.0,4.0,0.006086219581068822,0.0
learned_single,428,1–<5%,0.0,0.05,1,1.0,4.0,0.006086219581068822,0.0
learned_single,428,1–<5%,0.01,0.02,20,1.0,4.0,0.006214113136528978,0.0
learned_single,428,1–<5%,0.01,0.05,20,1.0,4.0,0.006214113136528978,0.0
learned_single,428,1–<5%,0.05,0.02,20,0.7,3.7,0.01592484125364353,0.0
learned_single,428,1–<5%,0.05,0.05,20,1.0,4.0,0.01592484125364353,0.0
learned_single,434,5–<10%,0.0,0.02,1,1.0,4.0,0.007347769662279314,0.0
learned_single,434,5–<10%,0.0,0.05,1,1.0,4.0,0.007347769662279314,0.0
learned_single,434,5–<10%,0.01,0.02,20,1.0,4.0,0.008904215701186484,0.0
learned_single,434,5–<10%,0.01,0.05,20,1.0,4.0,0.008904215701186484,0.0
learned_single,434,5–<10%,0.05,0.02,20,0.4,3.05,0.02718564486979058,0.0
learned_single,434,5–<10%,0.05,0.05,20,0.8,3.8,0.02718564486979058,0.0
learned_single,437,<1%,0.0,0.02,1,0.0,1.0,0.32003257989693584,0.0
learned_single,437,<1%,0.0,0.05,1,0.0,1.0,0.32003257989693584,0.0
learned_single,437,<1%,0.01,0.02,20,0.0,0.65,0.3195625323923056,0.0
learned_single,437,<1%,0.01,0.05,20,0.0,1.0,0.3195625323923056,0.0
learned_single,437,<1%,0.05,0.02,20,0.0,1.0,0.31591053463893515,0.0
learned_single,437,<1%,0.05,0.05,20,0.0,1.15,0.31591053463893515,0.0
learned_single,448,5–<10%,0.0,0.02,1,0.0,3.0,0.02249603893569743,0.0
learned_single,448,5–<10%,0.0,0.05,1,1.0,4.0,0.02249603893569743,0.0
learned_single,448,5–<10%,0.01,0.02,20,0.3,3.1,0.14796966733871914,0.0
learned_single,448,5–<10%,0.01,0.05,20,0.8,3.8,0.14796966733871914,0.0
learned_single,448,5–<10%,0.05,0.02,20,0.0,1.65,0.3269361361904094,0.0
learned_single,448,5–<10%,0.05,0.05,20,0.5,3.1,0.3269361361904094,0.0
learned_single,450,5–<10%,0.0,0.02,1,1.0,4.0,0.013004500430560796,0.0
learned_single,450,5–<10%,0.0,0.05,1,1.0,4.0,0.013004500430560796,0.0
learned_single,450,5–<10%,0.01,0.02,20,1.0,4.0,0.01343648459625435,0.0
learned_single,450,5–<10%,0.01,0.05,20,1.0,4.0,0.01343648459625435,0.0
learned_single,450,5–<10%,0.05,0.02,20,0.4,3.2,0.02701633480185342,0.0
learned_single,450,5–<10%,0.05,0.05,20,0.9,3.9,0.02701633480185342,0.0
learned_single,456,≥10%,0.0,0.02,1,1.0,4.0,0.014365359296872882,0.0
learned_single,456,≥10%,0.0,0.05,1,1.0,4.0,0.014365359296872882,0.0
learned_single,456,≥10%,0.01,0.02,20,1.0,4.0,0.014671065158918372,0.0
learned_single,456,≥10%,0.01,0.05,20,1.0,4.0,0.014671065158918372,0.0
learned_single,456,≥10%,0.05,0.02,20,0.2,2.8,0.02775917270850654,0.0
learned_single,456,≥10%,0.05,0.05,20,0.95,3.95,0.02775917270850654,0.0
learned_single,492,5–<10%,0.0,0.02,1,1.0,4.0,0.014853211727886869,0.0
learned_single,492,5–<10%,0.0,0.05,1,1.0,4.0,0.014853211727886869,0.0
learned_single,492,5–<10%,0.01,0.02,20,1.0,4.0,0.01489808707953973,0.0
learned_single,492,5–<10%,0.01,0.05,20,1.0,4.0,0.01489808707953973,0.0
learned_single,492,5–<10%,0.05,0.02,20,0.3,3.1,0.02400377589672093,0.0
learned_single,492,5–<10%,0.05,0.05,20,1.0,4.0,0.02400377589672093,0.0
learned_single,494,1–<5%,0.0,0.02,1,1.0,4.0,0.016035188433222932,0.0
learned_single,494,1–<5%,0.0,0.05,1,1.0,4.0,0.016035188433222932,0.0
learned_single,494,1–<5%,0.01,0.02,20,0.55,3.55,0.01871653821622001,0.0
learned_single,494,1–<5%,0.01,0.05,20,1.0,4.0,0.01871653821622001,0.0
learned_single,494,1–<5%,0.05,0.02,20,0.3,2.85,0.1070553163936168,0.0
learned_single,494,1–<5%,0.05,0.05,20,0.6,3.5,0.1070553163936168,0.0
learned_single,506,5–<10%,0.0,0.02,1,1.0,4.0,0.018264517568381447,0.0
learned_single,506,5–<10%,0.0,0.05,1,1.0,4.0,0.018264517568381447,0.0
learned_single,506,5–<10%,0.01,0.02,20,0.7,3.7,0.018988112805923316,0.0
learned_single,506,5–<10%,0.01,0.05,20,1.0,4.0,0.018988112805923316,0.0
learned_single,506,5–<10%,0.05,0.02,20,0.15,2.65,0.041106464945033144,0.0
learned_single,506,5–<10%,0.05,0.05,20,0.75,3.65,0.041106464945033144,0.0
learned_single,531,1–<5%,0.0,0.02,1,0.0,1.0,0.2333480668301795,0.0
learned_single,531,1–<5%,0.0,0.05,1,0.0,3.0,0.2333480668301795,0.0
learned_single,531,1–<5%,0.01,0.02,20,0.0,1.45,0.23307486548383918,0.0
learned_single,531,1–<5%,0.01,0.05,20,0.0,3.0,0.23307486548383918,0.0
learned_single,531,1–<5%,0.05,0.02,20,0.0,1.15,0.2440762763152017,0.0
learned_single,531,1–<5%,0.05,0.05,20,0.0,2.85,0.2440762763152017,0.0
learned_single,532,1–<5%,0.0,0.02,1,0.0,3.0,0.08825569273889892,0.0
learned_single,532,1–<5%,0.0,0.05,1,0.0,3.0,0.08825569273889892,0.0
learned_single,532,1–<5%,0.01,0.02,20,0.0,2.2,0.08327233998814831,0.0
learned_single,532,1–<5%,0.01,0.05,20,0.0,3.0,0.08327233998814831,0.0
learned_single,532,1–<5%,0.05,0.02,20,0.0,1.85,0.0912890947095087,0.0
learned_single,532,1–<5%,0.05,0.05,20,0.05,2.75,0.0912890947095087,0.0
learned_single,536,5–<10%,0.0,0.02,1,0.0,3.0,0.05105700611410982,0.0
learned_single,536,5–<10%,0.0,0.05,1,0.0,3.0,0.05105700611410982,0.0
learned_single,536,5–<10%,0.01,0.02,20,0.0,3.0,0.04884104452371251,0.0
learned_single,536,5–<10%,0.01,0.05,20,0.55,3.55,0.04884104452371251,0.0
learned_single,536,5–<10%,0.05,0.02,20,0.0,2.1,0.05290860255767312,0.0
learned_single,536,5–<10%,0.05,0.05,20,0.6,3.6,0.05290860255767312,0.0
learned_single,547,5–<10%,0.0,0.02,1,0.0,2.0,0.0307351371591284,0.0
learned_single,547,5–<10%,0.0,0.05,1,1.0,4.0,0.0307351371591284,0.0
learned_single,547,5–<10%,0.01,0.02,20,0.0,1.7,0.030272859537921682,0.0
learned_single,547,5–<10%,0.01,0.05,20,1.0,4.0,0.030272859537921682,0.0
learned_single,547,5–<10%,0.05,0.02,20,0.1,2.1,0.0359811330284589,0.0
learned_single,547,5–<10%,0.05,0.05,20,0.85,3.75,0.0359811330284589,0.0
learned_single,564,≥10%,0.0,0.02,1,1.0,4.0,0.0036185191371277056,0.0
learned_single,564,≥10%,0.0,0.05,1,1.0,4.0,0.0036185191371277056,0.0
learned_single,564,≥10%,0.01,0.02,20,1.0,4.0,0.0052501921348014615,0.0
learned_single,564,≥10%,0.01,0.05,20,1.0,4.0,0.0052501921348014615,0.0
learned_single,564,≥10%,0.05,0.02,20,0.45,3.35,0.02256952282944621,0.0
learned_single,564,≥10%,0.05,0.05,20,1.0,4.0,0.02256952282944621,0.0
learned_single,573,1–<5%,0.0,0.02,1,1.0,4.0,0.010709603213529881,0.0
learned_single,573,1–<5%,0.0,0.05,1,1.0,4.0,0.010709603213529881,0.0
learned_single,573,1–<5%,0.01,0.02,20,1.0,4.0,0.012154985454579811,0.0
learned_single,573,1–<5%,0.01,0.05,20,1.0,4.0,0.012154985454579811,0.0
learned_single,573,1–<5%,0.05,0.02,20,0.2,2.65,0.02488932945007439,0.0
learned_single,573,1–<5%,0.05,0.05,20,1.0,4.0,0.02488932945007439,0.0
learned_single,575,5–<10%,0.0,0.02,1,0.0,3.0,0.02366853030271309,0.0
learned_single,575,5–<10%,0.0,0.05,1,1.0,4.0,0.02366853030271309,0.0
learned_single,575,5–<10%,0.01,0.02,20,0.25,3.25,0.02272447202552503,0.0
learned_single,575,5–<10%,0.01,0.05,20,1.0,4.0,0.02272447202552503,0.0
learned_single,575,5–<10%,0.05,0.02,20,0.3,2.9,0.023997603424051946,0.0
learned_single,575,5–<10%,0.05,0.05,20,1.0,4.0,0.023997603424051946,0.0
learned_single,579,<1%,0.0,0.02,1,0.0,3.0,0.03252639194976419,0.0
learned_single,579,<1%,0.0,0.05,1,1.0,4.0,0.03252639194976419,0.0
learned_single,579,<1%,0.01,0.02,20,0.0,3.0,0.03292418122131495,0.0
learned_single,579,<1%,0.01,0.05,20,1.0,4.0,0.03292418122131495,0.0
learned_single,579,<1%,0.05,0.02,20,0.0,2.75,0.039321336639423554,0.0
learned_single,579,<1%,0.05,0.05,20,0.9,3.85,0.039321336639423554,0.0
learned_single,591,≥10%,0.0,0.02,1,1.0,4.0,0.01761947801107513,0.0
learned_single,591,≥10%,0.0,0.05,1,1.0,4.0,0.01761947801107513,0.0
learned_single,591,≥10%,0.01,0.02,20,0.9,3.9,0.017887693829275825,0.0
learned_single,591,≥10%,0.01,0.05,20,1.0,4.0,0.017887693829275825,0.0
learned_single,591,≥10%,0.05,0.02,20,0.2,2.4,0.030925954161279044,0.0
learned_single,591,≥10%,0.05,0.05,20,0.9,3.9,0.030925954161279044,0.0
learned_single,601,5–<10%,0.0,0.02,1,1.0,4.0,0.013487829314832942,0.0
learned_single,601,5–<10%,0.0,0.05,1,1.0,4.0,0.013487829314832942,0.0
learned_single,601,5–<10%,0.01,0.02,20,1.0,4.0,0.014538840322350255,0.0
learned_single,601,5–<10%,0.01,0.05,20,1.0,4.0,0.014538840322350255,0.0
learned_single,601,5–<10%,0.05,0.02,20,0.3,2.9,0.027997615483904188,0.0
learned_single,601,5–<10%,0.05,0.05,20,0.95,3.9,0.027997615483904188,0.0
learned_single,606,<1%,0.0,0.02,1,0.0,3.0,0.031046685146638123,0.0
learned_single,606,<1%,0.0,0.05,1,1.0,4.0,0.031046685146638123,0.0
learned_single,606,<1%,0.01,0.02,20,0.0,3.0,0.02900945943267714,0.0
learned_single,606,<1%,0.01,0.05,20,1.0,4.0,0.02900945943267714,0.0
learned_single,606,<1%,0.05,0.02,20,0.05,2.65,0.0343462201368407,0.0
learned_single,606,<1%,0.05,0.05,20,0.9,3.85,0.0343462201368407,0.0
learned_single,607,1–<5%,0.0,0.02,1,0.0,3.0,0.02900643660785216,0.0
learned_single,607,1–<5%,0.0,0.05,1,1.0,4.0,0.02900643660785216,0.0
learned_single,607,1–<5%,0.01,0.02,20,0.0,3.0,0.028906825782914286,0.0
learned_single,607,1–<5%,0.01,0.05,20,1.0,4.0,0.028906825782914286,0.0
learned_single,607,1–<5%,0.05,0.02,20,0.0,2.6,0.030705008872945284,0.0
learned_single,607,1–<5%,0.05,0.05,20,1.0,4.0,0.030705008872945284,0.0
learned_single,641,≥10%,0.0,0.02,1,0.0,3.0,0.0253102645513477,0.0
learned_single,641,≥10%,0.0,0.05,1,1.0,4.0,0.0253102645513477,0.0
learned_single,641,≥10%,0.01,0.02,20,0.0,2.7,0.025219914204755257,0.0
learned_single,641,≥10%,0.01,0.05,20,1.0,4.0,0.025219914204755257,0.0
learned_single,641,≥10%,0.05,0.02,20,0.05,2.05,0.043429267904665156,0.0
learned_single,641,≥10%,0.05,0.05,20,0.7,3.7,0.043429267904665156,0.0
learned_single,647,<1%,0.0,0.02,1,0.0,2.0,0.17771758678248664,0.0
learned_single,647,<1%,0.0,0.05,1,0.0,3.0,0.17771758678248664,0.0
learned_single,647,<1%,0.01,0.02,20,0.0,2.0,0.18009501858720028,0.0
learned_single,647,<1%,0.01,0.05,20,0.0,3.0,0.18009501858720028,0.0
learned_single,647,<1%,0.05,0.02,20,0.0,1.5,0.18348501387382013,0.0
learned_single,647,<1%,0.05,0.05,20,0.0,3.0,0.18348501387382013,0.0
learned_single,648,5–<10%,0.0,0.02,1,1.0,4.0,0.009708461285853454,0.0
learned_single,648,5–<10%,0.0,0.05,1,1.0,4.0,0.009708461285853454,0.0
learned_single,648,5–<10%,0.01,0.02,20,1.0,4.0,0.00932130883034563,0.0
learned_single,648,5–<10%,0.01,0.05,20,1.0,4.0,0.00932130883034563,0.0
learned_single,648,5–<10%,0.05,0.02,20,0.55,3.4,0.020179621028401068,0.0
learned_single,648,5–<10%,0.05,0.05,20,1.0,4.0,0.020179621028401068,0.0
learned_single,660,<1%,0.0,0.02,1,0.0,0.0,0.1737031399419869,0.0
learned_single,660,<1%,0.0,0.05,1,0.0,0.0,0.1737031399419869,0.0
learned_single,660,<1%,0.01,0.02,20,0.0,1.45,0.19728361504715966,0.0
learned_single,660,<1%,0.01,0.05,20,0.25,2.35,0.19728361504715966,0.0
learned_single,660,<1%,0.05,0.02,20,0.15,2.05,0.1891231382207148,0.0
learned_single,660,<1%,0.05,0.05,20,0.4,2.8,0.1891231382207148,0.0
learned_single,690,<1%,0.0,0.02,1,0.0,3.0,0.029699275766117538,0.0
learned_single,690,<1%,0.0,0.05,1,1.0,4.0,0.029699275766117538,0.0
learned_single,690,<1%,0.01,0.02,20,0.0,3.0,0.028754166964211503,0.0
learned_single,690,<1%,0.01,0.05,20,1.0,4.0,0.028754166964211503,0.0
learned_single,690,<1%,0.05,0.02,20,0.2,2.85,0.03415552711301566,0.0
learned_single,690,<1%,0.05,0.05,20,0.9,3.9,0.03415552711301566,0.0
learned_single,710,<1%,0.0,0.02,1,0.0,1.0,0.03462128791690902,0.0
learned_single,710,<1%,0.0,0.05,1,1.0,4.0,0.03462128791690902,0.0
learned_single,710,<1%,0.01,0.02,20,0.0,1.3,0.0357254869636653,0.0
learned_single,710,<1%,0.01,0.05,20,0.95,3.95,0.0357254869636653,0.0
learned_single,710,<1%,0.05,0.02,20,0.05,1.65,0.11810990108999872,0.0
learned_single,710,<1%,0.05,0.05,20,0.6,2.95,0.11810990108999872,0.0
learned_single,712,5–<10%,0.0,0.02,1,1.0,4.0,0.006194847131727483,0.0
learned_single,712,5–<10%,0.0,0.05,1,1.0,4.0,0.006194847131727483,0.0
learned_single,712,5–<10%,0.01,0.02,20,1.0,4.0,0.008608713992156222,0.0
learned_single,712,5–<10%,0.01,0.05,20,1.0,4.0,0.008608713992156222,0.0
learned_single,712,5–<10%,0.05,0.02,20,0.35,3.25,0.02523187725025819,0.0
learned_single,712,5–<10%,0.05,0.05,20,0.95,3.95,0.02523187725025819,0.0
learned_single,722,<1%,0.0,0.02,1,0.0,3.0,0.053756235386570976,0.0
learned_single,722,<1%,0.0,0.05,1,0.0,3.0,0.053756235386570976,0.0
learned_single,722,<1%,0.01,0.02,20,0.0,2.6,0.07899705128965018,0.0
learned_single,722,<1%,0.01,0.05,20,0.3,3.3,0.07899705128965018,0.0
learned_single,722,<1%,0.05,0.02,20,0.0,1.65,0.27456438612245493,0.0
learned_single,722,<1%,0.05,0.05,20,0.05,2.8,0.27456438612245493,0.0
learned_single,731,<1%,0.0,0.02,1,0.0,3.0,0.07441631317602991,0.0
learned_single,731,<1%,0.0,0.05,1,0.0,3.0,0.07441631317602991,0.0
learned_single,731,<1%,0.01,0.02,20,0.0,2.95,0.07615397321131977,0.0
learned_single,731,<1%,0.01,0.05,20,0.0,3.0,0.07615397321131977,0.0
learned_single,731,<1%,0.05,0.02,20,0.0,2.4,0.07629916639349413,0.0
learned_single,731,<1%,0.05,0.05,20,0.05,2.95,0.07629916639349413,0.0
learned_single,749,<1%,0.0,0.02,1,1.0,4.0,0.018680037402583102,0.0
learned_single,749,<1%,0.0,0.05,1,1.0,4.0,0.018680037402583102,0.0
learned_single,749,<1%,0.01,0.02,20,0.55,3.55,0.019479835072392235,0.0
learned_single,749,<1%,0.01,0.05,20,1.0,4.0,0.019479835072392235,0.0
learned_single,749,<1%,0.05,0.02,20,0.25,2.25,0.0338621370364563,0.0
learned_single,749,<1%,0.05,0.05,20,0.95,3.85,0.0338621370364563,0.0
learned_single,776,5–<10%,0.0,0.02,1,1.0,4.0,0.013309793465853847,0.0
learned_single,776,5–<10%,0.0,0.05,1,1.0,4.0,0.013309793465853847,0.0
learned_single,776,5–<10%,0.01,0.02,20,1.0,4.0,0.013692486561840755,0.0
learned_single,776,5–<10%,0.01,0.05,20,1.0,4.0,0.013692486561840755,0.0
learned_single,776,5–<10%,0.05,0.02,20,0.25,2.65,0.0329489629686241,0.0
learned_single,776,5–<10%,0.05,0.05,20,0.8,3.8,0.0329489629686241,0.0
learned_single,777,1–<5%,0.0,0.02,1,1.0,4.0,0.018286730495623394,0.0
learned_single,777,1–<5%,0.0,0.05,1,1.0,4.0,0.018286730495623394,0.0
learned_single,777,1–<5%,0.01,0.02,20,0.55,3.55,0.01852708781194771,0.0
learned_single,777,1–<5%,0.01,0.05,20,1.0,4.0,0.01852708781194771,0.0
learned_single,777,1–<5%,0.05,0.02,20,0.4,2.85,0.025552048598081495,0.0
learned_single,777,1–<5%,0.05,0.05,20,1.0,4.0,0.025552048598081495,0.0
learned_single,784,5–<10%,0.0,0.02,1,1.0,4.0,0.0027907715217059667,0.0
learned_single,784,5–<10%,0.0,0.05,1,1.0,4.0,0.0027907715217059667,0.0
learned_single,784,5–<10%,0.01,0.02,20,1.0,4.0,0.003996956495150942,0.0
learned_single,784,5–<10%,0.01,0.05,20,1.0,4.0,0.003996956495150942,0.0
learned_single,784,5–<10%,0.05,0.02,20,0.8,3.7,0.013150360424059176,0.0
learned_single,784,5–<10%,0.05,0.05,20,1.0,4.0,0.013150360424059176,0.0
learned_single,789,5–<10%,0.0,0.02,1,1.0,4.0,0.007243471642688439,0.0
learned_single,789,5–<10%,0.0,0.05,1,1.0,4.0,0.007243471642688439,0.0
learned_single,789,5–<10%,0.01,0.02,20,1.0,4.0,0.008137616943575024,0.0
learned_single,789,5–<10%,0.01,0.05,20,1.0,4.0,0.008137616943575024,0.0
learned_single,789,5–<10%,0.05,0.02,20,0.55,3.55,0.020555474738029492,0.0
learned_single,789,5–<10%,0.05,0.05,20,1.0,4.0,0.020555474738029492,0.0
learned_single,792,5–<10%,0.0,0.02,1,1.0,4.0,0.0027104079360105882,0.0
learned_single,792,5–<10%,0.0,0.05,1,1.0,4.0,0.0027104079360105882,0.0
learned_single,792,5–<10%,0.01,0.02,20,1.0,4.0,0.007398646114756833,0.0
learned_single,792,5–<10%,0.01,0.05,20,1.0,4.0,0.007398646114756833,0.0
learned_single,792,5–<10%,0.05,0.02,20,0.25,2.85,0.03269105985944716,0.0
learned_single,792,5–<10%,0.05,0.05,20,0.85,3.85,0.03269105985944716,0.0
learned_single,797,1–<5%,0.0,0.02,1,1.0,4.0,0.013311046527683907,0.0
learned_single,797,1–<5%,0.0,0.05,1,1.0,4.0,0.013311046527683907,0.0
learned_single,797,1–<5%,0.01,0.02,20,0.95,3.95,0.013582633345542081,0.0
learned_single,797,1–<5%,0.01,0.05,20,1.0,4.0,0.013582633345542081,0.0
learned_single,797,1–<5%,0.05,0.02,20,0.5,3.0,0.025863453297167095,0.0
learned_single,797,1–<5%,0.05,0.05,20,0.95,3.9,0.025863453297167095,0.0
learned_single,804,≥10%,0.0,0.02,1,1.0,4.0,0.008043673760173918,0.0
learned_single,804,≥10%,0.0,0.05,1,1.0,4.0,0.008043673760173918,0.0
learned_single,804,≥10%,0.01,0.02,20,1.0,4.0,0.00941839439731062,0.0
learned_single,804,≥10%,0.01,0.05,20,1.0,4.0,0.00941839439731062,0.0
learned_single,804,≥10%,0.05,0.02,20,0.55,3.25,0.021751610042821588,0.0
learned_single,804,≥10%,0.05,0.05,20,1.0,4.0,0.021751610042821588,0.0
learned_single,815,<1%,0.0,0.02,1,1.0,4.0,0.010531026913340078,0.0
learned_single,815,<1%,0.0,0.05,1,1.0,4.0,0.010531026913340078,0.0
learned_single,815,<1%,0.01,0.02,20,0.95,3.95,0.013619328321896874,0.0
learned_single,815,<1%,0.01,0.05,20,1.0,4.0,0.013619328321896874,0.0
learned_single,815,<1%,0.05,0.02,20,0.3,2.6,0.04160752602876776,0.0
learned_single,815,<1%,0.05,0.05,20,0.75,3.55,0.04160752602876776,0.0
learned_single,820,<1%,0.0,0.02,1,0.0,2.0,0.07918696770043107,0.0
learned_single,820,<1%,0.0,0.05,1,0.0,3.0,0.07918696770043107,0.0
learned_single,820,<1%,0.01,0.02,20,0.0,1.95,0.16657447434375602,0.0
learned_single,820,<1%,0.01,0.05,20,0.0,3.0,0.16657447434375602,0.0
learned_single,820,<1%,0.05,0.02,20,0.05,1.7,0.1697716252636726,0.0
learned_single,820,<1%,0.05,0.05,20,0.05,2.95,0.1697716252636726,0.0
learned_single,822,5–<10%,0.0,0.02,1,0.0,3.0,0.021408821869724377,0.0
learned_single,822,5–<10%,0.0,0.05,1,1.0,4.0,0.021408821869724377,0.0
learned_single,822,5–<10%,0.01,0.02,20,0.2,3.2,0.021494475363735815,0.0
learned_single,822,5–<10%,0.01,0.05,20,1.0,4.0,0.021494475363735815,0.0
learned_single,822,5–<10%,0.05,0.02,20,0.15,2.85,0.02735820918027529,0.0
learned_single,822,5–<10%,0.05,0.05,20,1.0,4.0,0.02735820918027529,0.0
learned_single,841,≥10%,0.0,0.02,1,1.0,4.0,0.008635907967477516,0.0
learned_single,841,≥10%,0.0,0.05,1,1.0,4.0,0.008635907967477516,0.0
learned_single,841,≥10%,0.01,0.02,20,1.0,4.0,0.009975943223470184,0.0
learned_single,841,≥10%,0.01,0.05,20,1.0,4.0,0.009975943223470184,0.0
learned_single,841,≥10%,0.05,0.02,20,0.3,2.95,0.027761562248498822,0.0
learned_single,841,≥10%,0.05,0.05,20,0.9,3.9,0.027761562248498822,0.0
learned_single,851,1–<5%,0.0,0.02,1,0.0,3.0,0.12280595630813933,0.0
learned_single,851,1–<5%,0.0,0.05,1,0.0,3.0,0.12280595630813933,0.0
learned_single,851,1–<5%,0.01,0.02,20,0.0,3.0,0.1224481606898538,0.0
learned_single,851,1–<5%,0.01,0.05,20,0.0,3.0,0.1224481606898538,0.0
learned_single,851,1–<5%,0.05,0.02,20,0.0,2.6,0.11964623180982636,0.0
learned_single,851,1–<5%,0.05,0.05,20,0.0,3.0,0.11964623180982636,0.0
learned_single,870,≥10%,0.0,0.02,1,1.0,4.0,0.010000106217633798,0.0
learned_single,870,≥10%,0.0,0.05,1,1.0,4.0,0.010000106217633798,0.0
learned_single,870,≥10%,0.01,0.02,20,1.0,4.0,0.010822545511287734,0.0
learned_single,870,≥10%,0.01,0.05,20,1.0,4.0,0.010822545511287734,0.0
learned_single,870,≥10%,0.05,0.02,20,0.45,3.2,0.02329331606711187,0.0
learned_single,870,≥10%,0.05,0.05,20,1.0,4.0,0.02329331606711187,0.0
learned_single,877,5–<10%,0.0,0.02,1,1.0,4.0,0.006754521505771787,0.0
learned_single,877,5–<10%,0.0,0.05,1,1.0,4.0,0.006754521505771787,0.0
learned_single,877,5–<10%,0.01,0.02,20,1.0,4.0,0.008261909989440392,0.0
learned_single,877,5–<10%,0.01,0.05,20,1.0,4.0,0.008261909989440392,0.0
learned_single,877,5–<10%,0.05,0.02,20,0.25,2.9,0.02893736935264794,0.0
learned_single,877,5–<10%,0.05,0.05,20,0.9,3.9,0.02893736935264794,0.0
learned_single,884,≥10%,0.0,0.02,1,1.0,4.0,0.004492690335372525,0.0
learned_single,884,≥10%,0.0,0.05,1,1.0,4.0,0.004492690335372525,0.0
learned_single,884,≥10%,0.01,0.02,20,1.0,4.0,0.006639813205424339,0.0
learned_single,884,≥10%,0.01,0.05,20,1.0,4.0,0.006639813205424339,0.0
learned_single,884,≥10%,0.05,0.02,20,0.55,3.35,0.027224449939370197,0.0
learned_single,884,≥10%,0.05,0.05,20,0.9,3.9,0.027224449939370197,0.0
learned_single,887,<1%,0.0,0.02,1,0.0,2.0,0.037453395576669136,0.0
learned_single,887,<1%,0.0,0.05,1,1.0,4.0,0.037453395576669136,0.0
learned_single,887,<1%,0.01,0.02,20,0.0,2.2,0.037742433600259626,0.0
learned_single,887,<1%,0.01,0.05,20,1.0,4.0,0.037742433600259626,0.0
learned_single,887,<1%,0.05,0.02,20,0.0,1.8,0.05680948845470661,0.0
learned_single,887,<1%,0.05,0.05,20,0.5,3.5,0.05680948845470661,0.0
learned_single,888,5–<10%,0.0,0.02,1,1.0,4.0,0.008269916333316,0.0
learned_single,888,5–<10%,0.0,0.05,1,1.0,4.0,0.008269916333316,0.0
learned_single,888,5–<10%,0.01,0.02,20,1.0,4.0,0.008614389612634495,0.0
learned_single,888,5–<10%,0.01,0.05,20,1.0,4.0,0.008614389612634495,0.0
learned_single,888,5–<10%,0.05,0.02,20,0.55,3.3,0.020916206174690366,0.0
learned_single,888,5–<10%,0.05,0.05,20,0.95,3.95,0.020916206174690366,0.0
learned_single,896,≥10%,0.0,0.02,1,1.0,4.0,0.008186779245866275,0.0
learned_single,896,≥10%,0.0,0.05,1,1.0,4.0,0.008186779245866275,0.0
learned_single,896,≥10%,0.01,0.02,20,1.0,4.0,0.008945256216014146,0.0
learned_single,896,≥10%,0.01,0.05,20,1.0,4.0,0.008945256216014146,0.0
learned_single,896,≥10%,0.05,0.02,20,0.4,3.35,0.030508129137827404,0.0
learned_single,896,≥10%,0.05,0.05,20,0.85,3.85,0.030508129137827404,0.0
learned_single,899,≥10%,0.0,0.02,1,0.0,2.0,0.03447881655830519,0.0
learned_single,899,≥10%,0.0,0.05,1,1.0,4.0,0.03447881655830519,0.0
learned_single,899,≥10%,0.01,0.02,20,0.0,1.95,0.033763849529126234,0.0
learned_single,899,≥10%,0.01,0.05,20,1.0,4.0,0.033763849529126234,0.0
learned_single,899,≥10%,0.05,0.02,20,0.0,1.45,0.046774354076146454,0.0
learned_single,899,≥10%,0.05,0.05,20,0.65,3.5,0.046774354076146454,0.0
learned_single,904,5–<10%,0.0,0.02,1,1.0,4.0,0.010194144967415069,0.0
learned_single,904,5–<10%,0.0,0.05,1,1.0,4.0,0.010194144967415069,0.0
learned_single,904,5–<10%,0.01,0.02,20,0.9,3.9,0.01301629069029966,0.0
learned_single,904,5–<10%,0.01,0.05,20,1.0,4.0,0.01301629069029966,0.0
learned_single,904,5–<10%,0.05,0.02,20,0.15,2.55,0.041963044788162276,0.0
learned_single,904,5–<10%,0.05,0.05,20,0.75,3.7,0.041963044788162276,0.0
learned_single,912,1–<5%,0.0,0.02,1,0.0,3.0,0.03464898147011888,0.0
learned_single,912,1–<5%,0.0,0.05,1,1.0,4.0,0.03464898147011888,0.0
learned_single,912,1–<5%,0.01,0.02,20,0.1,3.1,0.03316433388139165,0.0
learned_single,912,1–<5%,0.01,0.05,20,1.0,4.0,0.03316433388139165,0.0
learned_single,912,1–<5%,0.05,0.02,20,0.3,2.8,0.05874376090799457,0.0
learned_single,912,1–<5%,0.05,0.05,20,0.7,3.6,0.05874376090799457,0.0
learned_single,930,1–<5%,0.0,0.02,1,0.0,3.0,0.23597610986814752,0.0
learned_single,930,1–<5%,0.0,0.05,1,0.0,3.0,0.23597610986814752,0.0
learned_single,930,1–<5%,0.01,0.02,20,0.0,2.85,0.22405002743265823,0.0
learned_single,930,1–<5%,0.01,0.05,20,0.0,3.0,0.22405002743265823,0.0
learned_single,930,1–<5%,0.05,0.02,20,0.0,1.55,0.21295100719360066,0.0
learned_single,930,1–<5%,0.05,0.05,20,0.15,2.55,0.21295100719360066,0.0
learned_single,931,1–<5%,0.0,0.02,1,1.0,4.0,0.010708845367923618,0.0
learned_single,931,1–<5%,0.0,0.05,1,1.0,4.0,0.010708845367923618,0.0
learned_single,931,1–<5%,0.01,0.02,20,0.9,3.9,0.013341214952013616,0.0
learned_single,931,1–<5%,0.01,0.05,20,1.0,4.0,0.013341214952013616,0.0
learned_single,931,1–<5%,0.05,0.02,20,0.15,2.3,0.04287976913827256,0.0
learned_single,931,1–<5%,0.05,0.05,20,0.7,3.55,0.04287976913827256,0.0
learned_single,938,≥10%,0.0,0.02,1,1.0,4.0,0.004393630718244283,0.0
learned_single,938,≥10%,0.0,0.05,1,1.0,4.0,0.004393630718244283,0.0
learned_single,938,≥10%,0.01,0.02,20,1.0,4.0,0.005694152212013899,0.0
learned_single,938,≥10%,0.01,0.05,20,1.0,4.0,0.005694152212013899,0.0
learned_single,938,≥10%,0.05,0.02,20,0.6,3.35,0.019365964520900142,0.0
learned_single,938,≥10%,0.05,0.05,20,1.0,4.0,0.019365964520900142,0.0
learned_single,939,1–<5%,0.0,0.02,1,1.0,4.0,0.0049235381587140305,0.0
learned_single,939,1–<5%,0.0,0.05,1,1.0,4.0,0.0049235381587140305,0.0
learned_single,939,1–<5%,0.01,0.02,20,1.0,4.0,0.006534168848888078,0.0
learned_single,939,1–<5%,0.01,0.05,20,1.0,4.0,0.006534168848888078,0.0
learned_single,939,1–<5%,0.05,0.02,20,0.4,3.3,0.02497995434317275,0.0
learned_single,939,1–<5%,0.05,0.05,20,0.9,3.9,0.02497995434317275,0.0
learned_single,944,1–<5%,0.0,0.02,1,0.0,2.0,0.03204806394331498,0.0
learned_single,944,1–<5%,0.0,0.05,1,1.0,4.0,0.03204806394331498,0.0
learned_single,944,1–<5%,0.01,0.02,20,0.0,2.05,0.03642394514721882,0.0
learned_single,944,1–<5%,0.01,0.05,20,1.0,4.0,0.03642394514721882,0.0
learned_single,944,1–<5%,0.05,0.02,20,0.0,1.65,0.06840739458699743,0.0
learned_single,944,1–<5%,0.05,0.05,20,0.45,3.4,0.06840739458699743,0.0
learned_single,946,5–<10%,0.0,0.02,1,1.0,4.0,0.0033350429035184843,0.0
learned_single,946,5–<10%,0.0,0.05,1,1.0,4.0,0.0033350429035184843,0.0
learned_single,946,5–<10%,0.01,0.02,20,1.0,4.0,0.004390199918227819,0.0
learned_single,946,5–<10%,0.01,0.05,20,1.0,4.0,0.004390199918227819,0.0
learned_single,946,5–<10%,0.05,0.02,20,0.85,3.85,0.013219943267589396,0.0
learned_single,946,5–<10%,0.05,0.05,20,1.0,4.0,0.013219943267589396,0.0
learned_single,950,1–<5%,0.0,0.02,1,0.0,3.0,0.04641068623704322,0.0
learned_single,950,1–<5%,0.0,0.05,1,1.0,4.0,0.04641068623704322,0.0
learned_single,950,1–<5%,0.01,0.02,20,0.0,2.9,0.04500347744901784,0.0
learned_single,950,1–<5%,0.01,0.05,20,0.8,3.8,0.04500347744901784,0.0
learned_single,950,1–<5%,0.05,0.02,20,0.0,1.8,0.051044010177595064,0.0
learned_single,950,1–<5%,0.05,0.05,20,0.45,3.4,0.051044010177595064,0.0
learned_single,954,<1%,0.0,0.02,1,1.0,4.0,0.008681191774195983,0.0
learned_single,954,<1%,0.0,0.05,1,1.0,4.0,0.008681191774195983,0.0
learned_single,954,<1%,0.01,0.02,20,1.0,4.0,0.00953581877410482,0.0
learned_single,954,<1%,0.01,0.05,20,1.0,4.0,0.00953581877410482,0.0
learned_single,954,<1%,0.05,0.02,20,0.7,3.45,0.021835494588408912,0.0
learned_single,954,<1%,0.05,0.05,20,1.0,4.0,0.021835494588408912,0.0
learned_single,967,≥10%,0.0,0.02,1,1.0,4.0,0.011634901863892063,0.0
learned_single,967,≥10%,0.0,0.05,1,1.0,4.0,0.011634901863892063,0.0
learned_single,967,≥10%,0.01,0.02,20,1.0,4.0,0.011511639849753159,0.0
learned_single,967,≥10%,0.01,0.05,20,1.0,4.0,0.011511639849753159,0.0
learned_single,967,≥10%,0.05,0.02,20,0.35,2.9,0.02223671235162823,0.0
learned_single,967,≥10%,0.05,0.05,20,1.0,4.0,0.02223671235162823,0.0
learned_single,982,1–<5%,0.0,0.02,1,0.0,3.0,0.12732705185909546,0.0
learned_single,982,1–<5%,0.0,0.05,1,0.0,3.0,0.12732705185909546,0.0
learned_single,982,1–<5%,0.01,0.02,20,0.0,2.7,0.11735139023008852,0.0
learned_single,982,1–<5%,0.01,0.05,20,0.05,3.05,0.11735139023008852,0.0
learned_single,982,1–<5%,0.05,0.02,20,0.05,2.1,0.11430347817628972,0.0
learned_single,982,1–<5%,0.05,0.05,20,0.45,3.35,0.11430347817628972,0.0
learned_single,993,<1%,0.0,0.02,1,0.0,2.0,0.09813617462925478,0.0
learned_single,993,<1%,0.0,0.05,1,0.0,3.0,0.09813617462925478,0.0
learned_single,993,<1%,0.01,0.02,20,0.0,2.0,0.09878823374107884,0.0
learned_single,993,<1%,0.01,0.05,20,0.0,3.0,0.09878823374107884,0.0
learned_single,993,<1%,0.05,0.02,20,0.0,1.8,0.10320601529025228,0.0
learned_single,993,<1%,0.05,0.05,20,0.0,2.85,0.10320601529025228,0.0
learned_multi,3,≥10%,0.0,0.02,1,1.0,4.0,0.01161956421748755,0.0
learned_multi,3,≥10%,0.0,0.05,1,1.0,4.0,0.01161956421748755,0.0
learned_multi,3,≥10%,0.01,0.02,20,0.95,3.95,0.012416509158338371,0.0
learned_multi,3,≥10%,0.01,0.05,20,1.0,4.0,0.012416509158338371,0.0
learned_multi,3,≥10%,0.05,0.02,20,0.4,3.05,0.024505600017331732,0.0
learned_multi,3,≥10%,0.05,0.05,20,0.95,3.95,0.024505600017331732,0.0
learned_multi,8,5–<10%,0.0,0.02,1,1.0,4.0,0.014995241485159579,0.0
learned_multi,8,5–<10%,0.0,0.05,1,1.0,4.0,0.014995241485159579,0.0
learned_multi,8,5–<10%,0.01,0.02,20,0.55,3.5,0.051209377233358534,0.0
learned_multi,8,5–<10%,0.01,0.05,20,0.8,3.75,0.051209377233358534,0.0
learned_multi,8,5–<10%,0.05,0.02,20,0.1,2.6,0.17482278871283233,0.0
learned_multi,8,5–<10%,0.05,0.05,20,0.2,3.0,0.17482278871283233,0.0
learned_multi,15,≥10%,0.0,0.02,1,1.0,4.0,0.006586139455828046,0.0
learned_multi,15,≥10%,0.0,0.05,1,1.0,4.0,0.006586139455828046,0.0
learned_multi,15,≥10%,0.01,0.02,20,1.0,4.0,0.009722085152924938,0.0
learned_multi,15,≥10%,0.01,0.05,20,1.0,4.0,0.009722085152924938,0.0
learned_multi,15,≥10%,0.05,0.02,20,0.3,3.0,0.03401338577786365,0.0
learned_multi,15,≥10%,0.05,0.05,20,0.85,3.85,0.03401338577786365,0.0
learned_multi,28,≥10%,0.0,0.02,1,1.0,4.0,0.013047373404271012,0.0
learned_multi,28,≥10%,0.0,0.05,1,1.0,4.0,0.013047373404271012,0.0
learned_multi,28,≥10%,0.01,0.02,20,0.85,3.85,0.01655937709226111,0.0
learned_multi,28,≥10%,0.01,0.05,20,1.0,4.0,0.01655937709226111,0.0
learned_multi,28,≥10%,0.05,0.02,20,0.1,2.35,0.0698046551062546,0.0
learned_multi,28,≥10%,0.05,0.05,20,0.6,3.5,0.0698046551062546,0.0
learned_multi,40,5–<10%,0.0,0.02,1,1.0,4.0,0.011926070533558614,0.0
learned_multi,40,5–<10%,0.0,0.05,1,1.0,4.0,0.011926070533558614,0.0
learned_multi,40,5–<10%,0.01,0.02,20,0.9,3.9,0.01483625792480435,0.0
learned_multi,40,5–<10%,0.01,0.05,20,1.0,4.0,0.01483625792480435,0.0
learned_multi,40,5–<10%,0.05,0.02,20,0.25,2.25,0.07294147912671045,0.0
learned_multi,40,5–<10%,0.05,0.05,20,0.6,3.2,0.07294147912671045,0.0
learned_multi,43,<1%,0.0,0.02,1,0.0,1.0,0.3765254794122861,0.0
learned_multi,43,<1%,0.0,0.05,1,0.0,1.0,0.3765254794122861,0.0
learned_multi,43,<1%,0.01,0.02,20,0.0,1.1,0.34279893376873016,0.0
learned_multi,43,<1%,0.01,0.05,20,0.1,1.35,0.34279893376873016,0.0
learned_multi,43,<1%,0.05,0.02,20,0.0,1.4,0.39869209830503666,0.0
learned_multi,43,<1%,0.05,0.05,20,0.0,1.8,0.39869209830503666,0.0
learned_multi,45,≥10%,0.0,0.02,1,1.0,4.0,0.003583794766496552,0.0
learned_multi,45,≥10%,0.0,0.05,1,1.0,4.0,0.003583794766496552,0.0
learned_multi,45,≥10%,0.01,0.02,20,1.0,4.0,0.006382989172579243,0.0
learned_multi,45,≥10%,0.01,0.05,20,1.0,4.0,0.006382989172579243,0.0
learned_multi,45,≥10%,0.05,0.02,20,0.25,3.0,0.03373223076601525,0.0
learned_multi,45,≥10%,0.05,0.05,20,0.8,3.75,0.03373223076601525,0.0
learned_multi,47,5–<10%,0.0,0.02,1,1.0,4.0,0.0054577002009843,0.0
learned_multi,47,5–<10%,0.0,0.05,1,1.0,4.0,0.0054577002009843,0.0
learned_multi,47,5–<10%,0.01,0.02,20,1.0,4.0,0.008227078728246871,0.0
learned_multi,47,5–<10%,0.01,0.05,20,1.0,4.0,0.008227078728246871,0.0
learned_multi,47,5–<10%,0.05,0.02,20,0.3,2.95,0.036964358088354944,0.0
learned_multi,47,5–<10%,0.05,0.05,20,0.9,3.85,0.036964358088354944,0.0
learned_multi,80,≥10%,0.0,0.02,1,1.0,4.0,0.013626146448519293,0.0
learned_multi,80,≥10%,0.0,0.05,1,1.0,4.0,0.013626146448519293,0.0
learned_multi,80,≥10%,0.01,0.02,20,1.0,4.0,0.013323424266334155,0.0
learned_multi,80,≥10%,0.01,0.05,20,1.0,4.0,0.013323424266334155,0.0
learned_multi,80,≥10%,0.05,0.02,20,0.4,3.35,0.023164997348652346,0.0
learned_multi,80,≥10%,0.05,0.05,20,1.0,4.0,0.023164997348652346,0.0
learned_multi,83,≥10%,0.0,0.02,1,1.0,4.0,0.006317385579167141,0.0
learned_multi,83,≥10%,0.0,0.05,1,1.0,4.0,0.006317385579167141,0.0
learned_multi,83,≥10%,0.01,0.02,20,1.0,4.0,0.007296336886645663,0.0
learned_multi,83,≥10%,0.01,0.05,20,1.0,4.0,0.007296336886645663,0.0
learned_multi,83,≥10%,0.05,0.02,20,0.5,3.4,0.0234628584456367,0.0
learned_multi,83,≥10%,0.05,0.05,20,0.95,3.95,0.0234628584456367,0.0
learned_multi,86,≥10%,0.0,0.02,1,1.0,4.0,0.01733010265099503,0.0
learned_multi,86,≥10%,0.0,0.05,1,1.0,4.0,0.01733010265099503,0.0
learned_multi,86,≥10%,0.01,0.02,20,0.9,3.9,0.017646332291619535,0.0
learned_multi,86,≥10%,0.01,0.05,20,1.0,4.0,0.017646332291619535,0.0
learned_multi,86,≥10%,0.05,0.02,20,0.3,2.8,0.05381518820086932,0.0
learned_multi,86,≥10%,0.05,0.05,20,0.85,3.8,0.05381518820086932,0.0
learned_multi,101,<1%,0.0,0.02,1,1.0,4.0,0.019914028548192436,0.0
learned_multi,101,<1%,0.0,0.05,1,1.0,4.0,0.019914028548192436,0.0
learned_multi,101,<1%,0.01,0.02,20,0.65,3.6,0.024734549379064275,0.0
learned_multi,101,<1%,0.01,0.05,20,0.9,3.9,0.024734549379064275,0.0
learned_multi,101,<1%,0.05,0.02,20,0.2,2.65,0.17715885900715203,0.0
learned_multi,101,<1%,0.05,0.05,20,0.35,3.35,0.17715885900715203,0.0
learned_multi,117,<1%,0.0,0.02,1,0.0,3.0,0.04050865025348949,0.0
learned_multi,117,<1%,0.0,0.05,1,1.0,4.0,0.04050865025348949,0.0
learned_multi,117,<1%,0.01,0.02,20,0.15,2.75,0.036123327492571695,0.0
learned_multi,117,<1%,0.01,0.05,20,0.85,3.8,0.036123327492571695,0.0
learned_multi,117,<1%,0.05,0.02,20,0.45,2.85,0.11176306199424493,0.0
learned_multi,117,<1%,0.05,0.05,20,0.7,3.45,0.11176306199424493,0.0
learned_multi,140,1–<5%,0.0,0.02,1,1.0,4.0,0.01069395659988914,0.0
learned_multi,140,1–<5%,0.0,0.05,1,1.0,4.0,0.01069395659988914,0.0
learned_multi,140,1–<5%,0.01,0.02,20,1.0,4.0,0.012350142129926354,0.0
learned_multi,140,1–<5%,0.01,0.05,20,1.0,4.0,0.012350142129926354,0.0
learned_multi,140,1–<5%,0.05,0.02,20,0.45,3.1,0.03614593459987044,0.0
learned_multi,140,1–<5%,0.05,0.05,20,0.85,3.85,0.03614593459987044,0.0
learned_multi,149,<1%,0.0,0.02,1,0.0,2.0,0.09049817285323672,0.0
learned_multi,149,<1%,0.0,0.05,1,0.0,3.0,0.09049817285323672,0.0
learned_multi,149,<1%,0.01,0.02,20,0.0,2.0,0.10308930358983008,0.0
learned_multi,149,<1%,0.01,0.05,20,0.0,2.55,0.10308930358983008,0.0
learned_multi,149,<1%,0.05,0.02,20,0.0,1.75,0.12691085641370498,0.0
learned_multi,149,<1%,0.05,0.05,20,0.0,2.25,0.12691085641370498,0.0
learned_multi,154,≥10%,0.0,0.02,1,1.0,4.0,0.01764035901981421,0.0
learned_multi,154,≥10%,0.0,0.05,1,1.0,4.0,0.01764035901981421,0.0
learned_multi,154,≥10%,0.01,0.02,20,0.95,3.95,0.01752034924770693,0.0
learned_multi,154,≥10%,0.01,0.05,20,1.0,4.0,0.01752034924770693,0.0
learned_multi,154,≥10%,0.05,0.02,20,0.1,2.45,0.03543120767206223,0.0
learned_multi,154,≥10%,0.05,0.05,20,0.8,3.8,0.03543120767206223,0.0
learned_multi,165,1–<5%,0.0,0.02,1,0.0,3.0,0.13779707446457373,0.0
learned_multi,165,1–<5%,0.0,0.05,1,0.0,3.0,0.13779707446457373,0.0
learned_multi,165,1–<5%,0.01,0.02,20,0.0,2.8,0.13020741615129858,0.0
learned_multi,165,1–<5%,0.01,0.05,20,0.05,3.05,0.13020741615129858,0.0
learned_multi,165,1–<5%,0.05,0.02,20,0.0,1.9,0.12897937753181282,0.0
learned_multi,165,1–<5%,0.05,0.05,20,0.25,2.9,0.12897937753181282,0.0
learned_multi,174,<1%,0.0,0.02,1,0.0,2.0,0.07599623273351415,0.0
learned_multi,174,<1%,0.0,0.05,1,0.0,3.0,0.07599623273351415,0.0
learned_multi,174,<1%,0.01,0.02,20,0.0,2.35,0.0687559931488392,0.0
learned_multi,174,<1%,0.01,0.05,20,0.15,3.15,0.0687559931488392,0.0
learned_multi,174,<1%,0.05,0.02,20,0.0,2.1,0.08396715161257365,0.0
learned_multi,174,<1%,0.05,0.05,20,0.0,2.9,0.08396715161257365,0.0
learned_multi,185,<1%,0.0,0.02,1,0.0,2.0,0.10114275136003438,0.0
learned_multi,185,<1%,0.0,0.05,1,0.0,3.0,0.10114275136003438,0.0
learned_multi,185,<1%,0.01,0.02,20,0.0,2.0,0.13993306841070635,0.0
learned_multi,185,<1%,0.01,0.05,20,0.2,2.9,0.13993306841070635,0.0
learned_multi,185,<1%,0.05,0.02,20,0.0,1.2,0.25382178937041305,0.0
learned_multi,185,<1%,0.05,0.05,20,0.0,2.05,0.25382178937041305,0.0
learned_multi,186,1–<5%,0.0,0.02,1,0.0,3.0,0.23688630659389198,0.0
learned_multi,186,1–<5%,0.0,0.05,1,0.0,3.0,0.23688630659389198,0.0
learned_multi,186,1–<5%,0.01,0.02,20,0.25,2.85,0.1302262891778676,0.0
learned_multi,186,1–<5%,0.01,0.05,20,0.45,3.45,0.1302262891778676,0.0
learned_multi,186,1–<5%,0.05,0.02,20,0.0,1.8,0.18802569336731276,0.0
learned_multi,186,1–<5%,0.05,0.05,20,0.3,3.05,0.18802569336731276,0.0
learned_multi,187,1–<5%,0.0,0.02,1,0.0,2.0,0.26250558425462567,0.0
learned_multi,187,1–<5%,0.0,0.05,1,0.0,2.0,0.26250558425462567,0.0
learned_multi,187,1–<5%,0.01,0.02,20,0.0,2.75,0.2690966456902735,0.0
learned_multi,187,1–<5%,0.01,0.05,20,0.0,2.75,0.2690966456902735,0.0
learned_multi,187,1–<5%,0.05,0.02,20,0.0,1.85,0.24938268267913383,0.0
learned_multi,187,1–<5%,0.05,0.05,20,0.0,2.75,0.24938268267913383,0.0
learned_multi,236,≥10%,0.0,0.02,1,1.0,4.0,0.012175554751231558,0.0
learned_multi,236,≥10%,0.0,0.05,1,1.0,4.0,0.012175554751231558,0.0
learned_multi,236,≥10%,0.01,0.02,20,0.9,3.9,0.015514516713782326,0.0
learned_multi,236,≥10%,0.01,0.05,20,1.0,4.0,0.015514516713782326,0.0
learned_multi,236,≥10%,0.05,0.02,20,0.2,2.6,0.039386127653310087,0.0
learned_multi,236,≥10%,0.05,0.05,20,0.75,3.65,0.039386127653310087,0.0
learned_multi,246,≥10%,0.0,0.02,1,1.0,4.0,0.006782856474978049,0.0
learned_multi,246,≥10%,0.0,0.05,1,1.0,4.0,0.006782856474978049,0.0
learned_multi,246,≥10%,0.01,0.02,20,1.0,4.0,0.008283875866277789,0.0
learned_multi,246,≥10%,0.01,0.05,20,1.0,4.0,0.008283875866277789,0.0
learned_multi,246,≥10%,0.05,0.02,20,0.45,3.25,0.0249137585039376,0.0
learned_multi,246,≥10%,0.05,0.05,20,0.95,3.95,0.0249137585039376,0.0
learned_multi,248,≥10%,0.0,0.02,1,1.0,4.0,0.009470287591953001,0.0
learned_multi,248,≥10%,0.0,0.05,1,1.0,4.0,0.009470287591953001,0.0
learned_multi,248,≥10%,0.01,0.02,20,1.0,4.0,0.009855128928671786,0.0
learned_multi,248,≥10%,0.01,0.05,20,1.0,4.0,0.009855128928671786,0.0
learned_multi,248,≥10%,0.05,0.02,20,0.35,2.9,0.0330479539968356,0.0
learned_multi,248,≥10%,0.05,0.05,20,0.85,3.8,0.0330479539968356,0.0
learned_multi,250,≥10%,0.0,0.02,1,1.0,4.0,0.004814354166795599,0.0
learned_multi,250,≥10%,0.0,0.05,1,1.0,4.0,0.004814354166795599,0.0
learned_multi,250,≥10%,0.01,0.02,20,1.0,4.0,0.0067558091681524475,0.0
learned_multi,250,≥10%,0.01,0.05,20,1.0,4.0,0.0067558091681524475,0.0
learned_multi,250,≥10%,0.05,0.02,20,0.4,3.0,0.034022102324171195,0.0
learned_multi,250,≥10%,0.05,0.05,20,0.85,3.8,0.034022102324171195,0.0
learned_multi,281,1–<5%,0.0,0.02,1,0.0,3.0,0.037357048459138974,0.0
learned_multi,281,1–<5%,0.0,0.05,1,1.0,4.0,0.037357048459138974,0.0
learned_multi,281,1–<5%,0.01,0.02,20,0.0,3.0,0.038062655214713546,0.0
learned_multi,281,1–<5%,0.01,0.05,20,1.0,4.0,0.038062655214713546,0.0
learned_multi,281,1–<5%,0.05,0.02,20,0.05,2.55,0.061380249076479695,0.0
learned_multi,281,1–<5%,0.05,0.05,20,0.75,3.6,0.061380249076479695,0.0
learned_multi,312,1–<5%,0.0,0.02,1,0.0,2.0,0.029375671376609732,0.0
learned_multi,312,1–<5%,0.0,0.05,1,1.0,4.0,0.029375671376609732,0.0
learned_multi,312,1–<5%,0.01,0.02,20,0.05,2.25,0.03575888891685137,0.0
learned_multi,312,1–<5%,0.01,0.05,20,0.9,3.85,0.03575888891685137,0.0
learned_multi,312,1–<5%,0.05,0.02,20,0.0,1.65,0.36083872526418664,0.0
learned_multi,312,1–<5%,0.05,0.05,20,0.15,2.4,0.36083872526418664,0.0
learned_multi,322,≥10%,0.0,0.02,1,1.0,4.0,0.006739588424774662,0.0
learned_multi,322,≥10%,0.0,0.05,1,1.0,4.0,0.006739588424774662,0.0
learned_multi,322,≥10%,0.01,0.02,20,1.0,4.0,0.009345010133667491,0.0
learned_multi,322,≥10%,0.01,0.05,20,1.0,4.0,0.009345010133667491,0.0
learned_multi,322,≥10%,0.05,0.02,20,0.2,2.7,0.05475434572412432,0.0
learned_multi,322,≥10%,0.05,0.05,20,0.8,3.65,0.05475434572412432,0.0
learned_multi,329,1–<5%,0.0,0.02,1,1.0,4.0,0.015991317459375803,0.0
learned_multi,329,1–<5%,0.0,0.05,1,1.0,4.0,0.015991317459375803,0.0
learned_multi,329,1–<5%,0.01,0.02,20,0.6,3.6,0.020255842864773273,0.0
learned_multi,329,1–<5%,0.01,0.05,20,1.0,4.0,0.020255842864773273,0.0
learned_multi,329,1–<5%,0.05,0.02,20,0.05,2.3,0.17560945063383135,0.0
learned_multi,329,1–<5%,0.05,0.05,20,0.25,3.25,0.17560945063383135,0.0
learned_multi,332,<1%,0.0,0.02,1,0.0,2.0,0.16302978694155146,0.0
learned_multi,332,<1%,0.0,0.05,1,0.0,3.0,0.16302978694155146,0.0
learned_multi,332,<1%,0.01,0.02,20,0.0,1.75,0.23375087360734081,0.0
learned_multi,332,<1%,0.01,0.05,20,0.0,2.8,0.23375087360734081,0.0
learned_multi,332,<1%,0.05,0.02,20,0.0,1.75,0.31719419020733636,0.0
learned_multi,332,<1%,0.05,0.05,20,0.0,2.45,0.31719419020733636,0.0
learned_multi,353,5–<10%,0.0,0.02,1,1.0,4.0,0.0035105345650251747,0.0
learned_multi,353,5–<10%,0.0,0.05,1,1.0,4.0,0.0035105345650251747,0.0
learned_multi,353,5–<10%,0.01,0.02,20,1.0,4.0,0.00402538340166691,0.0
learned_multi,353,5–<10%,0.01,0.05,20,1.0,4.0,0.00402538340166691,0.0
learned_multi,353,5–<10%,0.05,0.02,20,0.8,3.6,0.02057295277864938,0.0
learned_multi,353,5–<10%,0.05,0.05,20,0.95,3.95,0.02057295277864938,0.0
learned_multi,363,<1%,0.0,0.02,1,0.0,3.0,0.06129343033420025,0.0
learned_multi,363,<1%,0.0,0.05,1,0.0,3.0,0.06129343033420025,0.0
learned_multi,363,<1%,0.01,0.02,20,0.0,2.9,0.06420438712546005,0.0
learned_multi,363,<1%,0.01,0.05,20,0.0,3.0,0.06420438712546005,0.0
learned_multi,363,<1%,0.05,0.02,20,0.0,1.65,0.08014858690466445,0.0
learned_multi,363,<1%,0.05,0.05,20,0.15,3.0,0.08014858690466445,0.0
learned_multi,364,5–<10%,0.0,0.02,1,1.0,4.0,0.010902083657358714,0.0
learned_multi,364,5–<10%,0.0,0.05,1,1.0,4.0,0.010902083657358714,0.0
learned_multi,364,5–<10%,0.01,0.02,20,0.8,3.8,0.01433995804100709,0.0
learned_multi,364,5–<10%,0.01,0.05,20,1.0,4.0,0.01433995804100709,0.0
learned_multi,364,5–<10%,0.05,0.02,20,0.15,2.6,0.07551113881452948,0.0
learned_multi,364,5–<10%,0.05,0.05,20,0.65,3.5,0.07551113881452948,0.0
learned_multi,366,<1%,0.0,0.02,1,0.0,2.0,0.35021470750186984,0.0
learned_multi,366,<1%,0.0,0.05,1,0.0,2.0,0.35021470750186984,0.0
learned_multi,366,<1%,0.01,0.02,20,0.0,1.45,0.2144066000847816,0.0
learned_multi,366,<1%,0.01,0.05,20,0.1,2.55,0.2144066000847816,0.0
learned_multi,366,<1%,0.05,0.02,20,0.0,1.0,0.3680599717147869,0.0
learned_multi,366,<1%,0.05,0.05,20,0.15,2.45,0.3680599717147869,0.0
learned_multi,379,<1%,0.0,0.02,1,0.0,1.0,0.25570778614195583,0.0
learned_multi,379,<1%,0.0,0.05,1,0.0,2.0,0.25570778614195583,0.0
learned_multi,379,<1%,0.01,0.02,20,0.0,0.85,0.24359010178430882,0.0
learned_multi,379,<1%,0.01,0.05,20,0.0,1.35,0.24359010178430882,0.0
learned_multi,379,<1%,0.05,0.02,20,0.0,1.05,0.24080283762906102,0.0
learned_multi,379,<1%,0.05,0.05,20,0.0,2.15,0.24080283762906102,0.0
learned_multi,391,1–<5%,0.0,0.02,1,0.0,3.0,0.18849936788323488,0.0
learned_multi,391,1–<5%,0.0,0.05,1,0.0,3.0,0.18849936788323488,0.0
learned_multi,391,1–<5%,0.01,0.02,20,0.0,2.9,0.20010911214601249,0.0
learned_multi,391,1–<5%,0.01,0.05,20,0.0,3.0,0.20010911214601249,0.0
learned_multi,391,1–<5%,0.05,0.02,20,0.05,2.55,0.16253650836010292,0.0
learned_multi,391,1–<5%,0.05,0.05,20,0.3,3.15,0.16253650836010292,0.0
learned_multi,418,1–<5%,0.0,0.02,1,1.0,4.0,0.019899209618151368,0.0
learned_multi,418,1–<5%,0.0,0.05,1,1.0,4.0,0.019899209618151368,0.0
learned_multi,418,1–<5%,0.01,0.02,20,0.6,3.6,0.019378486157087992,0.0
learned_multi,418,1–<5%,0.01,0.05,20,1.0,4.0,0.019378486157087992,0.0
learned_multi,418,1–<5%,0.05,0.02,20,0.25,2.25,0.06676595456781367,0.0
learned_multi,418,1–<5%,0.05,0.05,20,0.7,3.65,0.06676595456781367,0.0
learned_multi,428,1–<5%,0.0,0.02,1,1.0,4.0,0.014954344411408924,0.0
learned_multi,428,1–<5%,0.0,0.05,1,1.0,4.0,0.014954344411408924,0.0
learned_multi,428,1–<5%,0.01,0.02,20,0.65,3.55,0.0312843939818533,0.0
learned_multi,428,1–<5%,0.01,0.05,20,0.95,3.9,0.0312843939818533,0.0
learned_multi,428,1–<5%,0.05,0.02,20,0.15,2.35,0.22288053044340322,0.0
learned_multi,428,1–<5%,0.05,0.05,20,0.35,2.7,0.22288053044340322,0.0
learned_multi,434,5–<10%,0.0,0.02,1,1.0,4.0,0.016484585595549456,0.0
learned_multi,434,5–<10%,0.0,0.05,1,1.0,4.0,0.016484585595549456,0.0
learned_multi,434,5–<10%,0.01,0.02,20,0.75,3.75,0.01638195271580551,0.0
learned_multi,434,5–<10%,0.01,0.05,20,1.0,4.0,0.01638195271580551,0.0
learned_multi,434,5–<10%,0.05,0.02,20,0.35,2.7,0.02899984198850452,0.0
learned_multi,434,5–<10%,0.05,0.05,20,0.95,3.95,0.02899984198850452,0.0
learned_multi,437,<1%,0.0,0.02,1,0.0,2.0,0.23878852474463153,0.0
learned_multi,437,<1%,0.0,0.05,1,0.0,2.0,0.23878852474463153,0.0
learned_multi,437,<1%,0.01,0.02,20,0.0,1.4,0.24016099916333666,0.0
learned_multi,437,<1%,0.01,0.05,20,0.0,2.0,0.24016099916333666,0.0
learned_multi,437,<1%,0.05,0.02,20,0.0,1.25,0.26414041205428546,0.0
learned_multi,437,<1%,0.05,0.05,20,0.05,1.9,0.26414041205428546,0.0
learned_multi,448,5–<10%,0.0,0.02,1,0.0,3.0,0.34365371279782053,0.0
learned_multi,448,5–<10%,0.0,0.05,1,0.0,3.0,0.34365371279782053,0.0
learned_multi,448,5–<10%,0.01,0.02,20,0.0,2.75,0.34358510544490717,0.0
learned_multi,448,5–<10%,0.01,0.05,20,0.0,3.0,0.34358510544490717,0.0
learned_multi,448,5–<10%,0.05,0.02,20,0.0,1.7,0.24155789196498775,0.0
learned_multi,448,5–<10%,0.05,0.05,20,0.25,3.0,0.24155789196498775,0.0
learned_multi,450,5–<10%,0.0,0.02,1,1.0,4.0,0.01031539467337179,0.0
learned_multi,450,5–<10%,0.0,0.05,1,1.0,4.0,0.01031539467337179,0.0
learned_multi,450,5–<10%,0.01,0.02,20,1.0,4.0,0.01052358805483846,0.0
learned_multi,450,5–<10%,0.01,0.05,20,1.0,4.0,0.01052358805483846,0.0
learned_multi,450,5–<10%,0.05,0.02,20,0.35,3.05,0.03054052850869481,0.0
learned_multi,450,5–<10%,0.05,0.05,20,0.9,3.9,0.03054052850869481,0.0
learned_multi,456,≥10%,0.0,0.02,1,1.0,4.0,0.016356163947558913,0.0
learned_multi,456,≥10%,0.0,0.05,1,1.0,4.0,0.016356163947558913,0.0
learned_multi,456,≥10%,0.01,0.02,20,0.8,3.8,0.017495739471076015,0.0
learned_multi,456,≥10%,0.01,0.05,20,1.0,4.0,0.017495739471076015,0.0
learned_multi,456,≥10%,0.05,0.02,20,0.15,2.9,0.03082560230977145,0.0
learned_multi,456,≥10%,0.05,0.05,20,0.9,3.9,0.03082560230977145,0.0
learned_multi,492,5–<10%,0.0,0.02,1,0.0,2.0,0.15594440042553256,0.0
learned_multi,492,5–<10%,0.0,0.05,1,0.0,3.0,0.15594440042553256,0.0
learned_multi,492,5–<10%,0.01,0.02,20,0.0,2.2,0.15620944791528452,0.0
learned_multi,492,5–<10%,0.01,0.05,20,0.0,3.0,0.15620944791528452,0.0
learned_multi,492,5–<10%,0.05,0.02,20,0.0,1.7,0.13169965572386255,0.0
learned_multi,492,5–<10%,0.05,0.05,20,0.2,2.9,0.13169965572386255,0.0
learned_multi,494,1–<5%,0.0,0.02,1,1.0,4.0,0.01706069903108921,0.0
learned_multi,494,1–<5%,0.0,0.05,1,1.0,4.0,0.01706069903108921,0.0
learned_multi,494,1–<5%,0.01,0.02,20,0.45,3.4,0.04670547780431537,0.0
learned_multi,494,1–<5%,0.01,0.05,20,0.85,3.85,0.04670547780431537,0.0
learned_multi,494,1–<5%,0.05,0.02,20,0.25,2.3,0.2119981569920252,0.0
learned_multi,494,1–<5%,0.05,0.05,20,0.45,3.2,0.2119981569920252,0.0
learned_multi,506,5–<10%,0.0,0.02,1,0.0,3.0,0.14664402214939848,0.0
learned_multi,506,5–<10%,0.0,0.05,1,0.0,3.0,0.14664402214939848,0.0
learned_multi,506,5–<10%,0.01,0.02,20,0.05,3.05,0.13051607075517174,0.0
learned_multi,506,5–<10%,0.01,0.05,20,0.15,3.15,0.13051607075517174,0.0
learned_multi,506,5–<10%,0.05,0.02,20,0.05,1.9,0.17932498062357866,0.0
learned_multi,506,5–<10%,0.05,0.05,20,0.25,2.85,0.17932498062357866,0.0
learned_multi,531,1–<5%,0.0,0.02,1,0.0,2.0,0.03659782841834357,0.0
learned_multi,531,1–<5%,0.0,0.05,1,1.0,4.0,0.03659782841834357,0.0
learned_multi,531,1–<5%,0.01,0.02,20,0.0,2.0,0.04405867294546565,0.0
learned_multi,531,1–<5%,0.01,0.05,20,0.8,3.75,0.04405867294546565,0.0
learned_multi,531,1–<5%,0.05,0.02,20,0.0,2.1,0.18236406624034512,0.0
learned_multi,531,1–<5%,0.05,0.05,20,0.35,3.1,0.18236406624034512,0.0
learned_multi,532,1–<5%,0.0,0.02,1,0.0,1.0,0.07845113060511719,0.0
learned_multi,532,1–<5%,0.0,0.05,1,0.0,3.0,0.07845113060511719,0.0
learned_multi,532,1–<5%,0.01,0.02,20,0.0,1.15,0.07220358303458418,0.0
learned_multi,532,1–<5%,0.01,0.05,20,0.2,3.2,0.07220358303458418,0.0
learned_multi,532,1–<5%,0.05,0.02,20,0.0,1.35,0.10727801672478779,0.0
learned_multi,532,1–<5%,0.05,0.05,20,0.2,2.9,0.10727801672478779,0.0
learned_multi,536,5–<10%,0.0,0.02,1,0.0,3.0,0.09884153609538986,0.0
learned_multi,536,5–<10%,0.0,0.05,1,0.0,3.0,0.09884153609538986,0.0
learned_multi,536,5–<10%,0.01,0.02,20,0.0,3.0,0.09649384255164681,0.0
learned_multi,536,5–<10%,0.01,0.05,20,0.0,3.0,0.09649384255164681,0.0
learned_multi,536,5–<10%,0.05,0.02,20,0.0,2.65,0.11205506340411993,0.0
learned_multi,536,5–<10%,0.05,0.05,20,0.05,3.05,0.11205506340411993,0.0
learned_multi,547,5–<10%,0.0,0.02,1,0.0,2.0,0.08059532574052877,0.0
learned_multi,547,5–<10%,0.0,0.05,1,0.0,3.0,0.08059532574052877,0.0
learned_multi,547,5–<10%,0.01,0.02,20,0.0,1.95,0.0802791797471317,0.0
learned_multi,547,5–<10%,0.01,0.05,20,0.0,2.95,0.0802791797471317,0.0
learned_multi,547,5–<10%,0.05,0.02,20,0.0,1.65,0.08532650224709303,0.0
learned_multi,547,5–<10%,0.05,0.05,20,0.25,2.9,0.08532650224709303,0.0
learned_multi,564,≥10%,0.0,0.02,1,1.0,4.0,0.009100978744281483,0.0
learned_multi,564,≥10%,0.0,0.05,1,1.0,4.0,0.009100978744281483,0.0
learned_multi,564,≥10%,0.01,0.02,20,1.0,4.0,0.008147368831329996,0.0
learned_multi,564,≥10%,0.01,0.05,20,1.0,4.0,0.008147368831329996,0.0
learned_multi,564,≥10%,0.05,0.02,20,0.5,3.4,0.021590494852625576,0.0
learned_multi,564,≥10%,0.05,0.05,20,1.0,4.0,0.021590494852625576,0.0
learned_multi,573,1–<5%,0.0,0.02,1,0.0,3.0,0.024627902724527,0.0
learned_multi,573,1–<5%,0.0,0.05,1,1.0,4.0,0.024627902724527,0.0
learned_multi,573,1–<5%,0.01,0.02,20,0.3,3.3,0.03156625848160876,0.0
learned_multi,573,1–<5%,0.01,0.05,20,0.85,3.85,0.03156625848160876,0.0
learned_multi,573,1–<5%,0.05,0.02,20,0.05,2.35,0.18390491798082662,0.0
learned_multi,573,1–<5%,0.05,0.05,20,0.2,3.2,0.18390491798082662,0.0
learned_multi,575,5–<10%,0.0,0.02,1,0.0,3.0,0.030229270370168232,0.0
learned_multi,575,5–<10%,0.0,0.05,1,1.0,4.0,0.030229270370168232,0.0
learned_multi,575,5–<10%,0.01,0.02,20,0.0,3.0,0.03230625541160888,0.0
learned_multi,575,5–<10%,0.01,0.05,20,0.9,3.9,0.03230625541160888,0.0
learned_multi,575,5–<10%,0.05,0.02,20,0.2,2.55,0.09523145995827834,0.0
learned_multi,575,5–<10%,0.05,0.05,20,0.4,2.9,0.09523145995827834,0.0
learned_multi,579,<1%,0.0,0.02,1,0.0,3.0,0.024751955805483533,0.0
learned_multi,579,<1%,0.0,0.05,1,1.0,4.0,0.024751955805483533,0.0
learned_multi,579,<1%,0.01,0.02,20,0.35,2.25,0.13154359032416593,0.0
learned_multi,579,<1%,0.01,0.05,20,0.45,3.25,0.13154359032416593,0.0
learned_multi,579,<1%,0.05,0.02,20,0.2,2.35,0.07857413682959834,0.0
learned_multi,579,<1%,0.05,0.05,20,0.55,3.3,0.07857413682959834,0.0
learned_multi,591,≥10%,0.0,0.02,1,1.0,4.0,0.008801411460834923,0.0
learned_multi,591,≥10%,0.0,0.05,1,1.0,4.0,0.008801411460834923,0.0
learned_multi,591,≥10%,0.01,0.02,20,1.0,4.0,0.009823483041173427,0.0
learned_multi,591,≥10%,0.01,0.05,20,1.0,4.0,0.009823483041173427,0.0
learned_multi,591,≥10%,0.05,0.02,20,0.3,2.8,0.02869698888804261,0.0
learned_multi,591,≥10%,0.05,0.05,20,0.95,3.95,0.02869698888804261,0.0
learned_multi,601,5–<10%,0.0,0.02,1,1.0,4.0,0.015691390623728256,0.0
learned_multi,601,5–<10%,0.0,0.05,1,1.0,4.0,0.015691390623728256,0.0
learned_multi,601,5–<10%,0.01,0.02,20,0.95,3.95,0.016661328925793643,0.0
learned_multi,601,5–<10%,0.01,0.05,20,1.0,4.0,0.016661328925793643,0.0
learned_multi,601,5–<10%,0.05,0.02,20,0.15,2.25,0.07189011329008307,0.0
learned_multi,601,5–<10%,0.05,0.05,20,0.6,3.3,0.07189011329008307,0.0
learned_multi,606,<1%,0.0,0.02,1,0.0,2.0,0.024424765300633394,0.0
learned_multi,606,<1%,0.0,0.05,1,1.0,4.0,0.024424765300633394,0.0
learned_multi,606,<1%,0.01,0.02,20,0.0,2.5,0.027922202114852173,0.0
learned_multi,606,<1%,0.01,0.05,20,1.0,4.0,0.027922202114852173,0.0
learned_multi,606,<1%,0.05,0.02,20,0.0,2.0,0.0932852858241337,0.0
learned_multi,606,<1%,0.05,0.05,20,0.6,3.3,0.0932852858241337,0.0
learned_multi,607,1–<5%,0.0,0.02,1,0.0,1.0,0.1790423745508132,0.0
learned_multi,607,1–<5%,0.0,0.05,1,0.0,2.0,0.1790423745508132,0.0
learned_multi,607,1–<5%,0.01,0.02,20,0.0,1.15,0.20640394884441943,0.0
learned_multi,607,1–<5%,0.01,0.05,20,0.0,2.0,0.20640394884441943,0.0
learned_multi,607,1–<5%,0.05,0.02,20,0.0,1.2,0.28672747368334306,0.0
learned_multi,607,1–<5%,0.05,0.05,20,0.0,1.95,0.28672747368334306,0.0
learned_multi,641,≥10%,0.0,0.02,1,1.0,4.0,0.011540175578668283,0.0
learned_multi,641,≥10%,0.0,0.05,1,1.0,4.0,0.011540175578668283,0.0
learned_multi,641,≥10%,0.01,0.02,20,1.0,4.0,0.012122694166409018,0.0
learned_multi,641,≥10%,0.01,0.05,20,1.0,4.0,0.012122694166409018,0.0
learned_multi,641,≥10%,0.05,0.02,20,0.3,3.05,0.03845845069856489,0.0
learned_multi,641,≥10%,0.05,0.05,20,0.8,3.7,0.03845845069856489,0.0
learned_multi,647,<1%,0.0,0.02,1,0.0,2.0,0.1744741713539224,0.0
learned_multi,647,<1%,0.0,0.05,1,0.0,2.0,0.1744741713539224,0.0
learned_multi,647,<1%,0.01,0.02,20,0.0,2.2,0.17345372490458036,0.0
learned_multi,647,<1%,0.01,0.05,20,0.15,2.5,0.17345372490458036,0.0
learned_multi,647,<1%,0.05,0.02,20,0.0,1.85,0.23993806362670078,0.0
learned_multi,647,<1%,0.05,0.05,20,0.05,2.55,0.23993806362670078,0.0
learned_multi,648,5–<10%,0.0,0.02,1,1.0,4.0,0.009930410975277247,0.0
learned_multi,648,5–<10%,0.0,0.05,1,1.0,4.0,0.009930410975277247,0.0
learned_multi,648,5–<10%,0.01,0.02,20,1.0,4.0,0.011649314742282785,0.0
learned_multi,648,5–<10%,0.01,0.05,20,1.0,4.0,0.011649314742282785,0.0
learned_multi,648,5–<10%,0.05,0.02,20,0.25,2.8,0.05166803369559049,0.0
learned_multi,648,5–<10%,0.05,0.05,20,0.8,3.7,0.05166803369559049,0.0
learned_multi,660,<1%,0.0,0.02,1,1.0,4.0,0.016707247253562197,0.0
learned_multi,660,<1%,0.0,0.05,1,1.0,4.0,0.016707247253562197,0.0
learned_multi,660,<1%,0.01,0.02,20,0.6,3.4,0.027536388265274957,0.0
learned_multi,660,<1%,0.01,0.05,20,0.9,3.9,0.027536388265274957,0.0
learned_multi,660,<1%,0.05,0.02,20,0.15,2.25,0.16712621273903008,0.0
learned_multi,660,<1%,0.05,0.05,20,0.35,3.0,0.16712621273903008,0.0
learned_multi,690,<1%,0.0,0.02,1,0.0,3.0,0.0753915525412211,0.0
learned_multi,690,<1%,0.0,0.05,1,0.0,3.0,0.0753915525412211,0.0
learned_multi,690,<1%,0.01,0.02,20,0.0,2.95,0.0758422005829161,0.0
learned_multi,690,<1%,0.01,0.05,20,0.0,3.0,0.0758422005829161,0.0
learned_multi,690,<1%,0.05,0.02,20,0.0,1.9,0.10490379970804002,0.0
learned_multi,690,<1%,0.05,0.05,20,0.05,2.65,0.10490379970804002,0.0
learned_multi,710,<1%,0.0,0.02,1,0.0,3.0,0.2562334866895569,0.0
learned_multi,710,<1%,0.0,0.05,1,0.0,3.0,0.2562334866895569,0.0
learned_multi,710,<1%,0.01,0.02,20,0.0,2.45,0.2553401283520608,0.0
learned_multi,710,<1%,0.01,0.05,20,0.0,3.0,0.2553401283520608,0.0
learned_multi,710,<1%,0.05,0.02,20,0.0,1.4,0.2702822882911225,0.0
learned_multi,710,<1%,0.05,0.05,20,0.0,2.65,0.2702822882911225,0.0
learned_multi,712,5–<10%,0.0,0.02,1,1.0,4.0,0.010705322051454406,0.0
learned_multi,712,5–<10%,0.0,0.05,1,1.0,4.0,0.010705322051454406,0.0
learned_multi,712,5–<10%,0.01,0.02,20,1.0,4.0,0.012061946912280661,0.0
learned_multi,712,5–<10%,0.01,0.05,20,1.0,4.0,0.012061946912280661,0.0
learned_multi,712,5–<10%,0.05,0.02,20,0.2,2.8,0.02604418211641573,0.0
learned_multi,712,5–<10%,0.05,0.05,20,1.0,4.0,0.02604418211641573,0.0
learned_multi,722,<1%,0.0,0.02,1,0.0,1.0,0.33151780655304397,0.0
learned_multi,722,<1%,0.0,0.05,1,0.0,3.0,0.33151780655304397,0.0
learned_multi,722,<1%,0.01,0.02,20,0.0,1.35,0.20392264629946308,0.0
learned_multi,722,<1%,0.01,0.05,20,0.35,2.9,0.20392264629946308,0.0
learned_multi,722,<1%,0.05,0.02,20,0.05,1.9,0.18323534174287123,0.0
learned_multi,722,<1%,0.05,0.05,20,0.3,2.95,0.18323534174287123,0.0
learned_multi,731,<1%,0.0,0.02,1,0.0,3.0,0.07192692966582351,0.0
learned_multi,731,<1%,0.0,0.05,1,0.0,3.0,0.07192692966582351,0.0
learned_multi,731,<1%,0.01,0.02,20,0.0,3.0,0.0691794388981468,0.0
learned_multi,731,<1%,0.01,0.05,20,0.05,3.05,0.0691794388981468,0.0
learned_multi,731,<1%,0.05,0.02,20,0.05,2.35,0.08355520760483935,0.0
learned_multi,731,<1%,0.05,0.05,20,0.1,3.1,0.08355520760483935,0.0
learned_multi,749,<1%,0.0,0.02,1,0.0,1.0,0.05193555557121465,0.0
learned_multi,749,<1%,0.0,0.05,1,0.0,2.0,0.05193555557121465,0.0
learned_multi,749,<1%,0.01,0.02,20,0.0,0.95,0.09365028933629448,0.0
learned_multi,749,<1%,0.01,0.05,20,0.05,2.55,0.09365028933629448,0.0
learned_multi,749,<1%,0.05,0.02,20,0.0,1.5,0.315753579622389,0.0
learned_multi,749,<1%,0.05,0.05,20,0.0,2.05,0.315753579622389,0.0
learned_multi,776,5–<10%,0.0,0.02,1,1.0,4.0,0.007130263984923058,0.0
learned_multi,776,5–<10%,0.0,0.05,1,1.0,4.0,0.007130263984923058,0.0
learned_multi,776,5–<10%,0.01,0.02,20,1.0,4.0,0.010459105284537602,0.0
learned_multi,776,5–<10%,0.01,0.05,20,1.0,4.0,0.010459105284537602,0.0
learned_multi,776,5–<10%,0.05,0.02,20,0.25,2.55,0.044247324447814,0.0
learned_multi,776,5–<10%,0.05,0.05,20,0.75,3.75,0.044247324447814,0.0
learned_multi,777,1–<5%,0.0,0.02,1,1.0,4.0,0.014451673881341914,0.0
learned_multi,777,1–<5%,0.0,0.05,1,1.0,4.0,0.014451673881341914,0.0
learned_multi,777,1–<5%,0.01,0.02,20,1.0,4.0,0.014958352653820575,0.0
learned_multi,777,1–<5%,0.01,0.05,20,1.0,4.0,0.014958352653820575,0.0
learned_multi,777,1–<5%,0.05,0.02,20,0.3,2.4,0.10228126885152844,0.0
learned_multi,777,1–<5%,0.05,0.05,20,0.55,3.35,0.10228126885152844,0.0
learned_multi,784,5–<10%,0.0,0.02,1,1.0,4.0,0.007854915063042046,0.0
learned_multi,784,5–<10%,0.0,0.05,1,1.0,4.0,0.007854915063042046,0.0
learned_multi,784,5–<10%,0.01,0.02,20,1.0,4.0,0.008303134899875244,0.0
learned_multi,784,5–<10%,0.01,0.05,20,1.0,4.0,0.008303134899875244,0.0
learned_multi,784,5–<10%,0.05,0.02,20,0.7,3.5,0.028173927002590228,0.0
learned_multi,784,5–<10%,0.05,0.05,20,0.8,3.8,0.028173927002590228,0.0
learned_multi,789,5–<10%,0.0,0.02,1,0.0,3.0,0.3024313899097285,0.0
learned_multi,789,5–<10%,0.0,0.05,1,0.0,3.0,0.3024313899097285,0.0
learned_multi,789,5–<10%,0.01,0.02,20,0.0,3.0,0.3038664546002382,0.0
learned_multi,789,5–<10%,0.01,0.05,20,0.0,3.0,0.3038664546002382,0.0
learned_multi,789,5–<10%,0.05,0.02,20,0.05,2.35,0.3155407565950514,0.0
learned_multi,789,5–<10%,0.05,0.05,20,0.1,2.65,0.3155407565950514,0.0
learned_multi,792,5–<10%,0.0,0.02,1,1.0,4.0,0.007899596979078782,0.0
learned_multi,792,5–<10%,0.0,0.05,1,1.0,4.0,0.007899596979078782,0.0
learned_multi,792,5–<10%,0.01,0.02,20,1.0,4.0,0.00999727614037708,0.0
learned_multi,792,5–<10%,0.01,0.05,20,1.0,4.0,0.00999727614037708,0.0
learned_multi,792,5–<10%,0.05,0.02,20,0.15,2.2,0.13895669742992006,0.0
learned_multi,792,5–<10%,0.05,0.05,20,0.45,2.95,0.13895669742992006,0.0
learned_multi,797,1–<5%,0.0,0.02,1,0.0,3.0,0.04052366999415166,0.0
learned_multi,797,1–<5%,0.0,0.05,1,1.0,4.0,0.04052366999415166,0.0
learned_multi,797,1–<5%,0.01,0.02,20,0.05,2.9,0.04981503571170624,0.0
learned_multi,797,1–<5%,0.01,0.05,20,0.7,3.6,0.04981503571170624,0.0
learned_multi,797,1–<5%,0.05,0.02,20,0.1,2.25,0.10676138625214995,0.0
learned_multi,797,1–<5%,0.05,0.05,20,0.5,3.15,0.10676138625214995,0.0
learned_multi,804,≥10%,0.0,0.02,1,1.0,4.0,0.007764660656120147,0.0
learned_multi,804,≥10%,0.0,0.05,1,1.0,4.0,0.007764660656120147,0.0
learned_multi,804,≥10%,0.01,0.02,20,1.0,4.0,0.008806478804866649,0.0
learned_multi,804,≥10%,0.01,0.05,20,1.0,4.0,0.008806478804866649,0.0
learned_multi,804,≥10%,0.05,0.02,20,0.5,3.35,0.020827980988239646,0.0
learned_multi,804,≥10%,0.05,0.05,20,1.0,4.0,0.020827980988239646,0.0
learned_multi,815,<1%,0.0,0.02,1,0.0,2.0,0.15544321018302865,0.0
learned_multi,815,<1%,0.0,0.05,1,0.0,2.0,0.15544321018302865,0.0
learned_multi,815,<1%,0.01,0.02,20,0.0,1.75,0.14744980986388817,0.0
learned_multi,815,<1%,0.01,0.05,20,0.0,2.2,0.14744980986388817,0.0
learned_multi,815,<1%,0.05,0.02,20,0.0,1.95,0.15152866994400144,0.0
learned_multi,815,<1%,0.05,0.05,20,0.0,2.6,0.15152866994400144,0.0
learned_multi,820,<1%,0.0,0.02,1,0.0,2.0,0.08664389735349755,0.0
learned_multi,820,<1%,0.0,0.05,1,0.0,3.0,0.08664389735349755,0.0
learned_multi,820,<1%,0.01,0.02,20,0.2,2.45,0.1133020170417256,0.0
learned_multi,820,<1%,0.01,0.05,20,0.3,3.3,0.1133020170417256,0.0
learned_multi,820,<1%,0.05,0.02,20,0.0,1.85,0.1637735925973899,0.0
learned_multi,820,<1%,0.05,0.05,20,0.0,2.85,0.1637735925973899,0.0
learned_multi,822,5–<10%,0.0,0.02,1,0.0,2.0,0.24568015218850175,0.0
learned_multi,822,5–<10%,0.0,0.05,1,0.0,3.0,0.24568015218850175,0.0
learned_multi,822,5–<10%,0.01,0.02,20,0.0,2.0,0.24604684364714013,0.0
learned_multi,822,5–<10%,0.01,0.05,20,0.0,3.0,0.24604684364714013,0.0
learned_multi,822,5–<10%,0.05,0.02,20,0.0,1.85,0.22772801360204267,0.0
learned_multi,822,5–<10%,0.05,0.05,20,0.15,2.85,0.22772801360204267,0.0
learned_multi,841,≥10%,0.0,0.02,1,1.0,4.0,0.011967715683823162,0.0
learned_multi,841,≥10%,0.0,0.05,1,1.0,4.0,0.011967715683823162,0.0
learned_multi,841,≥10%,0.01,0.02,20,1.0,4.0,0.011957326775051635,0.0
learned_multi,841,≥10%,0.01,0.05,20,1.0,4.0,0.011957326775051635,0.0
learned_multi,841,≥10%,0.05,0.02,20,0.4,3.0,0.024241149196942736,0.0
learned_multi,841,≥10%,0.05,0.05,20,1.0,4.0,0.024241149196942736,0.0
learned_multi,851,1–<5%,0.0,0.02,1,0.0,3.0,0.020184030241548544,0.0
learned_multi,851,1–<5%,0.0,0.05,1,1.0,4.0,0.020184030241548544,0.0
learned_multi,851,1–<5%,0.01,0.02,20,0.6,3.45,0.02181170909529552,0.0
learned_multi,851,1–<5%,0.01,0.05,20,1.0,4.0,0.02181170909529552,0.0
learned_multi,851,1–<5%,0.05,0.02,20,0.4,3.0,0.04245685275544879,0.0
learned_multi,851,1–<5%,0.05,0.05,20,0.75,3.6,0.04245685275544879,0.0
learned_multi,870,≥10%,0.0,0.02,1,1.0,4.0,0.008760191910154034,0.0
learned_multi,870,≥10%,0.0,0.05,1,1.0,4.0,0.008760191910154034,0.0
learned_multi,870,≥10%,0.01,0.02,20,0.95,3.95,0.014849444593310699,0.0
learned_multi,870,≥10%,0.01,0.05,20,0.95,3.95,0.014849444593310699,0.0
learned_multi,870,≥10%,0.05,0.02,20,0.5,3.1,0.05462862791849299,0.0
learned_multi,870,≥10%,0.05,0.05,20,0.85,3.8,0.05462862791849299,0.0
learned_multi,877,5–<10%,0.0,0.02,1,1.0,4.0,0.013221942269329249,0.0
learned_multi,877,5–<10%,0.0,0.05,1,1.0,4.0,0.013221942269329249,0.0
learned_multi,877,5–<10%,0.01,0.02,20,0.6,3.6,0.018035646848801722,0.0
learned_multi,877,5–<10%,0.01,0.05,20,1.0,4.0,0.018035646848801722,0.0
learned_multi,877,5–<10%,0.05,0.02,20,0.25,2.5,0.21110083038907299,0.0
learned_multi,877,5–<10%,0.05,0.05,20,0.4,3.0,0.21110083038907299,0.0
learned_multi,884,≥10%,0.0,0.02,1,1.0,4.0,0.013242294105967297,0.0
learned_multi,884,≥10%,0.0,0.05,1,1.0,4.0,0.013242294105967297,0.0
learned_multi,884,≥10%,0.01,0.02,20,0.9,3.9,0.012358380101386318,0.0
learned_multi,884,≥10%,0.01,0.05,20,1.0,4.0,0.012358380101386318,0.0
learned_multi,884,≥10%,0.05,0.02,20,0.45,3.15,0.02752102666382204,0.0
learned_multi,884,≥10%,0.05,0.05,20,0.8,3.8,0.02752102666382204,0.0
learned_multi,887,<1%,0.0,0.02,1,0.0,2.0,0.0625467180650634,0.0
learned_multi,887,<1%,0.0,0.05,1,0.0,3.0,0.0625467180650634,0.0
learned_multi,887,<1%,0.01,0.02,20,0.0,1.85,0.17850421986507642,0.0
learned_multi,887,<1%,0.01,0.05,20,0.0,2.75,0.17850421986507642,0.0
learned_multi,887,<1%,0.05,0.02,20,0.0,1.1,0.20555222589799432,0.0
learned_multi,887,<1%,0.05,0.05,20,0.05,2.2,0.20555222589799432,0.0
learned_multi,888,5–<10%,0.0,0.02,1,1.0,4.0,0.019148870645504995,0.0
learned_multi,888,5–<10%,0.0,0.05,1,1.0,4.0,0.019148870645504995,0.0
learned_multi,888,5–<10%,0.01,0.02,20,0.6,3.6,0.01900195830525389,0.0
learned_multi,888,5–<10%,0.01,0.05,20,1.0,4.0,0.01900195830525389,0.0
learned_multi,888,5–<10%,0.05,0.02,20,0.15,2.55,0.08784712689222822,0.0
learned_multi,888,5–<10%,0.05,0.05,20,0.75,3.5,0.08784712689222822,0.0
learned_multi,896,≥10%,0.0,0.02,1,1.0,4.0,0.007753767315496572,0.0
learned_multi,896,≥10%,0.0,0.05,1,1.0,4.0,0.007753767315496572,0.0
learned_multi,896,≥10%,0.01,0.02,20,1.0,4.0,0.009478058008504982,0.0
learned_multi,896,≥10%,0.01,0.05,20,1.0,4.0,0.009478058008504982,0.0
learned_multi,896,≥10%,0.05,0.02,20,0.35,3.05,0.03285152067132892,0.0
learned_multi,896,≥10%,0.05,0.05,20,0.85,3.85,0.03285152067132892,0.0
learned_multi,899,≥10%,0.0,0.02,1,1.0,4.0,0.016623275742475817,0.0
learned_multi,899,≥10%,0.0,0.05,1,1.0,4.0,0.016623275742475817,0.0
learned_multi,899,≥10%,0.01,0.02,20,1.0,4.0,0.016669957263487373,0.0
learned_multi,899,≥10%,0.01,0.05,20,1.0,4.0,0.016669957263487373,0.0
learned_multi,899,≥10%,0.05,0.02,20,0.3,2.8,0.042392437165029634,0.0
learned_multi,899,≥10%,0.05,0.05,20,0.7,3.7,0.042392437165029634,0.0
learned_multi,904,5–<10%,0.0,0.02,1,1.0,4.0,0.008923296037844274,0.0
learned_multi,904,5–<10%,0.0,0.05,1,1.0,4.0,0.008923296037844274,0.0
learned_multi,904,5–<10%,0.01,0.02,20,0.95,3.95,0.011073637423775016,0.0
learned_multi,904,5–<10%,0.01,0.05,20,1.0,4.0,0.011073637423775016,0.0
learned_multi,904,5–<10%,0.05,0.02,20,0.25,2.8,0.04407672273426215,0.0
learned_multi,904,5–<10%,0.05,0.05,20,0.65,3.6,0.04407672273426215,0.0
learned_multi,912,1–<5%,0.0,0.02,1,0.0,2.0,0.14175039846743806,0.0
learned_multi,912,1–<5%,0.0,0.05,1,0.0,3.0,0.14175039846743806,0.0
learned_multi,912,1–<5%,0.01,0.02,20,0.0,2.3,0.12117696597626745,0.0
learned_multi,912,1–<5%,0.01,0.05,20,0.0,2.8,0.12117696597626745,0.0
learned_multi,912,1–<5%,0.05,0.02,20,0.0,1.6,0.22662269600167084,0.0
learned_multi,912,1–<5%,0.05,0.05,20,0.0,2.35,0.22662269600167084,0.0
learned_multi,930,1–<5%,0.0,0.02,1,1.0,4.0,0.0061445773948499375,0.0
learned_multi,930,1–<5%,0.0,0.05,1,1.0,4.0,0.0061445773948499375,0.0
learned_multi,930,1–<5%,0.01,0.02,20,0.35,3.0,0.1104484153843071,0.0
learned_multi,930,1–<5%,0.01,0.05,20,0.4,3.4,0.1104484153843071,0.0
learned_multi,930,1–<5%,0.05,0.02,20,0.0,1.65,0.16845054565168718,0.0
learned_multi,930,1–<5%,0.05,0.05,20,0.2,2.3,0.16845054565168718,0.0
learned_multi,931,1–<5%,0.0,0.02,1,1.0,4.0,0.014651353068426609,0.0
learned_multi,931,1–<5%,0.0,0.05,1,1.0,4.0,0.014651353068426609,0.0
learned_multi,931,1–<5%,0.01,0.02,20,0.8,3.7,0.025606062682335423,0.0
learned_multi,931,1–<5%,0.01,0.05,20,0.9,3.9,0.025606062682335423,0.0
learned_multi,931,1–<5%,0.05,0.02,20,0.2,2.5,0.10517911057081988,0.0
learned_multi,931,1–<5%,0.05,0.05,20,0.5,3.3,0.10517911057081988,0.0
learned_multi,938,≥10%,0.0,0.02,1,1.0,4.0,0.012320020594405503,0.0
learned_multi,938,≥10%,0.0,0.05,1,1.0,4.0,0.012320020594405503,0.0
learned_multi,938,≥10%,0.01,0.02,20,1.0,4.0,0.013883006674886669,0.0
learned_multi,938,≥10%,0.01,0.05,20,1.0,4.0,0.013883006674886669,0.0
learned_multi,938,≥10%,0.05,0.02,20,0.35,3.05,0.05275466501802282,0.0
learned_multi,938,≥10%,0.05,0.05,20,0.85,3.85,0.05275466501802282,0.0
learned_multi,939,1–<5%,0.0,0.02,1,1.0,4.0,0.016006562548236142,0.0
learned_multi,939,1–<5%,0.0,0.05,1,1.0,4.0,0.016006562548236142,0.0
learned_multi,939,1–<5%,0.01,0.02,20,0.9,3.9,0.015957507420365342,0.0
learned_multi,939,1–<5%,0.01,0.05,20,1.0,4.0,0.015957507420365342,0.0
learned_multi,939,1–<5%,0.05,0.02,20,0.25,2.3,0.08133860484503368,0.0
learned_multi,939,1–<5%,0.05,0.05,20,0.75,3.55,0.08133860484503368,0.0
learned_multi,944,1–<5%,0.0,0.02,1,0.0,2.0,0.057408923933253364,0.0
learned_multi,944,1–<5%,0.0,0.05,1,0.0,3.0,0.057408923933253364,0.0
learned_multi,944,1–<5%,0.01,0.02,20,0.0,2.55,0.06983252990556042,0.0
learned_multi,944,1–<5%,0.01,0.05,20,0.1,2.9,0.06983252990556042,0.0
learned_multi,944,1–<5%,0.05,0.02,20,0.0,1.2,0.1705530420694076,0.0
learned_multi,944,1–<5%,0.05,0.05,20,0.0,2.55,0.1705530420694076,0.0
learned_multi,946,5–<10%,0.0,0.02,1,1.0,4.0,0.011606732517302942,0.0
learned_multi,946,5–<10%,0.0,0.05,1,1.0,4.0,0.011606732517302942,0.0
learned_multi,946,5–<10%,0.01,0.02,20,1.0,4.0,0.012600150552428888,0.0
learned_multi,946,5–<10%,0.01,0.05,20,1.0,4.0,0.012600150552428888,0.0
learned_multi,946,5–<10%,0.05,0.02,20,0.45,3.3,0.037869397933387,0.0
learned_multi,946,5–<10%,0.05,0.05,20,0.9,3.85,0.037869397933387,0.0
learned_multi,950,1–<5%,0.0,0.02,1,0.0,3.0,0.09010562778280264,0.0
learned_multi,950,1–<5%,0.0,0.05,1,0.0,3.0,0.09010562778280264,0.0
learned_multi,950,1–<5%,0.01,0.02,20,0.0,2.75,0.0897479882938707,0.0
learned_multi,950,1–<5%,0.01,0.05,20,0.0,3.0,0.0897479882938707,0.0
learned_multi,950,1–<5%,0.05,0.02,20,0.0,1.5,0.08690986324778428,0.0
learned_multi,950,1–<5%,0.05,0.05,20,0.1,2.75,0.08690986324778428,0.0
learned_multi,954,<1%,0.0,0.02,1,0.0,1.0,0.4386751500405088,0.0
learned_multi,954,<1%,0.0,0.05,1,0.0,3.0,0.4386751500405088,0.0
learned_multi,954,<1%,0.01,0.02,20,0.0,1.8,0.4384324567141141,0.0
learned_multi,954,<1%,0.01,0.05,20,0.0,2.1,0.4384324567141141,0.0
learned_multi,954,<1%,0.05,0.02,20,0.0,1.85,0.47089449544918666,0.0
learned_multi,954,<1%,0.05,0.05,20,0.0,2.05,0.47089449544918666,0.0
learned_multi,967,≥10%,0.0,0.02,1,1.0,4.0,0.00731260771401276,0.0
learned_multi,967,≥10%,0.0,0.05,1,1.0,4.0,0.00731260771401276,0.0
learned_multi,967,≥10%,0.01,0.02,20,1.0,4.0,0.007671171758068057,0.0
learned_multi,967,≥10%,0.01,0.05,20,1.0,4.0,0.007671171758068057,0.0
learned_multi,967,≥10%,0.05,0.02,20,0.75,3.65,0.01753827130773038,0.0
learned_multi,967,≥10%,0.05,0.05,20,1.0,4.0,0.01753827130773038,0.0
learned_multi,982,1–<5%,0.0,0.02,1,0.0,2.0,0.40722471069241256,0.0
learned_multi,982,1–<5%,0.0,0.05,1,0.0,2.0,0.40722471069241256,0.0
learned_multi,982,1–<5%,0.01,0.02,20,0.0,2.55,0.37062020508858845,0.0
learned_multi,982,1–<5%,0.01,0.05,20,0.05,2.65,0.37062020508858845,0.0
learned_multi,982,1–<5%,0.05,0.02,20,0.0,1.5,0.35030632651686433,0.0
learned_multi,982,1–<5%,0.05,0.05,20,0.05,2.45,0.35030632651686433,0.0
learned_multi,993,<1%,0.0,0.02,1,0.0,1.0,0.18353093537738124,0.0
learned_multi,993,<1%,0.0,0.05,1,0.0,2.0,0.18353093537738124,0.0
learned_multi,993,<1%,0.01,0.02,20,0.0,1.1,0.181371695367478,0.0
learned_multi,993,<1%,0.01,0.05,20,0.0,2.35,0.181371695367478,0.0
learned_multi,993,<1%,0.05,0.02,20,0.0,1.3,0.16888426523333894,0.0
learned_multi,993,<1%,0.05,0.05,20,0.0,2.4,0.16888426523333894,0.0
analytic_single,3,≥10%,0.0,0.02,1,1.0,4.0,0.0003021692127202567,0.0
analytic_single,3,≥10%,0.0,0.05,1,1.0,4.0,0.0003021692127202567,0.0
analytic_single,3,≥10%,0.01,0.02,20,1.0,4.0,0.0028540844704122307,0.0
analytic_single,3,≥10%,0.01,0.05,20,1.0,4.0,0.0028540844704122307,0.0
analytic_single,3,≥10%,0.05,0.02,20,0.7,3.65,0.01395704073295429,0.0
analytic_single,3,≥10%,0.05,0.05,20,1.0,4.0,0.01395704073295429,0.0
analytic_single,8,5–<10%,0.0,0.02,1,1.0,4.0,0.0003654662154155772,0.0
analytic_single,8,5–<10%,0.0,0.05,1,1.0,4.0,0.0003654662154155772,0.0
analytic_single,8,5–<10%,0.01,0.02,20,1.0,4.0,0.0031885848913819305,0.0
analytic_single,8,5–<10%,0.01,0.05,20,1.0,4.0,0.0031885848913819305,0.0
analytic_single,8,5–<10%,0.05,0.02,20,0.65,3.5,0.01573496406903719,0.0
analytic_single,8,5–<10%,0.05,0.05,20,1.0,4.0,0.01573496406903719,0.0
analytic_single,15,≥10%,0.0,0.02,1,1.0,4.0,0.0003597076309833829,0.0
analytic_single,15,≥10%,0.0,0.05,1,1.0,4.0,0.0003597076309833829,0.0
analytic_single,15,≥10%,0.01,0.02,20,1.0,4.0,0.006208548329070438,0.0
analytic_single,15,≥10%,0.01,0.05,20,1.0,4.0,0.006208548329070438,0.0
analytic_single,15,≥10%,0.05,0.02,20,0.3,3.1,0.030867272052213224,0.0
analytic_single,15,≥10%,0.05,0.05,20,0.85,3.85,0.030867272052213224,0.0
analytic_single,28,≥10%,0.0,0.02,1,1.0,4.0,0.00027197027773340253,0.0
analytic_single,28,≥10%,0.0,0.05,1,1.0,4.0,0.00027197027773340253,0.0
analytic_single,28,≥10%,0.01,0.02,20,1.0,4.0,0.0053014875819724985,0.0
analytic_single,28,≥10%,0.01,0.05,20,1.0,4.0,0.0053014875819724985,0.0
analytic_single,28,≥10%,0.05,0.02,20,0.65,3.3,0.026481081751580975,0.0
analytic_single,28,≥10%,0.05,0.05,20,0.9,3.85,0.026481081751580975,0.0
analytic_single,40,5–<10%,0.0,0.02,1,1.0,4.0,0.00013071753419613956,0.0
analytic_single,40,5–<10%,0.0,0.05,1,1.0,4.0,0.00013071753419613956,0.0
analytic_single,40,5–<10%,0.01,0.02,20,1.0,4.0,0.005252862017336312,0.0
analytic_single,40,5–<10%,0.01,0.05,20,1.0,4.0,0.005252862017336312,0.0
analytic_single,40,5–<10%,0.05,0.02,20,0.5,3.45,0.02664331180303247,0.0
analytic_single,40,5–<10%,0.05,0.05,20,0.85,3.85,0.02664331180303247,0.0
analytic_single,43,<1%,0.0,0.02,1,1.0,4.0,0.000634871133696832,0.0
analytic_single,43,<1%,0.0,0.05,1,1.0,4.0,0.000634871133696832,0.0
analytic_single,43,<1%,0.01,0.02,20,1.0,4.0,0.0031420884701212847,0.0
analytic_single,43,<1%,0.01,0.05,20,1.0,4.0,0.0031420884701212847,0.0
analytic_single,43,<1%,0.05,0.02,20,0.7,3.7,0.01518663269387172,0.0
analytic_single,43,<1%,0.05,0.05,20,1.0,4.0,0.01518663269387172,0.0
analytic_single,45,≥10%,0.0,0.02,1,1.0,4.0,0.00011565185022884774,0.0
analytic_single,45,≥10%,0.0,0.05,1,1.0,4.0,0.00011565185022884774,0.0
analytic_single,45,≥10%,0.01,0.02,20,1.0,4.0,0.005842667711222454,0.0
analytic_single,45,≥10%,0.01,0.05,20,1.0,4.0,0.005842667711222454,0.0
analytic_single,45,≥10%,0.05,0.02,20,0.25,3.15,0.02870425334605704,0.0
analytic_single,45,≥10%,0.05,0.05,20,0.9,3.9,0.02870425334605704,0.0
analytic_single,47,5–<10%,0.0,0.02,1,1.0,4.0,0.00027019820744337414,0.0
analytic_single,47,5–<10%,0.0,0.05,1,1.0,4.0,0.00027019820744337414,0.0
analytic_single,47,5–<10%,0.01,0.02,20,1.0,4.0,0.0044508060779931274,0.0
analytic_single,47,5–<10%,0.01,0.05,20,1.0,4.0,0.0044508060779931274,0.0
analytic_single,47,5–<10%,0.05,0.02,20,0.5,3.5,0.022012455492416764,0.0
analytic_single,47,5–<10%,0.05,0.05,20,0.9,3.9,0.022012455492416764,0.0
analytic_single,80,≥10%,0.0,0.02,1,1.0,4.0,0.00047611379805069303,0.0
analytic_single,80,≥10%,0.0,0.05,1,1.0,4.0,0.00047611379805069303,0.0
analytic_single,80,≥10%,0.01,0.02,20,1.0,4.0,0.003943890887604709,0.0
analytic_single,80,≥10%,0.01,0.05,20,1.0,4.0,0.003943890887604709,0.0
analytic_single,80,≥10%,0.05,0.02,20,0.55,3.55,0.019476756937715476,0.0
analytic_single,80,≥10%,0.05,0.05,20,1.0,4.0,0.019476756937715476,0.0
analytic_single,83,≥10%,0.0,0.02,1,1.0,4.0,0.00028444805480178455,0.0
analytic_single,83,≥10%,0.0,0.05,1,1.0,4.0,0.00028444805480178455,0.0
analytic_single,83,≥10%,0.01,0.02,20,1.0,4.0,0.004854767437294678,0.0
analytic_single,83,≥10%,0.01,0.05,20,1.0,4.0,0.004854767437294678,0.0
analytic_single,83,≥10%,0.05,0.02,20,0.35,3.2,0.023927551300392605,0.0
analytic_single,83,≥10%,0.05,0.05,20,0.95,3.95,0.023927551300392605,0.0
analytic_single,86,≥10%,0.0,0.02,1,1.0,4.0,0.00039393369192562596,0.0
analytic_single,86,≥10%,0.0,0.05,1,1.0,4.0,0.00039393369192562596,0.0
analytic_single,86,≥10%,0.01,0.02,20,1.0,4.0,0.003304574941632734,0.0
analytic_single,86,≥10%,0.01,0.05,20,1.0,4.0,0.003304574941632734,0.0
analytic_single,86,≥10%,0.05,0.02,20,0.8,3.7,0.015704468023504385,0.0
analytic_single,86,≥10%,0.05,0.05,20,1.0,4.0,0.015704468023504385,0.0
analytic_single,101,<1%,0.0,0.02,1,1.0,4.0,0.00037842090462541535,0.0
analytic_single,101,<1%,0.0,0.05,1,1.0,4.0,0.00037842090462541535,0.0
analytic_single,101,<1%,0.01,0.02,20,1.0,4.0,0.0038413388974258647,0.0
analytic_single,101,<1%,0.01,0.05,20,1.0,4.0,0.0038413388974258647,0.0
analytic_single,101,<1%,0.05,0.02,20,0.6,3.6,0.018584417908755528,0.0
analytic_single,101,<1%,0.05,0.05,20,1.0,4.0,0.018584417908755528,0.0
analytic_single,117,<1%,0.0,0.02,1,1.0,4.0,0.0005486988035491352,0.0
analytic_single,117,<1%,0.0,0.05,1,1.0,4.0,0.0005486988035491352,0.0
analytic_single,117,<1%,0.01,0.02,20,1.0,4.0,0.004520357149841205,0.0
analytic_single,117,<1%,0.01,0.05,20,1.0,4.0,0.004520357149841205,0.0
analytic_single,117,<1%,0.05,0.02,20,0.5,3.35,0.022061270806030348,0.0
analytic_single,117,<1%,0.05,0.05,20,1.0,4.0,0.022061270806030348,0.0
analytic_single,140,1–<5%,0.0,0.02,1,1.0,4.0,0.00046177285025835656,0.0
analytic_single,140,1–<5%,0.0,0.05,1,1.0,4.0,0.00046177285025835656,0.0
analytic_single,140,1–<5%,0.01,0.02,20,1.0,4.0,0.0038153181466328775,0.0
analytic_single,140,1–<5%,0.01,0.05,20,1.0,4.0,0.0038153181466328775,0.0
analytic_single,140,1–<5%,0.05,0.02,20,0.6,3.5,0.018993669976731974,0.0
analytic_single,140,1–<5%,0.05,0.05,20,1.0,4.0,0.018993669976731974,0.0
analytic_single,149,<1%,0.0,0.02,1,1.0,4.0,0.00020419586936921188,0.0
analytic_single,149,<1%,0.0,0.05,1,1.0,4.0,0.00020419586936921188,0.0
analytic_single,149,<1%,0.01,0.02,20,1.0,4.0,0.0031019823747604363,0.0
analytic_single,149,<1%,0.01,0.05,20,1.0,4.0,0.0031019823747604363,0.0
analytic_single,149,<1%,0.05,0.02,20,0.65,3.65,0.015465712205604828,0.0
analytic_single,149,<1%,0.05,0.05,20,1.0,4.0,0.015465712205604828,0.0
analytic_single,154,≥10%,0.0,0.02,1,1.0,4.0,0.00027130667388076084,0.0
analytic_single,154,≥10%,0.0,0.05,1,1.0,4.0,0.00027130667388076084,0.0
analytic_single,154,≥10%,0.01,0.02,20,1.0,4.0,0.0063537120332640236,0.0
analytic_single,154,≥10%,0.01,0.05,20,1.0,4.0,0.0063537120332640236,0.0
analytic_single,154,≥10%,0.05,0.02,20,0.25,2.95,0.0313199168045815,0.0
analytic_single,154,≥10%,0.05,0.05,20,0.85,3.85,0.0313199168045815,0.0
analytic_single,165,1–<5%,0.0,0.02,1,1.0,4.0,0.0004209193689647832,0.0
analytic_single,165,1–<5%,0.0,0.05,1,1.0,4.0,0.0004209193689647832,0.0
analytic_single,165,1–<5%,0.01,0.02,20,1.0,4.0,0.003558845157281982,0.0
analytic_single,165,1–<5%,0.01,0.05,20,1.0,4.0,0.003558845157281982,0.0
analytic_single,165,1–<5%,0.05,0.02,20,0.45,3.45,0.017301207390472813,0.0
analytic_single,165,1–<5%,0.05,0.05,20,1.0,4.0,0.017301207390472813,0.0
analytic_single,174,<1%,0.0,0.02,1,1.0,4.0,0.0003200151357442499,0.0
analytic_single,174,<1%,0.0,0.05,1,1.0,4.0,0.0003200151357442499,0.0
analytic_single,174,<1%,0.01,0.02,20,1.0,4.0,0.005198861812273134,0.0
analytic_single,174,<1%,0.01,0.05,20,1.0,4.0,0.005198861812273134,0.0
analytic_single,174,<1%,0.05,0.02,20,0.45,3.3,0.026304527476053895,0.0
analytic_single,174,<1%,0.05,0.05,20,0.9,3.9,0.026304527476053895,0.0
analytic_single,185,<1%,0.0,0.02,1,1.0,4.0,0.0006023140330991194,0.0
analytic_single,185,<1%,0.0,0.05,1,1.0,4.0,0.0006023140330991194,0.0
analytic_single,185,<1%,0.01,0.02,20,1.0,4.0,0.005018124450519118,0.0
analytic_single,185,<1%,0.01,0.05,20,1.0,4.0,0.005018124450519118,0.0
analytic_single,185,<1%,0.05,0.02,20,0.45,3.3,0.0243116452443375,0.0
analytic_single,185,<1%,0.05,0.05,20,1.0,4.0,0.0243116452443375,0.0
analytic_single,186,1–<5%,0.0,0.02,1,1.0,4.0,0.0005317046377799334,0.0
analytic_single,186,1–<5%,0.0,0.05,1,1.0,4.0,0.0005317046377799334,0.0
analytic_single,186,1–<5%,0.01,0.02,20,1.0,4.0,0.005083800777830071,0.0
analytic_single,186,1–<5%,0.01,0.05,20,1.0,4.0,0.005083800777830071,0.0
analytic_single,186,1–<5%,0.05,0.02,20,0.55,3.35,0.024953071832463022,0.0
analytic_single,186,1–<5%,0.05,0.05,20,0.85,3.85,0.024953071832463022,0.0
analytic_single,187,1–<5%,0.0,0.02,1,1.0,4.0,0.000356148258290965,0.0
analytic_single,187,1–<5%,0.0,0.05,1,1.0,4.0,0.000356148258290965,0.0
analytic_single,187,1–<5%,0.01,0.02,20,1.0,4.0,0.005654597558842194,0.0
analytic_single,187,1–<5%,0.01,0.05,20,1.0,4.0,0.005654597558842194,0.0
analytic_single,187,1–<5%,0.05,0.02,20,0.45,3.2,0.028463580725318183,0.0
analytic_single,187,1–<5%,0.05,0.05,20,0.85,3.85,0.028463580725318183,0.0
analytic_single,236,≥10%,0.0,0.02,1,1.0,4.0,0.0004712700794537519,0.0
analytic_single,236,≥10%,0.0,0.05,1,1.0,4.0,0.0004712700794537519,0.0
analytic_single,236,≥10%,0.01,0.02,20,1.0,4.0,0.0058084443015774066,0.0
analytic_single,236,≥10%,0.01,0.05,20,1.0,4.0,0.0058084443015774066,0.0
analytic_single,236,≥10%,0.05,0.02,20,0.35,2.95,0.029258371168693436,0.0
analytic_single,236,≥10%,0.05,0.05,20,0.9,3.9,0.029258371168693436,0.0
analytic_single,246,≥10%,0.0,0.02,1,1.0,4.0,0.00027940403073633397,0.0
analytic_single,246,≥10%,0.0,0.05,1,1.0,4.0,0.00027940403073633397,0.0
analytic_single,246,≥10%,0.01,0.02,20,1.0,4.0,0.004222681294328838,0.0
analytic_single,246,≥10%,0.01,0.05,20,1.0,4.0,0.004222681294328838,0.0
analytic_single,246,≥10%,0.05,0.02,20,0.6,3.55,0.0208918914610487,0.0
analytic_single,246,≥10%,0.05,0.05,20,1.0,4.0,0.0208918914610487,0.0
analytic_single,248,≥10%,0.0,0.02,1,1.0,4.0,0.00018423884817370134,0.0
analytic_single,248,≥10%,0.0,0.05,1,1.0,4.0,0.00018423884817370134,0.0
analytic_single,248,≥10%,0.01,0.02,20,1.0,4.0,0.004173500600505894,0.0
analytic_single,248,≥10%,0.01,0.05,20,1.0,4.0,0.004173500600505894,0.0
analytic_single,248,≥10%,0.05,0.02,20,0.65,3.5,0.020799809764183583,0.0
analytic_single,248,≥10%,0.05,0.05,20,0.95,3.95,0.020799809764183583,0.0
analytic_single,250,≥10%,0.0,0.02,1,1.0,4.0,0.0004739331516158689,0.0
analytic_single,250,≥10%,0.0,0.05,1,1.0,4.0,0.0004739331516158689,0.0
analytic_single,250,≥10%,0.01,0.02,20,1.0,4.0,0.0045931166340392685,0.0
analytic_single,250,≥10%,0.01,0.05,20,1.0,4.0,0.0045931166340392685,0.0
analytic_single,250,≥10%,0.05,0.02,20,0.55,3.5,0.02223569635073936,0.0
analytic_single,250,≥10%,0.05,0.05,20,0.95,3.95,0.02223569635073936,0.0
analytic_single,281,1–<5%,0.0,0.02,1,1.0,4.0,0.0005854524032953797,0.0
analytic_single,281,1–<5%,0.0,0.05,1,1.0,4.0,0.0005854524032953797,0.0
analytic_single,281,1–<5%,0.01,0.02,20,1.0,4.0,0.00422195631161168,0.0
analytic_single,281,1–<5%,0.01,0.05,20,1.0,4.0,0.00422195631161168,0.0
analytic_single,281,1–<5%,0.05,0.02,20,0.55,3.35,0.020519242750822637,0.0
analytic_single,281,1–<5%,0.05,0.05,20,1.0,4.0,0.020519242750822637,0.0
analytic_single,312,1–<5%,0.0,0.02,1,1.0,4.0,0.0005732929902846901,0.0
analytic_single,312,1–<5%,0.0,0.05,1,1.0,4.0,0.0005732929902846901,0.0
analytic_single,312,1–<5%,0.01,0.02,20,1.0,4.0,0.004363234530972704,0.0
analytic_single,312,1–<5%,0.01,0.05,20,1.0,4.0,0.004363234530972704,0.0
analytic_single,312,1–<5%,0.05,0.02,20,0.55,3.4,0.021286364040104717,0.0
analytic_single,312,1–<5%,0.05,0.05,20,0.95,3.95,0.021286364040104717,0.0
analytic_single,322,≥10%,0.0,0.02,1,1.0,4.0,0.000252612576839347,0.0
analytic_single,322,≥10%,0.0,0.05,1,1.0,4.0,0.000252612576839347,0.0
analytic_single,322,≥10%,0.01,0.02,20,1.0,4.0,0.005946293349772798,0.0
analytic_single,322,≥10%,0.01,0.05,20,1.0,4.0,0.005946293349772798,0.0
analytic_single,322,≥10%,0.05,0.02,20,0.3,3.2,0.029857480585186457,0.0
analytic_single,322,≥10%,0.05,0.05,20,0.9,3.9,0.029857480585186457,0.0
analytic_single,329,1–<5%,0.0,0.02,1,1.0,4.0,0.00033217771529078636,0.0
analytic_single,329,1–<5%,0.0,0.05,1,1.0,4.0,0.00033217771529078636,0.0
analytic_single,329,1–<5%,0.01,0.02,20,1.0,4.0,0.00496959422406754,0.0
analytic_single,329,1–<5%,0.01,0.05,20,1.0,4.0,0.00496959422406754,0.0
analytic_single,329,1–<5%,0.05,0.02,20,0.4,3.25,0.02405290691711379,0.0
analytic_single,329,1–<5%,0.05,0.05,20,0.9,3.9,0.02405290691711379,0.0
analytic_single,332,<1%,0.0,0.02,1,1.0,4.0,0.00043523126592880557,0.0
analytic_single,332,<1%,0.0,0.05,1,1.0,4.0,0.00043523126592880557,0.0
analytic_single,332,<1%,0.01,0.02,20,1.0,4.0,0.002651300749701242,0.0
analytic_single,332,<1%,0.01,0.05,20,1.0,4.0,0.002651300749701242,0.0
analytic_single,332,<1%,0.05,0.02,20,0.85,3.75,0.013071728536315155,0.0
analytic_single,332,<1%,0.05,0.05,20,1.0,4.0,0.013071728536315155,0.0
analytic_single,353,5–<10%,0.0,0.02,1,1.0,4.0,0.00021573700182436233,0.0
analytic_single,353,5–<10%,0.0,0.05,1,1.0,4.0,0.00021573700182436233,0.0
analytic_single,353,5–<10%,0.01,0.02,20,1.0,4.0,0.0029179023426747254,0.0
analytic_single,353,5–<10%,0.01,0.05,20,1.0,4.0,0.0029179023426747254,0.0
analytic_single,353,5–<10%,0.05,0.02,20,0.75,3.7,0.014665770213516241,0.0
analytic_single,353,5–<10%,0.05,0.05,20,1.0,4.0,0.014665770213516241,0.0
analytic_single,363,<1%,0.0,0.02,1,1.0,4.0,0.00019826777707196823,0.0
analytic_single,363,<1%,0.0,0.05,1,1.0,4.0,0.00019826777707196823,0.0
analytic_single,363,<1%,0.01,0.02,20,1.0,4.0,0.00534993187406888,0.0
analytic_single,363,<1%,0.01,0.05,20,1.0,4.0,0.00534993187406888,0.0
analytic_single,363,<1%,0.05,0.02,20,0.35,3.25,0.026900509205036126,0.0
analytic_single,363,<1%,0.05,0.05,20,0.9,3.9,0.026900509205036126,0.0
analytic_single,364,5–<10%,0.0,0.02,1,1.0,4.0,0.0002435948458160048,0.0
analytic_single,364,5–<10%,0.0,0.05,1,1.0,4.0,0.0002435948458160048,0.0
analytic_single,364,5–<10%,0.01,0.02,20,1.0,4.0,0.00488691908141293,0.0
analytic_single,364,5–<10%,0.01,0.05,20,1.0,4.0,0.00488691908141293,0.0
analytic_single,364,5–<10%,0.05,0.02,20,0.4,3.2,0.024138405499307465,0.0
analytic_single,364,5–<10%,0.05,0.05,20,1.0,4.0,0.024138405499307465,0.0
analytic_single,366,<1%,0.0,0.02,1,1.0,4.0,0.0008414869974982497,0.0
analytic_single,366,<1%,0.0,0.05,1,1.0,4.0,0.0008414869974982497,0.0
analytic_single,366,<1%,0.01,0.02,20,0.95,3.95,0.007699779677744175,0.0
analytic_single,366,<1%,0.01,0.05,20,1.0,4.0,0.007699779677744175,0.0
analytic_single,366,<1%,0.05,0.02,20,0.3,3.0,0.038561732555283716,0.0
analytic_single,366,<1%,0.05,0.05,20,0.75,3.75,0.038561732555283716,0.0
analytic_single,379,<1%,0.0,0.02,1,1.0,4.0,0.00037922166987724456,0.0
analytic_single,379,<1%,0.0,0.05,1,1.0,4.0,0.00037922166987724456,0.0
analytic_single,379,<1%,0.01,0.02,20,1.0,4.0,0.004603616222959206,0.0
analytic_single,379,<1%,0.01,0.05,20,1.0,4.0,0.004603616222959206,0.0
analytic_single,379,<1%,0.05,0.02,20,0.55,3.55,0.023265312257409004,0.0
analytic_single,379,<1%,0.05,0.05,20,0.95,3.95,0.023265312257409004,0.0
analytic_single,391,1–<5%,0.0,0.02,1,1.0,4.0,0.00045836839168217477,0.0
analytic_single,391,1–<5%,0.0,0.05,1,1.0,4.0,0.00045836839168217477,0.0
analytic_single,391,1–<5%,0.01,0.02,20,1.0,4.0,0.004111194308272312,0.0
analytic_single,391,1–<5%,0.01,0.05,20,1.0,4.0,0.004111194308272312,0.0
analytic_single,391,1–<5%,0.05,0.02,20,0.6,3.5,0.019703261422600257,0.0
analytic_single,391,1–<5%,0.05,0.05,20,1.0,4.0,0.019703261422600257,0.0
analytic_single,418,1–<5%,0.0,0.02,1,1.0,4.0,0.00045604907458989674,0.0
analytic_single,418,1–<5%,0.0,0.05,1,1.0,4.0,0.00045604907458989674,0.0
analytic_single,418,1–<5%,0.01,0.02,20,1.0,4.0,0.004523187520720966,0.0
analytic_single,418,1–<5%,0.01,0.05,20,1.0,4.0,0.004523187520720966,0.0
analytic_single,418,1–<5%,0.05,0.02,20,0.55,3.5,0.022788406670242026,0.0
analytic_single,418,1–<5%,0.05,0.05,20,1.0,4.0,0.022788406670242026,0.0
analytic_single,428,1–<5%,0.0,0.02,1,1.0,4.0,0.00020690408146374043,0.0
analytic_single,428,1–<5%,0.0,0.05,1,1.0,4.0,0.00020690408146374043,0.0
analytic_single,428,1–<5%,0.01,0.02,20,1.0,4.0,0.003453425420098369,0.0
analytic_single,428,1–<5%,0.01,0.05,20,1.0,4.0,0.003453425420098369,0.0
analytic_single,428,1–<5%,0.05,0.02,20,0.65,3.6,0.017341913502926742,0.0
analytic_single,428,1–<5%,0.05,0.05,20,1.0,4.0,0.017341913502926742,0.0
analytic_single,434,5–<10%,0.0,0.02,1,1.0,4.0,0.00031249649748415267,0.0
analytic_single,434,5–<10%,0.0,0.05,1,1.0,4.0,0.00031249649748415267,0.0
analytic_single,434,5–<10%,0.01,0.02,20,1.0,4.0,0.005023926930626607,0.0
analytic_single,434,5–<10%,0.01,0.05,20,1.0,4.0,0.005023926930626607,0.0
analytic_single,434,5–<10%,0.05,0.02,20,0.4,3.15,0.0252313868546049,0.0
analytic_single,434,5–<10%,0.05,0.05,20,0.85,3.85,0.0252313868546049,0.0
analytic_single,437,<1%,0.0,0.02,1,1.0,4.0,0.00029465870186754997,0.0
analytic_single,437,<1%,0.0,0.05,1,1.0,4.0,0.00029465870186754997,0.0
analytic_single,437,<1%,0.01,0.02,20,1.0,4.0,0.003374263966237436,0.0
analytic_single,437,<1%,0.01,0.05,20,1.0,4.0,0.003374263966237436,0.0
analytic_single,437,<1%,0.05,0.02,20,0.7,3.6,0.016188122564606507,0.0
analytic_single,437,<1%,0.05,0.05,20,1.0,4.0,0.016188122564606507,0.0
analytic_single,448,5–<10%,0.0,0.02,1,1.0,4.0,0.0007925148732532271,0.0
analytic_single,448,5–<10%,0.0,0.05,1,1.0,4.0,0.0007925148732532271,0.0
analytic_single,448,5–<10%,0.01,0.02,20,1.0,4.0,0.00712133548597772,0.0
analytic_single,448,5–<10%,0.01,0.05,20,1.0,4.0,0.00712133548597772,0.0
analytic_single,448,5–<10%,0.05,0.02,20,0.15,2.95,0.03524580677685999,0.0
analytic_single,448,5–<10%,0.05,0.05,20,0.75,3.75,0.03524580677685999,0.0
analytic_single,450,5–<10%,0.0,0.02,1,1.0,4.0,0.0003141626489114551,0.0
analytic_single,450,5–<10%,0.0,0.05,1,1.0,4.0,0.0003141626489114551,0.0
analytic_single,450,5–<10%,0.01,0.02,20,1.0,4.0,0.004878491554729071,0.0
analytic_single,450,5–<10%,0.01,0.05,20,1.0,4.0,0.004878491554729071,0.0
analytic_single,450,5–<10%,0.05,0.02,20,0.45,3.35,0.024113977832374286,0.0
analytic_single,450,5–<10%,0.05,0.05,20,0.9,3.9,0.024113977832374286,0.0
analytic_single,456,≥10%,0.0,0.02,1,1.0,4.0,0.0002235067306669193,0.0
analytic_single,456,≥10%,0.0,0.05,1,1.0,4.0,0.0002235067306669193,0.0
analytic_single,456,≥10%,0.01,0.02,20,1.0,4.0,0.0043891842561946965,0.0
analytic_single,456,≥10%,0.01,0.05,20,1.0,4.0,0.0043891842561946965,0.0
analytic_single,456,≥10%,0.05,0.02,20,0.55,3.45,0.02151783682234664,0.0
analytic_single,456,≥10%,0.05,0.05,20,0.95,3.95,0.02151783682234664,0.0
analytic_single,492,5–<10%,0.0,0.02,1,1.0,4.0,0.0005175876233111383,0.0
analytic_single,492,5–<10%,0.0,0.05,1,1.0,4.0,0.0005175876233111383,0.0
analytic_single,492,5–<10%,0.01,0.02,20,1.0,4.0,0.004005121508009359,0.0
analytic_single,492,5–<10%,0.01,0.05,20,1.0,4.0,0.004005121508009359,0.0
analytic_single,492,5–<10%,0.05,0.02,20,0.5,3.5,0.02019859745030596,0.0
analytic_single,492,5–<10%,0.05,0.05,20,1.0,4.0,0.02019859745030596,0.0
analytic_single,494,1–<5%,0.0,0.02,1,1.0,4.0,0.0002661663658786287,0.0
analytic_single,494,1–<5%,0.0,0.05,1,1.0,4.0,0.0002661663658786287,0.0
analytic_single,494,1–<5%,0.01,0.02,20,1.0,4.0,0.0035254134624748052,0.0
analytic_single,494,1–<5%,0.01,0.05,20,1.0,4.0,0.0035254134624748052,0.0
analytic_single,494,1–<5%,0.05,0.02,20,0.75,3.65,0.017999904507790928,0.0
analytic_single,494,1–<5%,0.05,0.05,20,1.0,4.0,0.017999904507790928,0.0
analytic_single,506,5–<10%,0.0,0.02,1,1.0,4.0,0.00029966156129065724,0.0
analytic_single,506,5–<10%,0.0,0.05,1,1.0,4.0,0.00029966156129065724,0.0
analytic_single,506,5–<10%,0.01,0.02,20,1.0,4.0,0.006343974020031337,0.0
analytic_single,506,5–<10%,0.01,0.05,20,1.0,4.0,0.006343974020031337,0.0
analytic_single,506,5–<10%,0.05,0.02,20,0.45,3.3,0.031265586622207034,0.0
analytic_single,506,5–<10%,0.05,0.05,20,0.7,3.7,0.031265586622207034,0.0
analytic_single,531,1–<5%,0.0,0.02,1,1.0,4.0,0.00037670016121334687,0.0
analytic_single,531,1–<5%,0.0,0.05,1,1.0,4.0,0.00037670016121334687,0.0
analytic_single,531,1–<5%,0.01,0.02,20,1.0,4.0,0.005241362743417693,0.0
analytic_single,531,1–<5%,0.01,0.05,20,1.0,4.0,0.005241362743417693,0.0
analytic_single,531,1–<5%,0.05,0.02,20,0.45,3.25,0.02566110541696866,0.0
analytic_single,531,1–<5%,0.05,0.05,20,0.95,3.95,0.02566110541696866,0.0
analytic_single,532,1–<5%,0.0,0.02,1,1.0,4.0,0.0004021587526265359,0.0
analytic_single,532,1–<5%,0.0,0.05,1,1.0,4.0,0.0004021587526265359,0.0
analytic_single,532,1–<5%,0.01,0.02,20,1.0,4.0,0.0046770708259877775,0.0
analytic_single,532,1–<5%,0.01,0.05,20,1.0,4.0,0.0046770708259877775,0.0
analytic_single,532,1–<5%,0.05,0.02,20,0.5,3.4,0.022735723961783957,0.0
analytic_single,532,1–<5%,0.05,0.05,20,0.9,3.9,0.022735723961783957,0.0
analytic_single,536,5–<10%,0.0,0.02,1,1.0,4.0,0.0003265386342114985,0.0
analytic_single,536,5–<10%,0.0,0.05,1,1.0,4.0,0.0003265386342114985,0.0
analytic_single,536,5–<10%,0.01,0.02,20,1.0,4.0,0.003478799776235364,0.0
analytic_single,536,5–<10%,0.01,0.05,20,1.0,4.0,0.003478799776235364,0.0
analytic_single,536,5–<10%,0.05,0.02,20,0.65,3.55,0.017139818629969557,0.0
analytic_single,536,5–<10%,0.05,0.05,20,1.0,4.0,0.017139818629969557,0.0
analytic_single,547,5–<10%,0.0,0.02,1,1.0,4.0,0.000414455672315824,0.0
analytic_single,547,5–<10%,0.0,0.05,1,1.0,4.0,0.000414455672315824,0.0
analytic_single,547,5–<10%,0.01,0.02,20,1.0,4.0,0.004413880985887178,0.0
analytic_single,547,5–<10%,0.01,0.05,20,1.0,4.0,0.004413880985887178,0.0
analytic_single,547,5–<10%,0.05,0.02,20,0.45,3.4,0.021956325650253756,0.0
analytic_single,547,5–<10%,0.05,0.05,20,1.0,4.0,0.021956325650253756,0.0
analytic_single,564,≥10%,0.0,0.02,1,1.0,4.0,0.0002032704699978682,0.0
analytic_single,564,≥10%,0.0,0.05,1,1.0,4.0,0.0002032704699978682,0.0
analytic_single,564,≥10%,0.01,0.02,20,1.0,4.0,0.004421782275859968,0.0
analytic_single,564,≥10%,0.01,0.05,20,1.0,4.0,0.004421782275859968,0.0
analytic_single,564,≥10%,0.05,0.02,20,0.5,3.4,0.02235674478927057,0.0
analytic_single,564,≥10%,0.05,0.05,20,1.0,4.0,0.02235674478927057,0.0
analytic_single,573,1–<5%,0.0,0.02,1,1.0,4.0,0.00020395871432796702,0.0
analytic_single,573,1–<5%,0.0,0.05,1,1.0,4.0,0.00020395871432796702,0.0
analytic_single,573,1–<5%,0.01,0.02,20,1.0,4.0,0.004109142396253802,0.0
analytic_single,573,1–<5%,0.01,0.05,20,1.0,4.0,0.004109142396253802,0.0
analytic_single,573,1–<5%,0.05,0.02,20,0.5,3.4,0.020612645281168202,0.0
analytic_single,573,1–<5%,0.05,0.05,20,1.0,4.0,0.020612645281168202,0.0
analytic_single,575,5–<10%,0.0,0.02,1,1.0,4.0,0.0003508135139948682,0.0
analytic_single,575,5–<10%,0.0,0.05,1,1.0,4.0,0.0003508135139948682,0.0
analytic_single,575,5–<10%,0.01,0.02,20,1.0,4.0,0.003860660479515739,0.0
analytic_single,575,5–<10%,0.01,0.05,20,1.0,4.0,0.003860660479515739,0.0
analytic_single,575,5–<10%,0.05,0.02,20,0.55,3.5,0.0190797609353472,0.0
analytic_single,575,5–<10%,0.05,0.05,20,1.0,4.0,0.0190797609353472,0.0
analytic_single,579,<1%,0.0,0.02,1,1.0,4.0,0.00042062526911669057,0.0
analytic_single,579,<1%,0.0,0.05,1,1.0,4.0,0.00042062526911669057,0.0
analytic_single,579,<1%,0.01,0.02,20,1.0,4.0,0.004088011199563559,0.0
analytic_single,579,<1%,0.01,0.05,20,1.0,4.0,0.004088011199563559,0.0
analytic_single,579,<1%,0.05,0.02,20,0.55,3.45,0.02021930620419063,0.0
analytic_single,579,<1%,0.05,0.05,20,0.95,3.95,0.02021930620419063,0.0
analytic_single,591,≥10%,0.0,0.02,1,1.0,4.0,0.00024194789999619677,0.0
analytic_single,591,≥10%,0.0,0.05,1,1.0,4.0,0.00024194789999619677,0.0
analytic_single,591,≥10%,0.01,0.02,20,1.0,4.0,0.00538809882143986,0.0
analytic_single,591,≥10%,0.01,0.05,20,1.0,4.0,0.00538809882143986,0.0
analytic_single,591,≥10%,0.05,0.02,20,0.35,2.9,0.026967008244649572,0.0
analytic_single,591,≥10%,0.05,0.05,20,0.95,3.95,0.026967008244649572,0.0
analytic_single,601,5–<10%,0.0,0.02,1,1.0,4.0,0.0004301505866706575,0.0
analytic_single,601,5–<10%,0.0,0.05,1,1.0,4.0,0.0004301505866706575,0.0
analytic_single,601,5–<10%,0.01,0.02,20,1.0,4.0,0.004207408003334319,0.0
analytic_single,601,5–<10%,0.01,0.05,20,1.0,4.0,0.004207408003334319,0.0
analytic_single,601,5–<10%,0.05,0.02,20,0.5,3.4,0.020798938777905764,0.0
analytic_single,601,5–<10%,0.05,0.05,20,0.95,3.95,0.020798938777905764,0.0
analytic_single,606,<1%,0.0,0.02,1,1.0,4.0,0.0006631520607421885,0.0
analytic_single,606,<1%,0.0,0.05,1,1.0,4.0,0.0006631520607421885,0.0
analytic_single,606,<1%,0.01,0.02,20,1.0,4.0,0.0035264794221839513,0.0
analytic_single,606,<1%,0.01,0.05,20,1.0,4.0,0.0035264794221839513,0.0
analytic_single,606,<1%,0.05,0.02,20,0.7,3.6,0.017597014119419146,0.0
analytic_single,606,<1%,0.05,0.05,20,0.95,3.95,0.017597014119419146,0.0
analytic_single,607,1–<5%,0.0,0.02,1,1.0,4.0,0.0005005896896051428,0.0
analytic_single,607,1–<5%,0.0,0.05,1,1.0,4.0,0.0005005896896051428,0.0
analytic_single,607,1–<5%,0.01,0.02,20,1.0,4.0,0.0027843534765732403,0.0
analytic_single,607,1–<5%,0.01,0.05,20,1.0,4.0,0.0027843534765732403,0.0
analytic_single,607,1–<5%,0.05,0.02,20,0.55,3.5,0.014022257347025016,0.0
analytic_single,607,1–<5%,0.05,0.05,20,1.0,4.0,0.014022257347025016,0.0
analytic_single,641,≥10%,0.0,0.02,1,1.0,4.0,0.00017626401197469622,0.0
analytic_single,641,≥10%,0.0,0.05,1,1.0,4.0,0.00017626401197469622,0.0
analytic_single,641,≥10%,0.01,0.02,20,0.95,3.95,0.007002749109707743,0.0
analytic_single,641,≥10%,0.01,0.05,20,1.0,4.0,0.007002749109707743,0.0
analytic_single,641,≥10%,0.05,0.02,20,0.3,3.1,0.03403148670345648,0.0
analytic_single,641,≥10%,0.05,0.05,20,0.8,3.8,0.03403148670345648,0.0
analytic_single,647,<1%,0.0,0.02,1,1.0,4.0,0.00044139800700600566,0.0
analytic_single,647,<1%,0.0,0.05,1,1.0,4.0,0.00044139800700600566,0.0
analytic_single,647,<1%,0.01,0.02,20,1.0,4.0,0.006570684724418956,0.0
analytic_single,647,<1%,0.01,0.05,20,1.0,4.0,0.006570684724418956,0.0
analytic_single,647,<1%,0.05,0.02,20,0.3,2.9,0.032286320612762515,0.0
analytic_single,647,<1%,0.05,0.05,20,0.8,3.8,0.032286320612762515,0.0
analytic_single,648,5–<10%,0.0,0.02,1,1.0,4.0,0.0006364539777747088,0.0
analytic_single,648,5–<10%,0.0,0.05,1,1.0,4.0,0.0006364539777747088,0.0
analytic_single,648,5–<10%,0.01,0.02,20,1.0,4.0,0.00452139057076285,0.0
analytic_single,648,5–<10%,0.01,0.05,20,1.0,4.0,0.00452139057076285,0.0
analytic_single,648,5–<10%,0.05,0.02,20,0.55,3.5,0.0222926911518595,0.0
analytic_single,648,5–<10%,0.05,0.05,20,1.0,4.0,0.0222926911518595,0.0
analytic_single,660,<1%,0.0,0.02,1,1.0,4.0,0.0004774416704834911,0.0
analytic_single,660,<1%,0.0,0.05,1,1.0,4.0,0.0004774416704834911,0.0
analytic_single,660,<1%,0.01,0.02,20,1.0,4.0,0.004078754874021972,0.0
analytic_single,660,<1%,0.01,0.05,20,1.0,4.0,0.004078754874021972,0.0
analytic_single,660,<1%,0.05,0.02,20,0.55,3.4,0.019979597724946983,0.0
analytic_single,660,<1%,0.05,0.05,20,0.9,3.9,0.019979597724946983,0.0
analytic_single,690,<1%,0.0,0.02,1,1.0,4.0,0.0006570859519769061,0.0
analytic_single,690,<1%,0.0,0.05,1,1.0,4.0,0.0006570859519769061,0.0
analytic_single,690,<1%,0.01,0.02,20,1.0,4.0,0.004417040741532491,0.0
analytic_single,690,<1%,0.01,0.05,20,1.0,4.0,0.004417040741532491,0.0
analytic_single,690,<1%,0.05,0.02,20,0.5,3.45,0.022649177718540116,0.0
analytic_single,690,<1%,0.05,0.05,20,0.95,3.95,0.022649177718540116,0.0
analytic_single,710,<1%,0.0,0.02,1,1.0,4.0,0.0004984249944861549,0.0
analytic_single,710,<1%,0.0,0.05,1,1.0,4.0,0.0004984249944861549,0.0
analytic_single,710,<1%,0.01,0.02,20,1.0,4.0,0.005382637951874629,0.0
analytic_single,710,<1%,0.01,0.05,20,1.0,4.0,0.005382637951874629,0.0
analytic_single,710,<1%,0.05,0.02,20,0.4,3.15,0.026788325368804294,0.0
analytic_single,710,<1%,0.05,0.05,20,0.95,3.95,0.026788325368804294,0.0
analytic_single,712,5–<10%,0.0,0.02,1,1.0,4.0,0.000396533640557757,0.0
analytic_single,712,5–<10%,0.0,0.05,1,1.0,4.0,0.000396533640557757,0.0
analytic_single,712,5–<10%,0.01,0.02,20,1.0,4.0,0.004397031721082162,0.0
analytic_single,712,5–<10%,0.01,0.05,20,1.0,4.0,0.004397031721082162,0.0
analytic_single,712,5–<10%,0.05,0.02,20,0.55,3.55,0.0218124750995835,0.0
analytic_single,712,5–<10%,0.05,0.05,20,0.95,3.95,0.0218124750995835,0.0
analytic_single,722,<1%,0.0,0.02,1,1.0,4.0,0.00037516582639533514,0.0
analytic_single,722,<1%,0.0,0.05,1,1.0,4.0,0.00037516582639533514,0.0
analytic_single,722,<1%,0.01,0.02,20,1.0,4.0,0.005157391104753065,0.0
analytic_single,722,<1%,0.01,0.05,20,1.0,4.0,0.005157391104753065,0.0
analytic_single,722,<1%,0.05,0.02,20,0.4,3.35,0.025390630660233737,0.0
analytic_single,722,<1%,0.05,0.05,20,0.95,3.95,0.025390630660233737,0.0
analytic_single,731,<1%,0.0,0.02,1,1.0,4.0,0.000486639837617646,0.0
analytic_single,731,<1%,0.0,0.05,1,1.0,4.0,0.000486639837617646,0.0
analytic_single,731,<1%,0.01,0.02,20,1.0,4.0,0.004188805545688037,0.0
analytic_single,731,<1%,0.01,0.05,20,1.0,4.0,0.004188805545688037,0.0
analytic_single,731,<1%,0.05,0.02,20,0.6,3.55,0.02083848444945999,0.0
analytic_single,731,<1%,0.05,0.05,20,0.9,3.9,0.02083848444945999,0.0
analytic_single,749,<1%,0.0,0.02,1,1.0,4.0,0.0004878189128896025,0.0
analytic_single,749,<1%,0.0,0.05,1,1.0,4.0,0.0004878189128896025,0.0
analytic_single,749,<1%,0.01,0.02,20,1.0,4.0,0.004074580943790674,0.0
analytic_single,749,<1%,0.01,0.05,20,1.0,4.0,0.004074580943790674,0.0
analytic_single,749,<1%,0.05,0.02,20,0.55,3.35,0.020098076175187714,0.0
analytic_single,749,<1%,0.05,0.05,20,1.0,4.0,0.020098076175187714,0.0
analytic_single,776,5–<10%,0.0,0.02,1,1.0,4.0,0.00038782446292108075,0.0
analytic_single,776,5–<10%,0.0,0.05,1,1.0,4.0,0.00038782446292108075,0.0
analytic_single,776,5–<10%,0.01,0.02,20,1.0,4.0,0.005986106615057505,0.0
analytic_single,776,5–<10%,0.01,0.05,20,1.0,4.0,0.005986106615057505,0.0
analytic_single,776,5–<10%,0.05,0.02,20,0.25,2.85,0.030649640730789362,0.0
analytic_single,776,5–<10%,0.05,0.05,20,0.9,3.9,0.030649640730789362,0.0
analytic_single,777,1–<5%,0.0,0.02,1,1.0,4.0,0.0003129296405512077,0.0
analytic_single,777,1–<5%,0.0,0.05,1,1.0,4.0,0.0003129296405512077,0.0
analytic_single,777,1–<5%,0.01,0.02,20,1.0,4.0,0.002873025245377789,0.0
analytic_single,777,1–<5%,0.01,0.05,20,1.0,4.0,0.002873025245377789,0.0
analytic_single,777,1–<5%,0.05,0.02,20,0.85,3.8,0.014373066955470254,0.0
analytic_single,777,1–<5%,0.05,0.05,20,1.0,4.0,0.014373066955470254,0.0
analytic_single,784,5–<10%,0.0,0.02,1,1.0,4.0,0.00018709802655149754,0.0
analytic_single,784,5–<10%,0.0,0.05,1,1.0,4.0,0.00018709802655149754,0.0
analytic_single,784,5–<10%,0.01,0.02,20,1.0,4.0,0.002566413232734204,0.0
analytic_single,784,5–<10%,0.01,0.05,20,1.0,4.0,0.002566413232734204,0.0
analytic_single,784,5–<10%,0.05,0.02,20,0.75,3.7,0.01256918706262758,0.0
analytic_single,784,5–<10%,0.05,0.05,20,1.0,4.0,0.01256918706262758,0.0
analytic_single,789,5–<10%,0.0,0.02,1,1.0,4.0,0.0002198022789698152,0.0
analytic_single,789,5–<10%,0.0,0.05,1,1.0,4.0,0.0002198022789698152,0.0
analytic_single,789,5–<10%,0.01,0.02,20,1.0,4.0,0.003604444065908425,0.0
analytic_single,789,5–<10%,0.01,0.05,20,1.0,4.0,0.003604444065908425,0.0
analytic_single,789,5–<10%,0.05,0.02,20,0.6,3.55,0.018188113944074137,0.0
analytic_single,789,5–<10%,0.05,0.05,20,1.0,4.0,0.018188113944074137,0.0
analytic_single,792,5–<10%,0.0,0.02,1,1.0,4.0,0.00034520077763043096,0.0
analytic_single,792,5–<10%,0.0,0.05,1,1.0,4.0,0.00034520077763043096,0.0
analytic_single,792,5–<10%,0.01,0.02,20,1.0,4.0,0.006242768922913975,0.0
analytic_single,792,5–<10%,0.01,0.05,20,1.0,4.0,0.006242768922913975,0.0
analytic_single,792,5–<10%,0.05,0.02,20,0.35,3.1,0.031152265415990272,0.0
analytic_single,792,5–<10%,0.05,0.05,20,0.85,3.85,0.031152265415990272,0.0
analytic_single,797,1–<5%,0.0,0.02,1,1.0,4.0,0.0006450381999902432,0.0
analytic_single,797,1–<5%,0.0,0.05,1,1.0,4.0,0.0006450381999902432,0.0
analytic_single,797,1–<5%,0.01,0.02,20,1.0,4.0,0.004582731689666917,0.0
analytic_single,797,1–<5%,0.01,0.05,20,1.0,4.0,0.004582731689666917,0.0
analytic_single,797,1–<5%,0.05,0.02,20,0.55,3.45,0.021813848343581466,0.0
analytic_single,797,1–<5%,0.05,0.05,20,0.95,3.95,0.021813848343581466,0.0
analytic_single,804,≥10%,0.0,0.02,1,1.0,4.0,0.00012361709469888252,0.0
analytic_single,804,≥10%,0.0,0.05,1,1.0,4.0,0.00012361709469888252,0.0
analytic_single,804,≥10%,0.01,0.02,20,1.0,4.0,0.003918531173811806,0.0
analytic_single,804,≥10%,0.01,0.05,20,1.0,4.0,0.003918531173811806,0.0
analytic_single,804,≥10%,0.05,0.02,20,0.55,3.4,0.01927672586091688,0.0
analytic_single,804,≥10%,0.05,0.05,20,1.0,4.0,0.01927672586091688,0.0
analytic_single,815,<1%,0.0,0.02,1,1.0,4.0,0.00012258825494724116,0.0
analytic_single,815,<1%,0.0,0.05,1,1.0,4.0,0.00012258825494724116,0.0
analytic_single,815,<1%,0.01,0.02,20,1.0,4.0,0.0033546765367342664,0.0
analytic_single,815,<1%,0.01,0.05,20,1.0,4.0,0.0033546765367342664,0.0
analytic_single,815,<1%,0.05,0.02,20,0.7,3.6,0.017002178533623676,0.0
analytic_single,815,<1%,0.05,0.05,20,1.0,4.0,0.017002178533623676,0.0
analytic_single,820,<1%,0.0,0.02,1,1.0,4.0,0.00023227135143377868,0.0
analytic_single,820,<1%,0.0,0.05,1,1.0,4.0,0.00023227135143377868,0.0
analytic_single,820,<1%,0.01,0.02,20,1.0,4.0,0.0034723945491179293,0.0
analytic_single,820,<1%,0.01,0.05,20,1.0,4.0,0.0034723945491179293,0.0
analytic_single,820,<1%,0.05,0.02,20,0.5,3.45,0.017873678714017398,0.0
analytic_single,820,<1%,0.05,0.05,20,1.0,4.0,0.017873678714017398,0.0
analytic_single,822,5–<10%,0.0,0.02,1,1.0,4.0,0.00022924457457438785,0.0
analytic_single,822,5–<10%,0.0,0.05,1,1.0,4.0,0.00022924457457438785,0.0
analytic_single,822,5–<10%,0.01,0.02,20,1.0,4.0,0.004213824756381708,0.0
analytic_single,822,5–<10%,0.01,0.05,20,1.0,4.0,0.004213824756381708,0.0
analytic_single,822,5–<10%,0.05,0.02,20,0.55,3.55,0.0207367703564179,0.0
analytic_single,822,5–<10%,0.05,0.05,20,1.0,4.0,0.0207367703564179,0.0
analytic_single,841,≥10%,0.0,0.02,1,1.0,4.0,0.00021454107363306265,0.0
analytic_single,841,≥10%,0.0,0.05,1,1.0,4.0,0.00021454107363306265,0.0
analytic_single,841,≥10%,0.01,0.02,20,1.0,4.0,0.004534442789858608,0.0
analytic_single,841,≥10%,0.01,0.05,20,1.0,4.0,0.004534442789858608,0.0
analytic_single,841,≥10%,0.05,0.02,20,0.5,3.45,0.022657364710426044,0.0
analytic_single,841,≥10%,0.05,0.05,20,0.95,3.95,0.022657364710426044,0.0
analytic_single,851,1–<5%,0.0,0.02,1,1.0,4.0,0.00024703512246608577,0.0
analytic_single,851,1–<5%,0.0,0.05,1,1.0,4.0,0.00024703512246608577,0.0
analytic_single,851,1–<5%,0.01,0.02,20,1.0,4.0,0.004278390897017971,0.0
analytic_single,851,1–<5%,0.01,0.05,20,1.0,4.0,0.004278390897017971,0.0
analytic_single,851,1–<5%,0.05,0.02,20,0.6,3.55,0.02125821415250366,0.0
analytic_single,851,1–<5%,0.05,0.05,20,0.95,3.95,0.02125821415250366,0.0
analytic_single,870,≥10%,0.0,0.02,1,1.0,4.0,0.00018922240580574733,0.0
analytic_single,870,≥10%,0.0,0.05,1,1.0,4.0,0.00018922240580574733,0.0
analytic_single,870,≥10%,0.01,0.02,20,1.0,4.0,0.003821417462277718,0.0
analytic_single,870,≥10%,0.01,0.05,20,1.0,4.0,0.003821417462277718,0.0
analytic_single,870,≥10%,0.05,0.02,20,0.65,3.65,0.018827353103003285,0.0
analytic_single,870,≥10%,0.05,0.05,20,1.0,4.0,0.018827353103003285,0.0
analytic_single,877,5–<10%,0.0,0.02,1,1.0,4.0,0.0005924045564813319,0.0
analytic_single,877,5–<10%,0.0,0.05,1,1.0,4.0,0.0005924045564813319,0.0
analytic_single,877,5–<10%,0.01,0.02,20,1.0,4.0,0.00562713383547198,0.0
analytic_single,877,5–<10%,0.01,0.05,20,1.0,4.0,0.00562713383547198,0.0
analytic_single,877,5–<10%,0.05,0.02,20,0.35,3.3,0.027574263623299095,0.0
analytic_single,877,5–<10%,0.05,0.05,20,0.9,3.9,0.027574263623299095,0.0
analytic_single,884,≥10%,0.0,0.02,1,1.0,4.0,0.00012165370887045417,0.0
analytic_single,884,≥10%,0.0,0.05,1,1.0,4.0,0.00012165370887045417,0.0
analytic_single,884,≥10%,0.01,0.02,20,1.0,4.0,0.0053414358520531705,0.0
analytic_single,884,≥10%,0.01,0.05,20,1.0,4.0,0.0053414358520531705,0.0
analytic_single,884,≥10%,0.05,0.02,20,0.4,3.3,0.027034443040552462,0.0
analytic_single,884,≥10%,0.05,0.05,20,0.85,3.85,0.027034443040552462,0.0
analytic_single,887,<1%,0.0,0.02,1,1.0,4.0,0.00023435146575451855,0.0
analytic_single,887,<1%,0.0,0.05,1,1.0,4.0,0.00023435146575451855,0.0
analytic_single,887,<1%,0.01,0.02,20,1.0,4.0,0.006537607572216055,0.0
analytic_single,887,<1%,0.01,0.05,20,1.0,4.0,0.006537607572216055,0.0
analytic_single,887,<1%,0.05,0.02,20,0.15,2.65,0.03285904405894982,0.0
analytic_single,887,<1%,0.05,0.05,20,0.95,3.95,0.03285904405894982,0.0
analytic_single,888,5–<10%,0.0,0.02,1,1.0,4.0,0.0001975901639845836,0.0
analytic_single,888,5–<10%,0.0,0.05,1,1.0,4.0,0.0001975901639845836,0.0
analytic_single,888,5–<10%,0.01,0.02,20,1.0,4.0,0.0036372123890129416,0.0
analytic_single,888,5–<10%,0.01,0.05,20,1.0,4.0,0.0036372123890129416,0.0
analytic_single,888,5–<10%,0.05,0.02,20,0.6,3.55,0.018238038557425958,0.0
analytic_single,888,5–<10%,0.05,0.05,20,0.95,3.95,0.018238038557425958,0.0
analytic_single,896,≥10%,0.0,0.02,1,1.0,4.0,0.00022310910630630242,0.0
analytic_single,896,≥10%,0.0,0.05,1,1.0,4.0,0.00022310910630630242,0.0
analytic_single,896,≥10%,0.01,0.02,20,1.0,4.0,0.005838746017650689,0.0
analytic_single,896,≥10%,0.01,0.05,20,1.0,4.0,0.005838746017650689,0.0
analytic_single,896,≥10%,0.05,0.02,20,0.4,3.35,0.029041224390095044,0.0
analytic_single,896,≥10%,0.05,0.05,20,0.85,3.85,0.029041224390095044,0.0
analytic_single,899,≥10%,0.0,0.02,1,1.0,4.0,0.0003935507206628766,0.0
analytic_single,899,≥10%,0.0,0.05,1,1.0,4.0,0.0003935507206628766,0.0
analytic_single,899,≥10%,0.01,0.02,20,1.0,4.0,0.007085954213985482,0.0
analytic_single,899,≥10%,0.01,0.05,20,1.0,4.0,0.007085954213985482,0.0
analytic_single,899,≥10%,0.05,0.02,20,0.3,3.0,0.03553527166110643,0.0
analytic_single,899,≥10%,0.05,0.05,20,0.75,3.7,0.03553527166110643,0.0
analytic_single,904,5–<10%,0.0,0.02,1,1.0,4.0,0.0003388621825707733,0.0
analytic_single,904,5–<10%,0.0,0.05,1,1.0,4.0,0.0003388621825707733,0.0
analytic_single,904,5–<10%,0.01,0.02,20,0.95,3.95,0.007830912030220693,0.0
analytic_single,904,5–<10%,0.01,0.05,20,1.0,4.0,0.007830912030220693,0.0
analytic_single,904,5–<10%,0.05,0.02,20,0.3,2.9,0.03969791016485711,0.0
analytic_single,904,5–<10%,0.05,0.05,20,0.65,3.65,0.03969791016485711,0.0
analytic_single,912,1–<5%,0.0,0.02,1,1.0,4.0,0.00034319069081277325,0.0
analytic_single,912,1–<5%,0.0,0.05,1,1.0,4.0,0.00034319069081277325,0.0
analytic_single,912,1–<5%,0.01,0.02,20,1.0,4.0,0.00494999262030856,0.0
analytic_single,912,1–<5%,0.01,0.05,20,1.0,4.0,0.00494999262030856,0.0
analytic_single,912,1–<5%,0.05,0.02,20,0.35,3.1,0.02420794263896478,0.0
analytic_single,912,1–<5%,0.05,0.05,20,0.95,3.95,0.02420794263896478,0.0
analytic_single,930,1–<5%,0.0,0.02,1,1.0,4.0,0.00019229727862772982,0.0
analytic_single,930,1–<5%,0.0,0.05,1,1.0,4.0,0.00019229727862772982,0.0
analytic_single,930,1–<5%,0.01,0.02,20,1.0,4.0,0.007074052666490629,0.0
analytic_single,930,1–<5%,0.01,0.05,20,1.0,4.0,0.007074052666490629,0.0
analytic_single,930,1–<5%,0.05,0.02,20,0.3,3.3,0.03487444457755909,0.0
analytic_single,930,1–<5%,0.05,0.05,20,0.8,3.8,0.03487444457755909,0.0
analytic_single,931,1–<5%,0.0,0.02,1,1.0,4.0,0.0004832613717123939,0.0
analytic_single,931,1–<5%,0.0,0.05,1,1.0,4.0,0.0004832613717123939,0.0
analytic_single,931,1–<5%,0.01,0.02,20,1.0,4.0,0.0052270413091465295,0.0
analytic_single,931,1–<5%,0.01,0.05,20,1.0,4.0,0.0052270413091465295,0.0
analytic_single,931,1–<5%,0.05,0.02,20,0.4,3.3,0.025573228952975223,0.0
analytic_single,931,1–<5%,0.05,0.05,20,0.9,3.9,0.025573228952975223,0.0
analytic_single,938,≥10%,0.0,0.02,1,1.0,4.0,0.00025163146397341366,0.0
analytic_single,938,≥10%,0.0,0.05,1,1.0,4.0,0.00025163146397341366,0.0
analytic_single,938,≥10%,0.01,0.02,20,1.0,4.0,0.003487422038031723,0.0
analytic_single,938,≥10%,0.01,0.05,20,1.0,4.0,0.003487422038031723,0.0
analytic_single,938,≥10%,0.05,0.02,20,0.6,3.6,0.017469418255180218,0.0
analytic_single,938,≥10%,0.05,0.05,20,1.0,4.0,0.017469418255180218,0.0
analytic_single,939,1–<5%,0.0,0.02,1,1.0,4.0,0.00044096410263571407,0.0
analytic_single,939,1–<5%,0.0,0.05,1,1.0,4.0,0.00044096410263571407,0.0
analytic_single,939,1–<5%,0.01,0.02,20,1.0,4.0,0.00487341660637404,0.0
analytic_single,939,1–<5%,0.01,0.05,20,1.0,4.0,0.00487341660637404,0.0
analytic_single,939,1–<5%,0.05,0.02,20,0.55,3.5,0.024440585785988567,0.0
analytic_single,939,1–<5%,0.05,0.05,20,0.9,3.9,0.024440585785988567,0.0
analytic_single,944,1–<5%,0.0,0.02,1,1.0,4.0,0.00037916553679305054,0.0
analytic_single,944,1–<5%,0.0,0.05,1,1.0,4.0,0.00037916553679305054,0.0
analytic_single,944,1–<5%,0.01,0.02,20,1.0,4.0,0.004501390517882662,0.0
analytic_single,944,1–<5%,0.01,0.05,20,1.0,4.0,0.004501390517882662,0.0
analytic_single,944,1–<5%,0.05,0.02,20,0.4,3.4,0.022423061228308207,0.0
analytic_single,944,1–<5%,0.05,0.05,20,0.95,3.95,0.022423061228308207,0.0
analytic_single,946,5–<10%,0.0,0.02,1,1.0,4.0,0.00021023588775630756,0.0
analytic_single,946,5–<10%,0.0,0.05,1,1.0,4.0,0.00021023588775630756,0.0
analytic_single,946,5–<10%,0.01,0.02,20,1.0,4.0,0.002310405378080977,0.0
analytic_single,946,5–<10%,0.01,0.05,20,1.0,4.0,0.002310405378080977,0.0
analytic_single,946,5–<10%,0.05,0.02,20,0.95,3.95,0.011468069869549204,0.0
analytic_single,946,5–<10%,0.05,0.05,20,1.0,4.0,0.011468069869549204,0.0
analytic_single,950,1–<5%,0.0,0.02,1,1.0,4.0,0.00039207336410143195,0.0
analytic_single,950,1–<5%,0.0,0.05,1,1.0,4.0,0.00039207336410143195,0.0
analytic_single,950,1–<5%,0.01,0.02,20,1.0,4.0,0.007204141897493547,0.0
analytic_single,950,1–<5%,0.01,0.05,20,1.0,4.0,0.007204141897493547,0.0
analytic_single,950,1–<5%,0.05,0.02,20,0.1,3.0,0.03614308089207039,0.0
analytic_single,950,1–<5%,0.05,0.05,20,0.85,3.85,0.03614308089207039,0.0
analytic_single,954,<1%,0.0,0.02,1,1.0,4.0,0.0003212618905568832,0.0
analytic_single,954,<1%,0.0,0.05,1,1.0,4.0,0.0003212618905568832,0.0
analytic_single,954,<1%,0.01,0.02,20,1.0,4.0,0.0030322536203818275,0.0
analytic_single,954,<1%,0.01,0.05,20,1.0,4.0,0.0030322536203818275,0.0
analytic_single,954,<1%,0.05,0.02,20,0.75,3.7,0.015070614874629722,0.0
analytic_single,954,<1%,0.05,0.05,20,0.95,3.95,0.015070614874629722,0.0
analytic_single,967,≥10%,0.0,0.02,1,1.0,4.0,0.00019704465711445368,0.0
analytic_single,967,≥10%,0.0,0.05,1,1.0,4.0,0.00019704465711445368,0.0
analytic_single,967,≥10%,0.01,0.02,20,1.0,4.0,0.0036534534995568317,0.0
analytic_single,967,≥10%,0.01,0.05,20,1.0,4.0,0.0036534534995568317,0.0
analytic_single,967,≥10%,0.05,0.02,20,0.65,3.45,0.018114215291470278,0.0
analytic_single,967,≥10%,0.05,0.05,20,1.0,4.0,0.018114215291470278,0.0
analytic_single,982,1–<5%,0.0,0.02,1,1.0,4.0,0.0005786254591534477,0.0
analytic_single,982,1–<5%,0.0,0.05,1,1.0,4.0,0.0005786254591534477,0.0
analytic_single,982,1–<5%,0.01,0.02,20,1.0,4.0,0.00652323831255625,0.0
analytic_single,982,1–<5%,0.01,0.05,20,1.0,4.0,0.00652323831255625,0.0
analytic_single,982,1–<5%,0.05,0.02,20,0.25,3.05,0.03231934939587346,0.0
analytic_single,982,1–<5%,0.05,0.05,20,0.9,3.9,0.03231934939587346,0.0
analytic_single,993,<1%,0.0,0.02,1,1.0,4.0,0.00023842101908817367,0.0
analytic_single,993,<1%,0.0,0.05,1,1.0,4.0,0.00023842101908817367,0.0
analytic_single,993,<1%,0.01,0.02,20,1.0,4.0,0.0041148248780523596,0.0
analytic_single,993,<1%,0.01,0.05,20,1.0,4.0,0.0041148248780523596,0.0
analytic_single,993,<1%,0.05,0.02,20,0.65,3.65,0.02049140128499614,0.0
analytic_single,993,<1%,0.05,0.05,20,0.9,3.9,0.02049140128499614,0.0
analytic_multi,3,≥10%,0.0,0.02,1,1.0,4.0,0.0003021692127202567,0.0
analytic_multi,3,≥10%,0.0,0.05,1,1.0,4.0,0.0003021692127202567,0.0
analytic_multi,3,≥10%,0.01,0.02,20,1.0,4.0,0.0028540844704122307,0.0
analytic_multi,3,≥10%,0.01,0.05,20,1.0,4.0,0.0028540844704122307,0.0
analytic_multi,3,≥10%,0.05,0.02,20,0.7,3.65,0.01395704073295429,0.0
analytic_multi,3,≥10%,0.05,0.05,20,1.0,4.0,0.01395704073295429,0.0
analytic_multi,8,5–<10%,0.0,0.02,1,1.0,4.0,0.0003654662154155772,0.0
analytic_multi,8,5–<10%,0.0,0.05,1,1.0,4.0,0.0003654662154155772,0.0
analytic_multi,8,5–<10%,0.01,0.02,20,1.0,4.0,0.0031885848913819305,0.0
analytic_multi,8,5–<10%,0.01,0.05,20,1.0,4.0,0.0031885848913819305,0.0
analytic_multi,8,5–<10%,0.05,0.02,20,0.65,3.5,0.01573496406903719,0.0
analytic_multi,8,5–<10%,0.05,0.05,20,1.0,4.0,0.01573496406903719,0.0
analytic_multi,15,≥10%,0.0,0.02,1,1.0,4.0,0.0003597076309833829,0.0
analytic_multi,15,≥10%,0.0,0.05,1,1.0,4.0,0.0003597076309833829,0.0
analytic_multi,15,≥10%,0.01,0.02,20,1.0,4.0,0.006208548329070438,0.0
analytic_multi,15,≥10%,0.01,0.05,20,1.0,4.0,0.006208548329070438,0.0
analytic_multi,15,≥10%,0.05,0.02,20,0.3,3.1,0.030867272052213224,0.0
analytic_multi,15,≥10%,0.05,0.05,20,0.85,3.85,0.030867272052213224,0.0
analytic_multi,28,≥10%,0.0,0.02,1,1.0,4.0,0.00027197027773340253,0.0
analytic_multi,28,≥10%,0.0,0.05,1,1.0,4.0,0.00027197027773340253,0.0
analytic_multi,28,≥10%,0.01,0.02,20,1.0,4.0,0.0053014875819724985,0.0
analytic_multi,28,≥10%,0.01,0.05,20,1.0,4.0,0.0053014875819724985,0.0
analytic_multi,28,≥10%,0.05,0.02,20,0.65,3.3,0.026481081751580975,0.0
analytic_multi,28,≥10%,0.05,0.05,20,0.9,3.85,0.026481081751580975,0.0
analytic_multi,40,5–<10%,0.0,0.02,1,1.0,4.0,0.00013071753419613956,0.0
analytic_multi,40,5–<10%,0.0,0.05,1,1.0,4.0,0.00013071753419613956,0.0
analytic_multi,40,5–<10%,0.01,0.02,20,1.0,4.0,0.005252862017336312,0.0
analytic_multi,40,5–<10%,0.01,0.05,20,1.0,4.0,0.005252862017336312,0.0
analytic_multi,40,5–<10%,0.05,0.02,20,0.5,3.45,0.02664331180303247,0.0
analytic_multi,40,5–<10%,0.05,0.05,20,0.85,3.85,0.02664331180303247,0.0
analytic_multi,43,<1%,0.0,0.02,1,0.0,2.0,0.23224510920140223,0.0
analytic_multi,43,<1%,0.0,0.05,1,0.0,3.0,0.23224510920140223,0.0
analytic_multi,43,<1%,0.01,0.02,20,0.0,2.5,0.231429550346739,0.0
analytic_multi,43,<1%,0.01,0.05,20,0.0,3.0,0.231429550346739,0.0
analytic_multi,43,<1%,0.05,0.02,20,0.0,1.7,0.35877996027316716,0.0
analytic_multi,43,<1%,0.05,0.05,20,0.0,2.45,0.35877996027316716,0.0
analytic_multi,45,≥10%,0.0,0.02,1,1.0,4.0,0.00011565185022884774,0.0
analytic_multi,45,≥10%,0.0,0.05,1,1.0,4.0,0.00011565185022884774,0.0
analytic_multi,45,≥10%,0.01,0.02,20,1.0,4.0,0.005842667711222454,0.0
analytic_multi,45,≥10%,0.01,0.05,20,1.0,4.0,0.005842667711222454,0.0
analytic_multi,45,≥10%,0.05,0.02,20,0.25,3.15,0.02870425334605704,0.0
analytic_multi,45,≥10%,0.05,0.05,20,0.9,3.9,0.02870425334605704,0.0
analytic_multi,47,5–<10%,0.0,0.02,1,1.0,4.0,0.00027019820744337414,0.0
analytic_multi,47,5–<10%,0.0,0.05,1,1.0,4.0,0.00027019820744337414,0.0
analytic_multi,47,5–<10%,0.01,0.02,20,1.0,4.0,0.0044508060779931274,0.0
analytic_multi,47,5–<10%,0.01,0.05,20,1.0,4.0,0.0044508060779931274,0.0
analytic_multi,47,5–<10%,0.05,0.02,20,0.5,3.5,0.022012455492416764,0.0
analytic_multi,47,5–<10%,0.05,0.05,20,0.9,3.9,0.022012455492416764,0.0
analytic_multi,80,≥10%,0.0,0.02,1,1.0,4.0,0.00047611379805069303,0.0
analytic_multi,80,≥10%,0.0,0.05,1,1.0,4.0,0.00047611379805069303,0.0
analytic_multi,80,≥10%,0.01,0.02,20,1.0,4.0,0.003943890887604709,0.0
analytic_multi,80,≥10%,0.01,0.05,20,1.0,4.0,0.003943890887604709,0.0
analytic_multi,80,≥10%,0.05,0.02,20,0.55,3.55,0.019476756937715476,0.0
analytic_multi,80,≥10%,0.05,0.05,20,1.0,4.0,0.019476756937715476,0.0
analytic_multi,83,≥10%,0.0,0.02,1,1.0,4.0,0.00028444805480178455,0.0
analytic_multi,83,≥10%,0.0,0.05,1,1.0,4.0,0.00028444805480178455,0.0
analytic_multi,83,≥10%,0.01,0.02,20,1.0,4.0,0.004854767437294678,0.0
analytic_multi,83,≥10%,0.01,0.05,20,1.0,4.0,0.004854767437294678,0.0
analytic_multi,83,≥10%,0.05,0.02,20,0.35,3.2,0.023927551300392605,0.0
analytic_multi,83,≥10%,0.05,0.05,20,0.95,3.95,0.023927551300392605,0.0
analytic_multi,86,≥10%,0.0,0.02,1,1.0,4.0,0.00039393369192562596,0.0
analytic_multi,86,≥10%,0.0,0.05,1,1.0,4.0,0.00039393369192562596,0.0
analytic_multi,86,≥10%,0.01,0.02,20,1.0,4.0,0.003304574941632734,0.0
analytic_multi,86,≥10%,0.01,0.05,20,1.0,4.0,0.003304574941632734,0.0
analytic_multi,86,≥10%,0.05,0.02,20,0.8,3.7,0.015704468023504385,0.0
analytic_multi,86,≥10%,0.05,0.05,20,1.0,4.0,0.015704468023504385,0.0
analytic_multi,101,<1%,0.0,0.02,1,0.0,1.0,0.13730758732560797,0.0
analytic_multi,101,<1%,0.0,0.05,1,0.0,1.0,0.13730758732560797,0.0
analytic_multi,101,<1%,0.01,0.02,20,0.35,3.15,0.027030476476147654,0.0
analytic_multi,101,<1%,0.01,0.05,20,0.95,3.9,0.027030476476147654,0.0
analytic_multi,101,<1%,0.05,0.02,20,0.55,3.45,0.019108254648100086,0.0
analytic_multi,101,<1%,0.05,0.05,20,0.95,3.95,0.019108254648100086,0.0
analytic_multi,117,<1%,0.0,0.02,1,0.0,2.0,0.3118222061871068,0.0
analytic_multi,117,<1%,0.0,0.05,1,0.0,2.0,0.3118222061871068,0.0
analytic_multi,117,<1%,0.01,0.02,20,0.0,2.05,0.3025159951232057,0.0
analytic_multi,117,<1%,0.01,0.05,20,0.0,2.05,0.3025159951232057,0.0
analytic_multi,117,<1%,0.05,0.02,20,0.0,2.0,0.24954345034531467,0.0
analytic_multi,117,<1%,0.05,0.05,20,0.0,2.5,0.24954345034531467,0.0
analytic_multi,140,1–<5%,0.0,0.02,1,0.0,3.0,0.1218241320274864,0.0
analytic_multi,140,1–<5%,0.0,0.05,1,0.0,3.0,0.1218241320274864,0.0
analytic_multi,140,1–<5%,0.01,0.02,20,0.0,3.0,0.12491231180163112,0.0
analytic_multi,140,1–<5%,0.01,0.05,20,0.0,3.0,0.12491231180163112,0.0
analytic_multi,140,1–<5%,0.05,0.02,20,0.0,2.45,0.12686964735558798,0.0
analytic_multi,140,1–<5%,0.05,0.05,20,0.0,3.0,0.12686964735558798,0.0
analytic_multi,149,<1%,0.0,0.02,1,0.0,2.0,0.11148917700436828,0.0
analytic_multi,149,<1%,0.0,0.05,1,0.0,2.0,0.11148917700436828,0.0
analytic_multi,149,<1%,0.01,0.02,20,0.0,2.3,0.13096765565547294,0.0
analytic_multi,149,<1%,0.01,0.05,20,0.0,2.5,0.13096765565547294,0.0
analytic_multi,149,<1%,0.05,0.02,20,0.0,2.4,0.14455699353363308,0.0
analytic_multi,149,<1%,0.05,0.05,20,0.0,2.65,0.14455699353363308,0.0
analytic_multi,154,≥10%,0.0,0.02,1,1.0,4.0,0.00027130667388076084,0.0
analytic_multi,154,≥10%,0.0,0.05,1,1.0,4.0,0.00027130667388076084,0.0
analytic_multi,154,≥10%,0.01,0.02,20,1.0,4.0,0.0063537120332640236,0.0
analytic_multi,154,≥10%,0.01,0.05,20,1.0,4.0,0.0063537120332640236,0.0
analytic_multi,154,≥10%,0.05,0.02,20,0.25,2.95,0.0313199168045815,0.0
analytic_multi,154,≥10%,0.05,0.05,20,0.85,3.85,0.0313199168045815,0.0
analytic_multi,165,1–<5%,0.0,0.02,1,1.0,4.0,0.014089705779605683,0.0
analytic_multi,165,1–<5%,0.0,0.05,1,1.0,4.0,0.014089705779605683,0.0
analytic_multi,165,1–<5%,0.01,0.02,20,0.55,3.5,0.02346896310114775,0.0
analytic_multi,165,1–<5%,0.01,0.05,20,0.95,3.95,0.02346896310114775,0.0
analytic_multi,165,1–<5%,0.05,0.02,20,0.0,2.6,0.1079741462268617,0.0
analytic_multi,165,1–<5%,0.05,0.05,20,0.2,3.15,0.1079741462268617,0.0
analytic_multi,174,<1%,0.0,0.02,1,0.0,3.0,0.07519455678146433,0.0
analytic_multi,174,<1%,0.0,0.05,1,0.0,3.0,0.07519455678146433,0.0
analytic_multi,174,<1%,0.01,0.02,20,0.0,3.0,0.07560317123545773,0.0
analytic_multi,174,<1%,0.01,0.05,20,0.0,3.0,0.07560317123545773,0.0
analytic_multi,174,<1%,0.05,0.02,20,0.0,2.3,0.07841955139847166,0.0
analytic_multi,174,<1%,0.05,0.05,20,0.0,2.9,0.07841955139847166,0.0
analytic_multi,185,<1%,0.0,0.02,1,0.0,3.0,0.023744447183657626,0.0
analytic_multi,185,<1%,0.0,0.05,1,1.0,4.0,0.023744447183657626,0.0
analytic_multi,185,<1%,0.01,0.02,20,0.2,2.6,0.1006804596594056,0.0
analytic_multi,185,<1%,0.01,0.05,20,0.7,3.3,0.1006804596594056,0.0
analytic_multi,185,<1%,0.05,0.02,20,0.0,1.4,0.27471757739125124,0.0
analytic_multi,185,<1%,0.05,0.05,20,0.15,2.2,0.27471757739125124,0.0
analytic_multi,186,1–<5%,0.0,0.02,1,0.0,3.0,0.2990534412307843,0.0
analytic_multi,186,1–<5%,0.0,0.05,1,0.0,3.0,0.2990534412307843,0.0
analytic_multi,186,1–<5%,0.01,0.02,20,0.0,2.55,0.2895593884678115,0.0
analytic_multi,186,1–<5%,0.01,0.05,20,0.0,2.55,0.2895593884678115,0.0
analytic_multi,186,1–<5%,0.05,0.02,20,0.0,2.05,0.2915773273240091,0.0
analytic_multi,186,1–<5%,0.05,0.05,20,0.0,2.25,0.2915773273240091,0.0
analytic_multi,187,1–<5%,0.0,0.02,1,0.0,3.0,0.21290691756377073,0.0
analytic_multi,187,1–<5%,0.0,0.05,1,0.0,3.0,0.21290691756377073,0.0
analytic_multi,187,1–<5%,0.01,0.02,20,0.0,3.0,0.21604525857390472,0.0
analytic_multi,187,1–<5%,0.01,0.05,20,0.0,3.0,0.21604525857390472,0.0
analytic_multi,187,1–<5%,0.05,0.02,20,0.0,2.2,0.2200386547187961,0.0
analytic_multi,187,1–<5%,0.05,0.05,20,0.0,2.85,0.2200386547187961,0.0
analytic_multi,236,≥10%,0.0,0.02,1,1.0,4.0,0.0004712700794537519,0.0
analytic_multi,236,≥10%,0.0,0.05,1,1.0,4.0,0.0004712700794537519,0.0
analytic_multi,236,≥10%,0.01,0.02,20,1.0,4.0,0.0058084443015774066,0.0
analytic_multi,236,≥10%,0.01,0.05,20,1.0,4.0,0.0058084443015774066,0.0
analytic_multi,236,≥10%,0.05,0.02,20,0.35,2.95,0.029258371168693436,0.0
analytic_multi,236,≥10%,0.05,0.05,20,0.9,3.9,0.029258371168693436,0.0
analytic_multi,246,≥10%,0.0,0.02,1,1.0,4.0,0.00027940403073633397,0.0
analytic_multi,246,≥10%,0.0,0.05,1,1.0,4.0,0.00027940403073633397,0.0
analytic_multi,246,≥10%,0.01,0.02,20,1.0,4.0,0.004222681294328838,0.0
analytic_multi,246,≥10%,0.01,0.05,20,1.0,4.0,0.004222681294328838,0.0
analytic_multi,246,≥10%,0.05,0.02,20,0.6,3.55,0.0208918914610487,0.0
analytic_multi,246,≥10%,0.05,0.05,20,1.0,4.0,0.0208918914610487,0.0
analytic_multi,248,≥10%,0.0,0.02,1,1.0,4.0,0.00018423884817370134,0.0
analytic_multi,248,≥10%,0.0,0.05,1,1.0,4.0,0.00018423884817370134,0.0
analytic_multi,248,≥10%,0.01,0.02,20,1.0,4.0,0.004173500600505894,0.0
analytic_multi,248,≥10%,0.01,0.05,20,1.0,4.0,0.004173500600505894,0.0
analytic_multi,248,≥10%,0.05,0.02,20,0.65,3.5,0.020799809764183583,0.0
analytic_multi,248,≥10%,0.05,0.05,20,0.95,3.95,0.020799809764183583,0.0
analytic_multi,250,≥10%,0.0,0.02,1,1.0,4.0,0.0004739331516158689,0.0
analytic_multi,250,≥10%,0.0,0.05,1,1.0,4.0,0.0004739331516158689,0.0
analytic_multi,250,≥10%,0.01,0.02,20,1.0,4.0,0.0045931166340392685,0.0
analytic_multi,250,≥10%,0.01,0.05,20,1.0,4.0,0.0045931166340392685,0.0
analytic_multi,250,≥10%,0.05,0.02,20,0.55,3.5,0.02223569635073936,0.0
analytic_multi,250,≥10%,0.05,0.05,20,0.95,3.95,0.02223569635073936,0.0
analytic_multi,281,1–<5%,0.0,0.02,1,0.0,2.0,0.0454007725706074,0.0
analytic_multi,281,1–<5%,0.0,0.05,1,1.0,4.0,0.0454007725706074,0.0
analytic_multi,281,1–<5%,0.01,0.02,20,0.4,3.15,0.024061197659759143,0.0
analytic_multi,281,1–<5%,0.01,0.05,20,1.0,4.0,0.024061197659759143,0.0
analytic_multi,281,1–<5%,0.05,0.02,20,0.35,3.15,0.02804487219201134,0.0
analytic_multi,281,1–<5%,0.05,0.05,20,0.9,3.9,0.02804487219201134,0.0
analytic_multi,312,1–<5%,0.0,0.02,1,0.0,2.0,0.12360042119675037,0.0
analytic_multi,312,1–<5%,0.0,0.05,1,0.0,3.0,0.12360042119675037,0.0
analytic_multi,312,1–<5%,0.01,0.02,20,0.0,2.9,0.04571952998104382,0.0
analytic_multi,312,1–<5%,0.01,0.05,20,0.65,3.65,0.04571952998104382,0.0
analytic_multi,312,1–<5%,0.05,0.02,20,0.35,3.15,0.029888925227838453,0.0
analytic_multi,312,1–<5%,0.05,0.05,20,0.85,3.85,0.029888925227838453,0.0
analytic_multi,322,≥10%,0.0,0.02,1,1.0,4.0,0.000252612576839347,0.0
analytic_multi,322,≥10%,0.0,0.05,1,1.0,4.0,0.000252612576839347,0.0
analytic_multi,322,≥10%,0.01,0.02,20,1.0,4.0,0.005946293349772798,0.0
analytic_multi,322,≥10%,0.01,0.05,20,1.0,4.0,0.005946293349772798,0.0
analytic_multi,322,≥10%,0.05,0.02,20,0.3,3.2,0.029857480585186457,0.0
analytic_multi,322,≥10%,0.05,0.05,20,0.9,3.9,0.029857480585186457,0.0
analytic_multi,329,1–<5%,0.0,0.02,1,0.0,2.0,0.19542884154834772,0.0
analytic_multi,329,1–<5%,0.0,0.05,1,0.0,2.0,0.19542884154834772,0.0
analytic_multi,329,1–<5%,0.01,0.02,20,0.0,2.75,0.20152513570965605,0.0
analytic_multi,329,1–<5%,0.01,0.05,20,0.0,3.0,0.20152513570965605,0.0
analytic_multi,329,1–<5%,0.05,0.02,20,0.0,2.85,0.21775799491967787,0.0
analytic_multi,329,1–<5%,0.05,0.05,20,0.0,3.0,0.21775799491967787,0.0
analytic_multi,332,<1%,0.0,0.02,1,0.0,0.0,0.10668618994839763,0.0
analytic_multi,332,<1%,0.0,0.05,1,0.0,3.0,0.10668618994839763,0.0
analytic_multi,332,<1%,0.01,0.02,20,0.0,2.0,0.33393035295149076,0.0
analytic_multi,332,<1%,0.01,0.05,20,0.0,2.5,0.33393035295149076,0.0
analytic_multi,332,<1%,0.05,0.02,20,0.0,2.0,0.33745575787273985,0.0
analytic_multi,332,<1%,0.05,0.05,20,0.0,2.4,0.33745575787273985,0.0
analytic_multi,353,5–<10%,0.0,0.02,1,1.0,4.0,0.00021573700182436233,0.0
analytic_multi,353,5–<10%,0.0,0.05,1,1.0,4.0,0.00021573700182436233,0.0
analytic_multi,353,5–<10%,0.01,0.02,20,1.0,4.0,0.0029179023426747254,0.0
analytic_multi,353,5–<10%,0.01,0.05,20,1.0,4.0,0.0029179023426747254,0.0
analytic_multi,353,5–<10%,0.05,0.02,20,0.75,3.7,0.014665770213516241,0.0
analytic_multi,353,5–<10%,0.05,0.05,20,1.0,4.0,0.014665770213516241,0.0
analytic_multi,363,<1%,0.0,0.02,1,0.0,3.0,0.06105961480911375,0.0
analytic_multi,363,<1%,0.0,0.05,1,0.0,3.0,0.06105961480911375,0.0
analytic_multi,363,<1%,0.01,0.02,20,0.0,3.0,0.0620142258887056,0.0
analytic_multi,363,<1%,0.01,0.05,20,0.0,3.0,0.0620142258887056,0.0
analytic_multi,363,<1%,0.05,0.02,20,0.0,2.25,0.06577577076153011,0.0
analytic_multi,363,<1%,0.05,0.05,20,0.0,2.9,0.06577577076153011,0.0
analytic_multi,364,5–<10%,0.0,0.02,1,1.0,4.0,0.0002435948458160048,0.0
analytic_multi,364,5–<10%,0.0,0.05,1,1.0,4.0,0.0002435948458160048,0.0
analytic_multi,364,5–<10%,0.01,0.02,20,1.0,4.0,0.00488691908141293,0.0
analytic_multi,364,5–<10%,0.01,0.05,20,1.0,4.0,0.00488691908141293,0.0
analytic_multi,364,5–<10%,0.05,0.02,20,0.4,3.2,0.024138405499307465,0.0
analytic_multi,364,5–<10%,0.05,0.05,20,1.0,4.0,0.024138405499307465,0.0
analytic_multi,366,<1%,0.0,0.02,1,0.0,3.0,0.11825493734563794,0.0
analytic_multi,366,<1%,0.0,0.05,1,0.0,3.0,0.11825493734563794,0.0
analytic_multi,366,<1%,0.01,0.02,20,0.0,2.55,0.1370235641094386,0.0
analytic_multi,366,<1%,0.01,0.05,20,0.0,3.0,0.1370235641094386,0.0
analytic_multi,366,<1%,0.05,0.02,20,0.0,1.75,0.3734011709973077,0.0
analytic_multi,366,<1%,0.05,0.05,20,0.0,2.45,0.3734011709973077,0.0
analytic_multi,379,<1%,0.0,0.02,1,0.0,2.0,0.1511437992633657,0.0
analytic_multi,379,<1%,0.0,0.05,1,0.0,3.0,0.1511437992633657,0.0
analytic_multi,379,<1%,0.01,0.02,20,0.0,2.05,0.1804416863217454,0.0
analytic_multi,379,<1%,0.01,0.05,20,0.0,3.0,0.1804416863217454,0.0
analytic_multi,379,<1%,0.05,0.02,20,0.0,2.1,0.2757418746142591,0.0
analytic_multi,379,<1%,0.05,0.05,20,0.0,2.7,0.2757418746142591,0.0
analytic_multi,391,1–<5%,0.0,0.02,1,0.0,3.0,0.16259542815057895,0.0
analytic_multi,391,1–<5%,0.0,0.05,1,0.0,3.0,0.16259542815057895,0.0
analytic_multi,391,1–<5%,0.01,0.02,20,0.0,3.0,0.16351072309639247,0.0
analytic_multi,391,1–<5%,0.01,0.05,20,0.0,3.0,0.16351072309639247,0.0
analytic_multi,391,1–<5%,0.05,0.02,20,0.15,2.9,0.15573936260208587,0.0
analytic_multi,391,1–<5%,0.05,0.05,20,0.25,3.25,0.15573936260208587,0.0
analytic_multi,418,1–<5%,0.0,0.02,1,0.0,3.0,0.09325929937266071,0.0
analytic_multi,418,1–<5%,0.0,0.05,1,0.0,3.0,0.09325929937266071,0.0
analytic_multi,418,1–<5%,0.01,0.02,20,0.0,3.0,0.09327776263571494,0.0
analytic_multi,418,1–<5%,0.01,0.05,20,0.0,3.0,0.09327776263571494,0.0
analytic_multi,418,1–<5%,0.05,0.02,20,0.0,2.25,0.09637008243678316,0.0
analytic_multi,418,1–<5%,0.05,0.05,20,0.0,3.0,0.09637008243678316,0.0
analytic_multi,428,1–<5%,0.0,0.02,1,0.0,0.0,0.28971548913610845,0.0
analytic_multi,428,1–<5%,0.0,0.05,1,0.0,2.0,0.28971548913610845,0.0
analytic_multi,428,1–<5%,0.01,0.02,20,0.0,2.0,0.338750092429312,0.0
analytic_multi,428,1–<5%,0.01,0.05,20,0.0,2.0,0.338750092429312,0.0
analytic_multi,428,1–<5%,0.05,0.02,20,0.0,2.0,0.3439268874405553,0.0
analytic_multi,428,1–<5%,0.05,0.05,20,0.0,2.0,0.3439268874405553,0.0
analytic_multi,434,5–<10%,0.0,0.02,1,1.0,4.0,0.00031249649748415267,0.0
analytic_multi,434,5–<10%,0.0,0.05,1,1.0,4.0,0.00031249649748415267,0.0
analytic_multi,434,5–<10%,0.01,0.02,20,1.0,4.0,0.005023926930626607,0.0
analytic_multi,434,5–<10%,0.01,0.05,20,1.0,4.0,0.005023926930626607,0.0
analytic_multi,434,5–<10%,0.05,0.02,20,0.4,3.15,0.0252313868546049,0.0
analytic_multi,434,5–<10%,0.05,0.05,20,0.85,3.85,0.0252313868546049,0.0
analytic_multi,437,<1%,0.0,0.02,1,0.0,2.0,0.1563652924649333,0.0
analytic_multi,437,<1%,0.0,0.05,1,0.0,2.0,0.1563652924649333,0.0
analytic_multi,437,<1%,0.01,0.02,20,0.0,2.0,0.2048332916276799,0.0
analytic_multi,437,<1%,0.01,0.05,20,0.0,2.0,0.2048332916276799,0.0
analytic_multi,437,<1%,0.05,0.02,20,0.0,1.75,0.2944418048795921,0.0
analytic_multi,437,<1%,0.05,0.05,20,0.0,2.0,0.2944418048795921,0.0
analytic_multi,448,5–<10%,0.0,0.02,1,1.0,4.0,0.0007925148732532271,0.0
analytic_multi,448,5–<10%,0.0,0.05,1,1.0,4.0,0.0007925148732532271,0.0
analytic_multi,448,5–<10%,0.01,0.02,20,1.0,4.0,0.00712133548597772,0.0
analytic_multi,448,5–<10%,0.01,0.05,20,1.0,4.0,0.00712133548597772,0.0
analytic_multi,448,5–<10%,0.05,0.02,20,0.15,2.95,0.03524580677685999,0.0
analytic_multi,448,5–<10%,0.05,0.05,20,0.75,3.75,0.03524580677685999,0.0
analytic_multi,450,5–<10%,0.0,0.02,1,1.0,4.0,0.0003141626489114551,0.0
analytic_multi,450,5–<10%,0.0,0.05,1,1.0,4.0,0.0003141626489114551,0.0
analytic_multi,450,5–<10%,0.01,0.02,20,1.0,4.0,0.004878491554729071,0.0
analytic_multi,450,5–<10%,0.01,0.05,20,1.0,4.0,0.004878491554729071,0.0
analytic_multi,450,5–<10%,0.05,0.02,20,0.45,3.35,0.024113977832374286,0.0
analytic_multi,450,5–<10%,0.05,0.05,20,0.9,3.9,0.024113977832374286,0.0
analytic_multi,456,≥10%,0.0,0.02,1,1.0,4.0,0.0002235067306669193,0.0
analytic_multi,456,≥10%,0.0,0.05,1,1.0,4.0,0.0002235067306669193,0.0
analytic_multi,456,≥10%,0.01,0.02,20,1.0,4.0,0.0043891842561946965,0.0
analytic_multi,456,≥10%,0.01,0.05,20,1.0,4.0,0.0043891842561946965,0.0
analytic_multi,456,≥10%,0.05,0.02,20,0.55,3.45,0.02151783682234664,0.0
analytic_multi,456,≥10%,0.05,0.05,20,0.95,3.95,0.02151783682234664,0.0
analytic_multi,492,5–<10%,0.0,0.02,1,1.0,4.0,0.0005175876233111383,0.0
analytic_multi,492,5–<10%,0.0,0.05,1,1.0,4.0,0.0005175876233111383,0.0
analytic_multi,492,5–<10%,0.01,0.02,20,1.0,4.0,0.004005121508009359,0.0
analytic_multi,492,5–<10%,0.01,0.05,20,1.0,4.0,0.004005121508009359,0.0
analytic_multi,492,5–<10%,0.05,0.02,20,0.5,3.5,0.02019859745030596,0.0
analytic_multi,492,5–<10%,0.05,0.05,20,1.0,4.0,0.02019859745030596,0.0
analytic_multi,494,1–<5%,0.0,0.02,1,0.0,3.0,0.08400109623820164,0.0
analytic_multi,494,1–<5%,0.0,0.05,1,0.0,3.0,0.08400109623820164,0.0
analytic_multi,494,1–<5%,0.01,0.02,20,0.0,2.6,0.288211071944173,0.0
analytic_multi,494,1–<5%,0.01,0.05,20,0.0,2.95,0.288211071944173,0.0
analytic_multi,494,1–<5%,0.05,0.02,20,0.0,2.2,0.27180440226280417,0.0
analytic_multi,494,1–<5%,0.05,0.05,20,0.0,2.45,0.27180440226280417,0.0
analytic_multi,506,5–<10%,0.0,0.02,1,1.0,4.0,0.00029966156129065724,0.0
analytic_multi,506,5–<10%,0.0,0.05,1,1.0,4.0,0.00029966156129065724,0.0
analytic_multi,506,5–<10%,0.01,0.02,20,1.0,4.0,0.006343974020031337,0.0
analytic_multi,506,5–<10%,0.01,0.05,20,1.0,4.0,0.006343974020031337,0.0
analytic_multi,506,5–<10%,0.05,0.02,20,0.45,3.3,0.031265586622207034,0.0
analytic_multi,506,5–<10%,0.05,0.05,20,0.7,3.7,0.031265586622207034,0.0
analytic_multi,531,1–<5%,0.0,0.02,1,0.0,2.0,0.20116861322588486,0.0
analytic_multi,531,1–<5%,0.0,0.05,1,0.0,2.0,0.20116861322588486,0.0
analytic_multi,531,1–<5%,0.01,0.02,20,0.0,2.25,0.2835352618371277,0.0
analytic_multi,531,1–<5%,0.01,0.05,20,0.0,2.6,0.2835352618371277,0.0
analytic_multi,531,1–<5%,0.05,0.02,20,0.0,2.45,0.29651583088042094,0.0
analytic_multi,531,1–<5%,0.05,0.05,20,0.0,2.6,0.29651583088042094,0.0
analytic_multi,532,1–<5%,0.0,0.02,1,0.0,2.0,0.06190063638848818,0.0
analytic_multi,532,1–<5%,0.0,0.05,1,0.0,3.0,0.06190063638848818,0.0
analytic_multi,532,1–<5%,0.01,0.02,20,0.0,2.75,0.06490384044210867,0.0
analytic_multi,532,1–<5%,0.01,0.05,20,0.4,3.4,0.06490384044210867,0.0
analytic_multi,532,1–<5%,0.05,0.02,20,0.0,2.9,0.08323246119464084,0.0
analytic_multi,532,1–<5%,0.05,0.05,20,0.05,3.05,0.08323246119464084,0.0
analytic_multi,536,5–<10%,0.0,0.02,1,1.0,4.0,0.0003265386342114985,0.0
analytic_multi,536,5–<10%,0.0,0.05,1,1.0,4.0,0.0003265386342114985,0.0
analytic_multi,536,5–<10%,0.01,0.02,20,1.0,4.0,0.003478799776235364,0.0
analytic_multi,536,5–<10%,0.01,0.05,20,1.0,4.0,0.003478799776235364,0.0
analytic_multi,536,5–<10%,0.05,0.02,20,0.65,3.55,0.017139818629969557,0.0
analytic_multi,536,5–<10%,0.05,0.05,20,1.0,4.0,0.017139818629969557,0.0
analytic_multi,547,5–<10%,0.0,0.02,1,1.0,4.0,0.000414455672315824,0.0
analytic_multi,547,5–<10%,0.0,0.05,1,1.0,4.0,0.000414455672315824,0.0
analytic_multi,547,5–<10%,0.01,0.02,20,1.0,4.0,0.004413880985887178,0.0
analytic_multi,547,5–<10%,0.01,0.05,20,1.0,4.0,0.004413880985887178,0.0
analytic_multi,547,5–<10%,0.05,0.02,20,0.45,3.4,0.021956325650253756,0.0
analytic_multi,547,5–<10%,0.05,0.05,20,1.0,4.0,0.021956325650253756,0.0
analytic_multi,564,≥10%,0.0,0.02,1,1.0,4.0,0.0002032704699978682,0.0
analytic_multi,564,≥10%,0.0,0.05,1,1.0,4.0,0.0002032704699978682,0.0
analytic_multi,564,≥10%,0.01,0.02,20,1.0,4.0,0.004421782275859968,0.0
analytic_multi,564,≥10%,0.01,0.05,20,1.0,4.0,0.004421782275859968,0.0
analytic_multi,564,≥10%,0.05,0.02,20,0.5,3.4,0.02235674478927057,0.0
analytic_multi,564,≥10%,0.05,0.05,20,1.0,4.0,0.02235674478927057,0.0
analytic_multi,573,1–<5%,0.0,0.02,1,0.0,3.0,0.21664427279504048,0.0
analytic_multi,573,1–<5%,0.0,0.05,1,0.0,3.0,0.21664427279504048,0.0
analytic_multi,573,1–<5%,0.01,0.02,20,0.0,3.0,0.21935862776487736,0.0
analytic_multi,573,1–<5%,0.01,0.05,20,0.0,3.0,0.21935862776487736,0.0
analytic_multi,573,1–<5%,0.05,0.02,20,0.0,2.35,0.22223970535792853,0.0
analytic_multi,573,1–<5%,0.05,0.05,20,0.0,3.0,0.22223970535792853,0.0
analytic_multi,575,5–<10%,0.0,0.02,1,1.0,4.0,0.0003508135139948682,0.0
analytic_multi,575,5–<10%,0.0,0.05,1,1.0,4.0,0.0003508135139948682,0.0
analytic_multi,575,5–<10%,0.01,0.02,20,1.0,4.0,0.003860660479515739,0.0
analytic_multi,575,5–<10%,0.01,0.05,20,1.0,4.0,0.003860660479515739,0.0
analytic_multi,575,5–<10%,0.05,0.02,20,0.55,3.5,0.0190797609353472,0.0
analytic_multi,575,5–<10%,0.05,0.05,20,1.0,4.0,0.0190797609353472,0.0
analytic_multi,579,<1%,0.0,0.02,1,0.0,1.0,0.08920413800368182,0.0
analytic_multi,579,<1%,0.0,0.05,1,0.0,2.0,0.08920413800368182,0.0
analytic_multi,579,<1%,0.01,0.02,20,0.5,3.45,0.023082109726728674,0.0
analytic_multi,579,<1%,0.01,0.05,20,1.0,4.0,0.023082109726728674,0.0
analytic_multi,579,<1%,0.05,0.02,20,0.75,3.65,0.016811555826618994,0.0
analytic_multi,579,<1%,0.05,0.05,20,1.0,4.0,0.016811555826618994,0.0
analytic_multi,591,≥10%,0.0,0.02,1,1.0,4.0,0.00024194789999619677,0.0
analytic_multi,591,≥10%,0.0,0.05,1,1.0,4.0,0.00024194789999619677,0.0
analytic_multi,591,≥10%,0.01,0.02,20,1.0,4.0,0.00538809882143986,0.0
analytic_multi,591,≥10%,0.01,0.05,20,1.0,4.0,0.00538809882143986,0.0
analytic_multi,591,≥10%,0.05,0.02,20,0.35,2.9,0.026967008244649572,0.0
analytic_multi,591,≥10%,0.05,0.05,20,0.95,3.95,0.026967008244649572,0.0
analytic_multi,601,5–<10%,0.0,0.02,1,1.0,4.0,0.0004301505866706575,0.0
analytic_multi,601,5–<10%,0.0,0.05,1,1.0,4.0,0.0004301505866706575,0.0
analytic_multi,601,5–<10%,0.01,0.02,20,1.0,4.0,0.004207408003334319,0.0
analytic_multi,601,5–<10%,0.01,0.05,20,1.0,4.0,0.004207408003334319,0.0
analytic_multi,601,5–<10%,0.05,0.02,20,0.5,3.4,0.020798938777905764,0.0
analytic_multi,601,5–<10%,0.05,0.05,20,0.95,3.95,0.020798938777905764,0.0
analytic_multi,606,<1%,0.0,0.02,1,0.0,3.0,0.23630328936142364,0.0
analytic_multi,606,<1%,0.0,0.05,1,0.0,3.0,0.23630328936142364,0.0
analytic_multi,606,<1%,0.01,0.02,20,0.0,2.95,0.2348298292266171,0.0
analytic_multi,606,<1%,0.01,0.05,20,0.0,2.95,0.2348298292266171,0.0
analytic_multi,606,<1%,0.05,0.02,20,0.0,2.25,0.21499571653742183,0.0
analytic_multi,606,<1%,0.05,0.05,20,0.0,2.5,0.21499571653742183,0.0
analytic_multi,607,1–<5%,0.0,0.02,1,0.0,3.0,0.14802972338190137,0.0
analytic_multi,607,1–<5%,0.0,0.05,1,0.0,3.0,0.14802972338190137,0.0
analytic_multi,607,1–<5%,0.01,0.02,20,0.0,2.75,0.14816072423179055,0.0
analytic_multi,607,1–<5%,0.01,0.05,20,0.0,3.0,0.14816072423179055,0.0
analytic_multi,607,1–<5%,0.05,0.02,20,0.0,2.1,0.2580976183057007,0.0
analytic_multi,607,1–<5%,0.05,0.05,20,0.0,2.45,0.2580976183057007,0.0
analytic_multi,641,≥10%,0.0,0.02,1,1.0,4.0,0.00017626401197469622,0.0
analytic_multi,641,≥10%,0.0,0.05,1,1.0,4.0,0.00017626401197469622,0.0
analytic_multi,641,≥10%,0.01,0.02,20,0.95,3.95,0.007002749109707743,0.0
analytic_multi,641,≥10%,0.01,0.05,20,1.0,4.0,0.007002749109707743,0.0
analytic_multi,641,≥10%,0.05,0.02,20,0.3,3.1,0.03403148670345648,0.0
analytic_multi,641,≥10%,0.05,0.05,20,0.8,3.8,0.03403148670345648,0.0
analytic_multi,647,<1%,0.0,0.02,1,0.0,2.0,0.16620957546590553,0.0
analytic_multi,647,<1%,0.0,0.05,1,0.0,3.0,0.16620957546590553,0.0
analytic_multi,647,<1%,0.01,0.02,20,0.0,2.0,0.15177093434254338,0.0
analytic_multi,647,<1%,0.01,0.05,20,0.1,2.85,0.15177093434254338,0.0
analytic_multi,647,<1%,0.05,0.02,20,0.0,1.8,0.21425134765954196,0.0
analytic_multi,647,<1%,0.05,0.05,20,0.1,2.6,0.21425134765954196,0.0
analytic_multi,648,5–<10%,0.0,0.02,1,1.0,4.0,0.0006364539777747088,0.0
analytic_multi,648,5–<10%,0.0,0.05,1,1.0,4.0,0.0006364539777747088,0.0
analytic_multi,648,5–<10%,0.01,0.02,20,1.0,4.0,0.00452139057076285,0.0
analytic_multi,648,5–<10%,0.01,0.05,20,1.0,4.0,0.00452139057076285,0.0
analytic_multi,648,5–<10%,0.05,0.02,20,0.55,3.5,0.0222926911518595,0.0
analytic_multi,648,5–<10%,0.05,0.05,20,1.0,4.0,0.0222926911518595,0.0
analytic_multi,660,<1%,0.0,0.02,1,0.0,2.0,0.11390250356758976,0.0
analytic_multi,660,<1%,0.0,0.05,1,0.0,3.0,0.11390250356758976,0.0
analytic_multi,660,<1%,0.01,0.02,20,0.0,2.35,0.11367772988532096,0.0
analytic_multi,660,<1%,0.01,0.05,20,0.0,3.0,0.11367772988532096,0.0
analytic_multi,660,<1%,0.05,0.02,20,0.1,2.6,0.11038170636945424,0.0
analytic_multi,660,<1%,0.05,0.05,20,0.25,3.15,0.11038170636945424,0.0
analytic_multi,690,<1%,0.0,0.02,1,0.0,3.0,0.06687949868089284,0.0
analytic_multi,690,<1%,0.0,0.05,1,0.0,3.0,0.06687949868089284,0.0
analytic_multi,690,<1%,0.01,0.02,20,0.0,2.6,0.11031817782470132,0.0
analytic_multi,690,<1%,0.01,0.05,20,0.0,2.65,0.11031817782470132,0.0
analytic_multi,690,<1%,0.05,0.02,20,0.0,2.25,0.19018631318088058,0.0
analytic_multi,690,<1%,0.05,0.05,20,0.0,2.65,0.19018631318088058,0.0
analytic_multi,710,<1%,0.0,0.02,1,0.0,3.0,0.25401741925739413,0.0
analytic_multi,710,<1%,0.0,0.05,1,0.0,3.0,0.25401741925739413,0.0
analytic_multi,710,<1%,0.01,0.02,20,0.0,2.4,0.2543592050007138,0.0
analytic_multi,710,<1%,0.01,0.05,20,0.0,2.95,0.2543592050007138,0.0
analytic_multi,710,<1%,0.05,0.02,20,0.25,2.8,0.14865558228631492,0.0
analytic_multi,710,<1%,0.05,0.05,20,0.45,3.45,0.14865558228631492,0.0
analytic_multi,712,5–<10%,0.0,0.02,1,1.0,4.0,0.000396533640557757,0.0
analytic_multi,712,5–<10%,0.0,0.05,1,1.0,4.0,0.000396533640557757,0.0
analytic_multi,712,5–<10%,0.01,0.02,20,1.0,4.0,0.004397031721082162,0.0
analytic_multi,712,5–<10%,0.01,0.05,20,1.0,4.0,0.004397031721082162,0.0
analytic_multi,712,5–<10%,0.05,0.02,20,0.55,3.55,0.0218124750995835,0.0
analytic_multi,712,5–<10%,0.05,0.05,20,0.95,3.95,0.0218124750995835,0.0
analytic_multi,722,<1%,0.0,0.02,1,0.0,2.0,0.03514747296299303,0.0
analytic_multi,722,<1%,0.0,0.05,1,1.0,4.0,0.03514747296299303,0.0
analytic_multi,722,<1%,0.01,0.02,20,0.0,2.4,0.038148326832856835,0.0
analytic_multi,722,<1%,0.01,0.05,20,0.95,3.95,0.038148326832856835,0.0
analytic_multi,722,<1%,0.05,0.02,20,0.25,3.0,0.050057969781869084,0.0
analytic_multi,722,<1%,0.05,0.05,20,0.65,3.6,0.050057969781869084,0.0
analytic_multi,731,<1%,0.0,0.02,1,0.0,3.0,0.07037133414299833,0.0
analytic_multi,731,<1%,0.0,0.05,1,0.0,3.0,0.07037133414299833,0.0
analytic_multi,731,<1%,0.01,0.02,20,0.0,3.0,0.07109740508883051,0.0
analytic_multi,731,<1%,0.01,0.05,20,0.0,3.0,0.07109740508883051,0.0
analytic_multi,731,<1%,0.05,0.02,20,0.0,2.55,0.07451350618219488,0.0
analytic_multi,731,<1%,0.05,0.05,20,0.0,2.9,0.07451350618219488,0.0
analytic_multi,749,<1%,0.0,0.02,1,0.0,3.0,0.07732040868769181,0.0
analytic_multi,749,<1%,0.0,0.05,1,0.0,3.0,0.07732040868769181,0.0
analytic_multi,749,<1%,0.01,0.02,20,0.0,2.45,0.07716735809612577,0.0
analytic_multi,749,<1%,0.01,0.05,20,0.0,3.0,0.07716735809612577,0.0
analytic_multi,749,<1%,0.05,0.02,20,0.0,1.65,0.3550050895122389,0.0
analytic_multi,749,<1%,0.05,0.05,20,0.0,2.15,0.3550050895122389,0.0
analytic_multi,776,5–<10%,0.0,0.02,1,1.0,4.0,0.00038782446292108075,0.0
analytic_multi,776,5–<10%,0.0,0.05,1,1.0,4.0,0.00038782446292108075,0.0
analytic_multi,776,5–<10%,0.01,0.02,20,1.0,4.0,0.005986106615057505,0.0
analytic_multi,776,5–<10%,0.01,0.05,20,1.0,4.0,0.005986106615057505,0.0
analytic_multi,776,5–<10%,0.05,0.02,20,0.25,2.85,0.030649640730789362,0.0
analytic_multi,776,5–<10%,0.05,0.05,20,0.9,3.9,0.030649640730789362,0.0
analytic_multi,777,1–<5%,0.0,0.02,1,0.0,3.0,0.2353786271049167,0.0
analytic_multi,777,1–<5%,0.0,0.05,1,0.0,3.0,0.2353786271049167,0.0
analytic_multi,777,1–<5%,0.01,0.02,20,0.0,2.95,0.23061628733757641,0.0
analytic_multi,777,1–<5%,0.01,0.05,20,0.0,3.0,0.23061628733757641,0.0
analytic_multi,777,1–<5%,0.05,0.02,20,0.0,2.45,0.23365160472699292,0.0
analytic_multi,777,1–<5%,0.05,0.05,20,0.0,3.0,0.23365160472699292,0.0
analytic_multi,784,5–<10%,0.0,0.02,1,1.0,4.0,0.00018709802655149754,0.0
analytic_multi,784,5–<10%,0.0,0.05,1,1.0,4.0,0.00018709802655149754,0.0
analytic_multi,784,5–<10%,0.01,0.02,20,1.0,4.0,0.002566413232734204,0.0
analytic_multi,784,5–<10%,0.01,0.05,20,1.0,4.0,0.002566413232734204,0.0
analytic_multi,784,5–<10%,0.05,0.02,20,0.75,3.7,0.01256918706262758,0.0
analytic_multi,784,5–<10%,0.05,0.05,20,1.0,4.0,0.01256918706262758,0.0
analytic_multi,789,5–<10%,0.0,0.02,1,1.0,4.0,0.0002198022789698152,0.0
analytic_multi,789,5–<10%,0.0,0.05,1,1.0,4.0,0.0002198022789698152,0.0
analytic_multi,789,5–<10%,0.01,0.02,20,1.0,4.0,0.003604444065908425,0.0
analytic_multi,789,5–<10%,0.01,0.05,20,1.0,4.0,0.003604444065908425,0.0
analytic_multi,789,5–<10%,0.05,0.02,20,0.6,3.55,0.018188113944074137,0.0
analytic_multi,789,5–<10%,0.05,0.05,20,1.0,4.0,0.018188113944074137,0.0
analytic_multi,792,5–<10%,0.0,0.02,1,1.0,4.0,0.00034520077763043096,0.0
analytic_multi,792,5–<10%,0.0,0.05,1,1.0,4.0,0.00034520077763043096,0.0
analytic_multi,792,5–<10%,0.01,0.02,20,1.0,4.0,0.006242768922913975,0.0
analytic_multi,792,5–<10%,0.01,0.05,20,1.0,4.0,0.006242768922913975,0.0
analytic_multi,792,5–<10%,0.05,0.02,20,0.35,3.1,0.031152265415990272,0.0
analytic_multi,792,5–<10%,0.05,0.05,20,0.85,3.85,0.031152265415990272,0.0
analytic_multi,797,1–<5%,0.0,0.02,1,0.0,2.0,0.09682133465475123,0.0
analytic_multi,797,1–<5%,0.0,0.05,1,0.0,3.0,0.09682133465475123,0.0
analytic_multi,797,1–<5%,0.01,0.02,20,0.3,2.95,0.026655717381342908,0.0
analytic_multi,797,1–<5%,0.01,0.05,20,1.0,4.0,0.026655717381342908,0.0
analytic_multi,797,1–<5%,0.05,0.02,20,0.5,3.2,0.027929793285226816,0.0
analytic_multi,797,1–<5%,0.05,0.05,20,0.85,3.8,0.027929793285226816,0.0
analytic_multi,804,≥10%,0.0,0.02,1,1.0,4.0,0.00012361709469888252,0.0
analytic_multi,804,≥10%,0.0,0.05,1,1.0,4.0,0.00012361709469888252,0.0
analytic_multi,804,≥10%,0.01,0.02,20,1.0,4.0,0.003918531173811806,0.0
analytic_multi,804,≥10%,0.01,0.05,20,1.0,4.0,0.003918531173811806,0.0
analytic_multi,804,≥10%,0.05,0.02,20,0.55,3.4,0.01927672586091688,0.0
analytic_multi,804,≥10%,0.05,0.05,20,1.0,4.0,0.01927672586091688,0.0
analytic_multi,815,<1%,0.0,0.02,1,0.0,3.0,0.0885678704791926,0.0
analytic_multi,815,<1%,0.0,0.05,1,0.0,3.0,0.0885678704791926,0.0
analytic_multi,815,<1%,0.01,0.02,20,0.0,3.0,0.08809896239544199,0.0
analytic_multi,815,<1%,0.01,0.05,20,0.0,3.0,0.08809896239544199,0.0
analytic_multi,815,<1%,0.05,0.02,20,0.0,2.45,0.14041528598574787,0.0
analytic_multi,815,<1%,0.05,0.05,20,0.0,3.0,0.14041528598574787,0.0
analytic_multi,820,<1%,0.0,0.02,1,0.0,2.0,0.1491826652861533,0.0
analytic_multi,820,<1%,0.0,0.05,1,0.0,3.0,0.1491826652861533,0.0
analytic_multi,820,<1%,0.01,0.02,20,0.0,2.3,0.15410380814956115,0.0
analytic_multi,820,<1%,0.01,0.05,20,0.0,3.0,0.15410380814956115,0.0
analytic_multi,820,<1%,0.05,0.02,20,0.0,1.85,0.15923273501848412,0.0
analytic_multi,820,<1%,0.05,0.05,20,0.0,3.0,0.15923273501848412,0.0
analytic_multi,822,5–<10%,0.0,0.02,1,1.0,4.0,0.00022924457457438785,0.0
analytic_multi,822,5–<10%,0.0,0.05,1,1.0,4.0,0.00022924457457438785,0.0
analytic_multi,822,5–<10%,0.01,0.02,20,1.0,4.0,0.004213824756381708,0.0
analytic_multi,822,5–<10%,0.01,0.05,20,1.0,4.0,0.004213824756381708,0.0
analytic_multi,822,5–<10%,0.05,0.02,20,0.55,3.55,0.0207367703564179,0.0
analytic_multi,822,5–<10%,0.05,0.05,20,1.0,4.0,0.0207367703564179,0.0
analytic_multi,841,≥10%,0.0,0.02,1,1.0,4.0,0.00021454107363306265,0.0
analytic_multi,841,≥10%,0.0,0.05,1,1.0,4.0,0.00021454107363306265,0.0
analytic_multi,841,≥10%,0.01,0.02,20,1.0,4.0,0.004534442789858608,0.0
analytic_multi,841,≥10%,0.01,0.05,20,1.0,4.0,0.004534442789858608,0.0
analytic_multi,841,≥10%,0.05,0.02,20,0.5,3.45,0.022657364710426044,0.0
analytic_multi,841,≥10%,0.05,0.05,20,0.95,3.95,0.022657364710426044,0.0
analytic_multi,851,1–<5%,0.0,0.02,1,0.0,3.0,0.0860413638999843,0.0
analytic_multi,851,1–<5%,0.0,0.05,1,0.0,3.0,0.0860413638999843,0.0
analytic_multi,851,1–<5%,0.01,0.02,20,0.0,3.0,0.08624514021587382,0.0
analytic_multi,851,1–<5%,0.01,0.05,20,0.0,3.0,0.08624514021587382,0.0
analytic_multi,851,1–<5%,0.05,0.02,20,0.0,2.55,0.0891367319485567,0.0
analytic_multi,851,1–<5%,0.05,0.05,20,0.0,2.95,0.0891367319485567,0.0
analytic_multi,870,≥10%,0.0,0.02,1,1.0,4.0,0.00018922240580574733,0.0
analytic_multi,870,≥10%,0.0,0.05,1,1.0,4.0,0.00018922240580574733,0.0
analytic_multi,870,≥10%,0.01,0.02,20,1.0,4.0,0.003821417462277718,0.0
analytic_multi,870,≥10%,0.01,0.05,20,1.0,4.0,0.003821417462277718,0.0
analytic_multi,870,≥10%,0.05,0.02,20,0.65,3.65,0.018827353103003285,0.0
analytic_multi,870,≥10%,0.05,0.05,20,1.0,4.0,0.018827353103003285,0.0
analytic_multi,877,5–<10%,0.0,0.02,1,1.0,4.0,0.0005924045564813319,0.0
analytic_multi,877,5–<10%,0.0,0.05,1,1.0,4.0,0.0005924045564813319,0.0
analytic_multi,877,5–<10%,0.01,0.02,20,1.0,4.0,0.00562713383547198,0.0
analytic_multi,877,5–<10%,0.01,0.05,20,1.0,4.0,0.00562713383547198,0.0
analytic_multi,877,5–<10%,0.05,0.02,20,0.35,3.3,0.027574263623299095,0.0
analytic_multi,877,5–<10%,0.05,0.05,20,0.9,3.9,0.027574263623299095,0.0
analytic_multi,884,≥10%,0.0,0.02,1,1.0,4.0,0.00012165370887045417,0.0
analytic_multi,884,≥10%,0.0,0.05,1,1.0,4.0,0.00012165370887045417,0.0
analytic_multi,884,≥10%,0.01,0.02,20,1.0,4.0,0.0053414358520531705,0.0
analytic_multi,884,≥10%,0.01,0.05,20,1.0,4.0,0.0053414358520531705,0.0
analytic_multi,884,≥10%,0.05,0.02,20,0.4,3.3,0.027034443040552462,0.0
analytic_multi,884,≥10%,0.05,0.05,20,0.85,3.85,0.027034443040552462,0.0
analytic_multi,887,<1%,0.0,0.02,1,0.0,3.0,0.25352127066868224,0.0
analytic_multi,887,<1%,0.0,0.05,1,0.0,3.0,0.25352127066868224,0.0
analytic_multi,887,<1%,0.01,0.02,20,0.0,2.95,0.2479315992958162,0.0
analytic_multi,887,<1%,0.01,0.05,20,0.0,3.0,0.2479315992958162,0.0
analytic_multi,887,<1%,0.05,0.02,20,0.0,1.5,0.23072239156459454,0.0
analytic_multi,887,<1%,0.05,0.05,20,0.0,2.3,0.23072239156459454,0.0
analytic_multi,888,5–<10%,0.0,0.02,1,1.0,4.0,0.0001975901639845836,0.0
analytic_multi,888,5–<10%,0.0,0.05,1,1.0,4.0,0.0001975901639845836,0.0
analytic_multi,888,5–<10%,0.01,0.02,20,1.0,4.0,0.0036372123890129416,0.0
analytic_multi,888,5–<10%,0.01,0.05,20,1.0,4.0,0.0036372123890129416,0.0
analytic_multi,888,5–<10%,0.05,0.02,20,0.6,3.55,0.018238038557425958,0.0
analytic_multi,888,5–<10%,0.05,0.05,20,0.95,3.95,0.018238038557425958,0.0
analytic_multi,896,≥10%,0.0,0.02,1,1.0,4.0,0.00022310910630630242,0.0
analytic_multi,896,≥10%,0.0,0.05,1,1.0,4.0,0.00022310910630630242,0.0
analytic_multi,896,≥10%,0.01,0.02,20,1.0,4.0,0.005838746017650689,0.0
analytic_multi,896,≥10%,0.01,0.05,20,1.0,4.0,0.005838746017650689,0.0
analytic_multi,896,≥10%,0.05,0.02,20,0.4,3.35,0.029041224390095044,0.0
analytic_multi,896,≥10%,0.05,0.05,20,0.85,3.85,0.029041224390095044,0.0
analytic_multi,899,≥10%,0.0,0.02,1,1.0,4.0,0.0003935507206628766,0.0
analytic_multi,899,≥10%,0.0,0.05,1,1.0,4.0,0.0003935507206628766,0.0
analytic_multi,899,≥10%,0.01,0.02,20,1.0,4.0,0.007085954213985482,0.0
analytic_multi,899,≥10%,0.01,0.05,20,1.0,4.0,0.007085954213985482,0.0
analytic_multi,899,≥10%,0.05,0.02,20,0.3,3.0,0.03553527166110643,0.0
analytic_multi,899,≥10%,0.05,0.05,20,0.75,3.7,0.03553527166110643,0.0
analytic_multi,904,5–<10%,0.0,0.02,1,1.0,4.0,0.0003388621825707733,0.0
analytic_multi,904,5–<10%,0.0,0.05,1,1.0,4.0,0.0003388621825707733,0.0
analytic_multi,904,5–<10%,0.01,0.02,20,0.95,3.95,0.007830912030220693,0.0
analytic_multi,904,5–<10%,0.01,0.05,20,1.0,4.0,0.007830912030220693,0.0
analytic_multi,904,5–<10%,0.05,0.02,20,0.3,2.9,0.03969791016485711,0.0
analytic_multi,904,5–<10%,0.05,0.05,20,0.65,3.65,0.03969791016485711,0.0
analytic_multi,912,1–<5%,0.0,0.02,1,0.0,2.0,0.1457610969495,0.0
analytic_multi,912,1–<5%,0.0,0.05,1,0.0,3.0,0.1457610969495,0.0
analytic_multi,912,1–<5%,0.01,0.02,20,0.0,2.65,0.21197775596045906,0.0
analytic_multi,912,1–<5%,0.01,0.05,20,0.0,3.0,0.21197775596045906,0.0
analytic_multi,912,1–<5%,0.05,0.02,20,0.0,2.0,0.21791678989240185,0.0
analytic_multi,912,1–<5%,0.05,0.05,20,0.05,2.55,0.21791678989240185,0.0
analytic_multi,930,1–<5%,0.0,0.02,1,0.0,3.0,0.19136251444581476,0.0
analytic_multi,930,1–<5%,0.0,0.05,1,0.0,3.0,0.19136251444581476,0.0
analytic_multi,930,1–<5%,0.01,0.02,20,0.0,2.4,0.18570582950192588,0.0
analytic_multi,930,1–<5%,0.01,0.05,20,0.0,3.0,0.18570582950192588,0.0
analytic_multi,930,1–<5%,0.05,0.02,20,0.0,1.75,0.19089424810092553,0.0
analytic_multi,930,1–<5%,0.05,0.05,20,0.0,2.6,0.19089424810092553,0.0
analytic_multi,931,1–<5%,0.0,0.02,1,0.0,1.0,0.18383979836679365,0.0
analytic_multi,931,1–<5%,0.0,0.05,1,0.0,2.0,0.18383979836679365,0.0
analytic_multi,931,1–<5%,0.01,0.02,20,0.15,2.95,0.030857644303176068,0.0
analytic_multi,931,1–<5%,0.01,0.05,20,0.95,3.95,0.030857644303176068,0.0
analytic_multi,931,1–<5%,0.05,0.02,20,0.55,3.4,0.02328561243322556,0.0
analytic_multi,931,1–<5%,0.05,0.05,20,0.9,3.9,0.02328561243322556,0.0
analytic_multi,938,≥10%,0.0,0.02,1,1.0,4.0,0.00025163146397341366,0.0
analytic_multi,938,≥10%,0.0,0.05,1,1.0,4.0,0.00025163146397341366,0.0
analytic_multi,938,≥10%,0.01,0.02,20,1.0,4.0,0.003487422038031723,0.0
analytic_multi,938,≥10%,0.01,0.05,20,1.0,4.0,0.003487422038031723,0.0
analytic_multi,938,≥10%,0.05,0.02,20,0.6,3.6,0.017469418255180218,0.0
analytic_multi,938,≥10%,0.05,0.05,20,1.0,4.0,0.017469418255180218,0.0
analytic_multi,939,1–<5%,0.0,0.02,1,0.0,2.0,0.33937428150538734,0.0
analytic_multi,939,1–<5%,0.0,0.05,1,0.0,2.0,0.33937428150538734,0.0
analytic_multi,939,1–<5%,0.01,0.02,20,0.0,2.45,0.35800235065102715,0.0
analytic_multi,939,1–<5%,0.01,0.05,20,0.0,2.45,0.35800235065102715,0.0
analytic_multi,939,1–<5%,0.05,0.02,20,0.0,2.0,0.362789428488401,0.0
analytic_multi,939,1–<5%,0.05,0.05,20,0.0,2.35,0.362789428488401,0.0
analytic_multi,944,1–<5%,0.0,0.02,1,0.0,1.0,0.2220506323960978,0.0
analytic_multi,944,1–<5%,0.0,0.05,1,0.0,1.0,0.2220506323960978,0.0
analytic_multi,944,1–<5%,0.01,0.02,20,0.1,1.3,0.2002188136716816,0.0
analytic_multi,944,1–<5%,0.01,0.05,20,0.1,1.3,0.2002188136716816,0.0
analytic_multi,944,1–<5%,0.05,0.02,20,0.1,2.3,0.2298065456684451,0.0
analytic_multi,944,1–<5%,0.05,0.05,20,0.25,2.5,0.2298065456684451,0.0
analytic_multi,946,5–<10%,0.0,0.02,1,1.0,4.0,0.00021023588775630756,0.0
analytic_multi,946,5–<10%,0.0,0.05,1,1.0,4.0,0.00021023588775630756,0.0
analytic_multi,946,5–<10%,0.01,0.02,20,1.0,4.0,0.002310405378080977,0.0
analytic_multi,946,5–<10%,0.01,0.05,20,1.0,4.0,0.002310405378080977,0.0
analytic_multi,946,5–<10%,0.05,0.02,20,0.95,3.95,0.011468069869549204,0.0
analytic_multi,946,5–<10%,0.05,0.05,20,1.0,4.0,0.011468069869549204,0.0
analytic_multi,950,1–<5%,0.0,0.02,1,0.0,3.0,0.07421951528392877,0.0
analytic_multi,950,1–<5%,0.0,0.05,1,0.0,3.0,0.07421951528392877,0.0
analytic_multi,950,1–<5%,0.01,0.02,20,0.0,3.0,0.07717826974275561,0.0
analytic_multi,950,1–<5%,0.01,0.05,20,0.0,3.0,0.07717826974275561,0.0
analytic_multi,950,1–<5%,0.05,0.02,20,0.0,1.9,0.0805553053389504,0.0
analytic_multi,950,1–<5%,0.05,0.05,20,0.0,2.85,0.0805553053389504,0.0
analytic_multi,954,<1%,0.0,0.02,1,0.0,0.0,0.3767497042400534,0.0
analytic_multi,954,<1%,0.0,0.05,1,0.0,1.0,0.3767497042400534,0.0
analytic_multi,954,<1%,0.01,0.02,20,0.0,1.95,0.44220490139568536,0.0
analytic_multi,954,<1%,0.01,0.05,20,0.0,2.0,0.44220490139568536,0.0
analytic_multi,954,<1%,0.05,0.02,20,0.0,2.0,0.47423846536586395,0.0
analytic_multi,954,<1%,0.05,0.05,20,0.0,2.0,0.47423846536586395,0.0
analytic_multi,967,≥10%,0.0,0.02,1,1.0,4.0,0.00019704465711445368,0.0
analytic_multi,967,≥10%,0.0,0.05,1,1.0,4.0,0.00019704465711445368,0.0
analytic_multi,967,≥10%,0.01,0.02,20,1.0,4.0,0.0036534534995568317,0.0
analytic_multi,967,≥10%,0.01,0.05,20,1.0,4.0,0.0036534534995568317,0.0
analytic_multi,967,≥10%,0.05,0.02,20,0.65,3.45,0.018114215291470278,0.0
analytic_multi,967,≥10%,0.05,0.05,20,1.0,4.0,0.018114215291470278,0.0
analytic_multi,982,1–<5%,0.0,0.02,1,0.0,3.0,0.2705146169579796,0.0
analytic_multi,982,1–<5%,0.0,0.05,1,0.0,3.0,0.2705146169579796,0.0
analytic_multi,982,1–<5%,0.01,0.02,20,0.0,3.0,0.2673930627798445,0.0
analytic_multi,982,1–<5%,0.01,0.05,20,0.0,3.0,0.2673930627798445,0.0
analytic_multi,982,1–<5%,0.05,0.02,20,0.0,2.05,0.2709805030100525,0.0
analytic_multi,982,1–<5%,0.05,0.05,20,0.0,2.9,0.2709805030100525,0.0
analytic_multi,993,<1%,0.0,0.02,1,0.0,3.0,0.09974607792977196,0.0
analytic_multi,993,<1%,0.0,0.05,1,0.0,3.0,0.09974607792977196,0.0
analytic_multi,993,<1%,0.01,0.02,20,0.0,3.0,0.10045136285237588,0.0
analytic_multi,993,<1%,0.01,0.05,20,0.0,3.0,0.10045136285237588,0.0
analytic_multi,993,<1%,0.05,0.02,20,0.0,2.65,0.10263723548069688,0.0
analytic_multi,993,<1%,0.05,0.05,20,0.0,2.9,0.10263723548069688,0.0
